mode,source_csv,resolution_m,ka_bp,n_cells,area_m2,mean_elevation_m,sd_elevation_m,elevation_m_mean_sd,min_elevation_m,max_elevation_m,mean_soil_depth_m,sd_soil_depth_m,soil_depth_m_mean_sd,min_soil_depth_m,max_soil_depth_m,mean_slope,sd_slope,slope_mean_sd,min_slope,max_slope,mean_npp,sd_npp,npp_mean_sd,min_npp,max_npp,mean_eemt,sd_eemt,eemt_mean_sd,min_eemt,max_eemt,relief_m,dominant_vegetation_code,vegetation_class_richness,vegetation_min_code,vegetation_max_code,vegetation_class_counts,vegetation_nonvegetated_cell_count,vegetation_unclassified_cell_count,vegetation_unclassified_fraction,case,geomorph_dynamic,biome4_variant,jules_pft7_mode,jules_lai_agb_mean_kg_m2,jules_lai_agb_median_kg_m2,jules_lai_agb_p05_kg_m2,jules_lai_agb_p95_kg_m2,jules_lai_agb_max_kg_m2,jules_lai_agb_fc04_mean_kg_m2,legacy_0010_agb_mean_kg_m2,jules_balance_lai_mean,jules_balance_lai_p95,jules_balance_lai_max,jules_pft00_count,jules_pft00_agb_sum_kg_m2_cells,jules_pft00_lai_sum,jules_pft04_count,jules_pft04_agb_sum_kg_m2_cells,jules_pft04_lai_sum,jules_pft05_count,jules_pft05_agb_sum_kg_m2_cells,jules_pft05_lai_sum,jules_pft06_count,jules_pft06_agb_sum_kg_m2_cells,jules_pft06_lai_sum,jules_pft07_count,jules_pft07_agb_sum_kg_m2_cells,jules_pft07_lai_sum,jules_pft10_count,jules_pft10_agb_sum_kg_m2_cells,jules_pft10_lai_sum,geomorph_accepted_substeps_to_next,geomorph_rejected_substeps_to_next,geomorph_rejected_fluvial_trials_to_next,geomorph_min_dt_kyr_to_next,geomorph_max_dt_kyr_to_next,geomorph_fluvial_tolerance_m,geomorph_max_accepted_fluvial_change_m_to_next,scenario
static,model_static/summary_timeseries.csv,20,21.0,298,119200.0,1163.0774822875155,14.20121742195375,1163 ± 14.2,1136.41357421875,1211.7552490234375,1.940387676626244,0.0022496970965876,1.94 ± 0.00225,1.940000057220459,1.9574874639511108,0.3721090606572333,0.227557946985991,0.3721 ± 0.2276,0.0274833136904463,1.5032500055566438,270.0,0.0,270 ± 0,270.0,270.0,54.4341240953279,0.0033940222320541,54.43 ± 0.003394,54.42782974243164,54.43901824951172,75.3416748046875,0,1,0,0,0:298,0,0,0.0,model_static,False,mckenzie2003,BDT,4.7710680065539055,4.748287200927734,4.748287200927734,4.810562133789063,4.810562133789063,5.931431497306797,2.7,2.4373154362416107,2.45,2.45,0,0.0,0.0,0,0.0,0.0,0,0.0,0.0,298,1421.778265953064,726.3199999999999,0,0.0,0.0,0,0.0,0.0,,,,,,,,BDT
static,model_static/summary_timeseries.csv,20,20.9,298,119200.0,1163.0774822875155,14.20121742195375,1163 ± 14.2,1136.41357421875,1211.7552490234375,1.940387676626244,0.0022496970965876,1.94 ± 0.00225,1.940000057220459,1.9574874639511108,0.3721090606572333,0.227557946985991,0.3721 ± 0.2276,0.0274833136904463,1.5032500055566438,284.0,0.0,284 ± 0,284.0,284.0,54.69596354593367,0.0016147713757334,54.7 ± 0.001615,54.69206619262695,54.69884490966797,75.3416748046875,0,1,0,0,0:298,0,0,0.0,model_static,False,mckenzie2003,BDT,4.998849497545486,4.999273777008057,4.999273777008057,4.999273777008057,4.999273777008057,6.217337943911932,2.84,2.50986577181208,2.51,2.51,0,0.0,0.0,0,0.0,0.0,0,0.0,0.0,298,1489.6571502685547,747.9399999999998,0,0.0,0.0,0,0.0,0.0,,,,,,,,BDT
static,model_static/summary_timeseries.csv,20,20.8,298,119200.0,1163.0774822875155,14.20121742195375,1163 ± 14.2,1136.41357421875,1211.7552490234375,1.940387676626244,0.0022496970965876,1.94 ± 0.00225,1.940000057220459,1.9574874639511108,0.3721090606572333,0.227557946985991,0.3721 ± 0.2276,0.0274833136904463,1.5032500055566438,285.8489932885906,0.3580554210156793,285.8 ± 0.3581,285.0,286.0,54.80182807717547,0.0186462158953981,54.8 ± 0.01865,54.7552375793457,54.8132438659668,75.3416748046875,0,1,0,0,0:298,0,0,0.0,model_static,False,mckenzie2003,BDT,4.933486037606361,4.90456485748291,4.90456485748291,4.999273777008057,4.999273777008057,6.135287986545463,2.858489932885906,2.4891610738255032,2.51,2.51,0,0.0,0.0,0,0.0,0.0,0,0.0,0.0,298,1470.1788392066956,741.77,0,0.0,0.0,0,0.0,0.0,,,,,,,,BDT
static,model_static/summary_timeseries.csv,20,20.7,298,119200.0,1163.0774822875155,14.20121742195375,1163 ± 14.2,1136.41357421875,1211.7552490234375,1.940387676626244,0.0022496970965876,1.94 ± 0.00225,1.940000057220459,1.9574874639511108,0.3721090606572333,0.227557946985991,0.3721 ± 0.2276,0.0274833136904463,1.5032500055566438,282.3288590604027,0.4697986577181208,282.3 ± 0.4698,282.0,283.0,55.82393170043126,0.0204174134320504,55.82 ± 0.02042,55.8046760559082,55.85511016845703,75.3416748046875,0,1,0,0,0:298,0,0,0.0,model_static,False,mckenzie2003,BDT,4.951235566363239,4.936056137084961,4.90456485748291,4.999273777008057,4.999273777008057,6.1575678358992905,2.823288590604027,2.494798657718121,2.51,2.51,0,0.0,0.0,0,0.0,0.0,0,0.0,0.0,298,1475.4681987762451,743.45,0,0.0,0.0,0,0.0,0.0,,,,,,,,BDT
static,model_static/summary_timeseries.csv,20,20.6,298,119200.0,1163.0774822875155,14.20121742195375,1163 ± 14.2,1136.41357421875,1211.7552490234375,1.940387676626244,0.0022496970965876,1.94 ± 0.00225,1.940000057220459,1.9574874639511108,0.3721090606572333,0.227557946985991,0.3721 ± 0.2276,0.0274833136904463,1.5032500055566438,285.0,0.0,285 ± 0,285.0,285.0,55.60274312320172,0.0013309327213762,55.6 ± 0.001331,55.59366226196289,55.604713439941406,75.3416748046875,0,1,0,0,0:298,0,0,0.0,model_static,False,mckenzie2003,BDT,4.929839430239377,4.936056137084961,4.90456485748291,4.999273777008057,4.999273777008057,6.130709588245295,2.8500000000000005,2.488020134228188,2.51,2.51,0,0.0,0.0,0,0.0,0.0,0,0.0,0.0,298,1469.0921502113342,741.4300000000001,0,0.0,0.0,0,0.0,0.0,,,,,,,,BDT
static,model_static/summary_timeseries.csv,20,20.5,298,119200.0,1163.0774822875155,14.20121742195375,1163 ± 14.2,1136.41357421875,1211.7552490234375,1.940387676626244,0.0022496970965876,1.94 ± 0.00225,1.940000057220459,1.9574874639511108,0.3721090606572333,0.227557946985991,0.3721 ± 0.2276,0.0274833136904463,1.5032500055566438,287.98993288590606,0.0998286898029766,288 ± 0.09983,287.0,288.0,53.000161715001866,0.0051318571289294,53 ± 0.005132,52.950984954833984,53.0036506652832,75.3416748046875,0,1,0,0,0:298,0,0,0.0,model_static,False,mckenzie2003,BDT,5.062804222106934,5.062804222106934,5.062804222106934,5.062804222106934,5.062804222106934,6.297626965999241,2.87989932885906,2.53,2.53,2.53,0,0.0,0.0,0,0.0,0.0,0,0.0,0.0,298,1508.7156581878662,753.94,0,0.0,0.0,0,0.0,0.0,,,,,,,,BDT
static,model_static/summary_timeseries.csv,20,20.4,298,119200.0,1163.0774822875155,14.20121742195375,1163 ± 14.2,1136.41357421875,1211.7552490234375,1.940387676626244,0.0022496970965876,1.94 ± 0.00225,1.940000057220459,1.9574874639511108,0.3721090606572333,0.227557946985991,0.3721 ± 0.2276,0.0274833136904463,1.5032500055566438,281.0,0.0,281 ± 0,281.0,281.0,52.76498423326736,0.0029857690889273,52.76 ± 0.002986,52.76165390014648,52.771034240722656,75.3416748046875,0,1,0,0,0:298,0,0,0.0,model_static,False,mckenzie2003,BDT,4.907261285205816,4.936056137084961,4.841817855834961,4.936056137084961,4.936056137084961,6.102369302216148,2.81,2.480838926174497,2.49,2.49,0,0.0,0.0,0,0.0,0.0,0,0.0,0.0,298,1462.363862991333,739.2900000000001,0,0.0,0.0,0,0.0,0.0,,,,,,,,BDT
static,model_static/summary_timeseries.csv,20,20.3,298,119200.0,1163.0774822875155,14.20121742195375,1163 ± 14.2,1136.41357421875,1211.7552490234375,1.940387676626244,0.0022496970965876,1.94 ± 0.00225,1.940000057220459,1.9574874639511108,0.3721090606572333,0.227557946985991,0.3721 ± 0.2276,0.0274833136904463,1.5032500055566438,284.0,0.0,284 ± 0,284.0,284.0,54.54056342976205,0.0058339007013942,54.54 ± 0.005834,54.52579498291016,54.5452995300293,75.3416748046875,0,1,0,0,0:298,0,0,0.0,model_static,False,mckenzie2003,BDT,4.853382475424133,4.810562133789063,4.810562133789063,4.999273777008057,4.999273777008057,6.034745080415718,2.84,2.463624161073825,2.51,2.51,0,0.0,0.0,0,0.0,0.0,0,0.0,0.0,298,1446.3079776763916,734.16,0,0.0,0.0,0,0.0,0.0,,,,,,,,BDT
static,model_static/summary_timeseries.csv,20,20.2,298,119200.0,1163.0774822875155,14.20121742195375,1163 ± 14.2,1136.41357421875,1211.7552490234375,1.940387676626244,0.0022496970965876,1.94 ± 0.00225,1.940000057220459,1.9574874639511108,0.3721090606572333,0.227557946985991,0.3721 ± 0.2276,0.0274833136904463,1.5032500055566438,284.0,0.0,284 ± 0,284.0,284.0,53.613964349631495,0.0015885004012996,53.61 ± 0.001589,53.6090087890625,53.616798400878906,75.3416748046875,0,1,0,0,0:298,0,0,0.0,model_static,False,mckenzie2003,BDT,4.999061637276771,4.999273777008057,4.999273777008057,4.999273777008057,4.999273777008057,6.2176042454068,2.84,2.50993288590604,2.51,2.51,0,0.0,0.0,0,0.0,0.0,0,0.0,0.0,298,1489.7203679084778,747.9599999999998,0,0.0,0.0,0,0.0,0.0,,,,,,,,BDT
static,model_static/summary_timeseries.csv,20,20.1,298,119200.0,1163.0774822875155,14.20121742195375,1163 ± 14.2,1136.41357421875,1211.7552490234375,1.940387676626244,0.0022496970965876,1.94 ± 0.00225,1.940000057220459,1.9574874639511108,0.3721090606572333,0.227557946985991,0.3721 ± 0.2276,0.0274833136904463,1.5032500055566438,291.0,0.0,291 ± 0,291.0,291.0,57.57706256840853,0.0015332029326696,57.58 ± 0.001533,57.57209777832031,57.57999801635742,75.3416748046875,0,1,0,0,0:298,0,0,0.0,model_static,False,mckenzie2003,BDT,5.06259103269385,5.062804222106934,5.062804222106934,5.062804222106934,5.062804222106934,6.297359327008981,2.91,2.52993288590604,2.53,2.53,0,0.0,0.0,0,0.0,0.0,0,0.0,0.0,298,1508.652127742767,753.92,0,0.0,0.0,0,0.0,0.0,,,,,,,,BDT
static,model_static/summary_timeseries.csv,20,20.0,298,119200.0,1163.0774822875155,14.20121742195375,1163 ± 14.2,1136.41357421875,1211.7552490234375,1.940387676626244,0.0022496970965876,1.94 ± 0.00225,1.940000057220459,1.9574874639511108,0.3721090606572333,0.227557946985991,0.3721 ± 0.2276,0.0274833136904463,1.5032500055566438,293.0,0.0,293 ± 0,293.0,293.0,56.32850776262731,0.0009296688576866,56.33 ± 0.0009297,56.32661819458008,56.33053588867188,75.3416748046875,0,1,0,0,0:298,0,0,0.0,model_static,False,mckenzie2003,BDT,5.065077797678493,5.062804222106934,4.999273777008057,5.094686031341553,5.094686031341553,6.300482052479329,2.93,2.530704697986577,2.54,2.54,0,0.0,0.0,0,0.0,0.0,0,0.0,0.0,298,1509.393183708191,754.15,0,0.0,0.0,0,0.0,0.0,,,,,,,,BDT
static,model_static/summary_timeseries.csv,20,19.9,298,119200.0,1163.0774822875155,14.20121742195375,1163 ± 14.2,1136.41357421875,1211.7552490234375,1.940387676626244,0.0022496970965876,1.94 ± 0.00225,1.940000057220459,1.9574874639511108,0.3721090606572333,0.227557946985991,0.3721 ± 0.2276,0.0274833136904463,1.5032500055566438,294.4127516778523,0.4923288842658124,294.4 ± 0.4923,294.0,295.0,55.160477042998245,0.0238722506929254,55.16 ± 0.02387,55.13188171386719,55.19028854370117,75.3416748046875,0,1,0,0,0:298,0,0,0.0,model_static,False,mckenzie2003,BDT,5.002291386559506,4.999273777008057,4.936056137084961,5.094686031341553,5.094686031341553,6.221661642210229,2.944127516778524,2.5109060402684564,2.54,2.54,0,0.0,0.0,0,0.0,0.0,0,0.0,0.0,298,1490.682833194733,748.25,0,0.0,0.0,0,0.0,0.0,,,,,,,,BDT
static,model_static/summary_timeseries.csv,20,19.8,298,119200.0,1163.0774822875155,14.20121742195375,1163 ± 14.2,1136.41357421875,1211.7552490234375,1.940387676626244,0.0022496970965876,1.94 ± 0.00225,1.940000057220459,1.9574874639511108,0.3721090606572333,0.227557946985991,0.3721 ± 0.2276,0.0274833136904463,1.5032500055566438,291.0,0.0,291 ± 0,291.0,291.0,57.560314101660815,0.0012894305028946,57.56 ± 0.001289,57.5544548034668,57.56306076049805,75.3416748046875,0,1,0,0,0:298,0,0,0.0,model_static,False,mckenzie2003,BDT,5.054276645583594,5.062804222106934,4.999273777008057,5.062804222106934,5.062804222106934,6.286921406388829,2.91,2.5273154362416106,2.53,2.53,0,0.0,0.0,0,0.0,0.0,0,0.0,0.0,298,1506.1744403839111,753.14,0,0.0,0.0,0,0.0,0.0,,,,,,,,BDT
static,model_static/summary_timeseries.csv,20,19.7,298,119200.0,1163.0774822875155,14.20121742195375,1163 ± 14.2,1136.41357421875,1211.7552490234375,1.940387676626244,0.0022496970965876,1.94 ± 0.00225,1.940000057220459,1.9574874639511108,0.3721090606572333,0.227557946985991,0.3721 ± 0.2276,0.0274833136904463,1.5032500055566438,286.0,0.0,286 ± 0,286.0,286.0,56.821148776368005,0.0028349193426814,56.82 ± 0.002835,56.814937591552734,56.82730865478516,75.3416748046875,0,1,0,0,0:298,0,0,0.0,model_static,False,mckenzie2003,BDT,4.93746462764356,4.936056137084961,4.90456485748291,4.999273777008057,4.999273777008057,6.140281361799612,2.86,2.4904362416107384,2.51,2.51,0,0.0,0.0,0,0.0,0.0,0,0.0,0.0,298,1471.3644590377808,742.1500000000001,0,0.0,0.0,0,0.0,0.0,,,,,,,,BDT
static,model_static/summary_timeseries.csv,20,19.6,298,119200.0,1163.0774822875155,14.20121742195375,1163 ± 14.2,1136.41357421875,1211.7552490234375,1.940387676626244,0.0022496970965876,1.94 ± 0.00225,1.940000057220459,1.9574874639511108,0.3721090606572333,0.227557946985991,0.3721 ± 0.2276,0.0274833136904463,1.5032500055566438,241.0,0.0,241 ± 0,241.0,241.0,51.529473477562,0.0022374719544815,51.53 ± 0.002237,51.50986862182617,51.53253555297852,75.3416748046875,0,1,0,0,0:298,0,0,0.0,model_static,False,mckenzie2003,BDT,4.361160643148742,4.381305694580078,4.321261405944824,4.381305694580078,4.471973896026611,5.417140202977119,2.41,2.3032885906040264,2.31,2.34,0,0.0,0.0,0,0.0,0.0,0,0.0,0.0,298,1299.6258716583252,686.3799999999999,0,0.0,0.0,0,0.0,0.0,,,,,,,,BDT
static,model_static/summary_timeseries.csv,20,19.5,298,119200.0,1163.0774822875155,14.20121742195375,1163 ± 14.2,1136.41357421875,1211.7552490234375,1.940387676626244,0.0022496970965876,1.94 ± 0.00225,1.940000057220459,1.9574874639511108,0.3721090606572333,0.227557946985991,0.3721 ± 0.2276,0.0274833136904463,1.5032500055566438,287.0,0.0,287 ± 0,287.0,287.0,57.01937222320761,0.0031676553954912,57.02 ± 0.003168,57.00796508789063,57.02390670776367,75.3416748046875,0,1,0,0,0:298,0,0,0.0,model_static,False,mckenzie2003,BDT,4.894103994305502,4.90456485748291,4.841817855834961,4.999273777008057,4.999273777008057,6.085854749862489,2.870000000000001,2.4766442953020134,2.51,2.51,0,0.0,0.0,0,0.0,0.0,0,0.0,0.0,298,1458.4429903030396,738.04,0,0.0,0.0,0,0.0,0.0,,,,,,,,BDT
static,model_static/summary_timeseries.csv,20,19.4,298,119200.0,1163.0774822875155,14.20121742195375,1163 ± 14.2,1136.41357421875,1211.7552490234375,1.940387676626244,0.0022496970965876,1.94 ± 0.00225,1.940000057220459,1.9574874639511108,0.3721090606572333,0.227557946985991,0.3721 ± 0.2276,0.0274833136904463,1.5032500055566438,286.0,0.0,286 ± 0,286.0,286.0,54.69555003531027,0.0009170485059634,54.7 ± 0.000917,54.69089126586914,54.69725799560547,75.3416748046875,0,1,0,0,0:298,0,0,0.0,model_static,False,mckenzie2003,BDT,4.956535904199485,4.936056137084961,4.90456485748291,4.999273777008057,4.999273777008057,6.164221351868104,2.86,2.4964765100671142,2.51,2.51,0,0.0,0.0,0,0.0,0.0,0,0.0,0.0,298,1477.0476994514463,743.95,0,0.0,0.0,0,0.0,0.0,,,,,,,,BDT
static,model_static/summary_timeseries.csv,20,19.3,298,119200.0,1163.0774822875155,14.20121742195375,1163 ± 14.2,1136.41357421875,1211.7552490234375,1.940387676626244,0.0022496970965876,1.94 ± 0.00225,1.940000057220459,1.9574874639511108,0.3721090606572333,0.227557946985991,0.3721 ± 0.2276,0.0274833136904463,1.5032500055566438,288.0,0.0,288 ± 0,288.0,288.0,57.69513578222902,0.0018022524318158,57.7 ± 0.001802,57.680755615234375,57.70053482055664,75.3416748046875,0,1,0,0,0:298,0,0,0.0,model_static,False,mckenzie2003,BDT,4.890050139203168,4.90456485748291,4.841817855834961,4.90456485748291,5.062804222106934,6.080765446472332,2.8799999999999994,2.475369127516778,2.48,2.53,0,0.0,0.0,0,0.0,0.0,0,0.0,0.0,298,1457.234941482544,737.6600000000001,0,0.0,0.0,0,0.0,0.0,,,,,,,,BDT
static,model_static/summary_timeseries.csv,20,19.2,298,119200.0,1163.0774822875155,14.20121742195375,1163 ± 14.2,1136.41357421875,1211.7552490234375,1.940387676626244,0.0022496970965876,1.94 ± 0.00225,1.940000057220459,1.9574874639511108,0.3721090606572333,0.227557946985991,0.3721 ± 0.2276,0.0274833136904463,1.5032500055566438,284.0,0.0,284 ± 0,284.0,284.0,56.75148732230167,0.0016461653967957,56.75 ± 0.001646,56.73729705810547,56.75465774536133,75.3416748046875,0,1,0,0,0:298,0,0,0.0,model_static,False,mckenzie2003,BDT,4.843300472169915,4.841817855834961,4.810562133789063,4.841817855834961,4.999273777008057,6.022086706649199,2.84,2.4604697986577184,2.46,2.51,0,0.0,0.0,0,0.0,0.0,0,0.0,0.0,298,1443.3035407066343,733.22,0,0.0,0.0,0,0.0,0.0,,,,,,,,BDT
static,model_static/summary_timeseries.csv,20,19.1,298,119200.0,1163.0774822875155,14.20121742195375,1163 ± 14.2,1136.41357421875,1211.7552490234375,1.940387676626244,0.0022496970965876,1.94 ± 0.00225,1.940000057220459,1.9574874639511108,0.3721090606572333,0.227557946985991,0.3721 ± 0.2276,0.0274833136904463,1.5032500055566438,284.0,0.0,284 ± 0,284.0,284.0,55.58279810655837,0.0073239715591837,55.58 ± 0.007324,55.56858444213867,55.5899658203125,75.3416748046875,0,1,0,0,0:298,0,0,0.0,model_static,False,mckenzie2003,BDT,4.868822104178819,4.810562133789063,4.810562133789063,4.999273777008057,4.999273777008057,6.054125746048298,2.84,2.4685234899328856,2.51,2.51,0,0.0,0.0,0,0.0,0.0,0,0.0,0.0,298,1450.908987045288,735.6199999999999,0,0.0,0.0,0,0.0,0.0,,,,,,,,BDT
static,model_static/summary_timeseries.csv,20,19.0,298,119200.0,1163.0774822875155,14.20121742195375,1163 ± 14.2,1136.41357421875,1211.7552490234375,1.940387676626244,0.0022496970965876,1.94 ± 0.00225,1.940000057220459,1.9574874639511108,0.3721090606572333,0.227557946985991,0.3721 ± 0.2276,0.0274833136904463,1.5032500055566438,285.0,0.0,285 ± 0,285.0,285.0,56.96817111328944,0.001144296730716,56.97 ± 0.001144,56.95905303955078,56.97016143798828,75.3416748046875,0,1,0,0,0:298,0,0,0.0,model_static,False,mckenzie2003,BDT,4.840164200571559,4.841817855834961,4.810562133789063,4.90456485748291,4.90456485748291,6.018150648923165,2.8500000000000005,2.4594630872483223,2.48,2.48,0,0.0,0.0,0,0.0,0.0,0,0.0,0.0,298,1442.3689317703247,732.9200000000001,0,0.0,0.0,0,0.0,0.0,,,,,,,,BDT
static,model_static/summary_timeseries.csv,20,18.9,298,119200.0,1163.0774822875155,14.20121742195375,1163 ± 14.2,1136.41357421875,1211.7552490234375,1.940387676626244,0.0022496970965876,1.94 ± 0.00225,1.940000057220459,1.9574874639511108,0.3721090606572333,0.227557946985991,0.3721 ± 0.2276,0.0274833136904463,1.5032500055566438,279.99328859060404,0.0816478191986338,280 ± 0.08165,279.0,280.0,55.13119012717433,0.0041141589267473,55.13 ± 0.004114,55.08603286743164,55.136417388916016,75.3416748046875,0,1,0,0,0:298,0,0,0.0,model_static,False,mckenzie2003,BDT,4.861209174930649,4.841817855834961,4.810562133789063,4.90456485748291,4.90456485748291,6.044565371431377,2.7999328859060406,2.466174496644296,2.48,2.48,0,0.0,0.0,0,0.0,0.0,0,0.0,0.0,298,1448.6403341293335,734.9200000000001,0,0.0,0.0,0,0.0,0.0,,,,,,,,BDT
static,model_static/summary_timeseries.csv,20,18.8,298,119200.0,1163.0774822875155,14.20121742195375,1163 ± 14.2,1136.41357421875,1211.7552490234375,1.940387676626244,0.0022496970965876,1.94 ± 0.00225,1.940000057220459,1.9574874639511108,0.3721090606572333,0.227557946985991,0.3721 ± 0.2276,0.0274833136904463,1.5032500055566438,282.0,0.0,282 ± 0,282.0,282.0,56.31886758740316,0.0019980284849167,56.32 ± 0.001998,56.31134414672852,56.32077407836914,75.3416748046875,0,1,0,0,0:298,0,0,0.0,model_static,False,mckenzie2003,BDT,4.872144878310645,4.841817855834961,4.841817855834961,4.936056137084961,4.936056137084961,6.058291201098708,2.82,2.469664429530201,2.49,2.49,0,0.0,0.0,0,0.0,0.0,0,0.0,0.0,298,1451.8991737365725,735.96,0,0.0,0.0,0,0.0,0.0,,,,,,,,BDT
static,model_static/summary_timeseries.csv,20,18.7,298,119200.0,1163.0774822875155,14.20121742195375,1163 ± 14.2,1136.41357421875,1211.7552490234375,1.940387676626244,0.0022496970965876,1.94 ± 0.00225,1.940000057220459,1.9574874639511108,0.3721090606572333,0.227557946985991,0.3721 ± 0.2276,0.0274833136904463,1.5032500055566438,281.996644295302,0.0578311675825976,282 ± 0.05783,281.0,282.0,57.41669621563598,0.0031983782055243,57.42 ± 0.003198,57.36689758300781,57.419315338134766,75.3416748046875,0,1,0,0,0:298,0,0,0.0,model_static,False,mckenzie2003,BDT,4.9315120933839935,4.936056137084961,4.90456485748291,4.936056137084961,4.936056137084961,6.132808834331531,2.81996644295302,2.4885570469798663,2.49,2.49,0,0.0,0.0,0,0.0,0.0,0,0.0,0.0,298,1469.5906038284302,741.5900000000001,0,0.0,0.0,0,0.0,0.0,,,,,,,,BDT
static,model_static/summary_timeseries.csv,20,18.6,298,119200.0,1163.0774822875155,14.20121742195375,1163 ± 14.2,1136.41357421875,1211.7552490234375,1.940387676626244,0.0022496970965876,1.94 ± 0.00225,1.940000057220459,1.9574874639511108,0.3721090606572333,0.227557946985991,0.3721 ± 0.2276,0.0274833136904463,1.5032500055566438,280.0,0.0,280 ± 0,280.0,280.0,59.29340018201994,0.0057665690378697,59.29 ± 0.005767,59.28556060791016,59.30112075805664,75.3416748046875,0,1,0,0,0:298,0,0,0.0,model_static,False,mckenzie2003,BDT,4.874992037779533,4.936056137084961,4.810562133789063,4.936056137084961,4.936056137084961,6.061867139340897,2.8000000000000003,2.470536912751678,2.49,2.49,0,0.0,0.0,0,0.0,0.0,0,0.0,0.0,298,1452.7476272583008,736.22,0,0.0,0.0,0,0.0,0.0,,,,,,,,BDT
static,model_static/summary_timeseries.csv,20,18.5,298,119200.0,1163.0774822875155,14.20121742195375,1163 ± 14.2,1136.41357421875,1211.7552490234375,1.940387676626244,0.0022496970965876,1.94 ± 0.00225,1.940000057220459,1.9574874639511108,0.3721090606572333,0.227557946985991,0.3721 ± 0.2276,0.0274833136904463,1.5032500055566438,276.39261744966444,0.4883328658644927,276.4 ± 0.4883,276.0,277.0,58.494966481356016,0.0212503682720993,58.49 ± 0.02125,58.47604370117188,58.523399353027344,75.3416748046875,0,1,0,0,0:298,0,0,0.0,model_static,False,mckenzie2003,BDT,4.768251209451048,4.748287200927734,4.717268466949463,4.810562133789063,4.810562133789063,5.927896461574345,2.763926174496645,2.4364093959731545,2.45,2.45,0,0.0,0.0,0,0.0,0.0,0,0.0,0.0,298,1420.9388604164124,726.0500000000001,0,0.0,0.0,0,0.0,0.0,,,,,,,,BDT
static,model_static/summary_timeseries.csv,20,18.4,298,119200.0,1163.0774822875155,14.20121742195375,1163 ± 14.2,1136.41357421875,1211.7552490234375,1.940387676626244,0.0022496970965876,1.94 ± 0.00225,1.940000057220459,1.9574874639511108,0.3721090606572333,0.227557946985991,0.3721 ± 0.2276,0.0274833136904463,1.5032500055566438,278.0,0.0,278 ± 0,278.0,278.0,58.78113440699225,0.0010883710879877,58.78 ± 0.001088,58.77857208251953,58.78372573852539,75.3416748046875,0,1,0,0,0:298,0,0,0.0,model_static,False,mckenzie2003,BDT,4.893300270874228,4.90456485748291,4.841817855834961,4.90456485748291,4.90456485748291,6.084844643597346,2.780000000000001,2.4764093959731546,2.48,2.48,0,0.0,0.0,0,0.0,0.0,0,0.0,0.0,298,1458.20348072052,737.97,0,0.0,0.0,0,0.0,0.0,,,,,,,,BDT
static,model_static/summary_timeseries.csv,20,18.3,298,119200.0,1163.0774822875155,14.20121742195375,1163 ± 14.2,1136.41357421875,1211.7552490234375,1.940387676626244,0.0022496970965876,1.94 ± 0.00225,1.940000057220459,1.9574874639511108,0.3721090606572333,0.227557946985991,0.3721 ± 0.2276,0.0274833136904463,1.5032500055566438,273.0,0.0,273 ± 0,273.0,273.0,57.180363520679855,0.0009517419748452,57.18 ± 0.0009517,57.17869567871094,57.18233871459961,75.3416748046875,0,1,0,0,0:298,0,0,0.0,model_static,False,mckenzie2003,BDT,4.815825430338815,4.810562133789063,4.748287200927734,4.841817855834961,4.841817855834961,5.987603259087194,2.73,2.451677852348993,2.46,2.46,0,0.0,0.0,0,0.0,0.0,0,0.0,0.0,298,1435.1159782409668,730.5999999999999,0,0.0,0.0,0,0.0,0.0,,,,,,,,BDT
static,model_static/summary_timeseries.csv,20,18.2,298,119200.0,1163.0774822875155,14.20121742195375,1163 ± 14.2,1136.41357421875,1211.7552490234375,1.940387676626244,0.0022496970965876,1.94 ± 0.00225,1.940000057220459,1.9574874639511108,0.3721090606572333,0.227557946985991,0.3721 ± 0.2276,0.0274833136904463,1.5032500055566438,302.0,0.0,302 ± 0,302.0,302.0,63.71099195544352,0.0013758266757773,63.71 ± 0.001376,63.706241607666016,63.71355438232422,75.3416748046875,2,1,2,2,2:298,0,0,0.0,model_static,False,mckenzie2003,BDT,5.158683776855469,5.158683776855469,5.158683776855469,5.158683776855469,5.158683776855469,6.41800661966345,3.02,2.56,2.56,2.56,0,0.0,0.0,0,0.0,0.0,0,0.0,0.0,298,1537.2877655029297,762.88,0,0.0,0.0,0,0.0,0.0,,,,,,,,BDT
static,model_static/summary_timeseries.csv,20,18.1,298,119200.0,1163.0774822875155,14.20121742195375,1163 ± 14.2,1136.41357421875,1211.7552490234375,1.940387676626244,0.0022496970965876,1.94 ± 0.00225,1.940000057220459,1.9574874639511108,0.3721090606572333,0.227557946985991,0.3721 ± 0.2276,0.0274833136904463,1.5032500055566438,336.0,0.0,336 ± 0,336.0,336.0,68.78065168137519,0.0007729778451279,68.78 ± 0.000773,68.77574920654297,68.78216552734375,75.3416748046875,1,1,1,1,1:298,0,0,0.0,model_static,False,mckenzie2003,BDT,5.340587740776523,5.352536678314209,5.287610054016113,5.417771816253662,5.417771816253662,6.646429934525703,3.36,2.616308724832215,2.64,2.64,0,0.0,0.0,0,0.0,0.0,0,0.0,0.0,298,1591.4951467514038,779.6600000000001,0,0.0,0.0,0,0.0,0.0,,,,,,,,BDT
static,model_static/summary_timeseries.csv,20,18.0,298,119200.0,1163.0774822875155,14.20121742195375,1163 ± 14.2,1136.41357421875,1211.7552490234375,1.940387676626244,0.0022496970965876,1.94 ± 0.00225,1.940000057220459,1.9574874639511108,0.3721090606572333,0.227557946985991,0.3721 ± 0.2276,0.0274833136904463,1.5032500055566438,299.0503355704698,0.2186364581108983,299.1 ± 0.2186,299.0,300.0,63.25986566479574,0.0104190525953637,63.26 ± 0.01042,63.25428771972656,63.304725646972656,75.3416748046875,2,1,2,2,2:298,0,0,0.0,model_static,False,mckenzie2003,BDT,5.094472059467495,5.094686031341553,5.094686031341553,5.094686031341553,5.094686031341553,6.337385671244447,2.9905033557046985,2.5399328859060395,2.54,2.54,0,0.0,0.0,0,0.0,0.0,0,0.0,0.0,298,1518.1526737213137,756.8999999999997,0,0.0,0.0,0,0.0,0.0,,,,,,,,BDT
static,model_static/summary_timeseries.csv,20,17.9,298,119200.0,1163.0774822875155,14.20121742195375,1163 ± 14.2,1136.41357421875,1211.7552490234375,1.940387676626244,0.0022496970965876,1.94 ± 0.00225,1.940000057220459,1.9574874639511108,0.3721090606572333,0.227557946985991,0.3721 ± 0.2276,0.0274833136904463,1.5032500055566438,271.0,0.0,271 ± 0,271.0,271.0,55.254335633860336,0.0014217814449091,55.25 ± 0.001422,55.24360656738281,55.25682067871094,75.3416748046875,0,1,0,0,0:298,0,0,0.0,model_static,False,mckenzie2003,BDT,4.737573929281043,4.748287200927734,4.717268466949463,4.748287200927734,4.810562133789063,5.889396868053019,2.7100000000000004,2.426543624161074,2.43,2.45,0,0.0,0.0,0,0.0,0.0,0,0.0,0.0,298,1411.7970309257507,723.1100000000001,0,0.0,0.0,0,0.0,0.0,,,,,,,,BDT
static,model_static/summary_timeseries.csv,20,17.8,298,119200.0,1163.0774822875155,14.20121742195375,1163 ± 14.2,1136.41357421875,1211.7552490234375,1.940387676626244,0.0022496970965876,1.94 ± 0.00225,1.940000057220459,1.9574874639511108,0.3721090606572333,0.227557946985991,0.3721 ± 0.2276,0.0274833136904463,1.5032500055566438,265.51006711409394,0.4998986429405658,265.5 ± 0.4999,265.0,266.0,57.31804799073495,0.0231078387667143,57.32 ± 0.02311,57.29275131225586,57.342716217041016,75.3416748046875,0,1,0,0,0:298,0,0,0.0,model_static,False,mckenzie2003,BDT,4.745789047855659,4.748287200927734,4.717268466949463,4.748287200927734,4.748287200927734,5.899706260775496,2.65510067114094,2.429194630872483,2.43,2.43,0,0.0,0.0,0,0.0,0.0,0,0.0,0.0,298,1414.2451362609863,723.9,0,0.0,0.0,0,0.0,0.0,,,,,,,,BDT
static,model_static/summary_timeseries.csv,20,17.7,298,119200.0,1163.0774822875155,14.20121742195375,1163 ± 14.2,1136.41357421875,1211.7552490234375,1.940387676626244,0.0022496970965876,1.94 ± 0.00225,1.940000057220459,1.9574874639511108,0.3721090606572333,0.227557946985991,0.3721 ± 0.2276,0.0274833136904463,1.5032500055566438,272.0,0.0,272 ± 0,272.0,272.0,53.983259930706666,0.0009784776114791,53.98 ± 0.0009785,53.98141479492188,53.98525238037109,75.3416748046875,0,1,0,0,0:298,0,0,0.0,model_static,False,mckenzie2003,BDT,4.770758924868283,4.748287200927734,4.717268466949463,4.810562133789063,4.810562133789063,5.931043670677213,2.72,2.437214765100671,2.45,2.45,0,0.0,0.0,0,0.0,0.0,0,0.0,0.0,298,1421.6861596107483,726.29,0,0.0,0.0,0,0.0,0.0,,,,,,,,BDT
static,model_static/summary_timeseries.csv,20,17.6,298,119200.0,1163.0774822875155,14.20121742195375,1163 ± 14.2,1136.41357421875,1211.7552490234375,1.940387676626244,0.0022496970965876,1.94 ± 0.00225,1.940000057220459,1.9574874639511108,0.3721090606572333,0.227557946985991,0.3721 ± 0.2276,0.0274833136904463,1.5032500055566438,273.0,0.0,273 ± 0,273.0,273.0,54.822740170779646,0.0040972443165056,54.82 ± 0.004097,54.81665802001953,54.830074310302734,75.3416748046875,0,1,0,0,0:298,0,0,0.0,model_static,False,mckenzie2003,BDT,4.762531056500121,4.748287200927734,4.717268466949463,4.810562133789063,4.810562133789063,5.9207180612033925,2.73,2.434563758389262,2.45,2.45,0,0.0,0.0,0,0.0,0.0,0,0.0,0.0,298,1419.234254837036,725.5,0,0.0,0.0,0,0.0,0.0,,,,,,,,BDT
static,model_static/summary_timeseries.csv,20,17.5,298,119200.0,1163.0774822875155,14.20121742195375,1163 ± 14.2,1136.41357421875,1211.7552490234375,1.940387676626244,0.0022496970965876,1.94 ± 0.00225,1.940000057220459,1.9574874639511108,0.3721090606572333,0.227557946985991,0.3721 ± 0.2276,0.0274833136904463,1.5032500055566438,271.0,0.0,271 ± 0,271.0,271.0,56.10722727423546,0.001299934621276,56.11 ± 0.0013,56.10201644897461,56.10929107666016,75.3416748046875,0,1,0,0,0:298,0,0,0.0,model_static,False,mckenzie2003,BDT,4.686683685187526,4.717268466949463,4.655467987060547,4.717268466949463,4.748287200927734,5.825534965453437,2.7100000000000004,2.41010067114094,2.42,2.43,0,0.0,0.0,0,0.0,0.0,0,0.0,0.0,298,1396.6317381858826,718.21,0,0.0,0.0,0,0.0,0.0,,,,,,,,BDT
static,model_static/summary_timeseries.csv,20,17.4,298,119200.0,1163.0774822875155,14.20121742195375,1163 ± 14.2,1136.41357421875,1211.7552490234375,1.940387676626244,0.0022496970965876,1.94 ± 0.00225,1.940000057220459,1.9574874639511108,0.3721090606572333,0.227557946985991,0.3721 ± 0.2276,0.0274833136904463,1.5032500055566438,271.7013422818792,0.4576694063706672,271.7 ± 0.4577,271.0,272.0,55.53806504627202,0.0204377159222432,55.54 ± 0.02044,55.505279541015625,55.553070068359375,75.3416748046875,0,1,0,0,0:298,0,0,0.0,model_static,False,mckenzie2003,BDT,4.767938940317039,4.748287200927734,4.717268466949463,4.810562133789063,4.810562133789063,5.927504580756923,2.717013422818792,2.4363087248322146,2.45,2.45,0,0.0,0.0,0,0.0,0.0,0,0.0,0.0,298,1420.8458042144775,726.02,0,0.0,0.0,0,0.0,0.0,,,,,,,,BDT
static,model_static/summary_timeseries.csv,20,17.3,298,119200.0,1163.0774822875155,14.20121742195375,1163 ± 14.2,1136.41357421875,1211.7552490234375,1.940387676626244,0.0022496970965876,1.94 ± 0.00225,1.940000057220459,1.9574874639511108,0.3721090606572333,0.227557946985991,0.3721 ± 0.2276,0.0274833136904463,1.5032500055566438,268.9865771812081,0.1150766993253842,269 ± 0.1151,268.0,269.0,57.08220029997346,0.0079600472711207,57.08 ± 0.00796,57.0269775390625,57.08854293823242,75.3416748046875,0,1,0,0,0:298,0,0,0.0,model_static,False,mckenzie2003,BDT,4.743883056128585,4.717268466949463,4.717268466949463,4.810562133789063,4.810562133789063,5.897315575132178,2.689865771812081,2.428557046979866,2.45,2.45,0,0.0,0.0,0,0.0,0.0,0,0.0,0.0,298,1413.6771507263184,723.71,0,0.0,0.0,0,0.0,0.0,,,,,,,,BDT
static,model_static/summary_timeseries.csv,20,17.2,298,119200.0,1163.0774822875155,14.20121742195375,1163 ± 14.2,1136.41357421875,1211.7552490234375,1.940387676626244,0.0022496970965876,1.94 ± 0.00225,1.940000057220459,1.9574874639511108,0.3721090606572333,0.227557946985991,0.3721 ± 0.2276,0.0274833136904463,1.5032500055566438,276.0,0.0,276 ± 0,276.0,276.0,54.77194167783596,0.0029828013589194,54.77 ± 0.002983,54.767608642578125,54.77589416503906,75.3416748046875,0,1,0,0,0:298,0,0,0.0,model_static,False,mckenzie2003,BDT,4.763889000719826,4.748287200927734,4.717268466949463,4.810562133789063,4.810562133789063,5.922422297343327,2.7600000000000007,2.435,2.45,2.45,0,0.0,0.0,0,0.0,0.0,0,0.0,0.0,298,1419.638922214508,725.63,0,0.0,0.0,0,0.0,0.0,,,,,,,,BDT
static,model_static/summary_timeseries.csv,20,17.1,298,119200.0,1163.0774822875155,14.20121742195375,1163 ± 14.2,1136.41357421875,1211.7552490234375,1.940387676626244,0.0022496970965876,1.94 ± 0.00225,1.940000057220459,1.9574874639511108,0.3721090606572333,0.227557946985991,0.3721 ± 0.2276,0.0274833136904463,1.5032500055566438,277.62080536912754,0.4851866267633151,277.6 ± 0.4852,277.0,278.0,57.24214154441885,0.0278545933843373,57.24 ± 0.02785,57.20499801635742,57.273250579833984,75.3416748046875,0,1,0,0,0:298,0,0,0.0,model_static,False,mckenzie2003,BDT,4.839777468034885,4.90456485748291,4.717268466949463,4.90456485748291,4.90456485748291,6.017670170858178,2.776208053691276,2.459261744966443,2.48,2.48,0,0.0,0.0,0,0.0,0.0,0,0.0,0.0,298,1442.2536854743958,732.86,0,0.0,0.0,0,0.0,0.0,,,,,,,,BDT
static,model_static/summary_timeseries.csv,20,17.0,298,119200.0,1163.0774822875155,14.20121742195375,1163 ± 14.2,1136.41357421875,1211.7552490234375,1.940387676626244,0.0022496970965876,1.94 ± 0.00225,1.940000057220459,1.9574874639511108,0.3721090606572333,0.227557946985991,0.3721 ± 0.2276,0.0274833136904463,1.5032500055566438,288.86241610738256,0.3444627194772748,288.9 ± 0.3445,288.0,289.0,60.47845096716145,0.0169357302955702,60.48 ± 0.01694,60.43663024902344,60.49953842163086,75.3416748046875,0,1,0,0,0:298,0,0,0.0,model_static,False,mckenzie2003,BDT,5.015413481117095,5.062804222106934,4.841817855834961,5.062804222106934,5.062804222106934,6.238135250577551,2.888624161073825,2.51503355704698,2.53,2.53,0,0.0,0.0,0,0.0,0.0,0,0.0,0.0,298,1494.5932173728943,749.48,0,0.0,0.0,0,0.0,0.0,,,,,,,,BDT
static,model_static/summary_timeseries.csv,20,16.9,298,119200.0,1163.0774822875155,14.20121742195375,1163 ± 14.2,1136.41357421875,1211.7552490234375,1.940387676626244,0.0022496970965876,1.94 ± 0.00225,1.940000057220459,1.9574874639511108,0.3721090606572333,0.227557946985991,0.3721 ± 0.2276,0.0274833136904463,1.5032500055566438,286.0,0.0,286 ± 0,286.0,286.0,60.4013625279369,0.0017793262927544,60.4 ± 0.001779,60.39753341674805,60.404911041259766,75.3416748046875,0,1,0,0,0:298,0,0,0.0,model_static,False,mckenzie2003,BDT,4.9984252180829145,4.999273777008057,4.999273777008057,4.999273777008057,4.999273777008057,6.216805340922192,2.86,2.5097315436241607,2.51,2.51,0,0.0,0.0,0,0.0,0.0,0,0.0,0.0,298,1489.5307149887085,747.8999999999999,0,0.0,0.0,0,0.0,0.0,,,,,,,,BDT
static,model_static/summary_timeseries.csv,20,16.8,298,119200.0,1163.0774822875155,14.20121742195375,1163 ± 14.2,1136.41357421875,1211.7552490234375,1.940387676626244,0.0022496970965876,1.94 ± 0.00225,1.940000057220459,1.9574874639511108,0.3721090606572333,0.227557946985991,0.3721 ± 0.2276,0.0274833136904463,1.5032500055566438,283.99328859060404,0.0816478191986338,284 ± 0.08165,283.0,284.0,58.58180921669774,0.003807295463676,58.58 ± 0.003807,58.53731536865234,58.58451843261719,75.3416748046875,0,1,0,0,0:298,0,0,0.0,model_static,False,mckenzie2003,BDT,4.973925051273116,4.999273777008057,4.936056137084961,4.999273777008057,4.999273777008057,6.186050031641563,2.83993288590604,2.501979865771812,2.51,2.51,0,0.0,0.0,0,0.0,0.0,0,0.0,0.0,298,1482.2296652793884,745.5899999999999,0,0.0,0.0,0,0.0,0.0,,,,,,,,BDT
static,model_static/summary_timeseries.csv,20,16.7,298,119200.0,1163.0774822875155,14.20121742195375,1163 ± 14.2,1136.41357421875,1211.7552490234375,1.940387676626244,0.0022496970965876,1.94 ± 0.00225,1.940000057220459,1.9574874639511108,0.3721090606572333,0.227557946985991,0.3721 ± 0.2276,0.0274833136904463,1.5032500055566438,294.8590604026846,0.3479592321292811,294.9 ± 0.348,294.0,295.0,58.16613426464516,0.0194221799181797,58.17 ± 0.01942,58.11684799194336,58.17990493774414,75.3416748046875,0,1,0,0,0:298,0,0,0.0,model_static,False,mckenzie2003,BDT,4.992345288295874,4.999273777008057,4.90456485748291,5.094686031341553,5.094686031341553,6.209174543903804,2.9485906040268453,2.5077852348993286,2.54,2.54,0,0.0,0.0,0,0.0,0.0,0,0.0,0.0,298,1487.7188959121704,747.3199999999999,0,0.0,0.0,0,0.0,0.0,,,,,,,,BDT
static,model_static/summary_timeseries.csv,20,16.6,298,119200.0,1163.0774822875155,14.20121742195375,1163 ± 14.2,1136.41357421875,1211.7552490234375,1.940387676626244,0.0022496970965876,1.94 ± 0.00225,1.940000057220459,1.9574874639511108,0.3721090606572333,0.227557946985991,0.3721 ± 0.2276,0.0274833136904463,1.5032500055566438,296.0,0.0,296 ± 0,296.0,296.0,60.01970885103981,0.0026718926800428,60.02 ± 0.002672,60.01148223876953,60.02468490600586,75.3416748046875,0,1,0,0,0:298,0,0,0.0,model_static,False,mckenzie2003,BDT,4.963443957719226,4.936056137084961,4.90456485748291,4.999273777008057,5.062804222106934,6.172893367360739,2.9600000000000004,2.4986577181208056,2.51,2.53,0,0.0,0.0,0,0.0,0.0,0,0.0,0.0,298,1479.1062994003296,744.6,0,0.0,0.0,0,0.0,0.0,,,,,,,,BDT
static,model_static/summary_timeseries.csv,20,16.5,298,119200.0,1163.0774822875155,14.20121742195375,1163 ± 14.2,1136.41357421875,1211.7552490234375,1.940387676626244,0.0022496970965876,1.94 ± 0.00225,1.940000057220459,1.9574874639511108,0.3721090606572333,0.227557946985991,0.3721 ± 0.2276,0.0274833136904463,1.5032500055566438,295.503355704698,0.4999887391191724,295.5 ± 0.5,295.0,296.0,59.12065390772467,0.0256783767380708,59.12 ± 0.02568,59.08221435546875,59.1507682800293,75.3416748046875,0,1,0,0,0:298,0,0,0.0,model_static,False,mckenzie2003,BDT,4.956032751390598,4.936056137084961,4.90456485748291,4.999273777008057,5.094686031341553,6.163590260457008,2.95503355704698,2.4963087248322147,2.51,2.54,0,0.0,0.0,0,0.0,0.0,0,0.0,0.0,298,1476.8977599143982,743.9,0,0.0,0.0,0,0.0,0.0,,,,,,,,BDT
static,model_static/summary_timeseries.csv,20,16.4,298,119200.0,1163.0774822875155,14.20121742195375,1163 ± 14.2,1136.41357421875,1211.7552490234375,1.940387676626244,0.0022496970965876,1.94 ± 0.00225,1.940000057220459,1.9574874639511108,0.3721090606572333,0.227557946985991,0.3721 ± 0.2276,0.0274833136904463,1.5032500055566438,300.99328859060404,0.0816478191986338,301 ± 0.08165,300.0,301.0,62.2829808228768,0.0044204313693663,62.28 ± 0.00442,62.23332977294922,62.28668975830078,75.3416748046875,0,1,0,0,0:298,0,0,0.0,model_static,False,mckenzie2003,BDT,5.158683776855469,5.158683776855469,5.158683776855469,5.158683776855469,5.158683776855469,6.41800661966345,3.0099328859060406,2.56,2.56,2.56,0,0.0,0.0,0,0.0,0.0,0,0.0,0.0,298,1537.2877655029297,762.88,0,0.0,0.0,0,0.0,0.0,,,,,,,,BDT
static,model_static/summary_timeseries.csv,20,16.3,298,119200.0,1163.0774822875155,14.20121742195375,1163 ± 14.2,1136.41357421875,1211.7552490234375,1.940387676626244,0.0022496970965876,1.94 ± 0.00225,1.940000057220459,1.9574874639511108,0.3721090606572333,0.227557946985991,0.3721 ± 0.2276,0.0274833136904463,1.5032500055566438,308.0,0.0,308 ± 0,308.0,308.0,61.32671581498729,0.0008911972831162,61.33 ± 0.0008912,61.323951721191406,61.32841873168945,75.3416748046875,0,1,0,0,0:298,0,0,0.0,model_static,False,mckenzie2003,BDT,5.204876352476593,5.190799236297607,5.158683776855469,5.25526237487793,5.25526237487793,6.476008192572767,3.08,2.5743624161073826,2.59,2.59,0,0.0,0.0,0,0.0,0.0,0,0.0,0.0,298,1551.053153038025,767.16,0,0.0,0.0,0,0.0,0.0,,,,,,,,BDT
static,model_static/summary_timeseries.csv,20,16.2,298,119200.0,1163.0774822875155,14.20121742195375,1163 ± 14.2,1136.41357421875,1211.7552490234375,1.940387676626244,0.0022496970965876,1.94 ± 0.00225,1.940000057220459,1.9574874639511108,0.3721090606572333,0.227557946985991,0.3721 ± 0.2276,0.0274833136904463,1.5032500055566438,326.2852348993289,0.4515262467827475,326.3 ± 0.4515,326.0,327.0,65.66552588443628,0.0200237351367173,65.67 ± 0.02002,65.64742279052734,65.69857788085938,75.3416748046875,0,1,0,0,0:298,0,0,0.0,model_static,False,mckenzie2003,BDT,5.427344347806585,5.417771816253662,5.352536678314209,5.450504779815674,5.450504779815674,6.755388499148323,3.262852348993289,2.642919463087248,2.65,2.65,0,0.0,0.0,0,0.0,0.0,0,0.0,0.0,298,1617.3486156463623,787.5899999999999,0,0.0,0.0,0,0.0,0.0,,,,,,,,BDT
static,model_static/summary_timeseries.csv,20,16.1,298,119200.0,1163.0774822875155,14.20121742195375,1163 ± 14.2,1136.41357421875,1211.7552490234375,1.940387676626244,0.0022496970965876,1.94 ± 0.00225,1.940000057220459,1.9574874639511108,0.3721090606572333,0.227557946985991,0.3721 ± 0.2276,0.0274833136904463,1.5032500055566438,328.0,0.0,328 ± 0,328.0,328.0,65.85393004449422,0.0049496347197344,65.85 ± 0.00495,65.84947204589844,65.86392974853516,75.3416748046875,0,1,0,0,0:298,0,0,0.0,model_static,False,mckenzie2003,BDT,5.406852448546647,5.450504779815674,5.287610054016113,5.450504779815674,5.450504779815674,6.7296538573283415,3.28,2.636610738255033,2.65,2.65,0,0.0,0.0,0,0.0,0.0,0,0.0,0.0,298,1611.2420296669006,785.7099999999999,0,0.0,0.0,0,0.0,0.0,,,,,,,,BDT
static,model_static/summary_timeseries.csv,20,16.0,298,119200.0,1163.0774822875155,14.20121742195375,1163 ± 14.2,1136.41357421875,1211.7552490234375,1.940387676626244,0.0022496970965876,1.94 ± 0.00225,1.940000057220459,1.9574874639511108,0.3721090606572333,0.227557946985991,0.3721 ± 0.2276,0.0274833136904463,1.5032500055566438,326.0,0.0,326 ± 0,326.0,326.0,67.19709544853876,0.0010201306231294,67.2 ± 0.00102,67.19530487060547,67.1987533569336,75.3416748046875,0,1,0,0,0:298,0,0,0.0,model_static,False,mckenzie2003,BDT,5.309190505302992,5.287610054016113,5.25526237487793,5.352536678314209,5.352536678314209,6.6069998090225335,3.2600000000000007,2.6066442953020137,2.62,2.62,0,0.0,0.0,0,0.0,0.0,0,0.0,0.0,298,1582.1387705802915,776.7800000000001,0,0.0,0.0,0,0.0,0.0,,,,,,,,BDT
static,model_static/summary_timeseries.csv,20,15.9,298,119200.0,1163.0774822875155,14.20121742195375,1163 ± 14.2,1136.41357421875,1211.7552490234375,1.940387676626244,0.0022496970965876,1.94 ± 0.00225,1.940000057220459,1.9574874639511108,0.3721090606572333,0.227557946985991,0.3721 ± 0.2276,0.0274833136904463,1.5032500055566438,326.996644295302,0.0578311675825976,327 ± 0.05783,326.0,327.0,67.41061227273622,0.0027219191474322,67.41 ± 0.002722,67.3674087524414,67.41287994384766,75.3416748046875,2,1,2,2,2:298,0,0,0.0,model_static,False,mckenzie2003,BDT,5.359591228049873,5.352536678314209,5.287610054016113,5.417771816253662,5.417771816253662,6.67029604001559,3.26996644295302,2.622147651006712,2.64,2.64,0,0.0,0.0,0,0.0,0.0,0,0.0,0.0,298,1597.1581859588623,781.4000000000001,0,0.0,0.0,0,0.0,0.0,,,,,,,,BDT
static,model_static/summary_timeseries.csv,20,15.8,298,119200.0,1163.0774822875155,14.20121742195375,1163 ± 14.2,1136.41357421875,1211.7552490234375,1.940387676626244,0.0022496970965876,1.94 ± 0.00225,1.940000057220459,1.9574874639511108,0.3721090606572333,0.227557946985991,0.3721 ± 0.2276,0.0274833136904463,1.5032500055566438,329.0,0.0,329 ± 0,329.0,329.0,68.4260581355767,0.0009905257303873,68.43 ± 0.0009905,68.42400360107422,68.42790222167969,75.3416748046875,2,1,2,2,2:298,0,0,0.0,model_static,False,mckenzie2003,BDT,5.318883206220281,5.287610054016113,5.287610054016113,5.352536678314209,5.417771816253662,6.619172176094793,3.29,2.6096308724832222,2.62,2.64,0,0.0,0.0,0,0.0,0.0,0,0.0,0.0,298,1585.0271954536438,777.6700000000002,0,0.0,0.0,0,0.0,0.0,,,,,,,,BDT
static,model_static/summary_timeseries.csv,20,15.7,298,119200.0,1163.0774822875155,14.20121742195375,1163 ± 14.2,1136.41357421875,1211.7552490234375,1.940387676626244,0.0022496970965876,1.94 ± 0.00225,1.940000057220459,1.9574874639511108,0.3721090606572333,0.227557946985991,0.3721 ± 0.2276,0.0274833136904463,1.5032500055566438,326.16442953020135,0.3706648888134781,326.2 ± 0.3707,326.0,327.0,67.22253917207654,0.0192770117648179,67.22 ± 0.01928,67.2059555053711,67.26531982421875,75.3416748046875,2,1,2,2,2:298,0,0,0.0,model_static,False,mckenzie2003,BDT,5.333619215344423,5.287610054016113,5.287610054016113,5.450504779815674,5.450504779815674,6.637680624068996,3.2616442953020144,2.6141275167785234,2.65,2.65,0,0.0,0.0,0,0.0,0.0,0,0.0,0.0,298,1589.418526172638,779.01,0,0.0,0.0,0,0.0,0.0,,,,,,,,BDT
static,model_static/summary_timeseries.csv,20,15.6,298,119200.0,1163.0774822875155,14.20121742195375,1163 ± 14.2,1136.41357421875,1211.7552490234375,1.940387676626244,0.0022496970965876,1.94 ± 0.00225,1.940000057220459,1.9574874639511108,0.3721090606572333,0.227557946985991,0.3721 ± 0.2276,0.0274833136904463,1.5032500055566438,329.0,0.0,329 ± 0,329.0,329.0,73.26659877188254,0.0016058314135144,73.27 ± 0.001606,73.26443481445312,73.27167510986328,75.3416748046875,2,1,2,2,2:298,0,0,0.0,model_static,False,mckenzie2003,BDT,5.387786341993601,5.417771816253662,5.352536678314209,5.417771816253662,5.417771816253662,6.705706032164295,3.29,2.630805369127517,2.64,2.64,0,0.0,0.0,0,0.0,0.0,0,0.0,0.0,298,1605.560329914093,783.9800000000001,0,0.0,0.0,0,0.0,0.0,,,,,,,,BDT
static,model_static/summary_timeseries.csv,20,15.5,298,119200.0,1163.0774822875155,14.20121742195375,1163 ± 14.2,1136.41357421875,1211.7552490234375,1.940387676626244,0.0022496970965876,1.94 ± 0.00225,1.940000057220459,1.9574874639511108,0.3721090606572333,0.227557946985991,0.3721 ± 0.2276,0.0274833136904463,1.5032500055566438,333.9295302013423,0.2559371136331321,333.9 ± 0.2559,333.0,334.0,72.2953228790488,0.0121139534194899,72.3 ± 0.01211,72.23920440673828,72.30015563964844,75.3416748046875,2,1,2,2,2:298,0,0,0.0,model_static,False,mckenzie2003,BDT,5.356759602591495,5.352536678314209,5.287610054016113,5.417771816253662,5.516200542449951,6.666740008881889,3.3392953020134226,2.621275167785236,2.64,2.67,0,0.0,0.0,0,0.0,0.0,0,0.0,0.0,298,1596.3143615722656,781.1400000000002,0,0.0,0.0,0,0.0,0.0,,,,,,,,BDT
static,model_static/summary_timeseries.csv,20,15.4,298,119200.0,1163.0774822875155,14.20121742195375,1163 ± 14.2,1136.41357421875,1211.7552490234375,1.940387676626244,0.0022496970965876,1.94 ± 0.00225,1.940000057220459,1.9574874639511108,0.3721090606572333,0.227557946985991,0.3721 ± 0.2276,0.0274833136904463,1.5032500055566438,336.17785234899327,0.3823884032640871,336.2 ± 0.3824,336.0,337.0,75.03854792550106,0.0184146131574769,75.04 ± 0.01841,75.01692199707031,75.07853698730469,75.3416748046875,2,1,2,2,2:298,0,0,0.0,model_static,False,mckenzie2003,BDT,5.383376630360648,5.352536678314209,5.352536678314209,5.516200542449951,5.516200542449951,6.700169303742138,3.361778523489933,2.629429530201343,2.67,2.67,0,0.0,0.0,0,0.0,0.0,0,0.0,0.0,298,1604.2462358474731,783.5700000000002,0,0.0,0.0,0,0.0,0.0,,,,,,,,BDT
static,model_static/summary_timeseries.csv,20,15.3,298,119200.0,1163.0774822875155,14.20121742195375,1163 ± 14.2,1136.41357421875,1211.7552490234375,1.940387676626244,0.0022496970965876,1.94 ± 0.00225,1.940000057220459,1.9574874639511108,0.3721090606572333,0.227557946985991,0.3721 ± 0.2276,0.0274833136904463,1.5032500055566438,342.0,0.0,342 ± 0,342.0,342.0,77.97256229067808,0.0022715230568664,77.97 ± 0.002272,77.95943450927734,77.97502899169922,75.3416748046875,2,1,2,2,2:298,0,0,0.0,model_static,False,mckenzie2003,BDT,5.437886814143034,5.417771816253662,5.417771816253662,5.516200542449951,5.549163341522217,6.768629652030098,3.420000000000001,2.6461409395973154,2.67,2.68,0,0.0,0.0,0,0.0,0.0,0,0.0,0.0,298,1620.490270614624,788.55,0,0.0,0.0,0,0.0,0.0,,,,,,,,BDT
static,model_static/summary_timeseries.csv,20,15.2,298,119200.0,1163.0774822875155,14.20121742195375,1163 ± 14.2,1136.41357421875,1211.7552490234375,1.940387676626244,0.0022496970965876,1.94 ± 0.00225,1.940000057220459,1.9574874639511108,0.3721090606572333,0.227557946985991,0.3721 ± 0.2276,0.0274833136904463,1.5032500055566438,347.16107382550337,0.3675990318826618,347.2 ± 0.3676,347.0,348.0,76.78568984678128,0.0159220959282266,76.79 ± 0.01592,76.77644348144531,76.82302856445312,75.3416748046875,1,1,1,1,1:298,0,0,0.0,model_static,False,mckenzie2003,BDT,5.55063980217748,5.549163341522217,5.516200542449951,5.615318298339844,5.615318298339844,6.910255451935792,3.4716107382550336,2.6804362416107383,2.7,2.7,0,0.0,0.0,0,0.0,0.0,0,0.0,0.0,298,1654.0906610488892,798.77,0,0.0,0.0,0,0.0,0.0,,,,,,,,BDT
static,model_static/summary_timeseries.csv,20,15.1,298,119200.0,1163.0774822875155,14.20121742195375,1163 ± 14.2,1136.41357421875,1211.7552490234375,1.940387676626244,0.0022496970965876,1.94 ± 0.00225,1.940000057220459,1.9574874639511108,0.3721090606572333,0.227557946985991,0.3721 ± 0.2276,0.0274833136904463,1.5032500055566438,353.2751677852349,0.4465987854929967,353.3 ± 0.4466,353.0,354.0,76.25813936067108,0.0251586736701978,76.26 ± 0.02516,76.23745727539062,76.30030822753906,75.3416748046875,1,1,1,1,1:298,0,0,0.0,model_static,False,mckenzie2003,BDT,5.673229625561094,5.715122222900391,5.549163341522217,5.715122222900391,5.715122222900391,7.064258421532059,3.532751677852349,2.71738255033557,2.73,2.73,0,0.0,0.0,0,0.0,0.0,0,0.0,0.0,298,1690.6224284172058,809.78,0,0.0,0.0,0,0.0,0.0,,,,,,,,BDT
static,model_static/summary_timeseries.csv,20,15.0,298,119200.0,1163.0774822875155,14.20121742195375,1163 ± 14.2,1136.41357421875,1211.7552490234375,1.940387676626244,0.0022496970965876,1.94 ± 0.00225,1.940000057220459,1.9574874639511108,0.3721090606572333,0.227557946985991,0.3721 ± 0.2276,0.0274833136904463,1.5032500055566438,350.9865771812081,0.1150766993253842,351 ± 0.1151,350.0,351.0,74.30377210066622,0.0052507687887743,74.3 ± 0.005251,74.258544921875,74.3063735961914,75.3416748046875,1,1,1,1,1:298,0,0,0.0,model_static,False,mckenzie2003,BDT,5.584915529161492,5.615318298339844,5.549163341522217,5.620297050476074,5.648509979248047,6.953311702845232,3.509865771812081,2.690805369127516,2.7015,2.71,0,0.0,0.0,0,0.0,0.0,0,0.0,0.0,298,1664.3048276901245,801.8599999999999,0,0.0,0.0,0,0.0,0.0,,,,,,,,BDT
static,model_static/summary_timeseries.csv,20,14.9,298,119200.0,1163.0774822875155,14.20121742195375,1163 ± 14.2,1136.41357421875,1211.7552490234375,1.940387676626244,0.0022496970965876,1.94 ± 0.00225,1.940000057220459,1.9574874639511108,0.3721090606572333,0.227557946985991,0.3721 ± 0.2276,0.0274833136904463,1.5032500055566438,354.0,0.0,354 ± 0,354.0,354.0,71.38703624034088,0.0010924301651718,71.39 ± 0.001092,71.38465881347656,71.38955688476562,75.3416748046875,1,1,1,1,1:298,0,0,0.0,model_static,False,mckenzie2003,BDT,5.699028757594576,5.715122222900391,5.648509979248047,5.715122222900391,5.715122222900391,7.096667887819875,3.54,2.7251677852349,2.73,2.73,0,0.0,0.0,0,0.0,0.0,0,0.0,0.0,298,1698.3105697631836,812.1000000000001,0,0.0,0.0,0,0.0,0.0,,,,,,,,BDT
static,model_static/summary_timeseries.csv,20,14.8,298,119200.0,1163.0774822875155,14.20121742195375,1163 ± 14.2,1136.41357421875,1211.7552490234375,1.940387676626244,0.0022496970965876,1.94 ± 0.00225,1.940000057220459,1.9574874639511108,0.3721090606572333,0.227557946985991,0.3721 ± 0.2276,0.0274833136904463,1.5032500055566438,353.8993288590604,0.3008927754558375,353.9 ± 0.3009,353.0,354.0,73.96331113776904,0.0142573145331113,73.96 ± 0.01426,73.91561126708984,73.97119903564453,75.3416748046875,1,1,1,1,1:298,0,0,0.0,model_static,False,mckenzie2003,BDT,5.608364114825357,5.615318298339844,5.549163341522217,5.648509979248047,5.648509979248047,6.98276808460853,3.5389932885906035,2.6978859060402685,2.71,2.71,0,0.0,0.0,0,0.0,0.0,0,0.0,0.0,298,1671.2925062179563,803.97,0,0.0,0.0,0,0.0,0.0,,,,,,,,BDT
static,model_static/summary_timeseries.csv,20,14.7,298,119200.0,1163.0774822875155,14.20121742195375,1163 ± 14.2,1136.41357421875,1211.7552490234375,1.940387676626244,0.0022496970965876,1.94 ± 0.00225,1.940000057220459,1.9574874639511108,0.3721090606572333,0.227557946985991,0.3721 ± 0.2276,0.0274833136904463,1.5032500055566438,359.0,0.0,359 ± 0,359.0,359.0,72.95094847199101,0.0032819815235321,72.95 ± 0.003282,72.94107818603516,72.95409393310547,75.3416748046875,1,1,1,1,1:298,0,0,0.0,model_static,False,mckenzie2003,BDT,5.642095168964975,5.615318298339844,5.615318298339844,5.715122222900391,5.715122222900391,7.025142423190701,3.5900000000000007,2.708053691275168,2.73,2.73,0,0.0,0.0,0,0.0,0.0,0,0.0,0.0,298,1681.3443603515625,807.0,0,0.0,0.0,0,0.0,0.0,,,,,,,,BDT
static,model_static/summary_timeseries.csv,20,14.6,298,119200.0,1163.0774822875155,14.20121742195375,1163 ± 14.2,1136.41357421875,1211.7552490234375,1.940387676626244,0.0022496970965876,1.94 ± 0.00225,1.940000057220459,1.9574874639511108,0.3721090606572333,0.227557946985991,0.3721 ± 0.2276,0.0274833136904463,1.5032500055566438,374.996644295302,0.0578311675825976,375 ± 0.05783,374.0,375.0,76.60315299834181,0.002747105692476,76.6 ± 0.002747,76.5606689453125,76.60565185546875,75.3416748046875,1,1,1,1,1:298,0,0,0.0,model_static,False,mckenzie2003,BDT,5.835422531870387,5.815610408782959,5.748542785644531,5.882981300354004,5.882981300354004,7.268036652411173,3.74996644295302,2.7658724832214765,2.78,2.78,0,0.0,0.0,0,0.0,0.0,0,0.0,0.0,298,1738.9559144973755,824.23,0,0.0,0.0,0,0.0,0.0,,,,,,,,BDT
static,model_static/summary_timeseries.csv,20,14.5,298,119200.0,1163.0774822875155,14.20121742195375,1163 ± 14.2,1136.41357421875,1211.7552490234375,1.940387676626244,0.0022496970965876,1.94 ± 0.00225,1.940000057220459,1.9574874639511108,0.3721090606572333,0.227557946985991,0.3721 ± 0.2276,0.0274833136904463,1.5032500055566438,385.0,0.0,385 ± 0,385.0,385.0,78.33054635988786,0.0006979201797939,78.33 ± 0.0006979,78.32930755615234,78.33158874511719,75.3416748046875,1,1,1,1,1:298,0,0,0.0,model_static,False,mckenzie2003,BDT,5.934667256054462,5.9167799949646,5.882981300354004,5.9846038818359375,5.9846038818359375,7.392744287374522,3.850000000000001,2.795268456375839,2.81,2.81,0,0.0,0.0,0,0.0,0.0,0,0.0,0.0,298,1768.5308423042295,832.99,0,0.0,0.0,0,0.0,0.0,,,,,,,,BDT
static,model_static/summary_timeseries.csv,20,14.4,298,119200.0,1163.0774822875155,14.20121742195375,1163 ± 14.2,1136.41357421875,1211.7552490234375,1.940387676626244,0.0022496970965876,1.94 ± 0.00225,1.940000057220459,1.9574874639511108,0.3721090606572333,0.227557946985991,0.3721 ± 0.2276,0.0274833136904463,1.5032500055566438,395.16442953020135,0.3706648888134781,395.2 ± 0.3707,395.0,396.0,78.1877420412614,0.0192329476004326,78.19 ± 0.01923,78.17488098144531,78.23141479492188,75.3416748046875,1,1,1,1,1:298,0,0,0.0,model_static,False,mckenzie2003,BDT,6.003454531599211,6.0186285972595215,5.9167799949646,6.08690357208252,6.08690357208252,7.47918887950363,3.951644295302013,2.815503355704698,2.84,2.84,0,0.0,0.0,0,0.0,0.0,0,0.0,0.0,298,1789.029450416565,839.02,0,0.0,0.0,0,0.0,0.0,,,,,,,,BDT
static,model_static/summary_timeseries.csv,20,14.3,298,119200.0,1163.0774822875155,14.20121742195375,1163 ± 14.2,1136.41357421875,1211.7552490234375,1.940387676626244,0.0022496970965876,1.94 ± 0.00225,1.940000057220459,1.9574874639511108,0.3721090606572333,0.227557946985991,0.3721 ± 0.2276,0.0274833136904463,1.5032500055566438,388.1107382550336,0.3138077339800278,388.1 ± 0.3138,388.0,389.0,78.62382386994842,0.0145247692311419,78.62 ± 0.01452,78.60943603515625,78.66458129882812,75.3416748046875,1,1,1,1,1:298,0,0,0.0,model_static,False,mckenzie2003,BDT,5.847040406809557,5.815610408782959,5.815610408782959,5.882981300354004,5.9167799949646,7.28263438256625,3.881107382550335,2.7693288590604026,2.78,2.79,0,0.0,0.0,0,0.0,0.0,0,0.0,0.0,298,1742.418041229248,825.26,0,0.0,0.0,0,0.0,0.0,,,,,,,,BDT
static,model_static/summary_timeseries.csv,20,14.2,298,119200.0,1163.0774822875155,14.20121742195375,1163 ± 14.2,1136.41357421875,1211.7552490234375,1.940387676626244,0.0022496970965876,1.94 ± 0.00225,1.940000057220459,1.9574874639511108,0.3721090606572333,0.227557946985991,0.3721 ± 0.2276,0.0274833136904463,1.5032500055566438,377.0,0.0,377 ± 0,377.0,377.0,74.53836866033157,0.0011419786787783,74.54 ± 0.001142,74.52982330322266,74.54014587402344,75.3416748046875,1,1,1,1,1:298,0,0,0.0,model_static,False,mckenzie2003,BDT,5.875772684212499,5.882981300354004,5.815610408782959,5.9167799949646,5.9167799949646,7.318737582547609,3.77,2.7778523489932883,2.79,2.79,0,0.0,0.0,0,0.0,0.0,0,0.0,0.0,298,1750.9802598953247,827.8,0,0.0,0.0,0,0.0,0.0,,,,,,,,BDT
static,model_static/summary_timeseries.csv,20,14.1,298,119200.0,1163.0774822875155,14.20121742195375,1163 ± 14.2,1136.41357421875,1211.7552490234375,1.940387676626244,0.0022496970965876,1.94 ± 0.00225,1.940000057220459,1.9574874639511108,0.3721090606572333,0.227557946985991,0.3721 ± 0.2276,0.0274833136904463,1.5032500055566438,363.4127516778523,0.4923288842658124,363.4 ± 0.4923,363.0,364.0,74.9843937150584,0.0227010068184136,74.98 ± 0.0227,74.95230102539062,75.0160140991211,75.3416748046875,1,1,1,1,1:298,0,0,0.0,model_static,False,mckenzie2003,BDT,5.624292503267327,5.615318298339844,5.549163341522217,5.715122222900391,5.748542785644531,7.002778151043369,3.6341275167785234,2.7026845637583894,2.73,2.74,0,0.0,0.0,0,0.0,0.0,0,0.0,0.0,298,1676.039165973663,805.4,0,0.0,0.0,0,0.0,0.0,,,,,,,,BDT
static,model_static/summary_timeseries.csv,20,14.0,298,119200.0,1163.0774822875155,14.20121742195375,1163 ± 14.2,1136.41357421875,1211.7552490234375,1.940387676626244,0.0022496970965876,1.94 ± 0.00225,1.940000057220459,1.9574874639511108,0.3721090606572333,0.227557946985991,0.3721 ± 0.2276,0.0274833136904463,1.5032500055566438,362.5771812080537,0.4940071468343072,362.6 ± 0.494,362.0,363.0,72.92305420229098,0.0266581201239615,72.92 ± 0.02666,72.88883209228516,72.95549774169922,75.3416748046875,1,1,1,1,1:298,0,0,0.0,model_static,False,mckenzie2003,BDT,5.693937322437363,5.748542785644531,5.516200542449951,5.748542785644531,5.748542785644531,7.090276117449965,3.625771812080537,2.7235570469798662,2.74,2.74,0,0.0,0.0,0,0.0,0.0,0,0.0,0.0,298,1696.7933220863342,811.6200000000001,0,0.0,0.0,0,0.0,0.0,,,,,,,,BDT
static,model_static/summary_timeseries.csv,20,13.9,298,119200.0,1163.0774822875155,14.20121742195375,1163 ± 14.2,1136.41357421875,1211.7552490234375,1.940387676626244,0.0022496970965876,1.94 ± 0.00225,1.940000057220459,1.9574874639511108,0.3721090606572333,0.227557946985991,0.3721 ± 0.2276,0.0274833136904463,1.5032500055566438,379.0,0.0,379 ± 0,379.0,379.0,75.29663080817102,0.0025257355532865,75.3 ± 0.002526,75.29277038574219,75.30152130126953,75.3416748046875,1,1,1,1,1:298,0,0,0.0,model_static,False,mckenzie2003,BDT,5.746270731791554,5.748542785644531,5.648509979248047,5.815610408782959,5.815610408782959,7.156022033751841,3.79,2.739295302013423,2.76,2.76,0,0.0,0.0,0,0.0,0.0,0,0.0,0.0,298,1712.388678073883,816.3100000000001,0,0.0,0.0,0,0.0,0.0,,,,,,,,BDT
static,model_static/summary_timeseries.csv,20,13.8,298,119200.0,1163.0774822875155,14.20121742195375,1163 ± 14.2,1136.41357421875,1211.7552490234375,1.940387676626244,0.0022496970965876,1.94 ± 0.00225,1.940000057220459,1.9574874639511108,0.3721090606572333,0.227557946985991,0.3721 ± 0.2276,0.0274833136904463,1.5032500055566438,391.993288590604,0.0816478191986338,392 ± 0.08165,391.0,392.0,76.77992683769072,0.0039098856170786,76.78 ± 0.00391,76.73423767089844,76.78296661376953,75.3416748046875,1,1,1,1,1:298,0,0,0.0,model_static,False,mckenzie2003,BDT,6.006301276635804,6.0186285972595215,5.9846038818359375,6.0186285972595215,6.0186285972595215,7.482764098909583,3.9199328859060407,2.8163758389261746,2.82,2.82,0,0.0,0.0,0,0.0,0.0,0,0.0,0.0,298,1789.8777804374697,839.28,0,0.0,0.0,0,0.0,0.0,,,,,,,,BDT
static,model_static/summary_timeseries.csv,20,13.7,298,119200.0,1163.0774822875155,14.20121742195375,1163 ± 14.2,1136.41357421875,1211.7552490234375,1.940387676626244,0.0022496970965876,1.94 ± 0.00225,1.940000057220459,1.9574874639511108,0.3721090606572333,0.227557946985991,0.3721 ± 0.2276,0.0274833136904463,1.5032500055566438,398.993288590604,0.0816478191986338,399 ± 0.08165,398.0,399.0,80.32285198749312,0.0050281408865477,80.32 ± 0.005028,80.27689361572266,80.32960510253906,75.3416748046875,1,1,1,1,1:298,0,0,0.0,model_static,False,mckenzie2003,BDT,5.984441374772347,6.0186285972595215,5.9167799949646,6.0186285972595215,6.0186285972595215,7.4552937169958735,3.989932885906042,2.80993288590604,2.82,2.82,0,0.0,0.0,0,0.0,0.0,0,0.0,0.0,298,1783.3635296821594,837.3599999999999,0,0.0,0.0,0,0.0,0.0,,,,,,,,BDT
static,model_static/summary_timeseries.csv,20,13.6,298,119200.0,1163.0774822875155,14.20121742195375,1163 ± 14.2,1136.41357421875,1211.7552490234375,1.940387676626244,0.0022496970965876,1.94 ± 0.00225,1.940000057220459,1.9574874639511108,0.3721090606572333,0.227557946985991,0.3721 ± 0.2276,0.0274833136904463,1.5032500055566438,403.0,0.0,403 ± 0,403.0,403.0,78.10854659624547,0.0007273310630458,78.11 ± 0.0007273,78.1068344116211,78.10987854003906,75.3416748046875,1,1,1,1,1:298,0,0,0.0,model_static,False,mckenzie2003,BDT,6.059887436412325,6.08690357208252,5.9846038818359375,6.121153831481934,6.121153831481934,7.5501091995316445,4.03,2.832080536912752,2.85,2.85,0,0.0,0.0,0,0.0,0.0,0,0.0,0.0,298,1805.8464560508728,843.96,0,0.0,0.0,0,0.0,0.0,,,,,,,,BDT
static,model_static/summary_timeseries.csv,20,13.5,298,119200.0,1163.0774822875155,14.20121742195375,1163 ± 14.2,1136.41357421875,1211.7552490234375,1.940387676626244,0.0022496970965876,1.94 ± 0.00225,1.940000057220459,1.9574874639511108,0.3721090606572333,0.227557946985991,0.3721 ± 0.2276,0.0274833136904463,1.5032500055566438,398.993288590604,0.0816478191986338,399 ± 0.08165,398.0,399.0,79.8318582829213,0.0041761704056869,79.83 ± 0.004176,79.78620910644531,79.83619689941406,75.3416748046875,1,1,1,1,1:298,0,0,0.0,model_static,False,mckenzie2003,BDT,5.984541192150756,5.9846038818359375,5.9167799949646,6.0186285972595215,6.0186285972595215,7.455418852034006,3.989932885906042,2.80996644295302,2.82,2.82,0,0.0,0.0,0,0.0,0.0,0,0.0,0.0,298,1783.3932752609253,837.3699999999999,0,0.0,0.0,0,0.0,0.0,,,,,,,,BDT
static,model_static/summary_timeseries.csv,20,13.4,298,119200.0,1163.0774822875155,14.20121742195375,1163 ± 14.2,1136.41357421875,1211.7552490234375,1.940387676626244,0.0022496970965876,1.94 ± 0.00225,1.940000057220459,1.9574874639511108,0.3721090606572333,0.227557946985991,0.3721 ± 0.2276,0.0274833136904463,1.5032500055566438,394.9395973154362,0.2382314006617295,394.9 ± 0.2382,394.0,395.0,76.68013292351026,0.0113649169217546,76.68 ± 0.01136,76.63334655761719,76.68467712402344,75.3416748046875,1,1,1,1,1:298,0,0,0.0,model_static,False,mckenzie2003,BDT,5.948646603014645,5.9167799949646,5.9167799949646,5.9846038818359375,6.0186285972595215,7.410311079793972,3.949395973154363,2.799395973154362,2.81,2.82,0,0.0,0.0,0,0.0,0.0,0,0.0,0.0,298,1772.6966876983645,834.2199999999999,0,0.0,0.0,0,0.0,0.0,,,,,,,,BDT
static,model_static/summary_timeseries.csv,20,13.3,298,119200.0,1163.0774822875155,14.20121742195375,1163 ± 14.2,1136.41357421875,1211.7552490234375,1.940387676626244,0.0022496970965876,1.94 ± 0.00225,1.940000057220459,1.9574874639511108,0.3721090606572333,0.227557946985991,0.3721 ± 0.2276,0.0274833136904463,1.5032500055566438,393.8255033557047,0.379535986995938,393.8 ± 0.3795,393.0,394.0,78.32144252085845,0.0169080728719046,78.32 ± 0.01691,78.27758026123047,78.3313217163086,75.3416748046875,1,1,1,1,1:298,0,0,0.0,model_static,False,mckenzie2003,BDT,5.969598378111052,5.9846038818359375,5.9167799949646,6.0186285972595215,6.0186285972595215,7.436640320977907,3.938255033557047,2.805570469798657,2.82,2.82,0,0.0,0.0,0,0.0,0.0,0,0.0,0.0,298,1778.9403166770935,836.0599999999998,0,0.0,0.0,0,0.0,0.0,,,,,,,,BDT
static,model_static/summary_timeseries.csv,20,13.2,298,119200.0,1163.0774822875155,14.20121742195375,1163 ± 14.2,1136.41357421875,1211.7552490234375,1.940387676626244,0.0022496970965876,1.94 ± 0.00225,1.940000057220459,1.9574874639511108,0.3721090606572333,0.227557946985991,0.3721 ± 0.2276,0.0274833136904463,1.5032500055566438,390.9697986577181,0.1711409395973154,391 ± 0.1711,390.0,391.0,78.49020024754057,0.009078145090045,78.49 ± 0.009078,78.43960571289062,78.50276184082031,75.3416748046875,1,1,1,1,1:298,0,0,0.0,model_static,False,mckenzie2003,BDT,5.91806827775584,5.9167799949646,5.748542785644531,6.0186285972595215,6.0186285972595215,7.371887573225484,3.9096979865771817,2.7903355704697987,2.82,2.82,0,0.0,0.0,0,0.0,0.0,0,0.0,0.0,298,1763.5843467712402,831.52,0,0.0,0.0,0,0.0,0.0,,,,,,,,BDT
static,model_static/summary_timeseries.csv,20,13.1,298,119200.0,1163.0774822875155,14.20121742195375,1163 ± 14.2,1136.41357421875,1211.7552490234375,1.940387676626244,0.0022496970965876,1.94 ± 0.00225,1.940000057220459,1.9574874639511108,0.3721090606572333,0.227557946985991,0.3721 ± 0.2276,0.0274833136904463,1.5032500055566438,396.51006711409394,0.4998986429405658,396.5 ± 0.4999,396.0,397.0,78.48894290796062,0.024315506553272,78.49 ± 0.02432,78.45975494384766,78.5139389038086,75.3416748046875,1,1,1,1,1:298,0,0,0.0,model_static,False,mckenzie2003,BDT,5.954701753270706,5.9167799949646,5.9167799949646,6.0186285972595215,6.0186285972595215,7.417920753520907,3.9651006711409393,2.801174496644295,2.82,2.82,0,0.0,0.0,0,0.0,0.0,0,0.0,0.0,298,1774.5011224746704,834.7499999999999,0,0.0,0.0,0,0.0,0.0,,,,,,,,BDT
static,model_static/summary_timeseries.csv,20,13.0,298,119200.0,1163.0774822875155,14.20121742195375,1163 ± 14.2,1136.41357421875,1211.7552490234375,1.940387676626244,0.0022496970965876,1.94 ± 0.00225,1.940000057220459,1.9574874639511108,0.3721090606572333,0.227557946985991,0.3721 ± 0.2276,0.0274833136904463,1.5032500055566438,396.0,0.0,396 ± 0,396.0,396.0,83.47464613946492,0.0050462556160124,83.47 ± 0.005046,83.4679183959961,83.48159790039062,75.3416748046875,1,1,1,1,1:298,0,0,0.0,model_static,False,mckenzie2003,BDT,6.006055732701449,6.08690357208252,5.9167799949646,6.08690357208252,6.08690357208252,7.482459502766543,3.96,2.816241610738255,2.84,2.84,0,0.0,0.0,0,0.0,0.0,0,0.0,0.0,298,1789.8046083450315,839.2399999999999,0,0.0,0.0,0,0.0,0.0,,,,,,,,BDT
static,model_static/summary_timeseries.csv,20,12.9,298,119200.0,1163.0774822875155,14.20121742195375,1163 ± 14.2,1136.41357421875,1211.7552490234375,1.940387676626244,0.0022496970965876,1.94 ± 0.00225,1.940000057220459,1.9574874639511108,0.3721090606572333,0.227557946985991,0.3721 ± 0.2276,0.0274833136904463,1.5032500055566438,384.0,0.0,384 ± 0,384.0,384.0,66.18049265714299,0.0008791224896329,66.18 ± 0.0008791,66.1787109375,66.18226623535156,75.3416748046875,1,1,1,1,1:298,0,0,0.0,model_static,False,mckenzie2003,BDT,5.91113795530076,5.9167799949646,5.882981300354004,5.9846038818359375,5.9846038818359375,7.363176738645516,3.8400000000000007,2.788322147651006,2.81,2.81,0,0.0,0.0,0,0.0,0.0,0,0.0,0.0,298,1761.5191106796265,830.9199999999998,0,0.0,0.0,0,0.0,0.0,,,,,,,,BDT
static,model_static/summary_timeseries.csv,20,12.8,298,119200.0,1163.0774822875155,14.20121742195375,1163 ± 14.2,1136.41357421875,1211.7552490234375,1.940387676626244,0.0022496970965876,1.94 ± 0.00225,1.940000057220459,1.9574874639511108,0.3721090606572333,0.227557946985991,0.3721 ± 0.2276,0.0274833136904463,1.5032500055566438,385.0,0.0,385 ± 0,385.0,385.0,65.33120599529087,0.0049114644279703,65.33 ± 0.004911,65.31910705566406,65.33570861816406,75.3416748046875,1,1,1,1,1:298,0,0,0.0,model_static,False,mckenzie2003,BDT,5.871022621257193,5.815610408782959,5.815610408782959,5.9846038818359375,5.9846038818359375,7.312771048938004,3.850000000000001,2.776409395973153,2.81,2.81,0,0.0,0.0,0,0.0,0.0,0,0.0,0.0,298,1749.5647411346436,827.3699999999998,0,0.0,0.0,0,0.0,0.0,,,,,,,,BDT
static,model_static/summary_timeseries.csv,20,12.7,298,119200.0,1163.0774822875155,14.20121742195375,1163 ± 14.2,1136.41357421875,1211.7552490234375,1.940387676626244,0.0022496970965876,1.94 ± 0.00225,1.940000057220459,1.9574874639511108,0.3721090606572333,0.227557946985991,0.3721 ± 0.2276,0.0274833136904463,1.5032500055566438,388.0,0.0,388 ± 0,388.0,388.0,65.84216124259386,0.0018691465159907,65.84 ± 0.001869,65.83586883544922,65.84564208984375,75.3416748046875,1,1,1,1,1:298,0,0,0.0,model_static,False,mckenzie2003,BDT,6.0186285972595215,6.0186285972595215,6.0186285972595215,6.0186285972595215,6.0186285972595215,7.49825593410675,3.88,2.82,2.82,2.82,0,0.0,0.0,0,0.0,0.0,0,0.0,0.0,298,1793.5513219833374,840.3599999999999,0,0.0,0.0,0,0.0,0.0,,,,,,,,BDT
static,model_static/summary_timeseries.csv,20,12.6,298,119200.0,1163.0774822875155,14.20121742195375,1163 ± 14.2,1136.41357421875,1211.7552490234375,1.940387676626244,0.0022496970965876,1.94 ± 0.00225,1.940000057220459,1.9574874639511108,0.3721090606572333,0.227557946985991,0.3721 ± 0.2276,0.0274833136904463,1.5032500055566438,385.0,0.0,385 ± 0,385.0,385.0,63.31710321311183,0.0012098533060114,63.32 ± 0.00121,63.313323974609375,63.319942474365234,75.3416748046875,1,1,1,1,1:298,0,0,0.0,model_static,False,mckenzie2003,BDT,6.006754199930485,6.0186285972595215,5.9846038818359375,6.0186285972595215,6.0186285972595215,7.483333217292375,3.850000000000001,2.816510067114094,2.82,2.82,0,0.0,0.0,0,0.0,0.0,0,0.0,0.0,298,1790.012751579285,839.3199999999999,0,0.0,0.0,0,0.0,0.0,,,,,,,,BDT
static,model_static/summary_timeseries.csv,20,12.5,298,119200.0,1163.0774822875155,14.20121742195375,1163 ± 14.2,1136.41357421875,1211.7552490234375,1.940387676626244,0.0022496970965876,1.94 ± 0.00225,1.940000057220459,1.9574874639511108,0.3721090606572333,0.227557946985991,0.3721 ± 0.2276,0.0274833136904463,1.5032500055566438,382.4395973154362,0.4963381062315194,382.4 ± 0.4963,382.0,383.0,63.25805273632075,0.0239553235117202,63.26 ± 0.02396,63.2320442199707,63.292179107666016,75.3416748046875,1,1,1,1,1:298,0,0,0.0,model_static,False,mckenzie2003,BDT,5.9777835743539285,5.9846038818359375,5.882981300354004,5.9846038818359375,5.9846038818359375,7.446926024690645,3.824395973154362,2.807986577181208,2.81,2.81,0,0.0,0.0,0,0.0,0.0,0,0.0,0.0,298,1781.3795051574707,836.7799999999999,0,0.0,0.0,0,0.0,0.0,,,,,,,,BDT
static,model_static/summary_timeseries.csv,20,12.4,298,119200.0,1163.0774822875155,14.20121742195375,1163 ± 14.2,1136.41357421875,1211.7552490234375,1.940387676626244,0.0022496970965876,1.94 ± 0.00225,1.940000057220459,1.9574874639511108,0.3721090606572333,0.227557946985991,0.3721 ± 0.2276,0.0274833136904463,1.5032500055566438,384.0,0.0,384 ± 0,384.0,384.0,64.89962740392492,0.0017009553239246,64.9 ± 0.001701,64.89641571044922,64.90271759033203,75.3416748046875,1,1,1,1,1:298,0,0,0.0,model_static,False,mckenzie2003,BDT,5.981986897103739,5.9846038818359375,5.9846038818359375,5.9846038818359375,5.9846038818359375,7.452207992909575,3.8400000000000007,2.8092281879194627,2.81,2.81,0,0.0,0.0,0,0.0,0.0,0,0.0,0.0,298,1782.632095336914,837.1499999999999,0,0.0,0.0,0,0.0,0.0,,,,,,,,BDT
static,model_static/summary_timeseries.csv,20,12.3,298,119200.0,1163.0774822875155,14.20121742195375,1163 ± 14.2,1136.41357421875,1211.7552490234375,1.940387676626244,0.0022496970965876,1.94 ± 0.00225,1.940000057220459,1.9574874639511108,0.3721090606572333,0.227557946985991,0.3721 ± 0.2276,0.0274833136904463,1.5032500055566438,381.0973154362416,0.2963868116342489,381.1 ± 0.2964,381.0,382.0,63.83537301441167,0.0153899164505939,63.84 ± 0.01539,63.82619857788086,63.88530731201172,75.3416748046875,1,1,1,1,1:298,0,0,0.0,model_static,False,mckenzie2003,BDT,5.97835142660461,5.9846038818359375,5.882981300354004,5.9846038818359375,5.9846038818359375,7.44763959488497,3.810973154362416,2.808154362416107,2.81,2.81,0,0.0,0.0,0,0.0,0.0,0,0.0,0.0,298,1781.5487251281738,836.8299999999999,0,0.0,0.0,0,0.0,0.0,,,,,,,,BDT
static,model_static/summary_timeseries.csv,20,12.2,298,119200.0,1163.0774822875155,14.20121742195375,1163 ± 14.2,1136.41357421875,1211.7552490234375,1.940387676626244,0.0022496970965876,1.94 ± 0.00225,1.940000057220459,1.9574874639511108,0.3721090606572333,0.227557946985991,0.3721 ± 0.2276,0.0274833136904463,1.5032500055566438,381.9832214765101,0.1284406658322459,382 ± 0.1284,381.0,382.0,61.685513157172494,0.0065546011615249,61.69 ± 0.006555,61.63603591918945,61.69000625610352,75.3416748046875,1,1,1,1,1:298,0,0,0.0,model_static,False,mckenzie2003,BDT,5.9846038818359375,5.9846038818359375,5.9846038818359375,5.9846038818359375,5.9846038818359375,7.455496610927101,3.8198322147651007,2.81,2.81,2.81,0,0.0,0.0,0,0.0,0.0,0,0.0,0.0,298,1783.4119567871094,837.3799999999999,0,0.0,0.0,0,0.0,0.0,,,,,,,,BDT
static,model_static/summary_timeseries.csv,20,12.1,298,119200.0,1163.0774822875155,14.20121742195375,1163 ± 14.2,1136.41357421875,1211.7552490234375,1.940387676626244,0.0022496970965876,1.94 ± 0.00225,1.940000057220459,1.9574874639511108,0.3721090606572333,0.227557946985991,0.3721 ± 0.2276,0.0274833136904463,1.5032500055566438,388.6476510067114,0.4777019784521593,388.6 ± 0.4777,388.0,389.0,63.980107646660514,0.0226647812505687,63.98 ± 0.02266,63.944862365722656,63.99946594238281,75.3416748046875,1,1,1,1,1:298,0,0,0.0,model_static,False,mckenzie2003,BDT,6.0186285972595215,6.0186285972595215,6.0186285972595215,6.0186285972595215,6.0186285972595215,7.49825593410675,3.8864765100671135,2.82,2.82,2.82,0,0.0,0.0,0,0.0,0.0,0,0.0,0.0,298,1793.5513219833374,840.3599999999999,0,0.0,0.0,0,0.0,0.0,,,,,,,,BDT
static,model_static/summary_timeseries.csv,20,12.0,298,119200.0,1163.0774822875155,14.20121742195375,1163 ± 14.2,1136.41357421875,1211.7552490234375,1.940387676626244,0.0022496970965876,1.94 ± 0.00225,1.940000057220459,1.9574874639511108,0.3721090606572333,0.227557946985991,0.3721 ± 0.2276,0.0274833136904463,1.5032500055566438,393.0,0.0,393 ± 0,393.0,393.0,67.29708060962241,0.000860029222906,67.3 ± 0.00086,67.29510498046875,67.29889678955078,75.3416748046875,1,1,1,1,1:298,0,0,0.0,model_static,False,mckenzie2003,BDT,6.02175905560487,6.0186285972595215,5.9846038818359375,6.08690357208252,6.08690357208252,7.502190875073713,3.93,2.820906040268456,2.84,2.84,0,0.0,0.0,0,0.0,0.0,0,0.0,0.0,298,1794.4841985702517,840.6299999999999,0,0.0,0.0,0,0.0,0.0,,,,,,,,BDT
static,model_static/summary_timeseries.csv,20,11.9,298,119200.0,1163.0774822875155,14.20121742195375,1163 ± 14.2,1136.41357421875,1211.7552490234375,1.940387676626244,0.0022496970965876,1.94 ± 0.00225,1.940000057220459,1.9574874639511108,0.3721090606572333,0.227557946985991,0.3721 ± 0.2276,0.0274833136904463,1.5032500055566438,407.0,0.0,407 ± 0,407.0,407.0,68.78797198301994,0.0019762295426406,68.79 ± 0.001976,68.7818603515625,68.7920913696289,75.3416748046875,1,1,1,1,1:298,0,0,0.0,model_static,False,mckenzie2003,BDT,6.189647844173765,6.189878463745117,6.189878463745117,6.189878463745117,6.189878463745117,7.713198173907354,4.07,2.869932885906041,2.87,2.87,0,0.0,0.0,0,0.0,0.0,0,0.0,0.0,298,1844.5150575637815,855.2400000000002,0,0.0,0.0,0,0.0,0.0,,,,,,,,BDT
static,model_static/summary_timeseries.csv,20,11.8,298,119200.0,1163.0774822875155,14.20121742195375,1163 ± 14.2,1136.41357421875,1211.7552490234375,1.940387676626244,0.0022496970965876,1.94 ± 0.00225,1.940000057220459,1.9574874639511108,0.3721090606572333,0.227557946985991,0.3721 ± 0.2276,0.0274833136904463,1.5032500055566438,412.0,0.0,412 ± 0,412.0,412.0,69.69026685881134,0.001505321756287,69.69 ± 0.001505,69.68685150146484,69.6936264038086,75.3416748046875,1,1,1,1,1:298,0,0,0.0,model_static,False,mckenzie2003,BDT,6.244543843621376,6.258902549743652,6.189878463745117,6.258902549743652,6.258902549743652,7.78220037111949,4.12,2.8858389261744968,2.89,2.89,0,0.0,0.0,0,0.0,0.0,0,0.0,0.0,298,1860.87406539917,859.98,0,0.0,0.0,0,0.0,0.0,,,,,,,,BDT
static,model_static/summary_timeseries.csv,20,11.7,298,119200.0,1163.0774822875155,14.20121742195375,1163 ± 14.2,1136.41357421875,1211.7552490234375,1.940387676626244,0.0022496970965876,1.94 ± 0.00225,1.940000057220459,1.9574874639511108,0.3721090606572333,0.227557946985991,0.3721 ± 0.2276,0.0274833136904463,1.5032500055566438,412.0,0.0,412 ± 0,412.0,412.0,70.63084921100796,0.0035552892839691,70.63 ± 0.003555,70.61759948730469,70.63380432128906,75.3416748046875,1,1,1,1,1:298,0,0,0.0,model_static,False,mckenzie2003,BDT,6.125495686627074,6.121153831481934,6.08690357208252,6.258902549743652,6.258902549743652,7.632567237034998,4.12,2.8512416107382554,2.89,2.89,0,0.0,0.0,0,0.0,0.0,0,0.0,0.0,298,1825.397714614868,849.6700000000001,0,0.0,0.0,0,0.0,0.0,,,,,,,,BDT
static,model_static/summary_timeseries.csv,20,11.6,298,119200.0,1163.0774822875155,14.20121742195375,1163 ± 14.2,1136.41357421875,1211.7552490234375,1.940387676626244,0.0022496970965876,1.94 ± 0.00225,1.940000057220459,1.9574874639511108,0.3721090606572333,0.227557946985991,0.3721 ± 0.2276,0.0274833136904463,1.5032500055566438,420.0,0.0,420 ± 0,420.0,420.0,69.91844753290982,0.0039616086067572,69.92 ± 0.003962,69.9129638671875,69.92697143554688,75.3416748046875,1,1,1,1,1:298,0,0,0.0,model_static,False,mckenzie2003,BDT,6.34192149271101,6.362997055053711,6.258902549743652,6.362997055053711,6.362997055053711,7.904609012650625,4.2,2.9139261744966447,2.92,2.92,0,0.0,0.0,0,0.0,0.0,0,0.0,0.0,298,1889.8926048278809,868.3500000000001,0,0.0,0.0,0,0.0,0.0,,,,,,,,BDT
static,model_static/summary_timeseries.csv,20,11.5,298,119200.0,1163.0774822875155,14.20121742195375,1163 ± 14.2,1136.41357421875,1211.7552490234375,1.940387676626244,0.0022496970965876,1.94 ± 0.00225,1.940000057220459,1.9574874639511108,0.3721090606572333,0.227557946985991,0.3721 ± 0.2276,0.0274833136904463,1.5032500055566438,427.0,0.0,427 ± 0,427.0,427.0,73.9404312748237,0.0044420673638689,73.94 ± 0.004442,73.92516326904297,73.94540405273438,75.3416748046875,1,1,1,1,1:298,0,0,0.0,model_static,False,mckenzie2003,BDT,6.258619070053101,6.258902549743652,6.121153831481934,6.362997055053711,6.397843837738037,7.799897861451711,4.2700000000000005,2.889832214765101,2.92,2.93,0,0.0,0.0,0,0.0,0.0,0,0.0,0.0,298,1865.068482875824,861.1700000000001,0,0.0,0.0,0,0.0,0.0,,,,,,,,BDT
static,model_static/summary_timeseries.csv,20,11.4,298,119200.0,1163.0774822875155,14.20121742195375,1163 ± 14.2,1136.41357421875,1211.7552490234375,1.940387676626244,0.0022496970965876,1.94 ± 0.00225,1.940000057220459,1.9574874639511108,0.3721090606572333,0.227557946985991,0.3721 ± 0.2276,0.0274833136904463,1.5032500055566438,434.1140939597315,0.3179253498611278,434.1 ± 0.3179,434.0,435.0,72.29382385663538,0.0141521487418474,72.29 ± 0.01415,72.28083038330078,72.33525085449219,75.3416748046875,1,1,1,1,1:298,0,0,0.0,model_static,False,mckenzie2003,BDT,6.395191010212738,6.397843837738037,6.362997055053711,6.4677605628967285,6.4677605628967285,7.971575492118781,4.341140939597316,2.929228187919463,2.95,2.95,0,0.0,0.0,0,0.0,0.0,0,0.0,0.0,298,1905.766921043396,872.91,0,0.0,0.0,0,0.0,0.0,,,,,,,,BDT
static,model_static/summary_timeseries.csv,20,11.3,298,119200.0,1163.0774822875155,14.20121742195375,1163 ± 14.2,1136.41357421875,1211.7552490234375,1.940387676626244,0.0022496970965876,1.94 ± 0.00225,1.940000057220459,1.9574874639511108,0.3721090606572333,0.227557946985991,0.3721 ± 0.2276,0.0274833136904463,1.5032500055566438,433.0,0.0,433 ± 0,433.0,433.0,71.60035242170295,0.0036908845765884,71.6 ± 0.003691,71.5866470336914,71.6034164428711,75.3416748046875,1,1,1,1,1:298,0,0,0.0,model_static,False,mckenzie2003,BDT,6.30131963595448,6.29352617263794,6.258902549743652,6.4677605628967285,6.4677605628967285,7.8535704190853535,4.329999999999999,2.9022147651006707,2.95,2.95,0,0.0,0.0,0,0.0,0.0,0,0.0,0.0,298,1877.7932515144348,864.8599999999999,0,0.0,0.0,0,0.0,0.0,,,,,,,,BDT
static,model_static/summary_timeseries.csv,20,11.2,298,119200.0,1163.0774822875155,14.20121742195375,1163 ± 14.2,1136.41357421875,1211.7552490234375,1.940387676626244,0.0022496970965876,1.94 ± 0.00225,1.940000057220459,1.9574874639511108,0.3721090606572333,0.227557946985991,0.3721 ± 0.2276,0.0274833136904463,1.5032500055566438,440.7953020134228,0.403480756503243,440.8 ± 0.4035,440.0,441.0,74.51066143880755,0.0166755192293238,74.51 ± 0.01668,74.46138000488281,74.52543640136719,75.3416748046875,1,1,1,1,1:298,0,0,0.0,model_static,False,mckenzie2003,BDT,6.385605096817017,6.397843837738037,6.258902549743652,6.4677605628967285,6.502830028533936,7.959526666935092,4.4079530201342285,2.926442953020134,2.95,2.96,0,0.0,0.0,0,0.0,0.0,0,0.0,0.0,298,1902.910318851471,872.0799999999999,0,0.0,0.0,0,0.0,0.0,,,,,,,,BDT
static,model_static/summary_timeseries.csv,20,11.1,298,119200.0,1163.0774822875155,14.20121742195375,1163 ± 14.2,1136.41357421875,1211.7552490234375,1.940387676626244,0.0022496970965876,1.94 ± 0.00225,1.940000057220459,1.9574874639511108,0.3721090606572333,0.227557946985991,0.3721 ± 0.2276,0.0274833136904463,1.5032500055566438,438.9261744966443,0.2614867079030625,438.9 ± 0.2615,438.0,439.0,76.63265753112384,0.0130770265932049,76.63 ± 0.01308,76.5846176147461,76.6388168334961,75.3416748046875,1,1,1,1,1:298,0,0,0.0,model_static,False,mckenzie2003,BDT,6.486589806191874,6.502830028533936,6.4677605628967285,6.502830028533936,6.502830028533936,8.086481892153854,4.389261744966443,2.9553691275167786,2.96,2.96,0,0.0,0.0,0,0.0,0.0,0,0.0,0.0,298,1933.0037622451785,880.7,0,0.0,0.0,0,0.0,0.0,,,,,,,,BDT
static,model_static/summary_timeseries.csv,20,11.0,298,119200.0,1163.0774822875155,14.20121742195375,1163 ± 14.2,1136.41357421875,1211.7552490234375,1.940387676626244,0.0022496970965876,1.94 ± 0.00225,1.940000057220459,1.9574874639511108,0.3721090606572333,0.227557946985991,0.3721 ± 0.2276,0.0274833136904463,1.5032500055566438,443.0,0.0,443 ± 0,443.0,443.0,75.72748965064952,0.0011880434183616,75.73 ± 0.001188,75.72086334228516,75.73019409179688,75.3416748046875,1,1,1,1,1:298,0,0,0.0,model_static,False,mckenzie2003,BDT,6.51512409696643,6.502830028533936,6.4677605628967285,6.573190689086914,6.573190689086914,8.122357665040038,4.43,2.9634899328859063,2.98,2.98,0,0.0,0.0,0,0.0,0.0,0,0.0,0.0,298,1941.506980895996,883.1200000000001,0,0.0,0.0,0,0.0,0.0,,,,,,,,BDT
static,model_static/summary_timeseries.csv,20,10.9,298,119200.0,1163.0774822875155,14.20121742195375,1163 ± 14.2,1136.41357421875,1211.7552490234375,1.940387676626244,0.0022496970965876,1.94 ± 0.00225,1.940000057220459,1.9574874639511108,0.3721090606572333,0.227557946985991,0.3721 ± 0.2276,0.0274833136904463,1.5032500055566438,441.6040268456376,0.4890587034157498,441.6 ± 0.4891,441.0,442.0,74.54286762211947,0.0218500358122533,74.54 ± 0.02185,74.51465606689453,74.56261444091797,75.3416748046875,1,1,1,1,1:298,0,0,0.0,model_static,False,mckenzie2003,BDT,6.481431154596725,6.502830028533936,6.397843837738037,6.502830028533936,6.502830028533936,8.07999651900716,4.416040268456376,2.953892617449665,2.96,2.96,0,0.0,0.0,0,0.0,0.0,0,0.0,0.0,298,1931.466484069824,880.2600000000001,0,0.0,0.0,0,0.0,0.0,,,,,,,,BDT
static,model_static/summary_timeseries.csv,20,10.8,298,119200.0,1163.0774822875155,14.20121742195375,1163 ± 14.2,1136.41357421875,1211.7552490234375,1.940387676626244,0.0022496970965876,1.94 ± 0.00225,1.940000057220459,1.9574874639511108,0.3721090606572333,0.227557946985991,0.3721 ± 0.2276,0.0274833136904463,1.5032500055566438,446.9832214765101,0.1284406658322459,447 ± 0.1284,446.0,447.0,74.78219386875229,0.0084392903306952,74.78 ± 0.008439,74.73194885253906,74.7937240600586,75.3416748046875,1,1,1,1,1:298,0,0,0.0,model_static,False,mckenzie2003,BDT,6.527153074341332,6.573190689086914,6.362997055053711,6.573190689086914,6.573190689086914,8.137483670005563,4.4698322147651,2.9668791946308724,2.98,2.98,0,0.0,0.0,0,0.0,0.0,0,0.0,0.0,298,1945.091616153717,884.13,0,0.0,0.0,0,0.0,0.0,,,,,,,,BDT
static,model_static/summary_timeseries.csv,20,10.7,298,119200.0,1163.0774822875155,14.20121742195375,1163 ± 14.2,1136.41357421875,1211.7552490234375,1.940387676626244,0.0022496970965876,1.94 ± 0.00225,1.940000057220459,1.9574874639511108,0.3721090606572333,0.227557946985991,0.3721 ± 0.2276,0.0274833136904463,1.5032500055566438,441.1845637583893,0.3879432657986113,441.2 ± 0.3879,441.0,442.0,77.49072567728543,0.020820415332142,77.49 ± 0.02082,77.4735107421875,77.5429916381836,75.3416748046875,1,1,1,1,1:298,0,0,0.0,model_static,False,mckenzie2003,BDT,6.463659972952517,6.4677605628967285,6.258902549743652,6.502830028533936,6.502830028533936,8.05765568103905,4.411845637583893,2.9487919463087247,2.96,2.96,0,0.0,0.0,0,0.0,0.0,0,0.0,0.0,298,1926.1706719398496,878.74,0,0.0,0.0,0,0.0,0.0,,,,,,,,BDT
static,model_static/summary_timeseries.csv,20,10.6,298,119200.0,1163.0774822875155,14.20121742195375,1163 ± 14.2,1136.41357421875,1211.7552490234375,1.940387676626244,0.0022496970965876,1.94 ± 0.00225,1.940000057220459,1.9574874639511108,0.3721090606572333,0.227557946985991,0.3721 ± 0.2276,0.0274833136904463,1.5032500055566438,441.0,0.0,441 ± 0,441.0,441.0,73.96290178746985,0.001294400997133,73.96 ± 0.001294,73.95745086669922,73.96484375,75.3416748046875,1,1,1,1,1:298,0,0,0.0,model_static,False,mckenzie2003,BDT,6.3325979821633975,6.362997055053711,6.258902549743652,6.397843837738037,6.397843837738037,7.892888649713673,4.409999999999999,2.911241610738255,2.93,2.93,0,0.0,0.0,0,0.0,0.0,0,0.0,0.0,298,1887.1141986846924,867.55,0,0.0,0.0,0,0.0,0.0,,,,,,,,BDT
static,model_static/summary_timeseries.csv,20,10.5,298,119200.0,1163.0774822875155,14.20121742195375,1163 ± 14.2,1136.41357421875,1211.7552490234375,1.940387676626244,0.0022496970965876,1.94 ± 0.00225,1.940000057220459,1.9574874639511108,0.3721090606572333,0.227557946985991,0.3721 ± 0.2276,0.0274833136904463,1.5032500055566438,441.9832214765101,0.1284406658322459,442 ± 0.1284,441.0,442.0,75.98992812393496,0.0060194852373719,75.99 ± 0.006019,75.94123840332031,75.99272155761719,75.3416748046875,1,1,1,1,1:298,0,0,0.0,model_static,False,mckenzie2003,BDT,6.381864070892334,6.397843837738037,6.29352617263794,6.4677605628967285,6.4677605628967285,7.954821706079932,4.419832214765101,2.925402684563758,2.95,2.95,0,0.0,0.0,0,0.0,0.0,0,0.0,0.0,298,1901.7954931259155,871.77,0,0.0,0.0,0,0.0,0.0,,,,,,,,BDT
static,model_static/summary_timeseries.csv,20,10.4,298,119200.0,1163.0774822875155,14.20121742195375,1163 ± 14.2,1136.41357421875,1211.7552490234375,1.940387676626244,0.0022496970965876,1.94 ± 0.00225,1.940000057220459,1.9574874639511108,0.3721090606572333,0.227557946985991,0.3721 ± 0.2276,0.0274833136904463,1.5032500055566438,430.496644295302,0.4999887391191724,430.5 ± 0.5,430.0,431.0,73.93455973887603,0.0220415746419965,73.93 ± 0.02204,73.89900970458984,73.95804595947266,75.3416748046875,1,1,1,1,1:298,0,0,0.0,model_static,False,mckenzie2003,BDT,6.2864658000485205,6.29352617263794,6.258902549743652,6.362997055053711,6.397843837738037,7.834897004848665,4.30496644295302,2.897953020134228,2.92,2.93,0,0.0,0.0,0,0.0,0.0,0,0.0,0.0,298,1873.3668084144592,863.5899999999999,0,0.0,0.0,0,0.0,0.0,,,,,,,,BDT
static,model_static/summary_timeseries.csv,20,10.3,298,119200.0,1163.0774822875155,14.20121742195375,1163 ± 14.2,1136.41357421875,1211.7552490234375,1.940387676626244,0.0022496970965876,1.94 ± 0.00225,1.940000057220459,1.9574874639511108,0.3721090606572333,0.227557946985991,0.3721 ± 0.2276,0.0274833136904463,1.5032500055566438,436.0,0.0,436 ± 0,436.0,436.0,76.36141012819022,0.0023161286754109,76.36 ± 0.002316,76.35801696777344,76.36761474609375,75.3416748046875,1,1,1,1,1:298,0,0,0.0,model_static,False,mckenzie2003,BDT,6.4471147620437925,6.4677605628967285,6.397843837738037,6.4677605628967285,6.4677605628967285,8.036853048402381,4.36,2.944093959731543,2.95,2.95,0,0.0,0.0,0,0.0,0.0,0,0.0,0.0,298,1921.2401990890503,877.3399999999999,0,0.0,0.0,0,0.0,0.0,,,,,,,,BDT
static,model_static/summary_timeseries.csv,20,10.2,298,119200.0,1163.0774822875155,14.20121742195375,1163 ± 14.2,1136.41357421875,1211.7552490234375,1.940387676626244,0.0022496970965876,1.94 ± 0.00225,1.940000057220459,1.9574874639511108,0.3721090606572333,0.227557946985991,0.3721 ± 0.2276,0.0274833136904463,1.5032500055566438,436.0,0.0,436 ± 0,436.0,436.0,79.27316340504076,0.0013012756647745,79.27 ± 0.001301,79.2620620727539,79.2750473022461,75.3416748046875,1,1,1,1,1:298,0,0,0.0,model_static,False,mckenzie2003,BDT,6.382919485937029,6.397843837738037,6.29352617263794,6.4677605628967285,6.4677605628967285,7.956148561811494,4.36,2.925704697986577,2.95,2.95,0,0.0,0.0,0,0.0,0.0,0,0.0,0.0,298,1902.1100068092344,871.86,0,0.0,0.0,0,0.0,0.0,,,,,,,,BDT
static,model_static/summary_timeseries.csv,20,10.1,298,119200.0,1163.0774822875155,14.20121742195375,1163 ± 14.2,1136.41357421875,1211.7552490234375,1.940387676626244,0.0022496970965876,1.94 ± 0.00225,1.940000057220459,1.9574874639511108,0.3721090606572333,0.227557946985991,0.3721 ± 0.2276,0.0274833136904463,1.5032500055566438,437.0,0.0,437 ± 0,437.0,437.0,76.66134200640172,0.0018487578311766,76.66 ± 0.001849,76.65371704101562,76.66504669189453,75.3416748046875,1,1,1,1,1:298,0,0,0.0,model_static,False,mckenzie2003,BDT,6.4618950658196574,6.4677605628967285,6.397843837738037,6.4677605628967285,6.4677605628967285,8.055434742662953,4.37,2.948322147651006,2.95,2.95,0,0.0,0.0,0,0.0,0.0,0,0.0,0.0,298,1925.6447296142576,878.5999999999999,0,0.0,0.0,0,0.0,0.0,,,,,,,,BDT
static,model_static/summary_timeseries.csv,20,10.0,298,119200.0,1163.0774822875155,14.20121742195375,1163 ± 14.2,1136.41357421875,1211.7552490234375,1.940387676626244,0.0022496970965876,1.94 ± 0.00225,1.940000057220459,1.9574874639511108,0.3721090606572333,0.227557946985991,0.3721 ± 0.2276,0.0274833136904463,1.5032500055566438,434.9832214765101,0.1284406658322459,435 ± 0.1284,434.0,435.0,73.64363968612363,0.0074032654546276,73.64 ± 0.007403,73.59465789794922,73.65967559814453,75.3416748046875,1,1,1,1,1:298,0,0,0.0,model_static,False,mckenzie2003,BDT,6.456778335891314,6.4677605628967285,6.377002644538879,6.4677605628967285,6.4677605628967285,8.049002769927393,4.349832214765102,2.946845637583892,2.95,2.95,0,0.0,0.0,0,0.0,0.0,0,0.0,0.0,298,1924.119944095612,878.1599999999999,0,0.0,0.0,0,0.0,0.0,,,,,,,,BDT
static,model_static/summary_timeseries.csv,20,9.9,298,119200.0,1163.0774822875155,14.20121742195375,1163 ± 14.2,1136.41357421875,1211.7552490234375,1.940387676626244,0.0022496970965876,1.94 ± 0.00225,1.940000057220459,1.9574874639511108,0.3721090606572333,0.227557946985991,0.3721 ± 0.2276,0.0274833136904463,1.5032500055566438,439.996644295302,0.0578311675825976,440 ± 0.05783,439.0,440.0,76.54821313947639,0.0035594267991358,76.55 ± 0.003559,76.49720764160156,76.5530014038086,75.3416748046875,1,1,1,1,1:298,0,0,0.0,model_static,False,mckenzie2003,BDT,6.502830028533936,6.502830028533936,6.502830028533936,6.502830028533936,6.502830028533936,8.10689992656994,4.399966442953019,2.9600000000000004,2.96,2.96,0,0.0,0.0,0,0.0,0.0,0,0.0,0.0,298,1937.8433485031128,882.0800000000002,0,0.0,0.0,0,0.0,0.0,,,,,,,,BDT
static,model_static/summary_timeseries.csv,20,9.8,298,119200.0,1163.0774822875155,14.20121742195375,1163 ± 14.2,1136.41357421875,1211.7552490234375,1.940387676626244,0.0022496970965876,1.94 ± 0.00225,1.940000057220459,1.9574874639511108,0.3721090606572333,0.227557946985991,0.3721 ± 0.2276,0.0274833136904463,1.5032500055566438,439.0872483221477,0.2821986045856193,439.1 ± 0.2822,439.0,440.0,74.62531667107703,0.0126307075292932,74.63 ± 0.01263,74.6123275756836,74.66635131835938,75.3416748046875,1,1,1,1,1:298,0,0,0.0,model_static,False,mckenzie2003,BDT,6.409367170909907,6.397843837738037,6.362997055053711,6.4677605628967285,6.4677605628967285,7.989397394430169,4.390872483221477,2.9332885906040267,2.95,2.95,0,0.0,0.0,0,0.0,0.0,0,0.0,0.0,298,1909.9914169311523,874.12,0,0.0,0.0,0,0.0,0.0,,,,,,,,BDT
static,model_static/summary_timeseries.csv,20,9.7,298,119200.0,1163.0774822875155,14.20121742195375,1163 ± 14.2,1136.41357421875,1211.7552490234375,1.940387676626244,0.0022496970965876,1.94 ± 0.00225,1.940000057220459,1.9574874639511108,0.3721090606572333,0.227557946985991,0.3721 ± 0.2276,0.0274833136904463,1.5032500055566438,441.0,0.0,441 ± 0,441.0,441.0,79.14093521937428,0.0010919582203112,79.14 ± 0.001092,79.13109588623047,79.1425552368164,75.3416748046875,1,1,1,1,1:298,0,0,0.0,model_static,False,mckenzie2003,BDT,6.456642590913196,6.4677605628967285,6.397843837738037,6.502830028533936,6.502830028533936,8.048831840757515,4.409999999999999,2.946812080536912,2.96,2.96,0,0.0,0.0,0,0.0,0.0,0,0.0,0.0,298,1924.0794920921328,878.1499999999999,0,0.0,0.0,0,0.0,0.0,,,,,,,,BDT
static,model_static/summary_timeseries.csv,20,9.6,298,119200.0,1163.0774822875155,14.20121742195375,1163 ± 14.2,1136.41357421875,1211.7552490234375,1.940387676626244,0.0022496970965876,1.94 ± 0.00225,1.940000057220459,1.9574874639511108,0.3721090606572333,0.227557946985991,0.3721 ± 0.2276,0.0274833136904463,1.5032500055566438,444.9463087248322,0.2254074580368679,444.9 ± 0.2254,444.0,445.0,79.91225604882976,0.0113791254715911,79.91 ± 0.01138,79.86445617675781,79.91793823242188,75.3416748046875,1,1,1,1,1:298,0,0,0.0,model_static,False,mckenzie2003,BDT,6.473682713988644,6.4677605628967285,6.397843837738037,6.502830028533936,6.573190689086914,8.0702551252598,4.449463087248322,2.9516778523489933,2.96,2.98,0,0.0,0.0,0,0.0,0.0,0,0.0,0.0,298,1929.157448768616,879.6,0,0.0,0.0,0,0.0,0.0,,,,,,,,BDT
static,model_static/summary_timeseries.csv,20,9.5,298,119200.0,1163.0774822875155,14.20121742195375,1163 ± 14.2,1136.41357421875,1211.7552490234375,1.940387676626244,0.0022496970965876,1.94 ± 0.00225,1.940000057220459,1.9574874639511108,0.3721090606572333,0.227557946985991,0.3721 ± 0.2276,0.0274833136904463,1.5032500055566438,435.0,0.0,435 ± 0,435.0,435.0,79.97820860587511,0.0033902787413215,79.98 ± 0.00339,79.9708251953125,79.9865951538086,75.3416748046875,1,1,1,1,1:298,0,0,0.0,model_static,False,mckenzie2003,BDT,6.448179163388758,6.4677605628967285,6.362997055053711,6.4677605628967285,6.4677605628967285,8.03819133217134,4.3500000000000005,2.944395973154362,2.95,2.95,0,0.0,0.0,0,0.0,0.0,0,0.0,0.0,298,1921.5573906898496,877.43,0,0.0,0.0,0,0.0,0.0,,,,,,,,BDT
static,model_static/summary_timeseries.csv,20,9.4,298,119200.0,1163.0774822875155,14.20121742195375,1163 ± 14.2,1136.41357421875,1211.7552490234375,1.940387676626244,0.0022496970965876,1.94 ± 0.00225,1.940000057220459,1.9574874639511108,0.3721090606572333,0.227557946985991,0.3721 ± 0.2276,0.0274833136904463,1.5032500055566438,442.9530201342282,0.2115957418850261,443 ± 0.2116,442.0,443.0,77.52709648593161,0.0114143972012665,77.53 ± 0.01141,77.47755432128906,77.53577423095703,75.3416748046875,1,1,1,1,1:298,0,0,0.0,model_static,False,mckenzie2003,BDT,6.453243210811743,6.4677605628967285,6.397843837738037,6.502830028533936,6.502830028533936,8.04455820983699,4.429530201342282,2.945838926174497,2.96,2.96,0,0.0,0.0,0,0.0,0.0,0,0.0,0.0,298,1923.0664768218996,877.86,0,0.0,0.0,0,0.0,0.0,,,,,,,,BDT
static,model_static/summary_timeseries.csv,20,9.3,298,119200.0,1163.0774822875155,14.20121742195375,1163 ± 14.2,1136.41357421875,1211.7552490234375,1.940387676626244,0.0022496970965876,1.94 ± 0.00225,1.940000057220459,1.9574874639511108,0.3721090606572333,0.227557946985991,0.3721 ± 0.2276,0.0274833136904463,1.5032500055566438,444.9127516778523,0.2821986045856193,444.9 ± 0.2822,444.0,445.0,76.39460127145652,0.0159322166345408,76.39 ± 0.01593,76.34508514404297,76.40739440917969,75.3416748046875,1,1,1,1,1:298,0,0,0.0,model_static,False,mckenzie2003,BDT,6.466538624475466,6.397843837738037,6.362997055053711,6.573190689086914,6.573190689086914,8.06127793785247,4.449127516778524,2.949563758389262,2.98,2.98,0,0.0,0.0,0,0.0,0.0,0,0.0,0.0,298,1927.028510093689,878.97,0,0.0,0.0,0,0.0,0.0,,,,,,,,BDT
static,model_static/summary_timeseries.csv,20,9.2,298,119200.0,1163.0774822875155,14.20121742195375,1163 ± 14.2,1136.41357421875,1211.7552490234375,1.940387676626244,0.0022496970965876,1.94 ± 0.00225,1.940000057220459,1.9574874639511108,0.3721090606572333,0.227557946985991,0.3721 ± 0.2276,0.0274833136904463,1.5032500055566438,448.993288590604,0.0816478191986338,449 ± 0.08165,448.0,449.0,77.03323041672675,0.0037122810626761,77.03 ± 0.003712,76.98917388916016,77.03558349609375,75.3416748046875,1,1,1,1,1:298,0,0,0.0,model_static,False,mckenzie2003,BDT,6.470628189560551,6.4677605628967285,6.397843837738037,6.502830028533936,6.573190689086914,8.066414912292258,4.4899328859060414,2.9508053691275165,2.96,2.98,0,0.0,0.0,0,0.0,0.0,0,0.0,0.0,298,1928.247200489044,879.3399999999999,0,0.0,0.0,0,0.0,0.0,,,,,,,,BDT
static,model_static/summary_timeseries.csv,20,9.1,298,119200.0,1163.0774822875155,14.20121742195375,1163 ± 14.2,1136.41357421875,1211.7552490234375,1.940387676626244,0.0022496970965876,1.94 ± 0.00225,1.940000057220459,1.9574874639511108,0.3721090606572333,0.227557946985991,0.3721 ± 0.2276,0.0274833136904463,1.5032500055566438,448.9060402684564,0.291772686164888,448.9 ± 0.2918,448.0,449.0,78.04057698601844,0.0142529980611312,78.04 ± 0.01425,77.99512481689453,78.04731750488281,75.3416748046875,1,1,1,1,1:298,0,0,0.0,model_static,False,mckenzie2003,BDT,6.487304836311596,6.502830028533936,6.4677605628967285,6.502830028533936,6.573190689086914,8.087381027480346,4.489060402684564,2.9555704697986576,2.96,2.98,0,0.0,0.0,0,0.0,0.0,0,0.0,0.0,298,1933.216841220856,880.76,0,0.0,0.0,0,0.0,0.0,,,,,,,,BDT
static,model_static/summary_timeseries.csv,20,9.0,298,119200.0,1163.0774822875155,14.20121742195375,1163 ± 14.2,1136.41357421875,1211.7552490234375,1.940387676626244,0.0022496970965876,1.94 ± 0.00225,1.940000057220459,1.9574874639511108,0.3721090606572333,0.227557946985991,0.3721 ± 0.2276,0.0274833136904463,1.5032500055566438,444.1711409395973,0.3766320729718374,444.2 ± 0.3766,444.0,445.0,79.33253432920316,0.0187289044399235,79.33 ± 0.01873,79.32159423828125,79.37466430664062,75.3416748046875,1,1,1,1,1:298,0,0,0.0,model_static,False,mckenzie2003,BDT,6.445707042745296,6.4677605628967285,6.397843837738037,6.4677605628967285,6.4677605628967285,8.035083272536,4.441711409395974,2.9436912751677853,2.95,2.95,0,0.0,0.0,0,0.0,0.0,0,0.0,0.0,298,1920.820698738098,877.22,0,0.0,0.0,0,0.0,0.0,,,,,,,,BDT
static,model_static/summary_timeseries.csv,20,8.9,298,119200.0,1163.0774822875155,14.20121742195375,1163 ± 14.2,1136.41357421875,1211.7552490234375,1.940387676626244,0.0022496970965876,1.94 ± 0.00225,1.940000057220459,1.9574874639511108,0.3721090606572333,0.227557946985991,0.3721 ± 0.2276,0.0274833136904463,1.5032500055566438,433.0,0.0,433 ± 0,433.0,433.0,74.91018466821453,0.0008053697016993,74.91 ± 0.0008054,74.908447265625,74.91165924072266,75.3416748046875,1,1,1,1,1:298,0,0,0.0,model_static,False,mckenzie2003,BDT,6.383497431774267,6.397843837738037,6.29352617263794,6.4677605628967285,6.4677605628967285,7.956875010040346,4.329999999999999,2.925872483221476,2.95,2.95,0,0.0,0.0,0,0.0,0.0,0,0.0,0.0,298,1902.282234668732,871.91,0,0.0,0.0,0,0.0,0.0,,,,,,,,BDT
static,model_static/summary_timeseries.csv,20,8.8,298,119200.0,1163.0774822875155,14.20121742195375,1163 ± 14.2,1136.41357421875,1211.7552490234375,1.940387676626244,0.0022496970965876,1.94 ± 0.00225,1.940000057220459,1.9574874639511108,0.3721090606572333,0.227557946985991,0.3721 ± 0.2276,0.0274833136904463,1.5032500055566438,431.0,0.0,431 ± 0,431.0,431.0,74.98565420368374,0.0032708904536383,74.99 ± 0.003271,74.98193359375,74.99689483642578,75.3416748046875,1,1,1,1,1:298,0,0,0.0,model_static,False,mckenzie2003,BDT,6.381973521021388,6.397843837738037,6.258902549743652,6.397843837738037,6.397843837738037,7.954959237582834,4.310000000000002,2.925436241610738,2.93,2.93,0,0.0,0.0,0,0.0,0.0,0,0.0,0.0,298,1901.8281092643736,871.78,0,0.0,0.0,0,0.0,0.0,,,,,,,,BDT
static,model_static/summary_timeseries.csv,20,8.7,298,119200.0,1163.0774822875155,14.20121742195375,1163 ± 14.2,1136.41357421875,1211.7552490234375,1.940387676626244,0.0022496970965876,1.94 ± 0.00225,1.940000057220459,1.9574874639511108,0.3721090606572333,0.227557946985991,0.3721 ± 0.2276,0.0274833136904463,1.5032500055566438,443.0,0.0,443 ± 0,443.0,443.0,77.45202106757452,0.0028831373885861,77.45 ± 0.002883,77.44325256347656,77.45556640625,75.3416748046875,1,1,1,1,1:298,0,0,0.0,model_static,False,mckenzie2003,BDT,6.428946295040566,6.397843837738037,6.362997055053711,6.502830028533936,6.502830028533936,8.014012001075105,4.43,2.9388926174496643,2.96,2.96,0,0.0,0.0,0,0.0,0.0,0,0.0,0.0,298,1915.8259959220889,875.79,0,0.0,0.0,0,0.0,0.0,,,,,,,,BDT
static,model_static/summary_timeseries.csv,20,8.6,298,119200.0,1163.0774822875155,14.20121742195375,1163 ± 14.2,1136.41357421875,1211.7552490234375,1.940387676626244,0.0022496970965876,1.94 ± 0.00225,1.940000057220459,1.9574874639511108,0.3721090606572333,0.227557946985991,0.3721 ± 0.2276,0.0274833136904463,1.5032500055566438,439.1946308724832,0.395916273926245,439.2 ± 0.3959,439.0,440.0,78.4162046701316,0.0177818220313583,78.42 ± 0.01778,78.40589904785156,78.45327758789062,75.3416748046875,1,1,1,1,1:298,0,0,0.0,model_static,False,mckenzie2003,BDT,6.4723815117906405,6.4677605628967285,6.397843837738037,6.502830028533936,6.502830028533936,8.068619061995909,4.391946308724833,2.9513087248322147,2.96,2.96,0,0.0,0.0,0,0.0,0.0,0,0.0,0.0,298,1928.7696905136108,879.49,0,0.0,0.0,0,0.0,0.0,,,,,,,,BDT
static,model_static/summary_timeseries.csv,20,8.5,298,119200.0,1163.0774822875155,14.20121742195375,1163 ± 14.2,1136.41357421875,1211.7552490234375,1.940387676626244,0.0022496970965876,1.94 ± 0.00225,1.940000057220459,1.9574874639511108,0.3721090606572333,0.227557946985991,0.3721 ± 0.2276,0.0274833136904463,1.5032500055566438,441.0,0.0,441 ± 0,441.0,441.0,79.60997833661585,0.0012274157585483,79.61 ± 0.001227,79.60508728027344,79.6119384765625,75.3416748046875,1,1,1,1,1:298,0,0,0.0,model_static,False,mckenzie2003,BDT,6.397528974801902,6.397843837738037,6.362997055053711,6.4677605628967285,6.4677605628967285,7.974514639240724,4.409999999999999,2.92989932885906,2.95,2.95,0,0.0,0.0,0,0.0,0.0,0,0.0,0.0,298,1906.4636344909668,873.11,0,0.0,0.0,0,0.0,0.0,,,,,,,,BDT
static,model_static/summary_timeseries.csv,20,8.4,298,119200.0,1163.0774822875155,14.20121742195375,1163 ± 14.2,1136.41357421875,1211.7552490234375,1.940387676626244,0.0022496970965876,1.94 ± 0.00225,1.940000057220459,1.9574874639511108,0.3721090606572333,0.227557946985991,0.3721 ± 0.2276,0.0274833136904463,1.5032500055566438,446.993288590604,0.0816478191986338,447 ± 0.08165,446.0,447.0,80.4969180830373,0.0037859178842233,80.5 ± 0.003786,80.45159149169922,80.49887084960938,75.3416748046875,1,1,1,1,1:298,0,0,0.0,model_static,False,mckenzie2003,BDT,6.510776538976887,6.502830028533936,6.4677605628967285,6.573190689086914,6.573190689086914,8.116891815444676,4.469932885906039,2.962248322147651,2.98,2.98,0,0.0,0.0,0,0.0,0.0,0,0.0,0.0,298,1940.2114086151123,882.75,0,0.0,0.0,0,0.0,0.0,,,,,,,,BDT
static,model_static/summary_timeseries.csv,20,8.3,298,119200.0,1163.0774822875155,14.20121742195375,1163 ± 14.2,1136.41357421875,1211.7552490234375,1.940387676626244,0.0022496970965876,1.94 ± 0.00225,1.940000057220459,1.9574874639511108,0.3721090606572333,0.227557946985991,0.3721 ± 0.2276,0.0274833136904463,1.5032500055566438,441.0,0.0,441 ± 0,441.0,441.0,78.58250726789436,0.0053527491238957,78.58 ± 0.005353,78.57156372070312,78.58753967285156,75.3416748046875,1,1,1,1,1:298,0,0,0.0,model_static,False,mckenzie2003,BDT,6.381882510729284,6.362997055053711,6.29352617263794,6.502830028533936,6.502830028533936,7.954847175386021,4.409999999999999,2.9253691275167784,2.96,2.96,0,0.0,0.0,0,0.0,0.0,0,0.0,0.0,298,1901.800988197327,871.76,0,0.0,0.0,0,0.0,0.0,,,,,,,,BDT
static,model_static/summary_timeseries.csv,20,8.2,298,119200.0,1163.0774822875155,14.20121742195375,1163 ± 14.2,1136.41357421875,1211.7552490234375,1.940387676626244,0.0022496970965876,1.94 ± 0.00225,1.940000057220459,1.9574874639511108,0.3721090606572333,0.227557946985991,0.3721 ± 0.2276,0.0274833136904463,1.5032500055566438,441.0,0.0,441 ± 0,441.0,441.0,79.9455695952345,0.0014769074731337,79.95 ± 0.001477,79.93186950683594,79.94735717773438,75.3416748046875,1,1,1,1,1:298,0,0,0.0,model_static,False,mckenzie2003,BDT,6.362924210977234,6.362997055053711,6.29352617263794,6.397843837738037,6.502830028533936,7.931011685696091,4.409999999999999,2.9199664429530205,2.93,2.96,0,0.0,0.0,0,0.0,0.0,0,0.0,0.0,298,1896.151414871216,870.1500000000001,0,0.0,0.0,0,0.0,0.0,,,,,,,,BDT
static,model_static/summary_timeseries.csv,20,8.1,298,119200.0,1163.0774822875155,14.20121742195375,1163 ± 14.2,1136.41357421875,1211.7552490234375,1.940387676626244,0.0022496970965876,1.94 ± 0.00225,1.940000057220459,1.9574874639511108,0.3721090606572333,0.227557946985991,0.3721 ± 0.2276,0.0274833136904463,1.5032500055566438,440.0771812080537,0.2668787537011219,440.1 ± 0.2669,440.0,441.0,79.61607819115555,0.0141710065076526,79.62 ± 0.01417,79.6046142578125,79.6697006225586,75.3416748046875,1,1,1,1,1:298,0,0,0.0,model_static,False,mckenzie2003,BDT,6.425367654569997,6.4677605628967285,6.362997055053711,6.502830028533936,6.502830028533936,8.009513870440935,4.400771812080537,2.937852348993289,2.96,2.96,0,0.0,0.0,0,0.0,0.0,0,0.0,0.0,298,1914.7595610618591,875.48,0,0.0,0.0,0,0.0,0.0,,,,,,,,BDT
static,model_static/summary_timeseries.csv,20,8.0,298,119200.0,1163.0774822875155,14.20121742195375,1163 ± 14.2,1136.41357421875,1211.7552490234375,1.940387676626244,0.0022496970965876,1.94 ± 0.00225,1.940000057220459,1.9574874639511108,0.3721090606572333,0.227557946985991,0.3721 ± 0.2276,0.0274833136904463,1.5032500055566438,449.755033557047,0.4300673026166542,449.8 ± 0.4301,449.0,450.0,80.58612613549968,0.0192336859296991,80.59 ± 0.01923,80.5390853881836,80.59869384765625,75.3416748046875,1,1,1,1,1:298,0,0,0.0,model_static,False,mckenzie2003,BDT,6.415345840006067,6.397843837738037,6.362997055053711,6.4677605628967285,6.573190689086914,7.996913693246753,4.49755033557047,2.935,2.95,2.98,0,0.0,0.0,0,0.0,0.0,0,0.0,0.0,298,1911.773060321808,874.63,0,0.0,0.0,0,0.0,0.0,,,,,,,,BDT
static,model_static/summary_timeseries.csv,20,7.9,298,119200.0,1163.0774822875155,14.20121742195375,1163 ± 14.2,1136.41357421875,1211.7552490234375,1.940387676626244,0.0022496970965876,1.94 ± 0.00225,1.940000057220459,1.9574874639511108,0.3721090606572333,0.227557946985991,0.3721 ± 0.2276,0.0274833136904463,1.5032500055566438,449.9395973154362,0.2382314006617295,449.9 ± 0.2382,449.0,450.0,82.71262185525575,0.0106065087006453,82.71 ± 0.01061,82.67036437988281,82.71693420410156,75.3416748046875,1,1,1,1,1:298,0,0,0.0,model_static,False,mckenzie2003,BDT,6.417810476866345,6.397843837738037,6.362997055053711,6.4677605628967285,6.502830028533936,8.000012238868708,4.499395973154363,2.9357046979865773,2.95,2.96,0,0.0,0.0,0,0.0,0.0,0,0.0,0.0,298,1912.5075221061709,874.84,0,0.0,0.0,0,0.0,0.0,,,,,,,,BDT
static,model_static/summary_timeseries.csv,20,7.8,298,119200.0,1163.0774822875155,14.20121742195375,1163 ± 14.2,1136.41357421875,1211.7552490234375,1.940387676626244,0.0022496970965876,1.94 ± 0.00225,1.940000057220459,1.9574874639511108,0.3721090606572333,0.227557946985991,0.3721 ± 0.2276,0.0274833136904463,1.5032500055566438,447.38926174496646,0.487582853340971,447.4 ± 0.4876,447.0,448.0,83.20938796485031,0.0219751582091117,83.21 ± 0.02198,83.18128204345703,83.23809814453125,75.3416748046875,1,1,1,1,1:298,0,0,0.0,model_static,False,mckenzie2003,BDT,6.358611052468319,6.362997055053711,6.29352617263794,6.397843837738037,6.502830028533936,7.925589661683444,4.473892617449664,2.918724832214765,2.93,2.96,0,0.0,0.0,0,0.0,0.0,0,0.0,0.0,298,1894.866093635559,869.78,0,0.0,0.0,0,0.0,0.0,,,,,,,,BDT
static,model_static/summary_timeseries.csv,20,7.7,298,119200.0,1163.0774822875155,14.20121742195375,1163 ± 14.2,1136.41357421875,1211.7552490234375,1.940387676626244,0.0022496970965876,1.94 ± 0.00225,1.940000057220459,1.9574874639511108,0.3721090606572333,0.227557946985991,0.3721 ± 0.2276,0.0274833136904463,1.5032500055566438,448.0,0.0,448 ± 0,448.0,448.0,80.75469776127963,0.0008358740491309,80.75 ± 0.0008359,80.7529067993164,80.7567138671875,75.3416748046875,1,1,1,1,1:298,0,0,0.0,model_static,False,mckenzie2003,BDT,6.528346981778241,6.502830028533936,6.4677605628967285,6.573190689086914,6.573190689086914,8.138982926350904,4.480000000000001,2.967248322147651,2.98,2.98,0,0.0,0.0,0,0.0,0.0,0,0.0,0.0,298,1945.447400569916,884.24,0,0.0,0.0,0,0.0,0.0,,,,,,,,BDT
static,model_static/summary_timeseries.csv,20,7.6,298,119200.0,1163.0774822875155,14.20121742195375,1163 ± 14.2,1136.41357421875,1211.7552490234375,1.940387676626244,0.0022496970965876,1.94 ± 0.00225,1.940000057220459,1.9574874639511108,0.3721090606572333,0.227557946985991,0.3721 ± 0.2276,0.0274833136904463,1.5032500055566438,447.4127516778523,0.4923288842658124,447.4 ± 0.4923,447.0,448.0,83.05100603551672,0.0223798913500398,83.05 ± 0.02238,83.02347564697266,83.07910919189453,75.3416748046875,1,1,1,1,1:298,0,0,0.0,model_static,False,mckenzie2003,BDT,6.392479781336433,6.397843837738037,6.362997055053711,6.4677605628967285,6.4677605628967285,7.96816675038872,4.474127516778523,2.9284563758389264,2.95,2.95,0,0.0,0.0,0,0.0,0.0,0,0.0,0.0,298,1904.9589748382568,872.6800000000001,0,0.0,0.0,0,0.0,0.0,,,,,,,,BDT
static,model_static/summary_timeseries.csv,20,7.5,298,119200.0,1163.0774822875155,14.20121742195375,1163 ± 14.2,1136.41357421875,1211.7552490234375,1.940387676626244,0.0022496970965876,1.94 ± 0.00225,1.940000057220459,1.9574874639511108,0.3721090606572333,0.227557946985991,0.3721 ± 0.2276,0.0274833136904463,1.5032500055566438,446.0,0.0,446 ± 0,446.0,446.0,81.24094762098069,0.0018121760863538,81.24 ± 0.001812,81.23857116699219,81.24626159667969,75.3416748046875,1,1,1,1,1:298,0,0,0.0,model_static,False,mckenzie2003,BDT,6.540384849445932,6.573190689086914,6.4677605628967285,6.573190689086914,6.573190689086914,8.154118174362546,4.46,2.970671140939597,2.98,2.98,0,0.0,0.0,0,0.0,0.0,0,0.0,0.0,298,1949.034685134888,885.26,0,0.0,0.0,0,0.0,0.0,,,,,,,,BDT
static,model_static/summary_timeseries.csv,20,7.4,298,119200.0,1163.0774822875155,14.20121742195375,1163 ± 14.2,1136.41357421875,1211.7552490234375,1.940387676626244,0.0022496970965876,1.94 ± 0.00225,1.940000057220459,1.9574874639511108,0.3721090606572333,0.227557946985991,0.3721 ± 0.2276,0.0274833136904463,1.5032500055566438,449.993288590604,0.0816478191986338,450 ± 0.08165,449.0,450.0,82.13017756826926,0.0050115042975958,82.13 ± 0.005012,82.08234405517578,82.13590240478516,75.3416748046875,1,1,1,1,1:298,0,0,0.0,model_static,False,mckenzie2003,BDT,6.497918602604194,6.502830028533936,6.4677605628967285,6.573190689086914,6.573190689086914,8.10072560487762,4.49993288590604,2.958590604026846,2.98,2.98,0,0.0,0.0,0,0.0,0.0,0,0.0,0.0,298,1936.3797435760496,881.6600000000001,0,0.0,0.0,0,0.0,0.0,,,,,,,,BDT
static,model_static/summary_timeseries.csv,20,7.3,298,119200.0,1163.0774822875155,14.20121742195375,1163 ± 14.2,1136.41357421875,1211.7552490234375,1.940387676626244,0.0022496970965876,1.94 ± 0.00225,1.940000057220459,1.9574874639511108,0.3721090606572333,0.227557946985991,0.3721 ± 0.2276,0.0274833136904463,1.5032500055566438,452.0,0.0,452 ± 0,452.0,452.0,83.91374698101274,0.0012522319085839,83.91 ± 0.001252,83.90216827392578,83.915283203125,75.3416748046875,1,1,1,1,1:298,0,0,0.0,model_static,False,mckenzie2003,BDT,6.517847168365581,6.502830028533936,6.4677605628967285,6.573190689086914,6.608481407165527,8.125781550525815,4.5200000000000005,2.9642617449664432,2.98,2.99,0,0.0,0.0,0,0.0,0.0,0,0.0,0.0,298,1942.3184561729431,883.3500000000001,0,0.0,0.0,0,0.0,0.0,,,,,,,,BDT
static,model_static/summary_timeseries.csv,20,7.2,298,119200.0,1163.0774822875155,14.20121742195375,1163 ± 14.2,1136.41357421875,1211.7552490234375,1.940387676626244,0.0022496970965876,1.94 ± 0.00225,1.940000057220459,1.9574874639511108,0.3721090606572333,0.227557946985991,0.3721 ± 0.2276,0.0274833136904463,1.5032500055566438,452.9060402684564,0.291772686164888,452.9 ± 0.2918,452.0,453.0,82.71526024325583,0.0139393826295206,82.72 ± 0.01394,82.67170715332031,82.7263412475586,75.3416748046875,1,1,1,1,1:298,0,0,0.0,model_static,False,mckenzie2003,BDT,6.542911875167949,6.573190689086914,6.4677605628967285,6.608481407165527,6.608481407165527,8.157296397061767,4.529060402684564,2.9713758389261744,2.99,2.99,0,0.0,0.0,0,0.0,0.0,0,0.0,0.0,298,1949.7877388000488,885.47,0,0.0,0.0,0,0.0,0.0,,,,,,,,BDT
static,model_static/summary_timeseries.csv,20,7.1,298,119200.0,1163.0774822875155,14.20121742195375,1163 ± 14.2,1136.41357421875,1211.7552490234375,1.940387676626244,0.0022496970965876,1.94 ± 0.00225,1.940000057220459,1.9574874639511108,0.3721090606572333,0.227557946985991,0.3721 ± 0.2276,0.0274833136904463,1.5032500055566438,453.9295302013423,0.2559371136331321,453.9 ± 0.2559,453.0,454.0,84.63129343122444,0.0115677805840196,84.63 ± 0.01157,84.5783462524414,84.63653564453125,75.3416748046875,1,1,1,1,1:298,0,0,0.0,model_static,False,mckenzie2003,BDT,6.498532340030542,6.502830028533936,6.397843837738037,6.573190689086914,6.608481407165527,8.101497689264246,4.539295302013423,2.958758389261745,2.98,2.99,0,0.0,0.0,0,0.0,0.0,0,0.0,0.0,298,1936.5626373291016,881.71,0,0.0,0.0,0,0.0,0.0,,,,,,,,BDT
static,model_static/summary_timeseries.csv,20,7.0,298,119200.0,1163.0774822875155,14.20121742195375,1163 ± 14.2,1136.41357421875,1211.7552490234375,1.940387676626244,0.0022496970965876,1.94 ± 0.00225,1.940000057220459,1.9574874639511108,0.3721090606572333,0.227557946985991,0.3721 ± 0.2276,0.0274833136904463,1.5032500055566438,454.0,0.0,454 ± 0,454.0,454.0,83.50216746490274,0.0014913894007288,83.5 ± 0.001491,83.49939727783203,83.50592041015625,75.3416748046875,1,1,1,1,1:298,0,0,0.0,model_static,False,mckenzie2003,BDT,6.596407962325436,6.608481407165527,6.573190689086914,6.608481407165527,6.608481407165527,8.224557993694342,4.54,2.986577181208054,2.99,2.99,0,0.0,0.0,0,0.0,0.0,0,0.0,0.0,298,1965.72957277298,890.0000000000001,0,0.0,0.0,0,0.0,0.0,,,,,,,,BDT
static,model_static/summary_timeseries.csv,20,6.9,298,119200.0,1163.0774822875155,14.20121742195375,1163 ± 14.2,1136.41357421875,1211.7552490234375,1.940387676626244,0.0022496970965876,1.94 ± 0.00225,1.940000057220459,1.9574874639511108,0.3721090606572333,0.227557946985991,0.3721 ± 0.2276,0.0274833136904463,1.5032500055566438,451.48993288590606,0.4998986429405658,451.5 ± 0.4999,451.0,452.0,83.2379207483074,0.025892351669852,83.24 ± 0.02589,83.2056884765625,83.2660903930664,75.3416748046875,1,1,1,1,1:298,0,0,0.0,model_static,False,mckenzie2003,BDT,6.452058310476725,6.397843837738037,6.362997055053711,6.608481407165527,6.608481407165527,8.0430725492279,4.514899328859061,2.9454362416107385,2.99,2.99,0,0.0,0.0,0,0.0,0.0,0,0.0,0.0,298,1922.713376522064,877.74,0,0.0,0.0,0,0.0,0.0,,,,,,,,BDT
static,model_static/summary_timeseries.csv,20,6.8,298,119200.0,1163.0774822875155,14.20121742195375,1163 ± 14.2,1136.41357421875,1211.7552490234375,1.940387676626244,0.0022496970965876,1.94 ± 0.00225,1.940000057220459,1.9574874639511108,0.3721090606572333,0.227557946985991,0.3721 ± 0.2276,0.0274833136904463,1.5032500055566438,451.9060402684564,0.291772686164888,451.9 ± 0.2918,451.0,452.0,81.31530690033163,0.0148351535785229,81.32 ± 0.01484,81.25785827636719,81.32194519042969,75.3416748046875,1,1,1,1,1:298,0,0,0.0,model_static,False,mckenzie2003,BDT,6.396837063283728,6.397843837738037,6.362997055053711,6.4677605628967285,6.608481407165527,7.9736449668079645,4.519060402684564,2.929697986577181,2.95,2.99,0,0.0,0.0,0,0.0,0.0,0,0.0,0.0,298,1906.257444858551,873.05,0,0.0,0.0,0,0.0,0.0,,,,,,,,BDT
static,model_static/summary_timeseries.csv,20,6.7,298,119200.0,1163.0774822875155,14.20121742195375,1163 ± 14.2,1136.41357421875,1211.7552490234375,1.940387676626244,0.0022496970965876,1.94 ± 0.00225,1.940000057220459,1.9574874639511108,0.3721090606572333,0.227557946985991,0.3721 ± 0.2276,0.0274833136904463,1.5032500055566438,457.4026845637584,0.490438279367654,457.4 ± 0.4904,457.0,458.0,84.70242831851012,0.0232453703295616,84.7 ± 0.02325,84.67717742919922,84.73922729492188,75.3416748046875,1,1,1,1,1:298,0,0,0.0,model_static,False,mckenzie2003,BDT,6.5946962065344685,6.608481407165527,6.4677605628967285,6.679284572601318,6.679284572601318,8.222406815781241,4.574026845637584,2.986073825503356,3.01,3.01,0,0.0,0.0,0,0.0,0.0,0,0.0,0.0,298,1965.219469547272,889.8500000000001,0,0.0,0.0,0,0.0,0.0,,,,,,,,BDT
static,model_static/summary_timeseries.csv,20,6.6,298,119200.0,1163.0774822875155,14.20121742195375,1163 ± 14.2,1136.41357421875,1211.7552490234375,1.940387676626244,0.0022496970965876,1.94 ± 0.00225,1.940000057220459,1.9574874639511108,0.3721090606572333,0.227557946985991,0.3721 ± 0.2276,0.0274833136904463,1.5032500055566438,455.993288590604,0.0816478191986338,456 ± 0.08165,455.0,456.0,85.37118279373885,0.0038311868378713,85.37 ± 0.003831,85.3265151977539,85.37567138671875,75.3416748046875,1,1,1,1,1:298,0,0,0.0,model_static,False,mckenzie2003,BDT,6.57157348626412,6.573190689086914,6.502830028533936,6.608481407165527,6.608481407165527,8.193332449560693,4.559932885906042,2.979530201342282,2.99,2.99,0,0.0,0.0,0,0.0,0.0,0,0.0,0.0,298,1958.328898906708,887.9000000000001,0,0.0,0.0,0,0.0,0.0,,,,,,,,BDT
static,model_static/summary_timeseries.csv,20,6.5,298,119200.0,1163.0774822875155,14.20121742195375,1163 ± 14.2,1136.41357421875,1211.7552490234375,1.940387676626244,0.0022496970965876,1.94 ± 0.00225,1.940000057220459,1.9574874639511108,0.3721090606572333,0.227557946985991,0.3721 ± 0.2276,0.0274833136904463,1.5032500055566438,458.9597315436242,0.1965881679983464,459 ± 0.1966,458.0,459.0,83.82574680507584,0.0095980697955675,83.83 ± 0.009598,83.77886962890625,83.83132934570312,75.3416748046875,1,1,1,1,1:298,0,0,0.0,model_static,False,mckenzie2003,BDT,6.678809383571548,6.679284572601318,6.679284572601318,6.679284572601318,6.679284572601318,8.328170597103371,4.589597315436242,3.00986577181208,3.01,3.01,0,0.0,0.0,0,0.0,0.0,0,0.0,0.0,298,1990.2851963043213,896.9399999999998,0,0.0,0.0,0,0.0,0.0,,,,,,,,BDT
static,model_static/summary_timeseries.csv,20,6.4,298,119200.0,1163.0774822875155,14.20121742195375,1163 ± 14.2,1136.41357421875,1211.7552490234375,1.940387676626244,0.0022496970965876,1.94 ± 0.00225,1.940000057220459,1.9574874639511108,0.3721090606572333,0.227557946985991,0.3721 ± 0.2276,0.0274833136904463,1.5032500055566438,454.0,0.0,454 ± 0,454.0,454.0,85.7628501021622,0.0012303763693341,85.76 ± 0.00123,85.75776672363281,85.76551818847656,75.3416748046875,1,1,1,1,1:298,0,0,0.0,model_static,False,mckenzie2003,BDT,6.594751489242452,6.608481407165527,6.573190689086914,6.608481407165527,6.608481407165527,8.222475215943616,4.54,2.986107382550336,2.99,2.99,0,0.0,0.0,0,0.0,0.0,0,0.0,0.0,298,1965.2359437942505,889.8600000000001,0,0.0,0.0,0,0.0,0.0,,,,,,,,BDT
static,model_static/summary_timeseries.csv,20,6.3,298,119200.0,1163.0774822875155,14.20121742195375,1163 ± 14.2,1136.41357421875,1211.7552490234375,1.940387676626244,0.0022496970965876,1.94 ± 0.00225,1.940000057220459,1.9574874639511108,0.3721090606572333,0.227557946985991,0.3721 ± 0.2276,0.0274833136904463,1.5032500055566438,458.71140939597313,0.4531071256273355,458.7 ± 0.4531,458.0,459.0,80.37077357144963,0.0215238183405245,80.37 ± 0.02152,80.33354187011719,80.38719940185547,75.3416748046875,1,1,1,1,1:298,0,0,0.0,model_static,False,mckenzie2003,BDT,6.679046978086433,6.679284572601318,6.679284572601318,6.679284572601318,6.679284572601318,8.328469353380337,4.587114093959731,3.00993288590604,3.01,3.01,0,0.0,0.0,0,0.0,0.0,0,0.0,0.0,298,1990.355999469757,896.9599999999998,0,0.0,0.0,0,0.0,0.0,,,,,,,,BDT
static,model_static/summary_timeseries.csv,20,6.2,298,119200.0,1163.0774822875155,14.20121742195375,1163 ± 14.2,1136.41357421875,1211.7552490234375,1.940387676626244,0.0022496970965876,1.94 ± 0.00225,1.940000057220459,1.9574874639511108,0.3721090606572333,0.227557946985991,0.3721 ± 0.2276,0.0274833136904463,1.5032500055566438,460.0,0.0,460 ± 0,460.0,460.0,83.20734743463913,0.0030501338788804,83.21 ± 0.00305,83.1997299194336,83.21295166015625,75.3416748046875,1,1,1,1,1:298,0,0,0.0,model_static,False,mckenzie2003,BDT,6.659801822380731,6.679284572601318,6.608481407165527,6.679284572601318,6.679284572601318,8.30427009494596,4.6000000000000005,3.0044966442953016,3.01,3.01,0,0.0,0.0,0,0.0,0.0,0,0.0,0.0,298,1984.620943069458,895.3399999999999,0,0.0,0.0,0,0.0,0.0,,,,,,,,BDT
static,model_static/summary_timeseries.csv,20,6.1,298,119200.0,1163.0774822875155,14.20121742195375,1163 ± 14.2,1136.41357421875,1211.7552490234375,1.940387676626244,0.0022496970965876,1.94 ± 0.00225,1.940000057220459,1.9574874639511108,0.3721090606572333,0.227557946985991,0.3721 ± 0.2276,0.0274833136904463,1.5032500055566438,463.6677852348993,0.4710075529646813,463.7 ± 0.471,463.0,464.0,87.34761247058843,0.022550060380535,87.35 ± 0.02255,87.30596923828125,87.36478424072266,75.3416748046875,1,1,1,1,1:298,0,0,0.0,model_static,False,mckenzie2003,BDT,6.614614457892092,6.608481407165527,6.573190689086914,6.750381946563721,6.750381946563721,8.247451707266686,4.636677852348994,2.9917114093959736,3.03,3.03,0,0.0,0.0,0,0.0,0.0,0,0.0,0.0,298,1971.1551084518435,891.5300000000001,0,0.0,0.0,0,0.0,0.0,,,,,,,,BDT
static,model_static/summary_timeseries.csv,20,6.0,298,119200.0,1163.0774822875155,14.20121742195375,1163 ± 14.2,1136.41357421875,1211.7552490234375,1.940387676626244,0.0022496970965876,1.94 ± 0.00225,1.940000057220459,1.9574874639511108,0.3721090606572333,0.227557946985991,0.3721 ± 0.2276,0.0274833136904463,1.5032500055566438,468.0,0.0,468 ± 0,468.0,468.0,87.13208760511155,0.0020010799624726,87.13 ± 0.002001,87.12744903564453,87.13597106933594,75.3416748046875,1,1,1,1,1:298,0,0,0.0,model_static,False,mckenzie2003,BDT,6.749904782980081,6.750381946563721,6.750381946563721,6.750381946563721,6.750381946563721,8.417572604749319,4.68,3.029865771812081,3.03,3.03,0,0.0,0.0,0,0.0,0.0,0,0.0,0.0,298,2011.471625328064,902.9,0,0.0,0.0,0,0.0,0.0,,,,,,,,BDT
static,model_static/summary_timeseries.csv,20,5.9,298,119200.0,1163.0774822875155,14.20121742195375,1163 ± 14.2,1136.41357421875,1211.7552490234375,1.940387676626244,0.0022496970965876,1.94 ± 0.00225,1.940000057220459,1.9574874639511108,0.3721090606572333,0.227557946985991,0.3721 ± 0.2276,0.0274833136904463,1.5032500055566438,463.0,0.0,463 ± 0,463.0,463.0,88.37474277675553,0.0009324344024903,88.37 ± 0.0009324,88.3652114868164,88.3763656616211,75.3416748046875,1,1,1,1,1:298,0,0,0.0,model_static,False,mckenzie2003,BDT,6.663420069137676,6.679284572601318,6.573190689086914,6.750381946563721,6.750381946563721,8.308820693091961,4.63,3.0055033557046977,3.03,3.03,0,0.0,0.0,0,0.0,0.0,0,0.0,0.0,298,1985.6991806030276,895.6399999999999,0,0.0,0.0,0,0.0,0.0,,,,,,,,BDT
static,model_static/summary_timeseries.csv,20,5.8,298,119200.0,1163.0774822875155,14.20121742195375,1163 ± 14.2,1136.41357421875,1211.7552490234375,1.940387676626244,0.0022496970965876,1.94 ± 0.00225,1.940000057220459,1.9574874639511108,0.3721090606572333,0.227557946985991,0.3721 ± 0.2276,0.0274833136904463,1.5032500055566438,464.741610738255,0.4377490732826943,464.7 ± 0.4377,464.0,465.0,85.87685017937781,0.0222277108536877,85.88 ± 0.02223,85.83222198486328,85.8917236328125,75.3416748046875,1,1,1,1,1:298,0,0,0.0,model_static,False,mckenzie2003,BDT,6.618079467107786,6.608481407165527,6.573190689086914,6.750381946563721,6.750381946563721,8.2518090184462,4.64741610738255,2.992684563758389,3.03,3.03,0,0.0,0.0,0,0.0,0.0,0,0.0,0.0,298,1972.18768119812,891.82,0,0.0,0.0,0,0.0,0.0,,,,,,,,BDT
static,model_static/summary_timeseries.csv,20,5.7,298,119200.0,1163.0774822875155,14.20121742195375,1163 ± 14.2,1136.41357421875,1211.7552490234375,1.940387676626244,0.0022496970965876,1.94 ± 0.00225,1.940000057220459,1.9574874639511108,0.3721090606572333,0.227557946985991,0.3721 ± 0.2276,0.0274833136904463,1.5032500055566438,469.97986577181206,0.1404593928621231,470 ± 0.1405,469.0,470.0,87.56116518878297,0.0071446652823572,87.56 ± 0.007145,87.51127624511719,87.56586456298828,75.3416748046875,1,1,1,1,1:298,0,0,0.0,model_static,False,mckenzie2003,BDT,6.786040782928467,6.786040782928467,6.786040782928467,6.786040782928467,6.786040782928467,8.463015322150232,4.69979865771812,3.04,3.04,3.04,0,0.0,0.0,0,0.0,0.0,0,0.0,0.0,298,2022.240153312683,905.9199999999998,0,0.0,0.0,0,0.0,0.0,,,,,,,,BDT
static,model_static/summary_timeseries.csv,20,5.6,298,119200.0,1163.0774822875155,14.20121742195375,1163 ± 14.2,1136.41357421875,1211.7552490234375,1.940387676626244,0.0022496970965876,1.94 ± 0.00225,1.940000057220459,1.9574874639511108,0.3721090606572333,0.227557946985991,0.3721 ± 0.2276,0.0274833136904463,1.5032500055566438,469.0,0.0,469 ± 0,469.0,469.0,88.56743178911657,0.003556488929556,88.57 ± 0.003556,88.56169891357422,88.57598876953125,75.3416748046875,1,1,1,1,1:298,0,0,0.0,model_static,False,mckenzie2003,BDT,6.767887867537121,6.786040782928467,6.679284572601318,6.786040782928467,6.786040782928467,8.440187779546577,4.69,3.03489932885906,3.04,3.04,0,0.0,0.0,0,0.0,0.0,0,0.0,0.0,298,2016.830584526062,904.4,0,0.0,0.0,0,0.0,0.0,,,,,,,,BDT
static,model_static/summary_timeseries.csv,20,5.5,298,119200.0,1163.0774822875155,14.20121742195375,1163 ± 14.2,1136.41357421875,1211.7552490234375,1.940387676626244,0.0022496970965876,1.94 ± 0.00225,1.940000057220459,1.9574874639511108,0.3721090606572333,0.227557946985991,0.3721 ± 0.2276,0.0274833136904463,1.5032500055566438,467.0,0.0,467 ± 0,467.0,467.0,89.79195821365253,0.0063412405363916,89.79 ± 0.006341,89.78297424316406,89.8067626953125,75.3416748046875,1,1,1,1,1:298,0,0,0.0,model_static,False,mckenzie2003,BDT,6.698298135859854,6.750381946563721,6.4677605628967285,6.750381946563721,6.750381946563721,8.352682504713592,4.670000000000001,3.015268456375839,3.03,3.03,0,0.0,0.0,0,0.0,0.0,0,0.0,0.0,298,1996.0928444862368,898.5500000000001,0,0.0,0.0,0,0.0,0.0,,,,,,,,BDT
static,model_static/summary_timeseries.csv,20,5.4,298,119200.0,1163.0774822875155,14.20121742195375,1163 ± 14.2,1136.41357421875,1211.7552490234375,1.940387676626244,0.0022496970965876,1.94 ± 0.00225,1.940000057220459,1.9574874639511108,0.3721090606572333,0.227557946985991,0.3721 ± 0.2276,0.0274833136904463,1.5032500055566438,469.0771812080537,0.2668787537011219,469.1 ± 0.2669,469.0,470.0,91.29284836941918,0.0124139623640297,91.29 ± 0.01241,91.27752685546876,91.33512115478516,75.3416748046875,1,1,1,1,1:298,0,0,0.0,model_static,False,mckenzie2003,BDT,6.618648356239268,6.608481407165527,6.573190689086914,6.750381946563721,6.750381946563721,8.252523942462563,4.690771812080537,2.992852348993289,3.03,3.03,0,0.0,0.0,0,0.0,0.0,0,0.0,0.0,298,1972.3572101593015,891.8700000000001,0,0.0,0.0,0,0.0,0.0,,,,,,,,BDT
static,model_static/summary_timeseries.csv,20,5.3,298,119200.0,1163.0774822875155,14.20121742195375,1163 ± 14.2,1136.41357421875,1211.7552490234375,1.940387676626244,0.0022496970965876,1.94 ± 0.00225,1.940000057220459,1.9574874639511108,0.3721090606572333,0.227557946985991,0.3721 ± 0.2276,0.0274833136904463,1.5032500055566438,470.993288590604,0.0816478191986338,471 ± 0.08165,470.0,471.0,87.07168195071637,0.0036965982181138,87.07 ± 0.003697,87.02774047851562,87.07374572753906,75.3416748046875,1,1,1,1,1:298,0,0,0.0,model_static,False,mckenzie2003,BDT,6.708554885531432,6.679284572601318,6.608481407165527,6.786040782928467,6.786040782928467,8.365576125341338,4.70993288590604,3.018221476510067,3.04,3.04,0,0.0,0.0,0,0.0,0.0,0,0.0,0.0,298,1999.1493558883667,899.43,0,0.0,0.0,0,0.0,0.0,,,,,,,,BDT
static,model_static/summary_timeseries.csv,20,5.2,298,119200.0,1163.0774822875155,14.20121742195375,1163 ± 14.2,1136.41357421875,1211.7552490234375,1.940387676626244,0.0022496970965876,1.94 ± 0.00225,1.940000057220459,1.9574874639511108,0.3721090606572333,0.227557946985991,0.3721 ± 0.2276,0.0274833136904463,1.5032500055566438,468.0,0.0,468 ± 0,468.0,468.0,87.7682098286264,0.003199039133508,87.77 ± 0.003199,87.76180267333984,87.77323913574219,75.3416748046875,1,1,1,1,1:298,0,0,0.0,model_static,False,mckenzie2003,BDT,6.721513549753484,6.750381946563721,6.679284572601318,6.750381946563721,6.750381946563721,8.381870797600842,4.68,3.0218791946308725,3.03,3.03,0,0.0,0.0,0,0.0,0.0,0,0.0,0.0,298,2003.011037826538,900.52,0,0.0,0.0,0,0.0,0.0,,,,,,,,BDT
static,model_static/summary_timeseries.csv,20,5.1,298,119200.0,1163.0774822875155,14.20121742195375,1163 ± 14.2,1136.41357421875,1211.7552490234375,1.940387676626244,0.0022496970965876,1.94 ± 0.00225,1.940000057220459,1.9574874639511108,0.3721090606572333,0.227557946985991,0.3721 ± 0.2276,0.0274833136904463,1.5032500055566438,465.993288590604,0.0816478191986338,466 ± 0.08165,465.0,466.0,88.70547280535602,0.0040784329159597,88.71 ± 0.004078,88.6589126586914,88.70918273925781,75.3416748046875,1,1,1,1,1:298,0,0,0.0,model_static,False,mckenzie2003,BDT,6.716507281233,6.750381946563721,6.679284572601318,6.750381946563721,6.750381946563721,8.3755755143289,4.65993288590604,3.020469798657718,3.03,3.03,0,0.0,0.0,0,0.0,0.0,0,0.0,0.0,298,2001.519169807434,900.0999999999999,0,0.0,0.0,0,0.0,0.0,,,,,,,,BDT
static,model_static/summary_timeseries.csv,20,5.0,298,119200.0,1163.0774822875155,14.20121742195375,1163 ± 14.2,1136.41357421875,1211.7552490234375,1.940387676626244,0.0022496970965876,1.94 ± 0.00225,1.940000057220459,1.9574874639511108,0.3721090606572333,0.227557946985991,0.3721 ± 0.2276,0.0274833136904463,1.5032500055566438,472.244966442953,0.4300673026166542,472.2 ± 0.4301,472.0,473.0,92.98010476643609,0.021256196681647,92.98 ± 0.02126,92.9577865600586,93.0195083618164,75.3416748046875,1,1,1,1,1:298,0,0,0.0,model_static,False,mckenzie2003,BDT,6.703565381517346,6.679284572601318,6.608481407165527,6.786040782928467,6.786040782928467,8.359302219196527,4.72244966442953,3.0168120805369125,3.04,3.04,0,0.0,0.0,0,0.0,0.0,0,0.0,0.0,298,1997.6624836921687,899.0099999999999,0,0.0,0.0,0,0.0,0.0,,,,,,,,BDT
static,model_static/summary_timeseries.csv,20,4.9,298,119200.0,1163.0774822875155,14.20121742195375,1163 ± 14.2,1136.41357421875,1211.7552490234375,1.940387676626244,0.0022496970965876,1.94 ± 0.00225,1.940000057220459,1.9574874639511108,0.3721090606572333,0.227557946985991,0.3721 ± 0.2276,0.0274833136904463,1.5032500055566438,476.9597315436242,0.1965881679983464,477 ± 0.1966,476.0,477.0,87.29223138693995,0.0091345323180889,87.29 ± 0.009135,87.2479248046875,87.29761505126953,75.3416748046875,1,1,1,1,1:298,0,0,0.0,model_static,False,mckenzie2003,BDT,6.851337488865692,6.857578277587891,6.786040782928467,6.857578277587891,6.857578277587891,8.545132614732422,4.769597315436242,3.058255033557047,3.06,3.06,0,0.0,0.0,0,0.0,0.0,0,0.0,0.0,298,2041.6985716819763,911.36,0,0.0,0.0,0,0.0,0.0,,,,,,,,BDT
static,model_static/summary_timeseries.csv,20,4.8,298,119200.0,1163.0774822875155,14.20121742195375,1163 ± 14.2,1136.41357421875,1211.7552490234375,1.940387676626244,0.0022496970965876,1.94 ± 0.00225,1.940000057220459,1.9574874639511108,0.3721090606572333,0.227557946985991,0.3721 ± 0.2276,0.0274833136904463,1.5032500055566438,487.2919463087249,10.080481617199704,487.3 ± 10.08,482.0,508.0,89.87251898746362,0.9298271488725256,89.87 ± 0.9298,89.40149688720703,91.78510284423828,75.3416748046875,1,1,1,1,1:298,0,0,0.0,model_static,False,mckenzie2003,BDT,7.017318207145538,6.857578277587891,6.750381946563721,7.895328044891357,7.895328044891357,8.671008571242648,4.872919463087249,3.0395973154362417,3.06,3.06,0,0.0,0.0,57,450.0336985588074,171.57,0,0.0,0.0,241,1641.1271271705627,734.2299999999999,0,0.0,0.0,0,0.0,0.0,,,,,,,,BDT
static,model_static/summary_timeseries.csv,20,4.7,298,119200.0,1163.0774822875155,14.20121742195375,1163 ± 14.2,1136.41357421875,1211.7552490234375,1.940387676626244,0.0022496970965876,1.94 ± 0.00225,1.940000057220459,1.9574874639511108,0.3721090606572333,0.227557946985991,0.3721 ± 0.2276,0.0274833136904463,1.5032500055566438,503.1577181208054,12.68587800797784,503.2 ± 12.69,486.0,513.0,92.27454097158956,1.1757867044530208,92.27 ± 1.176,90.71720123291016,93.18937683105467,75.3416748046875,1,1,1,1,1:298,0,0,0.0,model_static,False,mckenzie2003,BDT,7.485383052953938,7.895328044891357,6.786040782928467,7.895328044891357,7.895328044891357,9.072118051875377,5.031577181208054,3.0232214765100665,3.07,3.07,0,0.0,0.0,186,1468.5310163497925,559.8599999999999,0,0.0,0.0,112,762.113133430481,341.05999999999995,0,0.0,0.0,0,0.0,0.0,,,,,,,,BDT
static,model_static/summary_timeseries.csv,20,4.6,298,119200.0,1163.0774822875155,14.20121742195375,1163 ± 14.2,1136.41357421875,1211.7552490234375,1.940387676626244,0.0022496970965876,1.94 ± 0.00225,1.940000057220459,1.9574874639511108,0.3721090606572333,0.227557946985991,0.3721 ± 0.2276,0.0274833136904463,1.5032500055566438,486.5335570469799,7.223229777685484,486.5 ± 7.223,483.0,507.0,90.11003192159151,0.7194197104749019,90.11 ± 0.7194,89.80440521240234,92.14892578125,75.3416748046875,1,1,1,1,1:298,0,0,0.0,model_static,False,mckenzie2003,BDT,6.965004024889645,6.857578277587891,6.679284572601318,7.895328044891357,7.895328044891357,8.640108304759023,4.865335570469799,3.0523489932885903,3.07,3.07,0,0.0,0.0,33,260.5458254814148,99.33,0,0.0,0.0,265,1815.0253739356997,810.27,0,0.0,0.0,0,0.0,0.0,,,,,,,,BDT
static,model_static/summary_timeseries.csv,20,4.5,298,119200.0,1163.0774822875155,14.20121742195375,1163 ± 14.2,1136.41357421875,1211.7552490234375,1.940387676626244,0.0022496970965876,1.94 ± 0.00225,1.940000057220459,1.9574874639511108,0.3721090606572333,0.227557946985991,0.3721 ± 0.2276,0.0274833136904463,1.5032500055566438,496.4295302013423,10.499763521502622,496.4 ± 10.5,486.0,507.0,90.17651116287948,1.099002483364788,90.18 ± 1.099,89.0748291015625,91.28455352783205,75.3416748046875,1,1,1,1,1:298,0,0,0.0,model_static,False,mckenzie2003,BDT,7.380194670401964,6.893456935882568,6.857578277587891,7.895328044891357,7.895328044891357,8.995074480619984,4.964295302013422,3.037181208053691,3.07,3.07,0,0.0,0.0,148,1168.508550643921,445.4799999999999,0,0.0,0.0,150,1030.7894611358645,459.6,0,0.0,0.0,0,0.0,0.0,,,,,,,,BDT
static,model_static/summary_timeseries.csv,20,4.4,298,119200.0,1163.0774822875155,14.20121742195375,1163 ± 14.2,1136.41357421875,1211.7552490234375,1.940387676626244,0.0022496970965876,1.94 ± 0.00225,1.940000057220459,1.9574874639511108,0.3721090606572333,0.227557946985991,0.3721 ± 0.2276,0.0274833136904463,1.5032500055566438,484.0,0.0,484 ± 0,484.0,484.0,90.06550843923684,0.0020210949446824,90.07 ± 0.002021,90.058349609375,90.06940460205078,75.3416748046875,1,1,1,1,1:298,0,0,0.0,model_static,False,mckenzie2003,BDT,6.892975343153781,6.893456935882568,6.893456935882568,6.893456935882568,6.893456935882568,8.597498173657673,4.840000000000001,3.0698657718120805,3.07,3.07,0,0.0,0.0,0,0.0,0.0,0,0.0,0.0,298,2054.1066522598267,914.82,0,0.0,0.0,0,0.0,0.0,,,,,,,,BDT
static,model_static/summary_timeseries.csv,20,4.3,298,119200.0,1163.0774822875155,14.20121742195375,1163 ± 14.2,1136.41357421875,1211.7552490234375,1.940387676626244,0.0022496970965876,1.94 ± 0.00225,1.940000057220459,1.9574874639511108,0.3721090606572333,0.227557946985991,0.3721 ± 0.2276,0.0274833136904463,1.5032500055566438,507.493288590604,1.2349585993946597,507.5 ± 1.235,488.0,508.0,92.4621468102372,0.1262183919345604,92.46 ± 0.1262,90.32465362548828,92.4926528930664,75.3416748046875,2,1,2,2,2:298,0,0,0.0,model_static,False,mckenzie2003,BDT,7.892207592125707,7.895328044891357,7.895328044891357,7.895328044891357,7.895328044891357,9.422378593914557,5.07493288590604,3.0102684563758384,3.01,3.09,0,0.0,0.0,297,2344.912429332733,893.9699999999998,0,0.0,0.0,1,6.965433120727539,3.09,0,0.0,0.0,0,0.0,0.0,,,,,,,,BDT
static,model_static/summary_timeseries.csv,20,4.2,298,119200.0,1163.0774822875155,14.20121742195375,1163 ± 14.2,1136.41357421875,1211.7552490234375,1.940387676626244,0.0022496970965876,1.94 ± 0.00225,1.940000057220459,1.9574874639511108,0.3721090606572333,0.227557946985991,0.3721 ± 0.2276,0.0274833136904463,1.5032500055566438,488.8053691275168,3.931763359966928,488.8 ± 3.932,488.0,508.0,87.80756280886247,0.4229765260744517,87.81 ± 0.423,87.71839904785156,89.87338256835938,75.3416748046875,1,2,1,2,1:287; 2:11,0,0,0.0,model_static,False,mckenzie2003,BDT,6.953990966681666,6.893456935882568,6.857578277587891,6.965433120727539,7.895328044891357,8.656789447539033,4.888053691275167,3.073187919463087,3.09,3.09,0,0.0,0.0,12,94.74393653869627,36.11999999999999,0,0.0,0.0,286,1977.54537153244,879.6899999999999,0,0.0,0.0,0,0.0,0.0,,,,,,,,BDT
static,model_static/summary_timeseries.csv,20,4.1,298,119200.0,1163.0774822875155,14.20121742195375,1163 ± 14.2,1136.41357421875,1211.7552490234375,1.940387676626244,0.0022496970965876,1.94 ± 0.00225,1.940000057220459,1.9574874639511108,0.3721090606572333,0.227557946985991,0.3721 ± 0.2276,0.0274833136904463,1.5032500055566438,488.0,0.0,488 ± 0,488.0,488.0,87.5911746185098,0.0039984099884102,87.59 ± 0.003998,87.58134460449219,87.5955581665039,75.3416748046875,2,1,2,2,2:298,0,0,0.0,model_static,False,mckenzie2003,BDT,6.902927315475156,6.893456935882568,6.857578277587891,6.965433120727539,6.965433120727539,8.610015785765567,4.88,3.0726174496644294,3.09,3.09,0,0.0,0.0,0,0.0,0.0,0,0.0,0.0,298,2057.0723400115967,915.64,0,0.0,0.0,0,0.0,0.0,,,,,,,,BDT
static,model_static/summary_timeseries.csv,20,4.0,298,119200.0,1163.0774822875155,14.20121742195375,1163 ± 14.2,1136.41357421875,1211.7552490234375,1.940387676626244,0.0022496970965876,1.94 ± 0.00225,1.940000057220459,1.9574874639511108,0.3721090606572333,0.227557946985991,0.3721 ± 0.2276,0.0274833136904463,1.5032500055566438,495.78859060402687,1.7278620921752248,495.8 ± 1.728,495.0,516.0,88.70308925961488,0.1803676235390358,88.7 ± 0.1804,88.65570831298828,90.88046264648438,75.3416748046875,1,1,1,1,1:298,0,0,0.0,model_static,False,mckenzie2003,BDT,7.001231124737119,7.001530647277832,6.965433120727539,7.001530647277832,7.895328044891357,8.730745737954239,4.957885906040269,3.09765100671141,3.1,3.1,0,0.0,0.0,2,15.790656089782717,6.02,0,0.0,0.0,296,2070.5762190818787,917.0800000000002,0,0.0,0.0,0,0.0,0.0,,,,,,,,BDT
static,model_static/summary_timeseries.csv,20,3.9,298,119200.0,1163.0774822875155,14.20121742195375,1163 ± 14.2,1136.41357421875,1211.7552490234375,1.940387676626244,0.0022496970965876,1.94 ± 0.00225,1.940000057220459,1.9574874639511108,0.3721090606572333,0.227557946985991,0.3721 ± 0.2276,0.0274833136904463,1.5032500055566438,506.3959731543624,9.043384464704602,506.4 ± 9.043,497.0,516.0,86.91951454725842,1.055260584356216,86.92 ± 1.055,85.87812042236328,88.04283905029297,75.3416748046875,2,1,2,2,2:298,0,0,0.0,model_static,False,mckenzie2003,BDT,7.403283196007646,7.001530647277832,6.893456935882568,7.895328044891357,7.895328044891357,9.035745496834425,5.063959731543624,3.052684563758389,3.1,3.1,0,0.0,0.0,140,1105.34592628479,421.3999999999999,0,0.0,0.0,158,1100.8324661254885,488.3,0,0.0,0.0,0,0.0,0.0,,,,,,,,BDT
static,model_static/summary_timeseries.csv,20,3.8,298,119200.0,1163.0774822875155,14.20121742195375,1163 ± 14.2,1136.41357421875,1211.7552490234375,1.940387676626244,0.0022496970965876,1.94 ± 0.00225,1.940000057220459,1.9574874639511108,0.3721090606572333,0.227557946985991,0.3721 ± 0.2276,0.0274833136904463,1.5032500055566438,499.738255033557,8.723489829617566,499.7 ± 8.723,494.0,513.0,88.00802169390172,0.9819606625276308,88.01 ± 0.982,87.36089324951172,89.50199127197266,75.3416748046875,2,1,2,2,2:298,0,0,0.0,model_static,False,mckenzie2003,BDT,7.234870509013233,6.893456935882568,6.893456935882568,7.9818525314331055,7.9818525314331055,8.895063492604253,4.997382550335571,3.061476510067114,3.09,3.09,0,0.0,0.0,90,718.193678855896,272.66,0,0.0,0.0,208,1437.7977328300476,639.66,0,0.0,0.0,0,0.0,0.0,,,,,,,,BDT
static,model_static/summary_timeseries.csv,20,3.7,298,119200.0,1163.0774822875155,14.20121742195375,1163 ± 14.2,1136.41357421875,1211.7552490234375,1.940387676626244,0.0022496970965876,1.94 ± 0.00225,1.940000057220459,1.9574874639511108,0.3721090606572333,0.227557946985991,0.3721 ± 0.2276,0.0274833136904463,1.5032500055566438,507.3154362416107,8.917660065919984,507.3 ± 8.918,496.0,515.0,89.65878577520384,1.0464977421740465,89.66 ± 1.046,88.3980712890625,90.56243896484376,75.3416748046875,2,1,2,2,2:298,0,0,0.0,model_static,False,mckenzie2003,BDT,7.535000620272336,7.895328044891357,6.893456935882568,7.9818525314331055,7.9818525314331055,9.15395548351414,5.073154362416108,3.0522818791946307,3.1,3.1,0,0.0,0.0,171,1361.6088523864746,517.3699999999999,0,0.0,0.0,127,883.8213324546814,392.2100000000001,0,0.0,0.0,0,0.0,0.0,,,,,,,,BDT
static,model_static/summary_timeseries.csv,20,3.6,298,119200.0,1163.0774822875155,14.20121742195375,1163 ± 14.2,1136.41357421875,1211.7552490234375,1.940387676626244,0.0022496970965876,1.94 ± 0.00225,1.940000057220459,1.9574874639511108,0.3721090606572333,0.227557946985991,0.3721 ± 0.2276,0.0274833136904463,1.5032500055566438,515.3221476510067,5.544534108006142,515.3 ± 5.545,497.0,517.0,90.28965001458288,0.6002357482478337,90.29 ± 0.6002,88.30565643310547,90.4745101928711,75.3416748046875,2,2,1,2,1:4; 2:294,0,0,0.0,model_static,False,mckenzie2003,BDT,7.896292096016391,7.9818525314331055,6.965433120727539,7.9818525314331055,7.9818525314331055,9.45755569883252,5.153221476510068,3.0349664429530203,3.09,3.09,0,0.0,0.0,273,2178.959216594696,827.1700000000001,0,0.0,0.0,25,174.13582801818848,77.25,0,0.0,0.0,0,0.0,0.0,,,,,,,,BDT
static,model_static/summary_timeseries.csv,20,3.5,298,119200.0,1163.0774822875155,14.20121742195375,1163 ± 14.2,1136.41357421875,1211.7552490234375,1.940387676626244,0.0022496970965876,1.94 ± 0.00225,1.940000057220459,1.9574874639511108,0.3721090606572333,0.227557946985991,0.3721 ± 0.2276,0.0274833136904463,1.5032500055566438,505.8053691275168,8.002665539445472,505.8 ± 8.003,501.0,520.0,89.7344804290157,0.937151903442208,89.73 ± 0.9372,89.17033386230469,91.34087371826172,75.3416748046875,2,1,2,2,2:298,0,0,0.0,model_static,False,mckenzie2003,BDT,7.258755189460396,7.001530647277832,6.965433120727539,7.9818525314331055,7.9818525314331055,8.941493156255584,5.058053691275167,3.080872483221477,3.12,3.12,0,0.0,0.0,79,629.4415316581726,239.11,0,0.0,0.0,219,1533.6675148010254,678.99,0,0.0,0.0,0,0.0,0.0,,,,,,,,BDT
static,model_static/summary_timeseries.csv,20,3.4,298,119200.0,1163.0774822875155,14.20121742195375,1163 ± 14.2,1136.41357421875,1211.7552490234375,1.940387676626244,0.0022496970965876,1.94 ± 0.00225,1.940000057220459,1.9574874639511108,0.3721090606572333,0.227557946985991,0.3721 ± 0.2276,0.0274833136904463,1.5032500055566438,506.7046979865772,9.030524935654954,506.7 ± 9.031,501.0,521.0,87.11625535696145,0.9958461700135788,87.12 ± 0.9958,86.48561096191406,88.69674682617188,75.3416748046875,2,1,2,2,2:298,0,0,0.0,model_static,False,mckenzie2003,BDT,7.253588134010366,7.001530647277832,6.965433120727539,8.02525520324707,8.02525520324707,8.926857623082682,5.067046979865771,3.0730872483221474,3.1,3.1,0,0.0,0.0,85,673.9612812995911,256.5099999999999,0,0.0,0.0,213,1487.607982635498,659.27,0,0.0,0.0,0,0.0,0.0,,,,,,,,BDT
static,model_static/summary_timeseries.csv,20,3.3,298,119200.0,1163.0774822875155,14.20121742195375,1163 ± 14.2,1136.41357421875,1211.7552490234375,1.940387676626244,0.0022496970965876,1.94 ± 0.00225,1.940000057220459,1.9574874639511108,0.3721090606572333,0.227557946985991,0.3721 ± 0.2276,0.0274833136904463,1.5032500055566438,517.0,0.0,517 ± 0,517.0,517.0,90.2385550377353,0.0020150887961697,90.24 ± 0.002015,90.2323760986328,90.24227142333984,75.3416748046875,2,1,2,2,2:298,0,0,0.0,model_static,False,mckenzie2003,BDT,7.981562180807127,7.9818525314331055,7.9818525314331055,7.9818525314331055,7.9818525314331055,9.52800204593595,5.170000000000001,3.0299328859060406,3.03,3.03,0,0.0,0.0,298,2378.505529880524,902.92,0,0.0,0.0,0,0.0,0.0,0,0.0,0.0,0,0.0,0.0,,,,,,,,BDT
static,model_static/summary_timeseries.csv,20,3.2,298,119200.0,1163.0774822875155,14.20121742195375,1163 ± 14.2,1136.41357421875,1211.7552490234375,1.940387676626244,0.0022496970965876,1.94 ± 0.00225,1.940000057220459,1.9574874639511108,0.3721090606572333,0.227557946985991,0.3721 ± 0.2276,0.0274833136904463,1.5032500055566438,523.3657718120805,0.4816459213653296,523.4 ± 0.4816,523.0,524.0,90.04486977494003,0.0227359884337867,90.04 ± 0.02274,90.024169921875,90.0767593383789,75.3416748046875,2,1,2,2,2:298,0,0,0.0,model_static,False,mckenzie2003,BDT,8.024963910147648,8.02525520324707,8.02525520324707,8.02525520324707,8.02525520324707,9.579919539436425,5.233657718120806,3.0399328859060395,3.04,3.04,0,0.0,0.0,298,2391.439245223999,905.8999999999996,0,0.0,0.0,0,0.0,0.0,0,0.0,0.0,0,0.0,0.0,,,,,,,,BDT
static,model_static/summary_timeseries.csv,20,3.1,298,119200.0,1163.0774822875155,14.20121742195375,1163 ± 14.2,1136.41357421875,1211.7552490234375,1.940387676626244,0.0022496970965876,1.94 ± 0.00225,1.940000057220459,1.9574874639511108,0.3721090606572333,0.227557946985991,0.3721 ± 0.2276,0.0274833136904463,1.5032500055566438,508.7315436241611,7.431233624889899,508.7 ± 7.431,505.0,524.0,89.81255317534377,0.8530153548586648,89.81 ± 0.853,89.38265991210938,91.57159423828124,75.3416748046875,2,1,2,2,2:298,0,0,0.0,model_static,False,mckenzie2003,BDT,7.156180695399342,6.965433120727539,6.893456935882568,8.02525520324707,8.02525520324707,8.844750569215968,5.087315436241611,3.0775503355704696,3.12,3.12,0,0.0,0.0,57,454.4078192710877,172.57999999999998,0,0.0,0.0,241,1678.1340279579165,744.53,0,0.0,0.0,0,0.0,0.0,,,,,,,,BDT
static,model_static/summary_timeseries.csv,20,3.0,298,119200.0,1163.0774822875155,14.20121742195375,1163 ± 14.2,1136.41357421875,1211.7552490234375,1.940387676626244,0.0022496970965876,1.94 ± 0.00225,1.940000057220459,1.9574874639511108,0.3721090606572333,0.227557946985991,0.3721 ± 0.2276,0.0274833136904463,1.5032500055566438,528.0,0.0,528 ± 0,528.0,528.0,90.99328487831474,0.0015508843617576,90.99 ± 0.001551,90.9882583618164,91.000244140625,75.3416748046875,2,1,2,2,2:298,0,0,0.0,model_static,False,mckenzie2003,BDT,8.062833145960866,8.112340927124023,7.9818525314331055,8.112340927124023,8.112340927124023,9.625219551741695,5.28,3.0486241610738256,3.06,3.06,0,0.0,0.0,298,2402.724277496338,908.49,0,0.0,0.0,0,0.0,0.0,0,0.0,0.0,0,0.0,0.0,,,,,,,,BDT
static,model_static/summary_timeseries.csv,20,2.9,298,119200.0,1163.0774822875155,14.20121742195375,1163 ± 14.2,1136.41357421875,1211.7552490234375,1.940387676626244,0.0022496970965876,1.94 ± 0.00225,1.940000057220459,1.9574874639511108,0.3721090606572333,0.227557946985991,0.3721 ± 0.2276,0.0274833136904463,1.5032500055566438,530.6979865771812,0.4591310436640824,530.7 ± 0.4591,530.0,531.0,93.20744203401092,0.0203424497228036,93.21 ± 0.02034,93.1706085205078,93.22184753417967,75.3416748046875,2,1,2,2,2:298,0,0,0.0,model_static,False,mckenzie2003,BDT,7.991259626094127,7.9818525314331055,7.895328044891357,8.112340927124023,8.112340927124023,9.539602521619912,5.306979865771813,3.032147651006712,3.06,3.06,0,0.0,0.0,298,2381.39536857605,903.58,0,0.0,0.0,0,0.0,0.0,0,0.0,0.0,0,0.0,0.0,,,,,,,,BDT
static,model_static/summary_timeseries.csv,20,2.8,298,119200.0,1163.0774822875155,14.20121742195375,1163 ± 14.2,1136.41357421875,1211.7552490234375,1.940387676626244,0.0022496970965876,1.94 ± 0.00225,1.940000057220459,1.9574874639511108,0.3721090606572333,0.227557946985991,0.3721 ± 0.2276,0.0274833136904463,1.5032500055566438,522.2013422818792,7.659691291527409,522.2 ± 7.66,509.0,527.0,94.55717475942318,0.9496785648713452,94.56 ± 0.9497,92.99827575683594,95.1542510986328,75.3416748046875,2,1,2,2,2:298,0,0,0.0,model_static,False,mckenzie2003,BDT,7.681086273001345,7.895328044891357,7.001530647277832,7.9818525314331055,8.02525520324707,9.276388956996543,5.222013422818793,3.0449328859060403,3.14,3.14,0,0.0,0.0,214,1695.1820139884949,645.4299999999998,0,0.0,0.0,84,593.7816953659058,261.96000000000004,0,0.0,0.0,0,0.0,0.0,,,,,,,,BDT
static,model_static/summary_timeseries.csv,20,2.7,298,119200.0,1163.0774822875155,14.20121742195375,1163 ± 14.2,1136.41357421875,1211.7552490234375,1.940387676626244,0.0022496970965876,1.94 ± 0.00225,1.940000057220459,1.9574874639511108,0.3721090606572333,0.227557946985991,0.3721 ± 0.2276,0.0274833136904463,1.5032500055566438,531.98322147651,0.1284406658322459,532 ± 0.1284,531.0,532.0,90.22590145648726,0.0061654393455918,90.23 ± 0.006165,90.17833709716795,90.22809600830078,75.3416748046875,2,1,2,2,2:298,0,0,0.0,model_static,False,mckenzie2003,BDT,8.037276314408988,8.02525520324707,7.9818525314331055,8.112340927124023,8.112340927124023,9.594648017394546,5.319832214765101,3.0427516778523485,3.06,3.06,0,0.0,0.0,298,2395.108341693878,906.74,0,0.0,0.0,0,0.0,0.0,0,0.0,0.0,0,0.0,0.0,,,,,,,,BDT
static,model_static/summary_timeseries.csv,20,2.6,298,119200.0,1163.0774822875155,14.20121742195375,1163 ± 14.2,1136.41357421875,1211.7552490234375,1.940387676626244,0.0022496970965876,1.94 ± 0.00225,1.940000057220459,1.9574874639511108,0.3721090606572333,0.227557946985991,0.3721 ± 0.2276,0.0274833136904463,1.5032500055566438,526.0234899328859,5.800611970280758,526 ± 5.801,509.0,528.0,90.41516469148982,0.6587300299018796,90.42 ± 0.6587,88.48091888427734,90.6488800048828,75.3416748046875,2,1,2,2,2:298,0,0,0.0,model_static,False,mckenzie2003,BDT,7.982563654048331,8.112340927124023,7.073944091796875,8.112340927124023,8.112340927124023,9.56884376757702,5.260234899328859,3.061107382550335,3.12,3.12,0,0.0,0.0,267,2160.380663394928,815.73,0,0.0,0.0,31,218.4233055114746,96.47999999999998,0,0.0,0.0,0,0.0,0.0,,,,,,,,BDT
static,model_static/summary_timeseries.csv,20,2.5,298,119200.0,1163.0774822875155,14.20121742195375,1163 ± 14.2,1136.41357421875,1211.7552490234375,1.940387676626244,0.0022496970965876,1.94 ± 0.00225,1.940000057220459,1.9574874639511108,0.3721090606572333,0.227557946985991,0.3721 ± 0.2276,0.0274833136904463,1.5032500055566438,524.993288590604,0.0816478191986338,525 ± 0.08165,524.0,525.0,89.7391061462812,0.0041543804924304,89.74 ± 0.004154,89.69290161132812,89.74321746826172,75.3416748046875,2,1,2,2,2:298,0,0,0.0,model_static,False,mckenzie2003,BDT,8.022781096848865,8.02525520324707,8.02525520324707,8.02525520324707,8.02525520324707,9.577308447725375,5.24993288590604,3.039429530201342,3.04,3.04,0,0.0,0.0,298,2390.788766860962,905.75,0,0.0,0.0,0,0.0,0.0,0,0.0,0.0,0,0.0,0.0,,,,,,,,BDT
static,model_static/summary_timeseries.csv,20,2.4,298,119200.0,1163.0774822875155,14.20121742195375,1163 ± 14.2,1136.41357421875,1211.7552490234375,1.940387676626244,0.0022496970965876,1.94 ± 0.00225,1.940000057220459,1.9574874639511108,0.3721090606572333,0.227557946985991,0.3721 ± 0.2276,0.0274833136904463,1.5032500055566438,531.006711409396,6.402072487733326,531 ± 6.402,518.0,535.0,90.11816426731596,0.7648085821507495,90.12 ± 0.7648,88.56069946289062,90.53460693359376,75.3416748046875,2,1,2,2,2:298,0,0,0.0,model_static,False,mckenzie2003,BDT,7.790246139436761,7.895328044891357,7.183109283447266,7.9818525314331055,8.02525520324707,9.374966373526377,5.31006711409396,3.0449999999999995,3.15,3.15,0,0.0,0.0,240,1904.873011112213,724.7099999999999,0,0.0,0.0,58,416.6203384399414,182.7,0,0.0,0.0,0,0.0,0.0,,,,,,,,BDT
static,model_static/summary_timeseries.csv,20,2.3,298,119200.0,1163.0774822875155,14.20121742195375,1163 ± 14.2,1136.41357421875,1211.7552490234375,1.940387676626244,0.0022496970965876,1.94 ± 0.00225,1.940000057220459,1.9574874639511108,0.3721090606572333,0.227557946985991,0.3721 ± 0.2276,0.0274833136904463,1.5032500055566438,531.9463087248322,0.9252986813215618,531.9 ± 0.9253,516.0,532.0,90.03221816504562,0.1205369446341416,90.03 ± 0.1205,87.9549789428711,90.04061889648438,75.3416748046875,2,1,2,2,2:298,0,0,0.0,model_static,False,mckenzie2003,BDT,7.986853876369912,7.9818525314331055,7.895328044891357,8.112340927124023,8.112340927124023,9.535631973954231,5.319463087248323,3.032147651006712,3.06,3.14,0,0.0,0.0,297,2372.935806751251,900.4399999999999,0,0.0,0.0,1,7.146648406982422,3.14,0,0.0,0.0,0,0.0,0.0,,,,,,,,BDT
static,model_static/summary_timeseries.csv,20,2.2,298,119200.0,1163.0774822875155,14.20121742195375,1163 ± 14.2,1136.41357421875,1211.7552490234375,1.940387676626244,0.0022496970965876,1.94 ± 0.00225,1.940000057220459,1.9574874639511108,0.3721090606572333,0.227557946985991,0.3721 ± 0.2276,0.0274833136904463,1.5032500055566438,528.01677852349,1.0312501492902886,528 ± 1.031,516.0,529.0,92.7346575436176,0.1419977789525604,92.73 ± 0.142,91.01448059082033,92.78736114501952,75.3416748046875,2,1,2,2,2:298,0,0,0.0,model_static,False,mckenzie2003,BDT,8.026344534534736,8.02525520324707,7.895328044891357,8.112340927124023,8.112340927124023,9.584110662658782,5.2801677852349,3.042214765100671,3.06,3.1,0,0.0,0.0,296,2377.847609996796,900.3799999999999,0,0.0,0.0,2,14.003061294555664,6.2,0,0.0,0.0,0,0.0,0.0,,,,,,,,BDT
static,model_static/summary_timeseries.csv,20,2.1,298,119200.0,1163.0774822875155,14.20121742195375,1163 ± 14.2,1136.41357421875,1211.7552490234375,1.940387676626244,0.0022496970965876,1.94 ± 0.00225,1.940000057220459,1.9574874639511108,0.3721090606572333,0.227557946985991,0.3721 ± 0.2276,0.0274833136904463,1.5032500055566438,527.9127516778524,1.0614216495822395,527.9 ± 1.061,515.0,528.0,88.6422809370412,0.1611087279029477,88.64 ± 0.1611,86.68181610107422,88.65716552734375,75.3416748046875,2,1,2,2,2:298,0,0,0.0,model_static,False,mckenzie2003,BDT,8.036755845050683,8.02525520324707,7.9818525314331055,8.112340927124023,8.112340927124023,9.59663995346512,5.279127516778524,3.044664429530201,3.06,3.15,0,0.0,0.0,296,2380.587023258209,901.01,0,0.0,0.0,2,14.366218566894531,6.3,0,0.0,0.0,0,0.0,0.0,,,,,,,,BDT
static,model_static/summary_timeseries.csv,20,2.0,298,119200.0,1163.0774822875155,14.20121742195375,1163 ± 14.2,1136.41357421875,1211.7552490234375,1.940387676626244,0.0022496970965876,1.94 ± 0.00225,1.940000057220459,1.9574874639511108,0.3721090606572333,0.227557946985991,0.3721 ± 0.2276,0.0274833136904463,1.5032500055566438,528.993288590604,0.0816478191986338,529 ± 0.08165,528.0,529.0,87.48803209138397,0.0045193851614356,87.49 ± 0.004519,87.4423828125,87.496337890625,75.3416748046875,2,1,2,2,2:298,0,0,0.0,model_static,False,mckenzie2003,BDT,8.078022724830063,8.112340927124023,7.9818525314331055,8.112340927124023,8.112340927124023,9.643389600107554,5.28993288590604,3.0521140939597315,3.06,3.06,0,0.0,0.0,298,2407.250771999359,909.53,0,0.0,0.0,0,0.0,0.0,0,0.0,0.0,0,0.0,0.0,,,,,,,,BDT
static,model_static/summary_timeseries.csv,20,1.9,298,119200.0,1163.0774822875155,14.20121742195375,1163 ± 14.2,1136.41357421875,1211.7552490234375,1.940387676626244,0.0022496970965876,1.94 ± 0.00225,1.940000057220459,1.9574874639511108,0.3721090606572333,0.227557946985991,0.3721 ± 0.2276,0.0274833136904463,1.5032500055566438,539.0,0.0,539 ± 0,539.0,539.0,89.5982863919047,0.0012417489459656,89.6 ± 0.001242,89.59554290771484,89.60157775878906,75.3416748046875,2,1,2,2,2:298,0,0,0.0,model_static,False,mckenzie2003,BDT,8.147234379045114,8.156023979187012,8.112340927124023,8.156023979187012,8.156023979187012,9.726182086091514,5.39,3.067986577181208,3.07,3.07,0,0.0,0.0,298,2427.8758449554443,914.26,0,0.0,0.0,0,0.0,0.0,0,0.0,0.0,0,0.0,0.0,,,,,,,,BDT
static,model_static/summary_timeseries.csv,20,1.8,298,119200.0,1163.0774822875155,14.20121742195375,1163 ± 14.2,1136.41357421875,1211.7552490234375,1.940387676626244,0.0022496970965876,1.94 ± 0.00225,1.940000057220459,1.9574874639511108,0.3721090606572333,0.227557946985991,0.3721 ± 0.2276,0.0274833136904463,1.5032500055566438,541.996644295302,0.0578311675825976,542 ± 0.05783,541.0,542.0,89.68571047174851,0.0028558831022614,89.69 ± 0.002856,89.6388931274414,89.6877212524414,75.3416748046875,2,1,2,2,2:298,0,0,0.0,model_static,False,mckenzie2003,BDT,8.10977009638844,8.112340927124023,8.02525520324707,8.156023979187012,8.156023979187012,9.681366473231396,5.4199664429530205,3.059395973154362,3.07,3.07,0,0.0,0.0,298,2416.711488723755,911.6999999999998,0,0.0,0.0,0,0.0,0.0,0,0.0,0.0,0,0.0,0.0,,,,,,,,BDT
static,model_static/summary_timeseries.csv,20,1.7,298,119200.0,1163.0774822875155,14.20121742195375,1163 ± 14.2,1136.41357421875,1211.7552490234375,1.940387676626244,0.0022496970965876,1.94 ± 0.00225,1.940000057220459,1.9574874639511108,0.3721090606572333,0.227557946985991,0.3721 ± 0.2276,0.0274833136904463,1.5032500055566438,538.996644295302,0.0578311675825976,539 ± 0.05783,538.0,539.0,89.69812677370622,0.0030785506846227,89.7 ± 0.003079,89.65201568603516,89.70134735107422,75.3416748046875,2,1,2,2,2:298,0,0,0.0,model_static,False,mckenzie2003,BDT,8.151188475973655,8.156023979187012,8.112340927124023,8.156023979187012,8.156023979187012,9.73091207000532,5.389966442953019,3.068892617449664,3.07,3.07,0,0.0,0.0,298,2429.054165840149,914.53,0,0.0,0.0,0,0.0,0.0,0,0.0,0.0,0,0.0,0.0,,,,,,,,BDT
static,model_static/summary_timeseries.csv,20,1.6,298,119200.0,1163.0774822875155,14.20121742195375,1163 ± 14.2,1136.41357421875,1211.7552490234375,1.940387676626244,0.0022496970965876,1.94 ± 0.00225,1.940000057220459,1.9574874639511108,0.3721090606572333,0.227557946985991,0.3721 ± 0.2276,0.0274833136904463,1.5032500055566438,539.3053691275168,0.4605635933032701,539.3 ± 0.4606,539.0,540.0,88.68921904595906,0.0217683058584805,88.69 ± 0.02177,88.67144775390625,88.7232437133789,75.3416748046875,2,1,2,2,2:298,0,0,0.0,model_static,False,mckenzie2003,BDT,8.155730804340951,8.156023979187012,8.156023979187012,8.156023979187012,8.156023979187012,9.736345715647396,5.393053691275167,3.06993288590604,3.07,3.07,0,0.0,0.0,298,2430.4077796936035,914.84,0,0.0,0.0,0,0.0,0.0,0,0.0,0.0,0,0.0,0.0,,,,,,,,BDT
static,model_static/summary_timeseries.csv,20,1.5,298,119200.0,1163.0774822875155,14.20121742195375,1163 ± 14.2,1136.41357421875,1211.7552490234375,1.940387676626244,0.0022496970965876,1.94 ± 0.00225,1.940000057220459,1.9574874639511108,0.3721090606572333,0.227557946985991,0.3721 ± 0.2276,0.0274833136904463,1.5032500055566438,536.0,0.0,536 ± 0,536.0,536.0,88.10578378254935,0.0017708054925309,88.11 ± 0.001771,88.1004638671875,88.10924530029297,75.3416748046875,2,1,2,2,2:298,0,0,0.0,model_static,False,mckenzie2003,BDT,8.156023979187012,8.156023979187012,8.156023979187012,8.156023979187012,8.156023979187012,9.736696418878736,5.36,3.07,3.07,3.07,0,0.0,0.0,298,2430.495145797729,914.86,0,0.0,0.0,0,0.0,0.0,0,0.0,0.0,0,0.0,0.0,,,,,,,,BDT
static,model_static/summary_timeseries.csv,20,1.4,298,119200.0,1163.0774822875155,14.20121742195375,1163 ± 14.2,1136.41357421875,1211.7552490234375,1.940387676626244,0.0022496970965876,1.94 ± 0.00225,1.940000057220459,1.9574874639511108,0.3721090606572333,0.227557946985991,0.3721 ± 0.2276,0.0274833136904463,1.5032500055566438,538.0,0.0,538 ± 0,538.0,538.0,87.6593901102975,0.0040574816863106,87.66 ± 0.004057,87.65099334716797,87.666259765625,75.3416748046875,2,1,2,2,2:298,0,0,0.0,model_static,False,mckenzie2003,BDT,8.067459234455288,8.02525520324707,7.895328044891357,8.156023979187012,8.156023979187012,9.63075361154834,5.380000000000001,3.049664429530201,3.07,3.07,0,0.0,0.0,298,2404.102851867676,908.8,0,0.0,0.0,0,0.0,0.0,0,0.0,0.0,0,0.0,0.0,,,,,,,,BDT
static,model_static/summary_timeseries.csv,20,1.3,298,119200.0,1163.0774822875155,14.20121742195375,1163 ± 14.2,1136.41357421875,1211.7552490234375,1.940387676626244,0.0022496970965876,1.94 ± 0.00225,1.940000057220459,1.9574874639511108,0.3721090606572333,0.227557946985991,0.3721 ± 0.2276,0.0274833136904463,1.5032500055566438,535.9865771812081,0.1150766993253842,536 ± 0.1151,535.0,536.0,90.48271002545452,0.0055537913482285,90.48 ± 0.005554,90.4322509765625,90.48673248291016,75.3416748046875,2,1,2,2,2:298,0,0,0.0,model_static,False,mckenzie2003,BDT,8.14913719292455,8.156023979187012,8.112340927124023,8.156023979187012,8.156023979187012,9.728458274607789,5.35986577181208,3.068422818791946,3.07,3.07,0,0.0,0.0,298,2428.442883491516,914.39,0,0.0,0.0,0,0.0,0.0,0,0.0,0.0,0,0.0,0.0,,,,,,,,BDT
static,model_static/summary_timeseries.csv,20,1.2,298,119200.0,1163.0774822875155,14.20121742195375,1163 ± 14.2,1136.41357421875,1211.7552490234375,1.940387676626244,0.0022496970965876,1.94 ± 0.00225,1.940000057220459,1.9574874639511108,0.3721090606572333,0.227557946985991,0.3721 ± 0.2276,0.0274833136904463,1.5032500055566438,544.0,0.0,544 ± 0,544.0,544.0,90.7913251787224,0.0033511703760595,90.79 ± 0.003351,90.78722381591795,90.7985382080078,75.3416748046875,2,1,2,2,2:298,0,0,0.0,model_static,False,mckenzie2003,BDT,8.161197156714113,8.156023979187012,8.02525520324707,8.243668556213379,8.243668556213379,9.742885801125723,5.44,3.0711409395973157,3.09,3.09,0,0.0,0.0,298,2432.0367527008057,915.2,0,0.0,0.0,0,0.0,0.0,0,0.0,0.0,0,0.0,0.0,,,,,,,,BDT
static,model_static/summary_timeseries.csv,20,1.1,298,119200.0,1163.0774822875155,14.20121742195375,1163 ± 14.2,1136.41357421875,1211.7552490234375,1.940387676626244,0.0022496970965876,1.94 ± 0.00225,1.940000057220459,1.9574874639511108,0.3721090606572333,0.227557946985991,0.3721 ± 0.2276,0.0274833136904463,1.5032500055566438,542.993288590604,0.0816478191986338,543 ± 0.08165,542.0,543.0,90.5101775611007,0.0046714796422462,90.51 ± 0.004671,90.45374298095705,90.51238250732422,75.3416748046875,2,1,2,2,2:298,0,0,0.0,model_static,False,mckenzie2003,BDT,8.025478947082622,8.02525520324707,7.9818525314331055,8.112340927124023,8.243668556213379,9.580535916449715,5.42993288590604,3.04003355704698,3.06,3.09,0,0.0,0.0,298,2391.5927262306213,905.93,0,0.0,0.0,0,0.0,0.0,0,0.0,0.0,0,0.0,0.0,,,,,,,,BDT
static,model_static/summary_timeseries.csv,20,1.0,298,119200.0,1163.0774822875155,14.20121742195375,1163 ± 14.2,1136.41357421875,1211.7552490234375,1.940387676626244,0.0022496970965876,1.94 ± 0.00225,1.940000057220459,1.9574874639511108,0.3721090606572333,0.227557946985991,0.3721 ± 0.2276,0.0274833136904463,1.5032500055566438,546.996644295302,0.0578311675825976,547 ± 0.05783,546.0,547.0,89.8959820382547,0.0032018487060001,89.9 ± 0.003202,89.85053253173828,89.89881134033203,75.3416748046875,2,1,2,2,2:298,0,0,0.0,model_static,False,mckenzie2003,BDT,8.076846260352422,8.112340927124023,8.02525520324707,8.156023979187012,8.156023979187012,9.641982244994498,5.46996644295302,3.051845637583892,3.07,3.07,0,0.0,0.0,298,2406.900185585022,909.4499999999998,0,0.0,0.0,0,0.0,0.0,0,0.0,0.0,0,0.0,0.0,,,,,,,,BDT
static,model_static/summary_timeseries.csv,20,0.9,298,119200.0,1163.0774822875155,14.20121742195375,1163 ± 14.2,1136.41357421875,1211.7552490234375,1.940387676626244,0.0022496970965876,1.94 ± 0.00225,1.940000057220459,1.9574874639511108,0.3721090606572333,0.227557946985991,0.3721 ± 0.2276,0.0274833136904463,1.5032500055566438,546.0,0.0,546 ± 0,546.0,546.0,91.09030409947336,0.00181357839959,91.09 ± 0.001814,91.08050537109376,91.09243774414062,75.3416748046875,2,1,2,2,2:298,0,0,0.0,model_static,False,mckenzie2003,BDT,8.118298306561156,8.112340927124023,8.02525520324707,8.243668556213379,8.243668556213379,9.691568358897555,5.46,3.0613422818791944,3.09,3.09,0,0.0,0.0,298,2419.2528953552246,912.28,0,0.0,0.0,0,0.0,0.0,0,0.0,0.0,0,0.0,0.0,,,,,,,,BDT
static,model_static/summary_timeseries.csv,20,0.8,298,119200.0,1163.0774822875155,14.20121742195375,1163 ± 14.2,1136.41357421875,1211.7552490234375,1.940387676626244,0.0022496970965876,1.94 ± 0.00225,1.940000057220459,1.9574874639511108,0.3721090606572333,0.227557946985991,0.3721 ± 0.2276,0.0274833136904463,1.5032500055566438,546.8087248322148,0.3933051969831636,546.8 ± 0.3933,546.0,547.0,88.35896178379954,0.0184763047190423,88.36 ± 0.01848,88.32038879394531,88.37102508544922,75.3416748046875,2,1,2,2,2:298,0,0,0.0,model_static,False,mckenzie2003,BDT,8.239551960221872,8.243668556213379,8.243668556213379,8.243668556213379,8.243668556213379,9.836616813022308,5.4680872483221465,3.089060402684564,3.09,3.09,0,0.0,0.0,298,2455.386484146118,920.54,0,0.0,0.0,0,0.0,0.0,0,0.0,0.0,0,0.0,0.0,,,,,,,,BDT
static,model_static/summary_timeseries.csv,20,0.7,298,119200.0,1163.0774822875155,14.20121742195375,1163 ± 14.2,1136.41357421875,1211.7552490234375,1.940387676626244,0.0022496970965876,1.94 ± 0.00225,1.940000057220459,1.9574874639511108,0.3721090606572333,0.227557946985991,0.3721 ± 0.2276,0.0274833136904463,1.5032500055566438,544.0973154362416,0.2963868116342489,544.1 ± 0.2964,544.0,545.0,90.01922085141176,0.0133617938878907,90.02 ± 0.01336,90.01060485839844,90.05976104736328,75.3416748046875,2,1,2,2,2:298,0,0,0.0,model_static,False,mckenzie2003,BDT,8.090301254451674,8.112340927124023,8.02525520324707,8.156023979187012,8.156023979187012,9.658077393671384,5.440973154362416,3.05493288590604,3.07,3.07,0,0.0,0.0,298,2410.909773826599,910.37,0,0.0,0.0,0,0.0,0.0,0,0.0,0.0,0,0.0,0.0,,,,,,,,BDT
static,model_static/summary_timeseries.csv,20,0.6,298,119200.0,1163.0774822875155,14.20121742195375,1163 ± 14.2,1136.41357421875,1211.7552490234375,1.940387676626244,0.0022496970965876,1.94 ± 0.00225,1.940000057220459,1.9574874639511108,0.3721090606572333,0.227557946985991,0.3721 ± 0.2276,0.0274833136904463,1.5032500055566438,542.6275167785235,0.4834661013918052,542.6 ± 0.4835,542.0,543.0,90.77909228945738,0.0211929293018339,90.78 ± 0.02119,90.74942779541016,90.79683685302734,75.3416748046875,2,1,2,2,2:298,0,0,0.0,model_static,False,mckenzie2003,BDT,8.111133447429477,8.112340927124023,8.02525520324707,8.243668556213379,8.243668556213379,9.68299758098684,5.426275167785236,3.059697986577181,3.09,3.09,0,0.0,0.0,298,2417.1177673339844,911.79,0,0.0,0.0,0,0.0,0.0,0,0.0,0.0,0,0.0,0.0,,,,,,,,BDT
static,model_static/summary_timeseries.csv,20,0.5,298,119200.0,1163.0774822875155,14.20121742195375,1163 ± 14.2,1136.41357421875,1211.7552490234375,1.940387676626244,0.0022496970965876,1.94 ± 0.00225,1.940000057220459,1.9574874639511108,0.3721090606572333,0.227557946985991,0.3721 ± 0.2276,0.0274833136904463,1.5032500055566438,553.0335570469799,0.1800860116107213,553 ± 0.1801,553.0,554.0,89.86954511092013,0.0086272561253593,89.87 ± 0.008627,89.8576889038086,89.91280364990234,75.3416748046875,2,1,2,2,2:298,0,0,0.0,model_static,False,mckenzie2003,BDT,8.147588349028721,8.112340927124023,8.112340927124023,8.287631034851074,8.287631034851074,9.726605889459588,5.530335570469799,3.068053691275168,3.1,3.1,0,0.0,0.0,298,2427.981328010559,914.28,0,0.0,0.0,0,0.0,0.0,0,0.0,0.0,0,0.0,0.0,,,,,,,,BDT
static,model_static/summary_timeseries.csv,20,0.4,298,119200.0,1163.0774822875155,14.20121742195375,1163 ± 14.2,1136.41357421875,1211.7552490234375,1.940387676626244,0.0022496970965876,1.94 ± 0.00225,1.940000057220459,1.9574874639511108,0.3721090606572333,0.227557946985991,0.3721 ± 0.2276,0.0274833136904463,1.5032500055566438,546.0973154362416,0.2963868116342489,546.1 ± 0.2964,546.0,547.0,83.57117935795112,0.0152840523601155,83.57 ± 0.01528,83.56153106689453,83.6166000366211,75.3416748046875,2,1,2,2,2:298,0,0,0.0,model_static,False,mckenzie2003,BDT,8.164178534642161,8.243668556213379,8.02525520324707,8.243668556213379,8.243668556213379,9.74645250066725,5.460973154362416,3.071812080536912,3.09,3.09,0,0.0,0.0,298,2432.9252033233643,915.4,0,0.0,0.0,0,0.0,0.0,0,0.0,0.0,0,0.0,0.0,,,,,,,,BDT
static,model_static/summary_timeseries.csv,20,0.3,298,119200.0,1163.0774822875155,14.20121742195375,1163 ± 14.2,1136.41357421875,1211.7552490234375,1.940387676626244,0.0022496970965876,1.94 ± 0.00225,1.940000057220459,1.9574874639511108,0.3721090606572333,0.227557946985991,0.3721 ± 0.2276,0.0274833136904463,1.5032500055566438,535.2248322147651,3.012243607185402,535.2 ± 3.012,523.0,536.0,81.5695244961937,0.4098517801914296,81.57 ± 0.4099,79.90178680419922,81.67343139648438,75.3416748046875,2,1,2,2,2:298,0,0,0.0,model_static,False,mckenzie2003,BDT,7.918741720634819,7.9818525314331055,7.073944091796875,8.02525520324707,8.156023979187012,9.474484712265888,5.352248322147651,3.0323489932885908,3.1,3.12,0,0.0,0.0,281,2240.541771411896,850.8799999999999,0,0.0,0.0,17,119.24326133728027,52.76,0,0.0,0.0,0,0.0,0.0,,,,,,,,BDT
static,model_static/summary_timeseries.csv,20,0.2,298,119200.0,1163.0774822875155,14.20121742195375,1163 ± 14.2,1136.41357421875,1211.7552490234375,1.940387676626244,0.0022496970965876,1.94 ± 0.00225,1.940000057220459,1.9574874639511108,0.3721090606572333,0.227557946985991,0.3721 ± 0.2276,0.0274833136904463,1.5032500055566438,537.4429530201343,4.876161090896206,537.4 ± 4.876,522.0,539.0,83.59371262108719,0.5518572160762228,83.59 ± 0.5519,81.84465789794922,83.77188873291016,75.3416748046875,2,1,2,2,2:298,0,0,0.0,model_static,False,mckenzie2003,BDT,7.894973454059371,7.9818525314331055,7.073944091796875,8.156023979187012,8.156023979187012,9.459108840650329,5.374429530201342,3.037046979865772,3.12,3.12,0,0.0,0.0,271,2161.7055988311768,820.8,0,0.0,0.0,27,190.9964904785156,84.24000000000001,0,0.0,0.0,0,0.0,0.0,,,,,,,,BDT
static,model_static/summary_timeseries.csv,20,0.1,298,119200.0,1163.0774822875155,14.20121742195375,1163 ± 14.2,1136.41357421875,1211.7552490234375,1.940387676626244,0.0022496970965876,1.94 ± 0.00225,1.940000057220459,1.9574874639511108,0.3721090606572333,0.227557946985991,0.3721 ± 0.2276,0.0274833136904463,1.5032500055566438,558.989932885906,0.0998286898029766,559 ± 0.09983,558.0,559.0,84.24952505738943,0.0056017867235764,84.25 ± 0.005602,84.20401000976562,84.25670623779297,75.3416748046875,2,1,2,2,2:298,0,0,0.0,model_static,False,mckenzie2003,BDT,8.278081493889726,8.287631034851074,8.156023979187012,8.375833511352539,8.375833511352539,9.88270822921546,5.58989932885906,3.0977852348993293,3.12,3.12,0,0.0,0.0,298,2466.868285179138,923.14,0,0.0,0.0,0,0.0,0.0,0,0.0,0.0,0,0.0,0.0,,,,,,,,BDT
static,model_static/summary_timeseries.csv,20,0.0,298,119200.0,1163.0774822875155,14.20121742195375,1163 ± 14.2,1136.41357421875,1211.7552490234375,1.940387676626244,0.0022496970965876,1.94 ± 0.00225,1.940000057220459,1.9574874639511108,0.3721090606572333,0.227557946985991,0.3721 ± 0.2276,0.0274833136904463,1.5032500055566438,614.9798657718121,0.1404593928621231,615 ± 0.1405,614.0,615.0,93.32085805291295,0.0061648481198098,93.32 ± 0.006165,93.27745056152344,93.3244400024414,75.3416748046875,1,1,1,1,1:298,0,0,0.0,model_static,False,mckenzie2003,BDT,8.795710512455678,8.777320861816406,8.642662048339844,8.867552757263184,8.867552757263184,10.501949460119375,6.1497986577181205,3.2140604026845643,3.23,3.23,0,0.0,0.0,298,2621.121732711792,957.7900000000002,0,0.0,0.0,0,0.0,0.0,0,0.0,0.0,0,0.0,0.0,,,,,,,,BDT
dynamic,model_dynamic/summary_timeseries.csv,20,21.0,298,119200.0,1163.0774822875155,14.20121742195375,1163 ± 14.2,1136.41357421875,1211.7552490234375,1.940387676626244,0.0022496970965876,1.94 ± 0.00225,1.940000057220459,1.9574874639511108,0.3721090606572333,0.227557946985991,0.3721 ± 0.2276,0.0274833136904463,1.5032500055566438,270.0,0.0,270 ± 0,270.0,270.0,54.4341240953279,0.0033940222320541,54.43 ± 0.003394,54.42782974243164,54.43901824951172,75.3416748046875,0,1,0,0,0:298,0,0,0.0,model_dynamic,True,mckenzie2003,BDT,4.7710680065539055,4.748287200927734,4.748287200927734,4.810562133789063,4.810562133789063,5.931431497306797,2.7,2.4373154362416107,2.45,2.45,0,0.0,0.0,0,0.0,0.0,0,0.0,0.0,298,1421.778265953064,726.3199999999999,0,0.0,0.0,0,0.0,0.0,16.0,18.0,18.0,0.00625,0.0062500000000013,0.025,0.0184963292449345,BDT
dynamic,model_dynamic/summary_timeseries.csv,20,20.9,298,119200.0,1163.080251652928,14.192947349068907,1163 ± 14.19,1136.4372354556394,1211.6431123862822,1.9237881053852584,0.0545599906403146,1.924 ± 0.05456,1.6456098129618535,2.077543323597788,0.3712080436287696,0.2263461415194333,0.3712 ± 0.2263,0.03300989897342,1.4933263562276555,284.0,0.0,284 ± 0,284.0,284.0,54.695966349352126,0.0016147832235265,54.7 ± 0.001615,54.69206619262695,54.69884490966797,75.20587693064272,0,1,0,0,0:298,0,0,0.0,model_dynamic,True,mckenzie2003,BDT,4.998849497545486,4.999273777008057,4.999273777008057,4.999273777008057,4.999273777008057,6.217337943911932,2.84,2.50986577181208,2.51,2.51,0,0.0,0.0,0,0.0,0.0,0,0.0,0.0,298,1489.6571502685547,747.9399999999998,0,0.0,0.0,0,0.0,0.0,16.0,18.0,18.0,0.0062499999999998,0.0062499999999998,0.025,0.017985726793175,BDT
dynamic,model_dynamic/summary_timeseries.csv,20,20.8,298,119200.0,1163.0832652185345,14.18509155299091,1163 ± 14.19,1136.4609059725826,1211.536748283075,1.9075192870113729,0.1076226770408216,1.908 ± 0.1076,1.3615017222507204,2.204773073356804,0.3703312093421802,0.2251652914683155,0.3703 ± 0.2252,0.0385041055926962,1.4835924985502047,285.8489932885906,0.3580554210156793,285.8 ± 0.3581,285.0,286.0,54.80181462332706,0.0186471840412412,54.8 ± 0.01865,54.7552375793457,54.8132438659668,75.07584231049236,0,1,0,0,0:298,0,0,0.0,model_dynamic,True,mckenzie2003,BDT,4.933486037606361,4.90456485748291,4.90456485748291,4.999273777008057,4.999273777008057,6.135287986545463,2.858489932885906,2.4891610738255032,2.51,2.51,0,0.0,0.0,0,0.0,0.0,0,0.0,0.0,298,1470.1788392066956,741.77,0,0.0,0.0,0,0.0,0.0,16.0,18.0,18.0,0.00625,0.0062500000000013,0.025,0.0175382566432914,BDT
dynamic,model_dynamic/summary_timeseries.csv,20,20.7,298,119200.0,1163.085559413542,14.178858286228268,1163 ± 14.18,1136.4846116165652,1211.4366223154232,1.8905669299244363,0.1603639769233469,1.891 ± 0.1604,1.087101885609589,2.3229003179154093,0.3695199576434432,0.2240291313420263,0.3695 ± 0.224,0.0386189061771185,1.4741234304955595,282.3255033557047,0.4685626117496773,282.3 ± 0.4686,282.0,283.0,55.82378560264639,0.0203520521087586,55.82 ± 0.02035,55.8046760559082,55.85511016845703,74.95201069885798,0,1,0,0,0:298,0,0,0.0,model_dynamic,True,mckenzie2003,BDT,4.951129890928333,4.936056137084961,4.90456485748291,4.999273777008057,4.999273777008057,6.157435187827222,2.8232550335570465,2.4947651006711413,2.51,2.51,0,0.0,0.0,0,0.0,0.0,0,0.0,0.0,298,1475.436707496643,743.44,0,0.0,0.0,0,0.0,0.0,16.0,18.0,18.0,0.0062499999999998,0.0062499999999998,0.025,0.0168325844028761,BDT
dynamic,model_dynamic/summary_timeseries.csv,20,20.6,298,119200.0,1163.0883747970513,14.172796581858693,1163 ± 14.17,1136.5084274922654,1211.3408472910803,1.8742034434281347,0.2118047375768175,1.874 ± 0.2118,0.8273282164069895,2.43535016163934,0.3687183212916431,0.2229097664598663,0.3687 ± 0.2229,0.0387278166190764,1.4647705525701726,285.0,0.0,285 ± 0,285.0,285.0,55.60274413448053,0.0013418346107851,55.6 ± 0.001342,55.59366226196289,55.604713439941406,74.83241979881495,0,1,0,0,0:298,0,0,0.0,model_dynamic,True,mckenzie2003,BDT,4.92973375480447,4.936056137084961,4.90456485748291,4.999273777008057,4.999273777008057,6.130576940173227,2.8500000000000005,2.4879865771812084,2.51,2.51,0,0.0,0.0,0,0.0,0.0,0,0.0,0.0,298,1469.0606589317322,741.4200000000001,0,0.0,0.0,0,0.0,0.0,16.0,18.0,18.0,0.00625,0.0062500000000013,0.025,0.0165197658209357,BDT
dynamic,model_dynamic/summary_timeseries.csv,20,20.5,298,119200.0,1163.0915051179163,14.167207675978714,1163 ± 14.17,1136.532262203541,1211.2509458439645,1.858208771103685,0.2619769831025919,1.858 ± 0.262,0.5770829547425239,2.5411676853415948,0.367947954132065,0.2218161604690595,0.3679 ± 0.2218,0.0388291215950185,1.4556947360447896,287.98993288590606,0.0998286898029766,288 ± 0.09983,287.0,288.0,53.00015856595648,0.0051195478820823,53 ± 0.00512,52.9512939453125,53.0036506652832,74.71868364042348,0,1,0,0,0:298,0,0,0.0,model_dynamic,True,mckenzie2003,BDT,5.062804222106934,5.062804222106934,5.062804222106934,5.062804222106934,5.062804222106934,6.297626965999241,2.87989932885906,2.53,2.53,2.53,0,0.0,0.0,0,0.0,0.0,0,0.0,0.0,298,1508.7156581878662,753.94,0,0.0,0.0,0,0.0,0.0,16.0,18.0,18.0,0.00625,0.0062500000000013,0.025,0.0169476376910492,BDT
dynamic,model_dynamic/summary_timeseries.csv,20,20.4,298,119200.0,1163.094246799404,14.162363490742877,1163 ± 14.16,1136.5559664084312,1211.1700448705149,1.8418344610178987,0.3101287003550909,1.842 ± 0.3101,0.3256522750245584,2.6379865932010174,0.3672748863792717,0.220779365918643,0.3673 ± 0.2208,0.0389203209551105,1.447166440194785,281.0,0.0,281 ± 0,281.0,281.0,52.76508985429802,0.0030549734790682,52.77 ± 0.003055,52.76165390014648,52.771034240722656,74.61407846208363,0,1,0,0,0:298,0,0,0.0,model_dynamic,True,mckenzie2003,BDT,4.905680105990212,4.936056137084961,4.841817855834961,4.936056137084961,4.936056137084961,6.100384619139494,2.81,2.480335570469799,2.49,2.49,0,0.0,0.0,0,0.0,0.0,0,0.0,0.0,298,1461.892671585083,739.1400000000001,0,0.0,0.0,0,0.0,0.0,16.0,18.0,18.0,0.0062499999999998,0.0062499999999998,0.025,0.0166338865369833,BDT
dynamic,model_dynamic/summary_timeseries.csv,20,20.3,298,119200.0,1163.0971876016822,14.15793553283627,1163 ± 14.16,1136.5796751501036,1211.0944391309351,1.825741297615647,0.3570801952530962,1.826 ± 0.3571,0.0882323282746285,2.729036739547244,0.3666420481986957,0.2197771476116582,0.3666 ± 0.2198,0.0390049692204517,1.4389054991154933,283.93959731543623,1.0409610164867569,283.9 ± 1.041,266.0,284.0,54.53768864574048,0.0502037344238557,54.54 ± 0.0502,53.67837524414063,54.5452995300293,74.5147639808315,0,1,0,0,0:298,0,0,0.0,model_dynamic,True,mckenzie2003,BDT,4.86072424274163,4.810562133789063,4.810562133789063,4.999273777008057,7.092175960540772,6.042683037297645,2.8393959731543625,2.464765100671141,2.51,2.82,0,0.0,0.0,0,0.0,0.0,0,0.0,0.0,297,1441.4036483764648,731.68,1,7.092175960540772,2.82,0,0.0,0.0,11.0,12.0,12.0,0.00625,0.0125,0.025,0.0248470942499415,BDT
dynamic,model_dynamic/summary_timeseries.csv,20,20.2,298,119200.0,1163.1012105258496,14.15330561006938,1163 ± 14.15,1136.6035231017104,1211.0201502812788,1.8109310410274573,0.4001222644021732,1.811 ± 0.4001,0.0,2.814924038480263,0.3659937511197635,0.21880688846146,0.366 ± 0.2188,0.0380037958867208,1.430614420368782,283.0469798657718,16.424051593457715,283 ± 16.42,0.0,284.0,53.63815855499882,0.417043158058863,53.64 ± 0.417,53.6090087890625,60.82529830932617,74.41662717956842,0,2,0,4,0:297; 4:1,1,0,0.0,model_dynamic,True,mckenzie2003,BDT,4.982285550776744,4.999273777008057,4.999273777008057,4.999273777008057,4.999273777008057,6.19673890800109,2.830469798657718,2.5099326599326592,2.51,2.51,1,0.0,0.0,0,0.0,0.0,0,0.0,0.0,297,1484.7210941314695,745.4499999999998,0,0.0,0.0,0,0.0,0.0,8.0,9.0,9.0,0.0124999999999997,0.0124999999999997,0.025,0.0240629362490803,BDT
dynamic,model_dynamic/summary_timeseries.csv,20,20.1,298,119200.0,1163.1052743629928,14.149716819356817,1163 ± 14.15,1136.627353837626,1210.951251376746,1.7962767927258383,0.4409393773593601,1.796 ± 0.4409,0.0,2.893286051208989,0.3654039679301629,0.2179144957049613,0.3654 ± 0.2179,0.03675433450433,1.4226108882062534,290.0234899328859,16.828869766535902,290 ± 16.83,0.0,291.0,57.60161383200012,0.4230944370500616,57.6 ± 0.4231,57.572410583496094,64.8930435180664,74.32389753912003,0,2,0,4,0:297; 4:1,1,0,0.0,model_dynamic,True,mckenzie2003,BDT,5.04560175678074,5.062804222106934,5.062804222106934,5.062804222106934,5.062804222106934,6.276226350613009,2.900234899328859,2.52993265993266,2.53,2.53,1,0.0,0.0,0,0.0,0.0,0,0.0,0.0,297,1503.5893235206604,751.39,0,0.0,0.0,0,0.0,0.0,8.0,9.0,9.0,0.0125,0.0125000000000014,0.025,0.0222503304787106,BDT
dynamic,model_dynamic/summary_timeseries.csv,20,20.0,298,119200.0,1163.1109096146895,14.145240133265304,1163 ± 14.15,1136.6514887538042,1210.881070583683,1.7834791090489617,0.4797057524911501,1.783 ± 0.4797,0.0,2.981789446010675,0.3647472852822849,0.2169789024683339,0.3647 ± 0.217,0.0354440065203226,1.414306606657385,291.8859060402685,17.011654197681864,291.9 ± 17.01,0.0,293.0,56.3472500103432,0.4323218570347393,56.35 ± 0.4323,55.43398284912109,63.692501068115234,74.22958182987873,0,2,0,4,0:297; 4:1,1,0,0.0,model_dynamic,True,mckenzie2003,BDT,5.061815452255659,5.062804222106934,4.999273777008057,5.094686031341553,7.092175960540772,6.294024113851825,2.9188590604026845,2.5326936026936027,2.54,2.82,1,0.0,0.0,0,0.0,0.0,0,0.0,0.0,295,1494.2366528511047,746.5699999999999,2,14.184351921081545,5.64,0,0.0,0.0,8.0,9.0,9.0,0.0125,0.0125000000000014,0.025,0.0223583337197701,BDT
dynamic,model_dynamic/summary_timeseries.csv,20,19.9,298,119200.0,1163.116442368345,14.141035803932697,1163 ± 14.14,1136.6755743350686,1210.8165150040493,1.7707042502895436,0.516602431494426,1.771 ± 0.5166,0.0,3.0655845045223917,0.3641497460971309,0.2160891976346607,0.3641 ± 0.2161,0.0341829671097511,1.4069323364350677,291.38926174496646,29.404198077071428,291.4 ± 29.4,0.0,295.0,55.233257332104166,0.7191810603507892,55.23 ± 0.7192,55.13207244873047,62.36030578613281,74.14094066898065,0,2,0,4,0:295; 4:3,3,0,0.0,model_dynamic,True,mckenzie2003,BDT,4.950781943814066,4.999273777008057,4.936056137084961,5.094686031341553,5.094686031341553,6.1575846823598,2.913892617449665,2.510508474576271,2.54,2.54,3,0.0,0.0,0,0.0,0.0,0,0.0,0.0,295,1475.3330192565918,740.5999999999999,0,0.0,0.0,0,0.0,0.0,8.0,9.0,9.0,0.0124999999999997,0.0124999999999997,0.025,0.0221673732807523,BDT
dynamic,model_dynamic/summary_timeseries.csv,20,19.8,298,119200.0,1163.122587059083,14.137210397048992,1163 ± 14.14,1136.6996050117425,1210.7568856281289,1.7587364047068668,0.550239661537326,1.759 ± 0.5502,0.0,3.1452110844770176,0.3635868545879354,0.2152368099384257,0.3636 ± 0.2152,0.0329720229906403,1.400089978829084,286.76510067114094,33.6174469846892,286.8 ± 33.62,0.0,291.0,57.661570145779805,0.8440513295852063,57.66 ± 0.8441,57.31758880615234,64.94222259521484,74.05728061638638,0,3,0,4,0:294; 3:1; 4:3,3,0,0.0,model_dynamic,True,mckenzie2003,BDT,4.978477948489005,5.062804222106934,4.999273777008057,5.062804222106934,5.062804222106934,6.191802949642579,2.8676510067114096,2.515728813559322,2.53,2.53,3,0.0,0.0,0,0.0,0.0,0,0.0,0.0,293,1479.1991386413574,739.9499999999999,1,4.369905471801758,2.1,1,0.0173845365643501,0.09,8.0,9.0,9.0,0.0125,0.0125000000000014,0.025,0.020849700667262,BDT
dynamic,model_dynamic/summary_timeseries.csv,20,19.7,298,119200.0,1163.1301529202378,14.132924300895008,1163 ± 14.13,1136.723836308046,1210.6980066939952,1.74856026429516,0.580526590145097,1.749 ± 0.5805,0.0,3.225620722026855,0.3629983881607462,0.2143855986784441,0.363 ± 0.2144,0.0317350132465635,1.393119251688017,280.5402684563758,37.45717988263594,280.5 ± 37.46,0.0,286.0,56.95954077035789,0.9771463120224112,56.96 ± 0.9771,56.79326248168945,64.23521423339844,73.97417038594926,0,2,0,4,0:293; 4:5,5,0,0.0,model_dynamic,True,mckenzie2003,BDT,4.844297774686109,4.936056137084961,4.90456485748291,4.999273777008057,4.999273777008057,6.023087932578369,2.8054026845637585,2.4855972696245736,2.51,2.51,5,0.0,0.0,0,0.0,0.0,0,0.0,0.0,291,1436.1135501861572,724.49,2,7.487186670303345,3.79,0,0.0,0.0,8.0,9.0,9.0,0.0124999999999997,0.0124999999999997,0.025,0.0205408329754115,BDT
dynamic,model_dynamic/summary_timeseries.csv,20,19.6,298,119200.0,1163.138307362507,14.128517301544404,1163 ± 14.13,1136.7480338605058,1210.643452384537,1.7391739374895,0.608422376517347,1.739 ± 0.6084,0.0,3.302773820057362,0.3624291776384062,0.2135698054309266,0.3624 ± 0.2136,0.0305405127974414,1.3864314414092525,235.21812080536915,36.51113750034773,235.2 ± 36.51,0.0,241.0,51.66816079056503,0.9513395655096678,51.67 ± 0.9513,50.34165954589844,57.770355224609375,73.89541852403158,0,2,0,4,0:291; 4:7,7,0,0.0,model_dynamic,True,mckenzie2003,BDT,4.271014869613135,4.381305694580078,4.321261405944824,4.381305694580078,6.284155368804932,5.303093409452416,2.3521812080536915,2.3052577319587626,2.31,2.62,7,0.0,0.0,0,0.0,0.0,0,0.0,0.0,289,1260.1941204071045,665.5899999999999,2,12.568310737609863,5.24,0,0.0,0.0,8.0,9.0,9.0,0.0125,0.0125000000000014,0.025,0.0222627593124408,BDT
dynamic,model_dynamic/summary_timeseries.csv,20,19.5,298,119200.0,1163.1461046837496,14.125189127781812,1163 ± 14.13,1136.7718450562827,1210.598039788371,1.7293575556289316,0.6343357001649915,1.729 ± 0.6343,0.0,3.3707527261139685,0.3619788282852424,0.212866812508037,0.362 ± 0.2129,0.0294870889823336,1.38063887000724,278.08053691275165,49.118063050496296,278.1 ± 49.12,0.0,287.0,57.2400775243772,1.32791239700854,57.24 ± 1.328,56.04527282714844,64.74151611328125,73.8261947320882,0,2,0,4,0:289; 4:9,9,0,0.0,model_dynamic,True,mckenzie2003,BDT,4.776965733342522,4.90456485748291,4.841817855834961,4.999273777008057,7.092175960540772,5.935482199010076,2.780805369127518,2.4818339100346023,2.51,2.82,9,0.0,0.0,0,0.0,0.0,0,0.0,0.0,285,1395.373393535614,706.02,4,28.162395000457764,11.23,0,0.0,0.0,8.0,9.0,9.0,0.0125,0.0125000000000014,0.025,0.0194639403493946,BDT
dynamic,model_dynamic/summary_timeseries.csv,20,19.4,298,119200.0,1163.155949354201,14.12021913716666,1163 ± 14.12,1136.796115154726,1210.549103266858,1.7221195531568831,0.6578292876868241,1.722 ± 0.6578,0.0,3.444602880173995,0.361397791277567,0.2120845425693086,0.3614 ± 0.2121,0.0283393193677585,1.3742393543092868,274.0402684563758,56.43686015203671,274 ± 56.44,0.0,286.0,55.00071866080265,1.4748325428289617,55 ± 1.475,53.852664947509766,62.1518440246582,73.75298811213179,0,2,0,4,0:286; 4:12,12,0,0.0,model_dynamic,True,mckenzie2003,BDT,4.75520384311676,4.936056137084961,4.844233679771424,4.999273777008057,7.175102233886719,5.9119909191323226,2.740402684563758,2.493916083916084,2.51,2.84,12,0.0,0.0,0,0.0,0.0,0,0.0,0.0,284,1406.5121755599976,708.63,2,10.538569688796995,4.63,0,0.0,0.0,8.0,9.0,9.0,0.0124999999999997,0.0124999999999997,0.025,0.0199387123116589,BDT
dynamic,model_dynamic/summary_timeseries.csv,20,19.3,298,119200.0,1163.16620443602,14.115640727341049,1163 ± 14.12,1136.8202598306991,1210.5050804307427,1.7153780459211043,0.6790607746334675,1.715 ± 0.6791,0.0,3.5139194549035437,0.3608504822480944,0.2113518743729877,0.3609 ± 0.2114,0.0272580369051381,1.368247126358877,274.7852348993289,59.0752635360823,274.8 ± 59.08,0.0,288.0,58.02488015962127,1.5645145279187214,58.02 ± 1.565,56.70365905761719,65.2699966430664,73.6848206000434,0,2,0,4,0:285; 4:13,13,0,0.0,model_dynamic,True,mckenzie2003,BDT,4.698582634029773,4.90456485748291,4.777262377738953,4.936056137084961,7.175102233886719,5.837328933575302,2.747852348993288,2.476842105263158,2.49,2.84,13,0.0,0.0,0,0.0,0.0,0,0.0,0.0,280,1368.616406917572,692.9100000000001,5,31.56121802330017,12.99,0,0.0,0.0,8.0,9.0,9.0,0.0125,0.0125000000000014,0.025,0.0183772661666652,BDT
dynamic,model_dynamic/summary_timeseries.csv,20,19.2,298,119200.0,1163.1772893303255,14.11042327246622,1163 ± 14.11,1136.8446323667445,1210.461149103655,1.709816357630435,0.6994501917348965,1.71 ± 0.6995,0.0,3.5865999529699737,0.3602623101359987,0.2105999613829995,0.3603 ± 0.2106,0.0261509441112718,1.3620755641471631,268.77852348993287,62.70462830798647,268.8 ± 62.7,0.0,284.0,57.14270979606065,1.6923938439096144,57.14 ± 1.692,55.18626022338867,64.31747436523438,73.61651673691085,0,2,0,4,0:283; 4:15,15,0,0.0,model_dynamic,True,mckenzie2003,BDT,4.59912291829218,4.841817855834961,1.215741926431658,4.841817855834961,7.175102233886719,5.715173606602833,2.687785234899329,2.4561837455830395,2.46,2.84,15,0.0,0.0,0,0.0,0.0,0,0.0,0.0,279,1351.1520161628723,686.4300000000001,4,19.386613488197327,8.67,0,0.0,0.0,8.0,9.0,9.0,0.0124999999999997,0.0124999999999997,0.025,0.018235677830006,BDT
dynamic,model_dynamic/summary_timeseries.csv,20,19.1,298,119200.0,1163.1889787983134,14.105104142221348,1163 ± 14.11,1136.8689672899477,1210.4205176953794,1.7049747544685394,0.7180929118465913,1.705 ± 0.7181,0.0,3.655733224038269,0.3596778966691979,0.2098922537159888,0.3597 ± 0.2099,0.0250907408529504,1.3561500160302007,266.71140939597313,67.60393889700099,266.7 ± 67.6,0.0,284.0,56.032355148520246,1.7943108637974263,56.03 ± 1.794,54.3027229309082,63.21995544433594,73.55155040543173,0,3,0,4,0:280; 3:1; 4:17,17,0,0.0,model_dynamic,True,mckenzie2003,BDT,4.582686795149899,4.810562133789063,0.0,4.999273777008057,5.74186372756958,5.697406694533329,2.6671140939597318,2.461708185053381,2.51,2.51,17,0.0,0.0,0,0.0,0.0,0,0.0,0.0,279,1359.885729789734,689.1899999999998,1,5.74186372756958,2.48,1,0.0130714373663067,0.07,8.0,9.0,9.0,0.0125,0.0125000000000014,0.025,0.0183155920959442,BDT
dynamic,model_dynamic/summary_timeseries.csv,20,19.0,298,119200.0,1163.2008673359849,14.100097523649156,1163 ± 14.1,1136.8932446120189,1210.3828776820906,1.7003852393423906,0.7354415979416493,1.7 ± 0.7354,0.0,3.705995204998347,0.3591154272859994,0.2092317142372772,0.3591 ± 0.2092,0.0240805531583156,1.3504548820234612,266.7953020134228,69.62542430371643,266.8 ± 69.63,0.0,285.0,57.44534300477713,1.8331594175885624,57.45 ± 1.833,56.64263534545898,64.46963500976562,73.4896330700717,0,2,0,4,0:279; 4:19,19,0,0.0,model_dynamic,True,mckenzie2003,BDT,4.529710859260304,4.841817855834961,0.0,4.90456485748291,4.90456485748291,5.632119051581467,2.6679530201342287,2.4500357142857143,2.48,2.48,19,0.0,0.0,0,0.0,0.0,0,0.0,0.0,279,1349.8538360595703,686.01,0,0.0,0.0,0,0.0,0.0,7.0,7.0,7.0,0.0125,0.025,0.025,0.0249866132102559,BDT
dynamic,model_dynamic/summary_timeseries.csv,20,18.9,298,119200.0,1163.2130700355106,14.0949832848334,1163 ± 14.09,1136.917659116944,1210.3466687079713,1.6963062125226402,0.7522962520952754,1.696 ± 0.7523,0.0,3.754615561951549,0.358535070120893,0.2085671237958043,0.3585 ± 0.2086,0.023077939347367,1.344760314632228,262.5503355704698,67.07287794826782,262.6 ± 67.07,0.0,280.0,55.604125438920605,1.8284485450459824,55.6 ± 1.828,54.321624755859375,62.70753479003906,73.42900959102735,0,2,0,4,0:280; 4:18,18,0,0.0,model_dynamic,True,mckenzie2003,BDT,4.563922111620039,4.841817855834961,0.0,4.90456485748291,7.050856590270996,5.673384479755709,2.6255033557046983,2.453950177935944,2.48,2.81,18,0.0,0.0,0,0.0,0.0,0,0.0,0.0,278,1351.1758003234863,685.52,2,8.872988939285278,4.04,0,0.0,0.0,8.0,9.0,9.0,0.0124999999999997,0.0124999999999997,0.025,0.0175649964337647,BDT
dynamic,model_dynamic/summary_timeseries.csv,20,18.8,298,119200.0,1163.225372856807,14.09015123553718,1163 ± 14.09,1136.9419694389385,1210.3137812784696,1.6922318729004082,0.7684892045775715,1.692 ± 0.7685,0.0,3.800808559883817,0.3579803991693939,0.2079407299236169,0.358 ± 0.2079,0.0221388365732611,1.3393685860918303,265.506711409396,65.42962012618071,265.5 ± 65.43,0.0,282.0,56.73339512204164,1.7427341185978804,56.73 ± 1.743,55.036842346191406,63.80343246459961,73.37181183953135,0,2,0,4,0:281; 4:17,17,0,0.0,model_dynamic,True,mckenzie2003,BDT,4.60240475603398,4.841817855834961,0.0,4.936056137084961,6.9274749755859375,5.719859300900774,2.6550671140939595,2.4606737588652483,2.49,2.78,17,0.0,0.0,0,0.0,0.0,0,0.0,0.0,278,1353.8178491592407,686.3600000000001,3,17.698768138885498,7.55,0,0.0,0.0,7.0,7.0,7.0,0.0125,0.025,0.025,0.0249812975568386,BDT
dynamic,model_dynamic/summary_timeseries.csv,20,18.7,298,119200.0,1163.2376989903255,14.085379870040477,1163 ± 14.09,1136.9663943999217,1210.281884381079,1.6883031088231164,0.784740287865546,1.688 ± 0.7847,0.0,3.8481353552758426,0.3574313048945522,0.2073122829944532,0.3574 ± 0.2073,0.0212153384591132,1.3339641687245716,264.78859060402687,67.15847433641426,264.8 ± 67.16,0.0,282.0,57.86738085906778,1.8158966202201416,57.87 ± 1.816,56.53047561645508,65.02176666259766,73.3154899811575,0,3,0,4,0:280; 3:1; 4:17,17,0,0.0,model_dynamic,True,mckenzie2003,BDT,4.655051243636795,4.936056137084961,0.0,4.936056137084961,7.092175960540772,5.7854235208567575,2.647885906040268,2.4744326241134758,2.49,2.82,17,0.0,0.0,0,0.0,0.0,0,0.0,0.0,277,1365.964916229248,689.3100000000001,3,21.23520851135254,8.45,1,0.0051458631642162,0.03,5.0,5.0,5.0,0.0124999999999997,0.0249999999999994,0.025,0.0244489761339215,BDT
dynamic,model_dynamic/summary_timeseries.csv,20,18.6,298,119200.0,1163.2503268023177,14.080479633424916,1163 ± 14.08,1136.9909319597468,1210.2510887871829,1.6848698300511464,0.8007091888564924,1.685 ± 0.8007,0.0,3.89676034288926,0.3568786035971156,0.2066819417617216,0.3569 ± 0.2067,0.0203117899879198,1.3285544052022051,262.88926174496646,66.67771192265235,262.9 ± 66.68,0.0,280.0,59.7668057000077,1.9101411942488005,59.77 ± 1.91,58.39702987670898,67.2930908203125,73.26015682743582,0,2,0,4,0:280; 4:18,18,0,0.0,model_dynamic,True,mckenzie2003,BDT,4.603580273237805,4.936056137084961,0.0,4.936056137084961,7.050856590270996,5.720881221356849,2.6288926174496647,2.465800711743773,2.49,2.81,18,0.0,0.0,0,0.0,0.0,0,0.0,0.0,277,1350.9200839996338,684.5100000000001,3,20.946837425231934,8.379999999999999,0,0.0,0.0,6.0,6.0,6.0,0.0125,0.025,0.025,0.023517698642403,BDT
dynamic,model_dynamic/summary_timeseries.csv,20,18.5,298,119200.0,1163.2632215977624,14.075426707690117,1163 ± 14.08,1137.0156279325445,1210.221182347285,1.681959720734778,0.8166785823865798,1.682 ± 0.8167,0.0,3.948034270826453,0.3563149379935932,0.2060427444097337,0.3563 ± 0.206,0.0194261683906355,1.3230863601998213,259.0637583892617,66.02104069205838,259.1 ± 66.02,0.0,277.0,59.00000574764789,1.9802538117131776,59 ± 1.98,57.69675827026367,66.75037384033203,73.20555441474062,0,2,0,4,0:280; 4:18,18,0,0.0,model_dynamic,True,mckenzie2003,BDT,4.478928005135299,4.748287200927734,0.0,4.810562133789063,6.845701694488525,5.565361499414192,2.590637583892618,2.42405693950178,2.45,2.76,18,0.0,0.0,0,0.0,0.0,0,0.0,0.0,277,1318.3965950012207,674.0899999999999,3,16.32395052909851,7.07,0,0.0,0.0,5.0,5.0,5.0,0.0125,0.025,0.025,0.0237204238210463,BDT
dynamic,model_dynamic/summary_timeseries.csv,20,18.4,298,119200.0,1163.276192606858,14.070503090280404,1163 ± 14.07,1137.040296028396,1210.193492045808,1.6791469810049051,0.8323681743956343,1.679 ± 0.8324,0.0,3.99819535130322,0.355779018045556,0.2054275004461971,0.3558 ± 0.2054,0.0186005720188632,1.317823984391711,260.1006711409396,67.89720269479264,260.1 ± 67.9,0.0,278.0,59.30549447488465,2.045636317499474,59.31 ± 2.046,57.91632461547852,67.13800048828125,73.1531960174118,0,2,0,4,0:279; 4:19,19,0,0.0,model_dynamic,True,mckenzie2003,BDT,4.600402516806685,4.90456485748291,0.0,4.90456485748291,6.968505859375,5.717122011865123,2.6010067114093967,2.470357142857143,2.48,2.79,19,0.0,0.0,0,0.0,0.0,0,0.0,0.0,276,1350.1782674789429,683.37,3,20.741682529449463,8.329999999999998,0,0.0,0.0,5.0,5.0,5.0,0.0124999999999997,0.0249999999999994,0.025,0.0234394510272675,BDT
dynamic,model_dynamic/summary_timeseries.csv,20,18.3,298,119200.0,1163.2893850482324,14.06557225377006,1163 ± 14.07,1137.0650237693417,1210.1669760409986,1.676679329161712,0.847866884367594,1.677 ± 0.8479,0.0,4.048670608580741,0.3552491424243061,0.2048124724373359,0.3552 ± 0.2048,0.0178197384124176,1.3126128768407523,254.9127516778524,66.97905441264577,254.9 ± 66.98,0.0,273.0,57.69587132754742,1.969596790483842,57.7 ± 1.97,55.58578872680664,65.14232635498047,73.10195227165696,0,2,0,4,0:279; 4:19,19,0,0.0,model_dynamic,True,mckenzie2003,BDT,4.503861678526706,4.810562133789063,0.0,4.841817855834961,6.9274749755859375,5.597180372894542,2.5491275167785235,2.438142857142857,2.46,2.78,19,0.0,0.0,0,0.0,0.0,0,0.0,0.0,276,1327.5128359794617,676.12,3,14.637944221496582,6.5600000000000005,0,0.0,0.0,5.0,5.0,5.0,0.0125,0.025,0.025,0.0239508895104044,BDT
dynamic,model_dynamic/summary_timeseries.csv,20,18.2,298,119200.0,1163.3024680483968,14.061062189203756,1163 ± 14.06,1137.0896540359313,1210.1431310347896,1.6740287288018445,0.8628673368421219,1.674 ± 0.8629,0.0,4.096403755392696,0.3547535652433706,0.204229043527076,0.3548 ± 0.2042,0.0171164510334418,1.3076449579368057,280.0771812080537,77.35569428965316,280.1 ± 77.36,0.0,302.0,64.427022729144,2.5883127496285505,64.43 ± 2.588,62.85600662231445,73.89268493652344,73.05347699885829,2,4,1,4,1:5; 2:272; 3:1; 4:20,20,0,0.0,model_dynamic,True,mckenzie2003,BDT,4.795957432962929,5.158683776855469,0.0,5.158683776855469,7.30020809173584,5.963584032019753,2.8007718120805367,2.538745519713262,2.56,2.87,20,0.0,0.0,0,0.0,0.0,0,0.0,0.0,274,1411.3018593788147,700.73,3,17.88038420677185,7.510000000000001,1,0.0130714373663067,0.07,6.0,6.0,6.0,0.0124999999999997,0.0249999999999994,0.025,0.0249952580275902,BDT
dynamic,model_dynamic/summary_timeseries.csv,20,18.1,298,119200.0,1163.3162981103203,14.055909215650262,1163 ± 14.06,1137.1148501965674,1210.1157037692876,1.6730507252979254,0.8777379776602632,1.673 ± 0.8777,0.0,4.155693496785432,0.354172151304942,0.203573441878967,0.3542 ± 0.2036,0.016224336957054,1.302202821545717,310.8959731543624,87.55005807164422,310.9 ± 87.55,0.0,336.0,69.64377847453892,3.106075025422878,69.64 ± 3.106,67.84063720703125,80.7884521484375,73.00085357272019,1,3,1,4,1:276; 3:3; 4:19,19,0,0.0,model_dynamic,True,mckenzie2003,BDT,4.977728631828706,5.352536678314209,0.0,5.417771816253662,7.766244888305664,6.18951288846771,3.1089597315436244,2.584714285714286,2.64,2.98,19,0.0,0.0,0,0.0,0.0,0,0.0,0.0,272,1452.328884601593,711.5400000000001,4,30.97939443588257,11.9,3,0.0548532474786043,0.28,5.0,5.0,5.0,0.0125000000000007,0.025,0.025,0.0243483666194607,BDT
dynamic,model_dynamic/summary_timeseries.csv,20,18.0,298,119200.0,1163.3307095673092,14.05044059029592,1163 ± 14.05,1137.1405097275804,1210.0880001014364,1.6735883206029705,0.8923764024161486,1.674 ± 0.8924,0.0,4.225983485660795,0.3535412937934812,0.202873805074933,0.3535 ± 0.2029,0.0147637380005655,1.296479639150634,280.03691275167785,68.81100939012369,280 ± 68.81,0.0,300.0,63.887619389783616,2.330637903450219,63.89 ± 2.331,62.33429718017578,73.06453704833984,72.947490373856,2,3,1,4,1:11; 2:272; 4:15,15,0,0.0,model_dynamic,True,mckenzie2003,BDT,4.79132263572424,5.094686031341553,1.0701929152011889,5.094686031341553,7.30020809173584,5.952960712300041,2.8003691275167792,2.503098591549296,2.54,2.87,15,0.0,0.0,0,0.0,0.0,0,0.0,0.0,272,1385.7227187156675,690.8699999999999,11,42.091426730155945,20.01,0,0.0,0.0,7.0,8.0,8.0,0.0125,0.025,0.025,0.0212705022958055,BDT
dynamic,model_dynamic/summary_timeseries.csv,20,17.9,298,119200.0,1163.3442381105394,14.04609633076753,1163 ± 14.05,1137.1657410073497,1210.06288424354,1.6722849962385824,0.9078005843135036,1.672 ± 0.9078,0.0,4.283652042462606,0.3530031359553059,0.2022415321496222,0.353 ± 0.2022,0.0134260658230563,1.2909611030799315,250.7651006711409,70.44183561531909,250.8 ± 70.44,0.0,271.0,55.81104162075376,2.009701434751508,55.81 ± 2.01,54.39914321899414,63.027976989746094,72.89714323619023,0,3,0,4,0:276; 3:7; 4:15,15,0,0.0,model_dynamic,True,mckenzie2003,BDT,4.4092118905282165,4.748287200927734,0.0093479781411588,4.748287200927734,6.9274749755859375,5.476845410322323,2.50765100671141,2.3627464788732397,2.43,2.78,15,0.0,0.0,0,0.0,0.0,0,0.0,0.0,272,1288.3408513069153,659.9300000000001,4,25.498921394348145,10.54,7,0.1053706761449575,0.55,7.0,8.0,8.0,0.0124999999999997,0.0249999999999994,0.025,0.0242157056227745,BDT
dynamic,model_dynamic/summary_timeseries.csv,20,17.8,298,119200.0,1163.3572309877884,14.042522186578008,1163 ± 14.04,1137.190340909757,1210.0417127020055,1.669634199500996,0.9219551324248888,1.67 ± 0.922,0.0,4.327673597623988,0.3525776249724714,0.2017101508826412,0.3526 ± 0.2017,0.0123244358966446,1.285796336152532,245.21812080536915,69.63853996758994,245.2 ± 69.64,0.0,266.0,57.91902457627674,2.134623376694396,57.92 ± 2.135,55.913944244384766,65.39411163330078,72.85137179224853,0,2,0,4,0:276; 4:22,22,0,0.0,model_dynamic,True,mckenzie2003,BDT,4.401529872177432,4.748287200927734,0.0,4.748287200927734,6.845701694488525,5.468098735955098,2.452181208053691,2.426992753623188,2.43,2.76,22,0.0,0.0,0,0.0,0.0,0,0.0,0.0,272,1290.2154669761658,660.5300000000001,4,21.44043493270874,9.32,0,0.0,0.0,6.0,6.0,6.0,0.0125,0.025,0.025,0.0232497737041755,BDT
dynamic,model_dynamic/summary_timeseries.csv,20,17.7,298,119200.0,1163.370259602297,14.038954250307,1163 ± 14.04,1137.2151297270518,1210.0209895537928,1.6673324519652644,0.9362674778399528,1.667 ± 0.9363,0.0,4.392107675766751,0.3521178154113796,0.2011746344850695,0.3521 ± 0.2012,0.011235501299918,1.2805619004889763,250.16107382550337,72.88329064485725,250.2 ± 72.88,0.0,272.0,54.601556432327165,2.121989506174326,54.6 ± 2.122,52.33553314208984,61.92945861816406,72.80585982674097,0,3,0,4,0:275; 3:1; 4:22,22,0,0.0,model_dynamic,True,mckenzie2003,BDT,4.400673470306741,4.748287200927734,0.0,4.810562133789063,6.845701694488525,5.467730912550171,2.501610738255033,2.4151624548736463,2.45,2.76,22,0.0,0.0,0,0.0,0.0,0,0.0,0.0,271,1292.5792999267578,660.39,4,18.80832278728485,8.54,1,0.0130714373663067,0.07,6.0,6.0,6.0,0.0124999999999997,0.0249999999999994,0.025,0.0244932600788221,BDT
dynamic,model_dynamic/summary_timeseries.csv,20,17.6,298,119200.0,1163.3828041027923,14.035922106951787,1163 ± 14.04,1137.2396915550116,1210.002888365192,1.6643068576954705,0.9501662468480994,1.664 ± 0.9502,0.0,4.454301343023295,0.3517049362798907,0.2006851546609575,0.3517 ± 0.2007,0.0102324056175664,1.2756089112871771,249.79530201342283,75.62119730131643,249.8 ± 75.62,0.0,273.0,55.42834779880191,2.01776105026852,55.43 ± 2.018,53.95077133178711,62.14153289794922,72.76319681018026,0,3,0,4,0:273; 3:1; 4:24,24,0,0.0,model_dynamic,True,mckenzie2003,BDT,4.377934669081947,4.748287200927734,0.0,4.810562133789063,6.968505859375,5.439487845529165,2.4979530201342284,2.427956204379562,2.45,2.79,24,0.0,0.0,0,0.0,0.0,0,0.0,0.0,270,1286.1560010910034,657.4200000000001,3,18.44429397583008,7.72,1,0.0242363195866346,0.12,6.0,7.0,7.0,0.0125,0.025,0.025,0.0243668975465093,BDT
dynamic,model_dynamic/summary_timeseries.csv,20,17.5,298,119200.0,1163.3955663190425,14.033033772834852,1163 ± 14.03,1137.2643350170783,1209.9866598820356,1.6616497997191289,0.9637475291026604,1.662 ± 0.9637,0.0,4.517027801881413,0.3512938876748414,0.2001930169965417,0.3513 ± 0.2002,0.009229047533665,1.2706593423806531,247.7013422818792,75.20295625220302,247.7 ± 75.2,0.0,271.0,56.76007734209099,2.1352810342895343,56.76 ± 2.135,55.18979263305664,63.90744018554688,72.72232486495727,0,3,0,4,0:273; 3:1; 4:24,24,0,0.0,model_dynamic,True,mckenzie2003,BDT,4.293176945552055,4.655467987060547,0.0,4.717268466949463,6.723766326904297,5.3339214505978845,2.4770134228187923,2.398613138686132,2.42,2.73,24,0.0,0.0,0,0.0,0.0,0,0.0,0.0,270,1264.8569860458374,650.55,3,14.502713203430176,6.630000000000001,1,0.0070305252447724,0.04,7.0,8.0,8.0,0.0125,0.025,0.025,0.0231280646753951,BDT
dynamic,model_dynamic/summary_timeseries.csv,20,17.4,298,119200.0,1163.408555851404,14.03024574193679,1163 ± 14.03,1137.2891057461266,1209.9722992773309,1.6594585786737113,0.977159350781465,1.659 ± 0.9772,0.0,4.580686432609853,0.3508798762529129,0.1996911564815296,0.3509 ± 0.1997,0.0082027143269997,1.265708685717953,247.41610738255036,76.82858988536562,247.4 ± 76.83,0.0,272.0,56.2102440315605,2.135442634965972,56.21 ± 2.135,55.50011444091797,63.07548522949219,72.68319353120432,0,2,0,4,0:272; 4:26,26,0,0.0,model_dynamic,True,mckenzie2003,BDT,4.342830518748136,4.748287200927734,0.0,4.810562133789063,4.810562133789063,5.397726759212265,2.4741610738255035,2.4315441176470585,2.45,2.45,26,0.0,0.0,0,0.0,0.0,0,0.0,0.0,270,1286.8663449287417,657.65,2,7.297149658203125,3.73,0,0.0,0.0,6.0,6.0,6.0,0.0124999999999997,0.0249999999999994,0.025,0.0239772146392513,BDT
dynamic,model_dynamic/summary_timeseries.csv,20,17.3,298,119200.0,1163.4216870123323,14.02765133628459,1163 ± 14.03,1137.3138691457598,1209.959085027932,1.65743596725772,0.9902720629964568,1.657 ± 0.9903,0.0,4.643664314929896,0.3504765323819455,0.1991973656431454,0.3505 ± 0.1992,0.0071994420702177,1.2608366456025937,244.61744966442956,76.30934018982995,244.6 ± 76.31,0.0,269.0,57.75053583695585,2.094507550255957,57.75 ± 2.095,56.767845153808594,64.39260864257812,72.64521588217235,0,2,0,4,0:272; 4:26,26,0,0.0,model_dynamic,True,mckenzie2003,BDT,4.308939895373863,4.717268466949463,0.0,4.810562133789063,4.810562133789063,5.355830029617333,2.446174496644296,2.4193382352941173,2.45,2.45,26,0.0,0.0,0,0.0,0.0,0,0.0,0.0,270,1279.879825115204,655.3899999999999,2,4.184263706207275,2.67,0,0.0,0.0,6.0,6.0,6.0,0.0125,0.025,0.025,0.0237999568099888,BDT
dynamic,model_dynamic/summary_timeseries.csv,20,17.2,298,119200.0,1163.4351340996789,14.024954451277146,1163 ± 14.02,1137.33877139731,1209.9462470606904,1.6559553803429552,1.0033995335781545,1.656 ± 1.003,0.0,4.707891613708828,0.3500613168832799,0.1986920116497661,0.3501 ± 0.1987,0.0061780151124076,1.2559248643392849,250.44295302013424,79.28771687755622,250.4 ± 79.29,0.0,276.0,55.44952172400967,2.130229964267936,55.45 ± 2.13,53.944766998291016,62.22606658935547,72.60747566338046,0,3,0,4,0:271; 3:1; 4:26,26,0,0.0,model_dynamic,True,mckenzie2003,BDT,4.335437552634652,4.748287200927734,0.0,4.810562133789063,7.050856590270996,5.386941837196951,2.504429530201343,2.4241176470588237,2.45,2.81,26,0.0,0.0,0,0.0,0.0,0,0.0,0.0,268,1275.506630897522,652.1800000000001,3,16.429523468017578,7.0600000000000005,1,0.0242363195866346,0.12,8.0,9.0,9.0,0.0124999999999997,0.0124999999999997,0.025,0.0165478110442787,BDT
dynamic,model_dynamic/summary_timeseries.csv,20,17.1,298,119200.0,1163.4484025915604,14.022591310861245,1163 ± 14.02,1137.363520130612,1209.9341712955634,1.6541158970790082,1.016283508724734,1.654 ± 1.016,0.0,4.7692717014456685,0.3496794912818164,0.1982181338183507,0.3497 ± 0.1982,0.0052129849457661,1.2512060461639831,251.8120805369128,79.79170611114756,251.8 ± 79.79,0.0,278.0,57.90421949296989,2.097458873725805,57.9 ± 2.097,56.3555793762207,64.56283569335938,72.57065116495141,0,3,0,4,0:271; 3:1; 4:26,26,0,0.0,model_dynamic,True,mckenzie2003,BDT,4.414690513404449,4.90456485748291,0.0,4.90456485748291,7.050856590270996,5.485183534927191,2.518120805369128,2.450330882352941,2.48,2.81,26,0.0,0.0,0,0.0,0.0,0,0.0,0.0,267,1292.2397837638855,656.6199999999999,4,23.32491779327393,9.8,1,0.0130714373663067,0.07,7.0,8.0,8.0,0.0125,0.025,0.025,0.0243999496589212,BDT
dynamic,model_dynamic/summary_timeseries.csv,20,17.0,298,119200.0,1163.461969772644,14.020043048227432,1163 ± 14.02,1137.3884916986324,1209.92216544673,1.652911611524813,1.0292739971854064,1.653 ± 1.029,0.0,4.832981760329565,0.3492778359665219,0.1977227643765875,0.3493 ± 0.1977,0.0042136967072112,1.2463749132453603,262.0,83.01807032206904,262 ± 83.02,0.0,289.0,61.167712166805394,2.1886333472469053,61.17 ± 2.189,59.50948333740234,68.1325454711914,72.5336737480975,0,3,0,4,0:271; 3:1; 4:26,26,0,0.0,model_dynamic,True,mckenzie2003,BDT,4.576843367620753,5.062804222106934,0.0,5.062804222106934,7.175102233886719,5.687362408048725,2.62,2.505367647058823,2.53,2.84,26,0.0,0.0,0,0.0,0.0,0,0.0,0.0,266,1333.050508975983,668.66,5,30.837816953659058,12.74,1,0.0109976213425397,0.06,7.0,8.0,8.0,0.0125,0.025,0.025,0.0234248702194023,BDT
dynamic,model_dynamic/summary_timeseries.csv,20,16.9,298,119200.0,1163.4759126353842,14.017277497066642,1163 ± 14.02,1137.4137677371366,1209.9098624087685,1.6525712130753007,1.0424574259376782,1.653 ± 1.042,0.0,4.900973222989737,0.3488463195636397,0.197200990639291,0.3488 ± 0.1972,0.0031716584351534,1.2414006994770557,259.2953020134228,82.02205492858275,259.3 ± 82.02,0.0,286.0,61.06110248949704,2.117262266151602,61.06 ± 2.117,59.182090759277344,67.81876373291016,72.49609467163191,0,3,0,4,0:271; 3:2; 4:25,25,0,0.0,model_dynamic,True,mckenzie2003,BDT,4.563978879303115,4.999273777008057,0.0,4.999273777008057,7.175102233886719,5.670028944262306,2.592953020134228,2.4822262773722623,2.51,2.84,25,0.0,0.0,0,0.0,0.0,0,0.0,0.0,265,1322.687227725983,664.4599999999998,6,37.3411705493927,15.48,2,0.0373077569529414,0.19,7.0,8.0,8.0,0.0124999999999997,0.0249999999999994,0.025,0.0241026455083054,BDT
dynamic,model_dynamic/summary_timeseries.csv,20,16.8,298,119200.0,1163.489850515305,14.014586617057011,1163 ± 14.01,1137.4390840689953,1209.8966898695671,1.652260760400895,1.05548601511782,1.652 ± 1.055,0.0,4.968607483696778,0.3484266945791884,0.196681633187465,0.3484 ± 0.1967,0.0021900240302078,1.2364788425026667,257.4530201342282,80.51978460201752,257.5 ± 80.52,0.0,284.0,59.23863920429409,2.056681988054072,59.24 ± 2.057,57.27726364135742,65.78848266601562,72.45760580057186,0,3,0,4,0:272; 3:1; 4:25,25,0,0.0,model_dynamic,True,mckenzie2003,BDT,4.531490896640958,4.999273777008057,0.0,4.999273777008057,7.092175960540772,5.628905925672615,2.574530201342282,2.473029197080292,2.51,2.82,25,0.0,0.0,0,0.0,0.0,0,0.0,0.0,264,1310.7550497055054,659.76,8,39.60961818695069,17.75,1,0.0196193065494298,0.1,7.0,8.0,8.0,0.0125,0.025,0.025,0.0201949088468472,BDT
dynamic,model_dynamic/summary_timeseries.csv,20,16.7,298,119200.0,1163.503387622964,14.012308975144707,1164 ± 14.01,1137.4642804448229,1209.883513014127,1.651377051400279,1.0682606178706615,1.651 ± 1.068,0.0,5.034145743310113,0.3480507361903158,0.1961823689510395,0.3481 ± 0.1962,0.0013844086418178,1.231700743798302,266.6006711409396,84.15895554370485,266.6 ± 84.16,0.0,295.0,58.86026280038309,2.108811488395914,58.86 ± 2.109,57.18449020385742,65.44340515136719,72.41923256930409,0,3,0,4,0:272; 3:1; 4:25,25,0,0.0,model_dynamic,True,mckenzie2003,BDT,4.5374009843928205,4.999273777008057,0.0,5.094686031341553,7.216708660125732,5.636252238938648,2.666006711409396,2.4823809523809524,2.54,2.85,25,0.0,0.0,0,0.0,0.0,0,0.0,0.0,263,1311.3249735832214,659.0099999999999,9,40.80090045928955,18.58,1,0.0196193065494298,0.1,6.0,6.0,6.0,0.0124999999999997,0.0249999999999994,0.025,0.0246653427554222,BDT
dynamic,model_dynamic/summary_timeseries.csv,20,16.6,298,119200.0,1163.517080850928,14.01018021250168,1164 ± 14.01,1137.4894644348144,1209.870633859941,1.6506774661354953,1.0807202679136996,1.651 ± 1.081,0.0,5.09905548235367,0.3476910555123182,0.1956925144281739,0.3477 ± 0.1957,0.0010614352144515,1.2269702425273945,266.36577181208054,86.85135668076931,266.4 ± 86.85,0.0,296.0,60.75237220405732,2.210861217327356,60.75 ± 2.211,58.98129653930664,67.5042724609375,72.38116942512693,0,3,0,4,0:270; 3:2; 4:26,26,0,0.0,model_dynamic,True,mckenzie2003,BDT,4.498657764866948,4.936056137084961,0.0,5.062804222106934,7.216708660125732,5.587548540426065,2.663657718120806,2.4719852941176472,2.53,2.85,26,0.0,0.0,0,0.0,0.0,0,0.0,0.0,262,1298.3134236335754,653.96,8,42.24273467063904,18.200000000000003,2,0.0438556261360645,0.22,8.0,9.0,9.0,0.0125,0.0125000000000014,0.025,0.0163716276179963,BDT
dynamic,model_dynamic/summary_timeseries.csv,20,16.5,298,119200.0,1163.530863397628,14.007774907403173,1164 ± 14.01,1137.5148307211905,1209.858125414915,1.650404343351034,1.0929940637411453,1.65 ± 1.093,0.0,5.165418839789433,0.3473150414489131,0.1952023929284993,0.3473 ± 0.1952,0.0015849290678241,1.2222031619545974,267.3859060402685,83.37049638290581,267.4 ± 83.37,0.0,296.0,59.82262843087216,2.175126301243102,59.82 ± 2.175,57.46060943603516,66.54609680175781,72.34329469372506,0,2,0,4,0:273; 4:25,25,0,0.0,model_dynamic,True,mckenzie2003,BDT,4.533366241311067,4.936056137084961,0.0,4.999273777008057,7.30020809173584,5.627172525573442,2.6738590604026844,2.4700729927007297,2.51,2.87,25,0.0,0.0,0,0.0,0.0,0,0.0,0.0,260,1288.0883197784424,648.88,13,62.854820132255554,27.92,0,0.0,0.0,8.0,9.0,9.0,0.0125,0.0125000000000014,0.025,0.0165908556878439,BDT
dynamic,model_dynamic/summary_timeseries.csv,20,16.4,298,119200.0,1163.544657320323,14.005381471669642,1164 ± 14.01,1137.540149797169,1209.8454685952856,1.650034980368219,1.1051473742267677,1.65 ± 1.105,0.0,5.230619623598113,0.3469552178476183,0.1947241120304624,0.347 ± 0.1947,0.0024429342851082,1.217518159291963,271.7751677852349,85.96264867518755,271.8 ± 85.96,0.0,301.0,63.01342535338946,2.2702909045723554,63.01 ± 2.27,60.569610595703125,70.06248474121094,72.30531879811656,0,3,0,4,0:272; 3:1; 4:25,25,0,0.0,model_dynamic,True,mckenzie2003,BDT,4.711580614109318,5.158683776855469,0.0,5.158683776855469,7.426171779632568,5.850055926523157,2.7177516778523496,2.537216117216117,2.56,2.9,25,0.0,0.0,0,0.0,0.0,0,0.0,0.0,259,1336.0990982055664,663.04,13,67.92768847942352,29.5,1,0.0242363195866346,0.12,8.0,9.0,9.0,0.0124999999999997,0.0124999999999997,0.025,0.0155529476305756,BDT
dynamic,model_dynamic/summary_timeseries.csv,20,16.3,298,119200.0,1163.5589982453732,14.002688053017517,1164 ± 14,1137.5657916889686,1209.8326587808335,1.6507449796839693,1.1172881337902796,1.651 ± 1.117,0.0,5.298979412258063,0.3465621752730301,0.1942234987780499,0.3466 ± 0.1942,0.0034886952240724,1.2126938864923784,278.1711409395973,87.56271523908185,278.2 ± 87.56,0.0,308.0,62.07659739295908,2.3057173826569213,62.08 ± 2.306,59.61319351196289,69.38589477539062,72.26686709186492,0,3,0,4,0:272; 3:3; 4:23,23,0,0.0,model_dynamic,True,mckenzie2003,BDT,4.751704186213597,5.190799236297607,0.0,5.25526237487793,7.510622501373291,5.900328125062028,2.781711409395973,2.5244565217391304,2.59,2.92,23,0.0,0.0,0,0.0,0.0,0,0.0,0.0,259,1347.6443390846252,666.6299999999999,13,68.3241286277771,29.91,3,0.0393797792494297,0.21,8.0,9.0,9.0,0.0125,0.0125000000000014,0.025,0.0158198115166549,BDT
dynamic,model_dynamic/summary_timeseries.csv,20,16.2,298,119200.0,1163.5732026226708,14.000169741160388,1164 ± 14,1137.5913950759957,1209.8192737491418,1.6512307405454918,1.1291480899607484,1.651 ± 1.129,0.0,5.3657635809635975,0.3461898416407285,0.1937449422951353,0.3462 ± 0.1937,0.0045463130860178,1.2079397085324135,294.53691275167785,92.7563036074922,294.5 ± 92.76,0.0,327.0,66.37981417355121,2.1823614148767736,66.38 ± 2.182,64.49547576904297,73.31401824951172,72.22787867314605,0,3,0,4,0:272; 3:2; 4:24,24,0,0.0,model_dynamic,True,mckenzie2003,BDT,4.949271100798259,5.417771816253662,0.0,5.450504779815674,7.766244888305664,6.148178510713725,2.945369127516779,2.5995636363636363,2.65,2.98,24,0.0,0.0,0,0.0,0.0,0,0.0,0.0,259,1405.2371907234192,684.38,13,69.61721515655518,30.35,2,0.0283821579068899,0.15,8.0,9.0,9.0,0.0124999999999997,0.0124999999999997,0.025,0.014266161223536,BDT
dynamic,model_dynamic/summary_timeseries.csv,20,16.1,298,119200.0,1163.5881195721013,13.997223856235788,1164 ± 14,1137.6174273841652,1209.8055185160822,1.6531646156099062,1.1411691078836523,1.653 ± 1.141,0.0,5.436432496381225,0.3457730746884825,0.1932268849238174,0.3458 ± 0.1932,0.0057239816340187,1.2030078571013103,297.7986577181208,90.28667838336004,297.8 ± 90.29,0.0,328.0,66.52744206166108,2.1348431613867622,66.53 ± 2.135,64.73004150390625,73.59101867675781,72.18809113191696,0,3,0,4,0:274; 3:2; 4:22,22,0,0.0,model_dynamic,True,mckenzie2003,BDT,4.961670156315144,5.450504779815674,0.0,5.450504779815674,7.809178829193115,6.162932816538888,2.9779865771812086,2.5907581227436824,2.65,2.99,22,0.0,0.0,0,0.0,0.0,0,0.0,0.0,260,1406.0888223648071,685.6099999999999,14,72.4708560705185,31.93,2,0.0180281465873122,0.1,8.0,9.0,9.0,0.0125,0.0125000000000014,0.025,0.0151024257599309,BDT
dynamic,model_dynamic/summary_timeseries.csv,20,16.0,298,119200.0,1163.6029784926625,13.994432491982865,1164 ± 13.99,1137.6434896230269,1209.790709396377,1.655063019678447,1.1534242595414173,1.655 ± 1.153,0.0,5.507108389496034,0.3453648563355545,0.1927164553933316,0.3454 ± 0.1927,0.0069113031718942,1.1980813747553651,296.5536912751678,89.1459786334118,296.6 ± 89.15,0.0,326.0,67.85098189795578,2.1316615252806788,67.85 ± 2.132,66.04329681396484,75.04060363769531,72.14721977335034,0,3,0,4,0:274; 3:3; 4:21,21,0,0.0,model_dynamic,True,mckenzie2003,BDT,4.891723905893155,5.287610054016113,0.0,5.352536678314209,7.766244888305664,6.074046492575844,2.9655369127516784,2.559172661870504,2.62,2.98,21,0.0,0.0,0,0.0,0.0,0,0.0,0.0,260,1380.2349944114685,677.6800000000001,14,77.46555614471436,33.59,3,0.033173399977386,0.18,8.0,9.0,9.0,0.0124999999999999,0.0124999999999999,0.025,0.0134662485360617,BDT
dynamic,model_dynamic/summary_timeseries.csv,20,15.9,298,119200.0,1163.6179817676611,13.991662314535391,1164 ± 13.99,1137.6697109807997,1209.7755530053253,1.6573739025277856,1.1656450182507203,1.657 ± 1.166,0.0,5.578716813054744,0.3449548035060414,0.1922002477291381,0.345 ± 0.1922,0.0081370752368901,1.1931458480066557,298.23489932885906,87.89586496154901,298.2 ± 87.9,0.0,327.0,68.04000347572685,2.141635534389257,68.04 ± 2.142,65.77888488769531,75.34332275390625,72.1058420245256,2,4,1,4,1:16; 2:259; 3:4; 4:19,19,0,0.0,model_dynamic,True,mckenzie2003,BDT,4.953028958072048,5.352536678314209,0.0,5.417771816253662,7.766244888305664,6.149771608031775,2.9823489932885905,2.5630357142857148,2.64,2.98,19,0.0,0.0,0,0.0,0.0,0,0.0,0.0,260,1392.4865021705627,681.44,15,83.4654084444046,35.94,4,0.0507188905030489,0.27,8.0,9.0,9.0,0.0124999999999999,0.0124999999999999,0.025,0.0131942455859487,BDT
dynamic,model_dynamic/summary_timeseries.csv,20,15.8,298,119200.0,1163.633119651396,13.988766899821382,1164 ± 13.99,1137.69599496083,1209.7599264387609,1.6598614907789309,1.1777879833200382,1.66 ± 1.178,0.0,5.650334961798447,0.3445439234579014,0.1916878544482016,0.3445 ± 0.1917,0.0093693391366111,1.188209273363749,301.68791946308727,84.62269152641461,301.7 ± 84.62,0.0,329.0,69.03344119795217,2.1373176869162083,69.03 ± 2.137,66.67141723632812,76.51022338867188,72.06393147793074,2,4,1,4,1:19; 2:259; 3:2; 4:18,18,0,0.0,model_dynamic,True,mckenzie2003,BDT,4.953949033145187,5.287610054016113,0.0,5.352536678314209,7.809178829193115,6.147720358563387,3.016879194630872,2.558790035587189,2.62,2.99,18,0.0,0.0,0,0.0,0.0,0,0.0,0.0,259,1376.6666679382324,675.61,19,99.58400106430054,43.27,2,0.0261428747326135,0.14,8.0,9.0,9.0,0.0125,0.0125000000000014,0.025,0.0150924746247224,BDT
dynamic,model_dynamic/summary_timeseries.csv,20,15.7,298,119200.0,1163.6484407013647,13.985794942263963,1164 ± 13.99,1137.722397170759,1209.7440963438585,1.6627237068902114,1.1898023184713178,1.663 ± 1.19,0.0,5.722644179613994,0.3441282099922999,0.1911761451471014,0.3441 ± 0.1912,0.0106329485069576,1.1832546936700004,299.76174496644296,82.95211855518832,299.8 ± 82.95,0.0,327.0,67.82178003195948,2.1522555376695904,67.82 ± 2.152,65.552734375,75.5338363647461,72.02169917309948,2,4,1,4,1:19; 2:259; 3:3; 4:17,17,0,0.0,model_dynamic,True,mckenzie2003,BDT,4.983307945513911,5.287610054016113,0.0,5.450504779815674,7.766244888305664,6.184745293316713,2.99761744966443,2.5615602836879434,2.65,2.98,17,0.0,0.0,0,0.0,0.0,0,0.0,0.0,260,1387.0881342887878,679.77,18,97.8913643360138,42.35,3,0.0462691383436322,0.24,8.0,9.0,9.0,0.0124999999999999,0.0124999999999999,0.025,0.0129074436003194,BDT
dynamic,model_dynamic/summary_timeseries.csv,20,15.6,298,119200.0,1163.6632354529918,13.98343433573934,1164 ± 13.98,1137.748725113737,1209.727911337423,1.6648464606765647,1.2024534111127116,1.665 ± 1.202,0.0,5.793479064654486,0.3437435932780141,0.1906763521907767,0.3437 ± 0.1907,0.0118625858035749,1.1783363200484192,302.28187919463085,83.07860598437816,302.3 ± 83.08,0.0,329.0,73.89397468822915,2.2236161297638475,73.89 ± 2.224,71.57492065429688,81.70381164550781,71.97918622368593,2,3,1,4,1:20; 2:259; 4:19,19,0,0.0,model_dynamic,True,mckenzie2003,BDT,5.022012810979113,5.352536678314209,0.0,5.417771816253662,7.766244888305664,6.232712000164645,3.0228187919463085,2.59275,2.64,2.98,19,0.0,0.0,0,0.0,0.0,0,0.0,0.0,259,1394.7232580184937,681.1600000000001,20,101.83655965328217,44.81,0,0.0,0.0,8.0,9.0,9.0,0.0124999999999999,0.0124999999999999,0.025,0.0130133120669101,BDT
dynamic,model_dynamic/summary_timeseries.csv,20,15.5,298,119200.0,1163.6791999584225,13.98050322696741,1164 ± 13.98,1137.7756373193454,1209.7123236417597,1.669493015485107,1.2141855678903168,1.669 ± 1.214,0.0,5.86989576785341,0.3432997830633123,0.1901392856650803,0.3433 ± 0.1901,0.0132330581474396,1.1732552910320984,309.3120805369128,80.56282671736078,309.3 ± 80.56,0.0,334.0,72.8273266273857,2.1463413328817187,72.83 ± 2.146,70.30201721191406,81.02462005615234,71.93668632241429,2,4,1,4,1:21; 2:259; 3:5; 4:13,13,0,0.0,model_dynamic,True,mckenzie2003,BDT,5.078342152740682,5.352536678314209,0.0127603649627417,5.516200542449951,7.809178829193115,6.298279245232936,3.093120805369128,2.5591958041958045,2.64,2.99,13,0.0,0.0,0,0.0,0.0,0,0.0,0.0,259,1386.490180015564,678.6300000000001,21,126.79853904247284,52.99000000000001,5,0.0572424586862325,0.31,6.0,7.0,7.0,0.0124999999999999,0.0249999999999999,0.025,0.024621933289741,BDT
dynamic,model_dynamic/summary_timeseries.csv,20,15.4,298,119200.0,1163.6947569001472,13.977792909970322,1164 ± 13.98,1137.802509334971,1209.6949690507324,1.6733864490980623,1.2265346327700748,1.673 ± 1.227,0.0,5.945242948870738,0.3428700364267603,0.1896107698321631,0.3429 ± 0.1896,0.0145899674262586,1.1681813276025532,311.744966442953,80.82291973108825,311.7 ± 80.82,0.0,337.0,75.59314031408937,2.217770771604161,75.59 ± 2.218,73.12008666992188,84.13570404052734,71.8924597157611,2,4,1,4,1:23; 2:257; 3:4; 4:14,14,0,0.0,model_dynamic,True,mckenzie2003,BDT,5.117621775182126,5.352536678314209,0.0167375716846436,5.516200542449951,7.895328044891357,6.346701051158532,3.11744966442953,2.571328671328672,2.67,3.01,14,0.0,0.0,0,0.0,0.0,0,0.0,0.0,259,1393.7177276611328,680.84,21,131.26833629608154,54.22,4,0.0652250470593571,0.34,8.0,9.0,9.0,0.0124999999999999,0.0124999999999999,0.025,0.013157388701861,BDT
dynamic,model_dynamic/summary_timeseries.csv,20,15.3,298,119200.0,1163.7107742893295,13.97500958555768,1164 ± 13.98,1137.8296779859463,1209.6775882107302,1.6784231549251714,1.2382864923357708,1.678 ± 1.238,0.0,6.022706482802976,0.342422375404148,0.1890644102073723,0.3424 ± 0.1891,0.0159835433335094,1.163024782727362,320.1979865771812,74.76354939470022,320.2 ± 74.76,0.0,342.0,78.45040796267106,2.1025489701990847,78.45 ± 2.103,76.02367401123047,87.1805419921875,71.84791022478385,2,4,1,4,1:28; 2:256; 3:7; 4:7,7,0,0.0,model_dynamic,True,mckenzie2003,BDT,5.2310677073589655,5.417771816253662,1.6180111348629005,5.564212679862974,7.9818525314331055,6.484843639636714,3.2019798657718126,2.5623630136986297,2.67,3.03,7,0.0,0.0,0,0.0,0.0,0,0.0,0.0,259,1407.0290694236755,684.92,25,151.73278725147247,62.78,7,0.0963201178237795,0.51,8.0,9.0,9.0,0.0125,0.0125000000000014,0.025,0.0136096321976703,BDT
dynamic,model_dynamic/summary_timeseries.csv,20,15.2,298,119200.0,1163.7274717268656,13.97185637492182,1164 ± 13.97,1137.8571635405808,1209.659672812378,1.6847733235659668,1.2495946059562393,1.685 ± 1.25,0.0,6.103570059797328,0.3419461247438921,0.188502912769376,0.3419 ± 0.1885,0.0174165212140961,1.1577836118328853,330.66107382550337,59.5107222998138,330.7 ± 59.51,0.0,348.0,77.11705529129745,1.7442632059468155,77.12 ± 1.744,74.81840515136719,85.99394989013672,71.80250927179713,1,3,1,4,1:291; 3:3; 4:4,4,0,0.0,model_dynamic,True,mckenzie2003,BDT,5.4323265285374935,5.549163341522217,3.6568502187728886,6.5065817117691,8.02525520324707,6.731888277968907,3.306610738255033,2.623707482993197,2.7035,3.04,4,0.0,0.0,0,0.0,0.0,0,0.0,0.0,260,1440.929561138153,696.22,31,177.87264478206637,74.98000000000003,3,0.031099583953619,0.17,8.0,9.0,9.0,0.0124999999999999,0.0124999999999999,0.025,0.0137352687072463,BDT
dynamic,model_dynamic/summary_timeseries.csv,20,15.1,298,119200.0,1163.7434081614708,13.969128079370153,1164 ± 13.97,1137.8846080925227,1209.6409595509924,1.6897912394757943,1.262233300115811,1.69 ± 1.262,0.0,6.18321367315515,0.3414966151336776,0.1879514299755713,0.3415 ± 0.188,0.018834913432299,1.1525215634049168,336.3120805369128,60.90001643441186,336.3 ± 60.9,0.0,354.0,76.59158250949527,1.7455441607762554,76.59 ± 1.746,74.20941925048828,85.24068450927734,71.75635145846968,1,3,1,4,1:291; 3:3; 4:4,4,0,0.0,model_dynamic,True,mckenzie2003,BDT,5.546418298057737,5.715122222900391,3.068989408016205,6.685637712478632,8.112340927124023,6.875145183433566,3.363120805369128,2.658231292517007,2.7474999999999983,3.06,4,0.0,0.0,0,0.0,0.0,0,0.0,0.0,260,1474.5729546546936,706.3699999999999,31,178.2242854833603,74.96000000000002,3,0.0354126831516623,0.19,8.0,9.0,9.0,0.0124999999999999,0.0124999999999999,0.025,0.0138391684202691,BDT
dynamic,model_dynamic/summary_timeseries.csv,20,15.0,298,119200.0,1163.7591634845742,13.96650304041978,1164 ± 13.97,1137.9120486000566,1209.621607155501,1.6944946444730689,1.275122933741461,1.694 ± 1.275,0.0,6.262177002152756,0.3410573291697968,0.1874038489244651,0.3411 ± 0.1874,0.0202457115691812,1.1472276131439965,333.69463087248323,61.5745091130636,333.7 ± 61.57,0.0,351.0,74.70291291307282,1.8980377322042483,74.7 ± 1.898,72.25920867919922,84.07276916503906,71.70955855544435,1,3,1,4,1:291; 3:3; 4:4,4,0,0.0,model_dynamic,True,mckenzie2003,BDT,5.419281670233023,5.549163341522217,2.7139341831207275,5.759048748016355,8.02525520324707,6.719626676951779,3.336946308724833,2.6214285714285714,2.71,3.04,4,0.0,0.0,0,0.0,0.0,0,0.0,0.0,262,1458.7610149383545,703.6,29,156.15779030323029,66.95,3,0.0271324878558516,0.15,8.0,9.0,9.0,0.0124999999999999,0.0124999999999999,0.025,0.0140103048363254,BDT
dynamic,model_dynamic/summary_timeseries.csv,20,14.9,298,119200.0,1163.7744294868992,13.96419227641489,1164 ± 13.96,1137.9393496827538,1209.6020821590537,1.6983104582095194,1.288365161368043,1.698 ± 1.288,0.0,6.338888288678946,0.3406457221051272,0.1868743690204919,0.3406 ± 0.1869,0.0216254211352157,1.1419952756259917,334.51006711409394,68.0700012225536,334.5 ± 68.07,0.0,354.0,71.8480832656758,2.0357631682901904,71.85 ± 2.036,69.82879638671875,81.10287475585938,71.66273247629988,1,3,1,4,1:289; 3:3; 4:6,6,0,0.0,model_dynamic,True,mckenzie2003,BDT,5.483057460150738,5.715122222900391,2.1169983625411986,5.715122222900391,8.112340927124023,6.8021612516984,3.34510067114094,2.644675767918089,2.73,3.06,6,0.0,0.0,0,0.0,0.0,0,0.0,0.0,262,1489.1407294273376,712.76,27,144.76635932922363,61.900000000000006,3,0.0440343683585524,0.23,8.0,9.0,9.0,0.0124999999999999,0.0124999999999999,0.025,0.0129043645167093,BDT
dynamic,model_dynamic/summary_timeseries.csv,20,14.8,298,119200.0,1163.789098473261,13.962222403616268,1164 ± 13.96,1137.9664299149028,1209.5823949786457,1.7009681587456718,1.301944574055257,1.701 ± 1.302,0.0,6.412667778521411,0.3402673208043251,0.18636991806886,0.3403 ± 0.1864,0.0229627879555034,1.1368358125386036,330.6979865771812,77.58720615993668,330.7 ± 77.59,0.0,354.0,74.56175116724616,2.320956328650756,74.56 ± 2.321,72.51264190673828,84.0335693359375,71.6159650637428,1,3,1,4,1:285; 3:6; 4:7,7,0,0.0,model_dynamic,True,mckenzie2003,BDT,5.329142451911364,5.615318298339844,1.334355622529984,5.648509979248047,8.112340927124023,6.613550285018776,3.306979865771812,2.5970890410958907,2.71,3.06,7,0.0,0.0,0,0.0,0.0,0,0.0,0.0,262,1465.6843748092651,705.69,23,122.3228635787964,52.24999999999999,6,0.077212281525135,0.41,8.0,9.0,9.0,0.0125,0.0125000000000014,0.025,0.0131204695707508,BDT
dynamic,model_dynamic/summary_timeseries.csv,20,14.7,298,119200.0,1163.8048586600628,13.95978896137421,1164 ± 13.96,1137.993780445736,1209.5631189769194,1.7055302473124945,1.3142097822933356,1.706 ± 1.314,0.0,6.48825713593008,0.339847451275837,0.1858443605041796,0.3398 ± 0.1858,0.0243279728913883,1.1316356346400858,337.90939597315435,71.66187743016756,337.9 ± 71.66,0.0,359.0,73.48960279938359,2.207005064407079,73.49 ± 2.207,71.61565399169922,83.3529052734375,71.56933853118335,1,3,1,4,1:288; 3:3; 4:7,7,0,0.0,model_dynamic,True,mckenzie2003,BDT,5.411901112355217,5.615318298339844,2.1169983625411986,5.715122222900391,8.112340927124023,6.71332523897131,3.3790939597315437,2.6291438356164383,2.73,3.06,7,0.0,0.0,0,0.0,0.0,0,0.0,0.0,261,1469.6751446723938,705.9,27,143.02993321418762,61.59000000000001,3,0.0414535952731967,0.22,8.0,9.0,9.0,0.0124999999999999,0.0124999999999999,0.025,0.0129253708507962,BDT
dynamic,model_dynamic/summary_timeseries.csv,20,14.6,298,119200.0,1163.8202320103217,13.957622375853392,1164 ± 13.96,1138.0210812143505,1209.5437466004448,1.7093900055707238,1.3269874564576865,1.709 ± 1.327,0.0,6.562539993695236,0.3394479253116472,0.1853309358062637,0.3394 ± 0.1853,0.0256762572321221,1.1264631221833492,352.6040268456376,75.3599255111512,352.6 ± 75.36,0.0,375.0,77.16057724920695,2.2242132068971903,77.16 ± 2.224,75.12294006347656,86.95718383789062,71.52266538609433,1,3,1,4,1:288; 3:3; 4:7,7,0,0.0,model_dynamic,True,mckenzie2003,BDT,5.571980584503446,5.815610408782959,2.1169983625411986,5.882981300354004,8.287631034851074,6.915759860423649,3.526040268456376,2.6789726027397256,2.78,3.1,7,0.0,0.0,0,0.0,0.0,0,0.0,0.0,262,1524.6054334640503,723.3499999999999,26,135.79694020748138,58.66,3,0.047840510495007,0.25,8.0,9.0,9.0,0.0124999999999999,0.0124999999999999,0.025,0.0135538725178656,BDT
dynamic,model_dynamic/summary_timeseries.csv,20,14.5,298,119200.0,1163.836841808774,13.954822427537398,1164 ± 13.95,1138.0488034703476,1209.5247803841348,1.7154317791550475,1.338448133389875,1.715 ± 1.338,0.0,6.63994966251661,0.3390092281430583,0.184801263531843,0.339 ± 0.1848,0.025078119826843,1.1211995373801404,366.72147651006713,65.38594461751407,366.7 ± 65.39,0.0,385.0,78.69518620535831,1.8709774603560163,78.7 ± 1.871,76.55432891845703,88.70894622802734,71.47597691378724,1,3,1,4,1:291; 3:3; 4:4,4,0,0.0,model_dynamic,True,mckenzie2003,BDT,5.778488196595103,5.9167799949646,3.958147943019867,6.000150966644285,8.464406967163086,7.1677890676445495,3.667214765100673,2.731224489795918,2.81,3.14,4,0.0,0.0,0,0.0,0.0,0,0.0,0.0,262,1550.623824596405,731.0699999999999,29,171.32627820968628,71.69999999999999,3,0.0393797792494297,0.21,8.0,9.0,9.0,0.0124999999999999,0.0124999999999999,0.025,0.0138915809815465,BDT
dynamic,model_dynamic/summary_timeseries.csv,20,14.4,298,119200.0,1163.8533394582469,13.952019850521104,1164 ± 13.95,1138.076751760658,1209.5055727751526,1.721534839943773,1.350459250392621,1.722 ± 1.35,0.0,6.71855730632889,0.3385652601782487,0.1842666141237295,0.3386 ± 0.1843,0.0244900373338514,1.115881633812826,378.8691275167785,57.769383451266336,378.9 ± 57.77,0.0,396.0,78.50269266422963,1.7694122711192275,78.5 ± 1.769,75.86052703857422,89.4870376586914,71.42882101449459,1,3,1,4,1:294; 3:1; 4:3,3,0,0.0,model_dynamic,True,mckenzie2003,BDT,5.872525693054917,6.0186285972595215,4.707342195510864,6.08690357208252,8.464406967163086,7.285658898268839,3.788691275167785,2.7593220338983047,2.84,3.14,3,0.0,0.0,0,0.0,0.0,0,0.0,0.0,264,1579.4247994422913,741.62,30,170.56823778152466,72.27999999999999,1,0.0196193065494298,0.1,8.0,9.0,9.0,0.0124999999999999,0.0124999999999999,0.025,0.0141567627094837,BDT
dynamic,model_dynamic/summary_timeseries.csv,20,14.3,298,119200.0,1163.8699206548567,13.949187004987644,1164 ± 13.95,1138.1047286700525,1209.4860652208715,1.7275537116103734,1.3624987714487165,1.728 ± 1.362,0.0,6.796364733915376,0.3381222418753905,0.183742107352437,0.3381 ± 0.1837,0.0236724666108141,1.110539446253682,374.16107382550337,49.0642732982273,374.2 ± 49.06,0.0,389.0,78.88325226546934,1.5527091772511477,78.88 ± 1.553,76.66197204589844,89.74553680419922,71.38133655081901,1,2,1,4,1:296; 4:2,2,0,0.0,model_dynamic,True,mckenzie2003,BDT,5.774573990162587,5.815610408782959,4.806725192070007,6.01186084747314,8.464406967163086,7.1605353825449685,3.7416107382550337,2.7252027027027026,2.79,3.14,2,0.0,0.0,0,0.0,0.0,0,0.0,0.0,264,1540.7007603645325,730.1999999999999,32,180.12228870391846,76.46000000000001,0,0.0,0.0,8.0,9.0,9.0,0.0125,0.0125000000000014,0.025,0.0142935528089033,BDT
dynamic,model_dynamic/summary_timeseries.csv,20,14.2,298,119200.0,1163.886582488231,13.94636059913866,1164 ± 13.95,1138.1327907762432,1209.4664906885514,1.7336546981054208,1.3745691937367526,1.734 ± 1.375,0.0,6.872475312454852,0.3376835550424199,0.183220166969636,0.3377 ± 0.1832,0.0231886605608911,1.105198454592616,364.3053691275168,45.59050337535338,364.3 ± 45.59,0.0,377.0,74.7519365605092,1.377365765503009,74.75 ± 1.377,72.32341766357422,84.67147827148438,71.33369991230825,1,2,1,4,1:296; 4:2,2,0,0.0,model_dynamic,True,mckenzie2003,BDT,5.8034317997478,5.882981300354004,4.919024467468262,5.9167799949646,8.375833511352539,7.197158006803223,3.643053691275168,2.735304054054054,2.79,3.12,2,0.0,0.0,0,0.0,0.0,0,0.0,0.0,265,1551.9377617836,734.56,31,177.4849145412445,75.09,0,0.0,0.0,8.0,9.0,9.0,0.0124999999999999,0.0124999999999999,0.025,0.0143643384602573,BDT
dynamic,model_dynamic/summary_timeseries.csv,20,14.1,298,119200.0,1163.9020745921905,13.944014266720364,1164 ± 13.94,1138.1605012823434,1209.446241644081,1.7374671318182513,1.3873711186448217,1.737 ± 1.387,0.0,6.943031909234285,0.3372894889054412,0.1827242249993095,0.3373 ± 0.1827,0.0223945359802509,1.0999523903203254,347.3859060402685,58.4709134597997,347.4 ± 58.47,0.0,364.0,75.36863252780581,1.8161915337510737,75.37 ± 1.816,73.63692474365234,84.99470520019531,71.28574036173768,1,3,1,4,1:293; 3:2; 4:3,3,0,0.0,model_dynamic,True,mckenzie2003,BDT,5.478654871244709,5.615318298339844,3.327083253860474,5.715122222900391,8.156023979187012,6.79575946808052,3.4738590604026847,2.6291216216216218,2.73,3.07,3,0.0,0.0,0,0.0,0.0,0,0.0,0.0,265,1486.8314638137815,715.1,28,145.7875858545303,63.01,2,0.0201019626110792,0.11,8.0,9.0,9.0,0.0124999999999999,0.0124999999999999,0.025,0.0137727926503682,BDT
dynamic,model_dynamic/summary_timeseries.csv,20,14.0,298,119200.0,1163.918248767441,13.941338408314495,1164 ± 13.94,1138.188265180292,1209.4264139852503,1.7423102235688228,1.399026262322099,1.742 ± 1.399,0.0,7.011712294922657,0.3368806260623261,0.182233585617183,0.3369 ± 0.1822,0.0219671855733086,1.0947394043187575,346.6409395973154,58.16369461209662,346.6 ± 58.16,0.0,363.0,73.30682124707523,1.7654571141864088,73.31 ± 1.765,71.55546569824219,82.66484832763672,71.23814880495843,1,3,1,4,1:293; 3:1; 4:4,4,0,0.0,model_dynamic,True,mckenzie2003,BDT,5.538448691393105,5.748542785644531,3.5453718185424803,5.748542785644531,8.156023979187012,6.8723641004983325,3.4664093959731543,2.6669047619047626,2.74,3.07,4,0.0,0.0,0,0.0,0.0,0,0.0,0.0,266,1512.7558903694153,723.8900000000001,27,137.68443512916565,60.09,1,0.0173845365643501,0.09,8.0,9.0,9.0,0.0124999999999999,0.0124999999999999,0.025,0.0127474369934363,BDT
dynamic,model_dynamic/summary_timeseries.csv,20,13.9,298,119200.0,1163.9338710240338,13.93896528433875,1164 ± 13.94,1138.215857296005,1209.406580208605,1.7461084721863231,1.4111558127979067,1.746 ± 1.411,0.0,7.076704461308543,0.3364982145526085,0.1817619545287087,0.3365 ± 0.1818,0.0215776521032014,1.0895907560517,359.6510067114094,69.95122233169296,359.7 ± 69.95,0.0,379.0,75.7869738380381,2.060773206937713,75.79 ± 2.061,73.82743835449219,85.48394012451172,71.1907229126,1,3,1,4,1:290; 3:4; 4:4,4,0,0.0,model_dynamic,True,mckenzie2003,BDT,5.5398759592337,5.748542785644531,2.6089620828628544,5.815610408782959,8.464406967163086,6.876776510348479,3.5965100671140937,2.6597278911564626,2.76,3.14,4,0.0,0.0,0,0.0,0.0,0,0.0,0.0,266,1525.377191543579,727.69,24,125.4509732723236,53.98,4,0.0548710357397794,0.29,8.0,9.0,9.0,0.0124999999999999,0.0124999999999999,0.025,0.013594416539248,BDT
dynamic,model_dynamic/summary_timeseries.csv,20,13.8,298,119200.0,1163.950382409597,13.93617435637586,1164 ± 13.94,1138.2437498648146,1209.3870719945137,1.7515139579576138,1.4222366666281705,1.752 ± 1.422,0.0,7.142280375906277,0.3360873765087829,0.1812818991294163,0.3361 ± 0.1813,0.0215883157789715,1.084411222232725,374.7315436241611,62.74713618133903,374.7 ± 62.75,0.0,392.0,77.19552996334613,1.87452110792184,77.2 ± 1.875,75.23640441894531,87.56233978271484,71.14332212969884,1,3,1,4,1:293; 3:1; 4:4,4,0,0.0,model_dynamic,True,mckenzie2003,BDT,5.816889966919318,6.0186285972595215,3.868615210056306,6.0186285972595215,8.508831977844238,7.222507211326871,3.747315436241612,2.7518027210884357,2.82,3.15,4,0.0,0.0,0,0.0,0.0,0,0.0,0.0,267,1597.9292316436768,750.22,26,135.4865939617157,58.72,1,0.0173845365643501,0.09,8.0,9.0,9.0,0.0125,0.0125000000000014,0.025,0.0135001186938467,BDT
dynamic,model_dynamic/summary_timeseries.csv,20,13.7,298,119200.0,1163.9671657454628,13.933288631024308,1164 ± 13.93,1138.2718716587583,1209.3675352558823,1.757438548219976,1.4332605516977273,1.757 ± 1.433,0.0,7.207792793539946,0.3356661752935554,0.1807981956573848,0.3357 ± 0.1808,0.0214192270912974,1.0791758063452217,383.51677852349,57.30737844746885,383.5 ± 57.31,0.0,399.0,80.6382568922619,1.6576412703030128,80.64 ± 1.658,78.81092071533203,91.17017364501952,71.0956635971238,1,3,1,4,1:294; 3:2; 4:2,2,0,0.0,model_dynamic,True,mckenzie2003,BDT,5.860734502844288,6.0186285972595215,4.625481653213501,6.0186285972595215,8.642662048339844,7.274133233652097,3.835167785234901,2.7501689189189187,2.82,3.18,2,0.0,0.0,0,0.0,0.0,0,0.0,0.0,267,1594.5315828323364,749.2399999999999,27,151.92761194705963,64.61,2,0.0396870682016015,0.2,8.0,9.0,9.0,0.0124999999999999,0.0124999999999999,0.025,0.0141537347608146,BDT
dynamic,model_dynamic/summary_timeseries.csv,20,13.6,298,119200.0,1163.9848626751684,13.930107059040408,1164 ± 13.93,1138.3003819668622,1209.3484134470386,1.76505400270612,1.4435600827259274,1.765 ± 1.444,0.0,7.275081044033254,0.3352143588054037,0.1803017492913162,0.3352 ± 0.1803,0.0213644849509884,1.073880047920123,391.4664429530201,43.92680628233982,391.5 ± 43.93,0.0,403.0,78.23860401435186,1.2259251385905152,78.24 ± 1.226,75.72588348388672,89.05133819580078,71.0480314801764,1,3,1,4,1:296; 3:1; 4:1,1,0,0.0,model_dynamic,True,mckenzie2003,BDT,6.0250975738292025,6.08690357208252,5.25526237487793,6.195850253105159,8.732342720031738,7.475154122659843,3.9146644295302018,2.7948821548821545,2.85,3.2,1,0.0,0.0,0,0.0,0.0,0,0.0,0.0,268,1617.8904933929443,757.1500000000001,28,177.57551217079163,72.86,1,0.0130714373663067,0.07,8.0,9.0,9.0,0.0124999999999999,0.0124999999999999,0.025,0.0143774131587427,BDT
dynamic,model_dynamic/summary_timeseries.csv,20,13.5,298,119200.0,1164.0014402693637,13.927504784464604,1164 ± 13.93,1138.3287457751092,1209.3284418260548,1.7706184273632493,1.4553555447689197,1.771 ± 1.455,0.0,7.338736478698824,0.3348089296980076,0.1798254969781668,0.3348 ± 0.1798,0.0211184511769996,1.0686142493009525,386.006711409396,48.31398933740867,386 ± 48.31,0.0,399.0,80.05579701366041,1.487583702216478,80.06 ± 1.488,77.41033172607422,91.1415557861328,70.99969605094566,1,3,1,4,1:296; 3:1; 4:1,1,0,0.0,model_dynamic,True,mckenzie2003,BDT,5.903687523243536,5.9846038818359375,5.069901990890503,6.02886984348297,8.642662048339844,7.326127274650056,3.86006711409396,2.7588215488215484,2.82,3.18,1,0.0,0.0,0,0.0,0.0,0,0.0,0.0,268,1598.8786311149595,751.5699999999999,28,160.41322028636932,67.75999999999999,1,0.0070305252447724,0.04,8.0,9.0,9.0,0.0124999999999999,0.0124999999999999,0.025,0.0139511569441541,BDT
dynamic,model_dynamic/summary_timeseries.csv,20,13.4,298,119200.0,1164.018774849862,13.92455843442632,1164 ± 13.92,1138.35731345285,1209.3087940496775,1.7775052408618297,1.4661655205117914,1.778 ± 1.466,0.0,7.4022503427172275,0.3343787390511814,0.1793452294796016,0.3344 ± 0.1793,0.02121651747373,1.0633314846485638,383.6744966442953,43.413395474505656,383.7 ± 43.41,0.0,395.0,76.82351886826073,1.2598349632635963,76.82 ± 1.26,74.38153076171875,87.9084701538086,70.95148059682742,1,3,1,4,1:296; 3:1; 4:1,1,0,0.0,model_dynamic,True,mckenzie2003,BDT,5.91021124151029,5.9167799949646,5.190799236297607,5.9846038818359375,8.597960472106934,7.332980738993045,3.8367449664429527,2.762626262626262,2.81,3.17,1,0.0,0.0,0,0.0,0.0,0,0.0,0.0,269,1595.2445068359375,751.54,27,165.9810585975647,68.87,1,0.0173845365643501,0.09,8.0,9.0,9.0,0.0124999999999999,0.0124999999999999,0.025,0.0143862278436526,BDT
dynamic,model_dynamic/summary_timeseries.csv,20,13.3,298,119200.0,1164.034857997533,13.922176715246453,1164 ± 13.92,1138.3856093389109,1209.2887051925484,1.7821637411373974,1.4782404030969087,1.782 ± 1.478,0.0,7.46097881615984,0.3339982889992518,0.178885786095633,0.334 ± 0.1789,0.0213746154575865,1.0581097114269842,380.3859060402685,50.19353887687598,380.4 ± 50.19,0.0,394.0,78.59849415209469,1.6015240830327122,78.6 ± 1.602,76.55867767333984,89.62848663330078,70.90309585363752,1,3,1,4,1:296; 3:1; 4:1,1,0,0.0,model_dynamic,True,mckenzie2003,BDT,5.854184037615114,5.9846038818359375,4.948034048080445,6.0186285972595215,8.597960472106934,7.267151971329524,3.803859060402685,2.7446464646464643,2.82,3.17,1,0.0,0.0,0,0.0,0.0,0,0.0,0.0,269,1600.610860824585,753.1299999999999,27,143.92895185947418,61.99,1,0.0070305252447724,0.04,8.0,9.0,9.0,0.0125,0.0125000000000014,0.025,0.0140965603711403,BDT
dynamic,model_dynamic/summary_timeseries.csv,20,13.2,298,119200.0,1164.051738381685,13.919426686899614,1164 ± 13.92,1138.4141242080218,1209.2688661123152,1.788222925867091,1.489095535200594,1.788 ± 1.489,0.0,7.519812425551545,0.333594658593059,0.1784212514602509,0.3336 ± 0.1784,0.02161786863918,1.052878601977557,379.0234899328859,45.45596126654904,379 ± 45.46,0.0,391.0,78.69230808027639,1.3786797717318071,78.69 ± 1.379,76.45916748046875,89.72271728515625,70.8547419042934,1,3,1,4,1:296; 3:1; 4:1,1,0,0.0,model_dynamic,True,mckenzie2003,BDT,5.850983454205171,5.9167799949646,5.268271112442017,6.0186285972595215,8.508831977844238,7.260723392947574,3.7902348993288593,2.745151515151515,2.82,3.15,1,0.0,0.0,0,0.0,0.0,0,0.0,0.0,269,1588.1092109680176,749.44,27,155.47682785987854,65.83,1,0.0070305252447724,0.04,8.0,9.0,9.0,0.0124999999999999,0.0124999999999999,0.025,0.0140465065091351,BDT
dynamic,model_dynamic/summary_timeseries.csv,20,13.1,298,119200.0,1164.0685628265655,13.916734955682092,1164 ± 13.92,1138.4426750764026,1209.2489585247529,1.7941339413710045,1.5002194044109125,1.794 ± 1.5,0.0,7.57726777347169,0.3331947478296387,0.1779631547135194,0.3332 ± 0.178,0.0221432972692169,1.0476500320040134,384.744966442953,45.41318945721305,384.7 ± 45.41,0.0,397.0,78.66933361795925,1.3523776556754392,78.67 ± 1.352,76.09257507324219,89.50248718261719,70.80628344835009,1,3,1,4,1:296; 3:1; 4:1,1,0,0.0,model_dynamic,True,mckenzie2003,BDT,5.908000732697047,5.9167799949646,5.337945532798767,6.0186285972595215,8.597960472106934,7.331326112553092,3.84744966442953,2.761683501683501,2.82,3.17,1,0.0,0.0,0,0.0,0.0,0,0.0,0.0,269,1600.0230107307434,752.9699999999999,27,160.541588306427,67.15,1,0.0196193065494298,0.1,8.0,9.0,9.0,0.0124999999999999,0.0124999999999999,0.025,0.0236484828161506,BDT
dynamic,model_dynamic/summary_timeseries.csv,20,13.0,298,119200.0,1164.08547596209,13.913923903081278,1164 ± 13.91,1138.4712994824674,1209.2288871134638,1.8000822934955982,1.511327672075304,1.8 ± 1.511,0.0,7.633183210535386,0.3327919924512166,0.1775103991774694,0.3328 ± 0.1775,0.0233319309250713,1.0424320422784357,384.4429530201342,45.27327649324747,384.4 ± 45.27,0.0,396.0,83.66195158990438,1.349724068631892,83.66 ± 1.35,81.11088562011719,94.52429962158205,70.75758763099634,1,3,1,4,1:296; 3:1; 4:1,1,0,0.0,model_dynamic,True,mckenzie2003,BDT,5.965198042702505,6.08690357208252,5.287610054016113,6.08690357208252,8.597960472106934,7.402720186853282,3.844429530201342,2.777912457912458,2.84,3.17,1,0.0,0.0,0,0.0,0.0,0,0.0,0.0,269,1614.6461987495422,757.26,27,162.97182035446167,67.72000000000001,1,0.0109976213425397,0.06,8.0,9.0,9.0,0.0124999999999999,0.0124999999999999,0.025,0.0222138466186283,BDT
dynamic,model_dynamic/summary_timeseries.csv,20,12.9,298,119200.0,1164.104074234843,13.910474152769655,1164 ± 13.91,1138.5004856817775,1209.2097288736538,1.809066457488776,1.520793639024905,1.809 ± 1.521,0.0118340563464153,7.692867537315712,0.3323343172337304,0.177040880930049,0.3323 ± 0.177,0.0244760268643108,1.0371392062459868,377.3657718120805,25.247574863436743,377.4 ± 25.25,133.0,384.0,66.16371976609199,0.7129190237878525,66.16 ± 0.7129,63.88525390625,74.76050567626953,70.70924319187634,1,1,1,1,1:298,0,0,0.0,model_dynamic,True,mckenzie2003,BDT,5.994107177193533,5.9167799949646,5.815610408782959,7.279903650283804,8.508831977844238,7.432618197784172,3.773657718120806,2.7807046979865766,2.864999999999998,3.15,0,0.0,0.0,0,0.0,0.0,0,0.0,0.0,270,1593.166778087616,751.99,28,193.0771607160568,76.66000000000001,0,0.0,0.0,10.0,11.0,11.0,0.0062499999999999,0.0124999999999999,0.025,0.0176574469814597,BDT
dynamic,model_dynamic/summary_timeseries.csv,20,12.8,298,119200.0,1164.1169830788272,13.90969660451655,1164 ± 13.91,1138.527937776725,1209.189547254664,1.8080954506546936,1.5351081572518457,1.808 ± 1.535,0.0,7.732478440760564,0.332101286674419,0.1766742544360119,0.3321 ± 0.1767,0.025579505820868,1.0323105391156755,365.83892617449663,73.41072897777437,365.8 ± 73.41,0.0,385.0,65.75429625799192,1.9907344481825229,65.75 ± 1.991,63.0562744140625,74.89604187011719,70.66160947793924,1,3,1,4,1:289; 3:1; 4:8,8,0,0.0,model_dynamic,True,mckenzie2003,BDT,5.662640955249136,5.815610408782959,2.803267788887025,5.9846038818359375,8.508831977844238,7.033557868858775,3.658389261744967,2.73251724137931,2.81,3.15,8,0.0,0.0,0,0.0,0.0,0,0.0,0.0,269,1576.3927869796753,745.9699999999998,20,111.05683314800262,46.37,1,0.0173845365643501,0.09,7.0,8.0,8.0,0.00625,0.025,0.025,0.0239373641593653,BDT
dynamic,model_dynamic/summary_timeseries.csv,20,12.7,298,119200.0,1164.131120272783,13.908255742341378,1164 ± 13.91,1138.555321830438,1209.1701652608003,1.8087844629629044,1.547203565615885,1.809 ± 1.547,0.0,7.769481618082686,0.3318374195078177,0.1763203576211458,0.3318 ± 0.1763,0.026691352987183,1.0295646546808606,363.51006711409394,87.9510325513074,363.5 ± 87.95,0.0,388.0,66.37620700605764,2.175145673388707,66.38 ± 2.175,63.855934143066406,75.0693359375,70.61484343036227,1,3,1,4,1:283; 3:3; 4:12,12,0,0.0,model_dynamic,True,mckenzie2003,BDT,5.711532905063399,6.0186285972595215,0.9182707131840304,6.0186285972595215,8.597960472106934,7.0994744552005,3.63510067114094,2.770524475524476,2.82,3.17,12,0.0,0.0,0,0.0,0.0,0,0.0,0.0,268,1610.7670607566831,755.0899999999999,15,91.22347581386566,37.040000000000006,3,0.0462691383436322,0.24,9.0,10.0,10.0,0.0062499999999999,0.0249999999999999,0.025,0.0232145292343784,BDT
dynamic,model_dynamic/summary_timeseries.csv,20,12.6,298,119200.0,1164.1456734396863,13.906694755725782,1164 ± 13.91,1138.5828107093869,1209.151477643096,1.8101866403566584,1.5585501587747324,1.81 ± 1.559,0.0,7.805715253757233,0.3315665560892275,0.1759657438119909,0.3316 ± 0.176,0.027688394784209,1.0289176209180897,359.2852348993289,90.08230306567413,359.3 ± 90.08,0.0,385.0,63.89553296646016,2.2263281251603444,63.9 ± 2.226,61.53787612915039,72.40613555908203,70.56866693370921,1,3,1,4,1:282; 3:3; 4:13,13,0,0.0,model_dynamic,True,mckenzie2003,BDT,5.659935456509984,6.0186285972595215,0.0173845365643501,6.0186285972595215,8.508831977844238,7.037036186385874,3.5928523489932886,2.761964912280701,2.82,3.15,13,0.0,0.0,0,0.0,0.0,0,0.0,0.0,268,1606.8462285995483,753.9300000000001,14,79.76669692993164,32.98,3,0.047840510495007,0.25,7.0,8.0,8.0,0.0062499999999999,0.0249999999999999,0.025,0.0240842639843633,BDT
dynamic,model_dynamic/summary_timeseries.csv,20,12.5,298,119200.0,1164.1598710076266,13.905488282543262,1164 ± 13.91,1138.6100737764193,1209.1338785430453,1.8108858936338044,1.5697053571806023,1.811 ± 1.57,0.0,7.860127485029668,0.3313227616721739,0.1756323406030461,0.3313 ± 0.1756,0.0283855147454898,1.0284995927285263,353.9463087248322,95.5184570684478,353.9 ± 95.52,0.0,383.0,63.90352835431195,2.348786994881419,63.9 ± 2.349,61.3452033996582,72.43912506103516,70.52380476662597,1,3,1,4,1:279; 3:5; 4:14,14,0,0.0,model_dynamic,True,mckenzie2003,BDT,5.571128192013942,5.9846038818359375,0.0104025569278746,5.9846038818359375,8.508831977844238,6.929377193558896,3.539463087248323,2.737676056338028,2.81,3.15,14,0.0,0.0,0,0.0,0.0,0,0.0,0.0,268,1598.9939031600952,751.6099999999999,11,61.14058154821396,25.559999999999995,5,0.0617165118455886,0.33,7.0,7.0,7.0,0.0062499999999999,0.0249999999999999,0.025,0.0233459119951783,BDT
dynamic,model_dynamic/summary_timeseries.csv,20,12.4,298,119200.0,1164.1745387100036,13.90433149395584,1164 ± 13.9,1138.6373466479477,1209.1170572874405,1.8121671966388735,1.5803688195379542,1.812 ± 1.58,0.0,7.913288561636823,0.3310680936545281,0.1753036114436475,0.3311 ± 0.1753,0.0292085915277575,1.028132386103613,353.66442953020135,98.77247332338868,353.7 ± 98.77,0.0,384.0,65.61192842777943,2.3900812522834154,65.61 ± 2.39,63.48347473144531,73.92498016357422,70.47971063949262,1,3,1,4,1:278; 3:5; 4:15,15,0,0.0,model_dynamic,True,mckenzie2003,BDT,5.526255137180822,5.9846038818359375,0.0059759464580565,5.9846038818359375,8.464406967163086,6.875794398515261,3.536644295302014,2.7306007067137803,2.81,3.14,15,0.0,0.0,0,0.0,0.0,0,0.0,0.0,268,1598.9959058761597,751.5999999999999,10,47.77053654193878,20.85,5,0.0575884617865085,0.31,9.0,9.0,9.0,0.0062499999999999,0.0249999999999999,0.025,0.0211427571413334,BDT
dynamic,model_dynamic/summary_timeseries.csv,20,12.3,298,119200.0,1164.189609977144,13.903037680273847,1164 ± 13.9,1138.6648353966343,1209.1008581090837,1.814253810248015,1.5906778253406268,1.814 ± 1.591,0.0,7.967267703293301,0.3307960990210772,0.1749679168482619,0.3308 ± 0.175,0.0297263987633508,1.0276854294011786,350.5469798657718,99.1993424265436,350.5 ± 99.2,0.0,382.0,64.52363079506279,2.297186964304602,64.52 ± 2.297,62.39307022094727,72.43560791015625,70.43602271244936,1,3,1,4,1:277; 3:6; 4:15,15,0,0.0,model_dynamic,True,mckenzie2003,BDT,5.519692356435694,5.9846038818359375,0.0059759464580565,5.9846038818359375,8.508831977844238,6.86790772052224,3.5054697986577183,2.726890459363957,2.81,3.15,15,0.0,0.0,0,0.0,0.0,0,0.0,0.0,268,1598.6854128837583,751.51,9,46.10570156574249,19.79,6,0.0772077683359384,0.41,7.0,7.0,7.0,0.00625,0.025,0.025,0.0205050632291622,BDT
dynamic,model_dynamic/summary_timeseries.csv,20,12.2,298,119200.0,1164.2045931748744,13.90154437346713,1164 ± 13.9,1138.6922370510774,1209.0852977498744,1.8160686876437,1.6007941384461186,1.816 ± 1.601,0.0,8.01902857199905,0.3305200746384522,0.174642455738083,0.3305 ± 0.1746,0.0304195451924516,1.0273517298062955,351.6577181208054,99.02814811094348,351.7 ± 99.03,0.0,382.0,62.3399179957857,2.244053777954925,62.34 ± 2.244,60.1024284362793,70.17117309570312,70.39306069879694,1,3,1,4,1:277; 3:4; 4:17,17,0,0.0,model_dynamic,True,mckenzie2003,BDT,5.534755297073932,5.9846038818359375,0.0,5.9846038818359375,8.508831977844238,6.8860048270897645,3.5165771812080537,2.7411702127659576,2.81,3.15,17,0.0,0.0,0,0.0,0.0,0,0.0,0.0,268,1599.0999159812927,751.63,9,50.20902442932129,21.12,4,0.0481381174176931,0.26,8.0,8.0,8.0,0.0062499999999999,0.0249999999999999,0.025,0.0205849957944841,BDT
dynamic,model_dynamic/summary_timeseries.csv,20,12.1,298,119200.0,1164.2193463551612,13.90022881965365,1164 ± 13.9,1138.7194568896098,1209.0705806028811,1.817289516300684,1.61069307758836,1.817 ± 1.611,0.0,8.06759595336447,0.3302655054355854,0.1743400124703146,0.3303 ± 0.1743,0.0309591100803153,1.0272228988100487,356.97986577181206,101.86834968938273,357 ± 101.9,0.0,389.0,64.6207566357299,2.246481738076104,64.62 ± 2.246,61.68798065185547,72.28874969482422,70.35112371327136,1,3,1,4,1:277; 3:1; 4:20,20,0,0.0,model_dynamic,True,mckenzie2003,BDT,5.557711480976076,6.0186285972595215,0.0,6.0186285972595215,8.597960472106934,6.91431124395843,3.5697986577181204,2.774731182795698,2.82,3.17,20,0.0,0.0,0,0.0,0.0,0,0.0,0.0,267,1602.2489552497864,751.51,10,53.94203555583954,22.6,1,0.0070305252447724,0.04,7.0,7.0,7.0,0.0062499999999999,0.0249999999999999,0.025,0.0214770328552679,BDT
dynamic,model_dynamic/summary_timeseries.csv,20,12.0,298,119200.0,1164.234582020377,13.898716349238908,1164 ± 13.9,1138.7469547745677,1209.0566269277567,1.8194210002043296,1.6203916623980106,1.819 ± 1.62,0.0,8.118570733284415,0.3299900660168798,0.1740272391423858,0.33 ± 0.174,0.0318127825327145,1.0269545872922266,361.1140939597315,102.47222771252224,361.1 ± 102.5,0.0,393.0,67.94817078353574,2.264001960320708,67.95 ± 2.264,65.6431884765625,75.65169525146484,70.30967215318901,1,2,1,4,1:277; 4:21,21,0,0.0,model_dynamic,True,mckenzie2003,BDT,5.572092949944055,6.0186285972595215,0.0,6.08690357208252,8.642662048339844,6.930570751984752,3.611140939597315,2.788920863309352,2.84,3.18,21,0.0,0.0,0,0.0,0.0,0,0.0,0.0,266,1596.9387826919556,748.9,11,63.54491639137268,26.42,0,0.0,0.0,7.0,8.0,8.0,0.0062499999999999,0.0249999999999999,0.025,0.0220335078560414,BDT
dynamic,model_dynamic/summary_timeseries.csv,20,11.9,298,119200.0,1164.2506673930002,13.896898334852114,1164 ± 13.9,1138.7748444592387,1209.043688882624,1.823062410323674,1.6296017836195873,1.823 ± 1.63,0.0,8.174218558136475,0.329684412265261,0.17370105957455,0.3297 ± 0.1737,0.0326768700931978,1.0264884674401291,375.2718120805369,104.18931180967692,375.3 ± 104.2,0.0,407.0,69.41689850980003,2.264246281696696,69.42 ± 2.264,67.15193176269531,77.58970642089844,70.26884442338542,1,3,1,4,1:277; 3:7; 4:14,14,0,0.0,model_dynamic,True,mckenzie2003,BDT,5.752716538627576,6.189878463745117,0.0104025569278746,6.189878463745117,8.867552757263184,7.156458660894143,3.75271812080537,2.788732394366198,2.87,3.23,14,0.0,0.0,0,0.0,0.0,0,0.0,0.0,267,1646.4817695617676,764.4300000000001,10,67.74213433265686,27.11,7,0.0856246165931224,0.46,8.0,8.0,8.0,0.0062499999999999,0.0249999999999999,0.025,0.0228900235385547,BDT
dynamic,model_dynamic/summary_timeseries.csv,20,11.8,298,119200.0,1164.2668750559735,13.89514086652803,1164 ± 13.9,1138.8029446890416,1209.0307872729152,1.827104105271807,1.638785887679245,1.827 ± 1.639,0.0,8.230612831169124,0.3293753397589807,0.1733681641097524,0.3294 ± 0.1734,0.0334619563684266,1.0259355502122554,383.1442953020134,96.83589514359738,383.1 ± 96.84,0.0,412.0,70.26350986557519,2.137000823206132,70.26 ± 2.137,68.03840637207031,78.3508529663086,70.22784258387355,1,3,1,4,1:282; 3:5; 4:11,11,0,0.0,model_dynamic,True,mckenzie2003,BDT,5.84556058229216,6.258902549743652,0.0173845365643501,6.258902549743652,8.867552757263184,7.270336713250076,3.8314429530201344,2.7891666666666675,2.89,3.23,11,0.0,0.0,0,0.0,0.0,0,0.0,0.0,267,1661.362675189972,768.7500000000001,15,80.55455058813095,34.21,5,0.0598277449607849,0.32,9.0,9.0,9.0,0.00625,0.025,0.025,0.0232888872026004,BDT
dynamic,model_dynamic/summary_timeseries.csv,20,11.7,298,119200.0,1164.2832083099368,13.893343427780104,1164 ± 13.89,1138.8311895587403,1209.017744314904,1.8313892895252133,1.647953760043498,1.831 ± 1.648,0.0,8.287087532918104,0.3290628380701644,0.1730373515079276,0.3291 ± 0.173,0.0343096995462425,1.0253434685720972,385.6409395973154,90.03236890955468,385.6 ± 90.03,0.0,412.0,71.19629610304864,2.137476180809541,71.2 ± 2.137,68.92623901367188,79.83348083496094,70.18655475616379,1,3,1,4,1:285; 3:4; 4:9,9,0,0.0,model_dynamic,True,mckenzie2003,BDT,5.765286710419561,6.08690357208252,1.5732769250869754,6.258902549743652,8.867552757263184,7.168580132457859,3.8564093959731545,2.7648096885813147,2.89,3.23,9,0.0,0.0,0,0.0,0.0,0,0.0,0.0,268,1634.773624420166,762.08,17,83.23971807956696,36.72,4,0.0420972052961587,0.23,8.0,9.0,9.0,0.0062499999999999,0.0249999999999999,0.025,0.0240504503105219,BDT
dynamic,model_dynamic/summary_timeseries.csv,20,11.6,298,119200.0,1164.299714448607,13.891487676399004,1164 ± 13.89,1138.859561808839,1209.0046493481889,1.8360216891702676,1.6569984066366914,1.836 ± 1.657,0.0,8.343786398173869,0.3287461970876514,0.1727077426116556,0.3287 ± 0.1727,0.0352400922476452,1.02471222028856,396.26174496644296,82.80294356317837,396.3 ± 82.8,0.0,420.0,70.41203098169109,1.960905289549307,70.41 ± 1.961,67.88929748535156,78.80750274658203,70.14508753934979,1,3,1,4,1:289; 3:1; 4:8,8,0,0.0,model_dynamic,True,mckenzie2003,BDT,6.017755148522931,6.362997055053711,2.700575757026673,6.362997055053711,9.00358772277832,7.482387214379737,3.96261744966443,2.839172413793104,2.92,3.26,8,0.0,0.0,0,0.0,0.0,0,0.0,0.0,268,1693.566644668579,779.1200000000001,21,99.71735906600952,44.2,1,0.0070305252447724,0.04,9.0,9.0,9.0,0.0062499999999999,0.0249999999999999,0.025,0.0235475779583071,BDT
dynamic,model_dynamic/summary_timeseries.csv,20,11.5,298,119200.0,1164.3158833261948,13.88981208859111,1164 ± 13.89,1138.8879072103873,1208.991136781131,1.840058920115661,1.6664128301441865,1.84 ± 1.666,0.0,8.399650701577936,0.3284427113041527,0.1723860583586806,0.3284 ± 0.1724,0.036168121825766,1.0241234217822186,403.1946308724832,83.35318869204826,403.2 ± 83.35,0.0,427.0,74.40914271821912,1.870175834878114,74.41 ± 1.87,71.73578643798828,82.38455963134766,70.10322957074368,1,3,1,4,1:289; 3:1; 4:8,8,0,0.0,model_dynamic,True,mckenzie2003,BDT,5.943543204653308,6.258902549743652,3.0733898401260387,6.362997055053711,9.00358772277832,7.388522497908476,4.031946308724833,2.818034482758621,2.92,3.26,8,0.0,0.0,0,0.0,0.0,0,0.0,0.0,268,1668.7382221221924,771.96,21,102.43062233924866,45.23,1,0.0070305252447724,0.04,8.0,9.0,9.0,0.0124999999999999,0.0124999999999999,0.025,0.0245731004621032,BDT
dynamic,model_dynamic/summary_timeseries.csv,20,11.4,298,119200.0,1164.3330389470884,13.887749992858842,1164 ± 13.89,1138.9167273437265,1208.9778979274593,1.8459744190103344,1.6750274676115635,1.846 ± 1.675,0.0,8.457669538355084,0.3281058028595915,0.1720512134224691,0.3281 ± 0.1721,0.037084434033457,1.0233208059922931,413.3523489932886,77.22737290206571,413.4 ± 77.23,0.0,435.0,72.64032294766214,1.6848195821630512,72.64 ± 1.685,69.91283416748047,80.93192291259766,70.06117058373297,1,3,1,4,1:290; 3:3; 4:5,5,0,0.0,model_dynamic,True,mckenzie2003,BDT,6.166385205150051,6.397843837738037,4.983499765396119,6.4677605628967285,9.094734191894531,7.662886028602105,4.133523489932886,2.8586006825938566,2.95,3.28,5,0.0,0.0,0,0.0,0.0,0,0.0,0.0,268,1707.71426820755,783.21,22,129.84346425533295,54.22,3,0.0250586718320846,0.14,8.0,9.0,9.0,0.0062499999999999,0.0249999999999999,0.025,0.0246869961616184,BDT
dynamic,model_dynamic/summary_timeseries.csv,20,11.3,298,119200.0,1164.3495974643204,13.885928292830556,1164 ± 13.89,1138.945444370757,1208.9638028914148,1.8507140250768048,1.684339157837045,1.851 ± 1.684,0.0,8.514200755986847,0.3277874510535929,0.1717320667863184,0.3278 ± 0.1717,0.0382364050413557,1.0225981093555323,412.1308724832215,77.48413771363369,412.1 ± 77.48,0.0,433.0,71.95233013485903,1.6894407967842051,71.95 ± 1.689,69.03544616699219,80.16619110107422,70.01835852065778,1,3,1,4,1:290; 3:1; 4:7,7,0,0.0,model_dynamic,True,mckenzie2003,BDT,6.087356841297908,6.29352617263794,4.589507281780244,6.4677605628967285,9.094734191894531,7.563785923857919,4.121308724832214,2.854639175257732,2.95,3.28,7,0.0,0.0,0,0.0,0.0,0,0.0,0.0,268,1685.3108882904053,776.7699999999999,22,128.7104527950287,53.870000000000005,1,0.0109976213425397,0.06,8.0,8.0,8.0,0.00625,0.025,0.025,0.0242961516417839,BDT
dynamic,model_dynamic/summary_timeseries.csv,20,11.2,298,119200.0,1164.3659054976208,13.884198546069252,1164 ± 13.88,1138.9741041367954,1208.9496228438047,1.85504542454247,1.69358231768485,1.855 ± 1.694,0.0,8.569512955010493,0.3274806713977906,0.1714183702977086,0.3275 ± 0.1714,0.0393997259837302,1.021932426661946,419.0570469798658,79.83674681257524,419.1 ± 79.84,0.0,441.0,74.89220535995176,1.7548442705095268,74.89 ± 1.755,72.0060043334961,83.22200012207031,69.97551870700931,1,3,1,4,1:290; 3:1; 4:7,7,0,0.0,model_dynamic,True,mckenzie2003,BDT,6.140484571185013,6.362997055053711,4.199235701560975,6.4677605628967285,9.278119087219238,7.631212872273092,4.190570469798658,2.8696907216494845,2.95,3.32,7,0.0,0.0,0,0.0,0.0,0,0.0,0.0,268,1704.178563117981,782.1999999999999,22,125.67880856990814,52.84,1,0.0070305252447724,0.04,8.0,9.0,9.0,0.0124999999999999,0.0124999999999999,0.025,0.0242546936810256,BDT
dynamic,model_dynamic/summary_timeseries.csv,20,11.1,298,119200.0,1164.3830787774634,13.8820612655759,1164 ± 13.88,1139.0031256379905,1208.9357845322154,1.8609475382788367,1.7020966036931435,1.861 ± 1.702,0.0,8.62624296608365,0.3271441390283274,0.1710957622861083,0.3271 ± 0.1711,0.040536741082285,1.0211049299180317,419.7348993288591,73.8132974198862,419.7 ± 73.81,0.0,439.0,76.93772475991473,1.6264859864401129,76.94 ± 1.626,74.07481384277344,85.52810668945312,69.93265889422491,1,3,1,4,1:291; 3:3; 4:4,4,0,0.0,model_dynamic,True,mckenzie2003,BDT,6.300918076349885,6.4677605628967285,5.343233871459962,6.502830028533936,9.094734191894531,7.828896775406596,4.197348993288591,2.8897619047619054,2.96,3.28,4,0.0,0.0,0,0.0,0.0,0,0.0,0.0,268,1732.9348397254944,790.4400000000002,23,144.7076474428177,58.97999999999999,3,0.031099583953619,0.17,8.0,9.0,9.0,0.0124999999999999,0.0124999999999999,0.025,0.023536243720412,BDT
dynamic,model_dynamic/summary_timeseries.csv,20,11.0,298,119200.0,1164.400501716124,13.879795952369507,1164 ± 13.88,1139.032445417139,1208.9220556823038,1.8674894846414043,1.7103759705785135,1.867 ± 1.71,0.0,8.683908935813557,0.3267994617838975,0.1707622933202371,0.3268 ± 0.1708,0.0416563731032568,1.0201536631482946,427.3523489932886,61.9703328933431,427.4 ± 61.97,0.0,443.0,75.93580117961704,1.3938325815539083,75.94 ± 1.394,73.9570541381836,84.47689819335938,69.88961026516495,1,3,1,4,1:294; 3:2; 4:2,2,0,0.0,model_dynamic,True,mckenzie2003,BDT,6.41105695964531,6.502830028533936,5.663364243507385,6.573190689086914,9.278119087219238,7.962162054483147,4.273523489932885,2.90847972972973,2.98,3.32,2,0.0,0.0,0,0.0,0.0,0,0.0,0.0,268,1741.2133011817932,792.81,26,169.26761174201965,68.02000000000001,2,0.0140610504895448,0.08,8.0,9.0,9.0,0.0124999999999999,0.0124999999999999,0.025,0.0237754351754952,BDT
dynamic,model_dynamic/summary_timeseries.csv,20,10.9,298,119200.0,1164.4174242384531,13.877794051549234,1164 ± 13.88,1139.061718336437,1208.907883170054,1.87311416729708,1.7193019612288067,1.873 ± 1.719,0.0,8.740390520524823,0.3264723475619333,0.1704394137557873,0.3265 ± 0.1704,0.0427895981056944,1.0192422943998958,426.0469798657718,61.442649154915934,426 ± 61.44,0.0,442.0,74.74594011242758,1.3518695834570549,74.75 ± 1.352,72.77131652832031,82.96568298339844,69.84616483361697,1,2,1,4,1:294; 4:4,4,0,0.0,model_dynamic,True,mckenzie2003,BDT,6.383012209962678,6.4677605628967285,5.775241065025329,6.502830028533936,9.278119087219238,7.927002676359856,4.260469798657717,2.9204761904761907,2.96,3.32,4,0.0,0.0,0,0.0,0.0,0,0.0,0.0,268,1733.3514032363892,790.58,26,168.786235332489,68.04,0,0.0,0.0,8.0,9.0,9.0,0.0124999999999999,0.0124999999999999,0.025,0.0240989123364205,BDT
dynamic,model_dynamic/summary_timeseries.csv,20,10.8,298,119200.0,1164.434020792806,13.875897347918707,1164 ± 13.88,1139.0908916757242,1208.8932318464956,1.878095382352776,1.728414610005753,1.878 ± 1.728,0.0,8.795331391853827,0.3261591666232343,0.1701261047534807,0.3262 ± 0.1701,0.0439509556149555,1.0183957139863995,430.3758389261745,64.55661648257872,430.4 ± 64.56,0.0,447.0,75.03896518681674,1.4713788034206283,75.04 ± 1.471,73.0159683227539,83.49646759033203,69.80234017077146,1,2,1,4,1:294; 4:4,4,0,0.0,model_dynamic,True,mckenzie2003,BDT,6.409283259170968,6.573190689086914,5.589612317085266,6.573190689086914,9.370357513427734,7.961435578396606,4.303758389261745,2.927176870748299,2.98,3.34,4,0.0,0.0,0,0.0,0.0,0,0.0,0.0,268,1747.8516898155212,794.7,26,162.11472141742706,65.89,0,0.0,0.0,8.0,9.0,9.0,0.0125,0.0125000000000014,0.025,0.0239788771881541,BDT
dynamic,model_dynamic/summary_timeseries.csv,20,10.7,298,119200.0,1164.450930868527,13.873855026555969,1164 ± 13.87,1139.1201256859208,1208.878493526086,1.8834886921626104,1.7371003936448317,1.883 ± 1.737,0.0,8.849885412144468,0.3258466205724566,0.1698123851869458,0.3258 ± 0.1698,0.0442576426846285,1.0175307982717052,425.6979865771812,61.912874993056654,425.7 ± 61.91,0.0,442.0,77.71640695661506,1.3824119253529608,77.72 ± 1.382,75.74951934814453,85.98420715332031,69.75836784016519,1,2,1,4,1:294; 4:4,4,0,0.0,model_dynamic,True,mckenzie2003,BDT,6.363218650721864,6.4677605628967285,5.561399388313294,6.502830028533936,9.278119087219238,7.903754268807983,4.256979865771812,2.9154761904761908,2.96,3.32,4,0.0,0.0,0,0.0,0.0,0,0.0,0.0,269,1736.1843881607056,792.47,25,160.0547697544098,64.67999999999999,0,0.0,0.0,8.0,9.0,9.0,0.0124999999999999,0.0124999999999999,0.025,0.0230989464876367,BDT
dynamic,model_dynamic/summary_timeseries.csv,20,10.6,298,119200.0,1164.4685407699253,13.871572625860448,1164 ± 13.87,1139.1496770325225,1208.8642536229158,1.890182883532763,1.7451804822177297,1.89 ± 1.745,0.0,8.905085466392322,0.3255109075687832,0.1694907494881964,0.3255 ± 0.1695,0.0443148989643445,1.0165297822823562,427.3523489932886,57.37677205099897,427.4 ± 57.38,0.0,441.0,74.10786668406237,1.2379145184897122,74.11 ± 1.238,71.4479751586914,82.76524353027344,69.71457659039356,1,3,1,4,1:294; 3:2; 4:2,2,0,0.0,model_dynamic,True,mckenzie2003,BDT,6.2827485261622495,6.29352617263794,6.071558618545533,6.446732211112969,9.140443801879885,7.800847402809263,4.273523489932886,2.874932432432432,2.93,3.29,2,0.0,0.0,0,0.0,0.0,0,0.0,0.0,270,1704.8361978530884,784.5799999999999,24,167.40086770057678,66.28,2,0.0219952426850795,0.12,8.0,9.0,9.0,0.0124999999999999,0.0124999999999999,0.025,0.0241504518598066,BDT
dynamic,model_dynamic/summary_timeseries.csv,20,10.5,298,119200.0,1164.4849073225223,13.869832037528331,1164 ± 13.87,1139.178888912919,1208.8493856105083,1.8946161732011195,1.7543584773634655,1.895 ± 1.754,0.0,8.957242253506966,0.3252239481711964,0.1691951904944724,0.3252 ± 0.1692,0.0443690393458903,1.0157290716237113,426.4597315436242,62.292878733186896,426.5 ± 62.29,0.0,442.0,76.24493774311655,1.3723663999736189,76.24 ± 1.372,73.91009521484375,84.38431549072266,69.67049669758921,1,2,1,4,1:294; 4:4,4,0,0.0,model_dynamic,True,mckenzie2003,BDT,6.243382496721792,6.362997055053711,5.323458743095398,6.4677605628967285,9.140443801879885,7.758417227349375,4.264597315436243,2.884931972789116,2.95,3.29,4,0.0,0.0,0,0.0,0.0,0,0.0,0.0,272,1728.8331475257874,793.64,22,131.69483649730682,54.53000000000001,0,0.0,0.0,8.0,9.0,9.0,0.0124999999999999,0.0124999999999999,0.025,0.0234617115865887,BDT
dynamic,model_dynamic/summary_timeseries.csv,20,10.4,298,119200.0,1164.5019150937694,13.86778508377424,1165 ± 13.87,1139.2083820972482,1208.8347446434173,1.9002982467716216,1.7624963830303766,1.9 ± 1.762,0.0,9.010103569318773,0.324916681700187,0.1688908945173925,0.3249 ± 0.1689,0.0444245830862144,1.0148180394336117,416.63422818791946,57.77191704367227,416.6 ± 57.77,0.0,431.0,74.13014175107816,1.2685167701632785,74.13 ± 1.269,71.42364501953125,82.43489837646484,69.62636254616905,1,2,1,4,1:294; 4:4,4,0,0.0,model_dynamic,True,mckenzie2003,BDT,6.191939825979655,6.258902549743652,5.690228390693664,6.362997055053711,9.094734191894531,7.691821842778749,4.166342281879195,2.870646258503401,2.92,3.28,4,0.0,0.0,0,0.0,0.0,0,0.0,0.0,272,1704.2762870788574,786.5799999999999,22,140.92178106307983,57.38999999999999,0,0.0,0.0,8.0,9.0,9.0,0.0124999999999999,0.0124999999999999,0.025,0.0240428890929013,BDT
dynamic,model_dynamic/summary_timeseries.csv,20,10.3,298,119200.0,1164.5181943966222,13.866029791774247,1165 ± 13.87,1139.210385799408,1208.819924145436,1.904663869052302,1.7710097149205246,1.905 ± 1.771,0.0,9.060969099805147,0.3246396214807755,0.1686026462277724,0.3246 ± 0.1686,0.044478803987587,1.0140281466672534,420.8691275167785,61.38091804935029,420.9 ± 61.38,0.0,436.0,76.6164125020072,1.3895580336207716,76.62 ± 1.39,73.93777465820312,84.90442657470703,69.6095383460281,1,2,1,4,1:294; 4:4,4,0,0.0,model_dynamic,True,mckenzie2003,BDT,6.30214956022749,6.4677605628967285,5.282847380638122,6.4677605628967285,9.094734191894531,7.83262994725306,4.208691275167785,2.9022448979591835,2.95,3.28,4,0.0,0.0,0,0.0,0.0,0,0.0,0.0,272,1747.9776759147644,799.14,22,130.06289303302765,54.11999999999999,0,0.0,0.0,8.0,9.0,9.0,0.0125,0.0125000000000014,0.025,0.0232453808982017,BDT
dynamic,model_dynamic/summary_timeseries.csv,20,10.2,298,119200.0,1164.5352836649352,13.863938372160812,1165 ± 13.86,1139.210385799408,1208.8052585864552,1.9104826558148096,1.7788026830766004,1.91 ± 1.779,0.0,9.11273092215026,0.3243317954181391,0.1683039174908953,0.3243 ± 0.1683,0.0445352627343049,1.0130979899560495,422.3758389261745,57.713883097124494,422.4 ± 57.71,0.0,436.0,79.46490632127595,1.2589527972541537,79.46 ± 1.259,77.48355865478516,88.22901916503906,69.59487278704728,1,3,1,4,1:294; 3:1; 4:3,3,0,0.0,model_dynamic,True,mckenzie2003,BDT,6.29376887247879,6.362997055053711,5.921775674819947,6.4677605628967285,9.232136726379396,7.819009862104996,4.223758389261745,2.88070945945946,2.95,3.31,3,0.0,0.0,0,0.0,0.0,0,0.0,0.0,272,1730.6809735298157,794.19,22,144.85511994361875,58.46,1,0.0070305252447724,0.04,8.0,9.0,9.0,0.0124999999999999,0.0124999999999999,0.025,0.0223547663997672,BDT
dynamic,model_dynamic/summary_timeseries.csv,20,10.1,298,119200.0,1164.5530037425517,13.86162687911374,1165 ± 13.86,1139.210385799408,1208.7911044605164,1.9175490975659055,1.7861332409312172,1.918 ± 1.786,0.0,9.165612520839518,0.3240037787707668,0.1679983959524323,0.324 ± 0.168,0.0445935894273105,1.0120228452704647,426.244966442953,47.222062777036086,426.2 ± 47.22,0.0,437.0,76.74090724663446,1.0834521786757056,76.74 ± 1.083,74.29769134521484,85.39314270019531,69.58071866110845,1,2,1,4,1:296; 4:2,2,0,0.0,model_dynamic,True,mckenzie2003,BDT,6.427794454881809,6.4677605628967285,6.088048982620239,6.4677605628967285,9.232136726379396,7.9847144047085346,4.26244966442953,2.913973063973063,2.95,3.31,2,0.0,0.0,0,0.0,0.0,0,0.0,0.0,273,1758.3444576263428,803.2099999999999,23,157.13828992843628,62.24000000000001,0,0.0,0.0,8.0,9.0,9.0,0.0124999999999999,0.0124999999999999,0.025,0.0230563223454398,BDT
dynamic,model_dynamic/summary_timeseries.csv,20,10.0,298,119200.0,1164.5697121317216,13.859736165983929,1165 ± 13.86,1139.210385799408,1208.7759329367232,1.9227257921357277,1.7945084534960734,1.923 ± 1.795,0.0,9.21623776075121,0.3237108227623571,0.167710896980491,0.3237 ± 0.1677,0.0443411506497836,1.011063749156312,423.2684563758389,49.83538416694395,423.3 ± 49.84,0.0,435.0,73.78293269112606,1.1712995775039945,73.78 ± 1.171,71.69674682617188,82.39282989501953,69.5655471373152,1,2,1,4,1:296; 4:2,2,0,0.0,model_dynamic,True,mckenzie2003,BDT,6.394388854903663,6.4677605628967285,6.0523326158523565,6.4677605628967285,9.140443801879885,7.945119930176792,4.23268456375839,2.914628378378378,2.95,3.29,2,0.0,0.0,0,0.0,0.0,0,0.0,0.0,273,1759.9964237213137,803.6899999999999,23,145.53145503997803,59.04,0,0.0,0.0,8.0,9.0,9.0,0.0124999999999999,0.0124999999999999,0.025,0.0239610471363818,BDT
dynamic,model_dynamic/summary_timeseries.csv,20,9.9,298,119200.0,1164.585639461728,13.858151753548242,1165 ± 13.86,1139.210385799408,1208.7604700566972,1.92648343727681,1.8032732164851604,1.926 ± 1.803,0.0,9.264397709806431,0.3234487479658085,0.1674409916939908,0.3234 ± 0.1674,0.0435776535219819,1.0102739978574842,425.3691275167785,60.93591627708049,425.4 ± 60.94,0.0,440.0,76.79123029772867,1.36203824892015,76.79 ± 1.362,74.72509002685547,85.44486236572266,69.5500842572892,1,3,1,4,1:294; 3:1; 4:3,3,0,0.0,model_dynamic,True,mckenzie2003,BDT,6.366728244863463,6.502830028533936,5.49865608215332,6.502830028533936,9.232136726379396,7.914361115295946,4.253691275167785,2.912474576271187,2.96,3.31,3,0.0,0.0,0,0.0,0.0,0,0.0,0.0,273,1770.773965358734,806.7700000000001,21,126.50590574741364,52.38,1,0.0051458631642162,0.03,8.0,9.0,9.0,0.0124999999999999,0.0124999999999999,0.025,0.0230084113800943,BDT
dynamic,model_dynamic/summary_timeseries.csv,20,9.8,298,119200.0,1164.6025749530686,13.856128819461048,1165 ± 13.86,1139.210385799408,1208.745407845861,1.93207327498098,1.8109719755655636,1.932 ± 1.811,0.0,9.313700947274018,0.3231495873947616,0.1671558598721491,0.3231 ± 0.1672,0.0428469712891992,1.0093292339810347,425.8187919463088,57.14858224166092,425.8 ± 57.15,0.0,440.0,74.80169941434924,1.21859769722057,74.8 ± 1.219,72.96057891845703,83.75724792480469,69.53502204645338,1,3,1,4,1:294; 3:2; 4:2,2,0,0.0,model_dynamic,True,mckenzie2003,BDT,6.319928300248196,6.397843837738037,5.988175868988037,6.4677605628967285,9.232136726379396,7.853122729650649,4.258187919463087,2.8903716216216213,2.95,3.31,2,0.0,0.0,0,0.0,0.0,0,0.0,0.0,273,1745.390862941742,799.52,21,137.92577528953552,55.91,2,0.0219952426850795,0.12,8.0,9.0,9.0,0.0125,0.0125000000000014,0.025,0.02355354412422,BDT
dynamic,model_dynamic/summary_timeseries.csv,20,9.7,298,119200.0,1164.6188597131268,13.854420387711986,1165 ± 13.85,1139.210385799408,1208.7302167906907,1.9364418445699023,1.8192046297844635,1.936 ± 1.819,0.0,9.361229997338436,0.3228783581385147,0.1668892348990241,0.3229 ± 0.1669,0.0421155517098058,1.0085023570564844,426.6241610738255,60.123695371305736,426.6 ± 60.12,0.0,441.0,79.37301538454606,1.2999631581998254,79.37 ± 1.3,77.47201538085938,87.86392974853516,69.51983099128279,1,2,1,4,1:294; 4:4,4,0,0.0,model_dynamic,True,mckenzie2003,BDT,6.330283194580334,6.4677605628967285,5.79316668510437,6.502830028533936,9.278119087219238,7.868361839909451,4.266241610738256,2.9127891156462584,2.96,3.32,4,0.0,0.0,0,0.0,0.0,0,0.0,0.0,273,1759.1281061172483,803.46,21,127.29628586769104,52.9,0,0.0,0.0,8.0,9.0,9.0,0.0124999999999999,0.0124999999999999,0.025,0.0221668799917821,BDT
dynamic,model_dynamic/summary_timeseries.csv,20,9.6,298,119200.0,1164.636523484298,13.852195949039114,1165 ± 13.85,1139.210385799408,1208.7157019675085,1.9433681491174657,1.826144646653311,1.943 ± 1.826,0.0,9.410828272654726,0.3225571930012036,0.1666010950953301,0.3226 ± 0.1666,0.0414263683434134,1.0074371889426184,433.8657718120805,48.41579665092689,433.9 ± 48.42,0.0,445.0,80.00098787858182,1.076246898441466,80 ± 1.076,77.4707260131836,88.85653686523438,69.50531616810053,1,3,1,4,1:296; 3:1; 4:1,1,0,0.0,model_dynamic,True,mckenzie2003,BDT,6.441502634839049,6.4677605628967285,6.29352617263794,6.573190689086914,9.278119087219238,8.003735155797104,4.338657718120806,2.9196632996633,2.98,3.32,1,0.0,0.0,0,0.0,0.0,0,0.0,0.0,274,1772.0020904541016,808.23,22,147.55866420269012,58.870000000000005,1,0.0070305252447724,0.04,8.0,9.0,9.0,0.0124999999999999,0.0124999999999999,0.025,0.0219282374511011,BDT
dynamic,model_dynamic/summary_timeseries.csv,20,9.5,298,119200.0,1164.654102688476,13.850026041436642,1165 ± 13.85,1139.210385799408,1208.70102163109,1.9501410389696288,1.8334405878026776,1.95 ± 1.833,0.0,9.460260154097456,0.3222400966562889,0.1663191004321491,0.3222 ± 0.1663,0.0407514971891563,1.006323838104917,425.51677852349,43.291675661360095,425.5 ± 43.29,0.0,435.0,80.04685231663237,0.9801100885048049,80.05 ± 0.9801,77.43110656738281,89.05816650390625,69.49063583168208,1,3,1,4,1:296; 3:1; 4:1,1,0,0.0,model_dynamic,True,mckenzie2003,BDT,6.4211305520534765,6.4677605628967285,6.258902549743652,6.4677605628967285,9.140443801879885,7.979571386174472,4.2551677852349,2.917171717171717,2.95,3.29,1,0.0,0.0,0,0.0,0.0,0,0.0,0.0,276,1774.7753624916077,811.1899999999998,20,138.70847058296204,55.14,1,0.0130714373663067,0.07,8.0,9.0,9.0,0.0124999999999999,0.0124999999999999,0.025,0.0218162675702905,BDT
dynamic,model_dynamic/summary_timeseries.csv,20,9.4,298,119200.0,1164.6718208493885,13.847707796239357,1165 ± 13.85,1139.210385799408,1208.686147353901,1.956961135775424,1.8406889176802397,1.957 ± 1.841,0.0,9.508968777547372,0.3219163233431699,0.1660408387996477,0.3219 ± 0.166,0.0400846094486451,1.005195409365838,434.1442953020134,39.305838974935206,434.1 ± 39.31,0.0,443.0,77.58279229490549,0.9122105271881076,77.58 ± 0.9122,75.06285095214844,86.19078826904297,69.47576155449337,1,2,1,4,1:297; 4:1,1,0,0.0,model_dynamic,True,mckenzie2003,BDT,6.43607491734844,6.4677605628967285,6.288332629203796,6.502830028533936,9.278119087219238,7.998925840560532,4.341442953020135,2.924107744107744,2.96,3.32,1,0.0,0.0,0,0.0,0.0,0,0.0,0.0,277,1782.966203212738,814.6400000000001,20,134.98412215709686,53.82,0,0.0,0.0,8.0,9.0,9.0,0.0124999999999999,0.0124999999999999,0.025,0.0224977718138136,BDT
dynamic,model_dynamic/summary_timeseries.csv,20,9.3,298,119200.0,1164.6887588218954,13.845724374786974,1165 ± 13.85,1139.210385799408,1208.6746079255738,1.9623124551076987,1.8486160990214384,1.962 ± 1.849,0.0,9.555647154291409,0.3216213614097039,0.1657806420257499,0.3216 ± 0.1658,0.0394081902811961,1.0041831964961885,434.3255033557047,47.47204851117449,434.3 ± 47.47,0.0,445.0,76.51054354162024,1.062084946044209,76.51 ± 1.062,73.84318542480469,85.29947662353516,69.46422212616585,1,3,1,4,1:296; 3:1; 4:1,1,0,0.0,model_dynamic,True,mckenzie2003,BDT,6.408325134635897,6.502830028533936,6.181346726417543,6.573190689086914,9.278119087219238,7.966832618586025,4.343255033557048,2.9144444444444444,2.98,3.32,1,0.0,0.0,0,0.0,0.0,0,0.0,0.0,277,1788.0110726356506,816.0699999999999,19,121.6627869606018,49.48,1,0.0070305252447724,0.04,8.0,9.0,9.0,0.0125,0.0125000000000014,0.025,0.0225606278313157,BDT
dynamic,model_dynamic/summary_timeseries.csv,20,9.2,298,119200.0,1164.7056555240597,13.843690748789433,1165 ± 13.84,1139.210385799408,1208.6618587862718,1.9674092494723148,1.85635802498908,1.967 ± 1.856,0.0,9.601179243557535,0.3213318316875966,0.1655359008983276,0.3213 ± 0.1655,0.0387381534699817,1.0032291272759388,438.0402684563758,48.53931903668799,438 ± 48.54,0.0,449.0,77.15564233664698,1.053853077726836,77.16 ± 1.054,74.58870697021484,85.85862731933594,69.45147298686379,1,2,1,4,1:296; 4:2,2,0,0.0,model_dynamic,True,mckenzie2003,BDT,6.406543015633654,6.4677605628967285,6.362997055053711,6.502830028533936,9.232136726379396,7.963436514974317,4.380402684563759,2.9227702702702705,2.96,3.31,2,0.0,0.0,0,0.0,0.0,0,0.0,0.0,276,1781.040120124817,813.01,20,128.10969853401184,52.13,0,0.0,0.0,8.0,9.0,9.0,0.0124999999999999,0.0124999999999999,0.025,0.0230024465210221,BDT
dynamic,model_dynamic/summary_timeseries.csv,20,9.1,298,119200.0,1164.722817360929,13.841539252857435,1165 ± 13.84,1139.210385799408,1208.6488155135687,1.9729175483416763,1.863731112090857,1.973 ± 1.864,0.0,9.646382548497638,0.3210332601179407,0.1652879304941745,0.321 ± 0.1653,0.0380924609315898,1.002257030423908,438.18791946308727,47.70496141905488,438.2 ± 47.7,0.0,449.0,78.16649532958165,1.02060139723946,78.17 ± 1.021,76.24114227294922,87.15314483642578,69.43842971416075,1,2,1,4,1:296; 4:2,2,0,0.0,model_dynamic,True,mckenzie2003,BDT,6.415709241124608,6.4677605628967285,6.339372229576111,6.502830028533936,9.232136726379396,7.976290893747408,4.381879194630873,2.927060810810811,2.96,3.31,2,0.0,0.0,0,0.0,0.0,0,0.0,0.0,277,1791.1121468544006,816.98,19,120.76920700073242,49.42999999999999,0,0.0,0.0,8.0,9.0,9.0,0.0124999999999999,0.0124999999999999,0.025,0.0226359891324331,BDT
dynamic,model_dynamic/summary_timeseries.csv,20,9.0,298,119200.0,1164.7402758106916,13.839285690263385,1165 ± 13.84,1139.210385799408,1208.6354750302169,1.978931720516264,1.870865122712705,1.979 ± 1.871,0.0,9.691511585107074,0.3207251459153709,0.1650389478992847,0.3207 ± 0.165,0.0374743226075941,1.0012313668020842,434.38926174496646,45.05354181034296,434.4 ± 45.05,0.0,445.0,79.4302116240431,0.9274210212073752,79.43 ± 0.9274,77.46958923339844,88.2214126586914,69.42508923080891,1,2,1,4,1:296; 4:2,2,0,0.0,model_dynamic,True,mckenzie2003,BDT,6.381792437310187,6.4677605628967285,6.186344242095947,6.4677605628967285,9.232136726379396,7.935702280189164,4.343892617449664,2.920135135135135,2.95,3.31,2,0.0,0.0,0,0.0,0.0,0,0.0,0.0,279,1792.722219467163,819.6299999999999,17,109.05192685127258,44.73,0,0.0,0.0,8.0,9.0,9.0,0.0124999999999999,0.0124999999999999,0.025,0.0222159260378592,BDT
dynamic,model_dynamic/summary_timeseries.csv,20,8.9,298,119200.0,1164.757929145061,13.837040770003556,1165 ± 13.84,1139.210385799408,1208.621960660642,1.9853801246453355,1.877834040435824,1.985 ± 1.878,0.0,9.7366535764862,0.3204145673933107,0.1647911386164462,0.3204 ± 0.1648,0.0368872413929949,1.000161025277,424.3557046979866,41.758023595119006,424.4 ± 41.76,0.0,433.0,74.94878323446184,0.8665883722658968,74.95 ± 0.8666,72.45490264892578,83.57632446289062,69.41157486123393,1,3,1,4,1:296; 3:1; 4:1,1,0,0.0,model_dynamic,True,mckenzie2003,BDT,6.340347832775106,6.362997055053711,6.288332629203796,6.4677605628967285,9.00358772277832,7.882415325236114,4.243557046979865,2.898350168350168,2.95,3.26,1,0.0,0.0,0,0.0,0.0,0,0.0,0.0,279,1774.686421394348,814.47,17,114.7262351512909,46.28,1,0.0109976213425397,0.06,8.0,9.0,9.0,0.0124999999999999,0.0124999999999999,0.025,0.0236031845632598,BDT
dynamic,model_dynamic/summary_timeseries.csv,20,8.8,298,119200.0,1164.7742087032889,13.835309771198611,1165 ± 13.84,1139.210385799408,1208.6075145807367,1.9893018686528128,1.8858502021784829,1.989 ± 1.886,0.0,9.778766423739231,0.3201562449811225,0.1645717220045795,0.3202 ± 0.1646,0.0362918415309462,0.9993278144583452,419.5402684563758,51.67080935620465,419.5 ± 51.67,0.0,431.0,75.1642095066557,1.0742692669956506,75.16 ± 1.074,73.36085510253906,83.64412689208984,69.39712878132877,1,3,1,4,1:295; 3:1; 4:2,2,0,0.0,model_dynamic,True,mckenzie2003,BDT,6.2560022565592455,6.397843837738037,5.715122222900391,6.397843837738037,8.912806510925293,7.782027008850759,4.195402684563759,2.882702702702703,2.93,3.24,2,0.0,0.0,0,0.0,0.0,0,0.0,0.0,279,1776.6710543632507,815.04,16,87.60023355484009,38.150000000000006,1,0.0173845365643501,0.09,8.0,9.0,9.0,0.0125,0.0125000000000014,0.025,0.0223095996726773,BDT
dynamic,model_dynamic/summary_timeseries.csv,20,8.7,298,119200.0,1164.790767851274,13.833488490652616,1165 ± 13.83,1139.210385799408,1208.593233231489,1.9936995801963897,1.8933627835047224,1.994 ± 1.893,0.0,9.820312611537686,0.319888021759998,0.1643493536723135,0.3199 ± 0.1643,0.0357238437668264,0.9984994292123996,430.2281879194631,56.003729598403794,430.2 ± 56,0.0,443.0,77.67900871430467,1.187832030972542,77.68 ± 1.188,75.78820037841797,86.1710205078125,69.38284743208101,1,3,1,4,1:295; 3:1; 4:2,2,0,0.0,model_dynamic,True,mckenzie2003,BDT,6.278892929987644,6.397843837738037,5.645463061332703,6.502830028533936,9.140443801879885,7.812037226212772,4.302281879194631,2.8883783783783783,2.96,3.29,2,0.0,0.0,0,0.0,0.0,0,0.0,0.0,279,1789.3554701805117,818.68,16,81.74155151844025,36.21,1,0.0130714373663067,0.07,8.0,9.0,9.0,0.0124999999999999,0.0124999999999999,0.025,0.0200004311164138,BDT
dynamic,model_dynamic/summary_timeseries.csv,20,8.6,298,119200.0,1164.8081113466596,13.831357140904403,1165 ± 13.83,1139.210385799408,1208.5792767347264,1.99950783249018,1.900113389894968,2 ± 1.9,0.0,9.862640688677772,0.3195919411730471,0.1641153685110059,0.3196 ± 0.1641,0.0351993834415032,0.9975437317502192,428.58053691275165,47.89230673090435,428.6 ± 47.89,0.0,440.0,78.55027484253749,1.0082161447526437,78.55 ± 1.008,76.76786804199219,86.90135955810547,69.3688909353184,1,2,1,4,1:296; 4:2,2,0,0.0,model_dynamic,True,mckenzie2003,BDT,6.363121798374509,6.4677605628967285,6.02947850227356,6.502830028533936,9.094734191894531,7.914872035978159,4.285805369127517,2.914898648648649,2.96,3.28,2,0.0,0.0,0,0.0,0.0,0,0.0,0.0,279,1799.8957300186155,821.69,17,96.31456589698792,41.120000000000005,0,0.0,0.0,8.0,9.0,9.0,0.0124999999999999,0.0124999999999999,0.025,0.0199852502139325,BDT
dynamic,model_dynamic/summary_timeseries.csv,20,8.5,298,119200.0,1164.8254558922197,13.829270702508364,1165 ± 13.83,1139.210385799408,1208.5653911739366,2.0053912673217766,1.906992567942673,2.005 ± 1.907,0.0,9.904851730257096,0.319297710288521,0.1638849006025187,0.3193 ± 0.1639,0.0347060193132616,0.9965357483112524,430.5,50.301990700730485,430.5 ± 50.3,0.0,441.0,79.70795456035025,1.0073084415290212,79.71 ± 1.007,77.66046905517578,88.28260803222656,69.35500537452867,1,3,1,4,1:295; 3:1; 4:2,2,0,0.0,model_dynamic,True,mckenzie2003,BDT,6.3170486993918935,6.397843837738037,6.29352617263794,6.4677605628967285,9.278119087219238,7.855628471202753,4.305,2.899054054054054,2.95,3.32,2,0.0,0.0,0,0.0,0.0,0,0.0,0.0,279,1779.6219110488892,815.9,16,102.85157084465028,42.18,1,0.0070305252447724,0.04,8.0,9.0,9.0,0.0124999999999999,0.0124999999999999,0.025,0.0193042530591837,BDT
dynamic,model_dynamic/summary_timeseries.csv,20,8.4,298,119200.0,1164.8431187448875,13.827067454554031,1165 ± 13.83,1139.210385799408,1208.5514864862937,2.01180093656086,1.9135878505749853,2.012 ± 1.914,0.0,9.946972766601712,0.3189941272703668,0.1636533851430921,0.319 ± 0.1637,0.0342478628736203,0.995468362749478,437.78859060402687,44.509695844704446,437.8 ± 44.51,0.0,447.0,80.54714062069887,0.9618059543319812,80.55 ± 0.9618,78.01954650878906,89.44731903076172,69.34110068688551,1,3,1,4,1:296; 3:1; 4:1,1,0,0.0,model_dynamic,True,mckenzie2003,BDT,6.458394133298339,6.502830028533936,6.397843837738037,6.573190689086914,9.278119087219238,8.031091019365665,4.377885906040268,2.931717171717172,2.98,3.32,1,0.0,0.0,0,0.0,0.0,0,0.0,0.0,279,1811.1271958351133,824.9100000000001,17,113.46325826644896,45.75,1,0.0109976213425397,0.06,8.0,9.0,9.0,0.0124999999999999,0.0124999999999999,0.025,0.0195083548287785,BDT
dynamic,model_dynamic/summary_timeseries.csv,20,8.3,298,119200.0,1164.8608162063074,13.824851286027512,1165 ± 13.82,1139.210385799408,1208.537369672999,2.0183502694936144,1.920190765138008,2.018 ± 1.92,0.0,9.988946516133325,0.3186885375319179,0.1634216248730585,0.3187 ± 0.1634,0.0338201712163767,0.9943432897384368,433.0503355704698,39.217524716048,433.1 ± 39.22,0.0,441.0,78.61353378807938,0.9349579661459818,78.61 ± 0.935,76.15245819091797,87.27998352050781,69.32698387359096,1,2,1,4,1:297; 4:1,1,0,0.0,model_dynamic,True,mckenzie2003,BDT,6.38227942365928,6.362997055053711,6.29352617263794,6.502830028533936,9.278119087219238,7.933635784282948,4.330503355704698,2.91006734006734,2.96,3.32,1,0.0,0.0,0,0.0,0.0,0,0.0,0.0,279,1779.95276594162,815.99,18,121.96650230884552,48.3,0,0.0,0.0,8.0,9.0,9.0,0.0125,0.0125000000000014,0.025,0.0196092663505869,BDT
dynamic,model_dynamic/summary_timeseries.csv,20,8.2,298,119200.0,1164.8778688429395,13.82291472438576,1165 ± 13.82,1139.210385799408,1208.522682795808,2.023705072753742,1.9273376541255984,2.024 ± 1.927,0.0,10.029390563393092,0.3184063398194914,0.1632028994698859,0.3184 ± 0.1632,0.0334049258471002,0.9933148530095748,431.9832214765101,45.3229617238409,432 ± 45.32,0.0,441.0,80.01328618094425,1.0098308794308513,80.01 ± 1.01,77.51521301269531,88.72007751464844,69.31229699639994,1,3,1,4,1:296; 3:1; 4:1,1,0,0.0,model_dynamic,True,mckenzie2003,BDT,6.327792312099829,6.362997055053711,6.29352617263794,6.397843837738037,9.00358772277832,7.866851417076834,4.319832214765101,2.892929292929293,2.93,3.26,1,0.0,0.0,0,0.0,0.0,0,0.0,0.0,279,1771.8874497413635,813.69,17,113.77727472782136,45.42,1,0.0173845365643501,0.09,8.0,9.0,9.0,0.0124999999999999,0.0124999999999999,0.025,0.0192119216808532,BDT
dynamic,model_dynamic/summary_timeseries.csv,20,8.1,298,119200.0,1164.8953650003136,13.820821033876244,1165 ± 13.82,1139.210385799408,1208.5082997066952,2.029867159424585,1.9339783916947444,2.03 ± 1.934,0.0,10.069831784543911,0.318109103508724,0.1629807525415456,0.3181 ± 0.163,0.0330282699572866,0.9922220156514268,431.62080536912754,43.72742566234695,431.6 ± 43.73,0.0,441.0,79.66551249459286,0.9409821361070974,79.67 ± 0.941,77.49839782714844,88.07029724121094,69.29791390728724,1,2,1,4,1:296; 4:2,2,0,0.0,model_dynamic,True,mckenzie2003,BDT,6.396528157611821,6.4677605628967285,6.288332629203796,6.502830028533936,9.278119087219238,7.953567122900639,4.316208053691274,2.9232094594594598,2.96,3.32,2,0.0,0.0,0,0.0,0.0,0,0.0,0.0,280,1794.6644072532654,821.3,16,111.50098371505736,43.97,0,0.0,0.0,8.0,9.0,9.0,0.0124999999999999,0.0124999999999999,0.025,0.0137992828132267,BDT
dynamic,model_dynamic/summary_timeseries.csv,20,8.0,298,119200.0,1164.9127084709644,13.818774931280716,1165 ± 13.82,1139.210385799408,1208.4937655331703,2.0357311196605368,1.9407407132861456,2.036 ± 1.941,0.0,10.109562735115237,0.3178166630108857,0.162762067135523,0.3178 ± 0.1628,0.0326778900620428,0.9911305519729277,441.0771812080537,45.257103889412726,441.1 ± 45.26,0.0,450.0,80.63854683485607,0.9694981396836702,80.64 ± 0.9695,78.53331756591797,89.14903259277344,69.28337973376256,1,2,1,4,1:296; 4:2,2,0,0.0,model_dynamic,True,mckenzie2003,BDT,6.388622804376103,6.397843837738037,6.362997055053711,6.4677605628967285,9.232136726379396,7.943660825510725,4.410771812080538,2.920777027027027,2.95,3.31,2,0.0,0.0,0,0.0,0.0,0,0.0,0.0,280,1792.465299129486,820.69,16,111.3442965745926,43.86,0,0.0,0.0,8.0,9.0,9.0,0.0124999999999999,0.0124999999999999,0.025,0.0136110599020425,BDT
dynamic,model_dynamic/summary_timeseries.csv,20,7.9,298,119200.0,1164.9304135346283,13.8165873773544,1165 ± 13.82,1139.210385799408,1208.4792377027272,2.0421594474846407,1.947224309494768,2.042 ± 1.947,0.0,10.149142696647134,0.3175115819271913,0.1625379651390794,0.3175 ± 0.1625,0.0323643242248754,0.9899894028439362,441.7953020134228,43.72206734087256,441.8 ± 43.72,0.0,450.0,82.74062232203131,0.9480329398252432,82.74 ± 0.948,80.22994232177734,91.39147186279295,69.26885190331927,1,2,1,4,1:296; 4:2,2,0,0.0,model_dynamic,True,mckenzie2003,BDT,6.409498058709522,6.397843837738037,6.362997055053711,6.4677605628967285,9.370357513427734,7.968859076236932,4.417953020134228,2.9266216216216216,2.95,3.34,2,0.0,0.0,0,0.0,0.0,0,0.0,0.0,280,1793.640344619751,821.03,16,116.39007687568665,45.25,0,0.0,0.0,8.0,9.0,9.0,0.0125,0.0125000000000005,0.025,0.0138492594804952,BDT
dynamic,model_dynamic/summary_timeseries.csv,20,7.8,298,119200.0,1164.94864816417,13.814251083497696,1165 ± 13.81,1139.210385799408,1208.4649283829192,2.049569881225481,1.9532641724482795,2.05 ± 1.953,0.0,10.189112815435584,0.317190289128577,0.1623054136460694,0.3172 ± 0.1623,0.0321021134050804,0.9887361413935196,440.4194630872484,40.38491674354258,440.4 ± 40.38,0.0,448.0,83.20880874531382,0.8661801109008187,83.21 ± 0.8662,80.82606506347656,91.94686126708984,69.25454258351124,1,3,1,4,1:296; 3:1; 4:1,1,0,0.0,model_dynamic,True,mckenzie2003,BDT,6.398410539964726,6.362997055053711,6.29352617263794,6.502830028533936,9.140443801879885,7.952664587796341,4.404194630872483,2.912861952861953,2.96,3.29,1,0.0,0.0,0,0.0,0.0,0,0.0,0.0,280,1779.4349269866943,816.9599999999999,16,127.27834248542786,48.09,1,0.0130714373663067,0.07,8.0,9.0,9.0,0.0124999999999999,0.0124999999999999,0.025,0.0139717024358378,BDT
dynamic,model_dynamic/summary_timeseries.csv,20,7.7,298,119200.0,1164.9669057878557,13.811902307936204,1165 ± 13.81,1139.210385799408,1208.4503751192815,2.0569998901508697,1.9593292012558587,2.057 ± 1.959,0.0,10.22875131655036,0.3168690783285348,0.1620747529656127,0.3169 ± 0.1621,0.0318731699459712,0.9874455405843862,441.9496644295302,34.81042836142906,441.9 ± 34.81,0.0,448.0,80.75670329356353,0.8207457911605857,80.76 ± 0.8207,78.61164093017578,89.45838165283203,69.23998931987353,1,2,1,4,1:297; 4:1,1,0,0.0,model_dynamic,True,mckenzie2003,BDT,6.575846482043298,6.502830028533936,6.4677605628967285,6.573190689086914,9.278119087219238,8.17438580062292,4.419496644295303,2.964848484848485,2.98,3.32,1,0.0,0.0,0,0.0,0.0,0,0.0,0.0,280,1825.8732566833496,830.24,17,133.72899496555328,50.32,0,0.0,0.0,8.0,9.0,9.0,0.0125,0.0125000000000005,0.025,0.0141160182414339,BDT
dynamic,model_dynamic/summary_timeseries.csv,20,7.6,298,119200.0,1164.9843774655967,13.80976393136934,1165 ± 13.81,1139.210385799408,1208.4350292315698,2.06294081540522,1.9661050769750188,2.063 ± 1.966,0.0,10.266779703770627,0.31656938650163,0.1618577818249149,0.3166 ± 0.1619,0.0316473540587536,0.9862436747504968,440.26510067114094,42.00295839081421,440.3 ± 42,0.0,448.0,83.0815185700487,0.9255753105007712,83.08 ± 0.9256,81.02479553222656,91.72171020507812,69.22464343216188,1,3,1,4,1:296; 3:1; 4:1,1,0,0.0,model_dynamic,True,mckenzie2003,BDT,6.423073993458244,6.397843837738037,6.362997055053711,6.4677605628967285,9.278119087219238,7.983852860269642,4.402651006711411,2.9190909090909094,2.95,3.32,1,0.0,0.0,0,0.0,0.0,0,0.0,0.0,280,1787.6049737930298,819.3100000000001,16,126.45369172096252,47.56999999999999,1,0.0173845365643501,0.09,8.0,9.0,9.0,0.0124999999999999,0.0124999999999999,0.025,0.0138822261295029,BDT
dynamic,model_dynamic/summary_timeseries.csv,20,7.5,298,119200.0,1165.0025362285696,13.807432601260814,1165 ± 13.81,1139.210385799408,1208.420160195075,2.0701504799246626,1.9721267574410173,2.07 ± 1.972,0.0,10.30515645554753,0.3162499595117902,0.1616313448657157,0.3162 ± 0.1616,0.0314790839095273,0.9849326550607768,440.0268456375839,34.68621494916478,440 ± 34.69,0.0,446.0,81.26484081089096,0.8311461035452622,81.26 ± 0.8311,78.863525390625,90.11034393310548,69.20977439566695,1,2,1,4,1:297; 4:1,1,0,0.0,model_dynamic,True,mckenzie2003,BDT,6.561926202486025,6.573190689086914,6.4677605628967285,6.573190689086914,9.278119087219238,8.160247772680922,4.40026845637584,2.9634680134680136,2.98,3.32,1,0.0,0.0,0,0.0,0.0,0,0.0,0.0,282,1839.7151579856877,836.36,15,115.73885035514832,43.79,0,0.0,0.0,8.0,9.0,9.0,0.0124999999999999,0.0124999999999999,0.025,0.0140598809894063,BDT
dynamic,model_dynamic/summary_timeseries.csv,20,7.4,298,119200.0,1165.0200997924865,13.80522546855578,1165 ± 13.81,1139.210385799408,1208.404619412527,2.076213152190108,1.978713736581322,2.076 ± 1.979,0.0,10.34231706279986,0.315947491507965,0.1614157722146488,0.3159 ± 0.1614,0.0313241665507875,0.9836820380302612,443.5503355704698,37.71002683701599,443.6 ± 37.71,0.0,450.0,82.18026083107763,0.8944694837795634,82.18 ± 0.8945,79.71991729736328,90.63778686523438,69.19423361311897,1,2,1,4,1:297; 4:1,1,0,0.0,model_dynamic,True,mckenzie2003,BDT,6.501485815384244,6.502830028533936,6.4677605628967285,6.573190689086914,9.370357513427734,8.086864905296881,4.435503355704698,2.947104377104377,2.98,3.34,1,0.0,0.0,0,0.0,0.0,0,0.0,0.0,283,1835.1374688148496,836.1700000000001,14,102.30530416965485,39.12,0,0.0,0.0,8.0,9.0,9.0,0.0125,0.0125000000000005,0.025,0.0136759328969355,BDT
dynamic,model_dynamic/summary_timeseries.csv,20,7.3,298,119200.0,1165.0379161980109,13.802967795941417,1165 ± 13.8,1139.210385799408,1208.3892242600134,2.08274575660054,1.9849548771670489,2.083 ± 1.985,0.0,10.379270028923717,0.31563731083995,0.161196759851886,0.3156 ± 0.1612,0.0312132559420924,0.9823821794625944,445.96308724832215,36.1380924330143,446 ± 36.14,0.0,452.0,83.9429007408603,0.8145864749330064,83.94 ± 0.8146,81.50588989257812,92.09429931640624,69.17883846060545,1,2,1,4,1:297; 4:1,1,0,0.0,model_dynamic,True,mckenzie2003,BDT,6.529914427523645,6.502830028533936,6.4677605628967285,6.573190689086914,9.41661262512207,8.121860326854303,4.459630872483222,2.9553198653198653,2.98,3.35,1,0.0,0.0,0,0.0,0.0,0,0.0,0.0,283,1840.0345349311829,837.58,14,105.87996447086334,40.150000000000006,0,0.0,0.0,8.0,9.0,9.0,0.0124999999999999,0.0124999999999999,0.025,0.0140448503481009,BDT
dynamic,model_dynamic/summary_timeseries.csv,20,7.2,298,119200.0,1165.0561740545274,13.800574580847783,1165 ± 13.8,1139.210385799408,1208.3740487870566,2.090082465473971,1.9908105107993856,2.09 ± 1.991,0.0,10.416434690704389,0.3153144306789148,0.1609735203234022,0.3153 ± 0.161,0.0311553465386312,0.9809930191077296,447.5268456375839,33.31184188112517,447.5 ± 33.31,0.0,453.0,82.73129961154605,0.7401273957817839,82.73 ± 0.7401,80.30427551269531,91.0517807006836,69.16366298764865,1,2,1,4,1:297; 4:1,1,0,0.0,model_dynamic,True,mckenzie2003,BDT,6.570782791848151,6.573190689086914,6.4677605628967285,6.608481407165527,9.41661262512207,8.173650081621034,4.475268456375839,2.968585858585859,2.99,3.35,1,0.0,0.0,0,0.0,0.0,0,0.0,0.0,284,1855.1061968803408,842.97,13,102.98707509040833,38.7,0,0.0,0.0,8.0,9.0,9.0,0.0125,0.0125000000000005,0.025,0.0140294274906132,BDT
dynamic,model_dynamic/summary_timeseries.csv,20,7.1,298,119200.0,1165.0739929050649,13.798301862491895,1165 ± 13.8,1139.210385799408,1208.3584415630896,2.096569861073302,1.9970877611040865,2.097 ± 1.997,0.0,10.452994698107252,0.3150048010830677,0.1607596275801651,0.315 ± 0.1608,0.0311176781509852,0.9796404616075084,448.2718120805369,35.12456181968808,448.3 ± 35.12,0.0,454.0,84.67295514817206,0.8088708523972612,84.67 ± 0.8089,82.22354888916016,93.21929168701172,69.14805576368167,1,2,1,4,1:297; 4:1,1,0,0.0,model_dynamic,True,mckenzie2003,BDT,6.498263216658726,6.502830028533936,6.397843837738037,6.573190689086914,9.41661262512207,8.08497653416935,4.482718120805369,2.949191919191919,2.98,3.35,1,0.0,0.0,0,0.0,0.0,0,0.0,0.0,285,1846.4557495117188,841.6100000000001,12,90.02668905258179,34.300000000000004,0,0.0,0.0,8.0,9.0,9.0,0.0124999999999999,0.0124999999999999,0.025,0.0144329977761418,BDT
dynamic,model_dynamic/summary_timeseries.csv,20,7.0,298,119200.0,1165.0923873308311,13.795827575657464,1165 ± 13.8,1139.210385799408,1208.3432484799434,2.1041001939956323,2.002787924743305,2.104 ± 2.003,0.0,10.489740946472734,0.3146793974040008,0.1605365740853159,0.3147 ± 0.1605,0.0311353010073355,0.9781913630267504,449.1677852348993,31.9870784911162,449.2 ± 31.99,0.0,454.0,83.51408340146878,0.6863139010580894,83.51 ± 0.6863,81.71615600585938,92.14097595214844,69.13286268053548,1,2,1,4,1:297; 4:1,1,0,0.0,model_dynamic,True,mckenzie2003,BDT,6.617152389263946,6.608481407165527,6.502830028533936,6.608481407165527,9.41661262512207,8.2332750804582,4.491677852348993,2.983400673400674,2.99,3.35,1,0.0,0.0,0,0.0,0.0,0,0.0,0.0,285,1876.242619037628,850.1000000000001,12,95.66879296302795,35.96999999999999,0,0.0,0.0,8.0,9.0,9.0,0.0124999999999999,0.0124999999999999,0.025,0.014085252951129,BDT
dynamic,model_dynamic/summary_timeseries.csv,20,6.9,298,119200.0,1165.110369697358,13.793412152814415,1165 ± 13.79,1139.210385799408,1208.3274926467366,2.110792877761308,2.008876636807976,2.111 ± 2.009,0.0,10.525509146104376,0.3143591048899969,0.1603156597642603,0.3144 ± 0.1603,0.0311735677032757,0.976773518384048,446.3825503355704,33.29229858651458,446.4 ± 33.29,0.0,452.0,83.26970467791462,0.7366501398649181,83.27 ± 0.7367,81.38835144042969,91.56623840332033,69.11710684732861,1,2,1,4,1:297; 4:1,1,0,0.0,model_dynamic,True,mckenzie2003,BDT,6.468638560915953,6.397843837738037,6.362997055053711,6.608481407165527,9.370357513427734,8.048931015311792,4.463825503355704,2.942255892255892,2.99,3.34,1,0.0,0.0,0,0.0,0.0,0,0.0,0.0,286,1844.3255004882808,842.0899999999999,11,83.32879066467285,31.76,0,0.0,0.0,8.0,9.0,9.0,0.0125,0.0125000000000005,0.025,0.0138590981859067,BDT
dynamic,model_dynamic/summary_timeseries.csv,20,6.8,298,119200.0,1165.1282843426209,13.79095475503089,1165 ± 13.79,1139.210385799408,1208.3116535167703,2.1173139471462776,2.014837672260717,2.117 ± 2.015,0.0,10.560613229435498,0.3140393272608507,0.1600958053138684,0.314 ± 0.1601,0.0312470085216792,0.975370424459408,446.9127516778523,33.4794202811392,446.9 ± 33.48,0.0,452.0,81.35914791030372,0.7331636679189343,81.36 ± 0.7332,79.4877700805664,89.55026245117188,69.10126771736259,1,2,1,4,1:297; 4:1,1,0,0.0,model_dynamic,True,mckenzie2003,BDT,6.395343652507603,6.397843837738037,6.362997055053711,6.4677605628967285,9.41661262512207,7.958468491811698,4.469127516778524,2.9225252525252525,2.95,3.35,1,0.0,0.0,0,0.0,0.0,0,0.0,0.0,287,1831.51522397995,839.54,10,74.29718446731567,28.450000000000003,0,0.0,0.0,8.0,9.0,9.0,0.0124999999999999,0.0124999999999999,0.025,0.0141827392904324,BDT
dynamic,model_dynamic/summary_timeseries.csv,20,6.7,298,119200.0,1165.1456312885691,13.788649255330665,1165 ± 13.79,1139.210385799408,1208.2956438293068,2.122759914040453,2.0211869183330067,2.123 ± 2.021,0.0,10.594415823177746,0.3137402239612137,0.1598899794990312,0.3137 ± 0.1599,0.0313379838521811,0.9740616245748523,451.6946308724832,37.50038977020687,451.7 ± 37.5,0.0,458.0,84.76724942098528,0.8598303207593043,84.77 ± 0.8598,82.92324829101562,93.25067901611328,69.0852580298988,1,2,1,4,1:297; 4:1,1,0,0.0,model_dynamic,True,mckenzie2003,BDT,6.5755379219983245,6.608481407165527,6.4677605628967285,6.679284572601318,9.509393692016602,8.186003694707129,4.516946308724833,2.9731986531986534,3.01,3.37,1,0.0,0.0,0,0.0,0.0,0,0.0,0.0,287,1889.8810987472532,856.1800000000001,10,69.62920200824738,26.860000000000003,0,0.0,0.0,8.0,9.0,9.0,0.0125,0.0125000000000005,0.025,0.0144188967894944,BDT
dynamic,model_dynamic/summary_timeseries.csv,20,6.6,298,119200.0,1165.163956167377,13.786032567935138,1165 ± 13.79,1139.210385799408,1208.2801558921035,2.1300149500007235,2.026633241799883,2.13 ± 2.027,0.0,10.62909019515609,0.3134095103620014,0.1596683831675898,0.3134 ± 0.1597,0.0314953102308389,0.9725808404931424,451.5234899328859,31.63478331421201,451.5 ± 31.63,0.0,456.0,85.39925809514602,0.6585565154670919,85.4 ± 0.6586,83.6094970703125,93.79591369628906,69.06977009269553,1,2,1,4,1:297; 4:1,1,0,0.0,model_dynamic,True,mckenzie2003,BDT,6.563257052594383,6.573190689086914,6.502830028533936,6.608481407165527,9.41661262512207,8.170602866632482,4.515234899328861,2.9722222222222223,2.99,3.35,1,0.0,0.0,0,0.0,0.0,0,0.0,0.0,288,1887.43677854538,856.6,9,68.41382312774658,26.15,0,0.0,0.0,8.0,9.0,9.0,0.0124999999999999,0.0124999999999999,0.025,0.0146156848052736,BDT
dynamic,model_dynamic/summary_timeseries.csv,20,6.5,298,119200.0,1165.182312342601,13.783444040313585,1165 ± 13.78,1139.210385799408,1208.2647147645853,2.137312667052665,2.032141918642772,2.137 ± 2.032,0.0,10.663493604884488,0.3130777912080691,0.1594484570503777,0.3131 ± 0.1594,0.0316918691056131,0.9710624436651412,454.6174496644296,31.405573248703504,454.6 ± 31.41,0.0,459.0,83.84516228285412,0.6412863300402282,83.85 ± 0.6413,81.92765045166016,92.316162109375,69.05432896517732,1,2,1,4,1:297; 4:1,1,0,0.0,model_dynamic,True,mckenzie2003,BDT,6.679065120300191,6.679284572601318,6.679284572601318,6.679284572601318,9.509393692016602,8.31574588116459,4.546174496644296,3.004915824915824,3.01,3.37,1,0.0,0.0,0,0.0,0.0,0,0.0,0.0,288,1919.6737823486328,865.7399999999998,9,70.68762350082397,26.72,0,0.0,0.0,8.0,9.0,9.0,0.0124999999999999,0.0124999999999999,0.025,0.0141279999905187,BDT
dynamic,model_dynamic/summary_timeseries.csv,20,6.4,298,119200.0,1165.20014983996,13.781010738640752,1165 ± 13.78,1139.210385799408,1208.2486934468377,2.1436114527015,2.038126567056746,2.144 ± 2.038,0.0,10.696859822039055,0.3127599977849977,0.1592391364030337,0.3128 ± 0.1592,0.0319059573579568,0.9695927313992296,449.51006711409394,32.65728434516356,449.5 ± 32.66,0.0,454.0,85.79854312359086,0.6947744222513043,85.8 ± 0.6948,84.08052825927734,94.10441589355467,69.03830764742975,1,2,1,4,1:297; 4:1,1,0,0.0,model_dynamic,True,mckenzie2003,BDT,6.58692838281593,6.608481407165527,6.502830028533936,6.608481407165527,9.41661262512207,8.200668301868127,4.495100671140939,2.9788552188552195,2.99,3.35,1,0.0,0.0,0,0.0,0.0,0,0.0,0.0,288,1895.9530220031736,859.0400000000001,9,66.95163607597351,25.680000000000003,0,0.0,0.0,8.0,9.0,9.0,0.0125,0.0125000000000005,0.025,0.0147178315817025,BDT
dynamic,model_dynamic/summary_timeseries.csv,20,6.3,298,119200.0,1165.218502371918,13.778455981627229,1165 ± 13.78,1139.210385799408,1208.2331559513104,2.1508790111735125,2.043513290512278,2.151 ± 2.044,0.0,10.73036273583768,0.3124274240635029,0.1590242923966766,0.3124 ± 0.159,0.0321711536050567,0.96803878721583,454.6442953020134,30.69083194445856,454.6 ± 30.69,0.0,459.0,80.40096730993898,0.5993580795703076,80.4 ± 0.5994,78.07254028320312,88.40789794921875,69.02277015190248,1,2,1,4,1:297; 4:1,1,0,0.0,model_dynamic,True,mckenzie2003,BDT,6.659996765571953,6.679284572601318,6.679284572601318,6.679284572601318,9.509393692016602,8.295068585377615,4.546442953020135,3.002390572390572,3.01,3.37,1,0.0,0.0,0,0.0,0.0,0,0.0,0.0,290,1931.6991696357727,871.3599999999999,7,52.97986650466919,20.35,0,0.0,0.0,8.0,9.0,9.0,0.0124999999999999,0.0124999999999999,0.025,0.0149386988296337,BDT
dynamic,model_dynamic/summary_timeseries.csv,20,6.2,298,119200.0,1165.2350266322642,13.776496557406915,1165 ± 13.78,1139.210385799408,1208.216505162074,2.154958778836904,2.050345102645713,2.155 ± 2.05,0.0,10.761453595543514,0.3121381513251249,0.1588323484491737,0.3121 ± 0.1588,0.0324201200591561,0.9667233285240432,454.1073825503356,43.06622665597552,454.1 ± 43.07,0.0,460.0,83.29905910619954,0.8727243202378561,83.3 ± 0.8727,81.47076416015625,91.5849838256836,69.00611936266614,1,3,1,4,1:296; 3:1; 4:1,1,0,0.0,model_dynamic,True,mckenzie2003,BDT,6.60219132142679,6.679284572601318,6.608481407165527,6.679284572601318,9.509393692016602,8.225135334975498,4.541073825503356,2.9829292929292928,3.01,3.37,1,0.0,0.0,0,0.0,0.0,0,0.0,0.0,290,1927.470496177673,870.1699999999998,6,39.96513307094574,15.670000000000002,1,0.0173845365643501,0.09,8.0,9.0,9.0,0.0125,0.0125000000000005,0.025,0.0137318324457356,BDT
dynamic,model_dynamic/summary_timeseries.csv,20,6.1,298,119200.0,1165.2524669194393,13.774254693682858,1165 ± 13.77,1139.210385799408,1208.200634234386,2.160703725889241,2.056212072823162,2.161 ± 2.056,0.0,10.793057272695826,0.3118217641285902,0.1586273109822559,0.3118 ± 0.1586,0.0327274671008615,0.96528003132393,459.020134228188,34.08014041126857,459 ± 34.08,0.0,464.0,87.39971695970368,0.7087765287943987,87.4 ± 0.7088,85.62419891357422,95.6073989868164,68.99024843497796,1,2,1,4,1:297; 4:1,1,0,0.0,model_dynamic,True,mckenzie2003,BDT,6.581681401137538,6.608481407165527,6.573190689086914,6.750381946563721,9.60253620147705,8.19772546021401,4.59020134228188,2.9800000000000004,3.03,3.39,1,0.0,0.0,0,0.0,0.0,0,0.0,0.0,290,1913.7893376350405,866.3100000000001,7,47.55171990394592,18.75,0,0.0,0.0,8.0,9.0,9.0,0.0124999999999999,0.0124999999999999,0.025,0.0152809230503122,BDT
dynamic,model_dynamic/summary_timeseries.csv,20,6.0,298,119200.0,1165.2710294294516,13.77169677803562,1165 ± 13.77,1139.210385799408,1208.1854983480164,2.168500553593835,2.061198364031347,2.169 ± 2.061,0.0,10.825604504485211,0.3114743341178133,0.1584086302971506,0.3115 ± 0.1584,0.0327611026624049,0.9636539960353252,464.4697986577181,29.88289381757533,464.5 ± 29.88,0.0,468.0,87.13740954303101,0.5367849578789792,87.14 ± 0.5368,85.22209167480469,95.20303344726562,68.97511254860842,1,2,1,4,1:297; 4:1,1,0,0.0,model_dynamic,True,mckenzie2003,BDT,6.757256259854208,6.750381946563721,6.750381946563721,6.750381946563721,9.649242401123049,8.416253142499375,4.644697986577181,3.0293265993266,3.03,3.4,1,0.0,0.0,0,0.0,0.0,0,0.0,0.0,290,1955.304974079132,878.04,7,58.35739135742188,21.67,0,0.0,0.0,8.0,9.0,9.0,0.0124999999999999,0.0124999999999999,0.025,0.0151177749464118,BDT
dynamic,model_dynamic/summary_timeseries.csv,20,5.9,298,119200.0,1165.2892751030442,13.769182848706429,1165 ± 13.77,1139.210385799408,1208.169971246709,2.1757354923605683,2.0665489032914905,2.176 ± 2.067,0.0,10.85764818482606,0.3111333102783621,0.1581938498172111,0.3111 ± 0.1582,0.0323164277663717,0.9620129889663284,459.4530201342282,30.10885409486112,459.5 ± 30.11,0.0,463.0,88.40055434975848,0.5663218636997853,88.4 ± 0.5663,86.51313018798828,96.59613800048828,68.95958544730138,1,2,1,4,1:297; 4:1,1,0,0.0,model_dynamic,True,mckenzie2003,BDT,6.643387098440388,6.679284572601318,6.573190689086914,6.750381946563721,9.509393692016602,8.2753546967284,4.594530201342282,2.9988215488215486,3.03,3.37,1,0.0,0.0,0,0.0,0.0,0,0.0,0.0,291,1933.30202293396,872.95,6,46.42733240127564,17.7,0,0.0,0.0,8.0,9.0,9.0,0.0125,0.0125000000000005,0.025,0.0163559047888554,BDT
dynamic,model_dynamic/summary_timeseries.csv,20,5.8,298,119200.0,1165.3079042162503,13.766536603099953,1165 ± 13.77,1139.210385799408,1208.1546842717212,2.183612700490112,2.0714987203956343,2.184 ± 2.071,0.0095595876879979,10.889510088616364,0.3107814380827371,0.1579726807673395,0.3108 ± 0.158,0.0318798402940388,0.9603146913509544,461.9161073825503,22.296123499446328,461.9 ± 22.3,136.0,465.0,85.89357486187211,0.5205740542112594,85.89 ± 0.5206,83.4336166381836,93.81635284423828,68.94429847231322,1,1,1,1,1:298,0,0,0.0,model_dynamic,True,mckenzie2003,BDT,6.609661450322043,6.608481407165527,6.573190689086914,6.750381946563721,9.60253620147705,8.233933945066122,4.619161073825502,2.982214765100671,3.03,3.39,0,0.0,0.0,0,0.0,0.0,0,0.0,0.0,292,1929.051290512085,872.87,6,40.62782168388367,15.830000000000002,0,0.0,0.0,8.0,9.0,9.0,0.0124999999999999,0.0124999999999999,0.025,0.0168008309942273,BDT
dynamic,model_dynamic/summary_timeseries.csv,20,5.7,298,119200.0,1165.3256683895324,13.764171516780795,1165 ± 13.76,1139.210385799408,1208.138363112159,2.189867287599105,2.0771884027041017,2.19 ± 2.077,0.0193193890019492,10.920117374043668,0.3104556939235033,0.157764662386026,0.3105 ± 0.1578,0.0314314457181889,0.9587014019452372,467.1140939597315,21.085326874724764,467.1 ± 21.09,226.0,470.0,87.5923573282741,0.5026112701415699,87.59 ± 0.5026,85.79470825195312,93.78067016601562,68.92797731275095,1,1,1,1,1:298,0,0,0.0,model_dynamic,True,mckenzie2003,BDT,6.763830228939953,6.786040782928467,6.786040782928467,6.786040782928467,9.649242401123049,8.428383696179443,4.671140939597316,3.026744966442952,3.04,3.4,0,0.0,0.0,0,0.0,0.0,0,0.0,0.0,292,1977.9036226272583,886.6399999999998,6,37.717785596847534,15.33,0,0.0,0.0,8.0,9.0,9.0,0.0125,0.0125000000000005,0.025,0.0167537936335903,BDT
dynamic,model_dynamic/summary_timeseries.csv,20,5.6,298,119200.0,1165.3438831718202,13.76162865215008,1165 ± 13.76,1139.210385799408,1208.1223449536983,2.196967129624986,2.082379411755456,2.197 ± 2.082,0.0288564315192537,10.950854509451064,0.3101162273372567,0.1575498248312032,0.3101 ± 0.1575,0.0309933614524661,0.9570019064695298,466.7181208053692,16.093302011178125,466.7 ± 16.09,291.0,469.0,88.57302160071046,0.3170563000256091,88.57 ± 0.3171,86.75346374511719,92.5775909423828,68.91195915429034,1,1,1,1,1:298,0,0,0.0,model_dynamic,True,mckenzie2003,BDT,6.767708824784964,6.786040782928467,6.679284572601318,6.786040782928467,9.649242401123049,8.432090757738372,4.667181208053692,3.027953020134228,3.04,3.4,0,0.0,0.0,0,0.0,0.0,0,0.0,0.0,292,1973.4621243476868,885.3999999999999,6,43.31510543823242,16.93,0,0.0,0.0,8.0,9.0,9.0,0.0124999999999999,0.0124999999999999,0.025,0.0169198252786359,BDT
dynamic,model_dynamic/summary_timeseries.csv,20,5.5,298,119200.0,1165.3623194630327,13.75901915468735,1165 ± 13.76,1139.210385799408,1208.1064356075324,2.2044207445135378,2.0874627675085105,2.204 ± 2.087,0.031588485558918,10.981441715246346,0.309769952403545,0.1573312252734991,0.3098 ± 0.1573,0.0305621945326557,0.9552498263173,464.9731543624161,14.6969139383662,465 ± 14.7,304.0,467.0,89.80002143399027,0.2838010526533861,89.8 ± 0.2838,87.4461898803711,93.07674407958984,68.89604980812442,1,1,1,1,1:298,0,0,0.0,model_dynamic,True,mckenzie2003,BDT,6.69601037838315,6.750381946563721,6.4677605628967285,6.750381946563721,9.649242401123049,8.343358023899977,4.649731543624163,3.009060402684564,3.03,3.4,0,0.0,0.0,0,0.0,0.0,0,0.0,0.0,293,1959.8600769042969,882.6800000000001,5,35.55101585388184,14.02,0,0.0,0.0,8.0,9.0,9.0,0.0124999999999999,0.0124999999999999,0.025,0.0167745216597194,BDT
dynamic,model_dynamic/summary_timeseries.csv,20,5.4,298,119200.0,1165.3811384927587,13.756244974428096,1165 ± 13.76,1139.210385799408,1208.0905864868016,2.2124844167087936,2.092249429217144,2.212 ± 2.092,0.0356552681704393,11.011474021225622,0.3094131218025133,0.1571084055966966,0.3094 ± 0.1571,0.0303109011618385,0.9534367973185158,467.3154362416107,12.80760431015098,467.3 ± 12.81,324.0,470.0,91.28641341036598,0.2032634383607477,91.29 ± 0.2033,89.49960327148438,93.37467956542967,68.88020068739365,1,1,1,1,1:298,0,0,0.0,model_dynamic,True,mckenzie2003,BDT,6.625731815427741,6.608481407165527,6.573190689086914,6.750381946563721,9.649242401123049,8.254422851136837,4.673154362416108,2.9889597315436243,3.03,3.4,0,0.0,0.0,0,0.0,0.0,0,0.0,0.0,293,1936.2066416740415,876.0300000000001,5,38.26143932342529,14.68,0,0.0,0.0,8.0,9.0,9.0,0.0125,0.0125000000000005,0.025,0.0166670308277716,BDT
dynamic,model_dynamic/summary_timeseries.csv,20,5.3,298,119200.0,1165.4003126784896,13.75341703376227,1165 ± 13.75,1139.210385799408,1208.074864245985,2.221171416797908,2.096758508496164,2.221 ± 2.097,0.0396097414443721,11.0414092862007,0.3090453933778778,0.1568815783484466,0.309 ± 0.1569,0.0299778630766588,0.951554881638146,469.5671140939597,10.917192542674522,469.6 ± 10.92,344.0,471.0,87.06311263014007,0.1898531318176549,87.06 ± 0.1899,85.13967895507812,88.13796997070312,68.8644784465771,1,1,1,1,1:298,0,0,0.0,model_dynamic,True,mckenzie2003,BDT,6.705617834257599,6.679284572601318,6.608481407165527,6.750381946563721,9.649242401123049,8.356166280571182,4.695671140939597,3.012684563758389,3.03,3.4,0,0.0,0.0,0,0.0,0.0,0,0.0,0.0,294,1967.1330919265747,885.8799999999999,4,31.14102268218994,11.9,0,0.0,0.0,8.0,9.0,9.0,0.0124999999999999,0.0124999999999999,0.025,0.0176013085943828,BDT
dynamic,model_dynamic/summary_timeseries.csv,20,5.2,298,119200.0,1165.4182101004783,13.75090702435264,1165 ± 13.75,1139.210385799408,1208.0578601375526,2.227369166420125,2.102405200750197,2.227 ± 2.102,0.0332616762425054,11.069567194380472,0.3087064745852653,0.1566675288612914,0.3087 ± 0.1567,0.0295375719970612,0.94981870549402,466.2953020134228,13.93344841165788,466.3 ± 13.93,315.0,468.0,87.7801757658888,0.2117146254998779,87.78 ± 0.2117,85.91700744628906,90.40695190429688,68.8474743381446,1,1,1,1,1:298,0,0,0.0,model_dynamic,True,mckenzie2003,BDT,6.715230748157373,6.750381946563721,6.679284572601318,6.750381946563721,9.649242401123049,8.36913778592516,4.662953020134228,3.0158724832214765,3.03,3.4,0,0.0,0.0,0,0.0,0.0,0,0.0,0.0,294,1974.280128955841,887.9,4,26.858633995056152,10.83,0,0.0,0.0,8.0,9.0,9.0,0.0125,0.0125000000000005,0.025,0.0174307666996261,BDT
dynamic,model_dynamic/summary_timeseries.csv,20,5.1,298,119200.0,1165.4362771631309,13.748379018882426,1165 ± 13.75,1139.210385799408,1208.0409658995932,2.233905550715107,2.1078264841227776,2.234 ± 2.108,0.0267420488804329,11.09752968683172,0.3083663057126222,0.1564556652287739,0.3084 ± 0.1565,0.0291031257389372,0.9480432154751396,464.2013422818792,15.26542782855703,464.2 ± 15.27,279.0,466.0,88.72211141394288,0.2940316000692669,88.72 ± 0.294,86.83203125,93.0556640625,68.83058010018522,1,1,1,1,1:298,0,0,0.0,model_dynamic,True,mckenzie2003,BDT,6.699495380356808,6.679284572601318,6.66866409778595,6.750381946563721,9.278119087219238,8.34966309650411,4.642013422818793,3.0115100671140933,3.03,3.32,0,0.0,0.0,0,0.0,0.0,0,0.0,0.0,294,1971.098464012146,887.01,4,25.35115933418274,10.42,0,0.0,0.0,8.0,9.0,9.0,0.0124999999999999,0.0124999999999999,0.025,0.0165536940841814,BDT
dynamic,model_dynamic/summary_timeseries.csv,20,5.0,298,119200.0,1165.4545209468447,13.745453441682985,1165 ± 13.75,1139.210385799408,1208.0243647061798,2.2408063327386545,2.112879874715911,2.241 ± 2.113,0.0313567998790547,11.125404093255364,0.3080038912669251,0.1562323453639476,0.308 ± 0.1562,0.0286757647996296,0.9462299611263602,470.59060402684565,13.731614149543018,470.6 ± 13.73,309.0,473.0,92.98557773052444,0.2213852160428044,92.99 ± 0.2214,91.14645385742188,96.16805267333984,68.81397890677181,1,1,1,1,1:298,0,0,0.0,model_dynamic,True,mckenzie2003,BDT,6.703962985301178,6.679284572601318,6.608481407165527,6.786040782928467,9.509393692016602,8.354885551531266,4.705906040268457,3.012684563758389,3.04,3.37,0,0.0,0.0,0,0.0,0.0,0,0.0,0.0,294,1970.5266599655151,886.8499999999999,4,27.25430965423584,10.93,0,0.0,0.0,8.0,9.0,9.0,0.0124999999999999,0.0124999999999999,0.025,0.015964587154355,BDT
dynamic,model_dynamic/summary_timeseries.csv,20,4.9,298,119200.0,1165.4741985676508,13.741986489917442,1165 ± 13.74,1139.210385799408,1208.0086859822293,2.2501752083573736,2.1167448730087037,2.25 ± 2.117,0.0560864485351896,11.154125624091748,0.3076036854840325,0.1559907306002997,0.3076 ± 0.156,0.0282725154756701,0.944242411634277,476.06040268456377,6.872987869475148,476.1 ± 6.873,400.0,477.0,87.26598578331455,0.2230707770965714,87.27 ± 0.2231,85.09746551513672,87.44744873046875,68.79830018282132,1,1,1,1,1:298,0,0,0.0,model_dynamic,True,mckenzie2003,BDT,6.874789428390913,6.857578277587891,6.786040782928467,6.857578277587891,9.742925643920898,8.567848243532545,4.760604026845638,3.059362416107382,3.06,3.42,0,0.0,0.0,0,0.0,0.0,0,0.0,0.0,294,2012.4215149879456,898.5999999999999,4,36.26573467254639,13.09,0,0.0,0.0,8.0,9.0,9.0,0.0125,0.0125000000000005,0.025,0.0179045069978343,BDT
dynamic,model_dynamic/summary_timeseries.csv,20,4.8,298,119200.0,1165.4920243102451,13.73901441083414,1165 ± 13.74,1139.210385799408,1207.991156737076,2.2560473954121467,2.122377232663671,2.256 ± 2.122,0.0376606106023235,11.180838952909006,0.3072454968658964,0.1557716703724646,0.3072 ± 0.1558,0.0278415169912924,0.9424443782921248,485.020134228188,15.3755972432296,485 ± 15.38,343.0,508.0,89.78275373318051,0.8828682053194142,89.78 ± 0.8829,87.6519546508789,91.78467559814452,68.78077093766797,1,1,1,1,1:298,0,0,0.0,model_dynamic,True,mckenzie2003,BDT,6.98648676136196,6.786040782928467,6.750381946563721,7.895328044891357,9.789901733398438,8.641166223607563,4.850201342281879,3.0378187919463087,3.06,3.43,0,0.0,0.0,47,371.0804181098938,141.46999999999997,0,0.0,0.0,247,1680.3110070228577,752.04,4,30.581629753112797,11.76,0,0.0,0.0,8.0,9.0,9.0,0.0124999999999999,0.0124999999999999,0.025,0.0173865906340258,BDT
dynamic,model_dynamic/summary_timeseries.csv,20,4.7,298,119200.0,1165.5106005401267,13.735676679773835,1166 ± 13.74,1139.210385799408,1207.9742770352505,2.263248775266761,2.12727213197842,2.263 ± 2.127,0.0435163387026821,11.207722642729102,0.3068665379978497,0.1555429692859155,0.3069 ± 0.1555,0.0274357101243341,0.9405648149226516,499.0671140939597,18.124352126178028,499.1 ± 18.12,368.0,513.0,92.000747962286,1.2350530021538058,92 ± 1.235,88.99784851074219,93.1890640258789,68.7638912358425,1,1,1,1,1:298,0,0,0.0,model_dynamic,True,mckenzie2003,BDT,7.379457401749272,7.895328044891357,6.786040782928467,7.895328044891357,9.88412380218506,8.979679914096709,4.990671140939598,3.0255033557046973,3.07,3.45,0,0.0,0.0,154,1215.880518913269,463.5399999999999,0,0.0,0.0,140,951.9465498924257,426.13,4,31.25123691558838,11.93,0,0.0,0.0,8.0,9.0,9.0,0.0125,0.0125000000000005,0.025,0.0170548754382873,BDT
dynamic,model_dynamic/summary_timeseries.csv,20,4.6,298,119200.0,1165.5298126973782,13.732183931443297,1166 ± 13.73,1139.210385799408,1207.9575188516037,2.271565487906108,2.1315784170212613,2.272 ± 2.132,0.0483654428784873,11.23458061518282,0.3064696851279188,0.1553040381546741,0.3065 ± 0.1553,0.0270379125006314,0.938490134690332,484.3691275167785,11.289865380623391,484.4 ± 11.29,380.0,507.0,89.98656801569382,0.6131872361829875,89.99 ± 0.6132,87.7242431640625,92.14892578125,68.74713305219552,1,1,1,1,1:298,0,0,0.0,model_dynamic,True,mckenzie2003,BDT,6.929035786814338,6.857578277587891,6.679284572601318,7.895328044891357,9.88412380218506,8.607589832293767,4.843691275167785,3.052181208053691,3.07,3.45,0,0.0,0.0,20,157.90656089782715,60.19999999999999,0,0.0,0.0,274,1873.56871509552,836.92,4,33.37738847732544,12.43,0,0.0,0.0,8.0,9.0,9.0,0.0124999999999999,0.0124999999999999,0.025,0.0172793758931672,BDT
dynamic,model_dynamic/summary_timeseries.csv,20,4.5,298,119200.0,1165.548403795101,13.729173417705791,1166 ± 13.73,1139.210385799408,1207.9404189852658,2.278635640154094,2.136517300334988,2.279 ± 2.137,0.0449100394124439,11.260760680227513,0.3060977969227376,0.155083768476628,0.3061 ± 0.1551,0.0266395926216795,0.9365723345073196,496.09060402684565,15.552094065960825,496.1 ± 15.55,373.0,507.0,90.24666628741578,1.1285698090976046,90.25 ± 1.129,87.15789794921875,91.28436279296876,68.73003318585779,1,1,1,1,1:298,0,0,0.0,model_dynamic,True,mckenzie2003,BDT,7.43687115739656,7.895328044891357,6.857578277587891,7.895328044891357,9.88412380218506,9.042857781601384,4.960906040268456,3.0344966442953014,3.07,3.45,0,0.0,0.0,160,1263.2524871826172,481.5999999999999,0,0.0,0.0,134,920.2126278877258,410.4,4,32.72248983383179,12.28,0,0.0,0.0,8.0,9.0,9.0,0.0124999999999999,0.0124999999999999,0.025,0.0173305285420134,BDT
dynamic,model_dynamic/summary_timeseries.csv,20,4.4,298,119200.0,1165.5670142681504,13.72624256455869,1166 ± 13.73,1139.210385799408,1207.923121835579,2.285786298986232,2.1415966986142174,2.286 ± 2.142,0.0425143140477424,11.287381739781518,0.3057239637523152,0.154864290728132,0.3057 ± 0.1549,0.0262272294505507,0.934514505064071,482.7080536912752,10.995972519432918,482.7 ± 11,364.0,484.0,90.05225781946375,0.144229216344636,90.05 ± 0.1442,88.33274841308594,90.37774658203124,68.71273603617101,1,1,1,1,1:298,0,0,0.0,model_dynamic,True,mckenzie2003,BDT,6.904141059657872,6.893456935882568,6.888075137138367,6.893456935882568,9.742925643920898,8.60571948553791,4.827080536912752,3.0683221476510063,3.07,3.42,0,0.0,0.0,0,0.0,0.0,0,0.0,0.0,294,2025.8170104026797,902.34,4,31.61702537536621,12.02,0,0.0,0.0,8.0,9.0,9.0,0.0125,0.0125000000000005,0.025,0.0170245997998391,BDT
dynamic,model_dynamic/summary_timeseries.csv,20,4.3,298,119200.0,1165.5855048843327,13.72326910340519,1166 ± 13.72,1139.210385799408,1207.9061449160392,2.29269699051284,2.146504751486312,2.293 ± 2.147,0.0374810383520343,11.312809569012746,0.3053571770963549,0.1546488738902807,0.3054 ± 0.1546,0.0258253008077249,0.9325691305358246,505.8489932885906,14.094385180539255,505.8 ± 14.09,348.0,508.0,92.42243826949355,0.3665426366637412,92.42 ± 0.3665,88.59864807128906,92.49222564697266,68.69575911663128,2,2,1,2,1:9; 2:289,0,0,0.0,model_dynamic,True,mckenzie2003,BDT,7.889298621440094,7.895328044891357,7.895328044891357,7.895328044891357,9.88412380218506,9.418901638451226,5.058489932885905,3.009429530201342,3.01,3.45,0,0.0,0.0,293,2313.331117153168,881.9299999999998,0,0.0,0.0,1,6.965433120727539,3.09,4,30.71443891525269,11.79,0,0.0,0.0,8.0,9.0,9.0,0.0124999999999999,0.0124999999999999,0.025,0.0163096406303471,BDT
dynamic,model_dynamic/summary_timeseries.csv,20,4.2,298,119200.0,1165.6046436646936,13.719968738201317,1166 ± 13.72,1139.210385799408,1207.8879533724964,2.300752870826182,2.1510554795943504,2.301 ± 2.151,0.0471523555011736,11.338879118882586,0.3049624951928817,0.1544192786066094,0.305 ± 0.1544,0.0254405968363281,0.9304548388044798,487.8322147651007,10.955923092077342,487.8 ± 10.96,381.0,508.0,87.80835859567527,0.5100624673016083,87.81 ± 0.5101,85.79307556152344,89.87338256835938,68.67756757308848,1,2,1,2,1:286; 2:12,0,0,0.0,model_dynamic,True,mckenzie2003,BDT,6.974637340379242,6.893456935882568,6.857578277587891,7.895328044891357,9.789901733398438,8.672283044376043,4.878322147651008,3.0706711409395973,3.09,3.43,0,0.0,0.0,15,118.42992067337036,45.149999999999984,0,0.0,0.0,279,1926.994155406952,857.56,4,33.01785135269165,12.35,0,0.0,0.0,8.0,9.0,9.0,0.0125,0.0125000000000005,0.025,0.0174176743102747,BDT
dynamic,model_dynamic/summary_timeseries.csv,20,4.1,298,119200.0,1165.6224006636107,13.717286122660598,1166 ± 13.72,1139.210385799408,1207.869400499571,2.3062608166293197,2.1565543482345064,2.306 ± 2.157,0.030690685008117,11.362876242034265,0.3046170990953471,0.1542182723795295,0.3046 ± 0.1542,0.0250400977472783,0.928590951199238,486.3187919463088,14.904698908307996,486.3 ± 14.9,314.0,488.0,87.60216632305375,0.2340988269116436,87.6 ± 0.2341,85.87155151367188,90.90262603759766,68.65901470016297,2,2,1,2,1:7; 2:291,0,0,0.0,model_dynamic,True,mckenzie2003,BDT,6.907978979533151,6.893456935882568,6.857578277587891,6.965433120727539,9.742925643920898,8.611449934715438,4.863187919463087,3.069731543624161,3.09,3.42,0,0.0,0.0,0,0.0,0.0,0,0.0,0.0,294,2031.306296348572,903.86,4,27.27143955230713,10.920000000000002,0,0.0,0.0,8.0,9.0,9.0,0.0124999999999999,0.0124999999999999,0.025,0.0163642151905112,BDT
dynamic,model_dynamic/summary_timeseries.csv,20,4.0,298,119200.0,1165.6401738460336,13.71450791601379,1166 ± 13.71,1139.210385799408,1207.8522000876612,2.3117689772848817,2.161881420743544,2.312 ± 2.162,0.0375613073196168,11.386431684515417,0.3042717864654063,0.1540196632581202,0.3043 ± 0.154,0.0246463561098037,0.9267360281968928,494.0738255033557,13.280451374905477,494.1 ± 13.28,352.0,516.0,88.69182612271916,0.1932686013944877,88.69 ± 0.1933,86.91419219970703,90.87972259521484,68.64181428825327,1,1,1,1,1:298,0,0,0.0,model_dynamic,True,mckenzie2003,BDT,6.998754357331551,7.001530647277832,6.965433120727539,7.001530647277832,10.026128768920898,8.723744980123342,4.9407382550335575,3.093657718120806,3.1,3.48,0,0.0,0.0,1,7.895328044891357,3.01,0,0.0,0.0,293,2048.436849117279,907.46,4,29.29662132263184,11.44,0,0.0,0.0,8.0,9.0,9.0,0.0125,0.0125000000000001,0.025,0.0167823365067674,BDT
dynamic,model_dynamic/summary_timeseries.csv,20,3.9,298,119200.0,1165.658119067078,13.711754978619826,1166 ± 13.71,1139.210385799408,1207.8361545471118,2.31767378176092,2.1670350557605342,2.318 ± 2.167,0.033632595960392,11.409895389872664,0.3039231154519267,0.1538226974964494,0.3039 ± 0.1538,0.0242647360195724,0.9248357442312378,504.4563758389262,17.164612895685856,504.5 ± 17.16,335.0,516.0,86.87144298681477,1.0658578582770248,86.87 ± 1.066,84.13998413085938,88.49845886230469,68.62576874770389,2,2,1,2,1:8; 2:290,0,0,0.0,model_dynamic,True,mckenzie2003,BDT,7.382253362028391,7.001530647277832,6.893456935882568,7.895328044891357,10.026128768920898,9.014127681691535,5.044563758389263,3.0503355704697985,3.1,3.48,0,0.0,0.0,133,1050.0786299705503,400.3299999999999,0,0.0,0.0,161,1120.504294872284,497.23,4,29.328577041625977,11.44,0,0.0,0.0,8.0,9.0,9.0,0.0125,0.0125000000000001,0.025,0.0166834303714861,BDT
dynamic,model_dynamic/summary_timeseries.csv,20,3.8,298,119200.0,1165.6754425887398,13.709117274098794,1166 ± 13.71,1139.210385799408,1207.8185118981771,2.322533960360479,2.1726139074412494,2.323 ± 2.173,0.0239510363102563,11.432850475448468,0.3035907864177816,0.1536352851295263,0.3036 ± 0.1536,0.0238729041299827,0.9230500006141806,499.2919463087249,21.650022914191958,499.3 ± 21.65,273.0,513.0,88.22581576660976,1.0872099541821827,88.23 ± 1.087,85.61067962646484,92.40505981445312,68.60812609876939,2,2,1,2,1:9; 2:289,0,0,0.0,model_dynamic,True,mckenzie2003,BDT,7.31111987645194,6.965433120727539,6.893456935882568,7.9818525314331055,10.026128768920898,8.948536374639437,4.992919463087249,3.0484563758389265,3.09,3.48,0,0.0,0.0,116,925.635320186615,351.42,0,0.0,0.0,178,1229.3654098510742,547.0999999999999,4,23.712993144989014,9.92,0,0.0,0.0,8.0,9.0,9.0,0.0124999999999999,0.0124999999999999,0.025,0.015909820612565,BDT
dynamic,model_dynamic/summary_timeseries.csv,20,3.7,298,119200.0,1165.69325677987,13.706525314746242,1166 ± 13.71,1139.210385799408,1207.801219803638,2.328234839853939,2.177843553648521,2.328 ± 2.178,0.0309214713195586,11.456769327444722,0.3032501713135433,0.1534465124216805,0.3033 ± 0.1534,0.0234984095136519,0.9211841797273544,506.2953020134228,18.828617144296764,506.3 ± 18.83,319.0,515.0,89.76505448514183,1.0402465508967311,89.77 ± 1.04,86.64788055419922,91.82280731201172,68.59083400423015,2,2,1,2,1:10; 2:288,0,0,0.0,model_dynamic,True,mckenzie2003,BDT,7.575371369419482,7.895328044891357,6.9546366930007935,7.9818525314331055,9.88412380218506,9.180738985825236,5.062953020134227,3.044295302013423,3.1,3.45,0,0.0,0.0,184,1465.026837348938,556.6800000000001,0,0.0,0.0,110,765.1170520782471,339.59000000000015,4,27.31677865982056,10.93,0,0.0,0.0,8.0,9.0,9.0,0.0125,0.0125000000000001,0.025,0.0159500721683664,BDT
dynamic,model_dynamic/summary_timeseries.csv,20,3.6,298,119200.0,1165.7115524911706,13.703738662514992,1166 ± 13.7,1139.210385799408,1207.7845472707425,2.33470223527061,2.182921507392702,2.335 ± 2.183,0.0414572436783824,11.479899011225006,0.3028878784857183,0.1532498263571906,0.3029 ± 0.1532,0.0231353007134912,0.919150652887354,514.8892617449665,14.28865246928014,514.9 ± 14.29,369.0,517.0,90.3744042415747,0.4890349785824956,90.37 ± 0.489,86.53275299072266,90.4745101928711,68.57416147133449,2,2,1,2,1:17; 2:281,0,0,0.0,model_dynamic,True,mckenzie2003,BDT,7.952208518981934,7.9818525314331055,7.9818525314331055,7.9818525314331055,10.026128768920898,9.5029884751899,5.148892617449666,3.0309395973154367,3.03,3.48,0,0.0,0.0,286,2282.7232995033264,866.5600000000002,0,0.0,0.0,8,55.72346496582031,24.72,4,31.31137418746948,11.94,0,0.0,0.0,8.0,9.0,9.0,0.0125,0.0125000000000001,0.025,0.0167890441804475,BDT
dynamic,model_dynamic/summary_timeseries.csv,20,3.5,298,119200.0,1165.7298850093628,13.700778374542251,1166 ± 13.7,1139.210385799408,1207.7677090993095,2.3412533733847587,2.1880016260375448,2.341 ± 2.188,0.0341907246953143,11.502622708851428,0.302520536556455,0.1530533287310591,0.3025 ± 0.1531,0.0227842234075194,0.9171154856605724,504.76174496644296,17.00612640227414,504.8 ± 17.01,338.0,520.0,89.81801300560868,0.9868007972893788,89.82 ± 0.9868,87.38902282714844,91.61383056640624,68.55732329990178,2,2,1,2,1:8; 2:290,0,0,0.0,model_dynamic,True,mckenzie2003,BDT,7.292597569075207,7.001530647277832,6.965433120727539,7.9818525314331055,9.93136978149414,8.962574475882295,5.047617449664428,3.073154362416108,3.12,3.46,0,0.0,0.0,90,717.6745319366455,272.54,0,0.0,0.0,204,1426.8812942504885,631.99,4,28.638249397277832,11.27,0,0.0,0.0,8.0,9.0,9.0,0.0125,0.0125000000000001,0.025,0.0158622458980518,BDT
dynamic,model_dynamic/summary_timeseries.csv,20,3.4,298,119200.0,1165.748295764315,13.69810898955109,1166 ± 13.7,1139.210385799408,1207.7511001054015,2.3477918889603604,2.19283295125824,2.348 ± 2.193,0.0441046719097134,11.52515824149159,0.3021622306801632,0.1528581976495709,0.3022 ± 0.1529,0.0224356979930156,0.915102120230566,504.7986577181208,14.678651742930128,504.8 ± 14.68,381.0,521.0,87.04542925533832,0.9860716908262444,87.05 ± 0.9861,84.74920654296875,88.6963119506836,68.54071430599379,2,2,1,2,1:9; 2:289,0,0,0.0,model_dynamic,True,mckenzie2003,BDT,7.240809069383864,7.001530647277832,6.965433120727539,8.02525520324707,10.07364273071289,8.91622123150734,5.047986577181208,3.0736577181208053,3.1,3.49,0,0.0,0.0,77,611.318365573883,232.5499999999999,0,0.0,0.0,217,1513.5215792655945,671.0800000000002,4,32.92115783691406,12.32,0,0.0,0.0,8.0,9.0,9.0,0.0125,0.0125000000000001,0.025,0.0170888233118527,BDT
dynamic,model_dynamic/summary_timeseries.csv,20,3.3,298,119200.0,1165.7658402838092,13.695606587838505,1166 ± 13.7,1139.210385799408,1207.7337497555077,2.3527189302884235,2.198316551154383,2.353 ± 2.198,0.0295591420182895,11.545857353559835,0.3018244800251848,0.1526749863360444,0.3018 ± 0.1527,0.0220972382506997,0.9131853067235226,514.993288590604,18.27731811950396,515 ± 18.28,315.0,517.0,90.22905444458829,0.2373954204992645,90.23 ± 0.2374,86.47045135498047,91.73664855957033,68.5233639560995,2,2,1,2,1:5; 2:293,0,0,0.0,model_dynamic,True,mckenzie2003,BDT,7.963072773594185,7.9818525314331055,7.9818525314331055,7.9818525314331055,10.168938636779783,9.50589429348227,5.149932885906042,3.02510067114094,3.03,3.51,0,0.0,0.0,294,2346.5781197547917,890.8000000000002,0,0.0,0.0,0,0.0,0.0,4,26.417566776275635,10.68,0,0.0,0.0,8.0,9.0,9.0,0.0124999999999999,0.0124999999999999,0.025,0.0157119074315888,BDT
dynamic,model_dynamic/summary_timeseries.csv,20,3.2,298,119200.0,1165.7843742741525,13.692663338901715,1166 ± 13.69,1139.210385799408,1207.7170099924356,2.3593748849236595,2.2030073945985187,2.359 ± 2.203,0.0409933056757901,11.56741021148446,0.3014511371052104,0.1524748742412412,0.3015 ± 0.1525,0.0217636186874372,0.9110506884458124,521.5604026845638,14.221098414197884,521.6 ± 14.22,374.0,524.0,90.00332713287149,0.3359685386423224,90 ± 0.336,86.21992492675781,90.07611846923828,68.50662419302762,2,2,1,2,1:6; 2:292,0,0,0.0,model_dynamic,True,mckenzie2003,BDT,8.015317083205153,8.02525520324707,8.02525520324707,8.02525520324707,10.168938636779783,9.569368942501484,5.215604026845639,3.0382885906040262,3.04,3.51,0,0.0,0.0,293,2351.3563718795776,890.7099999999998,0,0.0,0.0,1,5.615318298339844,2.7,4,31.592800617218018,12.0,0,0.0,0.0,8.0,9.0,9.0,0.0125,0.0125000000000001,0.025,0.0165835914591156,BDT
dynamic,model_dynamic/summary_timeseries.csv,20,3.1,298,119200.0,1165.8028039159922,13.689811308502115,1166 ± 13.69,1139.210385799408,1207.7002147946896,2.365783336216128,2.2078387309131267,2.366 ± 2.208,0.0347548970608244,11.588570444539087,0.3010801257692279,0.1522782096231361,0.3011 ± 0.1523,0.0214342417202303,0.9089154695597932,506.76510067114094,16.514134381972266,506.8 ± 16.51,344.0,524.0,89.79689100124692,0.8563101439677542,89.8 ± 0.8563,87.65711975097656,91.74388122558594,68.48982899528164,2,2,1,2,1:8; 2:290,0,0,0.0,model_dynamic,True,mckenzie2003,BDT,7.160005398244666,7.073944091796875,6.893456935882568,8.02525520324707,10.168938636779783,8.8484867737103,5.067651006711409,3.0774161073825503,3.12,3.51,0,0.0,0.0,54,431.3280682563782,163.68999999999994,0,0.0,0.0,240,1673.1779465675354,741.9799999999999,4,29.175593852996823,11.4,0,0.0,0.0,8.0,9.0,9.0,0.0125,0.0125000000000001,0.025,0.0155893287689352,BDT
dynamic,model_dynamic/summary_timeseries.csv,20,3.0,298,119200.0,1165.8213289631385,13.68711736346582,1166 ± 13.69,1139.210385799408,1207.684849761106,2.372308799235069,2.2123077465652345,2.372 ± 2.212,0.0457374827739712,11.608926643640478,0.3007199910633112,0.1520860386473958,0.3007 ± 0.1521,0.0211080268478786,0.9067456981727527,526.751677852349,12.406647947459218,526.8 ± 12.41,390.0,528.0,90.95817755372732,0.3507543755047571,90.96 ± 0.3508,86.81735229492188,90.99468994140624,68.47446396169812,2,2,1,2,1:9; 2:289,0,0,0.0,model_dynamic,True,mckenzie2003,BDT,8.054901447872188,8.02525520324707,7.9818525314331055,8.112340927124023,8.508831977844238,9.615731893320213,5.26751677852349,3.0467785234899325,3.06,3.15,0,0.0,0.0,295,2377.038688659668,899.0,0,0.0,0.0,0,0.0,0.0,3,23.321942806243896,8.94,0,0.0,0.0,8.0,9.0,9.0,0.0125,0.0125000000000001,0.025,0.016421083538684,BDT
dynamic,model_dynamic/summary_timeseries.csv,20,2.9,298,119200.0,1165.8400200297986,13.684195903883916,1166 ± 13.68,1139.210385799408,1207.6683074524572,2.3791086757256625,2.216855099377573,2.379 ± 2.217,0.0434790264741339,11.629603749883149,0.3003423409488335,0.151888188055516,0.3003 ± 0.1519,0.0207933003287317,0.9045641689664218,529.3120805369127,12.900233662894337,529.3 ± 12.9,384.0,531.0,93.17092375787313,0.3325561743869734,93.17 ± 0.3326,88.82003021240234,93.22184753417967,68.4579216530492,2,2,1,2,1:9; 2:289,0,0,0.0,model_dynamic,True,mckenzie2003,BDT,7.975274676444546,7.9818525314331055,7.895328044891357,8.02525520324707,8.464406967163086,9.520481890301935,5.293120805369128,3.028422818791946,3.04,3.14,0,0.0,0.0,295,2354.019043445587,893.6999999999999,0,0.0,0.0,0,0.0,0.0,3,22.61281013488769,8.770000000000001,0,0.0,0.0,8.0,9.0,9.0,0.0125,0.0125000000000001,0.025,0.0159902928650083,BDT
dynamic,model_dynamic/summary_timeseries.csv,20,2.8,298,119200.0,1165.8593929612975,13.681064042744392,1166 ± 13.68,1139.210385799408,1207.6522746543365,2.3870659289343417,2.220705879137515,2.387 ± 2.221,0.051689491790732,11.650357999102756,0.299950941213583,0.1516824022908331,0.3 ± 0.1517,0.0204925472696922,0.9023031642102368,519.748322147651,12.160576108012778,519.7 ± 12.16,412.0,527.0,94.33153992211258,1.0672162343494809,94.33 ± 1.067,90.70127868652344,95.1542510986328,68.4418888549285,2,2,1,2,1:5; 2:293,0,0,0.0,model_dynamic,True,mckenzie2003,BDT,7.612698052553522,7.895328044891357,7.001530647277832,7.9818525314331055,10.026128768920898,9.228126433587278,5.19748322147651,3.055302013422819,3.14,3.48,0,0.0,0.0,185,1463.3179473876953,557.4699999999998,0,0.0,0.0,110,778.3952598571777,343.2700000000001,3,26.87081241607666,9.74,0,0.0,0.0,8.0,9.0,9.0,0.0124999999999999,0.0124999999999999,0.025,0.0155158380298178,BDT
dynamic,model_dynamic/summary_timeseries.csv,20,2.7,298,119200.0,1165.8789867391897,13.677790154583835,1166 ± 13.68,1139.210385799408,1207.636771684162,2.3954000127615127,2.224268692341979,2.395 ± 2.224,0.0596921983514441,11.670470262143128,0.2995551037927115,0.1514785921755178,0.2996 ± 0.1515,0.0201953451200888,0.8999677119875427,531.1744966442953,7.893359322299243,531.2 ± 7.893,442.0,532.0,90.18319822477814,0.4166091471996157,90.18 ± 0.4166,85.75275421142578,90.2282943725586,68.42638588475415,2,2,1,2,1:6; 2:292,0,0,0.0,model_dynamic,True,mckenzie2003,BDT,8.044651436325688,8.02525520324707,7.9818525314331055,8.112340927124023,10.168938636779783,9.603472752785397,5.311744966442953,3.044295302013423,3.06,3.51,0,0.0,0.0,295,2368.249477863312,896.98,0,0.0,0.0,0,0.0,0.0,3,29.056650161743164,10.22,0,0.0,0.0,8.0,9.0,9.0,0.0125,0.0125000000000001,0.025,0.0163456399050073,BDT
dynamic,model_dynamic/summary_timeseries.csv,20,2.6,298,119200.0,1165.8974455827563,13.674952124003674,1166 ± 13.67,1139.210385799408,1207.6196812299454,2.4015283850086115,2.2290379689537048,2.402 ± 2.229,0.0465541264324164,11.689982954215315,0.2991844316666529,0.1512873725486765,0.2992 ± 0.1513,0.0198913445613153,0.8977821775396175,526.1208053691275,11.263418694768584,526.1 ± 11.26,393.0,528.0,90.50658106963908,0.5847188619120858,90.51 ± 0.5847,86.07183837890625,90.6488800048828,68.40929543053744,2,2,1,2,1:8; 2:290,0,0,0.0,model_dynamic,True,mckenzie2003,BDT,8.042652205332814,8.112340927124023,7.895328044891357,8.112340927124023,9.370357513427734,9.617600448885092,5.261208053691275,3.056812080536913,3.065999999999999,3.34,0,0.0,0.0,282,2279.9362449646,861.1399999999999,0,0.0,0.0,13,91.09231185913086,40.32000000000001,3,25.681800365448,9.47,0,0.0,0.0,8.0,9.0,9.0,0.0125,0.0125000000000001,0.025,0.016248795098126,BDT
dynamic,model_dynamic/summary_timeseries.csv,20,2.5,298,119200.0,1165.915966951831,13.672087252117954,1166 ± 13.67,1139.210385799408,1207.602883577956,2.40778821768425,2.2336552046276728,2.408 ± 2.234,0.0427948672971247,11.70927807352584,0.2988147106464165,0.1510964738534824,0.2988 ± 0.1511,0.0195993121713829,0.8955768242832483,523.8557046979865,11.536169455735925,523.9 ± 11.54,384.0,525.0,89.70646841574035,0.3337808377427722,89.71 ± 0.3338,85.55626678466797,89.74279022216797,68.39249777854798,2,2,1,2,1:4; 2:294,0,0,0.0,model_dynamic,True,mckenzie2003,BDT,8.023310182878635,8.02525520324707,7.9818525314331055,8.02525520324707,9.41661262512207,9.577942244279152,5.238557046979866,3.0394966442953018,3.04,3.35,0,0.0,0.0,295,2366.7127203941345,896.6299999999999,0,0.0,0.0,0,0.0,0.0,3,24.23371410369873,9.14,0,0.0,0.0,8.0,9.0,9.0,0.0125,0.0125000000000001,0.025,0.0163453058335097,BDT
dynamic,model_dynamic/summary_timeseries.csv,20,2.4,298,119200.0,1165.934267244901,13.669281500397869,1166 ± 13.67,1139.210385799408,1207.586072894196,2.413608898151141,2.238383433876359,2.414 ± 2.238,0.0401242433684064,11.728058934678254,0.2984525911887349,0.1509132807634678,0.2985 ± 0.1509,0.0193028450900223,0.8934082467414844,529.1342281879195,14.55752657936794,529.1 ± 14.56,378.0,535.0,90.02763330856426,0.8450323303673223,90.03 ± 0.845,86.13493347167969,90.53460693359376,68.37568709478796,2,2,1,2,1:4; 2:294,0,0,0.0,model_dynamic,True,mckenzie2003,BDT,7.752189674633461,7.895328044891357,7.183109283447266,7.9818525314331055,8.867552757263184,9.342516448582144,5.291342281879195,3.046342281879194,3.15,3.23,0,0.0,0.0,227,1799.3781576156616,684.9199999999998,0,0.0,0.0,68,488.45143127441406,214.2,3,22.3229341506958,8.69,0,0.0,0.0,8.0,9.0,9.0,0.0125,0.0125000000000001,0.025,0.0228771689806036,BDT
dynamic,model_dynamic/summary_timeseries.csv,20,2.3,298,119200.0,1165.9526268954985,13.666526075832287,1166 ± 13.67,1139.210385799408,1207.5696426270702,2.4195768740228103,2.242856620555885,2.42 ± 2.243,0.0435182624731541,11.746672847562548,0.2980978264724772,0.150732153725005,0.2981 ± 0.1507,0.0190144918313967,0.8912426034212252,530.6711409395973,12.32988564043927,530.7 ± 12.33,390.0,532.0,89.99323920435553,0.3737649638559128,89.99 ± 0.3738,85.54415893554688,90.04061889648438,68.3592568276622,2,2,1,2,1:4; 2:294,0,0,0.0,model_dynamic,True,mckenzie2003,BDT,7.967486045504576,7.9818525314331055,7.895328044891357,8.02525520324707,9.00358772277832,9.513764368773218,5.306711409395973,3.0286577181208054,3.04,3.26,0,0.0,0.0,293,2336.4074425697327,887.26,0,0.0,0.0,2,14.293296813964844,6.28,3,23.61010217666626,9.0,0,0.0,0.0,8.0,9.0,9.0,0.0124999999999999,0.0124999999999999,0.025,0.022999025858645,BDT
dynamic,model_dynamic/summary_timeseries.csv,20,2.2,298,119200.0,1165.970696311368,13.66390157216321,1166 ± 13.66,1139.210385799408,1207.5534402335918,2.425173035594393,2.24743881004298,2.425 ± 2.247,0.0412963452446727,11.76483305053635,0.2977539935204981,0.1505591111539559,0.2978 ± 0.1506,0.0187285690664766,0.8890718016965082,526.6845637583892,12.612227607063623,526.7 ± 12.61,382.0,529.0,92.70691194470297,0.2999620290041286,92.71 ± 0.3,88.84085845947266,92.78736114501952,68.34305443418384,2,2,1,2,1:4; 2:294,0,0,0.0,model_dynamic,True,mckenzie2003,BDT,8.010942790332257,8.02525520324707,7.895328044891357,8.112340927124023,8.642662048339844,9.56568766912816,5.266845637583892,3.038624161073825,3.06,3.18,0,0.0,0.0,293,2350.4693183898926,890.4999999999999,0,0.0,0.0,2,14.003061294555664,6.2,3,22.78857183456421,8.81,0,0.0,0.0,8.0,9.0,9.0,0.0125,0.0125000000000001,0.025,0.0223231515865904,BDT
dynamic,model_dynamic/summary_timeseries.csv,20,2.1,298,119200.0,1165.9894704157484,13.661019615807442,1166 ± 13.66,1139.210385799408,1207.5373380372291,2.4320634474696043,2.2513366680767724,2.432 ± 2.251,0.0527332624359817,11.783225061951336,0.2973928358338718,0.1503782511318889,0.2974 ± 0.1504,0.0184576069048928,0.8868022239603631,527.0738255033557,8.946968261384528,527.1 ± 8.947,420.0,528.0,88.60866257328315,0.4154014534690495,88.61 ± 0.4154,84.24793243408203,88.65716552734375,68.32695223782116,2,2,1,2,1:4; 2:294,0,0,0.0,model_dynamic,True,mckenzie2003,BDT,8.038931302576257,8.02525520324707,7.895328044891357,8.112340927124023,9.93136978149414,9.597936448252062,5.2707382550335575,3.0440604026845635,3.06,3.46,0,0.0,0.0,294,2361.058974266052,894.1299999999999,0,0.0,0.0,1,7.183109283447266,3.15,3,27.359444618225098,9.85,0,0.0,0.0,8.0,9.0,9.0,0.0125,0.0125000000000001,0.025,0.0233429192855856,BDT
dynamic,model_dynamic/summary_timeseries.csv,20,2.0,298,119200.0,1166.0071365180177,13.658565892356805,1166 ± 13.66,1139.210385799408,1207.52041585786,2.4368651529161998,2.256246136025107,2.437 ± 2.256,0.0384060109628801,11.80054869843393,0.2970622558814582,0.1502168396316671,0.2971 ± 0.1502,0.0181744752432338,0.8846730741022952,527.751677852349,12.764204373645626,527.8 ± 12.76,370.0,529.0,87.46437610395803,0.2657195741275206,87.46 ± 0.2657,83.46018981933594,87.49568939208984,68.31003005845196,2,2,1,2,1:4; 2:294,0,0,0.0,model_dynamic,True,mckenzie2003,BDT,8.077026882427651,8.112340927124023,7.9818525314331055,8.112340927124023,9.60253620147705,9.642200112428224,5.2775167785234895,3.0517785234899324,3.06,3.39,0,0.0,0.0,295,2383.5645089149475,900.4999999999999,0,0.0,0.0,0,0.0,0.0,3,23.38950204849243,8.93,0,0.0,0.0,8.0,9.0,9.0,0.0125,0.0125000000000001,0.025,0.0236398655505601,BDT
dynamic,model_dynamic/summary_timeseries.csv,20,1.9,298,119200.0,1166.02451314378,13.656227441049312,1166 ± 13.66,1139.210385799408,1207.504247846612,2.441174407191334,2.261227977036198,2.441 ± 2.261,0.0330595531917559,11.817366086147516,0.2967441367652593,0.1500630972899579,0.2967 ± 0.1501,0.0178910838166006,0.8825929963311343,537.3825503355705,16.410259238076925,537.4 ± 16.41,345.0,539.0,89.58672460773647,0.229114790594181,89.59 ± 0.2291,85.723876953125,90.37757110595705,68.29386204720413,2,2,1,2,1:4; 2:294,0,0,0.0,model_dynamic,True,mckenzie2003,BDT,8.12858608585076,8.156023979187012,8.112340927124023,8.156023979187012,8.243668556213379,9.703878717524804,5.373825503355704,3.0634563758389266,3.07,3.09,0,0.0,0.0,295,2402.622038841248,904.87,0,0.0,0.0,0,0.0,0.0,3,19.696614742279053,8.04,0,0.0,0.0,8.0,9.0,9.0,0.0124999999999999,0.0124999999999999,0.025,0.0230779033129764,BDT
dynamic,model_dynamic/summary_timeseries.csv,20,1.8,298,119200.0,1166.0425090409003,13.65368881258254,1166 ± 13.65,1139.210385799408,1207.488700217447,2.446567533801798,2.2656376705144927,2.447 ± 2.266,0.0416994433205719,11.834308143188409,0.2964108687060414,0.1499026512325558,0.2964 ± 0.1499,0.0176208573140987,0.8804368072582225,540.6409395973154,13.538483619463165,540.6 ± 13.54,387.0,542.0,89.6590113543824,0.2828977363132896,89.66 ± 0.2829,85.73062896728516,89.68750762939453,68.27831441803937,2,2,1,2,1:7; 2:291,0,0,0.0,model_dynamic,True,mckenzie2003,BDT,8.09443855445657,8.112340927124023,8.02525520324707,8.156023979187012,8.597960472106934,9.663027189917551,5.406409395973155,3.0558389261744963,3.07,3.17,0,0.0,0.0,295,2389.150051116944,901.78,0,0.0,0.0,0,0.0,0.0,3,22.992638111114506,8.86,0,0.0,0.0,8.0,9.0,9.0,0.0125,0.0125000000000001,0.025,0.023044845895253,BDT
dynamic,model_dynamic/summary_timeseries.csv,20,1.7,298,119200.0,1166.0604008389105,13.651222574462686,1166 ± 13.65,1139.210385799408,1207.4733201684817,2.451827405551635,2.2700487319178517,2.452 ± 2.27,0.0414856400176139,11.85094205773526,0.2960829023776365,0.149744902926973,0.2961 ± 0.1497,0.0173550950362887,0.8782853921607483,537.6677852348994,13.295317682403212,537.7 ± 13.3,386.0,539.0,89.6716885662719,0.2811622515716131,89.67 ± 0.2812,85.65353393554688,89.7009048461914,68.26293436907349,2,2,1,2,1:4; 2:294,0,0,0.0,model_dynamic,True,mckenzie2003,BDT,8.145298796212114,8.156023979187012,8.112340927124023,8.156023979187012,9.00358772277832,9.72386766056783,5.376677852348993,3.0674832214765098,3.07,3.26,0,0.0,0.0,295,2404.149543762207,905.22,0,0.0,0.0,0,0.0,0.0,3,23.14949750900269,8.89,0,0.0,0.0,8.0,9.0,9.0,0.0124999999999999,0.0124999999999999,0.025,0.0230100808943828,BDT
dynamic,model_dynamic/summary_timeseries.csv,20,1.6,298,119200.0,1166.0783187287773,13.64877111338293,1166 ± 13.65,1139.210385799408,1207.4580249668466,2.4570970131025534,2.274430905036125,2.457 ± 2.274,0.0419418749506543,11.867340223241412,0.2957559055429997,0.1495898576544293,0.2958 ± 0.1496,0.0170933996859863,0.8761314031211567,537.9530201342282,12.8795845791889,538 ± 12.88,390.0,540.0,88.65857781019787,0.2918284855997147,88.66 ± 0.2918,84.53074645996094,88.72322845458984,68.24763916743859,2,2,1,2,1:4; 2:294,0,0,0.0,model_dynamic,True,mckenzie2003,BDT,8.15114801042032,8.156023979187012,8.156023979187012,8.156023979187012,8.912806510925293,9.730864589949144,5.379530201342281,3.0688255033557046,3.07,3.24,0,0.0,0.0,295,2405.983390808105,905.64,0,0.0,0.0,0,0.0,0.0,3,23.058716297149655,8.870000000000001,0,0.0,0.0,8.0,9.0,9.0,0.0125,0.0125000000000001,0.025,0.023264121875745,BDT
dynamic,model_dynamic/summary_timeseries.csv,20,1.5,298,119200.0,1166.0959077612044,13.646426907333652,1166 ± 13.65,1139.210385799408,1207.4426253068511,2.4618055051420065,2.278989734231292,2.462 ± 2.279,0.0384870438816113,11.883282996019656,0.2954393997902012,0.1494405154017005,0.2954 ± 0.1494,0.0168318182216667,0.8740171777031182,534.4261744966443,14.239664312333352,534.4 ± 14.24,375.0,536.0,88.08593063866532,0.2394611125674109,88.09 ± 0.2395,84.2969741821289,88.18287658691406,68.23223950744318,2,2,1,2,1:4; 2:294,0,0,0.0,model_dynamic,True,mckenzie2003,BDT,8.138254559280089,8.156023979187012,8.156023979187012,8.156023979187012,8.597960472106934,9.716449053052632,5.344261744966444,3.0665436241610737,3.07,3.17,0,0.0,0.0,294,2397.871049880981,902.58,0,0.0,0.0,1,5.715122222900391,2.73,3,21.613686561584476,8.52,0,0.0,0.0,8.0,9.0,9.0,0.0125,0.0125000000000001,0.025,0.0233961995604947,BDT
dynamic,model_dynamic/summary_timeseries.csv,20,1.4,298,119200.0,1166.113283705961,13.644149951531707,1166 ± 13.64,1139.210385799408,1207.4273183386233,2.4661914769147915,2.2836558035517207,2.466 ± 2.284,0.0368335169473886,11.89885466262668,0.2951302723505087,0.1492940309941914,0.2951 ± 0.1493,0.0165718174965949,0.8719309271218254,536.271812080537,15.628980912630578,536.3 ± 15.63,362.0,538.0,87.62883569090158,0.3108755002452511,87.63 ± 0.3109,83.93733215332031,87.666259765625,68.21693253921535,2,2,1,2,1:6; 2:292,0,0,0.0,model_dynamic,True,mckenzie2003,BDT,8.077767282524364,8.156023979187012,7.968873858451843,8.156023979187012,10.408735275268556,9.643088442648937,5.362718120805369,3.0517785234899333,3.07,3.56,0,0.0,0.0,294,2376.3558354377747,897.6399999999999,0,0.0,0.0,0,0.0,0.0,4,30.818814754486084,11.79,0,0.0,0.0,8.0,9.0,9.0,0.0124999999999999,0.0124999999999999,0.025,0.0235047353313612,BDT
dynamic,model_dynamic/summary_timeseries.csv,20,1.3,298,119200.0,1166.130540177916,13.641947747814484,1166 ± 13.64,1139.210385799408,1207.4121812241665,2.470360001010279,2.2883388782053715,2.47 ± 2.288,0.0350190796749765,11.914082406092332,0.2948235021665519,0.149152490694294,0.2948 ± 0.1492,0.0163139694630911,0.8698690536855782,534.2181208053692,15.9528270776888,534.2 ± 15.95,356.0,536.0,90.45551722481748,0.2961590708882273,90.46 ± 0.2962,86.64369201660156,90.63804626464844,68.2017954247583,2,2,1,2,1:4; 2:294,0,0,0.0,model_dynamic,True,mckenzie2003,BDT,8.138618944475315,8.156023979187012,8.112340927124023,8.156023979187012,10.408735275268556,9.71588057708084,5.342181208053692,3.065738255033557,3.07,3.56,0,0.0,0.0,294,2394.9025650024414,901.9,0,0.0,0.0,0,0.0,0.0,4,30.405880451202396,11.69,0,0.0,0.0,8.0,9.0,9.0,0.0125,0.0125000000000001,0.025,0.022753751250333,BDT
dynamic,model_dynamic/summary_timeseries.csv,20,1.2,298,119200.0,1166.1485659695954,13.639485512396718,1166 ± 13.64,1139.210385799408,1207.397947228019,2.4758968944606154,2.2923159951585004,2.476 ± 2.292,0.0453692280278034,11.92951471451899,0.2944979809754144,0.1490029340221005,0.2945 ± 0.149,0.0160710183307795,0.8677120052259463,542.5906040268457,12.54067926979648,542.6 ± 12.54,405.0,544.0,90.74502653083545,0.4026325756422115,90.75 ± 0.4026,86.52442169189453,90.79800415039062,68.1875614286107,2,2,1,2,1:5; 2:293,0,0,0.0,model_dynamic,True,mckenzie2003,BDT,8.169436829202127,8.156023979187012,8.02525520324707,8.243668556213379,10.408735275268556,9.752744079976727,5.425906040268456,3.072919463087248,3.09,3.56,0,0.0,0.0,294,2399.446566581726,902.93,0,0.0,0.0,0,0.0,0.0,4,35.04560852050781,12.8,0,0.0,0.0,8.0,9.0,9.0,0.0124999999999999,0.0124999999999999,0.025,0.0226576651999593,BDT
dynamic,model_dynamic/summary_timeseries.csv,20,1.1,298,119200.0,1166.166568228537,13.63702676326476,1166 ± 13.64,1139.210385799408,1207.383787961435,2.4814125030158567,2.2962693015458666,2.481 ± 2.296,0.0467148205400447,11.944743208833584,0.29417384262646,0.1488555654645611,0.2942 ± 0.1489,0.0158325956836576,0.865539658280813,541.6845637583892,11.749389387716702,541.7 ± 11.75,409.0,543.0,90.4632293393948,0.4089417118188619,90.46 ± 0.4089,86.51105499267578,90.51238250732422,68.17340216202706,2,2,1,2,1:5; 2:293,0,0,0.0,model_dynamic,True,mckenzie2003,BDT,8.027163641564798,8.02525520324707,7.895328044891357,8.112340927124023,10.408735275268556,9.582553678889688,5.416845637583892,3.040268456375839,3.06,3.56,0,0.0,0.0,294,2356.102095603943,892.99,0,0.0,0.0,0,0.0,0.0,4,35.99266958236694,13.01,0,0.0,0.0,8.0,9.0,9.0,0.0125,0.0125000000000001,0.025,0.0227066502170484,BDT
dynamic,model_dynamic/summary_timeseries.csv,20,1.0,298,119200.0,1166.1844577439615,13.634679798882344,1166 ± 13.63,1139.210385799408,1207.369526203281,2.486720702155982,2.3003042842490946,2.487 ± 2.3,0.0457724152988547,11.959637654225087,0.2938567290327467,0.1487152764228263,0.2939 ± 0.1487,0.0155966851581945,0.8633881079419117,545.496644295302,13.31755875863071,545.5 ± 13.32,406.0,547.0,89.85033416748047,0.3965153062507209,89.85 ± 0.3965,86.078125,89.89881134033203,68.15914040387315,2,2,1,2,1:6; 2:292,0,0,0.0,model_dynamic,True,mckenzie2003,BDT,8.079186458715656,8.112340927124023,8.02525520324707,8.112340927124023,10.408735275268556,9.644783319114351,5.45496644295302,3.0522818791946307,3.06,3.56,0,0.0,0.0,294,2373.751893520355,897.0499999999998,0,0.0,0.0,0,0.0,0.0,4,33.8456711769104,12.53,0,0.0,0.0,8.0,9.0,9.0,0.0124999999999999,0.0124999999999999,0.025,0.0228403444403172,BDT
dynamic,model_dynamic/summary_timeseries.csv,20,0.9,298,119200.0,1166.202228590944,13.63234711864788,1166 ± 13.63,1139.210385799408,1207.355265137045,2.49175628514391,2.304394368867276,2.492 ± 2.304,0.0437359657166696,11.97424031121697,0.2935429186826613,0.1485765394585377,0.2935 ± 0.1486,0.0153614686788384,0.8612501588146151,544.5503355704698,12.947978641243733,544.6 ± 12.95,402.0,546.0,91.04784836225062,0.3778263925516846,91.05 ± 0.3778,86.97112274169922,91.09213256835938,68.14487933763712,2,2,1,2,1:5; 2:293,0,0,0.0,model_dynamic,True,mckenzie2003,BDT,8.110033518515976,8.112340927124023,8.02525520324707,8.243668556213379,10.408735275268556,9.681683751036154,5.445503355704698,3.059328859060402,3.09,3.56,0,0.0,0.0,294,2382.527099609375,899.06,0,0.0,0.0,0,0.0,0.0,4,34.26288890838623,12.62,0,0.0,0.0,8.0,9.0,9.0,0.0124999999999999,0.0124999999999999,0.025,0.0225215597141684,BDT
dynamic,model_dynamic/summary_timeseries.csv,20,0.8,298,119200.0,1166.2202666415092,13.629900387430212,1166 ± 13.63,1139.210385799408,1207.341138827574,2.4973002178449097,2.3081346911347023,2.497 ± 2.308,0.0484771508082755,11.98872139895344,0.293223309188914,0.1484349442590835,0.2932 ± 0.1484,0.0151340316048404,0.8590717687856557,545.5134228187919,11.11176387159135,545.5 ± 11.11,420.0,547.0,88.30783928480724,0.4201425305920246,88.31 ± 0.4201,84.33849334716797,88.37081146240234,68.13075302816605,2,2,1,2,1:5; 2:293,0,0,0.0,model_dynamic,True,mckenzie2003,BDT,8.251386858472888,8.243668556213379,8.156023979187012,8.243668556213379,10.553677558898926,9.850776700115851,5.455134228187919,3.0916107382550333,3.09,3.59,0,0.0,0.0,294,2422.104914665222,908.11,0,0.0,0.0,0,0.0,0.0,4,36.808369159698486,13.19,0,0.0,0.0,8.0,9.0,9.0,0.0125,0.0125000000000001,0.025,0.0231911969682618,BDT
dynamic,model_dynamic/summary_timeseries.csv,20,0.7,298,119200.0,1166.2375382488967,13.627765637767034,1166 ± 13.63,1139.210385799408,1207.326575885169,2.501466543868926,2.312533327323189,2.501 ± 2.313,0.0391152255875045,12.002611942675452,0.292927454593921,0.1483088963077873,0.2929 ± 0.1483,0.0148994490538814,0.8569751271928162,542.5469798657718,13.394359511291142,542.5 ± 13.39,384.0,545.0,89.98078255365358,0.3318433905558434,89.98 ± 0.3318,86.09989166259766,90.05976104736328,68.11619008576099,2,2,1,2,1:5; 2:293,0,0,0.0,model_dynamic,True,mckenzie2003,BDT,8.088514342404052,8.112340927124023,8.02525520324707,8.156023979187012,10.312549591064451,9.655943056121584,5.425469798657717,3.0543288590604023,3.07,3.54,0,0.0,0.0,294,2376.455195426941,897.6699999999998,0,0.0,0.0,0,0.0,0.0,4,33.92207860946655,12.52,0,0.0,0.0,8.0,9.0,9.0,0.0124999999999999,0.0124999999999999,0.025,0.0227230642680255,BDT
dynamic,model_dynamic/summary_timeseries.csv,20,0.6,298,119200.0,1166.2553469161144,13.62545523112854,1166 ± 13.63,1139.210385799408,1207.312650143561,2.50653568041937,2.316417052622192,2.507 ± 2.316,0.045379340952444,12.016469156067412,0.2926164484931098,0.1481791122189779,0.2926 ± 0.1482,0.0146745281402518,0.8548384599441519,541.1845637583892,12.032792023054997,541.2 ± 12.03,403.0,543.0,90.72936632809224,0.3922453336080878,90.73 ± 0.3922,86.9544448852539,90.79683685302734,68.10226434415313,2,2,1,2,1:5; 2:293,0,0,0.0,model_dynamic,True,mckenzie2003,BDT,8.105418189259984,8.112340927124023,7.9818525314331055,8.156023979187012,10.408735275268556,9.676163552518844,5.411845637583893,3.0582214765100666,3.07,3.56,0,0.0,0.0,294,2379.5575299263,898.3799999999999,0,0.0,0.0,0,0.0,0.0,4,35.85709047317505,12.97,0,0.0,0.0,8.0,9.0,9.0,0.0124999999999999,0.0124999999999999,0.025,0.0225011349336057,BDT
dynamic,model_dynamic/summary_timeseries.csv,20,0.5,298,119200.0,1166.2733485267674,13.623106646863954,1166 ± 13.62,1139.210385799408,1207.2990562634432,2.5119167605823187,2.320156177954235,2.512 ± 2.32,0.0477828358473328,12.030182409061757,0.2923015040377619,0.148050054337272,0.2923 ± 0.1481,0.0144555641289105,0.8526740850066999,551.7348993288591,11.392340687152362,551.7 ± 11.39,420.0,553.0,89.81858631108432,0.422333943968776,89.82 ± 0.4223,85.88754272460938,89.87159729003906,68.0886704640352,2,2,1,2,1:5; 2:293,0,0,0.0,model_dynamic,True,mckenzie2003,BDT,8.167082981775271,8.112340927124023,8.112340927124023,8.287631034851074,10.602169036865234,9.74992925972415,5.517348993288591,3.0723154362416105,3.1,3.6,0,0.0,0.0,294,2396.714201927185,902.31,0,0.0,0.0,0,0.0,0.0,4,37.0765266418457,13.24,0,0.0,0.0,8.0,9.0,9.0,0.0124999999999999,0.0124999999999999,0.025,0.0227088293245577,BDT
dynamic,model_dynamic/summary_timeseries.csv,20,0.4,298,119200.0,1166.2910910875817,13.62085929304444,1166 ± 13.62,1139.210385799408,1207.2849855575746,2.516812574426493,2.3241119730231934,2.517 ± 2.324,0.0445637253085383,12.043588982464115,0.2919938879938154,0.1479260297556919,0.292 ± 0.1479,0.0142359524400677,0.8505314529353158,544.7348993288591,11.646651309918736,544.7 ± 11.65,408.0,547.0,83.52435200326394,0.3734270831691066,83.52 ± 0.3734,79.83802795410156,83.61614227294922,68.07459975816664,2,2,1,2,1:5; 2:293,0,0,0.0,model_dynamic,True,mckenzie2003,BDT,8.184608086643603,8.243668556213379,8.02525520324707,8.243668556213379,10.553677558898926,9.770894507245332,5.447348993288591,3.076275167785235,3.09,3.59,0,0.0,0.0,294,2402.533122062683,903.63,0,0.0,0.0,0,0.0,0.0,4,36.4800877571106,13.1,0,0.0,0.0,8.0,9.0,9.0,0.0125,0.0125,0.025,0.0243792472408085,BDT
dynamic,model_dynamic/summary_timeseries.csv,20,0.3,298,119200.0,1166.3072753720037,13.619256802955697,1166 ± 13.62,1139.210385799408,1207.2703287040576,2.5189584507767084,2.3292466778286225,2.519 ± 2.329,0.0235322062261416,12.05588157085419,0.2917359108216484,0.1478310089960179,0.2917 ± 0.1478,0.0139947342159482,0.8486372573745724,533.1778523489933,20.89616176707217,533.2 ± 20.9,284.0,536.0,81.57886707382714,0.5484853088121703,81.58 ± 0.5485,77.47817993164062,84.8288803100586,68.05994290464969,2,2,1,2,1:5; 2:293,0,0,0.0,model_dynamic,True,mckenzie2003,BDT,7.900834761209936,7.9818525314331055,7.073944091796875,8.156023979187012,9.789901733398438,9.449258050414622,5.331778523489933,3.024161073825503,3.1,3.43,0,0.0,0.0,280,2229.8362193107605,847.2199999999999,0,0.0,0.0,14,98.16625595092772,43.440000000000005,4,26.44628357887268,10.54,0,0.0,0.0,8.0,9.0,9.0,0.0124999999999999,0.0124999999999999,0.025,0.0248997602121747,BDT
dynamic,model_dynamic/summary_timeseries.csv,20,0.2,298,119200.0,1166.3231514641618,13.617865832517476,1166 ± 13.62,1139.210385799408,1207.2560198260276,2.5205570046588623,2.3343976270612914,2.521 ± 2.334,0.0163984862617531,12.06761109951317,0.291498158854415,0.1477491251686477,0.2915 ± 0.1477,0.0137495788076796,0.8468877381377942,533.8557046979865,28.51920319149708,533.9 ± 28.52,219.0,539.0,83.56963489199644,0.7047457304411624,83.57 ± 0.7047,81.76969146728516,88.09989166259766,68.04563402661961,2,2,1,2,1:6; 2:292,0,0,0.0,model_dynamic,True,mckenzie2003,BDT,7.82635609895591,7.895328044891357,7.073944091796875,8.156023979187012,8.156023979187012,9.386056507158116,5.338557046979865,3.026073825503356,3.12,3.12,0,0.0,0.0,260,2074.8654074668884,787.6899999999999,0,0.0,0.0,34,240.51409912109372,106.08,4,16.874610900878906,8.0,0,0.0,0.0,8.0,9.0,9.0,0.0125,0.0125,0.025,0.0242599633657178,BDT
dynamic,model_dynamic/summary_timeseries.csv,20,0.1,298,119200.0,1166.3394486212585,13.61631191405048,1166 ± 13.62,1139.210385799408,1207.2425080246169,2.523004574455519,2.338889017728252,2.523 ± 2.339,0.0223374895441128,12.079528115727737,0.291252456570104,0.1476639968972563,0.2913 ± 0.1477,0.0135149550639667,0.845067306336545,555.7651006711409,26.318490517327746,555.8 ± 26.32,281.0,559.0,84.25414109710078,0.330191678394007,84.25 ± 0.3302,80.36268615722656,87.53385162353516,68.03212222520892,2,2,1,2,1:7; 2:291,0,0,0.0,model_dynamic,True,mckenzie2003,BDT,8.238231136494836,8.287631034851074,8.156023979187012,8.375833511352539,10.456960678100586,9.835060133136317,5.55765100671141,3.087315436241611,3.12,3.57,0,0.0,0.0,293,2425.2041931152344,907.59,0,0.0,0.0,0,0.0,0.0,5,29.78868556022644,12.43,0,0.0,0.0,8.0,9.0,9.0,0.0125,0.0125,0.025,0.0240517476705732,BDT
dynamic,model_dynamic/summary_timeseries.csv,20,0.0,298,119200.0,1166.3558820363091,13.614877341295584,1166 ± 13.61,1139.210385799408,1207.2292968129375,2.525736665349715,2.3433461582108563,2.526 ± 2.343,0.0255323038268231,12.091255060912466,0.2909994002534704,0.1475809972296403,0.291 ± 0.1476,0.013274634331563,0.8432036033026609,611.3557046979865,29.074210492781543,611.4 ± 29.07,342.0,615.0,93.32689997013784,0.3342200199931038,93.33 ± 0.3342,88.79388427734375,95.72588348388672,68.01891101352953,1,1,1,1,1:298,0,0,0.0,model_dynamic,True,mckenzie2003,BDT,8.738974784044611,8.777320861816406,8.642662048339844,8.867552757263184,11.24056625366211,10.434097469458596,6.113557046979865,3.2000335570469804,3.23,3.73,0,0.0,0.0,293,2573.2265625,940.85,0,0.0,0.0,0,0.0,0.0,5,30.98792314529419,12.76,0,0.0,0.0,,,,,,,,BDT
static,model_static/summary_timeseries.csv,20,21.0,298,119200.0,1163.0774822875155,14.20121742195375,1163 ± 14.2,1136.41357421875,1211.7552490234375,1.940387676626244,0.0022496970965876,1.94 ± 0.00225,1.940000057220459,1.9574874639511108,0.3721090606572333,0.227557946985991,0.3721 ± 0.2276,0.0274833136904463,1.5032500055566438,270.0,0.0,270 ± 0,270.0,270.0,54.4341240953279,0.0033940222320541,54.43 ± 0.003394,54.42782974243164,54.43901824951172,75.3416748046875,0,1,0,0,0:298,0,0,0.0,model_static,False,mckenzie2003,NDT,4.7710680065539055,4.748287200927734,4.748287200927734,4.810562133789063,4.810562133789063,5.931431497306797,2.7,2.4373154362416107,2.45,2.45,0,0.0,0.0,0,0.0,0.0,0,0.0,0.0,298,1421.778265953064,726.3199999999999,0,0.0,0.0,0,0.0,0.0,,,,,,,,NDT
static,model_static/summary_timeseries.csv,20,20.9,298,119200.0,1163.0774822875155,14.20121742195375,1163 ± 14.2,1136.41357421875,1211.7552490234375,1.940387676626244,0.0022496970965876,1.94 ± 0.00225,1.940000057220459,1.9574874639511108,0.3721090606572333,0.227557946985991,0.3721 ± 0.2276,0.0274833136904463,1.5032500055566438,284.0,0.0,284 ± 0,284.0,284.0,54.69596354593367,0.0016147713757334,54.7 ± 0.001615,54.69206619262695,54.69884490966797,75.3416748046875,0,1,0,0,0:298,0,0,0.0,model_static,False,mckenzie2003,NDT,4.998849497545486,4.999273777008057,4.999273777008057,4.999273777008057,4.999273777008057,6.217337943911932,2.84,2.50986577181208,2.51,2.51,0,0.0,0.0,0,0.0,0.0,0,0.0,0.0,298,1489.6571502685547,747.9399999999998,0,0.0,0.0,0,0.0,0.0,,,,,,,,NDT
static,model_static/summary_timeseries.csv,20,20.8,298,119200.0,1163.0774822875155,14.20121742195375,1163 ± 14.2,1136.41357421875,1211.7552490234375,1.940387676626244,0.0022496970965876,1.94 ± 0.00225,1.940000057220459,1.9574874639511108,0.3721090606572333,0.227557946985991,0.3721 ± 0.2276,0.0274833136904463,1.5032500055566438,285.8489932885906,0.3580554210156793,285.8 ± 0.3581,285.0,286.0,54.80182807717547,0.0186462158953981,54.8 ± 0.01865,54.7552375793457,54.8132438659668,75.3416748046875,0,1,0,0,0:298,0,0,0.0,model_static,False,mckenzie2003,NDT,4.933486037606361,4.90456485748291,4.90456485748291,4.999273777008057,4.999273777008057,6.135287986545463,2.858489932885906,2.4891610738255032,2.51,2.51,0,0.0,0.0,0,0.0,0.0,0,0.0,0.0,298,1470.1788392066956,741.77,0,0.0,0.0,0,0.0,0.0,,,,,,,,NDT
static,model_static/summary_timeseries.csv,20,20.7,298,119200.0,1163.0774822875155,14.20121742195375,1163 ± 14.2,1136.41357421875,1211.7552490234375,1.940387676626244,0.0022496970965876,1.94 ± 0.00225,1.940000057220459,1.9574874639511108,0.3721090606572333,0.227557946985991,0.3721 ± 0.2276,0.0274833136904463,1.5032500055566438,282.3288590604027,0.4697986577181208,282.3 ± 0.4698,282.0,283.0,55.82393170043126,0.0204174134320504,55.82 ± 0.02042,55.8046760559082,55.85511016845703,75.3416748046875,0,1,0,0,0:298,0,0,0.0,model_static,False,mckenzie2003,NDT,4.951235566363239,4.936056137084961,4.90456485748291,4.999273777008057,4.999273777008057,6.1575678358992905,2.823288590604027,2.494798657718121,2.51,2.51,0,0.0,0.0,0,0.0,0.0,0,0.0,0.0,298,1475.4681987762451,743.45,0,0.0,0.0,0,0.0,0.0,,,,,,,,NDT
static,model_static/summary_timeseries.csv,20,20.6,298,119200.0,1163.0774822875155,14.20121742195375,1163 ± 14.2,1136.41357421875,1211.7552490234375,1.940387676626244,0.0022496970965876,1.94 ± 0.00225,1.940000057220459,1.9574874639511108,0.3721090606572333,0.227557946985991,0.3721 ± 0.2276,0.0274833136904463,1.5032500055566438,285.0,0.0,285 ± 0,285.0,285.0,55.60274312320172,0.0013309327213762,55.6 ± 0.001331,55.59366226196289,55.604713439941406,75.3416748046875,0,1,0,0,0:298,0,0,0.0,model_static,False,mckenzie2003,NDT,4.929839430239377,4.936056137084961,4.90456485748291,4.999273777008057,4.999273777008057,6.130709588245295,2.8500000000000005,2.488020134228188,2.51,2.51,0,0.0,0.0,0,0.0,0.0,0,0.0,0.0,298,1469.0921502113342,741.4300000000001,0,0.0,0.0,0,0.0,0.0,,,,,,,,NDT
static,model_static/summary_timeseries.csv,20,20.5,298,119200.0,1163.0774822875155,14.20121742195375,1163 ± 14.2,1136.41357421875,1211.7552490234375,1.940387676626244,0.0022496970965876,1.94 ± 0.00225,1.940000057220459,1.9574874639511108,0.3721090606572333,0.227557946985991,0.3721 ± 0.2276,0.0274833136904463,1.5032500055566438,287.98993288590606,0.0998286898029766,288 ± 0.09983,287.0,288.0,53.000161715001866,0.0051318571289294,53 ± 0.005132,52.950984954833984,53.0036506652832,75.3416748046875,0,1,0,0,0:298,0,0,0.0,model_static,False,mckenzie2003,NDT,5.062804222106934,5.062804222106934,5.062804222106934,5.062804222106934,5.062804222106934,6.297626965999241,2.87989932885906,2.53,2.53,2.53,0,0.0,0.0,0,0.0,0.0,0,0.0,0.0,298,1508.7156581878662,753.94,0,0.0,0.0,0,0.0,0.0,,,,,,,,NDT
static,model_static/summary_timeseries.csv,20,20.4,298,119200.0,1163.0774822875155,14.20121742195375,1163 ± 14.2,1136.41357421875,1211.7552490234375,1.940387676626244,0.0022496970965876,1.94 ± 0.00225,1.940000057220459,1.9574874639511108,0.3721090606572333,0.227557946985991,0.3721 ± 0.2276,0.0274833136904463,1.5032500055566438,281.0,0.0,281 ± 0,281.0,281.0,52.76498423326736,0.0029857690889273,52.76 ± 0.002986,52.76165390014648,52.771034240722656,75.3416748046875,0,1,0,0,0:298,0,0,0.0,model_static,False,mckenzie2003,NDT,4.907261285205816,4.936056137084961,4.841817855834961,4.936056137084961,4.936056137084961,6.102369302216148,2.81,2.480838926174497,2.49,2.49,0,0.0,0.0,0,0.0,0.0,0,0.0,0.0,298,1462.363862991333,739.2900000000001,0,0.0,0.0,0,0.0,0.0,,,,,,,,NDT
static,model_static/summary_timeseries.csv,20,20.3,298,119200.0,1163.0774822875155,14.20121742195375,1163 ± 14.2,1136.41357421875,1211.7552490234375,1.940387676626244,0.0022496970965876,1.94 ± 0.00225,1.940000057220459,1.9574874639511108,0.3721090606572333,0.227557946985991,0.3721 ± 0.2276,0.0274833136904463,1.5032500055566438,284.0,0.0,284 ± 0,284.0,284.0,54.54056342976205,0.0058339007013942,54.54 ± 0.005834,54.52579498291016,54.5452995300293,75.3416748046875,0,1,0,0,0:298,0,0,0.0,model_static,False,mckenzie2003,NDT,4.853382475424133,4.810562133789063,4.810562133789063,4.999273777008057,4.999273777008057,6.034745080415718,2.84,2.463624161073825,2.51,2.51,0,0.0,0.0,0,0.0,0.0,0,0.0,0.0,298,1446.3079776763916,734.16,0,0.0,0.0,0,0.0,0.0,,,,,,,,NDT
static,model_static/summary_timeseries.csv,20,20.2,298,119200.0,1163.0774822875155,14.20121742195375,1163 ± 14.2,1136.41357421875,1211.7552490234375,1.940387676626244,0.0022496970965876,1.94 ± 0.00225,1.940000057220459,1.9574874639511108,0.3721090606572333,0.227557946985991,0.3721 ± 0.2276,0.0274833136904463,1.5032500055566438,284.0,0.0,284 ± 0,284.0,284.0,53.613964349631495,0.0015885004012996,53.61 ± 0.001589,53.6090087890625,53.616798400878906,75.3416748046875,0,1,0,0,0:298,0,0,0.0,model_static,False,mckenzie2003,NDT,4.999061637276771,4.999273777008057,4.999273777008057,4.999273777008057,4.999273777008057,6.2176042454068,2.84,2.50993288590604,2.51,2.51,0,0.0,0.0,0,0.0,0.0,0,0.0,0.0,298,1489.7203679084778,747.9599999999998,0,0.0,0.0,0,0.0,0.0,,,,,,,,NDT
static,model_static/summary_timeseries.csv,20,20.1,298,119200.0,1163.0774822875155,14.20121742195375,1163 ± 14.2,1136.41357421875,1211.7552490234375,1.940387676626244,0.0022496970965876,1.94 ± 0.00225,1.940000057220459,1.9574874639511108,0.3721090606572333,0.227557946985991,0.3721 ± 0.2276,0.0274833136904463,1.5032500055566438,291.0,0.0,291 ± 0,291.0,291.0,57.57706256840853,0.0015332029326696,57.58 ± 0.001533,57.57209777832031,57.57999801635742,75.3416748046875,0,1,0,0,0:298,0,0,0.0,model_static,False,mckenzie2003,NDT,5.06259103269385,5.062804222106934,5.062804222106934,5.062804222106934,5.062804222106934,6.297359327008981,2.91,2.52993288590604,2.53,2.53,0,0.0,0.0,0,0.0,0.0,0,0.0,0.0,298,1508.652127742767,753.92,0,0.0,0.0,0,0.0,0.0,,,,,,,,NDT
static,model_static/summary_timeseries.csv,20,20.0,298,119200.0,1163.0774822875155,14.20121742195375,1163 ± 14.2,1136.41357421875,1211.7552490234375,1.940387676626244,0.0022496970965876,1.94 ± 0.00225,1.940000057220459,1.9574874639511108,0.3721090606572333,0.227557946985991,0.3721 ± 0.2276,0.0274833136904463,1.5032500055566438,293.0,0.0,293 ± 0,293.0,293.0,56.32850776262731,0.0009296688576866,56.33 ± 0.0009297,56.32661819458008,56.33053588867188,75.3416748046875,0,1,0,0,0:298,0,0,0.0,model_static,False,mckenzie2003,NDT,5.065077797678493,5.062804222106934,4.999273777008057,5.094686031341553,5.094686031341553,6.300482052479329,2.93,2.530704697986577,2.54,2.54,0,0.0,0.0,0,0.0,0.0,0,0.0,0.0,298,1509.393183708191,754.15,0,0.0,0.0,0,0.0,0.0,,,,,,,,NDT
static,model_static/summary_timeseries.csv,20,19.9,298,119200.0,1163.0774822875155,14.20121742195375,1163 ± 14.2,1136.41357421875,1211.7552490234375,1.940387676626244,0.0022496970965876,1.94 ± 0.00225,1.940000057220459,1.9574874639511108,0.3721090606572333,0.227557946985991,0.3721 ± 0.2276,0.0274833136904463,1.5032500055566438,294.4127516778523,0.4923288842658124,294.4 ± 0.4923,294.0,295.0,55.160477042998245,0.0238722506929254,55.16 ± 0.02387,55.13188171386719,55.19028854370117,75.3416748046875,0,1,0,0,0:298,0,0,0.0,model_static,False,mckenzie2003,NDT,5.002291386559506,4.999273777008057,4.936056137084961,5.094686031341553,5.094686031341553,6.221661642210229,2.944127516778524,2.5109060402684564,2.54,2.54,0,0.0,0.0,0,0.0,0.0,0,0.0,0.0,298,1490.682833194733,748.25,0,0.0,0.0,0,0.0,0.0,,,,,,,,NDT
static,model_static/summary_timeseries.csv,20,19.8,298,119200.0,1163.0774822875155,14.20121742195375,1163 ± 14.2,1136.41357421875,1211.7552490234375,1.940387676626244,0.0022496970965876,1.94 ± 0.00225,1.940000057220459,1.9574874639511108,0.3721090606572333,0.227557946985991,0.3721 ± 0.2276,0.0274833136904463,1.5032500055566438,291.0,0.0,291 ± 0,291.0,291.0,57.560314101660815,0.0012894305028946,57.56 ± 0.001289,57.5544548034668,57.56306076049805,75.3416748046875,0,1,0,0,0:298,0,0,0.0,model_static,False,mckenzie2003,NDT,5.054276645583594,5.062804222106934,4.999273777008057,5.062804222106934,5.062804222106934,6.286921406388829,2.91,2.5273154362416106,2.53,2.53,0,0.0,0.0,0,0.0,0.0,0,0.0,0.0,298,1506.1744403839111,753.14,0,0.0,0.0,0,0.0,0.0,,,,,,,,NDT
static,model_static/summary_timeseries.csv,20,19.7,298,119200.0,1163.0774822875155,14.20121742195375,1163 ± 14.2,1136.41357421875,1211.7552490234375,1.940387676626244,0.0022496970965876,1.94 ± 0.00225,1.940000057220459,1.9574874639511108,0.3721090606572333,0.227557946985991,0.3721 ± 0.2276,0.0274833136904463,1.5032500055566438,286.0,0.0,286 ± 0,286.0,286.0,56.821148776368005,0.0028349193426814,56.82 ± 0.002835,56.814937591552734,56.82730865478516,75.3416748046875,0,1,0,0,0:298,0,0,0.0,model_static,False,mckenzie2003,NDT,4.93746462764356,4.936056137084961,4.90456485748291,4.999273777008057,4.999273777008057,6.140281361799612,2.86,2.4904362416107384,2.51,2.51,0,0.0,0.0,0,0.0,0.0,0,0.0,0.0,298,1471.3644590377808,742.1500000000001,0,0.0,0.0,0,0.0,0.0,,,,,,,,NDT
static,model_static/summary_timeseries.csv,20,19.6,298,119200.0,1163.0774822875155,14.20121742195375,1163 ± 14.2,1136.41357421875,1211.7552490234375,1.940387676626244,0.0022496970965876,1.94 ± 0.00225,1.940000057220459,1.9574874639511108,0.3721090606572333,0.227557946985991,0.3721 ± 0.2276,0.0274833136904463,1.5032500055566438,241.0,0.0,241 ± 0,241.0,241.0,51.529473477562,0.0022374719544815,51.53 ± 0.002237,51.50986862182617,51.53253555297852,75.3416748046875,0,1,0,0,0:298,0,0,0.0,model_static,False,mckenzie2003,NDT,4.361160643148742,4.381305694580078,4.321261405944824,4.381305694580078,4.471973896026611,5.417140202977119,2.41,2.3032885906040264,2.31,2.34,0,0.0,0.0,0,0.0,0.0,0,0.0,0.0,298,1299.6258716583252,686.3799999999999,0,0.0,0.0,0,0.0,0.0,,,,,,,,NDT
static,model_static/summary_timeseries.csv,20,19.5,298,119200.0,1163.0774822875155,14.20121742195375,1163 ± 14.2,1136.41357421875,1211.7552490234375,1.940387676626244,0.0022496970965876,1.94 ± 0.00225,1.940000057220459,1.9574874639511108,0.3721090606572333,0.227557946985991,0.3721 ± 0.2276,0.0274833136904463,1.5032500055566438,287.0,0.0,287 ± 0,287.0,287.0,57.01937222320761,0.0031676553954912,57.02 ± 0.003168,57.00796508789063,57.02390670776367,75.3416748046875,0,1,0,0,0:298,0,0,0.0,model_static,False,mckenzie2003,NDT,4.894103994305502,4.90456485748291,4.841817855834961,4.999273777008057,4.999273777008057,6.085854749862489,2.870000000000001,2.4766442953020134,2.51,2.51,0,0.0,0.0,0,0.0,0.0,0,0.0,0.0,298,1458.4429903030396,738.04,0,0.0,0.0,0,0.0,0.0,,,,,,,,NDT
static,model_static/summary_timeseries.csv,20,19.4,298,119200.0,1163.0774822875155,14.20121742195375,1163 ± 14.2,1136.41357421875,1211.7552490234375,1.940387676626244,0.0022496970965876,1.94 ± 0.00225,1.940000057220459,1.9574874639511108,0.3721090606572333,0.227557946985991,0.3721 ± 0.2276,0.0274833136904463,1.5032500055566438,286.0,0.0,286 ± 0,286.0,286.0,54.69555003531027,0.0009170485059634,54.7 ± 0.000917,54.69089126586914,54.69725799560547,75.3416748046875,0,1,0,0,0:298,0,0,0.0,model_static,False,mckenzie2003,NDT,4.956535904199485,4.936056137084961,4.90456485748291,4.999273777008057,4.999273777008057,6.164221351868104,2.86,2.4964765100671142,2.51,2.51,0,0.0,0.0,0,0.0,0.0,0,0.0,0.0,298,1477.0476994514463,743.95,0,0.0,0.0,0,0.0,0.0,,,,,,,,NDT
static,model_static/summary_timeseries.csv,20,19.3,298,119200.0,1163.0774822875155,14.20121742195375,1163 ± 14.2,1136.41357421875,1211.7552490234375,1.940387676626244,0.0022496970965876,1.94 ± 0.00225,1.940000057220459,1.9574874639511108,0.3721090606572333,0.227557946985991,0.3721 ± 0.2276,0.0274833136904463,1.5032500055566438,288.0,0.0,288 ± 0,288.0,288.0,57.69513578222902,0.0018022524318158,57.7 ± 0.001802,57.680755615234375,57.70053482055664,75.3416748046875,0,1,0,0,0:298,0,0,0.0,model_static,False,mckenzie2003,NDT,4.890050139203168,4.90456485748291,4.841817855834961,4.90456485748291,5.062804222106934,6.080765446472332,2.8799999999999994,2.475369127516778,2.48,2.53,0,0.0,0.0,0,0.0,0.0,0,0.0,0.0,298,1457.234941482544,737.6600000000001,0,0.0,0.0,0,0.0,0.0,,,,,,,,NDT
static,model_static/summary_timeseries.csv,20,19.2,298,119200.0,1163.0774822875155,14.20121742195375,1163 ± 14.2,1136.41357421875,1211.7552490234375,1.940387676626244,0.0022496970965876,1.94 ± 0.00225,1.940000057220459,1.9574874639511108,0.3721090606572333,0.227557946985991,0.3721 ± 0.2276,0.0274833136904463,1.5032500055566438,284.0,0.0,284 ± 0,284.0,284.0,56.75148732230167,0.0016461653967957,56.75 ± 0.001646,56.73729705810547,56.75465774536133,75.3416748046875,0,1,0,0,0:298,0,0,0.0,model_static,False,mckenzie2003,NDT,4.843300472169915,4.841817855834961,4.810562133789063,4.841817855834961,4.999273777008057,6.022086706649199,2.84,2.4604697986577184,2.46,2.51,0,0.0,0.0,0,0.0,0.0,0,0.0,0.0,298,1443.3035407066343,733.22,0,0.0,0.0,0,0.0,0.0,,,,,,,,NDT
static,model_static/summary_timeseries.csv,20,19.1,298,119200.0,1163.0774822875155,14.20121742195375,1163 ± 14.2,1136.41357421875,1211.7552490234375,1.940387676626244,0.0022496970965876,1.94 ± 0.00225,1.940000057220459,1.9574874639511108,0.3721090606572333,0.227557946985991,0.3721 ± 0.2276,0.0274833136904463,1.5032500055566438,284.0,0.0,284 ± 0,284.0,284.0,55.58279810655837,0.0073239715591837,55.58 ± 0.007324,55.56858444213867,55.5899658203125,75.3416748046875,0,1,0,0,0:298,0,0,0.0,model_static,False,mckenzie2003,NDT,4.868822104178819,4.810562133789063,4.810562133789063,4.999273777008057,4.999273777008057,6.054125746048298,2.84,2.4685234899328856,2.51,2.51,0,0.0,0.0,0,0.0,0.0,0,0.0,0.0,298,1450.908987045288,735.6199999999999,0,0.0,0.0,0,0.0,0.0,,,,,,,,NDT
static,model_static/summary_timeseries.csv,20,19.0,298,119200.0,1163.0774822875155,14.20121742195375,1163 ± 14.2,1136.41357421875,1211.7552490234375,1.940387676626244,0.0022496970965876,1.94 ± 0.00225,1.940000057220459,1.9574874639511108,0.3721090606572333,0.227557946985991,0.3721 ± 0.2276,0.0274833136904463,1.5032500055566438,285.0,0.0,285 ± 0,285.0,285.0,56.96817111328944,0.001144296730716,56.97 ± 0.001144,56.95905303955078,56.97016143798828,75.3416748046875,0,1,0,0,0:298,0,0,0.0,model_static,False,mckenzie2003,NDT,4.840164200571559,4.841817855834961,4.810562133789063,4.90456485748291,4.90456485748291,6.018150648923165,2.8500000000000005,2.4594630872483223,2.48,2.48,0,0.0,0.0,0,0.0,0.0,0,0.0,0.0,298,1442.3689317703247,732.9200000000001,0,0.0,0.0,0,0.0,0.0,,,,,,,,NDT
static,model_static/summary_timeseries.csv,20,18.9,298,119200.0,1163.0774822875155,14.20121742195375,1163 ± 14.2,1136.41357421875,1211.7552490234375,1.940387676626244,0.0022496970965876,1.94 ± 0.00225,1.940000057220459,1.9574874639511108,0.3721090606572333,0.227557946985991,0.3721 ± 0.2276,0.0274833136904463,1.5032500055566438,279.99328859060404,0.0816478191986338,280 ± 0.08165,279.0,280.0,55.13119012717433,0.0041141589267473,55.13 ± 0.004114,55.08603286743164,55.136417388916016,75.3416748046875,0,1,0,0,0:298,0,0,0.0,model_static,False,mckenzie2003,NDT,4.861209174930649,4.841817855834961,4.810562133789063,4.90456485748291,4.90456485748291,6.044565371431377,2.7999328859060406,2.466174496644296,2.48,2.48,0,0.0,0.0,0,0.0,0.0,0,0.0,0.0,298,1448.6403341293335,734.9200000000001,0,0.0,0.0,0,0.0,0.0,,,,,,,,NDT
static,model_static/summary_timeseries.csv,20,18.8,298,119200.0,1163.0774822875155,14.20121742195375,1163 ± 14.2,1136.41357421875,1211.7552490234375,1.940387676626244,0.0022496970965876,1.94 ± 0.00225,1.940000057220459,1.9574874639511108,0.3721090606572333,0.227557946985991,0.3721 ± 0.2276,0.0274833136904463,1.5032500055566438,282.0,0.0,282 ± 0,282.0,282.0,56.31886758740316,0.0019980284849167,56.32 ± 0.001998,56.31134414672852,56.32077407836914,75.3416748046875,0,1,0,0,0:298,0,0,0.0,model_static,False,mckenzie2003,NDT,4.872144878310645,4.841817855834961,4.841817855834961,4.936056137084961,4.936056137084961,6.058291201098708,2.82,2.469664429530201,2.49,2.49,0,0.0,0.0,0,0.0,0.0,0,0.0,0.0,298,1451.8991737365725,735.96,0,0.0,0.0,0,0.0,0.0,,,,,,,,NDT
static,model_static/summary_timeseries.csv,20,18.7,298,119200.0,1163.0774822875155,14.20121742195375,1163 ± 14.2,1136.41357421875,1211.7552490234375,1.940387676626244,0.0022496970965876,1.94 ± 0.00225,1.940000057220459,1.9574874639511108,0.3721090606572333,0.227557946985991,0.3721 ± 0.2276,0.0274833136904463,1.5032500055566438,281.996644295302,0.0578311675825976,282 ± 0.05783,281.0,282.0,57.41669621563598,0.0031983782055243,57.42 ± 0.003198,57.36689758300781,57.419315338134766,75.3416748046875,0,1,0,0,0:298,0,0,0.0,model_static,False,mckenzie2003,NDT,4.9315120933839935,4.936056137084961,4.90456485748291,4.936056137084961,4.936056137084961,6.132808834331531,2.81996644295302,2.4885570469798663,2.49,2.49,0,0.0,0.0,0,0.0,0.0,0,0.0,0.0,298,1469.5906038284302,741.5900000000001,0,0.0,0.0,0,0.0,0.0,,,,,,,,NDT
static,model_static/summary_timeseries.csv,20,18.6,298,119200.0,1163.0774822875155,14.20121742195375,1163 ± 14.2,1136.41357421875,1211.7552490234375,1.940387676626244,0.0022496970965876,1.94 ± 0.00225,1.940000057220459,1.9574874639511108,0.3721090606572333,0.227557946985991,0.3721 ± 0.2276,0.0274833136904463,1.5032500055566438,280.0,0.0,280 ± 0,280.0,280.0,59.29340018201994,0.0057665690378697,59.29 ± 0.005767,59.28556060791016,59.30112075805664,75.3416748046875,0,1,0,0,0:298,0,0,0.0,model_static,False,mckenzie2003,NDT,4.874992037779533,4.936056137084961,4.810562133789063,4.936056137084961,4.936056137084961,6.061867139340897,2.8000000000000003,2.470536912751678,2.49,2.49,0,0.0,0.0,0,0.0,0.0,0,0.0,0.0,298,1452.7476272583008,736.22,0,0.0,0.0,0,0.0,0.0,,,,,,,,NDT
static,model_static/summary_timeseries.csv,20,18.5,298,119200.0,1163.0774822875155,14.20121742195375,1163 ± 14.2,1136.41357421875,1211.7552490234375,1.940387676626244,0.0022496970965876,1.94 ± 0.00225,1.940000057220459,1.9574874639511108,0.3721090606572333,0.227557946985991,0.3721 ± 0.2276,0.0274833136904463,1.5032500055566438,276.39261744966444,0.4883328658644927,276.4 ± 0.4883,276.0,277.0,58.494966481356016,0.0212503682720993,58.49 ± 0.02125,58.47604370117188,58.523399353027344,75.3416748046875,0,1,0,0,0:298,0,0,0.0,model_static,False,mckenzie2003,NDT,4.768251209451048,4.748287200927734,4.717268466949463,4.810562133789063,4.810562133789063,5.927896461574345,2.763926174496645,2.4364093959731545,2.45,2.45,0,0.0,0.0,0,0.0,0.0,0,0.0,0.0,298,1420.9388604164124,726.0500000000001,0,0.0,0.0,0,0.0,0.0,,,,,,,,NDT
static,model_static/summary_timeseries.csv,20,18.4,298,119200.0,1163.0774822875155,14.20121742195375,1163 ± 14.2,1136.41357421875,1211.7552490234375,1.940387676626244,0.0022496970965876,1.94 ± 0.00225,1.940000057220459,1.9574874639511108,0.3721090606572333,0.227557946985991,0.3721 ± 0.2276,0.0274833136904463,1.5032500055566438,278.0,0.0,278 ± 0,278.0,278.0,58.78113440699225,0.0010883710879877,58.78 ± 0.001088,58.77857208251953,58.78372573852539,75.3416748046875,0,1,0,0,0:298,0,0,0.0,model_static,False,mckenzie2003,NDT,4.893300270874228,4.90456485748291,4.841817855834961,4.90456485748291,4.90456485748291,6.084844643597346,2.780000000000001,2.4764093959731546,2.48,2.48,0,0.0,0.0,0,0.0,0.0,0,0.0,0.0,298,1458.20348072052,737.97,0,0.0,0.0,0,0.0,0.0,,,,,,,,NDT
static,model_static/summary_timeseries.csv,20,18.3,298,119200.0,1163.0774822875155,14.20121742195375,1163 ± 14.2,1136.41357421875,1211.7552490234375,1.940387676626244,0.0022496970965876,1.94 ± 0.00225,1.940000057220459,1.9574874639511108,0.3721090606572333,0.227557946985991,0.3721 ± 0.2276,0.0274833136904463,1.5032500055566438,273.0,0.0,273 ± 0,273.0,273.0,57.180363520679855,0.0009517419748452,57.18 ± 0.0009517,57.17869567871094,57.18233871459961,75.3416748046875,0,1,0,0,0:298,0,0,0.0,model_static,False,mckenzie2003,NDT,4.815825430338815,4.810562133789063,4.748287200927734,4.841817855834961,4.841817855834961,5.987603259087194,2.73,2.451677852348993,2.46,2.46,0,0.0,0.0,0,0.0,0.0,0,0.0,0.0,298,1435.1159782409668,730.5999999999999,0,0.0,0.0,0,0.0,0.0,,,,,,,,NDT
static,model_static/summary_timeseries.csv,20,18.2,298,119200.0,1163.0774822875155,14.20121742195375,1163 ± 14.2,1136.41357421875,1211.7552490234375,1.940387676626244,0.0022496970965876,1.94 ± 0.00225,1.940000057220459,1.9574874639511108,0.3721090606572333,0.227557946985991,0.3721 ± 0.2276,0.0274833136904463,1.5032500055566438,302.0,0.0,302 ± 0,302.0,302.0,63.71099195544352,0.0013758266757773,63.71 ± 0.001376,63.706241607666016,63.71355438232422,75.3416748046875,2,1,2,2,2:298,0,0,0.0,model_static,False,mckenzie2003,NDT,5.158683776855469,5.158683776855469,5.158683776855469,5.158683776855469,5.158683776855469,6.41800661966345,3.02,2.56,2.56,2.56,0,0.0,0.0,0,0.0,0.0,0,0.0,0.0,298,1537.2877655029297,762.88,0,0.0,0.0,0,0.0,0.0,,,,,,,,NDT
static,model_static/summary_timeseries.csv,20,18.1,298,119200.0,1163.0774822875155,14.20121742195375,1163 ± 14.2,1136.41357421875,1211.7552490234375,1.940387676626244,0.0022496970965876,1.94 ± 0.00225,1.940000057220459,1.9574874639511108,0.3721090606572333,0.227557946985991,0.3721 ± 0.2276,0.0274833136904463,1.5032500055566438,336.0,0.0,336 ± 0,336.0,336.0,68.78065168137519,0.0007729778451279,68.78 ± 0.000773,68.77574920654297,68.78216552734375,75.3416748046875,1,1,1,1,1:298,0,0,0.0,model_static,False,mckenzie2003,NDT,5.340587740776523,5.352536678314209,5.287610054016113,5.417771816253662,5.417771816253662,6.646429934525703,3.36,2.616308724832215,2.64,2.64,0,0.0,0.0,0,0.0,0.0,0,0.0,0.0,298,1591.4951467514038,779.6600000000001,0,0.0,0.0,0,0.0,0.0,,,,,,,,NDT
static,model_static/summary_timeseries.csv,20,18.0,298,119200.0,1163.0774822875155,14.20121742195375,1163 ± 14.2,1136.41357421875,1211.7552490234375,1.940387676626244,0.0022496970965876,1.94 ± 0.00225,1.940000057220459,1.9574874639511108,0.3721090606572333,0.227557946985991,0.3721 ± 0.2276,0.0274833136904463,1.5032500055566438,299.0503355704698,0.2186364581108983,299.1 ± 0.2186,299.0,300.0,63.25986566479574,0.0104190525953637,63.26 ± 0.01042,63.25428771972656,63.304725646972656,75.3416748046875,2,1,2,2,2:298,0,0,0.0,model_static,False,mckenzie2003,NDT,5.094472059467495,5.094686031341553,5.094686031341553,5.094686031341553,5.094686031341553,6.337385671244447,2.9905033557046985,2.5399328859060395,2.54,2.54,0,0.0,0.0,0,0.0,0.0,0,0.0,0.0,298,1518.1526737213137,756.8999999999997,0,0.0,0.0,0,0.0,0.0,,,,,,,,NDT
static,model_static/summary_timeseries.csv,20,17.9,298,119200.0,1163.0774822875155,14.20121742195375,1163 ± 14.2,1136.41357421875,1211.7552490234375,1.940387676626244,0.0022496970965876,1.94 ± 0.00225,1.940000057220459,1.9574874639511108,0.3721090606572333,0.227557946985991,0.3721 ± 0.2276,0.0274833136904463,1.5032500055566438,271.0,0.0,271 ± 0,271.0,271.0,55.254335633860336,0.0014217814449091,55.25 ± 0.001422,55.24360656738281,55.25682067871094,75.3416748046875,0,1,0,0,0:298,0,0,0.0,model_static,False,mckenzie2003,NDT,4.737573929281043,4.748287200927734,4.717268466949463,4.748287200927734,4.810562133789063,5.889396868053019,2.7100000000000004,2.426543624161074,2.43,2.45,0,0.0,0.0,0,0.0,0.0,0,0.0,0.0,298,1411.7970309257507,723.1100000000001,0,0.0,0.0,0,0.0,0.0,,,,,,,,NDT
static,model_static/summary_timeseries.csv,20,17.8,298,119200.0,1163.0774822875155,14.20121742195375,1163 ± 14.2,1136.41357421875,1211.7552490234375,1.940387676626244,0.0022496970965876,1.94 ± 0.00225,1.940000057220459,1.9574874639511108,0.3721090606572333,0.227557946985991,0.3721 ± 0.2276,0.0274833136904463,1.5032500055566438,265.51006711409394,0.4998986429405658,265.5 ± 0.4999,265.0,266.0,57.31804799073495,0.0231078387667143,57.32 ± 0.02311,57.29275131225586,57.342716217041016,75.3416748046875,0,1,0,0,0:298,0,0,0.0,model_static,False,mckenzie2003,NDT,4.745789047855659,4.748287200927734,4.717268466949463,4.748287200927734,4.748287200927734,5.899706260775496,2.65510067114094,2.429194630872483,2.43,2.43,0,0.0,0.0,0,0.0,0.0,0,0.0,0.0,298,1414.2451362609863,723.9,0,0.0,0.0,0,0.0,0.0,,,,,,,,NDT
static,model_static/summary_timeseries.csv,20,17.7,298,119200.0,1163.0774822875155,14.20121742195375,1163 ± 14.2,1136.41357421875,1211.7552490234375,1.940387676626244,0.0022496970965876,1.94 ± 0.00225,1.940000057220459,1.9574874639511108,0.3721090606572333,0.227557946985991,0.3721 ± 0.2276,0.0274833136904463,1.5032500055566438,272.0,0.0,272 ± 0,272.0,272.0,53.983259930706666,0.0009784776114791,53.98 ± 0.0009785,53.98141479492188,53.98525238037109,75.3416748046875,0,1,0,0,0:298,0,0,0.0,model_static,False,mckenzie2003,NDT,4.770758924868283,4.748287200927734,4.717268466949463,4.810562133789063,4.810562133789063,5.931043670677213,2.72,2.437214765100671,2.45,2.45,0,0.0,0.0,0,0.0,0.0,0,0.0,0.0,298,1421.6861596107483,726.29,0,0.0,0.0,0,0.0,0.0,,,,,,,,NDT
static,model_static/summary_timeseries.csv,20,17.6,298,119200.0,1163.0774822875155,14.20121742195375,1163 ± 14.2,1136.41357421875,1211.7552490234375,1.940387676626244,0.0022496970965876,1.94 ± 0.00225,1.940000057220459,1.9574874639511108,0.3721090606572333,0.227557946985991,0.3721 ± 0.2276,0.0274833136904463,1.5032500055566438,273.0,0.0,273 ± 0,273.0,273.0,54.822740170779646,0.0040972443165056,54.82 ± 0.004097,54.81665802001953,54.830074310302734,75.3416748046875,0,1,0,0,0:298,0,0,0.0,model_static,False,mckenzie2003,NDT,4.762531056500121,4.748287200927734,4.717268466949463,4.810562133789063,4.810562133789063,5.9207180612033925,2.73,2.434563758389262,2.45,2.45,0,0.0,0.0,0,0.0,0.0,0,0.0,0.0,298,1419.234254837036,725.5,0,0.0,0.0,0,0.0,0.0,,,,,,,,NDT
static,model_static/summary_timeseries.csv,20,17.5,298,119200.0,1163.0774822875155,14.20121742195375,1163 ± 14.2,1136.41357421875,1211.7552490234375,1.940387676626244,0.0022496970965876,1.94 ± 0.00225,1.940000057220459,1.9574874639511108,0.3721090606572333,0.227557946985991,0.3721 ± 0.2276,0.0274833136904463,1.5032500055566438,271.0,0.0,271 ± 0,271.0,271.0,56.10722727423546,0.001299934621276,56.11 ± 0.0013,56.10201644897461,56.10929107666016,75.3416748046875,0,1,0,0,0:298,0,0,0.0,model_static,False,mckenzie2003,NDT,4.686683685187526,4.717268466949463,4.655467987060547,4.717268466949463,4.748287200927734,5.825534965453437,2.7100000000000004,2.41010067114094,2.42,2.43,0,0.0,0.0,0,0.0,0.0,0,0.0,0.0,298,1396.6317381858826,718.21,0,0.0,0.0,0,0.0,0.0,,,,,,,,NDT
static,model_static/summary_timeseries.csv,20,17.4,298,119200.0,1163.0774822875155,14.20121742195375,1163 ± 14.2,1136.41357421875,1211.7552490234375,1.940387676626244,0.0022496970965876,1.94 ± 0.00225,1.940000057220459,1.9574874639511108,0.3721090606572333,0.227557946985991,0.3721 ± 0.2276,0.0274833136904463,1.5032500055566438,271.7013422818792,0.4576694063706672,271.7 ± 0.4577,271.0,272.0,55.53806504627202,0.0204377159222432,55.54 ± 0.02044,55.505279541015625,55.553070068359375,75.3416748046875,0,1,0,0,0:298,0,0,0.0,model_static,False,mckenzie2003,NDT,4.767938940317039,4.748287200927734,4.717268466949463,4.810562133789063,4.810562133789063,5.927504580756923,2.717013422818792,2.4363087248322146,2.45,2.45,0,0.0,0.0,0,0.0,0.0,0,0.0,0.0,298,1420.8458042144775,726.02,0,0.0,0.0,0,0.0,0.0,,,,,,,,NDT
static,model_static/summary_timeseries.csv,20,17.3,298,119200.0,1163.0774822875155,14.20121742195375,1163 ± 14.2,1136.41357421875,1211.7552490234375,1.940387676626244,0.0022496970965876,1.94 ± 0.00225,1.940000057220459,1.9574874639511108,0.3721090606572333,0.227557946985991,0.3721 ± 0.2276,0.0274833136904463,1.5032500055566438,268.9865771812081,0.1150766993253842,269 ± 0.1151,268.0,269.0,57.08220029997346,0.0079600472711207,57.08 ± 0.00796,57.0269775390625,57.08854293823242,75.3416748046875,0,1,0,0,0:298,0,0,0.0,model_static,False,mckenzie2003,NDT,4.743883056128585,4.717268466949463,4.717268466949463,4.810562133789063,4.810562133789063,5.897315575132178,2.689865771812081,2.428557046979866,2.45,2.45,0,0.0,0.0,0,0.0,0.0,0,0.0,0.0,298,1413.6771507263184,723.71,0,0.0,0.0,0,0.0,0.0,,,,,,,,NDT
static,model_static/summary_timeseries.csv,20,17.2,298,119200.0,1163.0774822875155,14.20121742195375,1163 ± 14.2,1136.41357421875,1211.7552490234375,1.940387676626244,0.0022496970965876,1.94 ± 0.00225,1.940000057220459,1.9574874639511108,0.3721090606572333,0.227557946985991,0.3721 ± 0.2276,0.0274833136904463,1.5032500055566438,276.0,0.0,276 ± 0,276.0,276.0,54.77194167783596,0.0029828013589194,54.77 ± 0.002983,54.767608642578125,54.77589416503906,75.3416748046875,0,1,0,0,0:298,0,0,0.0,model_static,False,mckenzie2003,NDT,4.763889000719826,4.748287200927734,4.717268466949463,4.810562133789063,4.810562133789063,5.922422297343327,2.7600000000000007,2.435,2.45,2.45,0,0.0,0.0,0,0.0,0.0,0,0.0,0.0,298,1419.638922214508,725.63,0,0.0,0.0,0,0.0,0.0,,,,,,,,NDT
static,model_static/summary_timeseries.csv,20,17.1,298,119200.0,1163.0774822875155,14.20121742195375,1163 ± 14.2,1136.41357421875,1211.7552490234375,1.940387676626244,0.0022496970965876,1.94 ± 0.00225,1.940000057220459,1.9574874639511108,0.3721090606572333,0.227557946985991,0.3721 ± 0.2276,0.0274833136904463,1.5032500055566438,277.62080536912754,0.4851866267633151,277.6 ± 0.4852,277.0,278.0,57.24214154441885,0.0278545933843373,57.24 ± 0.02785,57.20499801635742,57.273250579833984,75.3416748046875,0,1,0,0,0:298,0,0,0.0,model_static,False,mckenzie2003,NDT,4.839777468034885,4.90456485748291,4.717268466949463,4.90456485748291,4.90456485748291,6.017670170858178,2.776208053691276,2.459261744966443,2.48,2.48,0,0.0,0.0,0,0.0,0.0,0,0.0,0.0,298,1442.2536854743958,732.86,0,0.0,0.0,0,0.0,0.0,,,,,,,,NDT
static,model_static/summary_timeseries.csv,20,17.0,298,119200.0,1163.0774822875155,14.20121742195375,1163 ± 14.2,1136.41357421875,1211.7552490234375,1.940387676626244,0.0022496970965876,1.94 ± 0.00225,1.940000057220459,1.9574874639511108,0.3721090606572333,0.227557946985991,0.3721 ± 0.2276,0.0274833136904463,1.5032500055566438,288.86241610738256,0.3444627194772748,288.9 ± 0.3445,288.0,289.0,60.47845096716145,0.0169357302955702,60.48 ± 0.01694,60.43663024902344,60.49953842163086,75.3416748046875,0,1,0,0,0:298,0,0,0.0,model_static,False,mckenzie2003,NDT,5.015413481117095,5.062804222106934,4.841817855834961,5.062804222106934,5.062804222106934,6.238135250577551,2.888624161073825,2.51503355704698,2.53,2.53,0,0.0,0.0,0,0.0,0.0,0,0.0,0.0,298,1494.5932173728943,749.48,0,0.0,0.0,0,0.0,0.0,,,,,,,,NDT
static,model_static/summary_timeseries.csv,20,16.9,298,119200.0,1163.0774822875155,14.20121742195375,1163 ± 14.2,1136.41357421875,1211.7552490234375,1.940387676626244,0.0022496970965876,1.94 ± 0.00225,1.940000057220459,1.9574874639511108,0.3721090606572333,0.227557946985991,0.3721 ± 0.2276,0.0274833136904463,1.5032500055566438,286.0,0.0,286 ± 0,286.0,286.0,60.4013625279369,0.0017793262927544,60.4 ± 0.001779,60.39753341674805,60.404911041259766,75.3416748046875,0,1,0,0,0:298,0,0,0.0,model_static,False,mckenzie2003,NDT,4.9984252180829145,4.999273777008057,4.999273777008057,4.999273777008057,4.999273777008057,6.216805340922192,2.86,2.5097315436241607,2.51,2.51,0,0.0,0.0,0,0.0,0.0,0,0.0,0.0,298,1489.5307149887085,747.8999999999999,0,0.0,0.0,0,0.0,0.0,,,,,,,,NDT
static,model_static/summary_timeseries.csv,20,16.8,298,119200.0,1163.0774822875155,14.20121742195375,1163 ± 14.2,1136.41357421875,1211.7552490234375,1.940387676626244,0.0022496970965876,1.94 ± 0.00225,1.940000057220459,1.9574874639511108,0.3721090606572333,0.227557946985991,0.3721 ± 0.2276,0.0274833136904463,1.5032500055566438,283.99328859060404,0.0816478191986338,284 ± 0.08165,283.0,284.0,58.58180921669774,0.003807295463676,58.58 ± 0.003807,58.53731536865234,58.58451843261719,75.3416748046875,0,1,0,0,0:298,0,0,0.0,model_static,False,mckenzie2003,NDT,4.973925051273116,4.999273777008057,4.936056137084961,4.999273777008057,4.999273777008057,6.186050031641563,2.83993288590604,2.501979865771812,2.51,2.51,0,0.0,0.0,0,0.0,0.0,0,0.0,0.0,298,1482.2296652793884,745.5899999999999,0,0.0,0.0,0,0.0,0.0,,,,,,,,NDT
static,model_static/summary_timeseries.csv,20,16.7,298,119200.0,1163.0774822875155,14.20121742195375,1163 ± 14.2,1136.41357421875,1211.7552490234375,1.940387676626244,0.0022496970965876,1.94 ± 0.00225,1.940000057220459,1.9574874639511108,0.3721090606572333,0.227557946985991,0.3721 ± 0.2276,0.0274833136904463,1.5032500055566438,294.8590604026846,0.3479592321292811,294.9 ± 0.348,294.0,295.0,58.16613426464516,0.0194221799181797,58.17 ± 0.01942,58.11684799194336,58.17990493774414,75.3416748046875,0,1,0,0,0:298,0,0,0.0,model_static,False,mckenzie2003,NDT,4.992345288295874,4.999273777008057,4.90456485748291,5.094686031341553,5.094686031341553,6.209174543903804,2.9485906040268453,2.5077852348993286,2.54,2.54,0,0.0,0.0,0,0.0,0.0,0,0.0,0.0,298,1487.7188959121704,747.3199999999999,0,0.0,0.0,0,0.0,0.0,,,,,,,,NDT
static,model_static/summary_timeseries.csv,20,16.6,298,119200.0,1163.0774822875155,14.20121742195375,1163 ± 14.2,1136.41357421875,1211.7552490234375,1.940387676626244,0.0022496970965876,1.94 ± 0.00225,1.940000057220459,1.9574874639511108,0.3721090606572333,0.227557946985991,0.3721 ± 0.2276,0.0274833136904463,1.5032500055566438,296.0,0.0,296 ± 0,296.0,296.0,60.01970885103981,0.0026718926800428,60.02 ± 0.002672,60.01148223876953,60.02468490600586,75.3416748046875,0,1,0,0,0:298,0,0,0.0,model_static,False,mckenzie2003,NDT,4.963443957719226,4.936056137084961,4.90456485748291,4.999273777008057,5.062804222106934,6.172893367360739,2.9600000000000004,2.4986577181208056,2.51,2.53,0,0.0,0.0,0,0.0,0.0,0,0.0,0.0,298,1479.1062994003296,744.6,0,0.0,0.0,0,0.0,0.0,,,,,,,,NDT
static,model_static/summary_timeseries.csv,20,16.5,298,119200.0,1163.0774822875155,14.20121742195375,1163 ± 14.2,1136.41357421875,1211.7552490234375,1.940387676626244,0.0022496970965876,1.94 ± 0.00225,1.940000057220459,1.9574874639511108,0.3721090606572333,0.227557946985991,0.3721 ± 0.2276,0.0274833136904463,1.5032500055566438,295.503355704698,0.4999887391191724,295.5 ± 0.5,295.0,296.0,59.12065390772467,0.0256783767380708,59.12 ± 0.02568,59.08221435546875,59.1507682800293,75.3416748046875,0,1,0,0,0:298,0,0,0.0,model_static,False,mckenzie2003,NDT,4.956032751390598,4.936056137084961,4.90456485748291,4.999273777008057,5.094686031341553,6.163590260457008,2.95503355704698,2.4963087248322147,2.51,2.54,0,0.0,0.0,0,0.0,0.0,0,0.0,0.0,298,1476.8977599143982,743.9,0,0.0,0.0,0,0.0,0.0,,,,,,,,NDT
static,model_static/summary_timeseries.csv,20,16.4,298,119200.0,1163.0774822875155,14.20121742195375,1163 ± 14.2,1136.41357421875,1211.7552490234375,1.940387676626244,0.0022496970965876,1.94 ± 0.00225,1.940000057220459,1.9574874639511108,0.3721090606572333,0.227557946985991,0.3721 ± 0.2276,0.0274833136904463,1.5032500055566438,300.99328859060404,0.0816478191986338,301 ± 0.08165,300.0,301.0,62.2829808228768,0.0044204313693663,62.28 ± 0.00442,62.23332977294922,62.28668975830078,75.3416748046875,0,1,0,0,0:298,0,0,0.0,model_static,False,mckenzie2003,NDT,5.158683776855469,5.158683776855469,5.158683776855469,5.158683776855469,5.158683776855469,6.41800661966345,3.0099328859060406,2.56,2.56,2.56,0,0.0,0.0,0,0.0,0.0,0,0.0,0.0,298,1537.2877655029297,762.88,0,0.0,0.0,0,0.0,0.0,,,,,,,,NDT
static,model_static/summary_timeseries.csv,20,16.3,298,119200.0,1163.0774822875155,14.20121742195375,1163 ± 14.2,1136.41357421875,1211.7552490234375,1.940387676626244,0.0022496970965876,1.94 ± 0.00225,1.940000057220459,1.9574874639511108,0.3721090606572333,0.227557946985991,0.3721 ± 0.2276,0.0274833136904463,1.5032500055566438,308.0,0.0,308 ± 0,308.0,308.0,61.32671581498729,0.0008911972831162,61.33 ± 0.0008912,61.323951721191406,61.32841873168945,75.3416748046875,0,1,0,0,0:298,0,0,0.0,model_static,False,mckenzie2003,NDT,5.204876352476593,5.190799236297607,5.158683776855469,5.25526237487793,5.25526237487793,6.476008192572767,3.08,2.5743624161073826,2.59,2.59,0,0.0,0.0,0,0.0,0.0,0,0.0,0.0,298,1551.053153038025,767.16,0,0.0,0.0,0,0.0,0.0,,,,,,,,NDT
static,model_static/summary_timeseries.csv,20,16.2,298,119200.0,1163.0774822875155,14.20121742195375,1163 ± 14.2,1136.41357421875,1211.7552490234375,1.940387676626244,0.0022496970965876,1.94 ± 0.00225,1.940000057220459,1.9574874639511108,0.3721090606572333,0.227557946985991,0.3721 ± 0.2276,0.0274833136904463,1.5032500055566438,326.2852348993289,0.4515262467827475,326.3 ± 0.4515,326.0,327.0,65.66552588443628,0.0200237351367173,65.67 ± 0.02002,65.64742279052734,65.69857788085938,75.3416748046875,0,1,0,0,0:298,0,0,0.0,model_static,False,mckenzie2003,NDT,5.427344347806585,5.417771816253662,5.352536678314209,5.450504779815674,5.450504779815674,6.755388499148323,3.262852348993289,2.642919463087248,2.65,2.65,0,0.0,0.0,0,0.0,0.0,0,0.0,0.0,298,1617.3486156463623,787.5899999999999,0,0.0,0.0,0,0.0,0.0,,,,,,,,NDT
static,model_static/summary_timeseries.csv,20,16.1,298,119200.0,1163.0774822875155,14.20121742195375,1163 ± 14.2,1136.41357421875,1211.7552490234375,1.940387676626244,0.0022496970965876,1.94 ± 0.00225,1.940000057220459,1.9574874639511108,0.3721090606572333,0.227557946985991,0.3721 ± 0.2276,0.0274833136904463,1.5032500055566438,328.0,0.0,328 ± 0,328.0,328.0,65.85393004449422,0.0049496347197344,65.85 ± 0.00495,65.84947204589844,65.86392974853516,75.3416748046875,0,1,0,0,0:298,0,0,0.0,model_static,False,mckenzie2003,NDT,5.406852448546647,5.450504779815674,5.287610054016113,5.450504779815674,5.450504779815674,6.7296538573283415,3.28,2.636610738255033,2.65,2.65,0,0.0,0.0,0,0.0,0.0,0,0.0,0.0,298,1611.2420296669006,785.7099999999999,0,0.0,0.0,0,0.0,0.0,,,,,,,,NDT
static,model_static/summary_timeseries.csv,20,16.0,298,119200.0,1163.0774822875155,14.20121742195375,1163 ± 14.2,1136.41357421875,1211.7552490234375,1.940387676626244,0.0022496970965876,1.94 ± 0.00225,1.940000057220459,1.9574874639511108,0.3721090606572333,0.227557946985991,0.3721 ± 0.2276,0.0274833136904463,1.5032500055566438,326.0,0.0,326 ± 0,326.0,326.0,67.19709544853876,0.0010201306231294,67.2 ± 0.00102,67.19530487060547,67.1987533569336,75.3416748046875,0,1,0,0,0:298,0,0,0.0,model_static,False,mckenzie2003,NDT,5.309190505302992,5.287610054016113,5.25526237487793,5.352536678314209,5.352536678314209,6.6069998090225335,3.2600000000000007,2.6066442953020137,2.62,2.62,0,0.0,0.0,0,0.0,0.0,0,0.0,0.0,298,1582.1387705802915,776.7800000000001,0,0.0,0.0,0,0.0,0.0,,,,,,,,NDT
static,model_static/summary_timeseries.csv,20,15.9,298,119200.0,1163.0774822875155,14.20121742195375,1163 ± 14.2,1136.41357421875,1211.7552490234375,1.940387676626244,0.0022496970965876,1.94 ± 0.00225,1.940000057220459,1.9574874639511108,0.3721090606572333,0.227557946985991,0.3721 ± 0.2276,0.0274833136904463,1.5032500055566438,326.996644295302,0.0578311675825976,327 ± 0.05783,326.0,327.0,67.41061227273622,0.0027219191474322,67.41 ± 0.002722,67.3674087524414,67.41287994384766,75.3416748046875,2,1,2,2,2:298,0,0,0.0,model_static,False,mckenzie2003,NDT,5.359591228049873,5.352536678314209,5.287610054016113,5.417771816253662,5.417771816253662,6.67029604001559,3.26996644295302,2.622147651006712,2.64,2.64,0,0.0,0.0,0,0.0,0.0,0,0.0,0.0,298,1597.1581859588623,781.4000000000001,0,0.0,0.0,0,0.0,0.0,,,,,,,,NDT
static,model_static/summary_timeseries.csv,20,15.8,298,119200.0,1163.0774822875155,14.20121742195375,1163 ± 14.2,1136.41357421875,1211.7552490234375,1.940387676626244,0.0022496970965876,1.94 ± 0.00225,1.940000057220459,1.9574874639511108,0.3721090606572333,0.227557946985991,0.3721 ± 0.2276,0.0274833136904463,1.5032500055566438,329.0,0.0,329 ± 0,329.0,329.0,68.4260581355767,0.0009905257303873,68.43 ± 0.0009905,68.42400360107422,68.42790222167969,75.3416748046875,2,1,2,2,2:298,0,0,0.0,model_static,False,mckenzie2003,NDT,5.318883206220281,5.287610054016113,5.287610054016113,5.352536678314209,5.417771816253662,6.619172176094793,3.29,2.6096308724832222,2.62,2.64,0,0.0,0.0,0,0.0,0.0,0,0.0,0.0,298,1585.0271954536438,777.6700000000002,0,0.0,0.0,0,0.0,0.0,,,,,,,,NDT
static,model_static/summary_timeseries.csv,20,15.7,298,119200.0,1163.0774822875155,14.20121742195375,1163 ± 14.2,1136.41357421875,1211.7552490234375,1.940387676626244,0.0022496970965876,1.94 ± 0.00225,1.940000057220459,1.9574874639511108,0.3721090606572333,0.227557946985991,0.3721 ± 0.2276,0.0274833136904463,1.5032500055566438,326.16442953020135,0.3706648888134781,326.2 ± 0.3707,326.0,327.0,67.22253917207654,0.0192770117648179,67.22 ± 0.01928,67.2059555053711,67.26531982421875,75.3416748046875,2,1,2,2,2:298,0,0,0.0,model_static,False,mckenzie2003,NDT,5.333619215344423,5.287610054016113,5.287610054016113,5.450504779815674,5.450504779815674,6.637680624068996,3.2616442953020144,2.6141275167785234,2.65,2.65,0,0.0,0.0,0,0.0,0.0,0,0.0,0.0,298,1589.418526172638,779.01,0,0.0,0.0,0,0.0,0.0,,,,,,,,NDT
static,model_static/summary_timeseries.csv,20,15.6,298,119200.0,1163.0774822875155,14.20121742195375,1163 ± 14.2,1136.41357421875,1211.7552490234375,1.940387676626244,0.0022496970965876,1.94 ± 0.00225,1.940000057220459,1.9574874639511108,0.3721090606572333,0.227557946985991,0.3721 ± 0.2276,0.0274833136904463,1.5032500055566438,329.0,0.0,329 ± 0,329.0,329.0,73.26659877188254,0.0016058314135144,73.27 ± 0.001606,73.26443481445312,73.27167510986328,75.3416748046875,2,1,2,2,2:298,0,0,0.0,model_static,False,mckenzie2003,NDT,5.387786341993601,5.417771816253662,5.352536678314209,5.417771816253662,5.417771816253662,6.705706032164295,3.29,2.630805369127517,2.64,2.64,0,0.0,0.0,0,0.0,0.0,0,0.0,0.0,298,1605.560329914093,783.9800000000001,0,0.0,0.0,0,0.0,0.0,,,,,,,,NDT
static,model_static/summary_timeseries.csv,20,15.5,298,119200.0,1163.0774822875155,14.20121742195375,1163 ± 14.2,1136.41357421875,1211.7552490234375,1.940387676626244,0.0022496970965876,1.94 ± 0.00225,1.940000057220459,1.9574874639511108,0.3721090606572333,0.227557946985991,0.3721 ± 0.2276,0.0274833136904463,1.5032500055566438,333.9295302013423,0.2559371136331321,333.9 ± 0.2559,333.0,334.0,72.2953228790488,0.0121139534194899,72.3 ± 0.01211,72.23920440673828,72.30015563964844,75.3416748046875,2,1,2,2,2:298,0,0,0.0,model_static,False,mckenzie2003,NDT,5.356759602591495,5.352536678314209,5.287610054016113,5.417771816253662,5.516200542449951,6.666740008881889,3.3392953020134226,2.621275167785236,2.64,2.67,0,0.0,0.0,0,0.0,0.0,0,0.0,0.0,298,1596.3143615722656,781.1400000000002,0,0.0,0.0,0,0.0,0.0,,,,,,,,NDT
static,model_static/summary_timeseries.csv,20,15.4,298,119200.0,1163.0774822875155,14.20121742195375,1163 ± 14.2,1136.41357421875,1211.7552490234375,1.940387676626244,0.0022496970965876,1.94 ± 0.00225,1.940000057220459,1.9574874639511108,0.3721090606572333,0.227557946985991,0.3721 ± 0.2276,0.0274833136904463,1.5032500055566438,336.17785234899327,0.3823884032640871,336.2 ± 0.3824,336.0,337.0,75.03854792550106,0.0184146131574769,75.04 ± 0.01841,75.01692199707031,75.07853698730469,75.3416748046875,2,1,2,2,2:298,0,0,0.0,model_static,False,mckenzie2003,NDT,5.383376630360648,5.352536678314209,5.352536678314209,5.516200542449951,5.516200542449951,6.700169303742138,3.361778523489933,2.629429530201343,2.67,2.67,0,0.0,0.0,0,0.0,0.0,0,0.0,0.0,298,1604.2462358474731,783.5700000000002,0,0.0,0.0,0,0.0,0.0,,,,,,,,NDT
static,model_static/summary_timeseries.csv,20,15.3,298,119200.0,1163.0774822875155,14.20121742195375,1163 ± 14.2,1136.41357421875,1211.7552490234375,1.940387676626244,0.0022496970965876,1.94 ± 0.00225,1.940000057220459,1.9574874639511108,0.3721090606572333,0.227557946985991,0.3721 ± 0.2276,0.0274833136904463,1.5032500055566438,342.0,0.0,342 ± 0,342.0,342.0,77.97256229067808,0.0022715230568664,77.97 ± 0.002272,77.95943450927734,77.97502899169922,75.3416748046875,2,1,2,2,2:298,0,0,0.0,model_static,False,mckenzie2003,NDT,5.437886814143034,5.417771816253662,5.417771816253662,5.516200542449951,5.549163341522217,6.768629652030098,3.420000000000001,2.6461409395973154,2.67,2.68,0,0.0,0.0,0,0.0,0.0,0,0.0,0.0,298,1620.490270614624,788.55,0,0.0,0.0,0,0.0,0.0,,,,,,,,NDT
static,model_static/summary_timeseries.csv,20,15.2,298,119200.0,1163.0774822875155,14.20121742195375,1163 ± 14.2,1136.41357421875,1211.7552490234375,1.940387676626244,0.0022496970965876,1.94 ± 0.00225,1.940000057220459,1.9574874639511108,0.3721090606572333,0.227557946985991,0.3721 ± 0.2276,0.0274833136904463,1.5032500055566438,347.16107382550337,0.3675990318826618,347.2 ± 0.3676,347.0,348.0,76.78568984678128,0.0159220959282266,76.79 ± 0.01592,76.77644348144531,76.82302856445312,75.3416748046875,1,1,1,1,1:298,0,0,0.0,model_static,False,mckenzie2003,NDT,5.55063980217748,5.549163341522217,5.516200542449951,5.615318298339844,5.615318298339844,6.910255451935792,3.4716107382550336,2.6804362416107383,2.7,2.7,0,0.0,0.0,0,0.0,0.0,0,0.0,0.0,298,1654.0906610488892,798.77,0,0.0,0.0,0,0.0,0.0,,,,,,,,NDT
static,model_static/summary_timeseries.csv,20,15.1,298,119200.0,1163.0774822875155,14.20121742195375,1163 ± 14.2,1136.41357421875,1211.7552490234375,1.940387676626244,0.0022496970965876,1.94 ± 0.00225,1.940000057220459,1.9574874639511108,0.3721090606572333,0.227557946985991,0.3721 ± 0.2276,0.0274833136904463,1.5032500055566438,353.2751677852349,0.4465987854929967,353.3 ± 0.4466,353.0,354.0,76.25813936067108,0.0251586736701978,76.26 ± 0.02516,76.23745727539062,76.30030822753906,75.3416748046875,1,1,1,1,1:298,0,0,0.0,model_static,False,mckenzie2003,NDT,5.673229625561094,5.715122222900391,5.549163341522217,5.715122222900391,5.715122222900391,7.064258421532059,3.532751677852349,2.71738255033557,2.73,2.73,0,0.0,0.0,0,0.0,0.0,0,0.0,0.0,298,1690.6224284172058,809.78,0,0.0,0.0,0,0.0,0.0,,,,,,,,NDT
static,model_static/summary_timeseries.csv,20,15.0,298,119200.0,1163.0774822875155,14.20121742195375,1163 ± 14.2,1136.41357421875,1211.7552490234375,1.940387676626244,0.0022496970965876,1.94 ± 0.00225,1.940000057220459,1.9574874639511108,0.3721090606572333,0.227557946985991,0.3721 ± 0.2276,0.0274833136904463,1.5032500055566438,350.9865771812081,0.1150766993253842,351 ± 0.1151,350.0,351.0,74.30377210066622,0.0052507687887743,74.3 ± 0.005251,74.258544921875,74.3063735961914,75.3416748046875,1,1,1,1,1:298,0,0,0.0,model_static,False,mckenzie2003,NDT,5.584915529161492,5.615318298339844,5.549163341522217,5.620297050476074,5.648509979248047,6.953311702845232,3.509865771812081,2.690805369127516,2.7015,2.71,0,0.0,0.0,0,0.0,0.0,0,0.0,0.0,298,1664.3048276901245,801.8599999999999,0,0.0,0.0,0,0.0,0.0,,,,,,,,NDT
static,model_static/summary_timeseries.csv,20,14.9,298,119200.0,1163.0774822875155,14.20121742195375,1163 ± 14.2,1136.41357421875,1211.7552490234375,1.940387676626244,0.0022496970965876,1.94 ± 0.00225,1.940000057220459,1.9574874639511108,0.3721090606572333,0.227557946985991,0.3721 ± 0.2276,0.0274833136904463,1.5032500055566438,354.0,0.0,354 ± 0,354.0,354.0,71.38703624034088,0.0010924301651718,71.39 ± 0.001092,71.38465881347656,71.38955688476562,75.3416748046875,1,1,1,1,1:298,0,0,0.0,model_static,False,mckenzie2003,NDT,5.699028757594576,5.715122222900391,5.648509979248047,5.715122222900391,5.715122222900391,7.096667887819875,3.54,2.7251677852349,2.73,2.73,0,0.0,0.0,0,0.0,0.0,0,0.0,0.0,298,1698.3105697631836,812.1000000000001,0,0.0,0.0,0,0.0,0.0,,,,,,,,NDT
static,model_static/summary_timeseries.csv,20,14.8,298,119200.0,1163.0774822875155,14.20121742195375,1163 ± 14.2,1136.41357421875,1211.7552490234375,1.940387676626244,0.0022496970965876,1.94 ± 0.00225,1.940000057220459,1.9574874639511108,0.3721090606572333,0.227557946985991,0.3721 ± 0.2276,0.0274833136904463,1.5032500055566438,353.8993288590604,0.3008927754558375,353.9 ± 0.3009,353.0,354.0,73.96331113776904,0.0142573145331113,73.96 ± 0.01426,73.91561126708984,73.97119903564453,75.3416748046875,1,1,1,1,1:298,0,0,0.0,model_static,False,mckenzie2003,NDT,5.608364114825357,5.615318298339844,5.549163341522217,5.648509979248047,5.648509979248047,6.98276808460853,3.5389932885906035,2.6978859060402685,2.71,2.71,0,0.0,0.0,0,0.0,0.0,0,0.0,0.0,298,1671.2925062179563,803.97,0,0.0,0.0,0,0.0,0.0,,,,,,,,NDT
static,model_static/summary_timeseries.csv,20,14.7,298,119200.0,1163.0774822875155,14.20121742195375,1163 ± 14.2,1136.41357421875,1211.7552490234375,1.940387676626244,0.0022496970965876,1.94 ± 0.00225,1.940000057220459,1.9574874639511108,0.3721090606572333,0.227557946985991,0.3721 ± 0.2276,0.0274833136904463,1.5032500055566438,359.0,0.0,359 ± 0,359.0,359.0,72.95094847199101,0.0032819815235321,72.95 ± 0.003282,72.94107818603516,72.95409393310547,75.3416748046875,1,1,1,1,1:298,0,0,0.0,model_static,False,mckenzie2003,NDT,5.642095168964975,5.615318298339844,5.615318298339844,5.715122222900391,5.715122222900391,7.025142423190701,3.5900000000000007,2.708053691275168,2.73,2.73,0,0.0,0.0,0,0.0,0.0,0,0.0,0.0,298,1681.3443603515625,807.0,0,0.0,0.0,0,0.0,0.0,,,,,,,,NDT
static,model_static/summary_timeseries.csv,20,14.6,298,119200.0,1163.0774822875155,14.20121742195375,1163 ± 14.2,1136.41357421875,1211.7552490234375,1.940387676626244,0.0022496970965876,1.94 ± 0.00225,1.940000057220459,1.9574874639511108,0.3721090606572333,0.227557946985991,0.3721 ± 0.2276,0.0274833136904463,1.5032500055566438,374.996644295302,0.0578311675825976,375 ± 0.05783,374.0,375.0,76.60315299834181,0.002747105692476,76.6 ± 0.002747,76.5606689453125,76.60565185546875,75.3416748046875,1,1,1,1,1:298,0,0,0.0,model_static,False,mckenzie2003,NDT,5.835422531870387,5.815610408782959,5.748542785644531,5.882981300354004,5.882981300354004,7.268036652411173,3.74996644295302,2.7658724832214765,2.78,2.78,0,0.0,0.0,0,0.0,0.0,0,0.0,0.0,298,1738.9559144973755,824.23,0,0.0,0.0,0,0.0,0.0,,,,,,,,NDT
static,model_static/summary_timeseries.csv,20,14.5,298,119200.0,1163.0774822875155,14.20121742195375,1163 ± 14.2,1136.41357421875,1211.7552490234375,1.940387676626244,0.0022496970965876,1.94 ± 0.00225,1.940000057220459,1.9574874639511108,0.3721090606572333,0.227557946985991,0.3721 ± 0.2276,0.0274833136904463,1.5032500055566438,385.0,0.0,385 ± 0,385.0,385.0,78.33054635988786,0.0006979201797939,78.33 ± 0.0006979,78.32930755615234,78.33158874511719,75.3416748046875,1,1,1,1,1:298,0,0,0.0,model_static,False,mckenzie2003,NDT,5.934667256054462,5.9167799949646,5.882981300354004,5.9846038818359375,5.9846038818359375,7.392744287374522,3.850000000000001,2.795268456375839,2.81,2.81,0,0.0,0.0,0,0.0,0.0,0,0.0,0.0,298,1768.5308423042295,832.99,0,0.0,0.0,0,0.0,0.0,,,,,,,,NDT
static,model_static/summary_timeseries.csv,20,14.4,298,119200.0,1163.0774822875155,14.20121742195375,1163 ± 14.2,1136.41357421875,1211.7552490234375,1.940387676626244,0.0022496970965876,1.94 ± 0.00225,1.940000057220459,1.9574874639511108,0.3721090606572333,0.227557946985991,0.3721 ± 0.2276,0.0274833136904463,1.5032500055566438,395.16442953020135,0.3706648888134781,395.2 ± 0.3707,395.0,396.0,78.1877420412614,0.0192329476004326,78.19 ± 0.01923,78.17488098144531,78.23141479492188,75.3416748046875,1,1,1,1,1:298,0,0,0.0,model_static,False,mckenzie2003,NDT,6.003454531599211,6.0186285972595215,5.9167799949646,6.08690357208252,6.08690357208252,7.47918887950363,3.951644295302013,2.815503355704698,2.84,2.84,0,0.0,0.0,0,0.0,0.0,0,0.0,0.0,298,1789.029450416565,839.02,0,0.0,0.0,0,0.0,0.0,,,,,,,,NDT
static,model_static/summary_timeseries.csv,20,14.3,298,119200.0,1163.0774822875155,14.20121742195375,1163 ± 14.2,1136.41357421875,1211.7552490234375,1.940387676626244,0.0022496970965876,1.94 ± 0.00225,1.940000057220459,1.9574874639511108,0.3721090606572333,0.227557946985991,0.3721 ± 0.2276,0.0274833136904463,1.5032500055566438,388.1107382550336,0.3138077339800278,388.1 ± 0.3138,388.0,389.0,78.62382386994842,0.0145247692311419,78.62 ± 0.01452,78.60943603515625,78.66458129882812,75.3416748046875,1,1,1,1,1:298,0,0,0.0,model_static,False,mckenzie2003,NDT,5.847040406809557,5.815610408782959,5.815610408782959,5.882981300354004,5.9167799949646,7.28263438256625,3.881107382550335,2.7693288590604026,2.78,2.79,0,0.0,0.0,0,0.0,0.0,0,0.0,0.0,298,1742.418041229248,825.26,0,0.0,0.0,0,0.0,0.0,,,,,,,,NDT
static,model_static/summary_timeseries.csv,20,14.2,298,119200.0,1163.0774822875155,14.20121742195375,1163 ± 14.2,1136.41357421875,1211.7552490234375,1.940387676626244,0.0022496970965876,1.94 ± 0.00225,1.940000057220459,1.9574874639511108,0.3721090606572333,0.227557946985991,0.3721 ± 0.2276,0.0274833136904463,1.5032500055566438,377.0,0.0,377 ± 0,377.0,377.0,74.53836866033157,0.0011419786787783,74.54 ± 0.001142,74.52982330322266,74.54014587402344,75.3416748046875,1,1,1,1,1:298,0,0,0.0,model_static,False,mckenzie2003,NDT,5.875772684212499,5.882981300354004,5.815610408782959,5.9167799949646,5.9167799949646,7.318737582547609,3.77,2.7778523489932883,2.79,2.79,0,0.0,0.0,0,0.0,0.0,0,0.0,0.0,298,1750.9802598953247,827.8,0,0.0,0.0,0,0.0,0.0,,,,,,,,NDT
static,model_static/summary_timeseries.csv,20,14.1,298,119200.0,1163.0774822875155,14.20121742195375,1163 ± 14.2,1136.41357421875,1211.7552490234375,1.940387676626244,0.0022496970965876,1.94 ± 0.00225,1.940000057220459,1.9574874639511108,0.3721090606572333,0.227557946985991,0.3721 ± 0.2276,0.0274833136904463,1.5032500055566438,363.4127516778523,0.4923288842658124,363.4 ± 0.4923,363.0,364.0,74.9843937150584,0.0227010068184136,74.98 ± 0.0227,74.95230102539062,75.0160140991211,75.3416748046875,1,1,1,1,1:298,0,0,0.0,model_static,False,mckenzie2003,NDT,5.624292503267327,5.615318298339844,5.549163341522217,5.715122222900391,5.748542785644531,7.002778151043369,3.6341275167785234,2.7026845637583894,2.73,2.74,0,0.0,0.0,0,0.0,0.0,0,0.0,0.0,298,1676.039165973663,805.4,0,0.0,0.0,0,0.0,0.0,,,,,,,,NDT
static,model_static/summary_timeseries.csv,20,14.0,298,119200.0,1163.0774822875155,14.20121742195375,1163 ± 14.2,1136.41357421875,1211.7552490234375,1.940387676626244,0.0022496970965876,1.94 ± 0.00225,1.940000057220459,1.9574874639511108,0.3721090606572333,0.227557946985991,0.3721 ± 0.2276,0.0274833136904463,1.5032500055566438,362.5771812080537,0.4940071468343072,362.6 ± 0.494,362.0,363.0,72.92305420229098,0.0266581201239615,72.92 ± 0.02666,72.88883209228516,72.95549774169922,75.3416748046875,1,1,1,1,1:298,0,0,0.0,model_static,False,mckenzie2003,NDT,5.693937322437363,5.748542785644531,5.516200542449951,5.748542785644531,5.748542785644531,7.090276117449965,3.625771812080537,2.7235570469798662,2.74,2.74,0,0.0,0.0,0,0.0,0.0,0,0.0,0.0,298,1696.7933220863342,811.6200000000001,0,0.0,0.0,0,0.0,0.0,,,,,,,,NDT
static,model_static/summary_timeseries.csv,20,13.9,298,119200.0,1163.0774822875155,14.20121742195375,1163 ± 14.2,1136.41357421875,1211.7552490234375,1.940387676626244,0.0022496970965876,1.94 ± 0.00225,1.940000057220459,1.9574874639511108,0.3721090606572333,0.227557946985991,0.3721 ± 0.2276,0.0274833136904463,1.5032500055566438,379.0,0.0,379 ± 0,379.0,379.0,75.29663080817102,0.0025257355532865,75.3 ± 0.002526,75.29277038574219,75.30152130126953,75.3416748046875,1,1,1,1,1:298,0,0,0.0,model_static,False,mckenzie2003,NDT,5.746270731791554,5.748542785644531,5.648509979248047,5.815610408782959,5.815610408782959,7.156022033751841,3.79,2.739295302013423,2.76,2.76,0,0.0,0.0,0,0.0,0.0,0,0.0,0.0,298,1712.388678073883,816.3100000000001,0,0.0,0.0,0,0.0,0.0,,,,,,,,NDT
static,model_static/summary_timeseries.csv,20,13.8,298,119200.0,1163.0774822875155,14.20121742195375,1163 ± 14.2,1136.41357421875,1211.7552490234375,1.940387676626244,0.0022496970965876,1.94 ± 0.00225,1.940000057220459,1.9574874639511108,0.3721090606572333,0.227557946985991,0.3721 ± 0.2276,0.0274833136904463,1.5032500055566438,391.993288590604,0.0816478191986338,392 ± 0.08165,391.0,392.0,76.77992683769072,0.0039098856170786,76.78 ± 0.00391,76.73423767089844,76.78296661376953,75.3416748046875,1,1,1,1,1:298,0,0,0.0,model_static,False,mckenzie2003,NDT,6.006301276635804,6.0186285972595215,5.9846038818359375,6.0186285972595215,6.0186285972595215,7.482764098909583,3.9199328859060407,2.8163758389261746,2.82,2.82,0,0.0,0.0,0,0.0,0.0,0,0.0,0.0,298,1789.8777804374697,839.28,0,0.0,0.0,0,0.0,0.0,,,,,,,,NDT
static,model_static/summary_timeseries.csv,20,13.7,298,119200.0,1163.0774822875155,14.20121742195375,1163 ± 14.2,1136.41357421875,1211.7552490234375,1.940387676626244,0.0022496970965876,1.94 ± 0.00225,1.940000057220459,1.9574874639511108,0.3721090606572333,0.227557946985991,0.3721 ± 0.2276,0.0274833136904463,1.5032500055566438,398.993288590604,0.0816478191986338,399 ± 0.08165,398.0,399.0,80.32285198749312,0.0050281408865477,80.32 ± 0.005028,80.27689361572266,80.32960510253906,75.3416748046875,1,1,1,1,1:298,0,0,0.0,model_static,False,mckenzie2003,NDT,5.984441374772347,6.0186285972595215,5.9167799949646,6.0186285972595215,6.0186285972595215,7.4552937169958735,3.989932885906042,2.80993288590604,2.82,2.82,0,0.0,0.0,0,0.0,0.0,0,0.0,0.0,298,1783.3635296821594,837.3599999999999,0,0.0,0.0,0,0.0,0.0,,,,,,,,NDT
static,model_static/summary_timeseries.csv,20,13.6,298,119200.0,1163.0774822875155,14.20121742195375,1163 ± 14.2,1136.41357421875,1211.7552490234375,1.940387676626244,0.0022496970965876,1.94 ± 0.00225,1.940000057220459,1.9574874639511108,0.3721090606572333,0.227557946985991,0.3721 ± 0.2276,0.0274833136904463,1.5032500055566438,403.0,0.0,403 ± 0,403.0,403.0,78.10854659624547,0.0007273310630458,78.11 ± 0.0007273,78.1068344116211,78.10987854003906,75.3416748046875,1,1,1,1,1:298,0,0,0.0,model_static,False,mckenzie2003,NDT,6.059887436412325,6.08690357208252,5.9846038818359375,6.121153831481934,6.121153831481934,7.5501091995316445,4.03,2.832080536912752,2.85,2.85,0,0.0,0.0,0,0.0,0.0,0,0.0,0.0,298,1805.8464560508728,843.96,0,0.0,0.0,0,0.0,0.0,,,,,,,,NDT
static,model_static/summary_timeseries.csv,20,13.5,298,119200.0,1163.0774822875155,14.20121742195375,1163 ± 14.2,1136.41357421875,1211.7552490234375,1.940387676626244,0.0022496970965876,1.94 ± 0.00225,1.940000057220459,1.9574874639511108,0.3721090606572333,0.227557946985991,0.3721 ± 0.2276,0.0274833136904463,1.5032500055566438,398.993288590604,0.0816478191986338,399 ± 0.08165,398.0,399.0,79.8318582829213,0.0041761704056869,79.83 ± 0.004176,79.78620910644531,79.83619689941406,75.3416748046875,1,1,1,1,1:298,0,0,0.0,model_static,False,mckenzie2003,NDT,5.984541192150756,5.9846038818359375,5.9167799949646,6.0186285972595215,6.0186285972595215,7.455418852034006,3.989932885906042,2.80996644295302,2.82,2.82,0,0.0,0.0,0,0.0,0.0,0,0.0,0.0,298,1783.3932752609253,837.3699999999999,0,0.0,0.0,0,0.0,0.0,,,,,,,,NDT
static,model_static/summary_timeseries.csv,20,13.4,298,119200.0,1163.0774822875155,14.20121742195375,1163 ± 14.2,1136.41357421875,1211.7552490234375,1.940387676626244,0.0022496970965876,1.94 ± 0.00225,1.940000057220459,1.9574874639511108,0.3721090606572333,0.227557946985991,0.3721 ± 0.2276,0.0274833136904463,1.5032500055566438,394.9395973154362,0.2382314006617295,394.9 ± 0.2382,394.0,395.0,76.68013292351026,0.0113649169217546,76.68 ± 0.01136,76.63334655761719,76.68467712402344,75.3416748046875,1,1,1,1,1:298,0,0,0.0,model_static,False,mckenzie2003,NDT,5.948646603014645,5.9167799949646,5.9167799949646,5.9846038818359375,6.0186285972595215,7.410311079793972,3.949395973154363,2.799395973154362,2.81,2.82,0,0.0,0.0,0,0.0,0.0,0,0.0,0.0,298,1772.6966876983645,834.2199999999999,0,0.0,0.0,0,0.0,0.0,,,,,,,,NDT
static,model_static/summary_timeseries.csv,20,13.3,298,119200.0,1163.0774822875155,14.20121742195375,1163 ± 14.2,1136.41357421875,1211.7552490234375,1.940387676626244,0.0022496970965876,1.94 ± 0.00225,1.940000057220459,1.9574874639511108,0.3721090606572333,0.227557946985991,0.3721 ± 0.2276,0.0274833136904463,1.5032500055566438,393.8255033557047,0.379535986995938,393.8 ± 0.3795,393.0,394.0,78.32144252085845,0.0169080728719046,78.32 ± 0.01691,78.27758026123047,78.3313217163086,75.3416748046875,1,1,1,1,1:298,0,0,0.0,model_static,False,mckenzie2003,NDT,5.969598378111052,5.9846038818359375,5.9167799949646,6.0186285972595215,6.0186285972595215,7.436640320977907,3.938255033557047,2.805570469798657,2.82,2.82,0,0.0,0.0,0,0.0,0.0,0,0.0,0.0,298,1778.9403166770935,836.0599999999998,0,0.0,0.0,0,0.0,0.0,,,,,,,,NDT
static,model_static/summary_timeseries.csv,20,13.2,298,119200.0,1163.0774822875155,14.20121742195375,1163 ± 14.2,1136.41357421875,1211.7552490234375,1.940387676626244,0.0022496970965876,1.94 ± 0.00225,1.940000057220459,1.9574874639511108,0.3721090606572333,0.227557946985991,0.3721 ± 0.2276,0.0274833136904463,1.5032500055566438,390.9697986577181,0.1711409395973154,391 ± 0.1711,390.0,391.0,78.49020024754057,0.009078145090045,78.49 ± 0.009078,78.43960571289062,78.50276184082031,75.3416748046875,1,1,1,1,1:298,0,0,0.0,model_static,False,mckenzie2003,NDT,5.91806827775584,5.9167799949646,5.748542785644531,6.0186285972595215,6.0186285972595215,7.371887573225484,3.9096979865771817,2.7903355704697987,2.82,2.82,0,0.0,0.0,0,0.0,0.0,0,0.0,0.0,298,1763.5843467712402,831.52,0,0.0,0.0,0,0.0,0.0,,,,,,,,NDT
static,model_static/summary_timeseries.csv,20,13.1,298,119200.0,1163.0774822875155,14.20121742195375,1163 ± 14.2,1136.41357421875,1211.7552490234375,1.940387676626244,0.0022496970965876,1.94 ± 0.00225,1.940000057220459,1.9574874639511108,0.3721090606572333,0.227557946985991,0.3721 ± 0.2276,0.0274833136904463,1.5032500055566438,396.51006711409394,0.4998986429405658,396.5 ± 0.4999,396.0,397.0,78.48894290796062,0.024315506553272,78.49 ± 0.02432,78.45975494384766,78.5139389038086,75.3416748046875,1,1,1,1,1:298,0,0,0.0,model_static,False,mckenzie2003,NDT,5.954701753270706,5.9167799949646,5.9167799949646,6.0186285972595215,6.0186285972595215,7.417920753520907,3.9651006711409393,2.801174496644295,2.82,2.82,0,0.0,0.0,0,0.0,0.0,0,0.0,0.0,298,1774.5011224746704,834.7499999999999,0,0.0,0.0,0,0.0,0.0,,,,,,,,NDT
static,model_static/summary_timeseries.csv,20,13.0,298,119200.0,1163.0774822875155,14.20121742195375,1163 ± 14.2,1136.41357421875,1211.7552490234375,1.940387676626244,0.0022496970965876,1.94 ± 0.00225,1.940000057220459,1.9574874639511108,0.3721090606572333,0.227557946985991,0.3721 ± 0.2276,0.0274833136904463,1.5032500055566438,396.0,0.0,396 ± 0,396.0,396.0,83.47464613946492,0.0050462556160124,83.47 ± 0.005046,83.4679183959961,83.48159790039062,75.3416748046875,1,1,1,1,1:298,0,0,0.0,model_static,False,mckenzie2003,NDT,6.006055732701449,6.08690357208252,5.9167799949646,6.08690357208252,6.08690357208252,7.482459502766543,3.96,2.816241610738255,2.84,2.84,0,0.0,0.0,0,0.0,0.0,0,0.0,0.0,298,1789.8046083450315,839.2399999999999,0,0.0,0.0,0,0.0,0.0,,,,,,,,NDT
static,model_static/summary_timeseries.csv,20,12.9,298,119200.0,1163.0774822875155,14.20121742195375,1163 ± 14.2,1136.41357421875,1211.7552490234375,1.940387676626244,0.0022496970965876,1.94 ± 0.00225,1.940000057220459,1.9574874639511108,0.3721090606572333,0.227557946985991,0.3721 ± 0.2276,0.0274833136904463,1.5032500055566438,384.0,0.0,384 ± 0,384.0,384.0,66.18049265714299,0.0008791224896329,66.18 ± 0.0008791,66.1787109375,66.18226623535156,75.3416748046875,1,1,1,1,1:298,0,0,0.0,model_static,False,mckenzie2003,NDT,5.91113795530076,5.9167799949646,5.882981300354004,5.9846038818359375,5.9846038818359375,7.363176738645516,3.8400000000000007,2.788322147651006,2.81,2.81,0,0.0,0.0,0,0.0,0.0,0,0.0,0.0,298,1761.5191106796265,830.9199999999998,0,0.0,0.0,0,0.0,0.0,,,,,,,,NDT
static,model_static/summary_timeseries.csv,20,12.8,298,119200.0,1163.0774822875155,14.20121742195375,1163 ± 14.2,1136.41357421875,1211.7552490234375,1.940387676626244,0.0022496970965876,1.94 ± 0.00225,1.940000057220459,1.9574874639511108,0.3721090606572333,0.227557946985991,0.3721 ± 0.2276,0.0274833136904463,1.5032500055566438,385.0,0.0,385 ± 0,385.0,385.0,65.33120599529087,0.0049114644279703,65.33 ± 0.004911,65.31910705566406,65.33570861816406,75.3416748046875,1,1,1,1,1:298,0,0,0.0,model_static,False,mckenzie2003,NDT,5.871022621257193,5.815610408782959,5.815610408782959,5.9846038818359375,5.9846038818359375,7.312771048938004,3.850000000000001,2.776409395973153,2.81,2.81,0,0.0,0.0,0,0.0,0.0,0,0.0,0.0,298,1749.5647411346436,827.3699999999998,0,0.0,0.0,0,0.0,0.0,,,,,,,,NDT
static,model_static/summary_timeseries.csv,20,12.7,298,119200.0,1163.0774822875155,14.20121742195375,1163 ± 14.2,1136.41357421875,1211.7552490234375,1.940387676626244,0.0022496970965876,1.94 ± 0.00225,1.940000057220459,1.9574874639511108,0.3721090606572333,0.227557946985991,0.3721 ± 0.2276,0.0274833136904463,1.5032500055566438,388.0,0.0,388 ± 0,388.0,388.0,65.84216124259386,0.0018691465159907,65.84 ± 0.001869,65.83586883544922,65.84564208984375,75.3416748046875,1,1,1,1,1:298,0,0,0.0,model_static,False,mckenzie2003,NDT,6.0186285972595215,6.0186285972595215,6.0186285972595215,6.0186285972595215,6.0186285972595215,7.49825593410675,3.88,2.82,2.82,2.82,0,0.0,0.0,0,0.0,0.0,0,0.0,0.0,298,1793.5513219833374,840.3599999999999,0,0.0,0.0,0,0.0,0.0,,,,,,,,NDT
static,model_static/summary_timeseries.csv,20,12.6,298,119200.0,1163.0774822875155,14.20121742195375,1163 ± 14.2,1136.41357421875,1211.7552490234375,1.940387676626244,0.0022496970965876,1.94 ± 0.00225,1.940000057220459,1.9574874639511108,0.3721090606572333,0.227557946985991,0.3721 ± 0.2276,0.0274833136904463,1.5032500055566438,385.0,0.0,385 ± 0,385.0,385.0,63.31710321311183,0.0012098533060114,63.32 ± 0.00121,63.313323974609375,63.319942474365234,75.3416748046875,1,1,1,1,1:298,0,0,0.0,model_static,False,mckenzie2003,NDT,6.006754199930485,6.0186285972595215,5.9846038818359375,6.0186285972595215,6.0186285972595215,7.483333217292375,3.850000000000001,2.816510067114094,2.82,2.82,0,0.0,0.0,0,0.0,0.0,0,0.0,0.0,298,1790.012751579285,839.3199999999999,0,0.0,0.0,0,0.0,0.0,,,,,,,,NDT
static,model_static/summary_timeseries.csv,20,12.5,298,119200.0,1163.0774822875155,14.20121742195375,1163 ± 14.2,1136.41357421875,1211.7552490234375,1.940387676626244,0.0022496970965876,1.94 ± 0.00225,1.940000057220459,1.9574874639511108,0.3721090606572333,0.227557946985991,0.3721 ± 0.2276,0.0274833136904463,1.5032500055566438,382.4395973154362,0.4963381062315194,382.4 ± 0.4963,382.0,383.0,63.25805273632075,0.0239553235117202,63.26 ± 0.02396,63.2320442199707,63.292179107666016,75.3416748046875,1,1,1,1,1:298,0,0,0.0,model_static,False,mckenzie2003,NDT,5.9777835743539285,5.9846038818359375,5.882981300354004,5.9846038818359375,5.9846038818359375,7.446926024690645,3.824395973154362,2.807986577181208,2.81,2.81,0,0.0,0.0,0,0.0,0.0,0,0.0,0.0,298,1781.3795051574707,836.7799999999999,0,0.0,0.0,0,0.0,0.0,,,,,,,,NDT
static,model_static/summary_timeseries.csv,20,12.4,298,119200.0,1163.0774822875155,14.20121742195375,1163 ± 14.2,1136.41357421875,1211.7552490234375,1.940387676626244,0.0022496970965876,1.94 ± 0.00225,1.940000057220459,1.9574874639511108,0.3721090606572333,0.227557946985991,0.3721 ± 0.2276,0.0274833136904463,1.5032500055566438,384.0,0.0,384 ± 0,384.0,384.0,64.89962740392492,0.0017009553239246,64.9 ± 0.001701,64.89641571044922,64.90271759033203,75.3416748046875,1,1,1,1,1:298,0,0,0.0,model_static,False,mckenzie2003,NDT,5.981986897103739,5.9846038818359375,5.9846038818359375,5.9846038818359375,5.9846038818359375,7.452207992909575,3.8400000000000007,2.8092281879194627,2.81,2.81,0,0.0,0.0,0,0.0,0.0,0,0.0,0.0,298,1782.632095336914,837.1499999999999,0,0.0,0.0,0,0.0,0.0,,,,,,,,NDT
static,model_static/summary_timeseries.csv,20,12.3,298,119200.0,1163.0774822875155,14.20121742195375,1163 ± 14.2,1136.41357421875,1211.7552490234375,1.940387676626244,0.0022496970965876,1.94 ± 0.00225,1.940000057220459,1.9574874639511108,0.3721090606572333,0.227557946985991,0.3721 ± 0.2276,0.0274833136904463,1.5032500055566438,381.0973154362416,0.2963868116342489,381.1 ± 0.2964,381.0,382.0,63.83537301441167,0.0153899164505939,63.84 ± 0.01539,63.82619857788086,63.88530731201172,75.3416748046875,1,1,1,1,1:298,0,0,0.0,model_static,False,mckenzie2003,NDT,5.97835142660461,5.9846038818359375,5.882981300354004,5.9846038818359375,5.9846038818359375,7.44763959488497,3.810973154362416,2.808154362416107,2.81,2.81,0,0.0,0.0,0,0.0,0.0,0,0.0,0.0,298,1781.5487251281738,836.8299999999999,0,0.0,0.0,0,0.0,0.0,,,,,,,,NDT
static,model_static/summary_timeseries.csv,20,12.2,298,119200.0,1163.0774822875155,14.20121742195375,1163 ± 14.2,1136.41357421875,1211.7552490234375,1.940387676626244,0.0022496970965876,1.94 ± 0.00225,1.940000057220459,1.9574874639511108,0.3721090606572333,0.227557946985991,0.3721 ± 0.2276,0.0274833136904463,1.5032500055566438,381.9832214765101,0.1284406658322459,382 ± 0.1284,381.0,382.0,61.685513157172494,0.0065546011615249,61.69 ± 0.006555,61.63603591918945,61.69000625610352,75.3416748046875,1,1,1,1,1:298,0,0,0.0,model_static,False,mckenzie2003,NDT,5.9846038818359375,5.9846038818359375,5.9846038818359375,5.9846038818359375,5.9846038818359375,7.455496610927101,3.8198322147651007,2.81,2.81,2.81,0,0.0,0.0,0,0.0,0.0,0,0.0,0.0,298,1783.4119567871094,837.3799999999999,0,0.0,0.0,0,0.0,0.0,,,,,,,,NDT
static,model_static/summary_timeseries.csv,20,12.1,298,119200.0,1163.0774822875155,14.20121742195375,1163 ± 14.2,1136.41357421875,1211.7552490234375,1.940387676626244,0.0022496970965876,1.94 ± 0.00225,1.940000057220459,1.9574874639511108,0.3721090606572333,0.227557946985991,0.3721 ± 0.2276,0.0274833136904463,1.5032500055566438,388.6476510067114,0.4777019784521593,388.6 ± 0.4777,388.0,389.0,63.980107646660514,0.0226647812505687,63.98 ± 0.02266,63.944862365722656,63.99946594238281,75.3416748046875,1,1,1,1,1:298,0,0,0.0,model_static,False,mckenzie2003,NDT,6.0186285972595215,6.0186285972595215,6.0186285972595215,6.0186285972595215,6.0186285972595215,7.49825593410675,3.8864765100671135,2.82,2.82,2.82,0,0.0,0.0,0,0.0,0.0,0,0.0,0.0,298,1793.5513219833374,840.3599999999999,0,0.0,0.0,0,0.0,0.0,,,,,,,,NDT
static,model_static/summary_timeseries.csv,20,12.0,298,119200.0,1163.0774822875155,14.20121742195375,1163 ± 14.2,1136.41357421875,1211.7552490234375,1.940387676626244,0.0022496970965876,1.94 ± 0.00225,1.940000057220459,1.9574874639511108,0.3721090606572333,0.227557946985991,0.3721 ± 0.2276,0.0274833136904463,1.5032500055566438,393.0,0.0,393 ± 0,393.0,393.0,67.29708060962241,0.000860029222906,67.3 ± 0.00086,67.29510498046875,67.29889678955078,75.3416748046875,1,1,1,1,1:298,0,0,0.0,model_static,False,mckenzie2003,NDT,6.02175905560487,6.0186285972595215,5.9846038818359375,6.08690357208252,6.08690357208252,7.502190875073713,3.93,2.820906040268456,2.84,2.84,0,0.0,0.0,0,0.0,0.0,0,0.0,0.0,298,1794.4841985702517,840.6299999999999,0,0.0,0.0,0,0.0,0.0,,,,,,,,NDT
static,model_static/summary_timeseries.csv,20,11.9,298,119200.0,1163.0774822875155,14.20121742195375,1163 ± 14.2,1136.41357421875,1211.7552490234375,1.940387676626244,0.0022496970965876,1.94 ± 0.00225,1.940000057220459,1.9574874639511108,0.3721090606572333,0.227557946985991,0.3721 ± 0.2276,0.0274833136904463,1.5032500055566438,407.0,0.0,407 ± 0,407.0,407.0,68.78797198301994,0.0019762295426406,68.79 ± 0.001976,68.7818603515625,68.7920913696289,75.3416748046875,1,1,1,1,1:298,0,0,0.0,model_static,False,mckenzie2003,NDT,6.189647844173765,6.189878463745117,6.189878463745117,6.189878463745117,6.189878463745117,7.713198173907354,4.07,2.869932885906041,2.87,2.87,0,0.0,0.0,0,0.0,0.0,0,0.0,0.0,298,1844.5150575637815,855.2400000000002,0,0.0,0.0,0,0.0,0.0,,,,,,,,NDT
static,model_static/summary_timeseries.csv,20,11.8,298,119200.0,1163.0774822875155,14.20121742195375,1163 ± 14.2,1136.41357421875,1211.7552490234375,1.940387676626244,0.0022496970965876,1.94 ± 0.00225,1.940000057220459,1.9574874639511108,0.3721090606572333,0.227557946985991,0.3721 ± 0.2276,0.0274833136904463,1.5032500055566438,412.0,0.0,412 ± 0,412.0,412.0,69.69026685881134,0.001505321756287,69.69 ± 0.001505,69.68685150146484,69.6936264038086,75.3416748046875,1,1,1,1,1:298,0,0,0.0,model_static,False,mckenzie2003,NDT,6.244543843621376,6.258902549743652,6.189878463745117,6.258902549743652,6.258902549743652,7.78220037111949,4.12,2.8858389261744968,2.89,2.89,0,0.0,0.0,0,0.0,0.0,0,0.0,0.0,298,1860.87406539917,859.98,0,0.0,0.0,0,0.0,0.0,,,,,,,,NDT
static,model_static/summary_timeseries.csv,20,11.7,298,119200.0,1163.0774822875155,14.20121742195375,1163 ± 14.2,1136.41357421875,1211.7552490234375,1.940387676626244,0.0022496970965876,1.94 ± 0.00225,1.940000057220459,1.9574874639511108,0.3721090606572333,0.227557946985991,0.3721 ± 0.2276,0.0274833136904463,1.5032500055566438,412.0,0.0,412 ± 0,412.0,412.0,70.63084921100796,0.0035552892839691,70.63 ± 0.003555,70.61759948730469,70.63380432128906,75.3416748046875,1,1,1,1,1:298,0,0,0.0,model_static,False,mckenzie2003,NDT,6.125495686627074,6.121153831481934,6.08690357208252,6.258902549743652,6.258902549743652,7.632567237034998,4.12,2.8512416107382554,2.89,2.89,0,0.0,0.0,0,0.0,0.0,0,0.0,0.0,298,1825.397714614868,849.6700000000001,0,0.0,0.0,0,0.0,0.0,,,,,,,,NDT
static,model_static/summary_timeseries.csv,20,11.6,298,119200.0,1163.0774822875155,14.20121742195375,1163 ± 14.2,1136.41357421875,1211.7552490234375,1.940387676626244,0.0022496970965876,1.94 ± 0.00225,1.940000057220459,1.9574874639511108,0.3721090606572333,0.227557946985991,0.3721 ± 0.2276,0.0274833136904463,1.5032500055566438,420.0,0.0,420 ± 0,420.0,420.0,69.91844753290982,0.0039616086067572,69.92 ± 0.003962,69.9129638671875,69.92697143554688,75.3416748046875,1,1,1,1,1:298,0,0,0.0,model_static,False,mckenzie2003,NDT,6.34192149271101,6.362997055053711,6.258902549743652,6.362997055053711,6.362997055053711,7.904609012650625,4.2,2.9139261744966447,2.92,2.92,0,0.0,0.0,0,0.0,0.0,0,0.0,0.0,298,1889.8926048278809,868.3500000000001,0,0.0,0.0,0,0.0,0.0,,,,,,,,NDT
static,model_static/summary_timeseries.csv,20,11.5,298,119200.0,1163.0774822875155,14.20121742195375,1163 ± 14.2,1136.41357421875,1211.7552490234375,1.940387676626244,0.0022496970965876,1.94 ± 0.00225,1.940000057220459,1.9574874639511108,0.3721090606572333,0.227557946985991,0.3721 ± 0.2276,0.0274833136904463,1.5032500055566438,427.0,0.0,427 ± 0,427.0,427.0,73.9404312748237,0.0044420673638689,73.94 ± 0.004442,73.92516326904297,73.94540405273438,75.3416748046875,1,1,1,1,1:298,0,0,0.0,model_static,False,mckenzie2003,NDT,6.258619070053101,6.258902549743652,6.121153831481934,6.362997055053711,6.397843837738037,7.799897861451711,4.2700000000000005,2.889832214765101,2.92,2.93,0,0.0,0.0,0,0.0,0.0,0,0.0,0.0,298,1865.068482875824,861.1700000000001,0,0.0,0.0,0,0.0,0.0,,,,,,,,NDT
static,model_static/summary_timeseries.csv,20,11.4,298,119200.0,1163.0774822875155,14.20121742195375,1163 ± 14.2,1136.41357421875,1211.7552490234375,1.940387676626244,0.0022496970965876,1.94 ± 0.00225,1.940000057220459,1.9574874639511108,0.3721090606572333,0.227557946985991,0.3721 ± 0.2276,0.0274833136904463,1.5032500055566438,434.1140939597315,0.3179253498611278,434.1 ± 0.3179,434.0,435.0,72.29382385663538,0.0141521487418474,72.29 ± 0.01415,72.28083038330078,72.33525085449219,75.3416748046875,1,1,1,1,1:298,0,0,0.0,model_static,False,mckenzie2003,NDT,6.395191010212738,6.397843837738037,6.362997055053711,6.4677605628967285,6.4677605628967285,7.971575492118781,4.341140939597316,2.929228187919463,2.95,2.95,0,0.0,0.0,0,0.0,0.0,0,0.0,0.0,298,1905.766921043396,872.91,0,0.0,0.0,0,0.0,0.0,,,,,,,,NDT
static,model_static/summary_timeseries.csv,20,11.3,298,119200.0,1163.0774822875155,14.20121742195375,1163 ± 14.2,1136.41357421875,1211.7552490234375,1.940387676626244,0.0022496970965876,1.94 ± 0.00225,1.940000057220459,1.9574874639511108,0.3721090606572333,0.227557946985991,0.3721 ± 0.2276,0.0274833136904463,1.5032500055566438,433.0,0.0,433 ± 0,433.0,433.0,71.60035242170295,0.0036908845765884,71.6 ± 0.003691,71.5866470336914,71.6034164428711,75.3416748046875,1,1,1,1,1:298,0,0,0.0,model_static,False,mckenzie2003,NDT,6.30131963595448,6.29352617263794,6.258902549743652,6.4677605628967285,6.4677605628967285,7.8535704190853535,4.329999999999999,2.9022147651006707,2.95,2.95,0,0.0,0.0,0,0.0,0.0,0,0.0,0.0,298,1877.7932515144348,864.8599999999999,0,0.0,0.0,0,0.0,0.0,,,,,,,,NDT
static,model_static/summary_timeseries.csv,20,11.2,298,119200.0,1163.0774822875155,14.20121742195375,1163 ± 14.2,1136.41357421875,1211.7552490234375,1.940387676626244,0.0022496970965876,1.94 ± 0.00225,1.940000057220459,1.9574874639511108,0.3721090606572333,0.227557946985991,0.3721 ± 0.2276,0.0274833136904463,1.5032500055566438,440.7953020134228,0.403480756503243,440.8 ± 0.4035,440.0,441.0,74.51066143880755,0.0166755192293238,74.51 ± 0.01668,74.46138000488281,74.52543640136719,75.3416748046875,1,1,1,1,1:298,0,0,0.0,model_static,False,mckenzie2003,NDT,6.385605096817017,6.397843837738037,6.258902549743652,6.4677605628967285,6.502830028533936,7.959526666935092,4.4079530201342285,2.926442953020134,2.95,2.96,0,0.0,0.0,0,0.0,0.0,0,0.0,0.0,298,1902.910318851471,872.0799999999999,0,0.0,0.0,0,0.0,0.0,,,,,,,,NDT
static,model_static/summary_timeseries.csv,20,11.1,298,119200.0,1163.0774822875155,14.20121742195375,1163 ± 14.2,1136.41357421875,1211.7552490234375,1.940387676626244,0.0022496970965876,1.94 ± 0.00225,1.940000057220459,1.9574874639511108,0.3721090606572333,0.227557946985991,0.3721 ± 0.2276,0.0274833136904463,1.5032500055566438,438.9261744966443,0.2614867079030625,438.9 ± 0.2615,438.0,439.0,76.63265753112384,0.0130770265932049,76.63 ± 0.01308,76.5846176147461,76.6388168334961,75.3416748046875,1,1,1,1,1:298,0,0,0.0,model_static,False,mckenzie2003,NDT,6.486589806191874,6.502830028533936,6.4677605628967285,6.502830028533936,6.502830028533936,8.086481892153854,4.389261744966443,2.9553691275167786,2.96,2.96,0,0.0,0.0,0,0.0,0.0,0,0.0,0.0,298,1933.0037622451785,880.7,0,0.0,0.0,0,0.0,0.0,,,,,,,,NDT
static,model_static/summary_timeseries.csv,20,11.0,298,119200.0,1163.0774822875155,14.20121742195375,1163 ± 14.2,1136.41357421875,1211.7552490234375,1.940387676626244,0.0022496970965876,1.94 ± 0.00225,1.940000057220459,1.9574874639511108,0.3721090606572333,0.227557946985991,0.3721 ± 0.2276,0.0274833136904463,1.5032500055566438,443.0,0.0,443 ± 0,443.0,443.0,75.72748965064952,0.0011880434183616,75.73 ± 0.001188,75.72086334228516,75.73019409179688,75.3416748046875,1,1,1,1,1:298,0,0,0.0,model_static,False,mckenzie2003,NDT,6.51512409696643,6.502830028533936,6.4677605628967285,6.573190689086914,6.573190689086914,8.122357665040038,4.43,2.9634899328859063,2.98,2.98,0,0.0,0.0,0,0.0,0.0,0,0.0,0.0,298,1941.506980895996,883.1200000000001,0,0.0,0.0,0,0.0,0.0,,,,,,,,NDT
static,model_static/summary_timeseries.csv,20,10.9,298,119200.0,1163.0774822875155,14.20121742195375,1163 ± 14.2,1136.41357421875,1211.7552490234375,1.940387676626244,0.0022496970965876,1.94 ± 0.00225,1.940000057220459,1.9574874639511108,0.3721090606572333,0.227557946985991,0.3721 ± 0.2276,0.0274833136904463,1.5032500055566438,441.6040268456376,0.4890587034157498,441.6 ± 0.4891,441.0,442.0,74.54286762211947,0.0218500358122533,74.54 ± 0.02185,74.51465606689453,74.56261444091797,75.3416748046875,1,1,1,1,1:298,0,0,0.0,model_static,False,mckenzie2003,NDT,6.481431154596725,6.502830028533936,6.397843837738037,6.502830028533936,6.502830028533936,8.07999651900716,4.416040268456376,2.953892617449665,2.96,2.96,0,0.0,0.0,0,0.0,0.0,0,0.0,0.0,298,1931.466484069824,880.2600000000001,0,0.0,0.0,0,0.0,0.0,,,,,,,,NDT
static,model_static/summary_timeseries.csv,20,10.8,298,119200.0,1163.0774822875155,14.20121742195375,1163 ± 14.2,1136.41357421875,1211.7552490234375,1.940387676626244,0.0022496970965876,1.94 ± 0.00225,1.940000057220459,1.9574874639511108,0.3721090606572333,0.227557946985991,0.3721 ± 0.2276,0.0274833136904463,1.5032500055566438,446.9832214765101,0.1284406658322459,447 ± 0.1284,446.0,447.0,74.78219386875229,0.0084392903306952,74.78 ± 0.008439,74.73194885253906,74.7937240600586,75.3416748046875,1,1,1,1,1:298,0,0,0.0,model_static,False,mckenzie2003,NDT,6.527153074341332,6.573190689086914,6.362997055053711,6.573190689086914,6.573190689086914,8.137483670005563,4.4698322147651,2.9668791946308724,2.98,2.98,0,0.0,0.0,0,0.0,0.0,0,0.0,0.0,298,1945.091616153717,884.13,0,0.0,0.0,0,0.0,0.0,,,,,,,,NDT
static,model_static/summary_timeseries.csv,20,10.7,298,119200.0,1163.0774822875155,14.20121742195375,1163 ± 14.2,1136.41357421875,1211.7552490234375,1.940387676626244,0.0022496970965876,1.94 ± 0.00225,1.940000057220459,1.9574874639511108,0.3721090606572333,0.227557946985991,0.3721 ± 0.2276,0.0274833136904463,1.5032500055566438,441.1845637583893,0.3879432657986113,441.2 ± 0.3879,441.0,442.0,77.49072567728543,0.020820415332142,77.49 ± 0.02082,77.4735107421875,77.5429916381836,75.3416748046875,1,1,1,1,1:298,0,0,0.0,model_static,False,mckenzie2003,NDT,6.463659972952517,6.4677605628967285,6.258902549743652,6.502830028533936,6.502830028533936,8.05765568103905,4.411845637583893,2.9487919463087247,2.96,2.96,0,0.0,0.0,0,0.0,0.0,0,0.0,0.0,298,1926.1706719398496,878.74,0,0.0,0.0,0,0.0,0.0,,,,,,,,NDT
static,model_static/summary_timeseries.csv,20,10.6,298,119200.0,1163.0774822875155,14.20121742195375,1163 ± 14.2,1136.41357421875,1211.7552490234375,1.940387676626244,0.0022496970965876,1.94 ± 0.00225,1.940000057220459,1.9574874639511108,0.3721090606572333,0.227557946985991,0.3721 ± 0.2276,0.0274833136904463,1.5032500055566438,441.0,0.0,441 ± 0,441.0,441.0,73.96290178746985,0.001294400997133,73.96 ± 0.001294,73.95745086669922,73.96484375,75.3416748046875,1,1,1,1,1:298,0,0,0.0,model_static,False,mckenzie2003,NDT,6.3325979821633975,6.362997055053711,6.258902549743652,6.397843837738037,6.397843837738037,7.892888649713673,4.409999999999999,2.911241610738255,2.93,2.93,0,0.0,0.0,0,0.0,0.0,0,0.0,0.0,298,1887.1141986846924,867.55,0,0.0,0.0,0,0.0,0.0,,,,,,,,NDT
static,model_static/summary_timeseries.csv,20,10.5,298,119200.0,1163.0774822875155,14.20121742195375,1163 ± 14.2,1136.41357421875,1211.7552490234375,1.940387676626244,0.0022496970965876,1.94 ± 0.00225,1.940000057220459,1.9574874639511108,0.3721090606572333,0.227557946985991,0.3721 ± 0.2276,0.0274833136904463,1.5032500055566438,441.9832214765101,0.1284406658322459,442 ± 0.1284,441.0,442.0,75.98992812393496,0.0060194852373719,75.99 ± 0.006019,75.94123840332031,75.99272155761719,75.3416748046875,1,1,1,1,1:298,0,0,0.0,model_static,False,mckenzie2003,NDT,6.381864070892334,6.397843837738037,6.29352617263794,6.4677605628967285,6.4677605628967285,7.954821706079932,4.419832214765101,2.925402684563758,2.95,2.95,0,0.0,0.0,0,0.0,0.0,0,0.0,0.0,298,1901.7954931259155,871.77,0,0.0,0.0,0,0.0,0.0,,,,,,,,NDT
static,model_static/summary_timeseries.csv,20,10.4,298,119200.0,1163.0774822875155,14.20121742195375,1163 ± 14.2,1136.41357421875,1211.7552490234375,1.940387676626244,0.0022496970965876,1.94 ± 0.00225,1.940000057220459,1.9574874639511108,0.3721090606572333,0.227557946985991,0.3721 ± 0.2276,0.0274833136904463,1.5032500055566438,430.496644295302,0.4999887391191724,430.5 ± 0.5,430.0,431.0,73.93455973887603,0.0220415746419965,73.93 ± 0.02204,73.89900970458984,73.95804595947266,75.3416748046875,1,1,1,1,1:298,0,0,0.0,model_static,False,mckenzie2003,NDT,6.2864658000485205,6.29352617263794,6.258902549743652,6.362997055053711,6.397843837738037,7.834897004848665,4.30496644295302,2.897953020134228,2.92,2.93,0,0.0,0.0,0,0.0,0.0,0,0.0,0.0,298,1873.3668084144592,863.5899999999999,0,0.0,0.0,0,0.0,0.0,,,,,,,,NDT
static,model_static/summary_timeseries.csv,20,10.3,298,119200.0,1163.0774822875155,14.20121742195375,1163 ± 14.2,1136.41357421875,1211.7552490234375,1.940387676626244,0.0022496970965876,1.94 ± 0.00225,1.940000057220459,1.9574874639511108,0.3721090606572333,0.227557946985991,0.3721 ± 0.2276,0.0274833136904463,1.5032500055566438,436.0,0.0,436 ± 0,436.0,436.0,76.36141012819022,0.0023161286754109,76.36 ± 0.002316,76.35801696777344,76.36761474609375,75.3416748046875,1,1,1,1,1:298,0,0,0.0,model_static,False,mckenzie2003,NDT,6.4471147620437925,6.4677605628967285,6.397843837738037,6.4677605628967285,6.4677605628967285,8.036853048402381,4.36,2.944093959731543,2.95,2.95,0,0.0,0.0,0,0.0,0.0,0,0.0,0.0,298,1921.2401990890503,877.3399999999999,0,0.0,0.0,0,0.0,0.0,,,,,,,,NDT
static,model_static/summary_timeseries.csv,20,10.2,298,119200.0,1163.0774822875155,14.20121742195375,1163 ± 14.2,1136.41357421875,1211.7552490234375,1.940387676626244,0.0022496970965876,1.94 ± 0.00225,1.940000057220459,1.9574874639511108,0.3721090606572333,0.227557946985991,0.3721 ± 0.2276,0.0274833136904463,1.5032500055566438,436.0,0.0,436 ± 0,436.0,436.0,79.27316340504076,0.0013012756647745,79.27 ± 0.001301,79.2620620727539,79.2750473022461,75.3416748046875,1,1,1,1,1:298,0,0,0.0,model_static,False,mckenzie2003,NDT,6.382919485937029,6.397843837738037,6.29352617263794,6.4677605628967285,6.4677605628967285,7.956148561811494,4.36,2.925704697986577,2.95,2.95,0,0.0,0.0,0,0.0,0.0,0,0.0,0.0,298,1902.1100068092344,871.86,0,0.0,0.0,0,0.0,0.0,,,,,,,,NDT
static,model_static/summary_timeseries.csv,20,10.1,298,119200.0,1163.0774822875155,14.20121742195375,1163 ± 14.2,1136.41357421875,1211.7552490234375,1.940387676626244,0.0022496970965876,1.94 ± 0.00225,1.940000057220459,1.9574874639511108,0.3721090606572333,0.227557946985991,0.3721 ± 0.2276,0.0274833136904463,1.5032500055566438,437.0,0.0,437 ± 0,437.0,437.0,76.66134200640172,0.0018487578311766,76.66 ± 0.001849,76.65371704101562,76.66504669189453,75.3416748046875,1,1,1,1,1:298,0,0,0.0,model_static,False,mckenzie2003,NDT,6.4618950658196574,6.4677605628967285,6.397843837738037,6.4677605628967285,6.4677605628967285,8.055434742662953,4.37,2.948322147651006,2.95,2.95,0,0.0,0.0,0,0.0,0.0,0,0.0,0.0,298,1925.6447296142576,878.5999999999999,0,0.0,0.0,0,0.0,0.0,,,,,,,,NDT
static,model_static/summary_timeseries.csv,20,10.0,298,119200.0,1163.0774822875155,14.20121742195375,1163 ± 14.2,1136.41357421875,1211.7552490234375,1.940387676626244,0.0022496970965876,1.94 ± 0.00225,1.940000057220459,1.9574874639511108,0.3721090606572333,0.227557946985991,0.3721 ± 0.2276,0.0274833136904463,1.5032500055566438,434.9832214765101,0.1284406658322459,435 ± 0.1284,434.0,435.0,73.64363968612363,0.0074032654546276,73.64 ± 0.007403,73.59465789794922,73.65967559814453,75.3416748046875,1,1,1,1,1:298,0,0,0.0,model_static,False,mckenzie2003,NDT,6.456778335891314,6.4677605628967285,6.377002644538879,6.4677605628967285,6.4677605628967285,8.049002769927393,4.349832214765102,2.946845637583892,2.95,2.95,0,0.0,0.0,0,0.0,0.0,0,0.0,0.0,298,1924.119944095612,878.1599999999999,0,0.0,0.0,0,0.0,0.0,,,,,,,,NDT
static,model_static/summary_timeseries.csv,20,9.9,298,119200.0,1163.0774822875155,14.20121742195375,1163 ± 14.2,1136.41357421875,1211.7552490234375,1.940387676626244,0.0022496970965876,1.94 ± 0.00225,1.940000057220459,1.9574874639511108,0.3721090606572333,0.227557946985991,0.3721 ± 0.2276,0.0274833136904463,1.5032500055566438,439.996644295302,0.0578311675825976,440 ± 0.05783,439.0,440.0,76.54821313947639,0.0035594267991358,76.55 ± 0.003559,76.49720764160156,76.5530014038086,75.3416748046875,1,1,1,1,1:298,0,0,0.0,model_static,False,mckenzie2003,NDT,6.502830028533936,6.502830028533936,6.502830028533936,6.502830028533936,6.502830028533936,8.10689992656994,4.399966442953019,2.9600000000000004,2.96,2.96,0,0.0,0.0,0,0.0,0.0,0,0.0,0.0,298,1937.8433485031128,882.0800000000002,0,0.0,0.0,0,0.0,0.0,,,,,,,,NDT
static,model_static/summary_timeseries.csv,20,9.8,298,119200.0,1163.0774822875155,14.20121742195375,1163 ± 14.2,1136.41357421875,1211.7552490234375,1.940387676626244,0.0022496970965876,1.94 ± 0.00225,1.940000057220459,1.9574874639511108,0.3721090606572333,0.227557946985991,0.3721 ± 0.2276,0.0274833136904463,1.5032500055566438,439.0872483221477,0.2821986045856193,439.1 ± 0.2822,439.0,440.0,74.62531667107703,0.0126307075292932,74.63 ± 0.01263,74.6123275756836,74.66635131835938,75.3416748046875,1,1,1,1,1:298,0,0,0.0,model_static,False,mckenzie2003,NDT,6.409367170909907,6.397843837738037,6.362997055053711,6.4677605628967285,6.4677605628967285,7.989397394430169,4.390872483221477,2.9332885906040267,2.95,2.95,0,0.0,0.0,0,0.0,0.0,0,0.0,0.0,298,1909.9914169311523,874.12,0,0.0,0.0,0,0.0,0.0,,,,,,,,NDT
static,model_static/summary_timeseries.csv,20,9.7,298,119200.0,1163.0774822875155,14.20121742195375,1163 ± 14.2,1136.41357421875,1211.7552490234375,1.940387676626244,0.0022496970965876,1.94 ± 0.00225,1.940000057220459,1.9574874639511108,0.3721090606572333,0.227557946985991,0.3721 ± 0.2276,0.0274833136904463,1.5032500055566438,441.0,0.0,441 ± 0,441.0,441.0,79.14093521937428,0.0010919582203112,79.14 ± 0.001092,79.13109588623047,79.1425552368164,75.3416748046875,1,1,1,1,1:298,0,0,0.0,model_static,False,mckenzie2003,NDT,6.456642590913196,6.4677605628967285,6.397843837738037,6.502830028533936,6.502830028533936,8.048831840757515,4.409999999999999,2.946812080536912,2.96,2.96,0,0.0,0.0,0,0.0,0.0,0,0.0,0.0,298,1924.0794920921328,878.1499999999999,0,0.0,0.0,0,0.0,0.0,,,,,,,,NDT
static,model_static/summary_timeseries.csv,20,9.6,298,119200.0,1163.0774822875155,14.20121742195375,1163 ± 14.2,1136.41357421875,1211.7552490234375,1.940387676626244,0.0022496970965876,1.94 ± 0.00225,1.940000057220459,1.9574874639511108,0.3721090606572333,0.227557946985991,0.3721 ± 0.2276,0.0274833136904463,1.5032500055566438,444.9463087248322,0.2254074580368679,444.9 ± 0.2254,444.0,445.0,79.91225604882976,0.0113791254715911,79.91 ± 0.01138,79.86445617675781,79.91793823242188,75.3416748046875,1,1,1,1,1:298,0,0,0.0,model_static,False,mckenzie2003,NDT,6.473682713988644,6.4677605628967285,6.397843837738037,6.502830028533936,6.573190689086914,8.0702551252598,4.449463087248322,2.9516778523489933,2.96,2.98,0,0.0,0.0,0,0.0,0.0,0,0.0,0.0,298,1929.157448768616,879.6,0,0.0,0.0,0,0.0,0.0,,,,,,,,NDT
static,model_static/summary_timeseries.csv,20,9.5,298,119200.0,1163.0774822875155,14.20121742195375,1163 ± 14.2,1136.41357421875,1211.7552490234375,1.940387676626244,0.0022496970965876,1.94 ± 0.00225,1.940000057220459,1.9574874639511108,0.3721090606572333,0.227557946985991,0.3721 ± 0.2276,0.0274833136904463,1.5032500055566438,435.0,0.0,435 ± 0,435.0,435.0,79.97820860587511,0.0033902787413215,79.98 ± 0.00339,79.9708251953125,79.9865951538086,75.3416748046875,1,1,1,1,1:298,0,0,0.0,model_static,False,mckenzie2003,NDT,6.448179163388758,6.4677605628967285,6.362997055053711,6.4677605628967285,6.4677605628967285,8.03819133217134,4.3500000000000005,2.944395973154362,2.95,2.95,0,0.0,0.0,0,0.0,0.0,0,0.0,0.0,298,1921.5573906898496,877.43,0,0.0,0.0,0,0.0,0.0,,,,,,,,NDT
static,model_static/summary_timeseries.csv,20,9.4,298,119200.0,1163.0774822875155,14.20121742195375,1163 ± 14.2,1136.41357421875,1211.7552490234375,1.940387676626244,0.0022496970965876,1.94 ± 0.00225,1.940000057220459,1.9574874639511108,0.3721090606572333,0.227557946985991,0.3721 ± 0.2276,0.0274833136904463,1.5032500055566438,442.9530201342282,0.2115957418850261,443 ± 0.2116,442.0,443.0,77.52709648593161,0.0114143972012665,77.53 ± 0.01141,77.47755432128906,77.53577423095703,75.3416748046875,1,1,1,1,1:298,0,0,0.0,model_static,False,mckenzie2003,NDT,6.453243210811743,6.4677605628967285,6.397843837738037,6.502830028533936,6.502830028533936,8.04455820983699,4.429530201342282,2.945838926174497,2.96,2.96,0,0.0,0.0,0,0.0,0.0,0,0.0,0.0,298,1923.0664768218996,877.86,0,0.0,0.0,0,0.0,0.0,,,,,,,,NDT
static,model_static/summary_timeseries.csv,20,9.3,298,119200.0,1163.0774822875155,14.20121742195375,1163 ± 14.2,1136.41357421875,1211.7552490234375,1.940387676626244,0.0022496970965876,1.94 ± 0.00225,1.940000057220459,1.9574874639511108,0.3721090606572333,0.227557946985991,0.3721 ± 0.2276,0.0274833136904463,1.5032500055566438,444.9127516778523,0.2821986045856193,444.9 ± 0.2822,444.0,445.0,76.39460127145652,0.0159322166345408,76.39 ± 0.01593,76.34508514404297,76.40739440917969,75.3416748046875,1,1,1,1,1:298,0,0,0.0,model_static,False,mckenzie2003,NDT,6.466538624475466,6.397843837738037,6.362997055053711,6.573190689086914,6.573190689086914,8.06127793785247,4.449127516778524,2.949563758389262,2.98,2.98,0,0.0,0.0,0,0.0,0.0,0,0.0,0.0,298,1927.028510093689,878.97,0,0.0,0.0,0,0.0,0.0,,,,,,,,NDT
static,model_static/summary_timeseries.csv,20,9.2,298,119200.0,1163.0774822875155,14.20121742195375,1163 ± 14.2,1136.41357421875,1211.7552490234375,1.940387676626244,0.0022496970965876,1.94 ± 0.00225,1.940000057220459,1.9574874639511108,0.3721090606572333,0.227557946985991,0.3721 ± 0.2276,0.0274833136904463,1.5032500055566438,448.993288590604,0.0816478191986338,449 ± 0.08165,448.0,449.0,77.03323041672675,0.0037122810626761,77.03 ± 0.003712,76.98917388916016,77.03558349609375,75.3416748046875,1,1,1,1,1:298,0,0,0.0,model_static,False,mckenzie2003,NDT,6.470628189560551,6.4677605628967285,6.397843837738037,6.502830028533936,6.573190689086914,8.066414912292258,4.4899328859060414,2.9508053691275165,2.96,2.98,0,0.0,0.0,0,0.0,0.0,0,0.0,0.0,298,1928.247200489044,879.3399999999999,0,0.0,0.0,0,0.0,0.0,,,,,,,,NDT
static,model_static/summary_timeseries.csv,20,9.1,298,119200.0,1163.0774822875155,14.20121742195375,1163 ± 14.2,1136.41357421875,1211.7552490234375,1.940387676626244,0.0022496970965876,1.94 ± 0.00225,1.940000057220459,1.9574874639511108,0.3721090606572333,0.227557946985991,0.3721 ± 0.2276,0.0274833136904463,1.5032500055566438,448.9060402684564,0.291772686164888,448.9 ± 0.2918,448.0,449.0,78.04057698601844,0.0142529980611312,78.04 ± 0.01425,77.99512481689453,78.04731750488281,75.3416748046875,1,1,1,1,1:298,0,0,0.0,model_static,False,mckenzie2003,NDT,6.487304836311596,6.502830028533936,6.4677605628967285,6.502830028533936,6.573190689086914,8.087381027480346,4.489060402684564,2.9555704697986576,2.96,2.98,0,0.0,0.0,0,0.0,0.0,0,0.0,0.0,298,1933.216841220856,880.76,0,0.0,0.0,0,0.0,0.0,,,,,,,,NDT
static,model_static/summary_timeseries.csv,20,9.0,298,119200.0,1163.0774822875155,14.20121742195375,1163 ± 14.2,1136.41357421875,1211.7552490234375,1.940387676626244,0.0022496970965876,1.94 ± 0.00225,1.940000057220459,1.9574874639511108,0.3721090606572333,0.227557946985991,0.3721 ± 0.2276,0.0274833136904463,1.5032500055566438,444.1711409395973,0.3766320729718374,444.2 ± 0.3766,444.0,445.0,79.33253432920316,0.0187289044399235,79.33 ± 0.01873,79.32159423828125,79.37466430664062,75.3416748046875,1,1,1,1,1:298,0,0,0.0,model_static,False,mckenzie2003,NDT,6.445707042745296,6.4677605628967285,6.397843837738037,6.4677605628967285,6.4677605628967285,8.035083272536,4.441711409395974,2.9436912751677853,2.95,2.95,0,0.0,0.0,0,0.0,0.0,0,0.0,0.0,298,1920.820698738098,877.22,0,0.0,0.0,0,0.0,0.0,,,,,,,,NDT
static,model_static/summary_timeseries.csv,20,8.9,298,119200.0,1163.0774822875155,14.20121742195375,1163 ± 14.2,1136.41357421875,1211.7552490234375,1.940387676626244,0.0022496970965876,1.94 ± 0.00225,1.940000057220459,1.9574874639511108,0.3721090606572333,0.227557946985991,0.3721 ± 0.2276,0.0274833136904463,1.5032500055566438,433.0,0.0,433 ± 0,433.0,433.0,74.91018466821453,0.0008053697016993,74.91 ± 0.0008054,74.908447265625,74.91165924072266,75.3416748046875,1,1,1,1,1:298,0,0,0.0,model_static,False,mckenzie2003,NDT,6.383497431774267,6.397843837738037,6.29352617263794,6.4677605628967285,6.4677605628967285,7.956875010040346,4.329999999999999,2.925872483221476,2.95,2.95,0,0.0,0.0,0,0.0,0.0,0,0.0,0.0,298,1902.282234668732,871.91,0,0.0,0.0,0,0.0,0.0,,,,,,,,NDT
static,model_static/summary_timeseries.csv,20,8.8,298,119200.0,1163.0774822875155,14.20121742195375,1163 ± 14.2,1136.41357421875,1211.7552490234375,1.940387676626244,0.0022496970965876,1.94 ± 0.00225,1.940000057220459,1.9574874639511108,0.3721090606572333,0.227557946985991,0.3721 ± 0.2276,0.0274833136904463,1.5032500055566438,431.0,0.0,431 ± 0,431.0,431.0,74.98565420368374,0.0032708904536383,74.99 ± 0.003271,74.98193359375,74.99689483642578,75.3416748046875,1,1,1,1,1:298,0,0,0.0,model_static,False,mckenzie2003,NDT,6.381973521021388,6.397843837738037,6.258902549743652,6.397843837738037,6.397843837738037,7.954959237582834,4.310000000000002,2.925436241610738,2.93,2.93,0,0.0,0.0,0,0.0,0.0,0,0.0,0.0,298,1901.8281092643736,871.78,0,0.0,0.0,0,0.0,0.0,,,,,,,,NDT
static,model_static/summary_timeseries.csv,20,8.7,298,119200.0,1163.0774822875155,14.20121742195375,1163 ± 14.2,1136.41357421875,1211.7552490234375,1.940387676626244,0.0022496970965876,1.94 ± 0.00225,1.940000057220459,1.9574874639511108,0.3721090606572333,0.227557946985991,0.3721 ± 0.2276,0.0274833136904463,1.5032500055566438,443.0,0.0,443 ± 0,443.0,443.0,77.45202106757452,0.0028831373885861,77.45 ± 0.002883,77.44325256347656,77.45556640625,75.3416748046875,1,1,1,1,1:298,0,0,0.0,model_static,False,mckenzie2003,NDT,6.428946295040566,6.397843837738037,6.362997055053711,6.502830028533936,6.502830028533936,8.014012001075105,4.43,2.9388926174496643,2.96,2.96,0,0.0,0.0,0,0.0,0.0,0,0.0,0.0,298,1915.8259959220889,875.79,0,0.0,0.0,0,0.0,0.0,,,,,,,,NDT
static,model_static/summary_timeseries.csv,20,8.6,298,119200.0,1163.0774822875155,14.20121742195375,1163 ± 14.2,1136.41357421875,1211.7552490234375,1.940387676626244,0.0022496970965876,1.94 ± 0.00225,1.940000057220459,1.9574874639511108,0.3721090606572333,0.227557946985991,0.3721 ± 0.2276,0.0274833136904463,1.5032500055566438,439.1946308724832,0.395916273926245,439.2 ± 0.3959,439.0,440.0,78.4162046701316,0.0177818220313583,78.42 ± 0.01778,78.40589904785156,78.45327758789062,75.3416748046875,1,1,1,1,1:298,0,0,0.0,model_static,False,mckenzie2003,NDT,6.4723815117906405,6.4677605628967285,6.397843837738037,6.502830028533936,6.502830028533936,8.068619061995909,4.391946308724833,2.9513087248322147,2.96,2.96,0,0.0,0.0,0,0.0,0.0,0,0.0,0.0,298,1928.7696905136108,879.49,0,0.0,0.0,0,0.0,0.0,,,,,,,,NDT
static,model_static/summary_timeseries.csv,20,8.5,298,119200.0,1163.0774822875155,14.20121742195375,1163 ± 14.2,1136.41357421875,1211.7552490234375,1.940387676626244,0.0022496970965876,1.94 ± 0.00225,1.940000057220459,1.9574874639511108,0.3721090606572333,0.227557946985991,0.3721 ± 0.2276,0.0274833136904463,1.5032500055566438,441.0,0.0,441 ± 0,441.0,441.0,79.60997833661585,0.0012274157585483,79.61 ± 0.001227,79.60508728027344,79.6119384765625,75.3416748046875,1,1,1,1,1:298,0,0,0.0,model_static,False,mckenzie2003,NDT,6.397528974801902,6.397843837738037,6.362997055053711,6.4677605628967285,6.4677605628967285,7.974514639240724,4.409999999999999,2.92989932885906,2.95,2.95,0,0.0,0.0,0,0.0,0.0,0,0.0,0.0,298,1906.4636344909668,873.11,0,0.0,0.0,0,0.0,0.0,,,,,,,,NDT
static,model_static/summary_timeseries.csv,20,8.4,298,119200.0,1163.0774822875155,14.20121742195375,1163 ± 14.2,1136.41357421875,1211.7552490234375,1.940387676626244,0.0022496970965876,1.94 ± 0.00225,1.940000057220459,1.9574874639511108,0.3721090606572333,0.227557946985991,0.3721 ± 0.2276,0.0274833136904463,1.5032500055566438,446.993288590604,0.0816478191986338,447 ± 0.08165,446.0,447.0,80.4969180830373,0.0037859178842233,80.5 ± 0.003786,80.45159149169922,80.49887084960938,75.3416748046875,1,1,1,1,1:298,0,0,0.0,model_static,False,mckenzie2003,NDT,6.510776538976887,6.502830028533936,6.4677605628967285,6.573190689086914,6.573190689086914,8.116891815444676,4.469932885906039,2.962248322147651,2.98,2.98,0,0.0,0.0,0,0.0,0.0,0,0.0,0.0,298,1940.2114086151123,882.75,0,0.0,0.0,0,0.0,0.0,,,,,,,,NDT
static,model_static/summary_timeseries.csv,20,8.3,298,119200.0,1163.0774822875155,14.20121742195375,1163 ± 14.2,1136.41357421875,1211.7552490234375,1.940387676626244,0.0022496970965876,1.94 ± 0.00225,1.940000057220459,1.9574874639511108,0.3721090606572333,0.227557946985991,0.3721 ± 0.2276,0.0274833136904463,1.5032500055566438,441.0,0.0,441 ± 0,441.0,441.0,78.58250726789436,0.0053527491238957,78.58 ± 0.005353,78.57156372070312,78.58753967285156,75.3416748046875,1,1,1,1,1:298,0,0,0.0,model_static,False,mckenzie2003,NDT,6.381882510729284,6.362997055053711,6.29352617263794,6.502830028533936,6.502830028533936,7.954847175386021,4.409999999999999,2.9253691275167784,2.96,2.96,0,0.0,0.0,0,0.0,0.0,0,0.0,0.0,298,1901.800988197327,871.76,0,0.0,0.0,0,0.0,0.0,,,,,,,,NDT
static,model_static/summary_timeseries.csv,20,8.2,298,119200.0,1163.0774822875155,14.20121742195375,1163 ± 14.2,1136.41357421875,1211.7552490234375,1.940387676626244,0.0022496970965876,1.94 ± 0.00225,1.940000057220459,1.9574874639511108,0.3721090606572333,0.227557946985991,0.3721 ± 0.2276,0.0274833136904463,1.5032500055566438,441.0,0.0,441 ± 0,441.0,441.0,79.9455695952345,0.0014769074731337,79.95 ± 0.001477,79.93186950683594,79.94735717773438,75.3416748046875,1,1,1,1,1:298,0,0,0.0,model_static,False,mckenzie2003,NDT,6.362924210977234,6.362997055053711,6.29352617263794,6.397843837738037,6.502830028533936,7.931011685696091,4.409999999999999,2.9199664429530205,2.93,2.96,0,0.0,0.0,0,0.0,0.0,0,0.0,0.0,298,1896.151414871216,870.1500000000001,0,0.0,0.0,0,0.0,0.0,,,,,,,,NDT
static,model_static/summary_timeseries.csv,20,8.1,298,119200.0,1163.0774822875155,14.20121742195375,1163 ± 14.2,1136.41357421875,1211.7552490234375,1.940387676626244,0.0022496970965876,1.94 ± 0.00225,1.940000057220459,1.9574874639511108,0.3721090606572333,0.227557946985991,0.3721 ± 0.2276,0.0274833136904463,1.5032500055566438,440.0771812080537,0.2668787537011219,440.1 ± 0.2669,440.0,441.0,79.61607819115555,0.0141710065076526,79.62 ± 0.01417,79.6046142578125,79.6697006225586,75.3416748046875,1,1,1,1,1:298,0,0,0.0,model_static,False,mckenzie2003,NDT,6.425367654569997,6.4677605628967285,6.362997055053711,6.502830028533936,6.502830028533936,8.009513870440935,4.400771812080537,2.937852348993289,2.96,2.96,0,0.0,0.0,0,0.0,0.0,0,0.0,0.0,298,1914.7595610618591,875.48,0,0.0,0.0,0,0.0,0.0,,,,,,,,NDT
static,model_static/summary_timeseries.csv,20,8.0,298,119200.0,1163.0774822875155,14.20121742195375,1163 ± 14.2,1136.41357421875,1211.7552490234375,1.940387676626244,0.0022496970965876,1.94 ± 0.00225,1.940000057220459,1.9574874639511108,0.3721090606572333,0.227557946985991,0.3721 ± 0.2276,0.0274833136904463,1.5032500055566438,449.755033557047,0.4300673026166542,449.8 ± 0.4301,449.0,450.0,80.58612613549968,0.0192336859296991,80.59 ± 0.01923,80.5390853881836,80.59869384765625,75.3416748046875,1,1,1,1,1:298,0,0,0.0,model_static,False,mckenzie2003,NDT,6.415345840006067,6.397843837738037,6.362997055053711,6.4677605628967285,6.573190689086914,7.996913693246753,4.49755033557047,2.935,2.95,2.98,0,0.0,0.0,0,0.0,0.0,0,0.0,0.0,298,1911.773060321808,874.63,0,0.0,0.0,0,0.0,0.0,,,,,,,,NDT
static,model_static/summary_timeseries.csv,20,7.9,298,119200.0,1163.0774822875155,14.20121742195375,1163 ± 14.2,1136.41357421875,1211.7552490234375,1.940387676626244,0.0022496970965876,1.94 ± 0.00225,1.940000057220459,1.9574874639511108,0.3721090606572333,0.227557946985991,0.3721 ± 0.2276,0.0274833136904463,1.5032500055566438,449.9395973154362,0.2382314006617295,449.9 ± 0.2382,449.0,450.0,82.71262185525575,0.0106065087006453,82.71 ± 0.01061,82.67036437988281,82.71693420410156,75.3416748046875,1,1,1,1,1:298,0,0,0.0,model_static,False,mckenzie2003,NDT,6.417810476866345,6.397843837738037,6.362997055053711,6.4677605628967285,6.502830028533936,8.000012238868708,4.499395973154363,2.9357046979865773,2.95,2.96,0,0.0,0.0,0,0.0,0.0,0,0.0,0.0,298,1912.5075221061709,874.84,0,0.0,0.0,0,0.0,0.0,,,,,,,,NDT
static,model_static/summary_timeseries.csv,20,7.8,298,119200.0,1163.0774822875155,14.20121742195375,1163 ± 14.2,1136.41357421875,1211.7552490234375,1.940387676626244,0.0022496970965876,1.94 ± 0.00225,1.940000057220459,1.9574874639511108,0.3721090606572333,0.227557946985991,0.3721 ± 0.2276,0.0274833136904463,1.5032500055566438,447.38926174496646,0.487582853340971,447.4 ± 0.4876,447.0,448.0,83.20938796485031,0.0219751582091117,83.21 ± 0.02198,83.18128204345703,83.23809814453125,75.3416748046875,1,1,1,1,1:298,0,0,0.0,model_static,False,mckenzie2003,NDT,6.358611052468319,6.362997055053711,6.29352617263794,6.397843837738037,6.502830028533936,7.925589661683444,4.473892617449664,2.918724832214765,2.93,2.96,0,0.0,0.0,0,0.0,0.0,0,0.0,0.0,298,1894.866093635559,869.78,0,0.0,0.0,0,0.0,0.0,,,,,,,,NDT
static,model_static/summary_timeseries.csv,20,7.7,298,119200.0,1163.0774822875155,14.20121742195375,1163 ± 14.2,1136.41357421875,1211.7552490234375,1.940387676626244,0.0022496970965876,1.94 ± 0.00225,1.940000057220459,1.9574874639511108,0.3721090606572333,0.227557946985991,0.3721 ± 0.2276,0.0274833136904463,1.5032500055566438,448.0,0.0,448 ± 0,448.0,448.0,80.75469776127963,0.0008358740491309,80.75 ± 0.0008359,80.7529067993164,80.7567138671875,75.3416748046875,1,1,1,1,1:298,0,0,0.0,model_static,False,mckenzie2003,NDT,6.528346981778241,6.502830028533936,6.4677605628967285,6.573190689086914,6.573190689086914,8.138982926350904,4.480000000000001,2.967248322147651,2.98,2.98,0,0.0,0.0,0,0.0,0.0,0,0.0,0.0,298,1945.447400569916,884.24,0,0.0,0.0,0,0.0,0.0,,,,,,,,NDT
static,model_static/summary_timeseries.csv,20,7.6,298,119200.0,1163.0774822875155,14.20121742195375,1163 ± 14.2,1136.41357421875,1211.7552490234375,1.940387676626244,0.0022496970965876,1.94 ± 0.00225,1.940000057220459,1.9574874639511108,0.3721090606572333,0.227557946985991,0.3721 ± 0.2276,0.0274833136904463,1.5032500055566438,447.4127516778523,0.4923288842658124,447.4 ± 0.4923,447.0,448.0,83.05100603551672,0.0223798913500398,83.05 ± 0.02238,83.02347564697266,83.07910919189453,75.3416748046875,1,1,1,1,1:298,0,0,0.0,model_static,False,mckenzie2003,NDT,6.392479781336433,6.397843837738037,6.362997055053711,6.4677605628967285,6.4677605628967285,7.96816675038872,4.474127516778523,2.9284563758389264,2.95,2.95,0,0.0,0.0,0,0.0,0.0,0,0.0,0.0,298,1904.9589748382568,872.6800000000001,0,0.0,0.0,0,0.0,0.0,,,,,,,,NDT
static,model_static/summary_timeseries.csv,20,7.5,298,119200.0,1163.0774822875155,14.20121742195375,1163 ± 14.2,1136.41357421875,1211.7552490234375,1.940387676626244,0.0022496970965876,1.94 ± 0.00225,1.940000057220459,1.9574874639511108,0.3721090606572333,0.227557946985991,0.3721 ± 0.2276,0.0274833136904463,1.5032500055566438,446.0,0.0,446 ± 0,446.0,446.0,81.24094762098069,0.0018121760863538,81.24 ± 0.001812,81.23857116699219,81.24626159667969,75.3416748046875,1,1,1,1,1:298,0,0,0.0,model_static,False,mckenzie2003,NDT,6.540384849445932,6.573190689086914,6.4677605628967285,6.573190689086914,6.573190689086914,8.154118174362546,4.46,2.970671140939597,2.98,2.98,0,0.0,0.0,0,0.0,0.0,0,0.0,0.0,298,1949.034685134888,885.26,0,0.0,0.0,0,0.0,0.0,,,,,,,,NDT
static,model_static/summary_timeseries.csv,20,7.4,298,119200.0,1163.0774822875155,14.20121742195375,1163 ± 14.2,1136.41357421875,1211.7552490234375,1.940387676626244,0.0022496970965876,1.94 ± 0.00225,1.940000057220459,1.9574874639511108,0.3721090606572333,0.227557946985991,0.3721 ± 0.2276,0.0274833136904463,1.5032500055566438,449.993288590604,0.0816478191986338,450 ± 0.08165,449.0,450.0,82.13017756826926,0.0050115042975958,82.13 ± 0.005012,82.08234405517578,82.13590240478516,75.3416748046875,1,1,1,1,1:298,0,0,0.0,model_static,False,mckenzie2003,NDT,6.497918602604194,6.502830028533936,6.4677605628967285,6.573190689086914,6.573190689086914,8.10072560487762,4.49993288590604,2.958590604026846,2.98,2.98,0,0.0,0.0,0,0.0,0.0,0,0.0,0.0,298,1936.3797435760496,881.6600000000001,0,0.0,0.0,0,0.0,0.0,,,,,,,,NDT
static,model_static/summary_timeseries.csv,20,7.3,298,119200.0,1163.0774822875155,14.20121742195375,1163 ± 14.2,1136.41357421875,1211.7552490234375,1.940387676626244,0.0022496970965876,1.94 ± 0.00225,1.940000057220459,1.9574874639511108,0.3721090606572333,0.227557946985991,0.3721 ± 0.2276,0.0274833136904463,1.5032500055566438,452.0,0.0,452 ± 0,452.0,452.0,83.91374698101274,0.0012522319085839,83.91 ± 0.001252,83.90216827392578,83.915283203125,75.3416748046875,1,1,1,1,1:298,0,0,0.0,model_static,False,mckenzie2003,NDT,6.517847168365581,6.502830028533936,6.4677605628967285,6.573190689086914,6.608481407165527,8.125781550525815,4.5200000000000005,2.9642617449664432,2.98,2.99,0,0.0,0.0,0,0.0,0.0,0,0.0,0.0,298,1942.3184561729431,883.3500000000001,0,0.0,0.0,0,0.0,0.0,,,,,,,,NDT
static,model_static/summary_timeseries.csv,20,7.2,298,119200.0,1163.0774822875155,14.20121742195375,1163 ± 14.2,1136.41357421875,1211.7552490234375,1.940387676626244,0.0022496970965876,1.94 ± 0.00225,1.940000057220459,1.9574874639511108,0.3721090606572333,0.227557946985991,0.3721 ± 0.2276,0.0274833136904463,1.5032500055566438,452.9060402684564,0.291772686164888,452.9 ± 0.2918,452.0,453.0,82.71526024325583,0.0139393826295206,82.72 ± 0.01394,82.67170715332031,82.7263412475586,75.3416748046875,1,1,1,1,1:298,0,0,0.0,model_static,False,mckenzie2003,NDT,6.542911875167949,6.573190689086914,6.4677605628967285,6.608481407165527,6.608481407165527,8.157296397061767,4.529060402684564,2.9713758389261744,2.99,2.99,0,0.0,0.0,0,0.0,0.0,0,0.0,0.0,298,1949.7877388000488,885.47,0,0.0,0.0,0,0.0,0.0,,,,,,,,NDT
static,model_static/summary_timeseries.csv,20,7.1,298,119200.0,1163.0774822875155,14.20121742195375,1163 ± 14.2,1136.41357421875,1211.7552490234375,1.940387676626244,0.0022496970965876,1.94 ± 0.00225,1.940000057220459,1.9574874639511108,0.3721090606572333,0.227557946985991,0.3721 ± 0.2276,0.0274833136904463,1.5032500055566438,453.9295302013423,0.2559371136331321,453.9 ± 0.2559,453.0,454.0,84.63129343122444,0.0115677805840196,84.63 ± 0.01157,84.5783462524414,84.63653564453125,75.3416748046875,1,1,1,1,1:298,0,0,0.0,model_static,False,mckenzie2003,NDT,6.498532340030542,6.502830028533936,6.397843837738037,6.573190689086914,6.608481407165527,8.101497689264246,4.539295302013423,2.958758389261745,2.98,2.99,0,0.0,0.0,0,0.0,0.0,0,0.0,0.0,298,1936.5626373291016,881.71,0,0.0,0.0,0,0.0,0.0,,,,,,,,NDT
static,model_static/summary_timeseries.csv,20,7.0,298,119200.0,1163.0774822875155,14.20121742195375,1163 ± 14.2,1136.41357421875,1211.7552490234375,1.940387676626244,0.0022496970965876,1.94 ± 0.00225,1.940000057220459,1.9574874639511108,0.3721090606572333,0.227557946985991,0.3721 ± 0.2276,0.0274833136904463,1.5032500055566438,454.0,0.0,454 ± 0,454.0,454.0,83.50216746490274,0.0014913894007288,83.5 ± 0.001491,83.49939727783203,83.50592041015625,75.3416748046875,1,1,1,1,1:298,0,0,0.0,model_static,False,mckenzie2003,NDT,6.596407962325436,6.608481407165527,6.573190689086914,6.608481407165527,6.608481407165527,8.224557993694342,4.54,2.986577181208054,2.99,2.99,0,0.0,0.0,0,0.0,0.0,0,0.0,0.0,298,1965.72957277298,890.0000000000001,0,0.0,0.0,0,0.0,0.0,,,,,,,,NDT
static,model_static/summary_timeseries.csv,20,6.9,298,119200.0,1163.0774822875155,14.20121742195375,1163 ± 14.2,1136.41357421875,1211.7552490234375,1.940387676626244,0.0022496970965876,1.94 ± 0.00225,1.940000057220459,1.9574874639511108,0.3721090606572333,0.227557946985991,0.3721 ± 0.2276,0.0274833136904463,1.5032500055566438,451.48993288590606,0.4998986429405658,451.5 ± 0.4999,451.0,452.0,83.2379207483074,0.025892351669852,83.24 ± 0.02589,83.2056884765625,83.2660903930664,75.3416748046875,1,1,1,1,1:298,0,0,0.0,model_static,False,mckenzie2003,NDT,6.452058310476725,6.397843837738037,6.362997055053711,6.608481407165527,6.608481407165527,8.0430725492279,4.514899328859061,2.9454362416107385,2.99,2.99,0,0.0,0.0,0,0.0,0.0,0,0.0,0.0,298,1922.713376522064,877.74,0,0.0,0.0,0,0.0,0.0,,,,,,,,NDT
static,model_static/summary_timeseries.csv,20,6.8,298,119200.0,1163.0774822875155,14.20121742195375,1163 ± 14.2,1136.41357421875,1211.7552490234375,1.940387676626244,0.0022496970965876,1.94 ± 0.00225,1.940000057220459,1.9574874639511108,0.3721090606572333,0.227557946985991,0.3721 ± 0.2276,0.0274833136904463,1.5032500055566438,451.9060402684564,0.291772686164888,451.9 ± 0.2918,451.0,452.0,81.31530690033163,0.0148351535785229,81.32 ± 0.01484,81.25785827636719,81.32194519042969,75.3416748046875,1,1,1,1,1:298,0,0,0.0,model_static,False,mckenzie2003,NDT,6.396837063283728,6.397843837738037,6.362997055053711,6.4677605628967285,6.608481407165527,7.9736449668079645,4.519060402684564,2.929697986577181,2.95,2.99,0,0.0,0.0,0,0.0,0.0,0,0.0,0.0,298,1906.257444858551,873.05,0,0.0,0.0,0,0.0,0.0,,,,,,,,NDT
static,model_static/summary_timeseries.csv,20,6.7,298,119200.0,1163.0774822875155,14.20121742195375,1163 ± 14.2,1136.41357421875,1211.7552490234375,1.940387676626244,0.0022496970965876,1.94 ± 0.00225,1.940000057220459,1.9574874639511108,0.3721090606572333,0.227557946985991,0.3721 ± 0.2276,0.0274833136904463,1.5032500055566438,457.4026845637584,0.490438279367654,457.4 ± 0.4904,457.0,458.0,84.70242831851012,0.0232453703295616,84.7 ± 0.02325,84.67717742919922,84.73922729492188,75.3416748046875,1,1,1,1,1:298,0,0,0.0,model_static,False,mckenzie2003,NDT,6.5946962065344685,6.608481407165527,6.4677605628967285,6.679284572601318,6.679284572601318,8.222406815781241,4.574026845637584,2.986073825503356,3.01,3.01,0,0.0,0.0,0,0.0,0.0,0,0.0,0.0,298,1965.219469547272,889.8500000000001,0,0.0,0.0,0,0.0,0.0,,,,,,,,NDT
static,model_static/summary_timeseries.csv,20,6.6,298,119200.0,1163.0774822875155,14.20121742195375,1163 ± 14.2,1136.41357421875,1211.7552490234375,1.940387676626244,0.0022496970965876,1.94 ± 0.00225,1.940000057220459,1.9574874639511108,0.3721090606572333,0.227557946985991,0.3721 ± 0.2276,0.0274833136904463,1.5032500055566438,455.993288590604,0.0816478191986338,456 ± 0.08165,455.0,456.0,85.37118279373885,0.0038311868378713,85.37 ± 0.003831,85.3265151977539,85.37567138671875,75.3416748046875,1,1,1,1,1:298,0,0,0.0,model_static,False,mckenzie2003,NDT,6.57157348626412,6.573190689086914,6.502830028533936,6.608481407165527,6.608481407165527,8.193332449560693,4.559932885906042,2.979530201342282,2.99,2.99,0,0.0,0.0,0,0.0,0.0,0,0.0,0.0,298,1958.328898906708,887.9000000000001,0,0.0,0.0,0,0.0,0.0,,,,,,,,NDT
static,model_static/summary_timeseries.csv,20,6.5,298,119200.0,1163.0774822875155,14.20121742195375,1163 ± 14.2,1136.41357421875,1211.7552490234375,1.940387676626244,0.0022496970965876,1.94 ± 0.00225,1.940000057220459,1.9574874639511108,0.3721090606572333,0.227557946985991,0.3721 ± 0.2276,0.0274833136904463,1.5032500055566438,458.9597315436242,0.1965881679983464,459 ± 0.1966,458.0,459.0,83.82574680507584,0.0095980697955675,83.83 ± 0.009598,83.77886962890625,83.83132934570312,75.3416748046875,1,1,1,1,1:298,0,0,0.0,model_static,False,mckenzie2003,NDT,6.678809383571548,6.679284572601318,6.679284572601318,6.679284572601318,6.679284572601318,8.328170597103371,4.589597315436242,3.00986577181208,3.01,3.01,0,0.0,0.0,0,0.0,0.0,0,0.0,0.0,298,1990.2851963043213,896.9399999999998,0,0.0,0.0,0,0.0,0.0,,,,,,,,NDT
static,model_static/summary_timeseries.csv,20,6.4,298,119200.0,1163.0774822875155,14.20121742195375,1163 ± 14.2,1136.41357421875,1211.7552490234375,1.940387676626244,0.0022496970965876,1.94 ± 0.00225,1.940000057220459,1.9574874639511108,0.3721090606572333,0.227557946985991,0.3721 ± 0.2276,0.0274833136904463,1.5032500055566438,454.0,0.0,454 ± 0,454.0,454.0,85.7628501021622,0.0012303763693341,85.76 ± 0.00123,85.75776672363281,85.76551818847656,75.3416748046875,1,1,1,1,1:298,0,0,0.0,model_static,False,mckenzie2003,NDT,6.594751489242452,6.608481407165527,6.573190689086914,6.608481407165527,6.608481407165527,8.222475215943616,4.54,2.986107382550336,2.99,2.99,0,0.0,0.0,0,0.0,0.0,0,0.0,0.0,298,1965.2359437942505,889.8600000000001,0,0.0,0.0,0,0.0,0.0,,,,,,,,NDT
static,model_static/summary_timeseries.csv,20,6.3,298,119200.0,1163.0774822875155,14.20121742195375,1163 ± 14.2,1136.41357421875,1211.7552490234375,1.940387676626244,0.0022496970965876,1.94 ± 0.00225,1.940000057220459,1.9574874639511108,0.3721090606572333,0.227557946985991,0.3721 ± 0.2276,0.0274833136904463,1.5032500055566438,458.71140939597313,0.4531071256273355,458.7 ± 0.4531,458.0,459.0,80.37077357144963,0.0215238183405245,80.37 ± 0.02152,80.33354187011719,80.38719940185547,75.3416748046875,1,1,1,1,1:298,0,0,0.0,model_static,False,mckenzie2003,NDT,6.679046978086433,6.679284572601318,6.679284572601318,6.679284572601318,6.679284572601318,8.328469353380337,4.587114093959731,3.00993288590604,3.01,3.01,0,0.0,0.0,0,0.0,0.0,0,0.0,0.0,298,1990.355999469757,896.9599999999998,0,0.0,0.0,0,0.0,0.0,,,,,,,,NDT
static,model_static/summary_timeseries.csv,20,6.2,298,119200.0,1163.0774822875155,14.20121742195375,1163 ± 14.2,1136.41357421875,1211.7552490234375,1.940387676626244,0.0022496970965876,1.94 ± 0.00225,1.940000057220459,1.9574874639511108,0.3721090606572333,0.227557946985991,0.3721 ± 0.2276,0.0274833136904463,1.5032500055566438,460.0,0.0,460 ± 0,460.0,460.0,83.20734743463913,0.0030501338788804,83.21 ± 0.00305,83.1997299194336,83.21295166015625,75.3416748046875,1,1,1,1,1:298,0,0,0.0,model_static,False,mckenzie2003,NDT,6.659801822380731,6.679284572601318,6.608481407165527,6.679284572601318,6.679284572601318,8.30427009494596,4.6000000000000005,3.0044966442953016,3.01,3.01,0,0.0,0.0,0,0.0,0.0,0,0.0,0.0,298,1984.620943069458,895.3399999999999,0,0.0,0.0,0,0.0,0.0,,,,,,,,NDT
static,model_static/summary_timeseries.csv,20,6.1,298,119200.0,1163.0774822875155,14.20121742195375,1163 ± 14.2,1136.41357421875,1211.7552490234375,1.940387676626244,0.0022496970965876,1.94 ± 0.00225,1.940000057220459,1.9574874639511108,0.3721090606572333,0.227557946985991,0.3721 ± 0.2276,0.0274833136904463,1.5032500055566438,463.6677852348993,0.4710075529646813,463.7 ± 0.471,463.0,464.0,87.34761247058843,0.022550060380535,87.35 ± 0.02255,87.30596923828125,87.36478424072266,75.3416748046875,1,1,1,1,1:298,0,0,0.0,model_static,False,mckenzie2003,NDT,6.614614457892092,6.608481407165527,6.573190689086914,6.750381946563721,6.750381946563721,8.247451707266686,4.636677852348994,2.9917114093959736,3.03,3.03,0,0.0,0.0,0,0.0,0.0,0,0.0,0.0,298,1971.1551084518435,891.5300000000001,0,0.0,0.0,0,0.0,0.0,,,,,,,,NDT
static,model_static/summary_timeseries.csv,20,6.0,298,119200.0,1163.0774822875155,14.20121742195375,1163 ± 14.2,1136.41357421875,1211.7552490234375,1.940387676626244,0.0022496970965876,1.94 ± 0.00225,1.940000057220459,1.9574874639511108,0.3721090606572333,0.227557946985991,0.3721 ± 0.2276,0.0274833136904463,1.5032500055566438,468.0,0.0,468 ± 0,468.0,468.0,87.13208760511155,0.0020010799624726,87.13 ± 0.002001,87.12744903564453,87.13597106933594,75.3416748046875,1,1,1,1,1:298,0,0,0.0,model_static,False,mckenzie2003,NDT,6.749904782980081,6.750381946563721,6.750381946563721,6.750381946563721,6.750381946563721,8.417572604749319,4.68,3.029865771812081,3.03,3.03,0,0.0,0.0,0,0.0,0.0,0,0.0,0.0,298,2011.471625328064,902.9,0,0.0,0.0,0,0.0,0.0,,,,,,,,NDT
static,model_static/summary_timeseries.csv,20,5.9,298,119200.0,1163.0774822875155,14.20121742195375,1163 ± 14.2,1136.41357421875,1211.7552490234375,1.940387676626244,0.0022496970965876,1.94 ± 0.00225,1.940000057220459,1.9574874639511108,0.3721090606572333,0.227557946985991,0.3721 ± 0.2276,0.0274833136904463,1.5032500055566438,463.0,0.0,463 ± 0,463.0,463.0,88.37474277675553,0.0009324344024903,88.37 ± 0.0009324,88.3652114868164,88.3763656616211,75.3416748046875,1,1,1,1,1:298,0,0,0.0,model_static,False,mckenzie2003,NDT,6.663420069137676,6.679284572601318,6.573190689086914,6.750381946563721,6.750381946563721,8.308820693091961,4.63,3.0055033557046977,3.03,3.03,0,0.0,0.0,0,0.0,0.0,0,0.0,0.0,298,1985.6991806030276,895.6399999999999,0,0.0,0.0,0,0.0,0.0,,,,,,,,NDT
static,model_static/summary_timeseries.csv,20,5.8,298,119200.0,1163.0774822875155,14.20121742195375,1163 ± 14.2,1136.41357421875,1211.7552490234375,1.940387676626244,0.0022496970965876,1.94 ± 0.00225,1.940000057220459,1.9574874639511108,0.3721090606572333,0.227557946985991,0.3721 ± 0.2276,0.0274833136904463,1.5032500055566438,464.741610738255,0.4377490732826943,464.7 ± 0.4377,464.0,465.0,85.87685017937781,0.0222277108536877,85.88 ± 0.02223,85.83222198486328,85.8917236328125,75.3416748046875,1,1,1,1,1:298,0,0,0.0,model_static,False,mckenzie2003,NDT,6.618079467107786,6.608481407165527,6.573190689086914,6.750381946563721,6.750381946563721,8.2518090184462,4.64741610738255,2.992684563758389,3.03,3.03,0,0.0,0.0,0,0.0,0.0,0,0.0,0.0,298,1972.18768119812,891.82,0,0.0,0.0,0,0.0,0.0,,,,,,,,NDT
static,model_static/summary_timeseries.csv,20,5.7,298,119200.0,1163.0774822875155,14.20121742195375,1163 ± 14.2,1136.41357421875,1211.7552490234375,1.940387676626244,0.0022496970965876,1.94 ± 0.00225,1.940000057220459,1.9574874639511108,0.3721090606572333,0.227557946985991,0.3721 ± 0.2276,0.0274833136904463,1.5032500055566438,469.97986577181206,0.1404593928621231,470 ± 0.1405,469.0,470.0,87.56116518878297,0.0071446652823572,87.56 ± 0.007145,87.51127624511719,87.56586456298828,75.3416748046875,1,1,1,1,1:298,0,0,0.0,model_static,False,mckenzie2003,NDT,6.786040782928467,6.786040782928467,6.786040782928467,6.786040782928467,6.786040782928467,8.463015322150232,4.69979865771812,3.04,3.04,3.04,0,0.0,0.0,0,0.0,0.0,0,0.0,0.0,298,2022.240153312683,905.9199999999998,0,0.0,0.0,0,0.0,0.0,,,,,,,,NDT
static,model_static/summary_timeseries.csv,20,5.6,298,119200.0,1163.0774822875155,14.20121742195375,1163 ± 14.2,1136.41357421875,1211.7552490234375,1.940387676626244,0.0022496970965876,1.94 ± 0.00225,1.940000057220459,1.9574874639511108,0.3721090606572333,0.227557946985991,0.3721 ± 0.2276,0.0274833136904463,1.5032500055566438,469.0,0.0,469 ± 0,469.0,469.0,88.56743178911657,0.003556488929556,88.57 ± 0.003556,88.56169891357422,88.57598876953125,75.3416748046875,1,1,1,1,1:298,0,0,0.0,model_static,False,mckenzie2003,NDT,6.767887867537121,6.786040782928467,6.679284572601318,6.786040782928467,6.786040782928467,8.440187779546577,4.69,3.03489932885906,3.04,3.04,0,0.0,0.0,0,0.0,0.0,0,0.0,0.0,298,2016.830584526062,904.4,0,0.0,0.0,0,0.0,0.0,,,,,,,,NDT
static,model_static/summary_timeseries.csv,20,5.5,298,119200.0,1163.0774822875155,14.20121742195375,1163 ± 14.2,1136.41357421875,1211.7552490234375,1.940387676626244,0.0022496970965876,1.94 ± 0.00225,1.940000057220459,1.9574874639511108,0.3721090606572333,0.227557946985991,0.3721 ± 0.2276,0.0274833136904463,1.5032500055566438,467.0,0.0,467 ± 0,467.0,467.0,89.79195821365253,0.0063412405363916,89.79 ± 0.006341,89.78297424316406,89.8067626953125,75.3416748046875,1,1,1,1,1:298,0,0,0.0,model_static,False,mckenzie2003,NDT,6.698298135859854,6.750381946563721,6.4677605628967285,6.750381946563721,6.750381946563721,8.352682504713592,4.670000000000001,3.015268456375839,3.03,3.03,0,0.0,0.0,0,0.0,0.0,0,0.0,0.0,298,1996.0928444862368,898.5500000000001,0,0.0,0.0,0,0.0,0.0,,,,,,,,NDT
static,model_static/summary_timeseries.csv,20,5.4,298,119200.0,1163.0774822875155,14.20121742195375,1163 ± 14.2,1136.41357421875,1211.7552490234375,1.940387676626244,0.0022496970965876,1.94 ± 0.00225,1.940000057220459,1.9574874639511108,0.3721090606572333,0.227557946985991,0.3721 ± 0.2276,0.0274833136904463,1.5032500055566438,469.0771812080537,0.2668787537011219,469.1 ± 0.2669,469.0,470.0,91.29284836941918,0.0124139623640297,91.29 ± 0.01241,91.27752685546876,91.33512115478516,75.3416748046875,1,1,1,1,1:298,0,0,0.0,model_static,False,mckenzie2003,NDT,6.618648356239268,6.608481407165527,6.573190689086914,6.750381946563721,6.750381946563721,8.252523942462563,4.690771812080537,2.992852348993289,3.03,3.03,0,0.0,0.0,0,0.0,0.0,0,0.0,0.0,298,1972.3572101593015,891.8700000000001,0,0.0,0.0,0,0.0,0.0,,,,,,,,NDT
static,model_static/summary_timeseries.csv,20,5.3,298,119200.0,1163.0774822875155,14.20121742195375,1163 ± 14.2,1136.41357421875,1211.7552490234375,1.940387676626244,0.0022496970965876,1.94 ± 0.00225,1.940000057220459,1.9574874639511108,0.3721090606572333,0.227557946985991,0.3721 ± 0.2276,0.0274833136904463,1.5032500055566438,470.993288590604,0.0816478191986338,471 ± 0.08165,470.0,471.0,87.07168195071637,0.0036965982181138,87.07 ± 0.003697,87.02774047851562,87.07374572753906,75.3416748046875,1,1,1,1,1:298,0,0,0.0,model_static,False,mckenzie2003,NDT,6.708554885531432,6.679284572601318,6.608481407165527,6.786040782928467,6.786040782928467,8.365576125341338,4.70993288590604,3.018221476510067,3.04,3.04,0,0.0,0.0,0,0.0,0.0,0,0.0,0.0,298,1999.1493558883667,899.43,0,0.0,0.0,0,0.0,0.0,,,,,,,,NDT
static,model_static/summary_timeseries.csv,20,5.2,298,119200.0,1163.0774822875155,14.20121742195375,1163 ± 14.2,1136.41357421875,1211.7552490234375,1.940387676626244,0.0022496970965876,1.94 ± 0.00225,1.940000057220459,1.9574874639511108,0.3721090606572333,0.227557946985991,0.3721 ± 0.2276,0.0274833136904463,1.5032500055566438,468.0,0.0,468 ± 0,468.0,468.0,87.7682098286264,0.003199039133508,87.77 ± 0.003199,87.76180267333984,87.77323913574219,75.3416748046875,1,1,1,1,1:298,0,0,0.0,model_static,False,mckenzie2003,NDT,6.721513549753484,6.750381946563721,6.679284572601318,6.750381946563721,6.750381946563721,8.381870797600842,4.68,3.0218791946308725,3.03,3.03,0,0.0,0.0,0,0.0,0.0,0,0.0,0.0,298,2003.011037826538,900.52,0,0.0,0.0,0,0.0,0.0,,,,,,,,NDT
static,model_static/summary_timeseries.csv,20,5.1,298,119200.0,1163.0774822875155,14.20121742195375,1163 ± 14.2,1136.41357421875,1211.7552490234375,1.940387676626244,0.0022496970965876,1.94 ± 0.00225,1.940000057220459,1.9574874639511108,0.3721090606572333,0.227557946985991,0.3721 ± 0.2276,0.0274833136904463,1.5032500055566438,465.993288590604,0.0816478191986338,466 ± 0.08165,465.0,466.0,88.70547280535602,0.0040784329159597,88.71 ± 0.004078,88.6589126586914,88.70918273925781,75.3416748046875,1,1,1,1,1:298,0,0,0.0,model_static,False,mckenzie2003,NDT,6.716507281233,6.750381946563721,6.679284572601318,6.750381946563721,6.750381946563721,8.3755755143289,4.65993288590604,3.020469798657718,3.03,3.03,0,0.0,0.0,0,0.0,0.0,0,0.0,0.0,298,2001.519169807434,900.0999999999999,0,0.0,0.0,0,0.0,0.0,,,,,,,,NDT
static,model_static/summary_timeseries.csv,20,5.0,298,119200.0,1163.0774822875155,14.20121742195375,1163 ± 14.2,1136.41357421875,1211.7552490234375,1.940387676626244,0.0022496970965876,1.94 ± 0.00225,1.940000057220459,1.9574874639511108,0.3721090606572333,0.227557946985991,0.3721 ± 0.2276,0.0274833136904463,1.5032500055566438,472.244966442953,0.4300673026166542,472.2 ± 0.4301,472.0,473.0,92.98010476643609,0.021256196681647,92.98 ± 0.02126,92.9577865600586,93.0195083618164,75.3416748046875,1,1,1,1,1:298,0,0,0.0,model_static,False,mckenzie2003,NDT,6.703565381517346,6.679284572601318,6.608481407165527,6.786040782928467,6.786040782928467,8.359302219196527,4.72244966442953,3.0168120805369125,3.04,3.04,0,0.0,0.0,0,0.0,0.0,0,0.0,0.0,298,1997.6624836921687,899.0099999999999,0,0.0,0.0,0,0.0,0.0,,,,,,,,NDT
static,model_static/summary_timeseries.csv,20,4.9,298,119200.0,1163.0774822875155,14.20121742195375,1163 ± 14.2,1136.41357421875,1211.7552490234375,1.940387676626244,0.0022496970965876,1.94 ± 0.00225,1.940000057220459,1.9574874639511108,0.3721090606572333,0.227557946985991,0.3721 ± 0.2276,0.0274833136904463,1.5032500055566438,476.9597315436242,0.1965881679983464,477 ± 0.1966,476.0,477.0,87.29223138693995,0.0091345323180889,87.29 ± 0.009135,87.2479248046875,87.29761505126953,75.3416748046875,1,1,1,1,1:298,0,0,0.0,model_static,False,mckenzie2003,NDT,6.851337488865692,6.857578277587891,6.786040782928467,6.857578277587891,6.857578277587891,8.545132614732422,4.769597315436242,3.058255033557047,3.06,3.06,0,0.0,0.0,0,0.0,0.0,0,0.0,0.0,298,2041.6985716819763,911.36,0,0.0,0.0,0,0.0,0.0,,,,,,,,NDT
static,model_static/summary_timeseries.csv,20,4.8,298,119200.0,1163.0774822875155,14.20121742195375,1163 ± 14.2,1136.41357421875,1211.7552490234375,1.940387676626244,0.0022496970965876,1.94 ± 0.00225,1.940000057220459,1.9574874639511108,0.3721090606572333,0.227557946985991,0.3721 ± 0.2276,0.0274833136904463,1.5032500055566438,487.2919463087249,10.080481617199704,487.3 ± 10.08,482.0,508.0,89.87251898746362,0.9298271488725256,89.87 ± 0.9298,89.40149688720703,91.78510284423828,75.3416748046875,1,1,1,1,1:298,0,0,0.0,model_static,False,mckenzie2003,NDT,7.017318207145538,6.857578277587891,6.750381946563721,7.895328044891357,7.895328044891357,8.671008571242648,4.872919463087249,3.0395973154362417,3.06,3.06,0,0.0,0.0,57,450.0336985588074,171.57,0,0.0,0.0,241,1641.1271271705627,734.2299999999999,0,0.0,0.0,0,0.0,0.0,,,,,,,,NDT
static,model_static/summary_timeseries.csv,20,4.7,298,119200.0,1163.0774822875155,14.20121742195375,1163 ± 14.2,1136.41357421875,1211.7552490234375,1.940387676626244,0.0022496970965876,1.94 ± 0.00225,1.940000057220459,1.9574874639511108,0.3721090606572333,0.227557946985991,0.3721 ± 0.2276,0.0274833136904463,1.5032500055566438,503.1577181208054,12.68587800797784,503.2 ± 12.69,486.0,513.0,92.27454097158956,1.1757867044530208,92.27 ± 1.176,90.71720123291016,93.18937683105467,75.3416748046875,1,1,1,1,1:298,0,0,0.0,model_static,False,mckenzie2003,NDT,7.485383052953938,7.895328044891357,6.786040782928467,7.895328044891357,7.895328044891357,9.072118051875377,5.031577181208054,3.0232214765100665,3.07,3.07,0,0.0,0.0,186,1468.5310163497925,559.8599999999999,0,0.0,0.0,112,762.113133430481,341.05999999999995,0,0.0,0.0,0,0.0,0.0,,,,,,,,NDT
static,model_static/summary_timeseries.csv,20,4.6,298,119200.0,1163.0774822875155,14.20121742195375,1163 ± 14.2,1136.41357421875,1211.7552490234375,1.940387676626244,0.0022496970965876,1.94 ± 0.00225,1.940000057220459,1.9574874639511108,0.3721090606572333,0.227557946985991,0.3721 ± 0.2276,0.0274833136904463,1.5032500055566438,486.5335570469799,7.223229777685484,486.5 ± 7.223,483.0,507.0,90.11003192159151,0.7194197104749019,90.11 ± 0.7194,89.80440521240234,92.14892578125,75.3416748046875,1,1,1,1,1:298,0,0,0.0,model_static,False,mckenzie2003,NDT,6.965004024889645,6.857578277587891,6.679284572601318,7.895328044891357,7.895328044891357,8.640108304759023,4.865335570469799,3.0523489932885903,3.07,3.07,0,0.0,0.0,33,260.5458254814148,99.33,0,0.0,0.0,265,1815.0253739356997,810.27,0,0.0,0.0,0,0.0,0.0,,,,,,,,NDT
static,model_static/summary_timeseries.csv,20,4.5,298,119200.0,1163.0774822875155,14.20121742195375,1163 ± 14.2,1136.41357421875,1211.7552490234375,1.940387676626244,0.0022496970965876,1.94 ± 0.00225,1.940000057220459,1.9574874639511108,0.3721090606572333,0.227557946985991,0.3721 ± 0.2276,0.0274833136904463,1.5032500055566438,496.4295302013423,10.499763521502622,496.4 ± 10.5,486.0,507.0,90.17651116287948,1.099002483364788,90.18 ± 1.099,89.0748291015625,91.28455352783205,75.3416748046875,1,1,1,1,1:298,0,0,0.0,model_static,False,mckenzie2003,NDT,7.380194670401964,6.893456935882568,6.857578277587891,7.895328044891357,7.895328044891357,8.995074480619984,4.964295302013422,3.037181208053691,3.07,3.07,0,0.0,0.0,148,1168.508550643921,445.4799999999999,0,0.0,0.0,150,1030.7894611358645,459.6,0,0.0,0.0,0,0.0,0.0,,,,,,,,NDT
static,model_static/summary_timeseries.csv,20,4.4,298,119200.0,1163.0774822875155,14.20121742195375,1163 ± 14.2,1136.41357421875,1211.7552490234375,1.940387676626244,0.0022496970965876,1.94 ± 0.00225,1.940000057220459,1.9574874639511108,0.3721090606572333,0.227557946985991,0.3721 ± 0.2276,0.0274833136904463,1.5032500055566438,484.0,0.0,484 ± 0,484.0,484.0,90.06550843923684,0.0020210949446824,90.07 ± 0.002021,90.058349609375,90.06940460205078,75.3416748046875,1,1,1,1,1:298,0,0,0.0,model_static,False,mckenzie2003,NDT,6.892975343153781,6.893456935882568,6.893456935882568,6.893456935882568,6.893456935882568,8.597498173657673,4.840000000000001,3.0698657718120805,3.07,3.07,0,0.0,0.0,0,0.0,0.0,0,0.0,0.0,298,2054.1066522598267,914.82,0,0.0,0.0,0,0.0,0.0,,,,,,,,NDT
static,model_static/summary_timeseries.csv,20,4.3,298,119200.0,1163.0774822875155,14.20121742195375,1163 ± 14.2,1136.41357421875,1211.7552490234375,1.940387676626244,0.0022496970965876,1.94 ± 0.00225,1.940000057220459,1.9574874639511108,0.3721090606572333,0.227557946985991,0.3721 ± 0.2276,0.0274833136904463,1.5032500055566438,507.493288590604,1.2349585993946597,507.5 ± 1.235,488.0,508.0,92.4621468102372,0.1262183919345604,92.46 ± 0.1262,90.32465362548828,92.4926528930664,75.3416748046875,2,1,2,2,2:298,0,0,0.0,model_static,False,mckenzie2003,NDT,7.892207592125707,7.895328044891357,7.895328044891357,7.895328044891357,7.895328044891357,9.422378593914557,5.07493288590604,3.0102684563758384,3.01,3.09,0,0.0,0.0,297,2344.912429332733,893.9699999999998,0,0.0,0.0,1,6.965433120727539,3.09,0,0.0,0.0,0,0.0,0.0,,,,,,,,NDT
static,model_static/summary_timeseries.csv,20,4.2,298,119200.0,1163.0774822875155,14.20121742195375,1163 ± 14.2,1136.41357421875,1211.7552490234375,1.940387676626244,0.0022496970965876,1.94 ± 0.00225,1.940000057220459,1.9574874639511108,0.3721090606572333,0.227557946985991,0.3721 ± 0.2276,0.0274833136904463,1.5032500055566438,488.8053691275168,3.931763359966928,488.8 ± 3.932,488.0,508.0,87.80756280886247,0.4229765260744517,87.81 ± 0.423,87.71839904785156,89.87338256835938,75.3416748046875,1,2,1,2,1:287; 2:11,0,0,0.0,model_static,False,mckenzie2003,NDT,6.953990966681666,6.893456935882568,6.857578277587891,6.965433120727539,7.895328044891357,8.656789447539033,4.888053691275167,3.073187919463087,3.09,3.09,0,0.0,0.0,12,94.74393653869627,36.11999999999999,0,0.0,0.0,286,1977.54537153244,879.6899999999999,0,0.0,0.0,0,0.0,0.0,,,,,,,,NDT
static,model_static/summary_timeseries.csv,20,4.1,298,119200.0,1163.0774822875155,14.20121742195375,1163 ± 14.2,1136.41357421875,1211.7552490234375,1.940387676626244,0.0022496970965876,1.94 ± 0.00225,1.940000057220459,1.9574874639511108,0.3721090606572333,0.227557946985991,0.3721 ± 0.2276,0.0274833136904463,1.5032500055566438,488.0,0.0,488 ± 0,488.0,488.0,87.5911746185098,0.0039984099884102,87.59 ± 0.003998,87.58134460449219,87.5955581665039,75.3416748046875,2,1,2,2,2:298,0,0,0.0,model_static,False,mckenzie2003,NDT,6.902927315475156,6.893456935882568,6.857578277587891,6.965433120727539,6.965433120727539,8.610015785765567,4.88,3.0726174496644294,3.09,3.09,0,0.0,0.0,0,0.0,0.0,0,0.0,0.0,298,2057.0723400115967,915.64,0,0.0,0.0,0,0.0,0.0,,,,,,,,NDT
static,model_static/summary_timeseries.csv,20,4.0,298,119200.0,1163.0774822875155,14.20121742195375,1163 ± 14.2,1136.41357421875,1211.7552490234375,1.940387676626244,0.0022496970965876,1.94 ± 0.00225,1.940000057220459,1.9574874639511108,0.3721090606572333,0.227557946985991,0.3721 ± 0.2276,0.0274833136904463,1.5032500055566438,495.78859060402687,1.7278620921752248,495.8 ± 1.728,495.0,516.0,88.70308925961488,0.1803676235390358,88.7 ± 0.1804,88.65570831298828,90.88046264648438,75.3416748046875,1,1,1,1,1:298,0,0,0.0,model_static,False,mckenzie2003,NDT,7.001231124737119,7.001530647277832,6.965433120727539,7.001530647277832,7.895328044891357,8.730745737954239,4.957885906040269,3.09765100671141,3.1,3.1,0,0.0,0.0,2,15.790656089782717,6.02,0,0.0,0.0,296,2070.5762190818787,917.0800000000002,0,0.0,0.0,0,0.0,0.0,,,,,,,,NDT
static,model_static/summary_timeseries.csv,20,3.9,298,119200.0,1163.0774822875155,14.20121742195375,1163 ± 14.2,1136.41357421875,1211.7552490234375,1.940387676626244,0.0022496970965876,1.94 ± 0.00225,1.940000057220459,1.9574874639511108,0.3721090606572333,0.227557946985991,0.3721 ± 0.2276,0.0274833136904463,1.5032500055566438,506.3959731543624,9.043384464704602,506.4 ± 9.043,497.0,516.0,86.91951454725842,1.055260584356216,86.92 ± 1.055,85.87812042236328,88.04283905029297,75.3416748046875,2,1,2,2,2:298,0,0,0.0,model_static,False,mckenzie2003,NDT,7.403283196007646,7.001530647277832,6.893456935882568,7.895328044891357,7.895328044891357,9.035745496834425,5.063959731543624,3.052684563758389,3.1,3.1,0,0.0,0.0,140,1105.34592628479,421.3999999999999,0,0.0,0.0,158,1100.8324661254885,488.3,0,0.0,0.0,0,0.0,0.0,,,,,,,,NDT
static,model_static/summary_timeseries.csv,20,3.8,298,119200.0,1163.0774822875155,14.20121742195375,1163 ± 14.2,1136.41357421875,1211.7552490234375,1.940387676626244,0.0022496970965876,1.94 ± 0.00225,1.940000057220459,1.9574874639511108,0.3721090606572333,0.227557946985991,0.3721 ± 0.2276,0.0274833136904463,1.5032500055566438,499.738255033557,8.723489829617566,499.7 ± 8.723,494.0,513.0,88.00802169390172,0.9819606625276308,88.01 ± 0.982,87.36089324951172,89.50199127197266,75.3416748046875,2,1,2,2,2:298,0,0,0.0,model_static,False,mckenzie2003,NDT,7.234870509013233,6.893456935882568,6.893456935882568,7.9818525314331055,7.9818525314331055,8.895063492604253,4.997382550335571,3.061476510067114,3.09,3.09,0,0.0,0.0,90,718.193678855896,272.66,0,0.0,0.0,208,1437.7977328300476,639.66,0,0.0,0.0,0,0.0,0.0,,,,,,,,NDT
static,model_static/summary_timeseries.csv,20,3.7,298,119200.0,1163.0774822875155,14.20121742195375,1163 ± 14.2,1136.41357421875,1211.7552490234375,1.940387676626244,0.0022496970965876,1.94 ± 0.00225,1.940000057220459,1.9574874639511108,0.3721090606572333,0.227557946985991,0.3721 ± 0.2276,0.0274833136904463,1.5032500055566438,507.3154362416107,8.917660065919984,507.3 ± 8.918,496.0,515.0,89.65878577520384,1.0464977421740465,89.66 ± 1.046,88.3980712890625,90.56243896484376,75.3416748046875,2,1,2,2,2:298,0,0,0.0,model_static,False,mckenzie2003,NDT,7.535000620272336,7.895328044891357,6.893456935882568,7.9818525314331055,7.9818525314331055,9.15395548351414,5.073154362416108,3.0522818791946307,3.1,3.1,0,0.0,0.0,171,1361.6088523864746,517.3699999999999,0,0.0,0.0,127,883.8213324546814,392.2100000000001,0,0.0,0.0,0,0.0,0.0,,,,,,,,NDT
static,model_static/summary_timeseries.csv,20,3.6,298,119200.0,1163.0774822875155,14.20121742195375,1163 ± 14.2,1136.41357421875,1211.7552490234375,1.940387676626244,0.0022496970965876,1.94 ± 0.00225,1.940000057220459,1.9574874639511108,0.3721090606572333,0.227557946985991,0.3721 ± 0.2276,0.0274833136904463,1.5032500055566438,515.3221476510067,5.544534108006142,515.3 ± 5.545,497.0,517.0,90.28965001458288,0.6002357482478337,90.29 ± 0.6002,88.30565643310547,90.4745101928711,75.3416748046875,2,2,1,2,1:4; 2:294,0,0,0.0,model_static,False,mckenzie2003,NDT,7.896292096016391,7.9818525314331055,6.965433120727539,7.9818525314331055,7.9818525314331055,9.45755569883252,5.153221476510068,3.0349664429530203,3.09,3.09,0,0.0,0.0,273,2178.959216594696,827.1700000000001,0,0.0,0.0,25,174.13582801818848,77.25,0,0.0,0.0,0,0.0,0.0,,,,,,,,NDT
static,model_static/summary_timeseries.csv,20,3.5,298,119200.0,1163.0774822875155,14.20121742195375,1163 ± 14.2,1136.41357421875,1211.7552490234375,1.940387676626244,0.0022496970965876,1.94 ± 0.00225,1.940000057220459,1.9574874639511108,0.3721090606572333,0.227557946985991,0.3721 ± 0.2276,0.0274833136904463,1.5032500055566438,505.8053691275168,8.002665539445472,505.8 ± 8.003,501.0,520.0,89.7344804290157,0.937151903442208,89.73 ± 0.9372,89.17033386230469,91.34087371826172,75.3416748046875,2,1,2,2,2:298,0,0,0.0,model_static,False,mckenzie2003,NDT,7.258755189460396,7.001530647277832,6.965433120727539,7.9818525314331055,7.9818525314331055,8.941493156255584,5.058053691275167,3.080872483221477,3.12,3.12,0,0.0,0.0,79,629.4415316581726,239.11,0,0.0,0.0,219,1533.6675148010254,678.99,0,0.0,0.0,0,0.0,0.0,,,,,,,,NDT
static,model_static/summary_timeseries.csv,20,3.4,298,119200.0,1163.0774822875155,14.20121742195375,1163 ± 14.2,1136.41357421875,1211.7552490234375,1.940387676626244,0.0022496970965876,1.94 ± 0.00225,1.940000057220459,1.9574874639511108,0.3721090606572333,0.227557946985991,0.3721 ± 0.2276,0.0274833136904463,1.5032500055566438,506.7046979865772,9.030524935654954,506.7 ± 9.031,501.0,521.0,87.11625535696145,0.9958461700135788,87.12 ± 0.9958,86.48561096191406,88.69674682617188,75.3416748046875,2,1,2,2,2:298,0,0,0.0,model_static,False,mckenzie2003,NDT,7.253588134010366,7.001530647277832,6.965433120727539,8.02525520324707,8.02525520324707,8.926857623082682,5.067046979865771,3.0730872483221474,3.1,3.1,0,0.0,0.0,85,673.9612812995911,256.5099999999999,0,0.0,0.0,213,1487.607982635498,659.27,0,0.0,0.0,0,0.0,0.0,,,,,,,,NDT
static,model_static/summary_timeseries.csv,20,3.3,298,119200.0,1163.0774822875155,14.20121742195375,1163 ± 14.2,1136.41357421875,1211.7552490234375,1.940387676626244,0.0022496970965876,1.94 ± 0.00225,1.940000057220459,1.9574874639511108,0.3721090606572333,0.227557946985991,0.3721 ± 0.2276,0.0274833136904463,1.5032500055566438,517.0,0.0,517 ± 0,517.0,517.0,90.2385550377353,0.0020150887961697,90.24 ± 0.002015,90.2323760986328,90.24227142333984,75.3416748046875,2,1,2,2,2:298,0,0,0.0,model_static,False,mckenzie2003,NDT,7.981562180807127,7.9818525314331055,7.9818525314331055,7.9818525314331055,7.9818525314331055,9.52800204593595,5.170000000000001,3.0299328859060406,3.03,3.03,0,0.0,0.0,298,2378.505529880524,902.92,0,0.0,0.0,0,0.0,0.0,0,0.0,0.0,0,0.0,0.0,,,,,,,,NDT
static,model_static/summary_timeseries.csv,20,3.2,298,119200.0,1163.0774822875155,14.20121742195375,1163 ± 14.2,1136.41357421875,1211.7552490234375,1.940387676626244,0.0022496970965876,1.94 ± 0.00225,1.940000057220459,1.9574874639511108,0.3721090606572333,0.227557946985991,0.3721 ± 0.2276,0.0274833136904463,1.5032500055566438,523.3657718120805,0.4816459213653296,523.4 ± 0.4816,523.0,524.0,90.04486977494003,0.0227359884337867,90.04 ± 0.02274,90.024169921875,90.0767593383789,75.3416748046875,2,1,2,2,2:298,0,0,0.0,model_static,False,mckenzie2003,NDT,8.024963910147648,8.02525520324707,8.02525520324707,8.02525520324707,8.02525520324707,9.579919539436425,5.233657718120806,3.0399328859060395,3.04,3.04,0,0.0,0.0,298,2391.439245223999,905.8999999999996,0,0.0,0.0,0,0.0,0.0,0,0.0,0.0,0,0.0,0.0,,,,,,,,NDT
static,model_static/summary_timeseries.csv,20,3.1,298,119200.0,1163.0774822875155,14.20121742195375,1163 ± 14.2,1136.41357421875,1211.7552490234375,1.940387676626244,0.0022496970965876,1.94 ± 0.00225,1.940000057220459,1.9574874639511108,0.3721090606572333,0.227557946985991,0.3721 ± 0.2276,0.0274833136904463,1.5032500055566438,508.7315436241611,7.431233624889899,508.7 ± 7.431,505.0,524.0,89.81255317534377,0.8530153548586648,89.81 ± 0.853,89.38265991210938,91.57159423828124,75.3416748046875,2,1,2,2,2:298,0,0,0.0,model_static,False,mckenzie2003,NDT,7.156180695399342,6.965433120727539,6.893456935882568,8.02525520324707,8.02525520324707,8.844750569215968,5.087315436241611,3.0775503355704696,3.12,3.12,0,0.0,0.0,57,454.4078192710877,172.57999999999998,0,0.0,0.0,241,1678.1340279579165,744.53,0,0.0,0.0,0,0.0,0.0,,,,,,,,NDT
static,model_static/summary_timeseries.csv,20,3.0,298,119200.0,1163.0774822875155,14.20121742195375,1163 ± 14.2,1136.41357421875,1211.7552490234375,1.940387676626244,0.0022496970965876,1.94 ± 0.00225,1.940000057220459,1.9574874639511108,0.3721090606572333,0.227557946985991,0.3721 ± 0.2276,0.0274833136904463,1.5032500055566438,528.0,0.0,528 ± 0,528.0,528.0,90.99328487831474,0.0015508843617576,90.99 ± 0.001551,90.9882583618164,91.000244140625,75.3416748046875,2,1,2,2,2:298,0,0,0.0,model_static,False,mckenzie2003,NDT,8.062833145960866,8.112340927124023,7.9818525314331055,8.112340927124023,8.112340927124023,9.625219551741695,5.28,3.0486241610738256,3.06,3.06,0,0.0,0.0,298,2402.724277496338,908.49,0,0.0,0.0,0,0.0,0.0,0,0.0,0.0,0,0.0,0.0,,,,,,,,NDT
static,model_static/summary_timeseries.csv,20,2.9,298,119200.0,1163.0774822875155,14.20121742195375,1163 ± 14.2,1136.41357421875,1211.7552490234375,1.940387676626244,0.0022496970965876,1.94 ± 0.00225,1.940000057220459,1.9574874639511108,0.3721090606572333,0.227557946985991,0.3721 ± 0.2276,0.0274833136904463,1.5032500055566438,530.6979865771812,0.4591310436640824,530.7 ± 0.4591,530.0,531.0,93.20744203401092,0.0203424497228036,93.21 ± 0.02034,93.1706085205078,93.22184753417967,75.3416748046875,2,1,2,2,2:298,0,0,0.0,model_static,False,mckenzie2003,NDT,7.991259626094127,7.9818525314331055,7.895328044891357,8.112340927124023,8.112340927124023,9.539602521619912,5.306979865771813,3.032147651006712,3.06,3.06,0,0.0,0.0,298,2381.39536857605,903.58,0,0.0,0.0,0,0.0,0.0,0,0.0,0.0,0,0.0,0.0,,,,,,,,NDT
static,model_static/summary_timeseries.csv,20,2.8,298,119200.0,1163.0774822875155,14.20121742195375,1163 ± 14.2,1136.41357421875,1211.7552490234375,1.940387676626244,0.0022496970965876,1.94 ± 0.00225,1.940000057220459,1.9574874639511108,0.3721090606572333,0.227557946985991,0.3721 ± 0.2276,0.0274833136904463,1.5032500055566438,522.2013422818792,7.659691291527409,522.2 ± 7.66,509.0,527.0,94.55717475942318,0.9496785648713452,94.56 ± 0.9497,92.99827575683594,95.1542510986328,75.3416748046875,2,1,2,2,2:298,0,0,0.0,model_static,False,mckenzie2003,NDT,7.681086273001345,7.895328044891357,7.001530647277832,7.9818525314331055,8.02525520324707,9.276388956996543,5.222013422818793,3.0449328859060403,3.14,3.14,0,0.0,0.0,214,1695.1820139884949,645.4299999999998,0,0.0,0.0,84,593.7816953659058,261.96000000000004,0,0.0,0.0,0,0.0,0.0,,,,,,,,NDT
static,model_static/summary_timeseries.csv,20,2.7,298,119200.0,1163.0774822875155,14.20121742195375,1163 ± 14.2,1136.41357421875,1211.7552490234375,1.940387676626244,0.0022496970965876,1.94 ± 0.00225,1.940000057220459,1.9574874639511108,0.3721090606572333,0.227557946985991,0.3721 ± 0.2276,0.0274833136904463,1.5032500055566438,531.98322147651,0.1284406658322459,532 ± 0.1284,531.0,532.0,90.22590145648726,0.0061654393455918,90.23 ± 0.006165,90.17833709716795,90.22809600830078,75.3416748046875,2,1,2,2,2:298,0,0,0.0,model_static,False,mckenzie2003,NDT,8.037276314408988,8.02525520324707,7.9818525314331055,8.112340927124023,8.112340927124023,9.594648017394546,5.319832214765101,3.0427516778523485,3.06,3.06,0,0.0,0.0,298,2395.108341693878,906.74,0,0.0,0.0,0,0.0,0.0,0,0.0,0.0,0,0.0,0.0,,,,,,,,NDT
static,model_static/summary_timeseries.csv,20,2.6,298,119200.0,1163.0774822875155,14.20121742195375,1163 ± 14.2,1136.41357421875,1211.7552490234375,1.940387676626244,0.0022496970965876,1.94 ± 0.00225,1.940000057220459,1.9574874639511108,0.3721090606572333,0.227557946985991,0.3721 ± 0.2276,0.0274833136904463,1.5032500055566438,526.0234899328859,5.800611970280758,526 ± 5.801,509.0,528.0,90.41516469148982,0.6587300299018796,90.42 ± 0.6587,88.48091888427734,90.6488800048828,75.3416748046875,2,1,2,2,2:298,0,0,0.0,model_static,False,mckenzie2003,NDT,7.982563654048331,8.112340927124023,7.073944091796875,8.112340927124023,8.112340927124023,9.56884376757702,5.260234899328859,3.061107382550335,3.12,3.12,0,0.0,0.0,267,2160.380663394928,815.73,0,0.0,0.0,31,218.4233055114746,96.47999999999998,0,0.0,0.0,0,0.0,0.0,,,,,,,,NDT
static,model_static/summary_timeseries.csv,20,2.5,298,119200.0,1163.0774822875155,14.20121742195375,1163 ± 14.2,1136.41357421875,1211.7552490234375,1.940387676626244,0.0022496970965876,1.94 ± 0.00225,1.940000057220459,1.9574874639511108,0.3721090606572333,0.227557946985991,0.3721 ± 0.2276,0.0274833136904463,1.5032500055566438,524.993288590604,0.0816478191986338,525 ± 0.08165,524.0,525.0,89.7391061462812,0.0041543804924304,89.74 ± 0.004154,89.69290161132812,89.74321746826172,75.3416748046875,2,1,2,2,2:298,0,0,0.0,model_static,False,mckenzie2003,NDT,8.022781096848865,8.02525520324707,8.02525520324707,8.02525520324707,8.02525520324707,9.577308447725375,5.24993288590604,3.039429530201342,3.04,3.04,0,0.0,0.0,298,2390.788766860962,905.75,0,0.0,0.0,0,0.0,0.0,0,0.0,0.0,0,0.0,0.0,,,,,,,,NDT
static,model_static/summary_timeseries.csv,20,2.4,298,119200.0,1163.0774822875155,14.20121742195375,1163 ± 14.2,1136.41357421875,1211.7552490234375,1.940387676626244,0.0022496970965876,1.94 ± 0.00225,1.940000057220459,1.9574874639511108,0.3721090606572333,0.227557946985991,0.3721 ± 0.2276,0.0274833136904463,1.5032500055566438,531.006711409396,6.402072487733326,531 ± 6.402,518.0,535.0,90.11816426731596,0.7648085821507495,90.12 ± 0.7648,88.56069946289062,90.53460693359376,75.3416748046875,2,1,2,2,2:298,0,0,0.0,model_static,False,mckenzie2003,NDT,7.790246139436761,7.895328044891357,7.183109283447266,7.9818525314331055,8.02525520324707,9.374966373526377,5.31006711409396,3.0449999999999995,3.15,3.15,0,0.0,0.0,240,1904.873011112213,724.7099999999999,0,0.0,0.0,58,416.6203384399414,182.7,0,0.0,0.0,0,0.0,0.0,,,,,,,,NDT
static,model_static/summary_timeseries.csv,20,2.3,298,119200.0,1163.0774822875155,14.20121742195375,1163 ± 14.2,1136.41357421875,1211.7552490234375,1.940387676626244,0.0022496970965876,1.94 ± 0.00225,1.940000057220459,1.9574874639511108,0.3721090606572333,0.227557946985991,0.3721 ± 0.2276,0.0274833136904463,1.5032500055566438,531.9463087248322,0.9252986813215618,531.9 ± 0.9253,516.0,532.0,90.03221816504562,0.1205369446341416,90.03 ± 0.1205,87.9549789428711,90.04061889648438,75.3416748046875,2,1,2,2,2:298,0,0,0.0,model_static,False,mckenzie2003,NDT,7.986853876369912,7.9818525314331055,7.895328044891357,8.112340927124023,8.112340927124023,9.535631973954231,5.319463087248323,3.032147651006712,3.06,3.14,0,0.0,0.0,297,2372.935806751251,900.4399999999999,0,0.0,0.0,1,7.146648406982422,3.14,0,0.0,0.0,0,0.0,0.0,,,,,,,,NDT
static,model_static/summary_timeseries.csv,20,2.2,298,119200.0,1163.0774822875155,14.20121742195375,1163 ± 14.2,1136.41357421875,1211.7552490234375,1.940387676626244,0.0022496970965876,1.94 ± 0.00225,1.940000057220459,1.9574874639511108,0.3721090606572333,0.227557946985991,0.3721 ± 0.2276,0.0274833136904463,1.5032500055566438,528.01677852349,1.0312501492902886,528 ± 1.031,516.0,529.0,92.7346575436176,0.1419977789525604,92.73 ± 0.142,91.01448059082033,92.78736114501952,75.3416748046875,2,1,2,2,2:298,0,0,0.0,model_static,False,mckenzie2003,NDT,8.026344534534736,8.02525520324707,7.895328044891357,8.112340927124023,8.112340927124023,9.584110662658782,5.2801677852349,3.042214765100671,3.06,3.1,0,0.0,0.0,296,2377.847609996796,900.3799999999999,0,0.0,0.0,2,14.003061294555664,6.2,0,0.0,0.0,0,0.0,0.0,,,,,,,,NDT
static,model_static/summary_timeseries.csv,20,2.1,298,119200.0,1163.0774822875155,14.20121742195375,1163 ± 14.2,1136.41357421875,1211.7552490234375,1.940387676626244,0.0022496970965876,1.94 ± 0.00225,1.940000057220459,1.9574874639511108,0.3721090606572333,0.227557946985991,0.3721 ± 0.2276,0.0274833136904463,1.5032500055566438,527.9127516778524,1.0614216495822395,527.9 ± 1.061,515.0,528.0,88.6422809370412,0.1611087279029477,88.64 ± 0.1611,86.68181610107422,88.65716552734375,75.3416748046875,2,1,2,2,2:298,0,0,0.0,model_static,False,mckenzie2003,NDT,8.036755845050683,8.02525520324707,7.9818525314331055,8.112340927124023,8.112340927124023,9.59663995346512,5.279127516778524,3.044664429530201,3.06,3.15,0,0.0,0.0,296,2380.587023258209,901.01,0,0.0,0.0,2,14.366218566894531,6.3,0,0.0,0.0,0,0.0,0.0,,,,,,,,NDT
static,model_static/summary_timeseries.csv,20,2.0,298,119200.0,1163.0774822875155,14.20121742195375,1163 ± 14.2,1136.41357421875,1211.7552490234375,1.940387676626244,0.0022496970965876,1.94 ± 0.00225,1.940000057220459,1.9574874639511108,0.3721090606572333,0.227557946985991,0.3721 ± 0.2276,0.0274833136904463,1.5032500055566438,528.993288590604,0.0816478191986338,529 ± 0.08165,528.0,529.0,87.48803209138397,0.0045193851614356,87.49 ± 0.004519,87.4423828125,87.496337890625,75.3416748046875,2,1,2,2,2:298,0,0,0.0,model_static,False,mckenzie2003,NDT,8.078022724830063,8.112340927124023,7.9818525314331055,8.112340927124023,8.112340927124023,9.643389600107554,5.28993288590604,3.0521140939597315,3.06,3.06,0,0.0,0.0,298,2407.250771999359,909.53,0,0.0,0.0,0,0.0,0.0,0,0.0,0.0,0,0.0,0.0,,,,,,,,NDT
static,model_static/summary_timeseries.csv,20,1.9,298,119200.0,1163.0774822875155,14.20121742195375,1163 ± 14.2,1136.41357421875,1211.7552490234375,1.940387676626244,0.0022496970965876,1.94 ± 0.00225,1.940000057220459,1.9574874639511108,0.3721090606572333,0.227557946985991,0.3721 ± 0.2276,0.0274833136904463,1.5032500055566438,539.0,0.0,539 ± 0,539.0,539.0,89.5982863919047,0.0012417489459656,89.6 ± 0.001242,89.59554290771484,89.60157775878906,75.3416748046875,2,1,2,2,2:298,0,0,0.0,model_static,False,mckenzie2003,NDT,8.147234379045114,8.156023979187012,8.112340927124023,8.156023979187012,8.156023979187012,9.726182086091514,5.39,3.067986577181208,3.07,3.07,0,0.0,0.0,298,2427.8758449554443,914.26,0,0.0,0.0,0,0.0,0.0,0,0.0,0.0,0,0.0,0.0,,,,,,,,NDT
static,model_static/summary_timeseries.csv,20,1.8,298,119200.0,1163.0774822875155,14.20121742195375,1163 ± 14.2,1136.41357421875,1211.7552490234375,1.940387676626244,0.0022496970965876,1.94 ± 0.00225,1.940000057220459,1.9574874639511108,0.3721090606572333,0.227557946985991,0.3721 ± 0.2276,0.0274833136904463,1.5032500055566438,541.996644295302,0.0578311675825976,542 ± 0.05783,541.0,542.0,89.68571047174851,0.0028558831022614,89.69 ± 0.002856,89.6388931274414,89.6877212524414,75.3416748046875,2,1,2,2,2:298,0,0,0.0,model_static,False,mckenzie2003,NDT,8.10977009638844,8.112340927124023,8.02525520324707,8.156023979187012,8.156023979187012,9.681366473231396,5.4199664429530205,3.059395973154362,3.07,3.07,0,0.0,0.0,298,2416.711488723755,911.6999999999998,0,0.0,0.0,0,0.0,0.0,0,0.0,0.0,0,0.0,0.0,,,,,,,,NDT
static,model_static/summary_timeseries.csv,20,1.7,298,119200.0,1163.0774822875155,14.20121742195375,1163 ± 14.2,1136.41357421875,1211.7552490234375,1.940387676626244,0.0022496970965876,1.94 ± 0.00225,1.940000057220459,1.9574874639511108,0.3721090606572333,0.227557946985991,0.3721 ± 0.2276,0.0274833136904463,1.5032500055566438,538.996644295302,0.0578311675825976,539 ± 0.05783,538.0,539.0,89.69812677370622,0.0030785506846227,89.7 ± 0.003079,89.65201568603516,89.70134735107422,75.3416748046875,2,1,2,2,2:298,0,0,0.0,model_static,False,mckenzie2003,NDT,8.151188475973655,8.156023979187012,8.112340927124023,8.156023979187012,8.156023979187012,9.73091207000532,5.389966442953019,3.068892617449664,3.07,3.07,0,0.0,0.0,298,2429.054165840149,914.53,0,0.0,0.0,0,0.0,0.0,0,0.0,0.0,0,0.0,0.0,,,,,,,,NDT
static,model_static/summary_timeseries.csv,20,1.6,298,119200.0,1163.0774822875155,14.20121742195375,1163 ± 14.2,1136.41357421875,1211.7552490234375,1.940387676626244,0.0022496970965876,1.94 ± 0.00225,1.940000057220459,1.9574874639511108,0.3721090606572333,0.227557946985991,0.3721 ± 0.2276,0.0274833136904463,1.5032500055566438,539.3053691275168,0.4605635933032701,539.3 ± 0.4606,539.0,540.0,88.68921904595906,0.0217683058584805,88.69 ± 0.02177,88.67144775390625,88.7232437133789,75.3416748046875,2,1,2,2,2:298,0,0,0.0,model_static,False,mckenzie2003,NDT,8.155730804340951,8.156023979187012,8.156023979187012,8.156023979187012,8.156023979187012,9.736345715647396,5.393053691275167,3.06993288590604,3.07,3.07,0,0.0,0.0,298,2430.4077796936035,914.84,0,0.0,0.0,0,0.0,0.0,0,0.0,0.0,0,0.0,0.0,,,,,,,,NDT
static,model_static/summary_timeseries.csv,20,1.5,298,119200.0,1163.0774822875155,14.20121742195375,1163 ± 14.2,1136.41357421875,1211.7552490234375,1.940387676626244,0.0022496970965876,1.94 ± 0.00225,1.940000057220459,1.9574874639511108,0.3721090606572333,0.227557946985991,0.3721 ± 0.2276,0.0274833136904463,1.5032500055566438,536.0,0.0,536 ± 0,536.0,536.0,88.10578378254935,0.0017708054925309,88.11 ± 0.001771,88.1004638671875,88.10924530029297,75.3416748046875,2,1,2,2,2:298,0,0,0.0,model_static,False,mckenzie2003,NDT,8.156023979187012,8.156023979187012,8.156023979187012,8.156023979187012,8.156023979187012,9.736696418878736,5.36,3.07,3.07,3.07,0,0.0,0.0,298,2430.495145797729,914.86,0,0.0,0.0,0,0.0,0.0,0,0.0,0.0,0,0.0,0.0,,,,,,,,NDT
static,model_static/summary_timeseries.csv,20,1.4,298,119200.0,1163.0774822875155,14.20121742195375,1163 ± 14.2,1136.41357421875,1211.7552490234375,1.940387676626244,0.0022496970965876,1.94 ± 0.00225,1.940000057220459,1.9574874639511108,0.3721090606572333,0.227557946985991,0.3721 ± 0.2276,0.0274833136904463,1.5032500055566438,538.0,0.0,538 ± 0,538.0,538.0,87.6593901102975,0.0040574816863106,87.66 ± 0.004057,87.65099334716797,87.666259765625,75.3416748046875,2,1,2,2,2:298,0,0,0.0,model_static,False,mckenzie2003,NDT,8.067459234455288,8.02525520324707,7.895328044891357,8.156023979187012,8.156023979187012,9.63075361154834,5.380000000000001,3.049664429530201,3.07,3.07,0,0.0,0.0,298,2404.102851867676,908.8,0,0.0,0.0,0,0.0,0.0,0,0.0,0.0,0,0.0,0.0,,,,,,,,NDT
static,model_static/summary_timeseries.csv,20,1.3,298,119200.0,1163.0774822875155,14.20121742195375,1163 ± 14.2,1136.41357421875,1211.7552490234375,1.940387676626244,0.0022496970965876,1.94 ± 0.00225,1.940000057220459,1.9574874639511108,0.3721090606572333,0.227557946985991,0.3721 ± 0.2276,0.0274833136904463,1.5032500055566438,535.9865771812081,0.1150766993253842,536 ± 0.1151,535.0,536.0,90.48271002545452,0.0055537913482285,90.48 ± 0.005554,90.4322509765625,90.48673248291016,75.3416748046875,2,1,2,2,2:298,0,0,0.0,model_static,False,mckenzie2003,NDT,8.14913719292455,8.156023979187012,8.112340927124023,8.156023979187012,8.156023979187012,9.728458274607789,5.35986577181208,3.068422818791946,3.07,3.07,0,0.0,0.0,298,2428.442883491516,914.39,0,0.0,0.0,0,0.0,0.0,0,0.0,0.0,0,0.0,0.0,,,,,,,,NDT
static,model_static/summary_timeseries.csv,20,1.2,298,119200.0,1163.0774822875155,14.20121742195375,1163 ± 14.2,1136.41357421875,1211.7552490234375,1.940387676626244,0.0022496970965876,1.94 ± 0.00225,1.940000057220459,1.9574874639511108,0.3721090606572333,0.227557946985991,0.3721 ± 0.2276,0.0274833136904463,1.5032500055566438,544.0,0.0,544 ± 0,544.0,544.0,90.7913251787224,0.0033511703760595,90.79 ± 0.003351,90.78722381591795,90.7985382080078,75.3416748046875,2,1,2,2,2:298,0,0,0.0,model_static,False,mckenzie2003,NDT,8.161197156714113,8.156023979187012,8.02525520324707,8.243668556213379,8.243668556213379,9.742885801125723,5.44,3.0711409395973157,3.09,3.09,0,0.0,0.0,298,2432.0367527008057,915.2,0,0.0,0.0,0,0.0,0.0,0,0.0,0.0,0,0.0,0.0,,,,,,,,NDT
static,model_static/summary_timeseries.csv,20,1.1,298,119200.0,1163.0774822875155,14.20121742195375,1163 ± 14.2,1136.41357421875,1211.7552490234375,1.940387676626244,0.0022496970965876,1.94 ± 0.00225,1.940000057220459,1.9574874639511108,0.3721090606572333,0.227557946985991,0.3721 ± 0.2276,0.0274833136904463,1.5032500055566438,542.993288590604,0.0816478191986338,543 ± 0.08165,542.0,543.0,90.5101775611007,0.0046714796422462,90.51 ± 0.004671,90.45374298095705,90.51238250732422,75.3416748046875,2,1,2,2,2:298,0,0,0.0,model_static,False,mckenzie2003,NDT,8.025478947082622,8.02525520324707,7.9818525314331055,8.112340927124023,8.243668556213379,9.580535916449715,5.42993288590604,3.04003355704698,3.06,3.09,0,0.0,0.0,298,2391.5927262306213,905.93,0,0.0,0.0,0,0.0,0.0,0,0.0,0.0,0,0.0,0.0,,,,,,,,NDT
static,model_static/summary_timeseries.csv,20,1.0,298,119200.0,1163.0774822875155,14.20121742195375,1163 ± 14.2,1136.41357421875,1211.7552490234375,1.940387676626244,0.0022496970965876,1.94 ± 0.00225,1.940000057220459,1.9574874639511108,0.3721090606572333,0.227557946985991,0.3721 ± 0.2276,0.0274833136904463,1.5032500055566438,546.996644295302,0.0578311675825976,547 ± 0.05783,546.0,547.0,89.8959820382547,0.0032018487060001,89.9 ± 0.003202,89.85053253173828,89.89881134033203,75.3416748046875,2,1,2,2,2:298,0,0,0.0,model_static,False,mckenzie2003,NDT,8.076846260352422,8.112340927124023,8.02525520324707,8.156023979187012,8.156023979187012,9.641982244994498,5.46996644295302,3.051845637583892,3.07,3.07,0,0.0,0.0,298,2406.900185585022,909.4499999999998,0,0.0,0.0,0,0.0,0.0,0,0.0,0.0,0,0.0,0.0,,,,,,,,NDT
static,model_static/summary_timeseries.csv,20,0.9,298,119200.0,1163.0774822875155,14.20121742195375,1163 ± 14.2,1136.41357421875,1211.7552490234375,1.940387676626244,0.0022496970965876,1.94 ± 0.00225,1.940000057220459,1.9574874639511108,0.3721090606572333,0.227557946985991,0.3721 ± 0.2276,0.0274833136904463,1.5032500055566438,546.0,0.0,546 ± 0,546.0,546.0,91.09030409947336,0.00181357839959,91.09 ± 0.001814,91.08050537109376,91.09243774414062,75.3416748046875,2,1,2,2,2:298,0,0,0.0,model_static,False,mckenzie2003,NDT,8.118298306561156,8.112340927124023,8.02525520324707,8.243668556213379,8.243668556213379,9.691568358897555,5.46,3.0613422818791944,3.09,3.09,0,0.0,0.0,298,2419.2528953552246,912.28,0,0.0,0.0,0,0.0,0.0,0,0.0,0.0,0,0.0,0.0,,,,,,,,NDT
static,model_static/summary_timeseries.csv,20,0.8,298,119200.0,1163.0774822875155,14.20121742195375,1163 ± 14.2,1136.41357421875,1211.7552490234375,1.940387676626244,0.0022496970965876,1.94 ± 0.00225,1.940000057220459,1.9574874639511108,0.3721090606572333,0.227557946985991,0.3721 ± 0.2276,0.0274833136904463,1.5032500055566438,546.8087248322148,0.3933051969831636,546.8 ± 0.3933,546.0,547.0,88.35896178379954,0.0184763047190423,88.36 ± 0.01848,88.32038879394531,88.37102508544922,75.3416748046875,2,1,2,2,2:298,0,0,0.0,model_static,False,mckenzie2003,NDT,8.239551960221872,8.243668556213379,8.243668556213379,8.243668556213379,8.243668556213379,9.836616813022308,5.4680872483221465,3.089060402684564,3.09,3.09,0,0.0,0.0,298,2455.386484146118,920.54,0,0.0,0.0,0,0.0,0.0,0,0.0,0.0,0,0.0,0.0,,,,,,,,NDT
static,model_static/summary_timeseries.csv,20,0.7,298,119200.0,1163.0774822875155,14.20121742195375,1163 ± 14.2,1136.41357421875,1211.7552490234375,1.940387676626244,0.0022496970965876,1.94 ± 0.00225,1.940000057220459,1.9574874639511108,0.3721090606572333,0.227557946985991,0.3721 ± 0.2276,0.0274833136904463,1.5032500055566438,544.0973154362416,0.2963868116342489,544.1 ± 0.2964,544.0,545.0,90.01922085141176,0.0133617938878907,90.02 ± 0.01336,90.01060485839844,90.05976104736328,75.3416748046875,2,1,2,2,2:298,0,0,0.0,model_static,False,mckenzie2003,NDT,8.090301254451674,8.112340927124023,8.02525520324707,8.156023979187012,8.156023979187012,9.658077393671384,5.440973154362416,3.05493288590604,3.07,3.07,0,0.0,0.0,298,2410.909773826599,910.37,0,0.0,0.0,0,0.0,0.0,0,0.0,0.0,0,0.0,0.0,,,,,,,,NDT
static,model_static/summary_timeseries.csv,20,0.6,298,119200.0,1163.0774822875155,14.20121742195375,1163 ± 14.2,1136.41357421875,1211.7552490234375,1.940387676626244,0.0022496970965876,1.94 ± 0.00225,1.940000057220459,1.9574874639511108,0.3721090606572333,0.227557946985991,0.3721 ± 0.2276,0.0274833136904463,1.5032500055566438,542.6275167785235,0.4834661013918052,542.6 ± 0.4835,542.0,543.0,90.77909228945738,0.0211929293018339,90.78 ± 0.02119,90.74942779541016,90.79683685302734,75.3416748046875,2,1,2,2,2:298,0,0,0.0,model_static,False,mckenzie2003,NDT,8.111133447429477,8.112340927124023,8.02525520324707,8.243668556213379,8.243668556213379,9.68299758098684,5.426275167785236,3.059697986577181,3.09,3.09,0,0.0,0.0,298,2417.1177673339844,911.79,0,0.0,0.0,0,0.0,0.0,0,0.0,0.0,0,0.0,0.0,,,,,,,,NDT
static,model_static/summary_timeseries.csv,20,0.5,298,119200.0,1163.0774822875155,14.20121742195375,1163 ± 14.2,1136.41357421875,1211.7552490234375,1.940387676626244,0.0022496970965876,1.94 ± 0.00225,1.940000057220459,1.9574874639511108,0.3721090606572333,0.227557946985991,0.3721 ± 0.2276,0.0274833136904463,1.5032500055566438,553.0335570469799,0.1800860116107213,553 ± 0.1801,553.0,554.0,89.86954511092013,0.0086272561253593,89.87 ± 0.008627,89.8576889038086,89.91280364990234,75.3416748046875,2,1,2,2,2:298,0,0,0.0,model_static,False,mckenzie2003,NDT,8.147588349028721,8.112340927124023,8.112340927124023,8.287631034851074,8.287631034851074,9.726605889459588,5.530335570469799,3.068053691275168,3.1,3.1,0,0.0,0.0,298,2427.981328010559,914.28,0,0.0,0.0,0,0.0,0.0,0,0.0,0.0,0,0.0,0.0,,,,,,,,NDT
static,model_static/summary_timeseries.csv,20,0.4,298,119200.0,1163.0774822875155,14.20121742195375,1163 ± 14.2,1136.41357421875,1211.7552490234375,1.940387676626244,0.0022496970965876,1.94 ± 0.00225,1.940000057220459,1.9574874639511108,0.3721090606572333,0.227557946985991,0.3721 ± 0.2276,0.0274833136904463,1.5032500055566438,546.0973154362416,0.2963868116342489,546.1 ± 0.2964,546.0,547.0,83.57117935795112,0.0152840523601155,83.57 ± 0.01528,83.56153106689453,83.6166000366211,75.3416748046875,2,1,2,2,2:298,0,0,0.0,model_static,False,mckenzie2003,NDT,8.164178534642161,8.243668556213379,8.02525520324707,8.243668556213379,8.243668556213379,9.74645250066725,5.460973154362416,3.071812080536912,3.09,3.09,0,0.0,0.0,298,2432.9252033233643,915.4,0,0.0,0.0,0,0.0,0.0,0,0.0,0.0,0,0.0,0.0,,,,,,,,NDT
static,model_static/summary_timeseries.csv,20,0.3,298,119200.0,1163.0774822875155,14.20121742195375,1163 ± 14.2,1136.41357421875,1211.7552490234375,1.940387676626244,0.0022496970965876,1.94 ± 0.00225,1.940000057220459,1.9574874639511108,0.3721090606572333,0.227557946985991,0.3721 ± 0.2276,0.0274833136904463,1.5032500055566438,535.2248322147651,3.012243607185402,535.2 ± 3.012,523.0,536.0,81.5695244961937,0.4098517801914296,81.57 ± 0.4099,79.90178680419922,81.67343139648438,75.3416748046875,2,1,2,2,2:298,0,0,0.0,model_static,False,mckenzie2003,NDT,7.918741720634819,7.9818525314331055,7.073944091796875,8.02525520324707,8.156023979187012,9.474484712265888,5.352248322147651,3.0323489932885908,3.1,3.12,0,0.0,0.0,281,2240.541771411896,850.8799999999999,0,0.0,0.0,17,119.24326133728027,52.76,0,0.0,0.0,0,0.0,0.0,,,,,,,,NDT
static,model_static/summary_timeseries.csv,20,0.2,298,119200.0,1163.0774822875155,14.20121742195375,1163 ± 14.2,1136.41357421875,1211.7552490234375,1.940387676626244,0.0022496970965876,1.94 ± 0.00225,1.940000057220459,1.9574874639511108,0.3721090606572333,0.227557946985991,0.3721 ± 0.2276,0.0274833136904463,1.5032500055566438,537.4429530201343,4.876161090896206,537.4 ± 4.876,522.0,539.0,83.59371262108719,0.5518572160762228,83.59 ± 0.5519,81.84465789794922,83.77188873291016,75.3416748046875,2,1,2,2,2:298,0,0,0.0,model_static,False,mckenzie2003,NDT,7.894973454059371,7.9818525314331055,7.073944091796875,8.156023979187012,8.156023979187012,9.459108840650329,5.374429530201342,3.037046979865772,3.12,3.12,0,0.0,0.0,271,2161.7055988311768,820.8,0,0.0,0.0,27,190.9964904785156,84.24000000000001,0,0.0,0.0,0,0.0,0.0,,,,,,,,NDT
static,model_static/summary_timeseries.csv,20,0.1,298,119200.0,1163.0774822875155,14.20121742195375,1163 ± 14.2,1136.41357421875,1211.7552490234375,1.940387676626244,0.0022496970965876,1.94 ± 0.00225,1.940000057220459,1.9574874639511108,0.3721090606572333,0.227557946985991,0.3721 ± 0.2276,0.0274833136904463,1.5032500055566438,558.989932885906,0.0998286898029766,559 ± 0.09983,558.0,559.0,84.24952505738943,0.0056017867235764,84.25 ± 0.005602,84.20401000976562,84.25670623779297,75.3416748046875,2,1,2,2,2:298,0,0,0.0,model_static,False,mckenzie2003,NDT,8.278081493889726,8.287631034851074,8.156023979187012,8.375833511352539,8.375833511352539,9.88270822921546,5.58989932885906,3.0977852348993293,3.12,3.12,0,0.0,0.0,298,2466.868285179138,923.14,0,0.0,0.0,0,0.0,0.0,0,0.0,0.0,0,0.0,0.0,,,,,,,,NDT
static,model_static/summary_timeseries.csv,20,0.0,298,119200.0,1163.0774822875155,14.20121742195375,1163 ± 14.2,1136.41357421875,1211.7552490234375,1.940387676626244,0.0022496970965876,1.94 ± 0.00225,1.940000057220459,1.9574874639511108,0.3721090606572333,0.227557946985991,0.3721 ± 0.2276,0.0274833136904463,1.5032500055566438,614.9798657718121,0.1404593928621231,615 ± 0.1405,614.0,615.0,93.32085805291295,0.0061648481198098,93.32 ± 0.006165,93.27745056152344,93.3244400024414,75.3416748046875,1,1,1,1,1:298,0,0,0.0,model_static,False,mckenzie2003,NDT,8.795710512455678,8.777320861816406,8.642662048339844,8.867552757263184,8.867552757263184,10.501949460119375,6.1497986577181205,3.2140604026845643,3.23,3.23,0,0.0,0.0,298,2621.121732711792,957.7900000000002,0,0.0,0.0,0,0.0,0.0,0,0.0,0.0,0,0.0,0.0,,,,,,,,NDT
dynamic,model_dynamic/summary_timeseries.csv,20,21.0,298,119200.0,1163.0774822875155,14.20121742195375,1163 ± 14.2,1136.41357421875,1211.7552490234375,1.940387676626244,0.0022496970965876,1.94 ± 0.00225,1.940000057220459,1.9574874639511108,0.3721090606572333,0.227557946985991,0.3721 ± 0.2276,0.0274833136904463,1.5032500055566438,270.0,0.0,270 ± 0,270.0,270.0,54.4341240953279,0.0033940222320541,54.43 ± 0.003394,54.42782974243164,54.43901824951172,75.3416748046875,0,1,0,0,0:298,0,0,0.0,model_dynamic,True,mckenzie2003,NDT,4.7710680065539055,4.748287200927734,4.748287200927734,4.810562133789063,4.810562133789063,5.931431497306797,2.7,2.4373154362416107,2.45,2.45,0,0.0,0.0,0,0.0,0.0,0,0.0,0.0,298,1421.778265953064,726.3199999999999,0,0.0,0.0,0,0.0,0.0,16.0,18.0,18.0,0.00625,0.0062500000000013,0.025,0.0184963292449345,NDT
dynamic,model_dynamic/summary_timeseries.csv,20,20.9,298,119200.0,1163.080251652928,14.192947349068907,1163 ± 14.19,1136.4372354556394,1211.6431123862822,1.9237881053852584,0.0545599906403146,1.924 ± 0.05456,1.6456098129618535,2.077543323597788,0.3712080436287696,0.2263461415194333,0.3712 ± 0.2263,0.03300989897342,1.4933263562276555,284.0,0.0,284 ± 0,284.0,284.0,54.695966349352126,0.0016147832235265,54.7 ± 0.001615,54.69206619262695,54.69884490966797,75.20587693064272,0,1,0,0,0:298,0,0,0.0,model_dynamic,True,mckenzie2003,NDT,4.998849497545486,4.999273777008057,4.999273777008057,4.999273777008057,4.999273777008057,6.217337943911932,2.84,2.50986577181208,2.51,2.51,0,0.0,0.0,0,0.0,0.0,0,0.0,0.0,298,1489.6571502685547,747.9399999999998,0,0.0,0.0,0,0.0,0.0,16.0,18.0,18.0,0.0062499999999998,0.0062499999999998,0.025,0.017985726793175,NDT
dynamic,model_dynamic/summary_timeseries.csv,20,20.8,298,119200.0,1163.0832652185345,14.18509155299091,1163 ± 14.19,1136.4609059725826,1211.536748283075,1.9075192870113729,0.1076226770408216,1.908 ± 0.1076,1.3615017222507204,2.204773073356804,0.3703312093421802,0.2251652914683155,0.3703 ± 0.2252,0.0385041055926962,1.4835924985502047,285.8489932885906,0.3580554210156793,285.8 ± 0.3581,285.0,286.0,54.80181462332706,0.0186471840412412,54.8 ± 0.01865,54.7552375793457,54.8132438659668,75.07584231049236,0,1,0,0,0:298,0,0,0.0,model_dynamic,True,mckenzie2003,NDT,4.933486037606361,4.90456485748291,4.90456485748291,4.999273777008057,4.999273777008057,6.135287986545463,2.858489932885906,2.4891610738255032,2.51,2.51,0,0.0,0.0,0,0.0,0.0,0,0.0,0.0,298,1470.1788392066956,741.77,0,0.0,0.0,0,0.0,0.0,16.0,18.0,18.0,0.00625,0.0062500000000013,0.025,0.0175382566432914,NDT
dynamic,model_dynamic/summary_timeseries.csv,20,20.7,298,119200.0,1163.085559413542,14.178858286228268,1163 ± 14.18,1136.4846116165652,1211.4366223154232,1.8905669299244363,0.1603639769233469,1.891 ± 0.1604,1.087101885609589,2.3229003179154093,0.3695199576434432,0.2240291313420263,0.3695 ± 0.224,0.0386189061771185,1.4741234304955595,282.3255033557047,0.4685626117496773,282.3 ± 0.4686,282.0,283.0,55.82378560264639,0.0203520521087586,55.82 ± 0.02035,55.8046760559082,55.85511016845703,74.95201069885798,0,1,0,0,0:298,0,0,0.0,model_dynamic,True,mckenzie2003,NDT,4.951129890928333,4.936056137084961,4.90456485748291,4.999273777008057,4.999273777008057,6.157435187827222,2.8232550335570465,2.4947651006711413,2.51,2.51,0,0.0,0.0,0,0.0,0.0,0,0.0,0.0,298,1475.436707496643,743.44,0,0.0,0.0,0,0.0,0.0,16.0,18.0,18.0,0.0062499999999998,0.0062499999999998,0.025,0.0168325844028761,NDT
dynamic,model_dynamic/summary_timeseries.csv,20,20.6,298,119200.0,1163.0883747970513,14.172796581858693,1163 ± 14.17,1136.5084274922654,1211.3408472910803,1.8742034434281347,0.2118047375768175,1.874 ± 0.2118,0.8273282164069895,2.43535016163934,0.3687183212916431,0.2229097664598663,0.3687 ± 0.2229,0.0387278166190764,1.4647705525701726,285.0,0.0,285 ± 0,285.0,285.0,55.60274413448053,0.0013418346107851,55.6 ± 0.001342,55.59366226196289,55.604713439941406,74.83241979881495,0,1,0,0,0:298,0,0,0.0,model_dynamic,True,mckenzie2003,NDT,4.92973375480447,4.936056137084961,4.90456485748291,4.999273777008057,4.999273777008057,6.130576940173227,2.8500000000000005,2.4879865771812084,2.51,2.51,0,0.0,0.0,0,0.0,0.0,0,0.0,0.0,298,1469.0606589317322,741.4200000000001,0,0.0,0.0,0,0.0,0.0,16.0,18.0,18.0,0.00625,0.0062500000000013,0.025,0.0165197658209357,NDT
dynamic,model_dynamic/summary_timeseries.csv,20,20.5,298,119200.0,1163.0915051179163,14.167207675978714,1163 ± 14.17,1136.532262203541,1211.2509458439645,1.858208771103685,0.2619769831025919,1.858 ± 0.262,0.5770829547425239,2.5411676853415948,0.367947954132065,0.2218161604690595,0.3679 ± 0.2218,0.0388291215950185,1.4556947360447896,287.98993288590606,0.0998286898029766,288 ± 0.09983,287.0,288.0,53.00015856595648,0.0051195478820823,53 ± 0.00512,52.9512939453125,53.0036506652832,74.71868364042348,0,1,0,0,0:298,0,0,0.0,model_dynamic,True,mckenzie2003,NDT,5.062804222106934,5.062804222106934,5.062804222106934,5.062804222106934,5.062804222106934,6.297626965999241,2.87989932885906,2.53,2.53,2.53,0,0.0,0.0,0,0.0,0.0,0,0.0,0.0,298,1508.7156581878662,753.94,0,0.0,0.0,0,0.0,0.0,16.0,18.0,18.0,0.00625,0.0062500000000013,0.025,0.0169476376910492,NDT
dynamic,model_dynamic/summary_timeseries.csv,20,20.4,298,119200.0,1163.094246799404,14.162363490742877,1163 ± 14.16,1136.5559664084312,1211.1700448705149,1.8418344610178987,0.3101287003550909,1.842 ± 0.3101,0.3256522750245584,2.6379865932010174,0.3672748863792717,0.220779365918643,0.3673 ± 0.2208,0.0389203209551105,1.447166440194785,281.0,0.0,281 ± 0,281.0,281.0,52.76508985429802,0.0030549734790682,52.77 ± 0.003055,52.76165390014648,52.771034240722656,74.61407846208363,0,1,0,0,0:298,0,0,0.0,model_dynamic,True,mckenzie2003,NDT,4.905680105990212,4.936056137084961,4.841817855834961,4.936056137084961,4.936056137084961,6.100384619139494,2.81,2.480335570469799,2.49,2.49,0,0.0,0.0,0,0.0,0.0,0,0.0,0.0,298,1461.892671585083,739.1400000000001,0,0.0,0.0,0,0.0,0.0,16.0,18.0,18.0,0.0062499999999998,0.0062499999999998,0.025,0.0166338865369833,NDT
dynamic,model_dynamic/summary_timeseries.csv,20,20.3,298,119200.0,1163.0971876016822,14.15793553283627,1163 ± 14.16,1136.5796751501036,1211.0944391309351,1.825741297615647,0.3570801952530962,1.826 ± 0.3571,0.0882323282746285,2.729036739547244,0.3666420481986957,0.2197771476116582,0.3666 ± 0.2198,0.0390049692204517,1.4389054991154933,283.93959731543623,1.0409610164867569,283.9 ± 1.041,266.0,284.0,54.53768864574048,0.0502037344238557,54.54 ± 0.0502,53.67837524414063,54.5452995300293,74.5147639808315,0,1,0,0,0:298,0,0,0.0,model_dynamic,True,mckenzie2003,NDT,4.860098819604656,4.810562133789063,4.810562133789063,4.999273777008057,6.905799865722656,6.043564532902613,2.8393959731543625,2.464765100671141,2.51,2.82,0,0.0,0.0,0,0.0,0.0,0,0.0,0.0,297,1441.4036483764648,731.68,1,6.905799865722656,2.82,0,0.0,0.0,11.0,12.0,12.0,0.00625,0.0125,0.025,0.0248440784355181,NDT
dynamic,model_dynamic/summary_timeseries.csv,20,20.2,298,119200.0,1163.1012105499549,14.153305633578531,1163 ± 14.15,1136.6035231017104,1211.0201502812788,1.8109310679148136,0.400122304495552,1.811 ± 0.4001,0.0,2.8149240384968564,0.3659937526586284,0.218806888065878,0.366 ± 0.2188,0.0380037958867208,1.4306144203700562,283.0469798657718,16.424051593457715,283 ± 16.42,0.0,284.0,53.63815855499882,0.417043158058863,53.64 ± 0.417,53.6090087890625,60.82529830932617,74.41662717956842,0,2,0,4,0:297; 4:1,1,0,0.0,model_dynamic,True,mckenzie2003,NDT,4.982285550776744,4.999273777008057,4.999273777008057,4.999273777008057,4.999273777008057,6.19673890800109,2.830469798657718,2.5099326599326592,2.51,2.51,1,0.0,0.0,0,0.0,0.0,0,0.0,0.0,297,1484.7210941314695,745.4499999999998,0,0.0,0.0,0,0.0,0.0,8.0,9.0,9.0,0.0124999999999997,0.0124999999999997,0.025,0.0240629362487705,NDT
dynamic,model_dynamic/summary_timeseries.csv,20,20.1,298,119200.0,1163.1052743871294,14.14971684286493,1163 ± 14.15,1136.627353837626,1210.951251376746,1.7962768197620764,0.4409394170069179,1.796 ± 0.4409,0.0,2.893286051241366,0.365403969472224,0.2179144953497086,0.3654 ± 0.2179,0.03675433450433,1.4226108882147124,290.0234899328859,16.828869766535902,290 ± 16.83,0.0,291.0,57.60161383200012,0.4230944370500616,57.6 ± 0.4231,57.572410583496094,64.8930435180664,74.32389753912003,0,2,0,4,0:297; 4:1,1,0,0.0,model_dynamic,True,mckenzie2003,NDT,5.04560175678074,5.062804222106934,5.062804222106934,5.062804222106934,5.062804222106934,6.276226350613009,2.900234899328859,2.52993265993266,2.53,2.53,1,0.0,0.0,0,0.0,0.0,0,0.0,0.0,297,1503.5893235206604,751.39,0,0.0,0.0,0,0.0,0.0,8.0,9.0,9.0,0.0125,0.0125000000000014,0.025,0.0222503304784505,NDT
dynamic,model_dynamic/summary_timeseries.csv,20,20.0,298,119200.0,1163.110909638907,14.14524015674228,1163 ± 14.15,1136.6514887538042,1210.881070583683,1.7834791363502975,0.4797057907449911,1.783 ± 0.4797,0.0,2.981789446044426,0.3647472868267463,0.2169789021504166,0.3647 ± 0.217,0.0354440065203226,1.4143066066736742,291.8859060402685,17.011654197681864,291.9 ± 17.01,0.0,293.0,56.3472500103432,0.4323218570347393,56.35 ± 0.4323,55.43398284912109,63.692501068115234,74.22958182987873,0,2,0,4,0:297; 4:1,1,0,0.0,model_dynamic,True,mckenzie2003,NDT,5.060564605981711,5.062804222106934,4.999273777008057,5.094686031341553,6.905799865722656,6.295787105061759,2.9188590604026845,2.5326936026936027,2.54,2.82,1,0.0,0.0,0,0.0,0.0,0,0.0,0.0,295,1494.2366528511047,746.5699999999999,2,13.811599731445312,5.64,0,0.0,0.0,8.0,9.0,9.0,0.0125,0.0125000000000014,0.025,0.0223583337195378,NDT
dynamic,model_dynamic/summary_timeseries.csv,20,19.9,298,119200.0,1163.116442392972,14.141035882940916,1163 ± 14.14,1136.6755743350686,1210.8165150040493,1.7707042781528997,0.5166023990100113,1.771 ± 0.5166,0.0,3.0655845045233563,0.3641497518309311,0.2160891951723698,0.3641 ± 0.2161,0.0341830107378644,1.4069323364720767,291.38926174496646,29.404198077071428,291.4 ± 29.4,0.0,295.0,55.233261082796446,0.7191815942197626,55.23 ± 0.7192,55.13207244873047,62.36030578613281,74.14094066898065,0,2,0,4,0:295; 4:3,3,0,0.0,model_dynamic,True,mckenzie2003,NDT,4.950781943814066,4.999273777008057,4.936056137084961,5.094686031341553,5.094686031341553,6.1575846823598,2.913892617449665,2.510508474576271,2.54,2.54,3,0.0,0.0,0,0.0,0.0,0,0.0,0.0,295,1475.3330192565918,740.5999999999999,0,0.0,0.0,0,0.0,0.0,8.0,9.0,9.0,0.0124999999999997,0.0124999999999997,0.025,0.0221673732804422,NDT
dynamic,model_dynamic/summary_timeseries.csv,20,19.8,298,119200.0,1163.1225870975268,14.137210472805862,1163 ± 14.14,1136.6996050117425,1210.7568856281289,1.758736448550621,0.550239579560449,1.759 ± 0.5502,0.0,3.14521108423233,0.3635868602018275,0.2152368077940194,0.3636 ± 0.2152,0.0329720688588111,1.4000899788917536,286.76510067114094,33.6174469846892,286.8 ± 33.62,0.0,291.0,57.661570145779805,0.8440513295852063,57.66 ± 0.8441,57.31758880615234,64.94222259521484,74.05728061638638,0,3,0,4,0:294; 3:1; 4:3,3,0,0.0,model_dynamic,True,mckenzie2003,NDT,4.978118318864363,5.062804222106934,4.999273777008057,5.062804222106934,5.062804222106934,6.192365267716662,2.8676510067114096,2.515728813559322,2.53,2.53,3,0.0,0.0,0,0.0,0.0,0,0.0,0.0,293,1479.1991386413574,739.9499999999999,1,4.262735843658447,2.1,1,0.0173845365643501,0.09,8.0,9.0,9.0,0.0125,0.0125000000000014,0.025,0.0208497006669787,NDT
dynamic,model_dynamic/summary_timeseries.csv,20,19.7,298,119200.0,1163.130152942388,14.13292438415446,1163 ± 14.13,1136.723836308046,1210.6980066939952,1.7485602899098622,0.5805265256398171,1.749 ± 0.5805,0.0,3.2256207212652828,0.3629983943284579,0.2143855961572748,0.363 ± 0.2144,0.0317350614993973,1.3931192517761786,280.5402684563758,37.45717988263594,280.5 ± 37.46,0.0,286.0,56.95954077035789,0.9771463120224112,56.96 ± 0.9771,56.79326248168945,64.23521423339844,73.97417038594926,0,2,0,4,0:293; 4:5,5,0,0.0,model_dynamic,True,mckenzie2003,NDT,4.843695228531857,4.936056137084961,4.90456485748291,4.999273777008057,4.999273777008057,6.024061538397632,2.8054026845637585,2.4855972696245736,2.51,2.51,5,0.0,0.0,0,0.0,0.0,0,0.0,0.0,291,1436.1135501861572,724.49,2,7.30762791633606,3.79,0,0.0,0.0,8.0,9.0,9.0,0.0124999999999997,0.0124999999999997,0.025,0.0205408329753634,NDT
dynamic,model_dynamic/summary_timeseries.csv,20,19.6,298,119200.0,1163.138307456451,14.128517376011937,1163 ± 14.13,1136.7480338605058,1210.643452384537,1.7391740428201692,0.6084223111311036,1.739 ± 0.6084,0.0,3.302773818562382,0.3624291862543923,0.213569803153234,0.3624 ± 0.2136,0.0305405635065281,1.3864314415236338,235.21812080536915,36.51113750034773,235.2 ± 36.51,0.0,241.0,51.66816079056503,0.9513395655096678,51.67 ± 0.9513,50.34165954589844,57.770355224609375,73.89541852403158,0,2,0,4,0:291; 4:7,7,0,0.0,model_dynamic,True,mckenzie2003,NDT,4.269923754186438,4.381305694580078,4.321261405944824,4.381305694580078,6.121579170227051,5.304668375734758,2.3521812080536915,2.3052577319587626,2.31,2.62,7,0.0,0.0,0,0.0,0.0,0,0.0,0.0,289,1260.1941204071045,665.5899999999999,2,12.243158340454102,5.24,0,0.0,0.0,8.0,9.0,9.0,0.0125,0.0125000000000014,0.025,0.0222627593122299,NDT
dynamic,model_dynamic/summary_timeseries.csv,20,19.5,298,119200.0,1163.1461048423205,14.125189278050904,1163 ± 14.13,1136.771845056283,1210.598039788371,1.7293577328224146,0.6343355818640481,1.729 ± 0.6343,0.0,3.3707527237645034,0.3619788433043193,0.2128668083979566,0.362 ± 0.2129,0.0294871420808189,1.3806388701496246,278.08053691275165,49.118063050496296,278.1 ± 49.12,0.0,287.0,57.2400775243772,1.32791239700854,57.24 ± 1.328,56.04527282714844,64.74151611328125,73.82619473208797,0,2,0,4,0:289; 4:9,9,0,0.0,model_dynamic,True,mckenzie2003,NDT,4.774484511189812,4.90456485748291,4.841817855834961,4.999273777008057,6.905799865722656,5.938984233973779,2.780805369127518,2.4818339100346023,2.51,2.82,9,0.0,0.0,0,0.0,0.0,0,0.0,0.0,285,1395.373393535614,706.02,4,27.422990798950195,11.23,0,0.0,0.0,8.0,9.0,9.0,0.0125,0.0125000000000014,0.025,0.0194639403490205,NDT
dynamic,model_dynamic/summary_timeseries.csv,20,19.4,298,119200.0,1163.155949641523,14.120219388999198,1163 ± 14.12,1136.796115151512,1210.5491032668594,1.7221198749293811,0.6578292043519121,1.722 ± 0.6578,0.0,3.444602876700242,0.361397821555389,0.2120845443720432,0.3614 ± 0.2121,0.0283393751252718,1.3742393544788922,274.0402684563758,56.43686015203671,274 ± 56.44,0.0,286.0,55.00074679739523,1.474880572312002,55 ± 1.475,53.852664947509766,62.1518440246582,73.7529881153473,0,2,0,4,0:286; 4:12,12,0,0.0,model_dynamic,True,mckenzie2003,NDT,4.754006203389007,4.936056137084961,4.844233679771424,4.999273777008057,6.98627233505249,5.912944948724165,2.740402684563758,2.493811188811189,2.51,2.84,12,0.0,0.0,0,0.0,0.0,0,0.0,0.0,284,1406.5121755599976,708.63,2,10.181673049926758,4.6,0,0.0,0.0,8.0,9.0,9.0,0.0124999999999997,0.0124999999999997,0.025,0.0199387123106695,NDT
dynamic,model_dynamic/summary_timeseries.csv,20,19.3,298,119200.0,1163.1662047954649,14.115640990779116,1163 ± 14.12,1136.8202598178657,1210.505080430755,1.7153784612468757,0.6790606366798635,1.715 ± 0.6791,0.0,3.513919450220661,0.3608505207184118,0.2113518755892726,0.3609 ± 0.2114,0.0272580953730778,1.3682471265565623,274.7852348993289,59.0752635360823,274.8 ± 59.08,0.0,288.0,58.0249080273929,1.5645723682305088,58.02 ± 1.565,56.70365905761719,65.2699966430664,73.68482061288933,0,2,0,4,0:285; 4:13,13,0,0.0,model_dynamic,True,mckenzie2003,NDT,4.6957356193721695,4.90456485748291,4.777262377738953,4.936056137084961,6.98627233505249,5.841154748748541,2.747852348993288,2.47680701754386,2.49,2.84,13,0.0,0.0,0,0.0,0.0,0,0.0,0.0,280,1368.616406917572,692.9100000000001,5,30.712807655334476,12.98,0,0.0,0.0,8.0,9.0,9.0,0.0125,0.0125000000000014,0.025,0.0183772661658211,NDT
dynamic,model_dynamic/summary_timeseries.csv,20,19.2,298,119200.0,1163.1772897396968,14.110424521853252,1163 ± 14.11,1136.8446323404844,1210.4611491036908,1.7098168345100218,0.699447405704383,1.71 ± 0.6994,0.0,3.586483361662936,0.3602624262583762,0.2105999941038939,0.3603 ± 0.2106,0.0261510054923489,1.362075564372807,268.78187919463085,62.70322187936216,268.8 ± 62.7,0.0,284.0,57.14277024237101,1.6924490374643342,57.14 ± 1.692,55.19321441650391,64.31747436523438,73.61651676320639,0,2,0,4,0:283; 4:15,15,0,0.0,model_dynamic,True,mckenzie2003,NDT,4.59745639282585,4.841817855834961,1.1564820289611837,4.841817855834961,6.98627233505249,5.717602898426795,2.687818791946309,2.4561484098939936,2.46,2.84,15,0.0,0.0,0,0.0,0.0,0,0.0,0.0,279,1351.1520161628723,686.4300000000001,4,18.88998889923096,8.66,0,0.0,0.0,8.0,9.0,9.0,0.0124999999999997,0.0124999999999997,0.025,0.0182356778292226,NDT
dynamic,model_dynamic/summary_timeseries.csv,20,19.1,298,119200.0,1163.1889793112473,14.105106026482298,1163 ± 14.11,1136.8689672505363,1210.420517695449,1.7049753501715326,0.7180879673264867,1.705 ± 0.7181,0.0,3.655532160754141,0.3596780566432577,0.209892311068642,0.3597 ± 0.2099,0.0250908052428491,1.356150016284201,266.71140939597313,67.60393889700099,266.7 ± 67.6,0.0,284.0,56.03233754714864,1.7942132995515103,56.03 ± 1.794,54.30434799194336,63.21308517456055,73.55155044491266,0,3,0,4,0:280; 3:1; 4:17,17,0,0.0,model_dynamic,True,mckenzie2003,NDT,4.581824099123103,4.810562133789063,0.0,4.999273777008057,5.484780311584473,5.697661392678835,2.6671140939597318,2.4616014234875445,2.51,2.51,17,0.0,0.0,0,0.0,0.0,0,0.0,0.0,279,1359.885729789734,689.1899999999998,1,5.484780311584473,2.45,1,0.0130714373663067,0.07,8.0,9.0,9.0,0.0125,0.0125000000000014,0.025,0.0183155920951874,NDT
dynamic,model_dynamic/summary_timeseries.csv,20,19.0,298,119200.0,1163.200867855246,14.100097901941991,1163 ± 14.1,1136.893244559782,1210.382877682203,1.700385813991936,0.735440848735748,1.7 ± 0.7354,0.0,3.705974603579821,0.3591154903463941,0.2092317108046322,0.3591 ± 0.2092,0.024080620649262,1.350454882306211,266.7953020134228,69.62542430371643,266.8 ± 69.63,0.0,285.0,57.44534300477713,1.8331594175885624,57.45 ± 1.833,56.64263534545898,64.46963500976562,73.48963312242086,0,2,0,4,0:279; 4:19,19,0,0.0,model_dynamic,True,mckenzie2003,NDT,4.529710859260304,4.841817855834961,0.0,4.90456485748291,4.90456485748291,5.632119051581467,2.6679530201342287,2.4500357142857143,2.48,2.48,19,0.0,0.0,0,0.0,0.0,0,0.0,0.0,279,1349.8538360595703,686.01,0,0.0,0.0,0,0.0,0.0,7.0,7.0,7.0,0.0125,0.025,0.025,0.0249866234942241,NDT
dynamic,model_dynamic/summary_timeseries.csv,20,18.9,298,119200.0,1163.2130705439365,14.094983659140832,1163 ± 14.09,1136.9176590516497,1210.3466687081357,1.6963067725380174,0.752295506573576,1.696 ± 0.7523,0.0,3.754595004643307,0.3585351323949883,0.2085671205942318,0.3585 ± 0.2086,0.0230780101148245,1.3447603149439349,262.5503355704698,67.07287794826782,262.6 ± 67.07,0.0,280.0,55.604125438920605,1.8284485450459824,55.6 ± 1.828,54.321624755859375,62.70753479003906,73.42900965648619,0,2,0,4,0:280; 4:18,18,0,0.0,model_dynamic,True,mckenzie2003,NDT,4.563175989077395,4.841817855834961,0.0,4.90456485748291,6.865702629089356,5.674514400970503,2.6255033557046983,2.453950177935944,2.48,2.81,18,0.0,0.0,0,0.0,0.0,0,0.0,0.0,278,1351.1758003234863,685.52,2,8.650644421577454,4.04,0,0.0,0.0,8.0,9.0,9.0,0.0124999999999997,0.0124999999999997,0.025,0.0175649964331174,NDT
dynamic,model_dynamic/summary_timeseries.csv,20,18.8,298,119200.0,1163.2253733558657,14.090151655775411,1163 ± 14.09,1136.9419693610366,1210.313781278692,1.6922324193394662,0.7684882488657807,1.692 ± 0.7685,0.0,3.800788056273265,0.3579804654389336,0.2079407260240419,0.358 ± 0.2079,0.0221389106759224,1.3393685864310922,265.506711409396,65.42962012618071,265.5 ± 65.43,0.0,282.0,56.73337682941616,1.742751749796056,56.73 ± 1.743,55.03204345703125,63.80343246459961,73.37181191765535,0,2,0,4,0:281; 4:17,17,0,0.0,model_dynamic,True,mckenzie2003,NDT,4.6008803812449415,4.841817855834961,0.0,4.936056137084961,6.74596643447876,5.722086225585689,2.6550671140939595,2.4606737588652483,2.49,2.78,17,0.0,0.0,0,0.0,0.0,0,0.0,0.0,278,1353.8178491592407,686.3600000000001,3,17.24450445175171,7.55,0,0.0,0.0,7.0,7.0,7.0,0.0125,0.025,0.025,0.0249813031588881,NDT
dynamic,model_dynamic/summary_timeseries.csv,20,18.7,298,119200.0,1163.2376994483295,14.0853804244083,1163 ± 14.09,1136.9663943071712,1210.2818843813698,1.6883035986297337,0.7847392606198156,1.688 ± 0.7847,0.0,3.848114907222487,0.3574313805819366,0.2073122821025066,0.3574 ± 0.2073,0.0212154160665824,1.3339641690887798,264.7986577181208,67.118994787508,264.8 ± 67.12,0.0,282.0,57.8678238247865,1.8176557494443035,57.87 ± 1.818,56.53047561645508,65.14848327636719,73.31549007419858,0,3,0,4,0:280; 3:1; 4:17,17,0,0.0,model_dynamic,True,mckenzie2003,NDT,4.653179075345459,4.936056137084961,0.0,4.936056137084961,6.905799865722656,5.788063212233025,2.647986577181208,2.4744326241134758,2.49,2.82,17,0.0,0.0,0,0.0,0.0,0,0.0,0.0,277,1365.964916229248,689.3100000000001,3,20.677302360534668,8.45,1,0.0051458631642162,0.03,5.0,5.0,5.0,0.0124999999999997,0.0249999999999994,0.025,0.0244489797333787,NDT
dynamic,model_dynamic/summary_timeseries.csv,20,18.6,298,119200.0,1163.2503269623528,14.080480449580016,1163 ± 14.08,1136.9909318461953,1210.2510887875608,1.6848702632151271,0.8007082121596272,1.685 ± 0.8007,0.0,3.8967399525312794,0.3568786873873207,0.2066819438608986,0.3569 ± 0.2067,0.0203118712698769,1.3285544055905565,262.88926174496646,66.67771192265235,262.9 ± 66.68,0.0,280.0,59.7668057000077,1.9101411942488005,59.77 ± 1.91,58.39702987670898,67.2930908203125,73.2601569413655,0,2,0,4,0:280; 4:18,18,0,0.0,model_dynamic,True,mckenzie2003,NDT,4.601736707175338,4.936056137084961,0.0,4.936056137084961,6.865702629089356,5.723487433897317,2.6288926174496647,2.465800711743773,2.49,2.81,18,0.0,0.0,0,0.0,0.0,0,0.0,0.0,277,1350.9200839996338,684.5100000000001,3,20.397454738616943,8.379999999999999,0,0.0,0.0,6.0,6.0,6.0,0.0125,0.025,0.025,0.0235176966252482,NDT
dynamic,model_dynamic/summary_timeseries.csv,20,18.5,298,119200.0,1163.263221747745,14.075427669676133,1163 ± 14.08,1137.0156277901383,1210.221182347782,1.6819601406696438,0.8166774588860335,1.682 ± 0.8167,0.0,3.948013940690272,0.3563150340931322,0.2060427479858048,0.3563 ± 0.206,0.0194262535234649,1.323086360611507,259.0637583892617,66.02104069205838,259.1 ± 66.02,0.0,277.0,58.99996701182935,1.9801696602827008,59 ± 1.98,57.69675827026367,66.75037384033203,73.20555455764384,0,2,0,4,0:280; 4:18,18,0,0.0,model_dynamic,True,mckenzie2003,NDT,4.477714870600092,4.748287200927734,0.0,4.810562133789063,6.666606903076172,5.567655434791617,2.590637583892618,2.424128113879004,2.45,2.76,18,0.0,0.0,0,0.0,0.0,0,0.0,0.0,277,1318.3965950012207,674.0899999999999,3,15.962436437606812,7.09,0,0.0,0.0,5.0,5.0,5.0,0.0125,0.025,0.025,0.0237204176222616,NDT
dynamic,model_dynamic/summary_timeseries.csv,20,18.4,298,119200.0,1163.27619267441,14.070504672720414,1163 ± 14.07,1137.0402958530417,1210.1934920464585,1.6791472800886815,0.8323655578936583,1.679 ± 0.8324,0.0,3.998175082058924,0.3557791503324508,0.2054275090580216,0.3558 ± 0.2054,0.018600663145201,1.3178239848258295,260.1006711409396,67.89720269479264,260.1 ± 67.9,0.0,278.0,59.30549529414849,2.045635782609396,59.31 ± 2.046,57.91632461547852,67.13800048828125,73.15319619341676,0,2,0,4,0:279; 4:19,19,0,0.0,model_dynamic,True,mckenzie2003,NDT,4.59857928352868,4.90456485748291,0.0,4.90456485748291,6.785785675048828,5.719704396075032,2.6010067114093967,2.470357142857143,2.48,2.79,19,0.0,0.0,0,0.0,0.0,0,0.0,0.0,276,1350.1782674789429,683.37,3,20.19835901260376,8.329999999999998,0,0.0,0.0,5.0,5.0,5.0,0.0124999999999997,0.0249999999999994,0.025,0.0234394448981491,NDT
dynamic,model_dynamic/summary_timeseries.csv,20,18.3,298,119200.0,1163.2893850948417,14.065574402203886,1163 ± 14.07,1137.0650235608389,1210.1669760418383,1.6766795858074384,0.8478626850128297,1.677 ± 0.8479,0.0,4.04865040201683,0.3552493181276328,0.2048124824100225,0.3552 ± 0.2048,0.0178198406453344,1.3126128772974617,254.9127516778524,66.97905441264577,254.9 ± 66.98,0.0,273.0,57.69586688560128,1.969569601816988,57.7 ± 1.97,55.587650299072266,65.14232635498047,73.10195248099967,0,2,0,4,0:279; 4:19,19,0,0.0,model_dynamic,True,mckenzie2003,NDT,4.503243797577468,4.810562133789063,0.0,4.841817855834961,6.74596643447876,5.599825317593809,2.5491275167785235,2.4383214285714288,2.46,2.78,19,0.0,0.0,0,0.0,0.0,0,0.0,0.0,276,1327.5128359794617,676.12,3,14.453815698623655,6.609999999999999,0,0.0,0.0,5.0,5.0,5.0,0.0125,0.025,0.025,0.0239508832712236,NDT
dynamic,model_dynamic/summary_timeseries.csv,20,18.2,298,119200.0,1163.3024680658991,14.061064802526722,1163 ± 14.06,1137.089653795096,1210.143131035841,1.6740289168197866,0.8628616244770473,1.674 ± 0.8629,0.0,4.0963836109545655,0.3547537771888325,0.2042290572451222,0.3548 ± 0.2042,0.0171165683908011,1.3076449584155811,280.08053691275165,77.35185162649498,280.1 ± 77.35,0.0,302.0,64.42666678460652,2.588007345852735,64.43 ± 2.588,62.85600662231445,73.89268493652344,73.053477240745,2,4,1,4,1:5; 2:272; 3:1; 4:20,20,0,0.0,model_dynamic,True,mckenzie2003,NDT,4.794109569765602,5.158683776855469,0.0,5.158683776855469,7.107673168182373,5.965448507721117,2.800805369127517,2.538637992831541,2.56,2.87,20,0.0,0.0,0,0.0,0.0,0,0.0,0.0,274,1411.3018593788147,700.73,3,17.329720973968506,7.48,1,0.0130714373663067,0.07,6.0,6.0,6.0,0.0124999999999997,0.0249999999999994,0.025,0.0249951057092702,NDT
dynamic,model_dynamic/summary_timeseries.csv,20,18.1,298,119200.0,1163.316297826805,14.055913219442008,1163 ± 14.06,1137.114849919864,1210.115840105623,1.6730502330121937,0.8777285870763252,1.673 ± 0.8777,0.0,4.155673422834548,0.3541725198002459,0.2035736562005145,0.3542 ± 0.2036,0.0162302551448909,1.3022028220458772,310.8959731543624,87.55005807164422,310.9 ± 87.55,0.0,336.0,69.64375335898175,3.105979557530833,69.64 ± 3.106,67.84093475341797,80.7884521484375,73.00099018575884,1,3,1,4,1:276; 3:3; 4:19,19,0,0.0,model_dynamic,True,mckenzie2003,NDT,4.97496703902772,5.352536678314209,0.0,5.417771816253662,7.559869766235352,6.19334123642011,3.1089597315436244,2.584714285714286,2.64,2.98,19,0.0,0.0,0,0.0,0.0,0,0.0,0.0,272,1452.328884601593,711.5400000000001,4,30.156439781188965,11.9,3,0.0548532474786043,0.28,5.0,5.0,5.0,0.0125000000000007,0.025,0.025,0.0243483972833199,NDT
dynamic,model_dynamic/summary_timeseries.csv,20,18.0,298,119200.0,1163.3307091594372,14.050445535595037,1163 ± 14.05,1137.140509412255,1210.0882722371994,1.6735875324449607,0.8923647047719102,1.674 ± 0.8924,0.0,4.225963490260142,0.3535417839291986,0.2028742187442459,0.3535 ± 0.2029,0.0147695977190868,1.2964796396715086,280.03691275167785,68.80754684786092,280 ± 68.81,0.0,300.0,63.88721825772484,2.329803138361424,63.89 ± 2.33,62.33491897583008,73.06453704833984,72.94776282494445,2,3,1,4,1:11; 2:272; 4:15,15,0,0.0,model_dynamic,True,mckenzie2003,NDT,4.7879884743050445,5.094686031341553,1.0506892204284686,5.094686031341553,7.107673168182373,5.958548888424069,2.8003691275167792,2.503169014084506,2.54,2.87,15,0.0,0.0,0,0.0,0.0,0,0.0,0.0,272,1385.7227187156675,690.8699999999999,11,41.09784662723541,20.03,0,0.0,0.0,7.0,8.0,8.0,0.0125,0.025,0.025,0.0212704871906493,NDT
dynamic,model_dynamic/summary_timeseries.csv,20,17.9,298,119200.0,1163.3442371768035,14.046102304646409,1163 ± 14.05,1137.1657406563552,1210.0632761806366,1.6722831996960748,0.9077878327257892,1.672 ± 0.9078,0.0,4.283632121705663,0.3530037544156307,0.2022421140299927,0.353 ± 0.2022,0.0134321344749901,1.2909611036149429,250.7651006711409,70.44183561531909,250.8 ± 70.44,0.0,271.0,55.81068019738933,2.009839511883772,55.81 ± 2.01,54.40017318725586,63.027976989746094,72.89753552428147,0,3,0,4,0:276; 3:7; 4:15,15,0,0.0,model_dynamic,True,mckenzie2003,NDT,4.407337288447224,4.748287200927734,0.0093479781411588,4.748287200927734,6.74596643447876,5.4804737083649,2.50765100671141,2.362852112676056,2.43,2.78,15,0.0,0.0,0,0.0,0.0,0,0.0,0.0,272,1288.3408513069153,659.9300000000001,4,24.940289974212646,10.57,7,0.1053706761449575,0.55,7.0,8.0,8.0,0.0124999999999997,0.0249999999999994,0.025,0.0242156849036927,NDT
dynamic,model_dynamic/summary_timeseries.csv,20,17.8,298,119200.0,1163.357230148523,14.042527674648424,1163 ± 14.04,1137.190340527353,1210.0422128334485,1.669632247518657,0.9219424207684144,1.67 ± 0.9219,0.0,4.327653744130029,0.3525782636801141,0.20171089411056,0.3526 ± 0.2017,0.0123293127605132,1.2857963366938765,245.2214765100671,69.6336381758497,245.2 ± 69.63,0.0,266.0,57.918809327503176,2.1340926896596923,57.92 ± 2.134,55.91963195800781,65.39411163330078,72.85187230609517,0,2,0,4,0:276; 4:22,22,0,0.0,model_dynamic,True,mckenzie2003,NDT,4.399695574837243,4.748287200927734,0.0,4.748287200927734,6.666606903076172,5.4708056506494325,2.452214765100671,2.426992753623188,2.43,2.76,22,0.0,0.0,0,0.0,0.0,0,0.0,0.0,272,1290.2154669761658,660.5300000000001,4,20.89381432533264,9.32,0,0.0,0.0,7.0,8.0,8.0,0.0125,0.025,0.025,0.0232497526047445,NDT
dynamic,model_dynamic/summary_timeseries.csv,20,17.7,298,119200.0,1163.370259728578,14.03896273337903,1163 ± 14.04,1137.2151297229304,1210.021642015078,1.667332333893622,0.9362467456828816,1.667 ± 0.9362,0.0,4.392093598862558,0.3521187705356503,0.2011758008675959,0.3521 ± 0.2012,0.0112405493651591,1.2805648308228696,250.1711409395973,72.87661430199043,250.2 ± 72.88,0.0,272.0,54.6016736254596,2.1221777995675355,54.6 ± 2.122,52.34618377685547,61.92419052124024,72.80651229214754,0,3,0,4,0:275; 3:1; 4:22,22,0,0.0,model_dynamic,True,mckenzie2003,NDT,4.399126916589378,4.748287200927734,0.0,4.810562133789063,6.666606903076172,5.470170655438388,2.501711409395973,2.415198555956678,2.45,2.76,22,0.0,0.0,0,0.0,0.0,0,0.0,0.0,271,1292.5792999267578,660.39,4,18.347449779510494,8.549999999999999,1,0.0130714373663067,0.07,6.0,6.0,6.0,0.0124999999999997,0.0249999999999994,0.025,0.0244933304351474,NDT
dynamic,model_dynamic/summary_timeseries.csv,20,17.6,298,119200.0,1163.3828039742457,14.03592985166549,1163 ± 14.04,1137.239691513194,1210.0036150860649,1.6643063890452705,0.9501484312731072,1.664 ± 0.9501,0.0,4.454287733211471,0.3517058555230328,0.200686409229211,0.3517 ± 0.2007,0.0102374353833649,1.275611739561937,249.8020134228188,75.61766507314223,249.8 ± 75.62,0.0,273.0,55.4279302046603,2.0177866468950425,55.43 ± 2.018,53.95077133178711,62.14153289794922,72.76392357287091,0,3,0,4,0:273; 3:1; 4:24,24,0,0.0,model_dynamic,True,mckenzie2003,NDT,4.376675033323067,4.748287200927734,0.0,4.810562133789063,6.785785675048828,5.442230766764067,2.498020134228188,2.4280656934306566,2.45,2.79,24,0.0,0.0,0,0.0,0.0,0,0.0,0.0,270,1286.1560010910034,657.4200000000001,3,18.06892251968384,7.75,1,0.0242363195866346,0.12,6.0,7.0,7.0,0.0125,0.025,0.025,0.0243669778316678,NDT
dynamic,model_dynamic/summary_timeseries.csv,20,17.5,298,119200.0,1163.3955658331447,14.033040650198371,1163 ± 14.03,1137.2643349371483,1209.9873386832428,1.6616485267943943,0.9637308049003191,1.662 ± 0.9637,0.0,4.5170146351612965,0.3512947859802071,0.200194234262681,0.3513 ± 0.2002,0.0092340528058455,1.270662071869571,247.7046979865772,75.19991283692157,247.7 ± 75.2,0.0,271.0,56.75953899613963,2.134761937631957,56.76 ± 2.135,55.18979263305664,63.90744018554688,72.72300374609449,0,3,0,4,0:273; 3:1; 4:24,24,0,0.0,model_dynamic,True,mckenzie2003,NDT,4.292158627798218,4.655467987060547,0.0,4.717268466949463,6.548266887664795,5.336021957419686,2.477046979865772,2.398686131386861,2.42,2.73,24,0.0,0.0,0,0.0,0.0,0,0.0,0.0,270,1264.8569860458374,650.55,3,14.199254512786863,6.65,1,0.0070305252447724,0.04,7.0,8.0,8.0,0.0125,0.025,0.025,0.023132551969275,NDT
dynamic,model_dynamic/summary_timeseries.csv,20,17.4,298,119200.0,1163.408554868929,14.030251505557615,1163 ± 14.03,1137.28910562732,1209.97292651696,1.6594562417033922,0.9771439540217218,1.659 ± 0.9771,0.0,4.580673688262084,0.3508807519546992,0.1996923428345335,0.3509 ± 0.1997,0.0082076783035158,1.265711319116272,247.41946308724832,76.82501181243113,247.4 ± 76.83,0.0,272.0,56.20998446573347,2.135051055545204,56.21 ± 2.135,55.50011444091797,63.07548522949219,72.68382088963995,0,2,0,4,0:272; 4:26,26,0,0.0,model_dynamic,True,mckenzie2003,NDT,4.342523172397741,4.748287200927734,0.0,4.810562133789063,4.810562133789063,5.399028389580664,2.474194630872484,2.431654411764705,2.45,2.45,26,0.0,0.0,0,0.0,0.0,0,0.0,0.0,270,1286.8663449287417,657.65,2,7.2055604457855225,3.76,0,0.0,0.0,6.0,6.0,6.0,0.0124999999999997,0.0249999999999994,0.025,0.0239772966070542,NDT
dynamic,model_dynamic/summary_timeseries.csv,20,17.3,298,119200.0,1163.4216857826389,14.027656395019394,1163 ± 14.03,1137.3138689883542,1209.9596625752115,1.6574330773177175,0.9902575881568833,1.657 ± 0.9903,0.0,4.643651962668896,0.3504773768352516,0.1991984989780998,0.3505 ± 0.1992,0.0072043553333343,1.2608391891053596,244.6208053691275,76.3053770965587,244.6 ± 76.31,0.0,269.0,57.75046709559908,2.0943526861342505,57.75 ± 2.094,56.767356872558594,64.39260864257812,72.64579358685728,0,2,0,4,0:272; 4:26,26,0,0.0,model_dynamic,True,mckenzie2003,NDT,4.308777446314792,4.717268466949463,0.0,4.810562133789063,4.810562133789063,5.356576062812429,2.446208053691276,2.419411764705882,2.45,2.45,26,0.0,0.0,0,0.0,0.0,0,0.0,0.0,270,1279.8205885887146,655.3699999999999,2,4.195090413093567,2.71,0,0.0,0.0,6.0,6.0,6.0,0.0125,0.025,0.025,0.023800037828838,NDT
dynamic,model_dynamic/summary_timeseries.csv,20,17.2,298,119200.0,1163.4351327618708,14.024959374318977,1163 ± 14.02,1137.3387712004776,1209.9468089837187,1.655952249302013,1.0033850069550134,1.656 ± 1.003,0.0,4.707879636389489,0.3500621568145537,0.1986931425387118,0.3501 ± 0.1987,0.0061828497406653,1.255927319935206,250.44630872483225,79.28374074661949,250.4 ± 79.28,0.0,276.0,55.44947852064299,2.1301936794825678,55.45 ± 2.13,53.944766998291016,62.22698211669922,72.60803778324112,0,3,0,4,0:271; 3:1; 4:26,26,0,0.0,model_dynamic,True,mckenzie2003,NDT,4.333938287002279,4.748287200927734,0.0,4.810562133789063,6.865702629089356,5.38890068606627,2.5044630872483227,2.424080882352941,2.45,2.81,26,0.0,0.0,0,0.0,0.0,0,0.0,0.0,268,1275.506630897522,652.1800000000001,3,15.982742309570312,7.050000000000001,1,0.0242363195866346,0.12,8.0,9.0,9.0,0.0124999999999997,0.0124999999999997,0.025,0.0165477437019821,NDT
dynamic,model_dynamic/summary_timeseries.csv,20,17.1,298,119200.0,1163.4484011850325,14.022596325939588,1163 ± 14.02,1137.363519895769,1209.9347776035752,1.6541126067076757,1.0162687345686447,1.654 ± 1.016,0.0,4.769259500869604,0.3496803511254233,0.1982193233103684,0.3497 ± 0.1982,0.0052177211838042,1.251208422850816,251.81543624161077,79.78748722341832,251.8 ± 79.79,0.0,278.0,57.90414016518817,2.097311183032353,57.9 ± 2.097,56.3555793762207,64.56283569335938,72.57125770780613,0,3,0,4,0:271; 3:1; 4:26,26,0,0.0,model_dynamic,True,mckenzie2003,NDT,4.412840783661669,4.90456485748291,0.0,4.90456485748291,6.865702629089356,5.488325148772464,2.518154362416108,2.4504044117647057,2.48,2.81,26,0.0,0.0,0,0.0,0.0,0,0.0,0.0,267,1292.2397837638855,656.6199999999999,4,22.773698329925537,9.82,1,0.0130714373663067,0.07,7.0,8.0,8.0,0.0125,0.025,0.025,0.024400031450612,NDT
dynamic,model_dynamic/summary_timeseries.csv,20,17.0,298,119200.0,1163.4619682550062,14.020048299431146,1163 ± 14.02,1137.3884914243108,1209.922754527698,1.6529080691222282,1.029258228695928,1.653 ± 1.029,0.0,4.8329693161742,0.3492787138592062,0.1977239856903693,0.3493 ± 0.1977,0.0042182593098358,1.2463772111652576,262.0,83.01807032206904,262 ± 83.02,0.0,289.0,61.16754919730577,2.188327508075685,61.17 ± 2.188,59.50948333740234,68.1325454711914,72.53426310338705,0,3,0,4,0:271; 3:1; 4:26,26,0,0.0,model_dynamic,True,mckenzie2003,NDT,4.5742445827068,5.062804222106934,0.0,5.062804222106934,6.98627233505249,5.691330194156196,2.62,2.505404411764706,2.53,2.84,26,0.0,0.0,0,0.0,0.0,0,0.0,0.0,266,1333.050508975983,668.66,5,30.063379049301147,12.75,1,0.0109976213425397,0.06,7.0,8.0,8.0,0.0125,0.025,0.025,0.0234249474653813,NDT
dynamic,model_dynamic/summary_timeseries.csv,20,16.9,298,119200.0,1163.4759109155325,14.01728330071164,1163 ± 14.02,1137.4137674212898,1209.9104438181437,1.6525672153388158,1.04243916773036,1.653 ± 1.042,0.0,4.900875008593145,0.3488472806905133,0.197202363246277,0.3488 ± 0.1972,0.0031755637373866,1.2414029179430603,259.2986577181208,82.01862653610715,259.3 ± 82.02,0.0,286.0,61.06115918511512,2.117386557920573,61.06 ± 2.117,59.17797470092773,67.81876373291016,72.4966763968539,0,3,0,4,0:271; 3:2; 4:25,25,0,0.0,model_dynamic,True,mckenzie2003,NDT,4.560427665769829,4.999273777008057,0.0,4.999273777008057,6.98627233505249,5.6743188932694375,2.5929865771812084,2.4821532846715324,2.51,2.84,25,0.0,0.0,0,0.0,0.0,0,0.0,0.0,265,1322.687227725983,664.4599999999998,6,36.28290891647339,15.46,2,0.0373077569529414,0.19,8.0,9.0,9.0,0.0124999999999997,0.0124999999999997,0.025,0.0133974804346682,NDT
dynamic,model_dynamic/summary_timeseries.csv,20,16.8,298,119200.0,1163.4898497300865,14.014595953720285,1163 ± 14.01,1137.4390841439688,1209.8973338789926,1.6522585877782516,1.05545851484846,1.652 ± 1.055,0.0,4.968407034274276,0.3484280145357345,0.1966834494168986,0.3484 ± 0.1967,0.002193362268286,1.2364839511573982,257.4563758389262,80.5175359799856,257.5 ± 80.52,0.0,284.0,59.23849461702692,2.056370172542484,59.24 ± 2.056,57.280311584472656,65.78848266601562,72.45824973502386,0,3,0,4,0:272; 3:1; 4:25,25,0,0.0,model_dynamic,True,mckenzie2003,NDT,4.527506490150504,4.999273777008057,0.0,4.999273777008057,6.905799865722656,5.633139560223056,2.574563758389262,2.4727737226277373,2.51,2.82,25,0.0,0.0,0,0.0,0.0,0,0.0,0.0,264,1310.6055436134338,659.71,8,38.57177114486694,17.729999999999997,1,0.0196193065494298,0.1,8.0,9.0,9.0,0.0125,0.0125000000000014,0.025,0.0162307939657793,NDT
dynamic,model_dynamic/summary_timeseries.csv,20,16.7,298,119200.0,1163.503390534083,14.01233422934521,1164 ± 14.01,1137.4642808849685,1209.8842307746097,1.6513737829094783,1.0682598467556066,1.651 ± 1.068,0.0,5.0338469636661225,0.3480527330731985,0.1961833218033645,0.3481 ± 0.1962,0.0013866204434862,1.231708462451742,266.6040268456376,84.15436589518548,266.6 ± 84.15,0.0,295.0,58.86019736168369,2.108690729086878,58.86 ± 2.109,57.18579864501953,65.44340515136719,72.4199498896412,0,3,0,4,0:272; 3:1; 4:25,25,0,0.0,model_dynamic,True,mckenzie2003,NDT,4.534175729860346,4.999273777008057,0.0,5.094686031341553,7.026647090911865,5.641709407901482,2.666040268456376,2.4824542124542126,2.54,2.85,25,0.0,0.0,0,0.0,0.0,0,0.0,0.0,263,1311.29483127594,658.9999999999999,9,39.86991691589356,18.61,1,0.0196193065494298,0.1,7.0,7.0,7.0,0.0124999999999997,0.0249999999999994,0.025,0.0244514126968915,NDT
dynamic,model_dynamic/summary_timeseries.csv,20,16.6,298,119200.0,1163.517157647594,14.01004196990354,1164 ± 14.01,1137.4894651333786,1209.8713125812103,1.6507413241251196,1.0805632663744535,1.651 ± 1.081,0.0,5.09866326514611,0.3476871750210257,0.1956961308952762,0.3477 ± 0.1957,0.0010610775292766,1.226979754906908,266.41946308724835,86.75984301186391,266.4 ± 86.76,0.0,296.0,60.7560006724108,2.2117202477175866,60.76 ± 2.212,58.982852935791016,67.50463104248047,72.38184744783166,0,3,0,4,0:270; 3:4; 4:24,24,0,0.0,model_dynamic,True,mckenzie2003,NDT,4.487215832397717,4.936056137084961,0.0,5.062804222106934,7.026647090911865,5.582653598218056,2.6641946308724838,2.4528102189781023,2.53,2.85,24,0.0,0.0,0,0.0,0.0,0,0.0,0.0,263,1302.8727369308472,656.3300000000002,7,34.249656438827515,15.39,4,0.0679246848449111,0.35,8.0,9.0,9.0,0.0125,0.0125000000000014,0.025,0.0160605290599687,NDT
dynamic,model_dynamic/summary_timeseries.csv,20,16.5,298,119200.0,1163.530924564295,14.007641332065573,1164 ± 14.01,1137.5148313634988,1209.858781355247,1.6504454592281788,1.0928185716167609,1.65 ± 1.093,0.0,5.164947062263749,0.3473128978622495,0.1952052016627498,0.3473 ± 0.1952,0.0015818544388103,1.2222123397669074,267.61073825503354,83.26296270560748,267.6 ± 83.26,0.0,296.0,59.808139941836366,2.1726088386405724,59.81 ± 2.173,57.63068771362305,66.54609680175781,72.3439499917481,0,2,0,4,0:273; 4:25,25,0,0.0,model_dynamic,True,mckenzie2003,NDT,4.537269979515331,4.936056137084961,0.0,4.999273777008057,7.189066886901856,5.646847896296724,2.6761073825503354,2.4729197080291967,2.51,2.89,25,0.0,0.0,0,0.0,0.0,0,0.0,0.0,260,1288.058823108673,648.87,13,64.04763078689575,28.71,0,0.0,0.0,8.0,9.0,9.0,0.0125,0.0125000000000014,0.025,0.0163049220043498,NDT
dynamic,model_dynamic/summary_timeseries.csv,20,16.4,298,119200.0,1163.5446684266049,14.005324699135352,1164 ± 14.01,1137.5401503696603,1209.8461847517883,1.6500134308726548,1.105075826128997,1.65 ± 1.105,0.0,5.230070407240639,0.3469547717628612,0.1947267302161959,0.347 ± 0.1947,0.0024399840250208,1.2175270310657536,271.78859060402687,85.94527057526327,271.8 ± 85.95,0.0,301.0,63.01195833346988,2.268818220883181,63.01 ± 2.269,60.53994369506836,70.05984497070312,72.30603438212825,0,3,0,4,0:272; 3:1; 4:25,25,0,0.0,model_dynamic,True,mckenzie2003,NDT,4.707229399434822,5.158683776855469,0.0,5.158683776855469,7.229901313781738,5.860481811372024,2.717885906040269,2.5377289377289376,2.56,2.9,25,0.0,0.0,0,0.0,0.0,0,0.0,0.0,259,1336.0990982055664,663.04,13,66.63102650642395,29.64,1,0.0242363195866346,0.12,8.0,9.0,9.0,0.0124999999999997,0.0124999999999997,0.025,0.0153763669349077,NDT
dynamic,model_dynamic/summary_timeseries.csv,20,16.3,298,119200.0,1163.5589994157629,14.002646437881772,1164 ± 14,1137.5657922139883,1209.833367837883,1.6507199212889578,1.1172272680686246,1.651 ± 1.117,0.0,5.298349735165859,0.3465622179488524,0.194226326051414,0.3466 ± 0.1942,0.0034854665662978,1.212702451981408,278.19463087248323,87.55095757622959,278.2 ± 87.55,0.0,308.0,62.07599157294971,2.3044094931761343,62.08 ± 2.304,59.69018173217773,69.38589477539062,72.2675756238948,0,3,0,4,0:272; 3:3; 4:23,23,0,0.0,model_dynamic,True,mckenzie2003,NDT,4.745724618647422,5.190799236297607,0.0,5.25526237487793,7.311845779418945,5.908777066619496,2.781946308724832,2.5243840579710146,2.59,2.92,23,0.0,0.0,0,0.0,0.0,0,0.0,0.0,259,1347.6443390846252,666.6299999999999,13,66.54221749305725,29.89,3,0.0393797792494297,0.21,8.0,9.0,9.0,0.0125,0.0125000000000014,0.025,0.0158195784599979,NDT
dynamic,model_dynamic/summary_timeseries.csv,20,16.2,298,119200.0,1163.5731599732444,14.000197388582365,1164 ± 14,1137.5913955545848,1209.8200335239944,1.6511653563257704,1.1291450478750895,1.651 ± 1.129,0.0,5.365121442862964,0.3461916684493281,0.1937478952827447,0.3462 ± 0.1937,0.0045423230928076,1.2079479955628467,294.5738255033557,92.74484872974044,294.6 ± 92.74,0.0,327.0,66.38373988106747,2.1794058949872643,66.38 ± 2.179,64.41874694824219,73.31401824951172,72.22863796940965,0,3,0,4,0:272; 3:2; 4:24,24,0,0.0,model_dynamic,True,mckenzie2003,NDT,4.934206631678413,5.417771816253662,0.0,5.450504779815674,7.559869766235352,6.145128774684151,2.9457382550335574,2.5976,2.65,2.98,24,0.0,0.0,0,0.0,0.0,0,0.0,0.0,260,1409.7395477294922,686.73,12,60.62564635276794,27.46,2,0.0283821579068899,0.15,8.0,9.0,9.0,0.0124999999999997,0.0124999999999997,0.025,0.0141682755114543,NDT
dynamic,model_dynamic/summary_timeseries.csv,20,16.1,298,119200.0,1163.58812746179,13.99718005305492,1164 ± 14,1137.6174278009548,1209.8062617601413,1.6531530352833392,1.141094209357795,1.653 ± 1.141,0.0,5.435758513335193,0.3457729838379942,0.1932299148871191,0.3458 ± 0.1932,0.0057193361074082,1.203015860519411,297.8590604026846,90.23344222493924,297.9 ± 90.23,0.0,328.0,66.52749974295597,2.1365657573813306,66.53 ± 2.137,64.7317123413086,73.60954284667969,72.18883395918647,0,3,0,4,0:274; 3:3; 4:21,21,0,0.0,model_dynamic,True,mckenzie2003,NDT,4.959361523105419,5.450504779815674,0.0,5.450504779815674,7.601525783538818,6.176970267901741,2.978590604026846,2.582913669064748,2.65,2.99,21,0.0,0.0,0,0.0,0.0,0,0.0,0.0,260,1406.5346145629885,685.75,14,71.32609355449677,32.14,3,0.029025767929852,0.16,8.0,9.0,9.0,0.0125,0.0125000000000014,0.025,0.0151022185378239,NDT
dynamic,model_dynamic/summary_timeseries.csv,20,16.0,298,119200.0,1163.6029372940168,13.994462934832068,1164 ± 13.99,1137.6434899659223,1209.7915207458832,1.6550057107405145,1.1534132120843534,1.655 ± 1.153,0.0,5.506382011500144,0.3453668535175759,0.1927196727836898,0.3454 ± 0.1927,0.0069061081605689,1.1980891163350966,296.5302013422819,89.13431965426066,296.5 ± 89.13,0.0,326.0,67.84915706455307,2.132553037642001,67.85 ± 2.133,66.04521942138672,75.04060363769531,72.14803077996089,0,3,0,4,0:274; 3:3; 4:21,21,0,0.0,model_dynamic,True,mckenzie2003,NDT,4.884017398152751,5.287610054016113,0.0,5.352536678314209,7.559869766235352,6.082485140345038,2.965302013422819,2.5587769784172667,2.62,2.98,21,0.0,0.0,0,0.0,0.0,0,0.0,0.0,260,1379.664652824402,677.5,14,75.73935842514038,33.66,3,0.033173399977386,0.18,8.0,9.0,9.0,0.0124999999999999,0.0124999999999999,0.025,0.0134018031117726,NDT
dynamic,model_dynamic/summary_timeseries.csv,20,15.9,298,119200.0,1163.6179417215428,13.991692505765965,1164 ± 13.99,1137.6697112275656,1209.7764002412912,1.65731728437171,1.165633381245808,1.657 ± 1.166,0.0,5.577960339303533,0.3449568276069659,0.1922035757106449,0.345 ± 0.1922,0.0081312871264013,1.1931533426643597,298.241610738255,87.8923343052185,298.2 ± 87.89,0.0,327.0,68.03363779567232,2.1441422448997267,68.03 ± 2.144,65.6956558227539,75.34332275390625,72.1066890137256,2,4,1,4,1:16; 2:259; 3:4; 4:19,19,0,0.0,model_dynamic,True,mckenzie2003,NDT,4.956841769190692,5.352536678314209,0.0,5.417771816253662,7.559869766235352,6.174494417806089,2.98241610738255,2.5655357142857147,2.64,2.98,19,0.0,0.0,0,0.0,0.0,0,0.0,0.0,259,1388.014528274536,679.1000000000001,16,89.07360005378723,38.98,4,0.0507188905030489,0.27,8.0,9.0,9.0,0.0124999999999999,0.0124999999999999,0.025,0.013139452375702,NDT
dynamic,model_dynamic/summary_timeseries.csv,20,15.8,298,119200.0,1163.632957530422,13.988966018526904,1164 ± 13.99,1137.6959950896346,1209.76082699039,1.659684264756939,1.1779372554112315,1.66 ± 1.178,0.0,5.649483200447362,0.344550896913788,0.1916918996325108,0.3446 ± 0.1917,0.0093633186719629,1.1882165407644223,301.2986577181208,85.81528507533314,301.3 ± 85.82,0.0,329.0,69.03744360904565,2.144770739131157,69.04 ± 2.145,67.1999740600586,76.51022338867188,72.06483190075528,2,4,1,4,1:18; 2:259; 3:2; 4:19,19,0,0.0,model_dynamic,True,mckenzie2003,NDT,4.942415916010887,5.287610054016113,0.0,5.352536678314209,7.601525783538818,6.156536216367629,3.012986577181208,2.564678571428572,2.62,2.99,19,0.0,0.0,0,0.0,0.0,0,0.0,0.0,259,1376.6666679382324,675.61,18,96.14713215827942,42.36000000000001,2,0.0261428747326135,0.14,8.0,9.0,9.0,0.0125,0.0125000000000014,0.025,0.0150922860880104,NDT
dynamic,model_dynamic/summary_timeseries.csv,20,15.7,298,119200.0,1163.648098043233,13.986269442858692,1164 ± 13.99,1137.7223971175556,1209.745134503483,1.6623857424975057,1.1902142855324296,1.662 ± 1.19,0.0,5.7217137561902485,0.3441428800210427,0.1911794520353844,0.3441 ± 0.1912,0.0106266483655221,1.1832617486403851,299.1476510067114,84.36751464894101,299.1 ± 84.37,0.0,327.0,67.81985245775056,2.177951808629877,67.82 ± 2.178,65.39615631103516,75.5338363647461,72.02273738592771,2,4,1,4,1:18; 2:259; 3:3; 4:18,18,0,0.0,model_dynamic,True,mckenzie2003,NDT,4.973484211985722,5.287610054016113,0.0,5.450504779815674,7.559869766235352,6.195633641334202,2.991476510067115,2.5669395017793595,2.65,2.98,18,0.0,0.0,0,0.0,0.0,0,0.0,0.0,259,1382.6161603927612,677.4300000000001,18,99.43586564064026,43.64,3,0.0462691383436322,0.24,8.0,9.0,9.0,0.0124999999999999,0.0124999999999999,0.025,0.0127366994632973,NDT
dynamic,model_dynamic/summary_timeseries.csv,20,15.6,298,119200.0,1163.6630141041542,13.983748585333448,1164 ± 13.98,1137.7487247330007,1209.7289336279157,1.6646482007062848,1.2026842275164096,1.665 ± 1.203,0.0,5.792488962714348,0.343752918455373,0.1906805692424958,0.3438 ± 0.1907,0.0118559387850489,1.1783431853799406,301.8959731543624,83.35308932824888,301.9 ± 83.35,0.0,329.0,73.91242453555932,2.238398419629561,73.91 ± 2.238,71.58004760742188,81.70381164550781,71.98020889491477,2,3,1,4,1:20; 2:259; 4:19,19,0,0.0,model_dynamic,True,mckenzie2003,NDT,4.999066738074258,5.352536678314209,0.0,5.417771816253662,7.559869766235352,6.227516923258011,3.018959731543624,2.5882857142857145,2.64,2.98,19,0.0,0.0,0,0.0,0.0,0,0.0,0.0,259,1394.7232580184937,681.1600000000001,20,94.9986299276352,43.56,0,0.0,0.0,8.0,9.0,9.0,0.0124999999999999,0.0124999999999999,0.025,0.0130122514872621,NDT
dynamic,model_dynamic/summary_timeseries.csv,20,15.5,298,119200.0,1163.6790556244623,13.98073854370398,1164 ± 13.98,1137.7756363923268,1209.713429014004,1.6694006670669124,1.2142672907608665,1.669 ± 1.214,0.0,5.86886470927542,0.3433077544076428,0.1901438154415916,0.3433 ± 0.1901,0.0132261281732255,1.1732619597005338,309.0973154362416,80.67051593019673,309.1 ± 80.67,0.0,334.0,72.83425311914226,2.149630772780471,72.83 ± 2.15,70.29827880859375,81.02462005615234,71.93779262167732,2,4,1,4,1:21; 2:259; 3:5; 4:13,13,0,0.0,model_dynamic,True,mckenzie2003,NDT,5.058199886726403,5.352536678314209,0.0127603649627417,5.489493346214294,7.601525783538818,6.302587872856512,3.090973154362416,2.5566433566433573,2.64,2.99,13,0.0,0.0,0,0.0,0.0,0,0.0,0.0,259,1386.425253391266,678.6100000000001,21,120.861070394516,52.28000000000001,5,0.0572424586862325,0.31,6.0,7.0,7.0,0.0124999999999999,0.0249999999999999,0.025,0.0246221446163929,NDT
dynamic,model_dynamic/summary_timeseries.csv,20,15.4,298,119200.0,1163.6946373787573,13.978000975566005,1164 ± 13.98,1137.8025076488846,1209.6960320671708,1.6733316564330558,1.226558986518009,1.673 ± 1.227,0.0,5.944079542691008,0.3428776895024785,0.1896156054591469,0.3429 ± 0.1896,0.0145831663092068,1.1681878220688495,311.4865771812081,80.95164780852323,311.5 ± 80.95,0.0,337.0,75.6050916838166,2.218504130540968,75.61 ± 2.219,73.12187194824219,84.13570404052734,71.89352441828623,2,4,1,4,1:23; 2:257; 3:4; 4:14,14,0,0.0,model_dynamic,True,mckenzie2003,NDT,5.0957761432306725,5.352536678314209,0.0167375716846436,5.516200542449951,7.685109615325928,6.349929114920502,3.1148657718120805,2.5683916083916083,2.67,3.01,14,0.0,0.0,0,0.0,0.0,0,0.0,0.0,259,1393.5917630195618,680.8000000000001,21,124.88430261611938,53.42,4,0.0652250470593571,0.34,8.0,9.0,9.0,0.0124999999999999,0.0124999999999999,0.025,0.0131575755917386,NDT
dynamic,model_dynamic/summary_timeseries.csv,20,15.3,298,119200.0,1163.7106812436298,13.97517817820919,1164 ± 13.98,1137.829675319786,1209.6786028235904,1.6784113463173638,1.2382503180429494,1.678 ± 1.238,0.0,6.02154667027042,0.3424292210985473,0.189069367316552,0.3424 ± 0.1891,0.0159760979737311,1.1630311104085698,320.02013422818794,74.83704622197689,320 ± 74.84,0.0,342.0,78.45556727671783,2.1007067382222,78.46 ± 2.101,76.02574157714844,87.18826293945312,71.84892750380436,2,4,1,4,1:28; 2:256; 3:7; 4:7,7,0,0.0,model_dynamic,True,mckenzie2003,NDT,5.208081934388552,5.417771816253662,1.5860189259052284,5.516200542449951,7.769055366516113,6.491437063120478,3.20020134228188,2.5596917808219177,2.67,3.03,7,0.0,0.0,0,0.0,0.0,0,0.0,0.0,259,1407.0290694236755,684.92,25,144.88510072231293,62.010000000000005,7,0.0942463018000125,0.5,8.0,9.0,9.0,0.0125,0.0125000000000014,0.025,0.0136106919112603,NDT
dynamic,model_dynamic/summary_timeseries.csv,20,15.2,298,119200.0,1163.7273904256156,13.97200825420614,1164 ± 13.97,1137.8571597064013,1209.6608159613957,1.684780332572309,1.249525866253708,1.685 ± 1.25,0.0,6.102322146271746,0.3419528222911592,0.1885082816358669,0.342 ± 0.1885,0.0174089074667749,1.1577897802371713,330.53691275167785,59.66652558204354,330.5 ± 59.67,0.0,348.0,77.11573901592485,1.7503431919006682,77.12 ± 1.75,74.81971740722656,85.99394989013672,71.8036562549944,1,3,1,4,1:291; 3:3; 4:4,4,0,0.0,model_dynamic,True,mckenzie2003,NDT,5.412002458755902,5.549163341522217,3.5698367714881902,6.265910029411312,7.811164379119873,6.747960439034389,3.3053691275167787,2.622312925170068,2.7,3.04,4,0.0,0.0,0,0.0,0.0,0,0.0,0.0,260,1440.929561138153,696.22,31,171.8160719871521,74.57000000000001,3,0.031099583953619,0.17,8.0,9.0,9.0,0.0124999999999999,0.0124999999999999,0.025,0.0137369790293967,NDT
dynamic,model_dynamic/summary_timeseries.csv,20,15.1,298,119200.0,1163.7433268735303,13.96928080729724,1164 ± 13.97,1137.8846029639317,1209.642214183334,1.6897973476211878,1.262156220729009,1.69 ± 1.262,0.0,6.181878299523549,0.3415036241742894,0.1879571754133955,0.3415 ± 0.188,0.0188263205325443,1.1525275923419227,336.2281879194631,60.99621737698377,336.2 ± 61,0.0,354.0,76.58983845038702,1.7504341206565468,76.59 ± 1.75,74.23603057861328,85.24068450927734,71.75761121940218,1,3,1,4,1:291; 3:3; 4:4,4,0,0.0,model_dynamic,True,mckenzie2003,NDT,5.527013033875358,5.715122222900391,3.0068773865699767,6.331150150299058,7.895651817321777,6.892469025599008,3.362281879194631,2.6572108843537414,2.7579999999999973,3.06,4,0.0,0.0,0,0.0,0.0,0,0.0,0.0,260,1474.5408391952517,706.3599999999999,31,172.47363221645355,74.67000000000002,3,0.0354126831516623,0.19,8.0,9.0,9.0,0.0124999999999999,0.0124999999999999,0.025,0.0138409234319575,NDT
dynamic,model_dynamic/summary_timeseries.csv,20,15.0,298,119200.0,1163.7590810355523,13.966657674341509,1164 ± 13.97,1137.912042060376,1209.6229683884228,1.694497895430226,1.2750413547524646,1.694 ± 1.275,0.0,6.260755891954954,0.3410647135161526,0.1874099691563422,0.3411 ± 0.1874,0.0202364267027571,1.147233517244299,333.6543624161074,61.65403036975846,333.7 ± 61.65,0.0,351.0,74.70363322520416,1.9007124875117571,74.7 ± 1.901,72.26744079589844,84.07276916503906,71.71092632804675,1,3,1,4,1:291; 3:3; 4:4,4,0,0.0,model_dynamic,True,mckenzie2003,NDT,5.404094637162208,5.549163341522217,2.6999277591705324,5.657188320159911,7.811164379119873,6.737074663988343,3.336543624161074,2.6208503401360543,2.71,3.04,4,0.0,0.0,0,0.0,0.0,0,0.0,0.0,262,1458.4533081054688,703.5,29,151.9397612810135,66.88,3,0.0271324878558516,0.15,8.0,9.0,9.0,0.0124999999999999,0.0124999999999999,0.025,0.0140126033625217,NDT
dynamic,model_dynamic/summary_timeseries.csv,20,14.9,298,119200.0,1163.774349798468,13.964342811575476,1164 ± 13.96,1137.9393416815758,1209.6035438501935,1.6983170589249212,1.2882698378723598,1.698 ± 1.288,0.0,6.337382796946438,0.3406532641488876,0.1868808518473311,0.3407 ± 0.1869,0.0216153847598561,1.142001070676314,334.4865771812081,68.10208598222194,334.5 ± 68.1,0.0,354.0,71.84813121821256,2.035165142938184,71.85 ± 2.035,69.82295227050781,81.10287475585938,71.66420216861775,1,3,1,4,1:289; 3:3; 4:6,6,0,0.0,model_dynamic,True,mckenzie2003,NDT,5.4687746079394834,5.715122222900391,2.161474907398224,5.715122222900391,7.895651817321777,6.818067361915284,3.3448657718120804,2.6442320819112632,2.73,3.06,6,0.0,0.0,0,0.0,0.0,0,0.0,0.0,262,1489.203004360199,712.78,27,140.44779443740845,61.75000000000001,3,0.0440343683585524,0.23,8.0,9.0,9.0,0.0124999999999999,0.0124999999999999,0.025,0.0129037076508178,NDT
dynamic,model_dynamic/summary_timeseries.csv,20,14.8,298,119200.0,1163.7890199113567,13.962370808500344,1164 ± 13.96,1137.9664204492235,1209.5839532051775,1.700975313862984,1.3018409516864735,1.701 ± 1.302,0.0,6.411077880840234,0.3402750393985528,0.1863768110920575,0.3403 ± 0.1864,0.0229517501606703,1.1368415129202876,330.6174496644296,77.61474271111925,330.6 ± 77.61,0.0,354.0,74.56064997423415,2.324122623473649,74.56 ± 2.324,72.09324645996094,84.0335693359375,71.61753275595402,1,3,1,4,1:285; 3:6; 4:7,7,0,0.0,model_dynamic,True,mckenzie2003,NDT,5.313882033321882,5.615318298339844,1.2561327815055852,5.648509979248047,7.895651817321777,6.62294450557327,3.306174496644295,2.595856164383562,2.71,3.06,7,0.0,0.0,0,0.0,0.0,0,0.0,0.0,262,1465.7755336761477,705.72,23,117.68409997224808,51.86,6,0.077212281525135,0.41,8.0,9.0,9.0,0.0125,0.0125000000000014,0.025,0.0131210895775876,NDT
dynamic,model_dynamic/summary_timeseries.csv,20,14.7,298,119200.0,1163.8047792246005,13.959938166746465,1164 ± 13.96,1137.9937693957745,1209.5647672334746,1.7055349457943263,1.3141019764985695,1.706 ± 1.314,0.0,6.486586187450898,0.339855391346311,0.1858516254367238,0.3399 ± 0.1859,0.0243169941302598,1.1316412431380651,337.8288590604027,71.68776144021373,337.8 ± 71.69,0.0,359.0,73.48732975185318,2.209712173448856,73.49 ± 2.21,70.85945129394531,83.37725067138672,71.57099783770013,1,3,1,4,1:288; 3:3; 4:7,7,0,0.0,model_dynamic,True,mckenzie2003,NDT,5.396494471411777,5.615318298339844,2.1147127985954284,5.715122222900391,7.895651817321777,6.727386133356795,3.3782885906040265,2.6283561643835616,2.73,3.06,7,0.0,0.0,0,0.0,0.0,0,0.0,0.0,261,1469.6751446723938,705.9,27,138.4430673122406,61.38,3,0.0371404960751533,0.2,8.0,9.0,9.0,0.0124999999999999,0.0124999999999999,0.025,0.0129260663313817,NDT
dynamic,model_dynamic/summary_timeseries.csv,20,14.6,298,119200.0,1163.8201273365316,13.957782207307256,1164 ± 13.96,1138.0210684984245,1209.5454832361236,1.709366595399208,1.3269078603945454,1.709 ± 1.327,0.0,6.560788152104966,0.3394552752407562,0.1853389052360946,0.3395 ± 0.1853,0.025664637151316,1.1264686474762786,352.37919463087246,75.7485718962267,352.4 ± 75.75,0.0,375.0,77.16425477098298,2.2446576285683832,77.16 ± 2.245,74.42235565185547,86.9570541381836,71.52441473769932,1,3,1,4,1:288; 3:3; 4:7,7,0,0.0,model_dynamic,True,mckenzie2003,NDT,5.552467394538924,5.815610408782959,2.011025506258011,5.882981300354004,8.065707206726074,6.92292109131972,3.5237919463087244,2.676404109589041,2.78,3.1,7,0.0,0.0,0,0.0,0.0,0,0.0,0.0,262,1524.6369247436523,723.3599999999999,26,129.9525921344757,57.91,3,0.04576669447124,0.24,8.0,9.0,9.0,0.0124999999999999,0.0124999999999999,0.025,0.0135583278769121,NDT
dynamic,model_dynamic/summary_timeseries.csv,20,14.5,298,119200.0,1163.8365626234076,13.955080853834898,1164 ± 13.96,1138.048788902178,1209.5265984510663,1.7152466183100754,1.3385423028069798,1.715 ± 1.339,0.0,6.638117485867123,0.3390147628269641,0.1848092894056465,0.339 ± 0.1848,0.0251124482123249,1.1212049800792598,366.2147651006711,66.10552513317432,366.2 ± 66.11,0.0,385.0,78.72256124099628,1.901234392171344,78.72 ± 1.901,76.55647277832031,88.70894622802734,71.47780954888844,1,3,1,4,1:291; 3:3; 4:4,4,0,0.0,model_dynamic,True,mckenzie2003,NDT,5.746315735911063,5.9167799949646,3.789663624763489,5.9846038818359375,8.237196922302246,7.1673289238010645,3.662147651006712,2.72625850340136,2.81,3.14,4,0.0,0.0,0,0.0,0.0,0,0.0,0.0,262,1550.592333316803,731.06,29,161.77037620544434,70.25,3,0.0393797792494297,0.21,8.0,9.0,9.0,0.0124999999999999,0.0124999999999999,0.025,0.0138915926312587,NDT
dynamic,model_dynamic/summary_timeseries.csv,20,14.4,298,119200.0,1163.853122806386,13.952248313659258,1164 ± 13.95,1138.0767352245912,1209.5074730825972,1.721452642542234,1.3504050657727118,1.721 ± 1.35,0.0,6.716646627030819,0.3385723180083182,0.1842745302254873,0.3386 ± 0.1843,0.0245172994921365,1.115886998028178,379.2080536912752,55.63999517123303,379.2 ± 55.64,0.0,396.0,78.51362036378592,1.7561341649913096,78.51 ± 1.756,75.91268920898438,89.4870376586914,71.43073785800607,1,3,1,4,1:295; 3:1; 4:2,2,0,0.0,model_dynamic,True,mckenzie2003,NDT,5.857005958257855,6.0186285972595215,4.646421194076539,6.08690357208252,8.237196922302246,7.306030410961693,3.792080536912752,2.751486486486486,2.84,3.14,2,0.0,0.0,0,0.0,0.0,0,0.0,0.0,264,1579.709227561951,741.71,31,165.65892869234085,72.63,1,0.0196193065494298,0.1,8.0,9.0,9.0,0.0124999999999999,0.0124999999999999,0.025,0.0141567793940373,NDT
dynamic,model_dynamic/summary_timeseries.csv,20,14.3,298,119200.0,1163.8697496333473,13.94938339814841,1164 ± 13.95,1138.1047101378747,1209.4880414475092,1.7275275603000275,1.362379431261156,1.728 ± 1.362,0.0,6.794393748335935,0.3381290710691465,0.1837507215083191,0.3381 ± 0.1838,0.0236914663580191,1.110544738385116,374.1812080536913,49.0645450376202,374.2 ± 49.06,0.0,389.0,78.88285947966095,1.559147981937932,78.88 ± 1.559,76.66380310058594,89.74553680419922,71.38333130963451,1,2,1,4,1:296; 4:2,2,0,0.0,model_dynamic,True,mckenzie2003,NDT,5.757794508197963,5.815610408782959,4.702390670776367,5.993697428703307,8.237196922302246,7.181616316416696,3.7418120805369126,2.724797297297297,2.79,3.14,2,0.0,0.0,0,0.0,0.0,0,0.0,0.0,264,1540.541657924652,730.1499999999999,32,175.28110551834106,76.39,0,0.0,0.0,8.0,9.0,9.0,0.0125,0.0125000000000014,0.025,0.014293569823369,NDT
dynamic,model_dynamic/summary_timeseries.csv,20,14.2,298,119200.0,1163.8864083454755,13.946556743088207,1164 ± 13.95,1138.1327702115314,1209.4685387756324,1.7336237805819108,1.374449221363325,1.734 ± 1.374,0.0,6.87045381045278,0.3376907765680278,0.1832292207356128,0.3377 ± 0.1832,0.0232005447160798,1.1052036796431366,364.32214765100673,45.57864630958713,364.3 ± 45.58,0.0,377.0,74.75071670225003,1.378349854776764,74.75 ± 1.378,72.32402801513672,84.67147827148438,71.33576856410104,1,2,1,4,1:296; 4:2,2,0,0.0,model_dynamic,True,mckenzie2003,NDT,5.789835188612842,5.882981300354004,4.890464448928833,5.9167799949646,8.151272773742676,7.221644933796969,3.6432214765100666,2.7358445945945946,2.79,3.12,2,0.0,0.0,0,0.0,0.0,0,0.0,0.0,265,1552.1574778556824,734.63,31,173.21340835094452,75.18,0,0.0,0.0,8.0,9.0,9.0,0.0124999999999999,0.0124999999999999,0.025,0.0143620318543307,NDT
dynamic,model_dynamic/summary_timeseries.csv,20,14.1,298,119200.0,1163.9020129984815,13.944077588863715,1164 ± 13.94,1138.160478757036,1209.448366904148,1.737545408633143,1.3871886507935465,1.738 ± 1.387,0.0,6.940960107666993,0.3372939383222316,0.1827340035867825,0.3373 ± 0.1827,0.0226871847687958,1.099957557292271,347.3691275167785,58.52875722863681,347.4 ± 58.53,0.0,364.0,75.36943648165504,1.8180935311913848,75.37 ± 1.818,73.63715362548828,84.99335479736328,71.2878881471122,1,3,1,4,1:293; 3:2; 4:3,3,0,0.0,model_dynamic,True,mckenzie2003,NDT,5.466869782475167,5.615318298339844,3.3216176509857185,5.715122222900391,7.93803071975708,6.815047421415924,3.4736912751677846,2.6294256756756758,2.73,3.07,3,0.0,0.0,0,0.0,0.0,0,0.0,0.0,265,1486.8299922943115,715.1,28,142.2771009206772,63.1,2,0.0201019626110792,0.11,8.0,9.0,9.0,0.0124999999999999,0.0124999999999999,0.025,0.0137785671035612,NDT
dynamic,model_dynamic/summary_timeseries.csv,20,14.0,298,119200.0,1163.9181470838828,13.94144597249295,1164 ± 13.94,1138.1882406752984,1209.428610816131,1.742346957976887,1.3988456429163143,1.742 ± 1.399,0.0,7.009594743127378,0.3368869191889007,0.1822440040916938,0.3369 ± 0.1822,0.0219647598838722,1.0947445163818823,346.6241610738255,58.21246395632703,346.6 ± 58.21,0.0,363.0,73.30800093580413,1.7677151766147572,73.31 ± 1.768,71.58609008789062,82.66484832763672,71.24037014083228,1,3,1,4,1:293; 3:1; 4:4,4,0,0.0,model_dynamic,True,mckenzie2003,NDT,5.525913354759449,5.748542785644531,3.4660604000091557,5.748542785644531,7.93803071975708,6.888783296179276,3.466241610738255,2.666530612244898,2.74,3.07,4,0.0,0.0,0,0.0,0.0,0,0.0,0.0,266,1512.78777217865,723.9000000000001,27,133.91702300310135,59.97,1,0.0173845365643501,0.09,8.0,9.0,9.0,0.0124999999999999,0.0124999999999999,0.025,0.0127483656509899,NDT
dynamic,model_dynamic/summary_timeseries.csv,20,13.9,298,119200.0,1163.9337689738902,13.939072849597112,1164 ± 13.94,1138.2158308494809,1209.4088501826286,1.746143934900717,1.4109708392601268,1.746 ± 1.411,0.0,7.074543590615893,0.3365045951364139,0.1817726894907737,0.3365 ± 0.1818,0.0215683024861135,1.089595818005964,359.63758389261744,69.98228105225293,359.6 ± 69.98,0.0,379.0,75.79649867627445,2.0613862225455546,75.8 ± 2.061,73.8277359008789,85.48394012451172,71.19301933314773,1,3,1,4,1:290; 3:4; 4:4,4,0,0.0,model_dynamic,True,mckenzie2003,NDT,5.516430373003569,5.748542785644531,2.52386304140091,5.815610408782959,8.237196922302246,6.876219793597797,3.5963758389261744,2.6569047619047623,2.76,3.14,4,0.0,0.0,0,0.0,0.0,0,0.0,0.0,267,1530.190339565277,730.14,23,113.65104055404665,50.7,4,0.0548710357397794,0.29,8.0,9.0,9.0,0.0124999999999999,0.0124999999999999,0.025,0.0135953439217339,NDT
dynamic,model_dynamic/summary_timeseries.csv,20,13.8,298,119200.0,1163.9502908905374,13.936264442689264,1164 ± 13.94,1138.2437213764078,1209.389413566258,1.751566202081834,1.4220280350612962,1.752 ± 1.422,0.0,7.140112723305339,0.3360933679930817,0.1812929122411415,0.3361 ± 0.1813,0.0215728413849717,1.0844162346825974,374.7248322147651,62.80302209848976,374.7 ± 62.8,0.0,392.0,77.19450301611984,1.8756938508689065,77.19 ± 1.876,75.23101043701172,87.56233978271484,71.14569218985002,1,3,1,4,1:293; 3:1; 4:4,4,0,0.0,model_dynamic,True,mckenzie2003,NDT,5.806659644507122,6.0186285972595215,3.789663624763489,6.0186285972595215,8.280292510986328,7.24133418482418,3.747248322147652,2.7522108843537416,2.82,3.15,4,0.0,0.0,0,0.0,0.0,0,0.0,0.0,267,1598.180218219757,750.3,26,132.18697130680084,58.76,1,0.0173845365643501,0.09,8.0,9.0,9.0,0.0125,0.0125000000000014,0.025,0.0135001218667672,NDT
dynamic,model_dynamic/summary_timeseries.csv,20,13.7,298,119200.0,1163.9670423153736,13.933413806641015,1164 ± 13.93,1138.2718410514792,1209.3699467790782,1.7574548032041857,1.433081049875514,1.757 ± 1.433,0.0,7.20557802591363,0.3356736687064392,0.180808535179251,0.3357 ± 0.1808,0.0213978119099947,1.0791807705477594,383.5134228187919,57.341858585176965,383.5 ± 57.34,0.0,399.0,80.63834450228903,1.659163258565292,80.64 ± 1.659,78.81571197509766,91.17340087890624,71.09810572759898,1,3,1,4,1:294; 3:2; 4:2,2,0,0.0,model_dynamic,True,mckenzie2003,NDT,5.847326758427033,6.0186285972595215,4.584108519554138,6.0186285972595215,8.410114288330078,7.292844167286615,3.8351342281879206,2.7501013513513515,2.82,3.18,2,0.0,0.0,0,0.0,0.0,0,0.0,0.0,267,1594.6288571357727,749.27,27,147.8348298072815,64.56,2,0.0396870682016015,0.2,8.0,9.0,9.0,0.0124999999999999,0.0124999999999999,0.025,0.0141536455563188,NDT
dynamic,model_dynamic/summary_timeseries.csv,20,13.6,298,119200.0,1163.984802274739,13.93019779481816,1164 ± 13.93,1138.3003491688237,1209.350890701283,1.7651283978482382,1.443312712089707,1.765 ± 1.443,0.0,7.272820633240253,0.335221054311117,0.1803132199600519,0.3352 ± 0.1803,0.0213379399014601,1.0738849637373562,391.4697986577181,43.95689729067042,391.5 ± 43.96,0.0,403.0,78.23959481156112,1.2260323993770137,78.24 ± 1.226,75.72669219970703,89.05133819580078,71.05054153245965,1,3,1,4,1:296; 3:1; 4:1,1,0,0.0,model_dynamic,True,mckenzie2003,NDT,6.01053241641892,6.0527660846710205,5.264972424507141,6.132727241516111,8.49710750579834,7.498523466950423,3.914697986577181,2.7951178451178453,2.85,3.2,1,0.0,0.0,0,0.0,0.0,0,0.0,0.0,268,1618.0539379119873,757.2,28,173.0716507434845,72.88000000000001,1,0.0130714373663067,0.07,8.0,9.0,9.0,0.0124999999999999,0.0124999999999999,0.025,0.014377315825463,NDT
dynamic,model_dynamic/summary_timeseries.csv,20,13.5,298,119200.0,1164.001413862428,13.927552454882324,1164 ± 13.93,1138.3287108463587,1209.330989664358,1.7707227103425032,1.4551030781545236,1.771 ± 1.455,0.0,7.336428871641283,0.3348138326725791,0.1798369392662931,0.3348 ± 0.1798,0.0213346980308208,1.0686191207985305,386.0,48.32850396300317,386 ± 48.33,0.0,399.0,80.05657544232055,1.4879037181805534,80.06 ± 1.488,77.41179656982422,91.1415557861328,71.00227881799924,1,3,1,4,1:296; 3:1; 4:1,1,0,0.0,model_dynamic,True,mckenzie2003,NDT,5.888837600042481,5.9846038818359375,5.05206744670868,6.02886984348297,8.410114288330078,7.345022190350987,3.8600000000000008,2.7585521885521884,2.82,3.18,1,0.0,0.0,0,0.0,0.0,0,0.0,0.0,268,1598.981378555298,751.5999999999999,28,155.8851957321167,67.65,1,0.0070305252447724,0.04,8.0,9.0,9.0,0.0124999999999999,0.0124999999999999,0.025,0.0139510465495626,NDT
dynamic,model_dynamic/summary_timeseries.csv,20,13.4,298,119200.0,1164.018744210631,13.924607159221974,1164 ± 13.92,1138.357276377655,1209.3114070355564,1.7776010877785289,1.4659174113295672,1.778 ± 1.466,0.0,7.3999005840130865,0.3343836647428794,0.1793568558442347,0.3344 ± 0.1794,0.0214184485288008,1.06333631276948,383.6845637583893,43.43120568778003,383.7 ± 43.43,0.0,395.0,76.82247950406682,1.260666805304564,76.82 ± 1.261,74.36441802978516,87.9084701538086,70.95413065790149,1,3,1,4,1:296; 3:1; 4:1,1,0,0.0,model_dynamic,True,mckenzie2003,NDT,5.894124794351375,5.9167799949646,5.164683318138123,5.9846038818359375,8.366751670837402,7.351663307130723,3.836845637583892,2.7621885521885523,2.81,3.17,1,0.0,0.0,0,0.0,0.0,0,0.0,0.0,269,1595.3387451171875,751.5699999999999,27,161.09305906295776,68.71,1,0.0173845365643501,0.09,8.0,9.0,9.0,0.0124999999999999,0.0124999999999999,0.025,0.0143862767651524,NDT
dynamic,model_dynamic/summary_timeseries.csv,20,13.3,298,119200.0,1164.034821086989,13.922229723739994,1164 ± 13.92,1138.3855702088413,1209.291381558052,1.782248241109076,1.4779968575380968,1.782 ± 1.478,0.0,7.458588324720388,0.3340033919962005,0.1788977013107428,0.334 ± 0.1789,0.0215612821346292,1.0581144999258807,380.3926174496645,50.194957625256606,380.4 ± 50.19,0.0,394.0,78.59924505861014,1.6027975017112204,78.6 ± 1.603,76.62555694580078,89.62848663330078,70.90581134921058,1,3,1,4,1:296; 3:1; 4:1,1,0,0.0,model_dynamic,True,mckenzie2003,NDT,5.840760741585978,5.9846038818359375,4.68694486618042,6.0186285972595215,8.366751670837402,7.2839428939784465,3.803926174496645,2.7443097643097643,2.82,3.17,1,0.0,0.0,0,0.0,0.0,0,0.0,0.0,269,1600.5156769752502,753.0999999999999,27,140.02399349212646,61.92,1,0.0070305252447724,0.04,8.0,9.0,9.0,0.0125,0.0125000000000014,0.025,0.0140966349427012,NDT
dynamic,model_dynamic/summary_timeseries.csv,20,13.2,298,119200.0,1164.0516987075648,13.919479923559647,1164 ± 13.92,1138.4140829984883,1209.271603944897,1.788301647539254,1.4888512267944127,1.788 ± 1.489,0.0,7.517382002888118,0.3335997408404621,0.1784334453046386,0.3336 ± 0.1784,0.0217894594427249,1.0528833513686753,379.01677852349,45.46888146379232,379 ± 45.47,0.0,391.0,78.69235027236427,1.3785512167777016,78.69 ± 1.379,76.4362564086914,89.72271728515625,70.85752094640861,1,3,1,4,1:296; 3:1; 4:1,1,0,0.0,model_dynamic,True,mckenzie2003,NDT,5.838638907439082,5.9167799949646,5.153367710113526,6.0186285972595215,8.280292510986328,7.281625680813173,3.7901677852349,2.745420875420875,2.82,3.15,1,0.0,0.0,0,0.0,0.0,0,0.0,0.0,269,1588.273696899414,749.49,27,151.6336669921875,65.86,1,0.0070305252447724,0.04,8.0,9.0,9.0,0.0124999999999999,0.0124999999999999,0.025,0.0140465411904555,NDT
dynamic,model_dynamic/summary_timeseries.csv,20,13.1,298,119200.0,1164.068500236917,13.916830938563116,1164 ± 13.92,1138.4426318059027,1209.2517595024665,1.79418581142787,1.4999668672502755,1.794 ± 1.5,0.0,7.574798716250172,0.3332020601045057,0.1779755185649414,0.3332 ± 0.178,0.0220914680374322,1.0476547435394603,384.738255033557,45.45377413958354,384.7 ± 45.45,0.0,397.0,78.67032241821289,1.3516219691383076,78.67 ± 1.352,76.13031768798828,89.50248718261719,70.80912769656356,1,3,1,4,1:296; 3:1; 4:1,1,0,0.0,model_dynamic,True,mckenzie2003,NDT,5.89338494734151,5.9167799949646,5.352536678314209,6.0186285972595215,8.366751670837402,7.350568537915308,3.8473825503355705,2.7615151515151517,2.82,3.17,1,0.0,0.0,0,0.0,0.0,0,0.0,0.0,269,1600.2185468673706,753.0299999999999,27,155.9905481338501,67.04,1,0.0196193065494298,0.1,8.0,9.0,9.0,0.0124999999999999,0.0124999999999999,0.025,0.0236481890343307,NDT
dynamic,model_dynamic/summary_timeseries.csv,20,13.0,298,119200.0,1164.085360264283,13.91407051335814,1164 ± 13.91,1138.4712541599229,1209.2317522744215,1.8000785983905383,1.5111288025719003,1.8 ± 1.511,0.0,7.630676724957737,0.3328011046021853,0.1775221602455039,0.3328 ± 0.1775,0.0232800029952419,1.0424367171578264,384.4127516778523,45.34122054320696,384.4 ± 45.34,0.0,396.0,83.6622059969294,1.3513460606041447,83.66 ± 1.351,81.1146011352539,94.52429962158205,70.76049811449866,1,3,1,4,1:296; 3:1; 4:1,1,0,0.0,model_dynamic,True,mckenzie2003,NDT,5.95140421499917,6.08690357208252,5.25526237487793,6.08690357208252,8.366751670837402,7.423604531931636,3.844127516778524,2.777946127946128,2.84,3.17,1,0.0,0.0,0,0.0,0.0,0,0.0,0.0,269,1614.581503391266,757.24,27,158.92595505714417,67.75,1,0.0109976213425397,0.06,8.0,9.0,9.0,0.0124999999999999,0.0124999999999999,0.025,0.022213571001192,NDT
dynamic,model_dynamic/summary_timeseries.csv,20,12.9,298,119200.0,1164.1039801996817,13.910598844820484,1164 ± 13.91,1138.500438210981,1209.2126492472496,1.809082053810728,1.520565812363732,1.809 ± 1.521,0.01183679051339,7.690323885948457,0.3323427389567963,0.1770531312654337,0.3323 ± 0.1771,0.0244240777148687,1.0371438430872584,377.3422818791946,25.29351770209212,377.3 ± 25.29,133.0,384.0,66.16307337972141,0.7151639212773099,66.16 ± 0.7152,63.8921127319336,74.75936126708984,70.71221103626863,1,1,1,1,1:298,0,0,0.0,model_dynamic,True,mckenzie2003,NDT,5.973649006561945,5.9167799949646,5.815610408782959,6.954415082931512,8.280292510986328,7.4522744994684285,3.7734228187919454,2.7797986577181204,2.831999999999998,3.15,0,0.0,0.0,0,0.0,0.0,0,0.0,0.0,270,1593.0354895591736,751.95,28,187.111914396286,76.43000000000002,0,0.0,0.0,10.0,11.0,11.0,0.0062499999999999,0.0124999999999999,0.025,0.0176575788028298,NDT
dynamic,model_dynamic/summary_timeseries.csv,20,12.8,298,119200.0,1164.116897159167,13.90980075813826,1164 ± 13.91,1138.5278885656785,1209.1925475234193,1.8081168885964685,1.5348869183813287,1.808 ± 1.535,0.0,7.729900189227259,0.332108696664755,0.1766868379941887,0.3321 ± 0.1767,0.0256470829894097,1.0323151452757826,365.7919463087249,73.52639805067186,365.8 ± 73.53,0.0,385.0,65.75570837443307,1.99385895882064,65.76 ± 1.994,63.06188201904297,74.8982162475586,70.66465895774104,1,3,1,4,1:289; 3:1; 4:8,8,0,0.0,model_dynamic,True,mckenzie2003,NDT,5.652440448160339,5.815610408782959,2.8199735403060924,5.9846038818359375,8.280292510986328,7.04676385510884,3.6579194630872487,2.7323448275862066,2.81,3.15,8,0.0,0.0,0,0.0,0.0,0,0.0,0.0,269,1576.3927869796753,745.9699999999998,20,108.01708203554152,46.32,1,0.0173845365643501,0.09,7.0,7.0,7.0,0.00625,0.025,0.025,0.0239261992220114,NDT
dynamic,model_dynamic/summary_timeseries.csv,20,12.7,298,119200.0,1164.13098160104,13.908414436932455,1164 ± 13.91,1138.5552695239471,1209.173241751688,1.8087527587243275,1.5470399939082036,1.809 ± 1.547,0.0,7.766871764033381,0.3318469699274614,0.1763313805811064,0.3318 ± 0.1763,0.0268430678152679,1.0295780315360752,363.4496644295302,87.99393177991728,363.4 ± 87.99,0.0,388.0,66.37488349812143,2.1782892453425067,66.37 ± 2.178,63.83641815185547,75.0693359375,70.61797222774067,1,3,1,4,1:283; 3:3; 4:12,12,0,0.0,model_dynamic,True,mckenzie2003,NDT,5.701483042713805,6.0186285972595215,0.8225942791439607,6.0186285972595215,8.366751670837402,7.10824379726045,3.634496644295302,2.7698951048951046,2.82,3.17,12,0.0,0.0,0,0.0,0.0,0,0.0,0.0,268,1610.7670607566831,755.0899999999999,15,88.22861683368683,36.86,3,0.0462691383436322,0.24,8.0,8.0,8.0,0.0062499999999999,0.0249999999999999,0.025,0.0232156670188231,NDT
dynamic,model_dynamic/summary_timeseries.csv,20,12.6,298,119200.0,1164.1455144678896,13.906869814417211,1164 ± 13.91,1138.5827561931546,1209.15457986489,1.8101319408979557,1.5583698599315037,1.81 ± 1.558,0.0,7.804185096334993,0.3315770370348915,0.1759773658828567,0.3316 ± 0.176,0.0276025228386763,1.0289286469552366,359.2147651006711,90.14005238370326,359.2 ± 90.14,0.0,385.0,63.89943089581176,2.2234846996741644,63.9 ± 2.223,61.86040496826172,72.40286254882812,70.57182367173527,1,3,1,4,1:282; 3:3; 4:13,13,0,0.0,model_dynamic,True,mckenzie2003,NDT,5.650161758121478,6.0186285972595215,0.0167375716846436,6.0186285972595215,8.280292510986328,7.043431250976842,3.5921476510067123,2.7610877192982457,2.82,3.15,13,0.0,0.0,0,0.0,0.0,0,0.0,0.0,268,1606.9423418045044,753.96,14,76.76233470439911,32.72,3,0.0435274112969636,0.23,8.0,9.0,9.0,0.0062499999999999,0.0249999999999999,0.025,0.0240852566793811,NDT
dynamic,model_dynamic/summary_timeseries.csv,20,12.5,298,119200.0,1164.159665729007,13.90576590871392,1164 ± 13.91,1138.6100181514976,1209.137103777053,1.8107886204221344,1.56948503680914,1.811 ± 1.569,0.0,7.859305760648555,0.33133805023943,0.1756437995986107,0.3313 ± 0.1756,0.0278680701195103,1.028513525992405,353.89261744966444,95.59258072215704,353.9 ± 95.59,0.0,383.0,63.90640989726022,2.3538288014043998,63.91 ± 2.354,61.32810974121094,72.4378890991211,70.5270856255554,1,3,1,4,1:279; 3:5; 4:14,14,0,0.0,model_dynamic,True,mckenzie2003,NDT,5.563813027169481,5.9846038818359375,0.0104025569278746,5.9846038818359375,8.280292510986328,6.934488848312406,3.538926174496644,2.737007042253521,2.81,3.15,14,0.0,0.0,0,0.0,0.0,0,0.0,0.0,268,1599.1513590812683,751.6600000000001,11,58.80320650339127,25.32,5,0.0617165118455886,0.33,7.0,7.0,7.0,0.0062499999999999,0.0249999999999999,0.025,0.0233629016585462,NDT
dynamic,model_dynamic/summary_timeseries.csv,20,12.4,298,119200.0,1164.1744731845297,13.904484637601277,1164 ± 13.9,1138.6372894100705,1209.1203520542117,1.8122118507217335,1.5801407461837138,1.812 ± 1.58,0.0,7.912468154126303,0.3310760531207354,0.1753166698577777,0.3311 ± 0.1753,0.029104323254311,1.0281465191177068,353.7684563758389,98.61138259253774,353.8 ± 98.61,0.0,384.0,65.60783374709571,2.380804051557453,65.61 ± 2.381,63.48650360107422,73.92305755615234,70.48306264414123,1,3,1,4,1:278; 3:5; 4:15,15,0,0.0,model_dynamic,True,mckenzie2003,NDT,5.525026307022512,5.9846038818359375,0.0059759464580565,5.9846038818359375,8.237196922302246,6.885435582981074,3.5376845637583894,2.7317314487632505,2.81,3.14,15,0.0,0.0,0,0.0,0.0,0,0.0,0.0,268,1599.0256900787354,751.6099999999999,10,47.37456095218658,21.16,5,0.0575884617865085,0.31,7.0,8.0,8.0,0.0062499999999999,0.0249999999999999,0.025,0.0211458052336829,NDT
dynamic,model_dynamic/summary_timeseries.csv,20,12.3,298,119200.0,1164.1896696025883,13.903078936962524,1164 ± 13.9,1138.6647759143948,1209.104161218015,1.814416185543204,1.590419629766866,1.814 ± 1.59,0.0,7.966453980983731,0.3307981484534891,0.1749816560315565,0.3308 ± 0.175,0.0299097672091758,1.0276966462430432,350.59060402684565,99.10674967517993,350.6 ± 99.11,0.0,382.0,64.52291483527063,2.294485846815318,64.52 ± 2.294,62.397491455078125,72.43370819091797,70.43938530362016,1,3,1,4,1:277; 3:6; 4:15,15,0,0.0,model_dynamic,True,mckenzie2003,NDT,5.516152286570795,5.9846038818359375,0.0059759464580565,5.9846038818359375,8.280292510986328,6.874248921557904,3.5059060402684565,2.7272084805653707,2.81,3.15,15,0.0,0.0,0,0.0,0.0,0,0.0,0.0,268,1598.584478855133,751.48,9,45.151694774627686,19.91,6,0.0772077683359384,0.41,7.0,8.0,8.0,0.00625,0.025,0.025,0.0205086120712242,NDT
dynamic,model_dynamic/summary_timeseries.csv,20,12.2,298,119200.0,1164.2046071409063,13.901630641477295,1164 ± 13.9,1138.6921760232467,1209.0886683158649,1.8161833854939675,1.6005762897680773,1.816 ± 1.601,0.0,8.018216831745294,0.3305250959523789,0.1746558184267143,0.3305 ± 0.1747,0.0305402735560294,1.0273633831288485,351.6073825503356,99.0649753518927,351.6 ± 99.06,0.0,382.0,62.34650890939188,2.240999901574463,62.35 ± 2.241,60.12566757202149,70.17117309570312,70.39649229261795,1,3,1,4,1:277; 3:4; 4:17,17,0,0.0,model_dynamic,True,mckenzie2003,NDT,5.52680492953041,5.9846038818359375,0.0,5.9846038818359375,8.280292510986328,6.88774784296572,3.5160738255033555,2.7401418439716303,2.81,3.15,17,0.0,0.0,0,0.0,0.0,0,0.0,0.0,268,1598.814190864563,751.54,9,48.12554001808167,20.92,4,0.0481381174176931,0.26,8.0,8.0,8.0,0.0062499999999999,0.0249999999999999,0.025,0.0210521376051519,NDT
dynamic,model_dynamic/summary_timeseries.csv,20,12.1,298,119200.0,1164.2193031337158,13.900346275241931,1164 ± 13.9,1138.719394035969,1209.073995474179,1.8173493940701773,1.6105019025601963,1.817 ± 1.611,0.0,8.06678898709081,0.3302717497698588,0.1743532768295344,0.3303 ± 0.1744,0.0310405805119265,1.027233328619665,356.996644295302,101.8733750913242,357 ± 101.9,0.0,389.0,64.61939174216866,2.2481822281206303,64.62 ± 2.248,61.67047882080078,72.2919692993164,70.35460143820978,1,3,1,4,1:277; 3:1; 4:20,20,0,0.0,model_dynamic,True,mckenzie2003,NDT,5.555918001616687,6.0186285972595215,0.0,6.0186285972595215,8.366751670837402,6.9247213214457295,3.56996644295302,2.775555555555556,2.82,3.17,20,0.0,0.0,0,0.0,0.0,0,0.0,0.0,267,1602.478430271149,751.5799999999999,10,53.17810368537903,22.76,1,0.0070305252447724,0.04,7.0,7.0,7.0,0.0062499999999999,0.0249999999999999,0.025,0.02147692014878,NDT
dynamic,model_dynamic/summary_timeseries.csv,20,12.0,298,119200.0,1164.2345458732973,13.898827235184752,1164 ± 13.9,1138.7468903769038,1209.0600353912478,1.8194858106560423,1.6201733181829978,1.819 ± 1.62,0.0,8.117779656045155,0.329995556402087,0.1740407458095724,0.33 ± 0.174,0.0318129126789657,1.0269644398983582,361.26174496644296,102.2574981069982,361.3 ± 102.3,0.0,393.0,67.94302511535236,2.256566425395866,67.94 ± 2.257,65.53224182128906,75.65169525146484,70.31314501434395,1,2,1,4,1:277; 4:21,21,0,0.0,model_dynamic,True,mckenzie2003,NDT,5.570310217022096,6.0186285972595215,0.0,6.08690357208252,8.410114288330078,6.94325543163324,3.612617449664429,2.790359712230216,2.84,3.18,21,0.0,0.0,0,0.0,0.0,0,0.0,0.0,266,1597.0717525482178,748.94,11,62.88069212436676,26.78,0,0.0,0.0,7.0,7.0,7.0,0.0062499999999999,0.0249999999999999,0.025,0.0220353209447224,NDT
dynamic,model_dynamic/summary_timeseries.csv,20,11.9,298,119200.0,1164.250536660314,13.8971316933406,1164 ± 13.9,1138.7747784692422,1209.0469923142136,1.8230236348399125,1.629432492004555,1.823 ± 1.629,0.0,8.173376643643874,0.3296950247616078,0.1737097621138038,0.3297 ± 0.1737,0.0325706945905426,1.0264991735134137,375.2953020134228,104.1763156529813,375.3 ± 104.2,0.0,407.0,69.41693896095225,2.2646678797008577,69.42 ± 2.265,67.20008087158203,77.58970642089844,70.27221384497147,1,3,1,4,1:277; 3:7; 4:14,14,0,0.0,model_dynamic,True,mckenzie2003,NDT,5.745968150178083,6.189878463745117,0.0104025569278746,6.189878463745117,8.62826156616211,7.163899340627431,3.7529530201342287,2.788450704225353,2.87,3.23,14,0.0,0.0,0,0.0,0.0,0,0.0,0.0,267,1646.285924911499,764.37,10,65.92903304100037,27.1,7,0.0835508005693554,0.45,7.0,8.0,8.0,0.0062499999999999,0.0249999999999999,0.025,0.0228933505364231,NDT
dynamic,model_dynamic/summary_timeseries.csv,20,11.8,298,119200.0,1164.266877369486,13.895246745795088,1164 ± 13.9,1138.802876901194,1209.03409121894,1.8271953423304692,1.6385434487821555,1.827 ± 1.639,0.0,8.22972788637469,0.3293797653365229,0.1733793789679397,0.3294 ± 0.1734,0.0334875293319395,1.0259460919288492,383.1510067114094,96.84891375901934,383.2 ± 96.85,0.0,412.0,70.27381433576545,2.1363913814003306,70.27 ± 2.136,68.04239654541016,78.35546112060547,70.23121431774598,1,3,1,4,1:282; 3:5; 4:11,11,0,0.0,model_dynamic,True,mckenzie2003,NDT,5.827367596550151,6.258902549743652,0.0173845365643501,6.258902549743652,8.62826156616211,7.26589665188154,3.831510067114094,2.7869097222222226,2.89,3.23,11,0.0,0.0,0,0.0,0.0,0,0.0,0.0,268,1666.372414112091,771.26,14,70.12122809886932,31.04,5,0.0619015609845519,0.33,9.0,9.0,9.0,0.00625,0.025,0.025,0.0232925507643711,NDT
dynamic,model_dynamic/summary_timeseries.csv,20,11.7,298,119200.0,1164.2831566329244,13.893486623691857,1164 ± 13.89,1138.831120089587,1209.0210706807777,1.8314306481116336,1.6477385235014563,1.831 ± 1.648,0.0,8.286156115691703,0.3290691292650249,0.1730477715891999,0.3291 ± 0.173,0.0343330138455958,1.0253547518968014,385.68791946308727,90.00466014240162,385.7 ± 90,0.0,412.0,71.19417052300984,2.1381017675899017,71.19 ± 2.138,68.889404296875,79.83663177490234,70.18995059119015,1,3,1,4,1:285; 3:4; 4:9,9,0,0.0,model_dynamic,True,mckenzie2003,NDT,5.761256988397831,6.08690357208252,1.5141322791576388,6.258902549743652,8.62826156616211,7.182978174064523,3.856879194630872,2.765778546712803,2.89,3.23,9,0.0,0.0,0,0.0,0.0,0,0.0,0.0,268,1634.9710083007812,762.1400000000001,17,81.84147703647614,36.94,4,0.0420972052961587,0.23,7.0,7.0,7.0,0.0062499999999999,0.0249999999999999,0.025,0.0240542331559959,NDT
dynamic,model_dynamic/summary_timeseries.csv,20,11.6,298,119200.0,1164.2996161897806,13.891664656189665,1164 ± 13.89,1138.8594902066316,1209.007887489405,1.8360119314042336,1.6568245776939416,1.836 ± 1.657,0.0,8.3428279728179,0.3287539205917629,0.1727173323112789,0.3288 ± 0.1727,0.035245654268629,1.024721166123987,396.2684563758389,82.81301253588248,396.3 ± 82.81,0.0,420.0,70.41140286234402,1.9605952667720956,70.41 ± 1.961,67.85770416259766,78.81732940673828,70.14839728277343,1,3,1,4,1:289; 3:1; 4:8,8,0,0.0,model_dynamic,True,mckenzie2003,NDT,6.008798422357505,6.362997055053711,2.7589719653129587,6.362997055053711,8.760210990905762,7.494402791805399,3.9626845637583887,2.8391034482758624,2.92,3.26,8,0.0,0.0,0,0.0,0.0,0,0.0,0.0,268,1693.5917434692385,779.1300000000001,21,97.02315586805344,44.17,1,0.0070305252447724,0.04,7.0,8.0,8.0,0.0062499999999999,0.0249999999999999,0.025,0.0235515282720566,NDT
dynamic,model_dynamic/summary_timeseries.csv,20,11.5,298,119200.0,1164.3159048379034,13.88989875175317,1164 ± 13.89,1138.8878332562497,1208.994397679372,1.8401661573225452,1.6661750407314606,1.84 ± 1.666,0.0,8.398675605596173,0.3284454051908486,0.1723969622366679,0.3284 ± 0.1724,0.0362247580970838,1.024129534090548,403.18791946308727,83.3934934715502,403.2 ± 83.39,0.0,427.0,74.40901593713953,1.8696852294519744,74.41 ± 1.87,71.7104263305664,82.40113067626953,70.10656442312234,1,3,1,4,1:289; 3:1; 4:8,8,0,0.0,model_dynamic,True,mckenzie2003,NDT,5.931711093419476,6.258902549743652,2.92837291955948,6.362997055053711,8.760210990905762,7.397554616712616,4.031879194630873,2.81696551724138,2.92,3.26,8,0.0,0.0,0,0.0,0.0,0,0.0,0.0,268,1668.4376883506775,771.8700000000001,21,99.20518696308136,45.01,1,0.0070305252447724,0.04,8.0,9.0,9.0,0.0124999999999999,0.0124999999999999,0.025,0.0245841366396591,NDT
dynamic,model_dynamic/summary_timeseries.csv,20,11.4,298,119200.0,1164.3330565641388,13.887841065349324,1164 ± 13.89,1138.9166516726027,1208.9812906021875,1.8460748233140265,1.67478983732079,1.846 ± 1.675,0.0,8.456620591875755,0.3281088018406801,0.1720625457162291,0.3281 ± 0.1721,0.0371354224112239,1.0233273865439572,413.33557046979865,77.3219635690786,413.3 ± 77.32,0.0,435.0,72.64143028515298,1.687967637637961,72.64 ± 1.688,69.90467071533203,80.93192291259766,70.06463892958482,1,3,1,4,1:290; 3:3; 4:5,5,0,0.0,model_dynamic,True,mckenzie2003,NDT,6.157722880649724,6.397843837738037,4.8587248086929335,6.4677605628967285,8.848618507385254,7.682454569149893,4.133355704697987,2.8591467576791807,2.95,3.28,5,0.0,0.0,0,0.0,0.0,0,0.0,0.0,268,1708.0800499916077,783.32,22,126.8981944322586,54.28,3,0.0231740097515285,0.13,8.0,9.0,9.0,0.0062499999999999,0.0249999999999999,0.025,0.0246890832999463,NDT
dynamic,model_dynamic/summary_timeseries.csv,20,11.3,298,119200.0,1164.3495723003855,13.88599714314221,1164 ± 13.89,1138.945367289714,1208.9672586599136,1.85077060066978,1.6840381984547552,1.851 ± 1.684,0.0,8.513046829520276,0.3277918697622176,0.1717430472518577,0.3278 ± 0.1717,0.0382867412806446,1.022606938355348,412.1275167785235,77.53568466963657,412.1 ± 77.54,0.0,433.0,71.95281401256587,1.6895144319544153,71.95 ± 1.69,69.062744140625,80.16619110107422,70.02189137019968,1,3,1,4,1:290; 3:1; 4:7,7,0,0.0,model_dynamic,True,mckenzie2003,NDT,6.075499262879509,6.29352617263794,4.549413704872133,6.4677605628967285,8.848618507385254,7.579046210320833,4.121275167785234,2.854329896907216,2.95,3.28,7,0.0,0.0,0,0.0,0.0,0,0.0,0.0,268,1685.248255252838,776.7499999999999,22,125.23952746391296,53.79999999999999,1,0.0109976213425397,0.06,9.0,9.0,9.0,0.00625,0.025,0.025,0.0242994502360799,NDT
dynamic,model_dynamic/summary_timeseries.csv,20,11.2,298,119200.0,1164.36584019938,13.884312984430794,1164 ± 13.88,1138.97402593506,1208.953224464403,1.8550600282888303,1.693312177886241,1.855 ± 1.693,0.0,8.568275406936845,0.327487643526081,0.1714302173192844,0.3275 ± 0.1714,0.0393995336098644,1.0219446577431743,419.0671140939597,79.88760262234292,419.1 ± 79.89,0.0,441.0,74.89340501823682,1.7538732643641803,74.89 ± 1.754,72.04943084716797,83.22200012207031,69.97919852934342,1,3,1,4,1:290; 3:1; 4:7,7,0,0.0,model_dynamic,True,mckenzie2003,NDT,6.129888193847474,6.362997055053711,4.101413547992707,6.4677605628967285,9.0264892578125,7.647343697027184,4.190671140939597,2.869656357388316,2.95,3.32,7,0.0,0.0,0,0.0,0.0,0,0.0,0.0,268,1704.2788825035095,782.23,22,122.42076873779295,52.79999999999999,1,0.0070305252447724,0.04,8.0,9.0,9.0,0.0124999999999999,0.0124999999999999,0.025,0.0242545048379612,NDT
dynamic,model_dynamic/summary_timeseries.csv,20,11.1,298,119200.0,1164.3829844608144,13.882206526355326,1164 ± 13.88,1139.0030456782172,1208.939476215378,1.8609322610820809,1.7018476585205435,1.861 ± 1.702,0.0,8.624960664157777,0.3271525284114565,0.1711069420230167,0.3272 ± 0.1711,0.0405371488443241,1.0211172936158306,419.7315436241611,73.83967130676469,419.7 ± 73.84,0.0,439.0,76.93817499660005,1.6276193424809495,76.94 ± 1.628,74.07318115234375,85.52810668945312,69.93643053716096,1,3,1,4,1:291; 3:3; 4:4,4,0,0.0,model_dynamic,True,mckenzie2003,NDT,6.288889909038108,6.4677605628967285,5.300401902198792,6.502830028533936,8.848618507385254,7.84775661617357,4.1973154362416105,2.889863945578232,2.96,3.28,4,0.0,0.0,0,0.0,0.0,0,0.0,0.0,268,1733.039981365204,790.47,23,141.0181119441986,58.97999999999999,3,0.031099583953619,0.17,8.0,9.0,9.0,0.0124999999999999,0.0124999999999999,0.025,0.0235360746847507,NDT
dynamic,model_dynamic/summary_timeseries.csv,20,11.0,298,119200.0,1164.4004046819855,13.879943938098805,1164 ± 13.88,1139.032363654209,1208.925836470706,1.867469906373924,1.710124305191499,1.867 ± 1.71,0.0,8.682548522666567,0.3268081477122818,0.1707737807586683,0.3268 ± 0.1708,0.0416575985905069,1.0201669697958986,427.33892617449663,62.0201517493143,427.3 ± 62.02,0.0,443.0,75.93611283270305,1.39468721225567,75.94 ± 1.395,73.9570541381836,84.47716522216797,69.89347281649725,1,3,1,4,1:294; 3:2; 4:2,2,0,0.0,model_dynamic,True,mckenzie2003,NDT,6.395797082097989,6.502830028533936,5.612291264533996,6.573190689086914,9.0264892578125,7.982752969464699,4.273389261744966,2.9083783783783788,2.98,3.32,2,0.0,0.0,0,0.0,0.0,0,0.0,0.0,268,1741.1788983345032,792.8,26,164.75457108020782,68.0,2,0.0140610504895448,0.08,8.0,9.0,9.0,0.0124999999999999,0.0124999999999999,0.025,0.0237752917539524,NDT
dynamic,model_dynamic/summary_timeseries.csv,20,10.9,298,119200.0,1164.4173248675895,13.87794493796186,1164 ± 13.88,1139.0616347891128,1208.911752426103,1.8730904480105917,1.7190469474375365,1.873 ± 1.719,0.0,8.738974911523025,0.3264813472935313,0.1704512005288677,0.3265 ± 0.1705,0.0427914236896797,1.0192564337739811,426.0335570469799,61.47967592446261,426 ± 61.48,0.0,442.0,74.74619075595932,1.353524416069984,74.75 ± 1.354,72.77132415771484,82.96568298339844,69.85011763699026,1,2,1,4,1:294; 4:4,4,0,0.0,model_dynamic,True,mckenzie2003,NDT,6.370323769198168,6.4677605628967285,5.776129913330078,6.502830028533936,9.0264892578125,7.950725191487988,4.260335570469799,2.921122448979592,2.96,3.32,4,0.0,0.0,0,0.0,0.0,0,0.0,0.0,268,1733.4561667442322,790.61,26,164.9003164768219,68.19999999999999,0,0.0,0.0,8.0,9.0,9.0,0.0124999999999999,0.0124999999999999,0.025,0.0240987336557152,NDT
dynamic,model_dynamic/summary_timeseries.csv,20,10.8,298,119200.0,1164.434014113411,13.876011900114593,1164 ± 13.88,1139.09080637237,1208.8971911028386,1.8781613508425905,1.728056773944716,1.878 ± 1.728,0.0,8.793869649605515,0.3261706851669299,0.1701372493683139,0.3262 ± 0.1701,0.0439533643012673,1.0184107137902243,430.7751677852349,63.75482443230995,430.8 ± 63.75,0.0,447.0,75.01464782305212,1.436233359817991,75.01 ± 1.436,73.0159683227539,83.49646759033203,69.80638473046861,1,2,1,4,1:294; 4:4,4,0,0.0,model_dynamic,True,mckenzie2003,NDT,6.410797439165563,6.573190689086914,5.790545344352722,6.573190689086914,9.11595058441162,8.001564913254647,4.307751677852348,2.931734693877551,2.98,3.34,4,0.0,0.0,0,0.0,0.0,0,0.0,0.0,268,1747.8516898155212,794.7,26,162.56594705581665,67.23,0,0.0,0.0,8.0,9.0,9.0,0.0125,0.0125000000000014,0.025,0.0239787364487269,NDT
dynamic,model_dynamic/summary_timeseries.csv,20,10.7,298,119200.0,1164.450898739362,13.873980134383798,1164 ± 13.87,1139.1200386253447,1208.8825375384156,1.883497591843498,1.7368000262852237,1.883 ± 1.737,0.0,8.848357352826042,0.3258576967061455,0.1698240090365559,0.3259 ± 0.1698,0.0442423905517736,1.017546677224047,425.6912751677853,61.95239559412096,425.7 ± 61.95,0.0,442.0,77.7165932367312,1.3833765826262645,77.72 ± 1.383,75.76719665527344,85.98420715332031,69.76249891307089,1,2,1,4,1:294; 4:4,4,0,0.0,model_dynamic,True,mckenzie2003,NDT,6.348145872954555,6.4677605628967285,5.563023447990418,6.502830028533936,9.0264892578125,7.922402025980163,4.256912751677852,2.915170068027211,2.96,3.32,4,0.0,0.0,0,0.0,0.0,0,0.0,0.0,269,1735.9827303886414,792.4100000000001,25,155.7647397518158,64.65,0,0.0,0.0,8.0,9.0,9.0,0.0124999999999999,0.0124999999999999,0.025,0.0230987880367866,NDT
dynamic,model_dynamic/summary_timeseries.csv,20,10.6,298,119200.0,1164.4685050807957,13.871701304189788,1164 ± 13.87,1139.1495881679696,1208.868373007663,1.8901841381048892,1.7448810554817813,1.89 ± 1.745,0.0,8.903572877410236,0.3255221916501156,0.1695027661312354,0.3255 ± 0.1695,0.0442997229058008,1.0165465119758794,427.36241610738256,57.372410501737455,427.4 ± 57.37,0.0,441.0,74.12032215707254,1.2382866796175669,74.12 ± 1.238,71.40264129638672,82.76551055908203,69.7187848396934,1,3,1,4,1:294; 3:2; 4:2,2,0,0.0,model_dynamic,True,mckenzie2003,NDT,6.2550453833560615,6.29352617263794,5.959254860877991,6.397843837738037,8.89295482635498,7.804937030054482,4.273624161073825,2.8723310810810814,2.93,3.29,2,0.0,0.0,0,0.0,0.0,0,0.0,0.0,271,1710.0693616867063,787.1599999999999,23,153.91216731071472,62.93000000000001,2,0.0219952426850795,0.12,8.0,9.0,9.0,0.0124999999999999,0.0124999999999999,0.025,0.0241503093235086,NDT
dynamic,model_dynamic/summary_timeseries.csv,20,10.5,298,119200.0,1164.484879166926,13.869989232162444,1164 ± 13.87,1139.1787983148463,1208.8535809322636,1.8946335449125076,1.7540365883497429,1.895 ± 1.754,0.0,8.95573524868931,0.3252369306957215,0.1692101063472386,0.3252 ± 0.1692,0.0443539353991604,1.0157467017465005,426.51006711409394,62.269560949157686,426.5 ± 62.27,0.0,442.0,76.24207505603765,1.3715724426207618,76.24 ± 1.372,73.84645080566406,84.38431549072266,69.67478261741712,1,2,1,4,1:294; 4:4,4,0,0.0,model_dynamic,True,mckenzie2003,NDT,6.2321905557741255,6.362997055053711,5.337945532798767,6.4677605628967285,8.89295482635498,7.775226504866916,4.2651006711409405,2.8850680272108846,2.95,3.29,4,0.0,0.0,0,0.0,0.0,0,0.0,0.0,272,1729.1595449447632,793.74,22,128.0332406759262,54.470000000000006,0,0.0,0.0,8.0,9.0,9.0,0.0124999999999999,0.0124999999999999,0.025,0.0234615527988834,NDT
dynamic,model_dynamic/summary_timeseries.csv,20,10.4,298,119200.0,1164.5018586571332,13.86795922974702,1165 ± 13.87,1139.2082897247633,1208.8390120891827,1.9002800497870265,1.7622074731230064,1.9 ± 1.762,0.0,9.00860330169531,0.3249301064909876,0.1689053221588903,0.3249 ± 0.1689,0.0444095526628424,1.0148365500526753,416.66107382550337,57.78799393595698,416.7 ± 57.79,0.0,431.0,74.12863125897094,1.2662715121664718,74.13 ± 1.266,71.42975616455078,82.43489837646484,69.6307223644194,1,2,1,4,1:294; 4:4,4,0,0.0,model_dynamic,True,mckenzie2003,NDT,6.179925737765012,6.258902549743652,5.544218921661377,6.362997055053711,8.848618507385254,7.709798957104703,4.1666107382550335,2.870816326530612,2.92,3.28,4,0.0,0.0,0,0.0,0.0,0,0.0,0.0,272,1704.5441508293152,786.66,22,137.0737190246582,57.35999999999999,0,0.0,0.0,8.0,9.0,9.0,0.0124999999999999,0.0124999999999999,0.025,0.0240427455758825,NDT
dynamic,model_dynamic/summary_timeseries.csv,20,10.3,298,119200.0,1164.5181566223175,13.866178031271495,1165 ± 13.87,1139.210385799408,1208.8242612164631,1.9046589559988707,1.7707032099118556,1.905 ± 1.771,0.0,9.059385018972458,0.3246521601243317,0.168617012973122,0.3247 ± 0.1686,0.0444638446052265,1.0140475806955116,420.8859060402685,61.41136792227585,420.9 ± 61.41,0.0,436.0,76.61627417442783,1.3907142535957586,76.62 ± 1.391,73.87265014648438,84.90442657470703,69.61387541705517,1,2,1,4,1:294; 4:4,4,0,0.0,model_dynamic,True,mckenzie2003,NDT,6.292436146096096,6.4677605628967285,5.2859923362731935,6.4677605628967285,8.848618507385254,7.850940188515001,4.208859060402685,2.9026530612244894,2.95,3.28,4,0.0,0.0,0,0.0,0.0,0,0.0,0.0,272,1747.7680468559265,799.0799999999999,22,127.37792468070984,54.3,0,0.0,0.0,8.0,9.0,9.0,0.0125,0.0125000000000014,0.025,0.0232452352030436,NDT
dynamic,model_dynamic/summary_timeseries.csv,20,10.2,298,119200.0,1164.535243324655,13.864083104325625,1165 ± 13.86,1139.210385799408,1208.8096628196029,1.9104714921857595,1.7785006282356686,1.91 ± 1.779,0.0,9.111227180860023,0.3243441326730274,0.1683180832562271,0.3243 ± 0.1683,0.0445203763749781,1.0131183177068293,422.37919463087246,57.72365755010781,422.4 ± 57.72,0.0,436.0,79.46422909730232,1.2600140889307505,79.46 ± 1.26,77.45784759521484,88.23236846923828,69.5992770201949,1,3,1,4,1:294; 3:1; 4:3,3,0,0.0,model_dynamic,True,mckenzie2003,NDT,6.28346727931272,6.362997055053711,5.706365585327148,6.4677605628967285,8.981889724731445,7.840118695831661,4.223791946308725,2.881351351351351,2.95,3.31,3,0.0,0.0,0,0.0,0.0,0,0.0,0.0,272,1730.6108136177063,794.17,22,141.85540509223938,58.67,1,0.0070305252447724,0.04,8.0,9.0,9.0,0.0124999999999999,0.0124999999999999,0.025,0.0223546347895647,NDT
dynamic,model_dynamic/summary_timeseries.csv,20,10.1,298,119200.0,1164.5529403965556,13.86178918286437,1165 ± 13.86,1139.210385799408,1208.795568611681,1.9175116349497023,1.785854047059653,1.918 ± 1.786,0.0,9.164070726058164,0.3240166917363083,0.1680123220439142,0.324 ± 0.168,0.0445787777673026,1.0120440518867713,426.238255033557,47.23303942223573,426.2 ± 47.23,0.0,437.0,76.74170579846273,1.083649967642747,76.74 ± 1.084,74.32354736328125,85.39314270019531,69.5851828122727,1,2,1,4,1:296; 4:2,2,0,0.0,model_dynamic,True,mckenzie2003,NDT,6.412258265402493,6.4677605628967285,6.0466368198394775,6.4677605628967285,8.981889724731445,8.002131825423078,4.262382550335571,2.9135690235690235,2.95,3.31,2,0.0,0.0,0,0.0,0.0,0,0.0,0.0,273,1758.1483030319214,803.15,23,152.70466005802157,62.18,0,0.0,0.0,8.0,9.0,9.0,0.0124999999999999,0.0124999999999999,0.025,0.0230561742083142,NDT
dynamic,model_dynamic/summary_timeseries.csv,20,10.0,298,119200.0,1164.569648158633,13.859896240238715,1165 ± 13.86,1139.210385799408,1208.7804638957653,1.9226862342259088,1.794225050938522,1.923 ± 1.794,0.0,9.21463152432418,0.3237237295934479,0.1677248301169654,0.3237 ± 0.1677,0.044382680587492,1.0110858975561412,423.2684563758389,49.8360575202418,423.3 ± 49.84,0.0,435.0,73.78353395398031,1.1717992917190443,73.78 ± 1.172,71.73712158203125,82.39282989501953,69.57007809635729,1,2,1,4,1:296; 4:2,2,0,0.0,model_dynamic,True,mckenzie2003,NDT,6.381588797841296,6.4677605628967285,6.0224933385849,6.4677605628967285,8.89295482635498,7.963213928295794,4.23268456375839,2.9146283783783784,2.95,3.29,2,0.0,0.0,0,0.0,0.0,0,0.0,0.0,273,1759.7986536026,803.6299999999999,23,141.91480815410614,59.1,0,0.0,0.0,8.0,9.0,9.0,0.0124999999999999,0.0124999999999999,0.025,0.023960895312543,NDT
dynamic,model_dynamic/summary_timeseries.csv,20,9.9,298,119200.0,1164.5855753457158,13.858309236136108,1165 ± 13.86,1139.210385799408,1208.76506882462,1.926442312092861,1.8029895390186577,1.926 ± 1.803,0.0,9.26280417189566,0.3234615865127752,0.1674549307057195,0.3235 ± 0.1675,0.0436193419420178,1.0102971392834827,425.36241610738256,60.947795327117866,425.4 ± 60.95,0.0,440.0,76.79152349177623,1.3622059551328,76.79 ± 1.362,74.71233367919922,85.44486236572266,69.55468302521194,1,3,1,4,1:294; 3:1; 4:3,3,0,0.0,model_dynamic,True,mckenzie2003,NDT,6.356181380584299,6.502830028533936,5.441278529167176,6.502830028533936,8.981889724731445,7.930770781464865,4.253624161073826,2.9127118644067806,2.96,3.31,3,0.0,0.0,0,0.0,0.0,0,0.0,0.0,273,1770.9415955543518,806.8200000000002,21,123.19530999660492,52.40000000000001,1,0.0051458631642162,0.03,8.0,9.0,9.0,0.0124999999999999,0.0124999999999999,0.025,0.0230082745288035,NDT
dynamic,model_dynamic/summary_timeseries.csv,20,9.8,298,119200.0,1164.6025091032966,13.856285972935812,1165 ± 13.86,1139.210385799408,1208.7500697159287,1.9320280828917968,1.8106882757578917,1.932 ± 1.811,0.0,9.312154667527656,0.3231624356367148,0.167169870643715,0.3232 ± 0.1672,0.0428849358769144,1.0093533415302978,425.8154362416107,57.15652736812172,425.8 ± 57.16,0.0,440.0,74.80160750318694,1.2185193775025815,74.8 ± 1.219,72.96272277832031,83.75926971435547,69.53968391652074,1,3,1,4,1:294; 3:2; 4:2,2,0,0.0,model_dynamic,True,mckenzie2003,NDT,6.306991971366657,6.397843837738037,5.88195788860321,6.4677605628967285,8.981889724731445,7.869244160884585,4.258154362416108,2.890202702702702,2.95,3.31,2,0.0,0.0,0,0.0,0.0,0,0.0,0.0,273,1745.390862941742,799.52,21,134.0707492828369,55.86000000000001,2,0.0219952426850795,0.12,8.0,9.0,9.0,0.0125,0.0125000000000014,0.025,0.023553400645506,NDT
dynamic,model_dynamic/summary_timeseries.csv,20,9.7,298,119200.0,1164.6187919323152,13.8545771320313,1165 ± 13.85,1139.210385799408,1208.7349432785772,1.9363921765976737,1.8189207298973,1.936 ± 1.819,0.0,9.35967587481605,0.3228913055848565,0.1669033817848953,0.3229 ± 0.1669,0.0421527489870609,1.008527473656074,426.6174496644296,60.1393903584865,426.6 ± 60.14,0.0,441.0,79.373093598641,1.2999261738502814,79.37 ± 1.3,77.47427368164062,87.86392974853516,69.52455747916929,1,2,1,4,1:294; 4:4,4,0,0.0,model_dynamic,True,mckenzie2003,NDT,6.319433501102781,6.4677605628967285,5.484780311584473,6.502830028533936,9.0264892578125,7.884574502223127,4.266174496644296,2.903050847457627,2.96,3.32,4,0.0,0.0,0,0.0,0.0,0,0.0,0.0,273,1759.09566116333,803.45,21,124.09552216529846,52.95,0,0.0,0.0,8.0,9.0,9.0,0.0124999999999999,0.0124999999999999,0.025,0.0221667422285481,NDT
dynamic,model_dynamic/summary_timeseries.csv,20,9.6,298,119200.0,1164.6364539325227,13.852352656937835,1165 ± 13.85,1139.210385799408,1208.720485398962,1.943314348139336,1.8258598211558676,1.943 ± 1.826,0.0,9.409297511924564,0.3225701894420841,0.1666153398597525,0.3226 ± 0.1666,0.0414627297397982,1.0074632474936709,433.8657718120805,48.416420437992606,433.9 ± 48.42,0.0,445.0,80.00089640265344,1.0764887975962838,80 ± 1.076,77.45367431640625,88.85653686523438,69.510099599554,1,3,1,4,1:296; 3:1; 4:1,1,0,0.0,model_dynamic,True,mckenzie2003,NDT,6.426048461750975,6.4677605628967285,6.29352617263794,6.573190689086914,9.0264892578125,8.018979602983874,4.338657718120806,2.91905723905724,2.98,3.32,1,0.0,0.0,0,0.0,0.0,0,0.0,0.0,274,1771.7643022537231,808.1600000000001,22,143.19110882282257,58.76,1,0.0070305252447724,0.04,8.0,9.0,9.0,0.0124999999999999,0.0124999999999999,0.025,0.0219269038523157,NDT
dynamic,model_dynamic/summary_timeseries.csv,20,9.5,298,119200.0,1164.6539993448846,13.850207311299984,1165 ± 13.85,1139.210385799408,1208.7058606590545,1.9500511085055672,1.8331729588892625,1.95 ± 1.833,0.0,9.458681817818755,0.3222546999722362,0.1663335276958622,0.3223 ± 0.1663,0.0407870881074341,1.0063508550658895,425.5234899328859,43.28469573030015,425.5 ± 43.28,0.0,435.0,80.0464428639252,0.9790002076089148,80.05 ± 0.979,77.44422912597656,89.05816650390625,69.49547485964649,1,3,1,4,1:296; 3:1; 4:1,1,0,0.0,model_dynamic,True,mckenzie2003,NDT,6.4095561645031225,6.4677605628967285,6.258902549743652,6.4677605628967285,8.89295482635498,7.997629244191513,4.25523489932886,2.9174410774410777,2.95,3.29,1,0.0,0.0,0,0.0,0.0,0,0.0,0.0,276,1775.1666736602783,811.31,20,134.8679919242859,55.1,1,0.0130714373663067,0.07,8.0,9.0,9.0,0.0124999999999999,0.0124999999999999,0.025,0.0218159561409853,NDT
dynamic,model_dynamic/summary_timeseries.csv,20,9.4,298,119200.0,1164.6717617469978,13.847876391686134,1165 ± 13.85,1139.210385799408,1208.6910395902537,1.956913667776165,1.840419925259432,1.957 ± 1.84,0.0,9.507387515456449,0.3219295611451722,0.1660559596315303,0.3219 ± 0.1661,0.040119463122567,1.005223389351901,434.1510067114094,39.28651444334732,434.2 ± 39.29,0.0,443.0,77.58226829887236,0.9123592506351555,77.58 ± 0.9124,75.06424713134766,86.19078826904297,69.48065379084574,1,2,1,4,1:297; 4:1,1,0,0.0,model_dynamic,True,mckenzie2003,NDT,6.4266110354621935,6.4677605628967285,6.258902549743652,6.502830028533936,9.0264892578125,8.018787107511324,4.341510067114094,2.924747474747475,2.96,3.32,1,0.0,0.0,0,0.0,0.0,0,0.0,0.0,277,1783.0627727508545,814.6700000000001,20,132.06731581687927,53.98,0,0.0,0.0,8.0,9.0,9.0,0.0124999999999999,0.0124999999999999,0.025,0.0224968577661031,NDT
dynamic,model_dynamic/summary_timeseries.csv,20,9.3,298,119200.0,1164.6886503881285,13.845905532022424,1165 ± 13.85,1139.210385799408,1208.6792715408085,1.9622137740819647,1.848347331744139,1.962 ± 1.848,0.0,9.554036915913056,0.3216360646505033,0.165794951849764,0.3216 ± 0.1658,0.0394423691632455,1.0042122058252647,434.3322147651007,47.44032318842624,434.3 ± 47.44,0.0,445.0,76.51038002167772,1.062446976245106,76.51 ± 1.062,73.8164291381836,85.29947662353516,69.4688857414003,1,3,1,4,1:296; 3:1; 4:1,1,0,0.0,model_dynamic,True,mckenzie2003,NDT,6.397977470279665,6.502830028533936,6.206765580177308,6.573190689086914,9.0264892578125,7.982388944083379,4.343322147651008,2.9145454545454546,2.98,3.32,1,0.0,0.0,0,0.0,0.0,0,0.0,0.0,277,1788.218490600586,816.13,19,118.37176501750946,49.45000000000001,1,0.0070305252447724,0.04,8.0,9.0,9.0,0.0125,0.0125000000000014,0.025,0.0225595248926812,NDT
dynamic,model_dynamic/summary_timeseries.csv,20,9.2,298,119200.0,1164.705514264184,13.843894408535895,1165 ± 13.84,1139.210385799408,1208.666454310226,1.9672788881775287,1.856114402478421,1.967 ± 1.856,0.0,9.599461967528708,0.3213472054039958,0.1655490743853429,0.3213 ± 0.1655,0.038771672064366,1.0032591914093918,438.0503355704698,48.522887596398895,438.1 ± 48.52,0.0,449.0,77.1553653998663,1.0524357786083145,77.16 ± 1.052,74.58795928955078,85.85862731933594,69.45606851081811,1,2,1,4,1:296; 4:2,2,0,0.0,model_dynamic,True,mckenzie2003,NDT,6.395282571747799,6.4677605628967285,6.2310412406921385,6.502830028533936,8.981889724731445,7.979353803987268,4.3805033557047,2.922804054054054,2.96,3.31,2,0.0,0.0,0,0.0,0.0,0,0.0,0.0,276,1781.23898935318,813.07,20,124.55521702766418,52.08,0,0.0,0.0,8.0,9.0,9.0,0.0124999999999999,0.0124999999999999,0.025,0.0230022912432154,NDT
dynamic,model_dynamic/summary_timeseries.csv,20,9.1,298,119200.0,1164.7227237306238,13.841729097667804,1165 ± 13.84,1139.210385799408,1208.6533536379682,1.9728350960343155,1.8634823840810084,1.973 ± 1.863,0.0,9.64462251418098,0.3210471524208017,0.1653018057085172,0.321 ± 0.1653,0.0381253070406378,1.002288140189575,438.18791946308727,47.72795800017006,438.2 ± 47.73,0.0,449.0,78.15485469126861,1.0206391102969952,78.15 ± 1.021,76.25276947021484,87.15314483642578,69.44296783856021,1,2,1,4,1:296; 4:2,2,0,0.0,model_dynamic,True,mckenzie2003,NDT,6.417097503706913,6.4677605628967285,6.329716372489929,6.502830028533936,8.981889724731445,8.00682227403479,4.381879194630873,2.929425675675676,2.96,3.31,2,0.0,0.0,0,0.0,0.0,0,0.0,0.0,276,1786.153621673584,814.48,20,126.14143443107604,52.63,0,0.0,0.0,8.0,9.0,9.0,0.0124999999999999,0.0124999999999999,0.025,0.022635821556428,NDT
dynamic,model_dynamic/summary_timeseries.csv,20,9.0,298,119200.0,1164.7401271070194,13.839493568407848,1165 ± 13.84,1139.210385799408,1208.6399661025234,1.978784683012498,1.8706260233363377,1.979 ± 1.871,0.0,9.689710212195166,0.3207407143431056,0.165051960679004,0.3207 ± 0.1651,0.0375077347544009,1.001263523464422,434.3758389261745,45.06787967786613,434.4 ± 45.07,0.0,445.0,79.43080912340407,0.927583667322362,79.43 ± 0.9276,77.47321319580078,88.2214126586914,69.42958030311547,1,2,1,4,1:296; 4:2,2,0,0.0,model_dynamic,True,mckenzie2003,NDT,6.368130823909836,6.4677605628967285,6.104059934616089,6.4677605628967285,8.981889724731445,7.944099542409319,4.343758389261745,2.9188851351351346,2.95,3.31,2,0.0,0.0,0,0.0,0.0,0,0.0,0.0,279,1792.2189106941223,819.48,17,105.48407483100893,44.510000000000005,0,0.0,0.0,8.0,9.0,9.0,0.0124999999999999,0.0124999999999999,0.025,0.0222157634855213,NDT
dynamic,model_dynamic/summary_timeseries.csv,20,8.9,298,119200.0,1164.757781443936,13.837246911728704,1165 ± 13.84,1139.210385799408,1208.626400801185,1.985235600042436,1.877588028294198,1.985 ± 1.878,0.0,9.734841493304533,0.3204300751223046,0.1648041380551506,0.3204 ± 0.1648,0.036919874665527,1.000193541639142,424.36241610738256,41.74952714679792,424.4 ± 41.75,0.0,433.0,74.94862125063902,0.8667482147907525,74.95 ± 0.8667,72.4562759399414,83.57632446289062,69.41601500177694,1,3,1,4,1:296; 3:1; 4:1,1,0,0.0,model_dynamic,True,mckenzie2003,NDT,6.328532920881556,6.362997055053711,6.258902549743652,6.4677605628967285,8.760210990905762,7.894490542728671,4.243624161073825,2.897946127946128,2.95,3.26,1,0.0,0.0,0,0.0,0.0,0,0.0,0.0,279,1774.842885971069,814.52,17,111.04892683029176,46.10999999999999,1,0.0109976213425397,0.06,8.0,9.0,9.0,0.0124999999999999,0.0124999999999999,0.025,0.0236027606007827,NDT
dynamic,model_dynamic/summary_timeseries.csv,20,8.8,298,119200.0,1164.7740920637762,13.835519582723215,1165 ± 13.84,1139.210385799408,1208.6118870359116,1.9891888628266248,1.8856188165659216,1.989 ± 1.886,0.0,9.776891078365296,0.3201707544032771,0.1645852278436394,0.3202 ± 0.1646,0.0363237168952151,0.999360581078089,419.5503355704698,51.66820270754861,419.6 ± 51.67,0.0,431.0,75.1640889724629,1.0738948228390324,75.16 ± 1.074,73.36038208007812,83.64440155029297,69.40150123650369,1,3,1,4,1:295; 3:1; 4:2,2,0,0.0,model_dynamic,True,mckenzie2003,NDT,6.250121451089246,6.397843837738037,5.743529701232911,6.397843837738037,8.67215633392334,7.795129485714408,4.1955033557047,2.883141891891892,2.93,3.24,2,0.0,0.0,0,0.0,0.0,0,0.0,0.0,279,1776.6666812896729,815.04,16,85.85212659835815,38.28,1,0.0173845365643501,0.09,8.0,9.0,9.0,0.0125,0.0125000000000014,0.025,0.0223099142993682,NDT
dynamic,model_dynamic/summary_timeseries.csv,20,8.7,298,119200.0,1164.7906206532125,13.833691497270134,1165 ± 13.83,1139.210385799408,1208.5975796338514,1.9935564342672043,1.893112778754856,1.994 ± 1.893,0.0,9.818474310267078,0.3199034037469618,0.1643622827149621,0.3199 ± 0.1644,0.0357549653581656,0.9985326113663272,430.2248322147651,56.0143778355228,430.2 ± 56.01,0.0,443.0,77.67862601568235,1.1888750389513274,77.68 ± 1.189,75.78775787353516,86.17449188232422,69.38719383444345,1,3,1,4,1:295; 3:1; 4:2,2,0,0.0,model_dynamic,True,mckenzie2003,NDT,6.271216905622699,6.397843837738037,5.692708492279053,6.502830028533936,8.89295482635498,7.821459688726168,4.30224832214765,2.888141891891892,2.96,3.29,2,0.0,0.0,0,0.0,0.0,0,0.0,0.0,279,1789.5984234809875,818.75,16,79.21114295721054,36.06999999999999,1,0.0130714373663067,0.07,8.0,9.0,9.0,0.0124999999999999,0.0124999999999999,0.025,0.0200003712049683,NDT
dynamic,model_dynamic/summary_timeseries.csv,20,8.6,298,119200.0,1164.8079641834588,13.831558703832837,1165 ± 13.83,1139.210385799408,1208.583563303655,1.9993648650597708,1.8998604569232116,1.999 ± 1.9,0.0,9.86076918193813,0.3196072229179309,0.1641281921292419,0.3196 ± 0.1641,0.03522972601104,0.9975772916739326,428.5771812080537,47.91031627402632,428.6 ± 47.91,0.0,440.0,78.55006795281531,1.0091886950205016,78.55 ± 1.009,76.76728057861328,86.90135955810547,69.373177504247,1,2,1,4,1:296; 4:2,2,0,0.0,model_dynamic,True,mckenzie2003,NDT,6.354643872120237,6.4677605628967285,5.873302888870239,6.502830028533936,8.848618507385254,7.926763044211854,4.2857718120805375,2.914797297297297,2.96,3.28,2,0.0,0.0,0,0.0,0.0,0,0.0,0.0,279,1799.7879586219788,821.66,17,93.89591526985168,41.120000000000005,0,0.0,0.0,8.0,9.0,9.0,0.0124999999999999,0.0124999999999999,0.025,0.0199851542243682,NDT
dynamic,model_dynamic/summary_timeseries.csv,20,8.5,298,119200.0,1164.8252741210586,13.829507554838504,1165 ± 13.83,1139.210385799408,1208.569584562712,2.0052140284721527,1.9067541903690064,2.005 ± 1.907,0.0,9.902957098656016,0.3193139649181604,0.1638968880399252,0.3193 ± 0.1639,0.0347355658995956,0.9965700417135692,430.506711409396,50.289246805045,430.5 ± 50.29,0.0,441.0,79.70814711295519,1.007261583299766,79.71 ± 1.007,77.66490173339844,88.28260803222656,69.359198763304,1,3,1,4,1:295; 3:1; 4:2,2,0,0.0,model_dynamic,True,mckenzie2003,NDT,6.309142028853522,6.397843837738037,6.262532782554627,6.4677605628967285,9.0264892578125,7.8698374105821,4.305067114093959,2.899358108108108,2.95,3.32,2,0.0,0.0,0,0.0,0.0,0,0.0,0.0,279,1779.660756111145,815.91,16,100.45653796195984,42.260000000000005,1,0.0070305252447724,0.04,8.0,9.0,9.0,0.0124999999999999,0.0124999999999999,0.025,0.0193040995798998,NDT
dynamic,model_dynamic/summary_timeseries.csv,20,8.4,298,119200.0,1164.842937588471,13.82730396990912,1165 ± 13.83,1139.210385799408,1208.555672476343,2.0116251642036547,1.913347050911472,2.012 ± 1.913,0.0,9.945149380775094,0.3190103534944221,0.1636654283652577,0.319 ± 0.1637,0.0342765742277487,0.9955035051618591,437.78859060402687,44.509695844704446,437.8 ± 44.51,0.0,447.0,80.54701133062376,0.9625618102422696,80.55 ± 0.9626,78.01911926269531,89.44731903076172,69.34528667693507,1,3,1,4,1:296; 3:1; 4:1,1,0,0.0,model_dynamic,True,mckenzie2003,NDT,6.449063394187431,6.502830028533936,6.397843837738037,6.573190689086914,9.0264892578125,8.046027721982894,4.377885906040268,2.931851851851852,2.98,3.32,1,0.0,0.0,0,0.0,0.0,0,0.0,0.0,279,1811.094004154205,824.9000000000001,17,110.71588969230652,45.8,1,0.0109976213425397,0.06,8.0,9.0,9.0,0.0124999999999999,0.0124999999999999,0.025,0.0195085276281897,NDT
dynamic,model_dynamic/summary_timeseries.csv,20,8.3,298,119200.0,1164.8606308459723,13.825127817122972,1165 ± 13.83,1139.210385799408,1208.541547596962,2.0181705878054936,1.9199800581941835,2.018 ± 1.92,0.0,9.987100799779226,0.318704890422448,0.1634335270503011,0.3187 ± 0.1634,0.0338480214600718,0.9943793952843206,433.0469798657718,39.22587072114282,433 ± 39.23,0.0,441.0,78.6131892876337,0.9352867664487424,78.61 ± 0.9353,76.13939666748047,87.27998352050781,69.33116179755416,1,2,1,4,1:297; 4:1,1,0,0.0,model_dynamic,True,mckenzie2003,NDT,6.372769348573365,6.362997055053711,6.29352617263794,6.502830028533936,9.0264892578125,7.950378986805732,4.330469798657719,2.9104040404040403,2.96,3.32,1,0.0,0.0,0,0.0,0.0,0,0.0,0.0,279,1780.0198335647583,816.01,18,119.06543231010436,48.38,0,0.0,0.0,8.0,9.0,9.0,0.0125,0.0125000000000014,0.025,0.0196091062574057,NDT
dynamic,model_dynamic/summary_timeseries.csv,20,8.2,298,119200.0,1164.8776470840007,13.82317635090472,1165 ± 13.82,1139.210385799408,1208.5268508578297,2.023492249644207,1.9271306804802493,2.023 ± 1.927,0.0,10.02749059186707,0.3184240158281924,0.1632153498438105,0.3184 ± 0.1632,0.0334318989368961,0.993351392801252,431.5,49.0134380970562,431.5 ± 49.01,0.0,441.0,80.01499462767735,1.024283713822845,80.01 ± 1.024,77.5302505493164,88.72199249267578,69.3164650584215,1,3,1,4,1:295; 3:1; 4:2,2,0,0.0,model_dynamic,True,mckenzie2003,NDT,6.3121623073098245,6.362997055053711,6.29352617263794,6.397843837738037,8.760210990905762,7.873948044687149,4.315,2.899155405405405,2.93,3.26,2,0.0,0.0,0,0.0,0.0,0,0.0,0.0,279,1771.8874497413635,813.69,16,109.11953330039978,44.370000000000005,1,0.0173845365643501,0.09,8.0,9.0,9.0,0.0124999999999999,0.0124999999999999,0.025,0.0190973127399941,NDT
dynamic,model_dynamic/summary_timeseries.csv,20,8.1,298,119200.0,1164.8951817081145,13.821057564201984,1165 ± 13.82,1139.210385799408,1208.512457721287,2.029692787142663,1.933729718803602,2.03 ± 1.934,0.0,10.067934915964514,0.3181254209926404,0.1629929348148138,0.3181 ± 0.163,0.033054327580637,0.9922593164647656,431.62080536912754,43.74438222826548,431.6 ± 43.74,0.0,441.0,79.66555335537699,0.9402241878889424,79.67 ± 0.9402,77.52984619140625,88.07029724121094,69.30207192187913,1,2,1,4,1:296; 4:2,2,0,0.0,model_dynamic,True,mckenzie2003,NDT,6.387118269133088,6.4677605628967285,6.29352617263794,6.502830028533936,9.0264892578125,7.967974829066782,4.316208053691274,2.9233445945945946,2.96,3.32,2,0.0,0.0,0,0.0,0.0,0,0.0,0.0,280,1794.671941757202,821.3,16,108.689302444458,44.010000000000005,0,0.0,0.0,8.0,9.0,9.0,0.0124999999999999,0.0124999999999999,0.025,0.0138058808576953,NDT
dynamic,model_dynamic/summary_timeseries.csv,20,8.0,298,119200.0,1164.9125252852812,13.81901196668112,1165 ± 13.82,1139.210385799408,1208.4979132595972,2.0355573729360907,1.940487046391508,2.036 ± 1.94,0.0,10.1076151566493,0.3178330082613305,0.162774320415047,0.3178 ± 0.1628,0.0327030020823335,0.9911688556986658,441.0704697986577,45.30595173037862,441.1 ± 45.31,0.0,450.0,80.63824977490727,0.97021547034653,80.64 ± 0.9702,78.53262329101562,89.14903259277344,69.28752746018927,1,2,1,4,1:296; 4:2,2,0,0.0,model_dynamic,True,mckenzie2003,NDT,6.378993816823767,6.397843837738037,6.362997055053711,6.4677605628967285,8.981889724731445,7.957755044374644,4.410704697986578,2.920743243243243,2.95,3.31,2,0.0,0.0,0,0.0,0.0,0,0.0,0.0,280,1792.5639576911926,820.72,16,108.37619972229004,43.81999999999999,0,0.0,0.0,8.0,9.0,9.0,0.0124999999999999,0.0124999999999999,0.025,0.0136116667406366,NDT
dynamic,model_dynamic/summary_timeseries.csv,20,7.9,298,119200.0,1164.9302301222303,13.816824077918326,1165 ± 13.82,1139.210385799408,1208.4833749109218,2.0419855765759114,1.9469709268129407,2.042 ± 1.947,0.0,10.147184567359782,0.3175279445049894,0.1625502394940439,0.3175 ± 0.1626,0.0323884519793614,0.990028707540936,441.7852348993289,43.7612595303549,441.8 ± 43.76,0.0,450.0,82.7405756239923,0.949327435631142,82.74 ± 0.9493,80.23491668701172,91.39147186279295,69.27298911151388,1,2,1,4,1:296; 4:2,2,0,0.0,model_dynamic,True,mckenzie2003,NDT,6.3995557939446215,6.397843837738037,6.362997055053711,6.4677605628967285,9.11595058441162,7.983773595490437,4.417852348993288,2.9267229729729727,2.95,3.34,2,0.0,0.0,0,0.0,0.0,0,0.0,0.0,280,1793.5737323760986,821.01,16,113.4938942193985,45.3,0,0.0,0.0,8.0,9.0,9.0,0.0125,0.0125000000000005,0.025,0.0138493850692125,NDT
dynamic,model_dynamic/summary_timeseries.csv,20,7.8,298,119200.0,1164.948465070085,13.814487701386623,1165 ± 13.81,1139.210385799408,1208.469054837804,2.0493968724172373,1.9530077501420116,2.049 ± 1.953,0.0,10.187109219004514,0.3172066646870791,0.1623177366071813,0.3172 ± 0.1623,0.0321252133289361,0.9887764244584202,440.4261744966443,40.3775336163069,440.4 ± 40.38,0.0,448.0,83.20926392318418,0.8653411471004657,83.21 ± 0.8653,80.8309097290039,91.94686126708984,69.25866903839596,1,3,1,4,1:296; 3:1; 4:1,1,0,0.0,model_dynamic,True,mckenzie2003,NDT,6.387327301887883,6.362997055053711,6.29352617263794,6.502830028533936,8.89295482635498,7.968756530609041,4.404261744966442,2.912929292929293,2.96,3.29,1,0.0,0.0,0,0.0,0.0,0,0.0,0.0,280,1779.4349269866943,816.9599999999999,16,123.97553753852844,48.11,1,0.0130714373663067,0.07,8.0,9.0,9.0,0.0124999999999999,0.0124999999999999,0.025,0.0139718387228186,NDT
dynamic,model_dynamic/summary_timeseries.csv,20,7.7,298,119200.0,1164.966715653429,13.812142773503597,1165 ± 13.81,1139.210385799408,1208.4544905155262,2.056820861191653,1.9590739224706009,2.057 ± 1.959,0.0,10.22669837835202,0.3168858746157154,0.1620872708365824,0.3169 ± 0.1621,0.0318952036747748,0.9874868038074602,441.9463087248322,34.82781909650363,441.9 ± 34.83,0.0,448.0,80.75647297801588,0.8202930768832678,80.76 ± 0.8203,78.54750061035156,89.45838165283203,69.24410471611827,1,2,1,4,1:297; 4:1,1,0,0.0,model_dynamic,True,mckenzie2003,NDT,6.56471508821385,6.502830028533936,6.4677605628967285,6.573190689086914,9.0264892578125,8.191948774094872,4.419463087248323,2.965050505050505,2.98,3.32,1,0.0,0.0,0,0.0,0.0,0,0.0,0.0,280,1825.97868680954,830.2700000000001,17,130.30640947818756,50.35,0,0.0,0.0,8.0,9.0,9.0,0.0125,0.0125000000000005,0.025,0.0141221732880517,NDT
dynamic,model_dynamic/summary_timeseries.csv,20,7.6,298,119200.0,1164.9841869668185,13.810004616628888,1165 ± 13.81,1139.210385799408,1208.4391332921905,2.062761427218772,1.965850661732724,2.063 ± 1.966,0.0,10.264750003706371,0.3165862176880137,0.1618703439317516,0.3166 ± 0.1619,0.031668296894486,0.986285935396961,440.258389261745,42.03438605271095,440.3 ± 42.03,0.0,448.0,83.08161570401799,0.9269972940698148,83.08 ± 0.927,80.99432373046875,91.72171020507812,69.22874749278253,1,3,1,4,1:296; 3:1; 4:1,1,0,0.0,model_dynamic,True,mckenzie2003,NDT,6.413215527623492,6.397843837738037,6.362997055053711,6.4677605628967285,9.0264892578125,8.001303075171982,4.40258389261745,2.9194612794612795,2.95,3.32,1,0.0,0.0,0,0.0,0.0,0,0.0,0.0,280,1787.814054965973,819.37,16,123.3067877292633,47.620000000000005,1,0.0173845365643501,0.09,8.0,9.0,9.0,0.0124999999999999,0.0124999999999999,0.025,0.0138823738596264,NDT
dynamic,model_dynamic/summary_timeseries.csv,20,7.5,298,119200.0,1165.0023537319953,13.807670386935822,1165 ± 13.81,1139.210385799408,1208.424253031259,2.069979747687817,1.971868820514936,2.07 ± 1.972,0.0,10.303169923617668,0.3162664184992464,0.1616438160978658,0.3163 ± 0.1616,0.031498908793553,0.9849762099060912,440.0302013422819,34.67455250229813,440 ± 34.67,0.0,446.0,81.26535471973803,0.830996766592011,81.27 ± 0.831,78.86492156982422,90.11034393310548,69.21386723185105,1,2,1,4,1:297; 4:1,1,0,0.0,model_dynamic,True,mckenzie2003,NDT,6.551776880385892,6.573190689086914,6.4677605628967285,6.573190689086914,9.0264892578125,8.17479113118066,4.400302013422818,2.963501683501684,2.98,3.32,1,0.0,0.0,0,0.0,0.0,0,0.0,0.0,282,1839.6329922676089,836.34,15,112.79651808738708,43.82,0,0.0,0.0,8.0,9.0,9.0,0.0124999999999999,0.0124999999999999,0.025,0.0140641296951618,NDT
dynamic,model_dynamic/summary_timeseries.csv,20,7.4,298,119200.0,1165.019910062564,13.805466802534012,1165 ± 13.81,1139.210385799408,1208.4087005217684,2.0760360429764804,1.9784558673632475,2.076 ± 1.978,0.0,10.340300049472646,0.3159643606755715,0.1614284055066837,0.316 ± 0.1614,0.031342852998728,0.9837264928808463,443.5469798657718,37.720974986949074,443.5 ± 37.72,0.0,450.0,82.18010296917602,0.8944375186016676,82.18 ± 0.8944,79.70040893554688,90.63778686523438,69.19831472236046,1,2,1,4,1:297; 4:1,1,0,0.0,model_dynamic,True,mckenzie2003,NDT,6.492363482713699,6.502830028533936,6.4677605628967285,6.573190689086914,9.11595058441162,8.099508399222753,4.435469798657718,2.947070707070707,2.98,3.34,1,0.0,0.0,0,0.0,0.0,0,0.0,0.0,283,1835.2313256263733,836.2,14,99.49299222230913,39.08,0,0.0,0.0,8.0,9.0,9.0,0.0125,0.0125000000000005,0.025,0.0136781836148492,NDT
dynamic,model_dynamic/summary_timeseries.csv,20,7.3,298,119200.0,1165.0377337271293,13.8032059432802,1165 ± 13.8,1139.210385799408,1208.393293747733,2.0825758896905384,1.984692434807317,2.083 ± 1.985,0.0,10.377196219710502,0.31565380926263,0.1612092971208321,0.3157 ± 0.1612,0.0312307713114682,0.982427647040162,445.96308724832215,36.15155431042352,446 ± 36.15,0.0,452.0,83.94321946009694,0.8149403769613244,83.94 ± 0.8149,81.52433013916016,92.09429931640624,69.18290794832501,1,2,1,4,1:297; 4:1,1,0,0.0,model_dynamic,True,mckenzie2003,NDT,6.521435563196272,6.502830028533936,6.4677605628967285,6.573190689086914,9.160812377929688,8.136175907562468,4.459630872483222,2.955622895622896,2.98,3.35,1,0.0,0.0,0,0.0,0.0,0,0.0,0.0,283,1840.135709285736,837.61,14,103.25208854675292,40.21,0,0.0,0.0,8.0,9.0,9.0,0.0124999999999999,0.0124999999999999,0.025,0.0140448478347792,NDT
dynamic,model_dynamic/summary_timeseries.csv,20,7.2,298,119200.0,1165.0559842842051,13.800815752551678,1165 ± 13.8,1139.210385799408,1208.3781062669657,2.089905974425091,1.9905485564355088,2.09 ± 1.991,0.0,10.41437621708534,0.3153313106000123,0.1609862278195052,0.3153 ± 0.161,0.031171662365761,0.9810394786428732,447.5302013422819,33.28815760705619,447.5 ± 33.29,0.0,453.0,82.73166372311995,0.7417469067248684,82.73 ± 0.7417,80.30804443359375,91.0517807006836,69.16772046755773,1,2,1,4,1:297; 4:1,1,0,0.0,model_dynamic,True,mckenzie2003,NDT,6.559797911035934,6.573190689086914,6.4677605628967285,6.608481407165527,9.160812377929688,8.18412734400055,4.475302013422819,2.9680808080808085,2.99,3.35,1,0.0,0.0,0,0.0,0.0,0,0.0,0.0,284,1854.972685813904,842.9300000000001,13,99.84709167480467,38.59,0,0.0,0.0,8.0,9.0,9.0,0.0125,0.0125000000000005,0.025,0.014026183360958,NDT
dynamic,model_dynamic/summary_timeseries.csv,20,7.1,298,119200.0,1165.0737842469698,13.798566766121256,1165 ± 13.8,1139.210385799408,1208.3624868656482,2.096375075747338,1.9968376594382675,2.096 ± 1.997,0.0,10.45092620577358,0.3150222289944095,0.1607713087208645,0.315 ± 0.1608,0.0311327785265005,0.9796879224266828,448.2751677852349,35.08328710893296,448.3 ± 35.08,0.0,454.0,84.67295194792267,0.8077360809621186,84.67 ± 0.8077,82.24162292480469,93.21929168701172,69.15210106624022,1,2,1,4,1:297; 4:1,1,0,0.0,model_dynamic,True,mckenzie2003,NDT,6.490315201698533,6.502830028533936,6.397843837738037,6.573190689086914,9.160812377929688,8.096215703188939,4.482751677852349,2.9492255892255894,2.98,3.35,1,0.0,0.0,0,0.0,0.0,0,0.0,0.0,285,1846.287856578827,841.5600000000001,12,87.82607352733612,34.36000000000001,0,0.0,0.0,8.0,9.0,9.0,0.0124999999999999,0.0124999999999999,0.025,0.0144330318591672,NDT
dynamic,model_dynamic/summary_timeseries.csv,20,7.0,298,119200.0,1165.0922088333568,13.796060234124392,1165 ± 13.8,1139.210385799408,1208.3472815377413,2.1039356178225885,2.002521593279853,2.104 ± 2.003,0.0,10.487638874674085,0.3146957943406127,0.160548949995969,0.3147 ± 0.1605,0.0311491685799434,0.9782398031028626,449.1677852348993,31.97322761868999,449.2 ± 31.97,0.0,454.0,83.51407072848122,0.6866147847799955,83.51 ± 0.6866,81.71392822265625,92.14097595214844,69.13689573833335,1,2,1,4,1:297; 4:1,1,0,0.0,model_dynamic,True,mckenzie2003,NDT,6.60840861749329,6.608481407165527,6.502830028533936,6.608481407165527,9.160812377929688,8.244852443040344,4.491677852348993,2.983299663299664,2.99,3.35,1,0.0,0.0,0,0.0,0.0,0,0.0,0.0,285,1876.3092312812803,850.1200000000001,12,92.99653673171996,35.92,0,0.0,0.0,8.0,9.0,9.0,0.0124999999999999,0.0124999999999999,0.025,0.0140864284110356,NDT
dynamic,model_dynamic/summary_timeseries.csv,20,6.9,298,119200.0,1165.1101908901326,13.793645106660474,1165 ± 13.79,1139.210385799408,1208.331513251865,2.1106280895122627,2.008609533020573,2.111 ± 2.009,0.0,10.523401373943209,0.314375504731443,0.1603280670308458,0.3144 ± 0.1603,0.0311861868242507,0.9768229549948968,446.3859060402685,33.273557068910094,446.4 ± 33.27,0.0,452.0,83.269822114266,0.7363575087245325,83.27 ± 0.7364,81.3909683227539,91.56623840332033,69.12112745245713,1,2,1,4,1:297; 4:1,1,0,0.0,model_dynamic,True,mckenzie2003,NDT,6.4614449843464286,6.397843837738037,6.362997055053711,6.608481407165527,9.11595058441162,8.059528433154576,4.463859060402685,2.9423569023569027,2.99,3.34,1,0.0,0.0,0,0.0,0.0,0,0.0,0.0,286,1844.485716342926,842.14,11,81.02488899230957,31.739999999999995,0,0.0,0.0,8.0,9.0,9.0,0.0125,0.0125000000000005,0.025,0.0138577935352648,NDT
dynamic,model_dynamic/summary_timeseries.csv,20,6.8,298,119200.0,1165.128097620166,13.791191204299778,1165 ± 13.79,1139.210385799408,1208.3156619021884,2.117141456604961,2.014571042490275,2.117 ± 2.015,0.0,10.558474749952724,0.3140561003935135,0.1601083880909317,0.3141 ± 0.1601,0.0312583750478226,0.9754207553551028,446.9161073825503,33.46093097369009,446.9 ± 33.46,0.0,452.0,81.35930477372752,0.7337816124599882,81.36 ± 0.7338,79.4847183227539,89.55026245117188,69.10527610278041,1,2,1,4,1:297; 4:1,1,0,0.0,model_dynamic,True,mckenzie2003,NDT,6.390263744648671,6.397843837738037,6.362997055053711,6.4677605628967285,9.160812377929688,7.969602720902303,4.469161073825503,2.922929292929293,2.95,3.35,1,0.0,0.0,0,0.0,0.0,0,0.0,0.0,287,1831.7051129341123,839.5999999999999,10,72.5934829711914,28.51,0,0.0,0.0,8.0,9.0,9.0,0.0124999999999999,0.0124999999999999,0.025,0.0141850953872913,NDT
dynamic,model_dynamic/summary_timeseries.csv,20,6.7,298,119200.0,1165.1454135491783,13.78891856790981,1165 ± 13.79,1139.210385799408,1208.299639615157,2.122556586796572,2.0209339407667257,2.123 ± 2.021,0.0,10.592271702072154,0.3137580078056795,0.1599018770435328,0.3138 ± 0.1599,0.0313481031561887,0.9741130782072296,451.6979865771812,37.47280082026504,451.7 ± 37.47,0.0,458.0,84.76721933864107,0.8595305631647457,84.77 ± 0.8595,82.92036437988281,93.25067901611328,69.08925381574909,1,2,1,4,1:297; 4:1,1,0,0.0,model_dynamic,True,mckenzie2003,NDT,6.570777694450929,6.608481407165527,6.4677605628967285,6.679284572601318,9.250797271728516,8.19642954841317,4.516979865771812,2.973636363636364,3.01,3.37,1,0.0,0.0,0,0.0,0.0,0,0.0,0.0,287,1890.0874452590945,856.24,10,68.00430768728256,26.930000000000003,0,0.0,0.0,8.0,9.0,9.0,0.0125,0.0125000000000005,0.025,0.0144189074372167,NDT
dynamic,model_dynamic/summary_timeseries.csv,20,6.6,298,119200.0,1165.163767900722,13.786270159178564,1165 ± 13.79,1139.210385799408,1208.2841522322303,2.12984105164482,2.0263643255623545,2.13 ± 2.026,0.0,10.626916682835256,0.3134262941118617,0.1596809517420831,0.3134 ± 0.1597,0.0315041732580504,0.9726331925508938,451.520134228188,31.64401293048021,451.5 ± 31.64,0.0,456.0,85.39893438352034,0.657492125237829,85.4 ± 0.6575,83.61090850830078,93.79591369628906,69.07376643282237,1,2,1,4,1:297; 4:1,1,0,0.0,model_dynamic,True,mckenzie2003,NDT,6.559732816363341,6.573190689086914,6.502830028533936,6.608481407165527,9.160812377929688,8.182321468323545,4.51520134228188,2.972929292929293,2.99,3.35,1,0.0,0.0,0,0.0,0.0,0,0.0,0.0,288,1887.5449981689453,856.63,9,67.25538110733032,26.33,0,0.0,0.0,8.0,9.0,9.0,0.0124999999999999,0.0124999999999999,0.025,0.0146157013880035,NDT
dynamic,model_dynamic/summary_timeseries.csv,20,6.5,298,119200.0,1165.182161320676,13.78368356894019,1165 ± 13.78,1139.210385799408,1208.2686973426123,2.1371755968127384,2.0318853357233664,2.137 ± 2.032,0.0,10.661293496186662,0.313093278948604,0.1594614388178982,0.3131 ± 0.1595,0.0316994781846386,0.9711157976935604,454.6107382550336,31.417135368409912,454.6 ± 31.42,0.0,459.0,83.84500516341036,0.6412499382844343,83.85 ± 0.6412,81.94441223144531,92.316162109375,69.05831154320435,1,2,1,4,1:297; 4:1,1,0,0.0,model_dynamic,True,mckenzie2003,NDT,6.671407453965821,6.679284572601318,6.66866409778595,6.679284572601318,9.250797271728516,8.322776308688777,4.546107382550336,3.0045791245791245,3.01,3.37,1,0.0,0.0,0,0.0,0.0,0,0.0,0.0,288,1919.7046313285828,865.7499999999999,9,68.37478995323181,26.610000000000003,0,0.0,0.0,8.0,9.0,9.0,0.0124999999999999,0.0124999999999999,0.025,0.0141283789094097,NDT
dynamic,model_dynamic/summary_timeseries.csv,20,6.4,298,119200.0,1165.199955340013,13.78125554929474,1165 ± 13.78,1139.210385799408,1208.2526622539208,2.143430878324437,2.037855907093628,2.143 ± 2.038,0.0,10.694633327065958,0.3127768631053637,0.1592520452516623,0.3128 ± 0.1593,0.0319123162060445,0.969647181396351,449.506711409396,32.66642913666684,449.5 ± 32.67,0.0,454.0,85.79859430197901,0.6943288380072348,85.8 ± 0.6943,84.08152770996094,94.10441589355467,69.04227645451283,1,2,1,4,1:297; 4:1,1,0,0.0,model_dynamic,True,mckenzie2003,NDT,6.580483643000558,6.608481407165527,6.502830028533936,6.608481407165527,9.160812377929688,8.208338697123134,4.495067114093961,2.978754208754209,2.99,3.35,1,0.0,0.0,0,0.0,0.0,0,0.0,0.0,288,1895.9506940841677,859.0400000000001,9,65.03343152999878,25.65,0,0.0,0.0,8.0,9.0,9.0,0.0125,0.0125000000000005,0.025,0.0147177862098782,NDT
dynamic,model_dynamic/summary_timeseries.csv,20,6.3,298,119200.0,1165.2183156246576,13.77869719345931,1165 ± 13.78,1139.210385799408,1208.2371110657004,2.1507064183625104,2.04324016124373,2.151 ± 2.043,0.0,10.72811304584314,0.312443880120948,0.1590370493176285,0.3124 ± 0.159,0.0321762771319551,0.9680944609607064,454.6409395973154,30.699265481939136,454.6 ± 30.7,0.0,459.0,80.40105013239304,0.5978026208612198,80.4 ± 0.5978,78.11936950683594,88.40789794921875,69.02672526629249,1,2,1,4,1:297; 4:1,1,0,0.0,model_dynamic,True,mckenzie2003,NDT,6.655786217459096,6.679284572601318,6.679284572601318,6.679284572601318,9.250797271728516,8.302256988098533,4.546409395973154,3.002525252525252,3.01,3.37,1,0.0,0.0,0,0.0,0.0,0,0.0,0.0,290,1931.9441142082212,871.4299999999998,7,51.48017859458923,20.32,0,0.0,0.0,8.0,9.0,9.0,0.0124999999999999,0.0124999999999999,0.025,0.0149387611976537,NDT
dynamic,model_dynamic/summary_timeseries.csv,20,6.2,298,119200.0,1165.2348400283638,13.776737370910958,1165 ± 13.78,1139.210385799408,1208.2204466159317,2.154786579141391,2.050071634421719,2.155 ± 2.05,0.0,10.759178803163612,0.3121545235873288,0.1588451090839407,0.3122 ± 0.1588,0.0324240258847466,0.9667799777372188,454.0973154362416,43.10102763736781,454.1 ± 43.1,0.0,460.0,83.29883268215512,0.871983451057376,83.3 ± 0.872,81.47256469726562,91.58865356445312,69.01006081652349,1,3,1,4,1:296; 3:1; 4:1,1,0,0.0,model_dynamic,True,mckenzie2003,NDT,6.598944636424316,6.679284572601318,6.608481407165527,6.679284572601318,9.250797271728516,8.230457296046698,4.540973154362417,2.982996632996633,3.01,3.37,1,0.0,0.0,0,0.0,0.0,0,0.0,0.0,290,1927.6302428245544,870.2199999999999,6,38.83787429332733,15.64,1,0.0173845365643501,0.09,8.0,9.0,9.0,0.0125,0.0125000000000005,0.025,0.013731793453314,NDT
dynamic,model_dynamic/summary_timeseries.csv,20,6.1,298,119200.0,1165.2523117435803,13.774500182473668,1165 ± 13.77,1139.210385799408,1208.2045622013577,2.1605627864679158,2.0559535315907267,2.161 ± 2.056,0.0,10.790760392948094,0.3118372110754603,0.1586406646074421,0.3118 ± 0.1586,0.0327301749112312,0.9653379173389184,459.01677852349,34.089741224247845,459 ± 34.09,0.0,464.0,87.40014197842386,0.7102362391832948,87.4 ± 0.7102,85.62561798095703,95.6073989868164,68.99417640194952,1,2,1,4,1:297; 4:1,1,0,0.0,model_dynamic,True,mckenzie2003,NDT,6.578017233202122,6.608481407165527,6.573190689086914,6.750381946563721,9.341132164001465,8.204304742103892,4.5901677852348985,2.9801683501683507,3.03,3.39,1,0.0,0.0,0,0.0,0.0,0,0.0,0.0,290,1913.994800567627,866.3700000000001,7,46.254334926605225,18.74,0,0.0,0.0,8.0,9.0,9.0,0.0124999999999999,0.0124999999999999,0.025,0.0152808958580074,NDT
dynamic,model_dynamic/summary_timeseries.csv,20,6.0,298,119200.0,1165.270845181915,13.771936706310234,1165 ± 13.77,1139.210385799408,1208.189412840241,2.168331321850169,2.0609237999537795,2.168 ± 2.061,0.0,10.823288163061772,0.311490513092202,0.1584214514699225,0.3115 ± 0.1584,0.0327577659406524,0.9637128797509332,464.4664429530201,29.883451708347465,464.5 ± 29.88,0.0,468.0,87.13712221184034,0.5368409333667242,87.14 ± 0.5368,85.19185638427734,95.20303344726562,68.97902704083299,1,2,1,4,1:297; 4:1,1,0,0.0,model_dynamic,True,mckenzie2003,NDT,6.750336387813491,6.750381946563721,6.750381946563721,6.750381946563721,9.386429786682127,8.42132271380217,4.644664429530201,3.028855218855219,3.03,3.4,1,0.0,0.0,0,0.0,0.0,0,0.0,0.0,290,1955.093159198761,877.98,7,56.507084369659424,21.59,0,0.0,0.0,8.0,9.0,9.0,0.0124999999999999,0.0124999999999999,0.025,0.0151177302360262,NDT
dynamic,model_dynamic/summary_timeseries.csv,20,5.9,298,119200.0,1165.2890903647128,13.76942279935551,1165 ± 13.77,1139.210385799408,1208.1738721191898,2.175565448595916,2.066274947997736,2.176 ± 2.066,0.0,10.855313189993575,0.3111494762505833,0.1582067156458581,0.3111 ± 0.1582,0.0323132257682832,0.962072973642654,459.4530201342282,30.10885409486112,459.5 ± 30.11,0.0,463.0,88.40077229954252,0.5671624485310189,88.4 ± 0.5672,86.51757049560547,96.59613800048828,68.96348631978185,1,2,1,4,1:297; 4:1,1,0,0.0,model_dynamic,True,mckenzie2003,NDT,6.639633191511935,6.679284572601318,6.573190689086914,6.750381946563721,9.11595058441162,8.281571416242182,4.594530201342282,2.9989898989898998,3.03,3.34,1,0.0,0.0,0,0.0,0.0,0,0.0,0.0,291,1933.6402206420896,873.0500000000001,6,44.9704704284668,17.65,0,0.0,0.0,8.0,9.0,9.0,0.0125,0.0125000000000005,0.025,0.0163553990814145,NDT
dynamic,model_dynamic/summary_timeseries.csv,20,5.8,298,119200.0,1165.3077231039802,13.76680986583284,1165 ± 13.77,1139.210385799408,1208.1585715015922,2.1834467670280606,2.07125133734606,2.183 ± 2.071,0.009562127770531,10.887160468212295,0.3107975694669593,0.1579854146556816,0.3108 ± 0.158,0.0318767710801363,0.9603754598343558,461.9194630872484,22.29064172330077,461.9 ± 22.29,136.0,465.0,85.89342122429969,0.5201834718434104,85.89 ± 0.5202,83.43204498291016,93.81635284423828,68.94818570218422,1,1,1,1,1:298,0,0,0.0,model_dynamic,True,mckenzie2003,NDT,6.606759380174164,6.608481407165527,6.573190689086914,6.750381946563721,9.341132164001465,8.239853500095261,4.6191946308724825,2.9824161073825506,3.03,3.39,0,0.0,0.0,0,0.0,0.0,0,0.0,0.0,292,1929.1831378936768,872.9100000000001,6,39.63115739822388,15.85,0,0.0,0.0,8.0,9.0,9.0,0.0124999999999999,0.0124999999999999,0.025,0.0168003063248836,NDT
dynamic,model_dynamic/summary_timeseries.csv,20,5.7,298,119200.0,1165.325476080791,13.764411843789413,1165 ± 13.76,1139.210385799408,1208.1422364825894,2.1896900012374645,2.0769171977136933,2.19 ± 2.077,0.0193247179292945,10.917751055339702,0.3104720104519497,0.1577775966705978,0.3105 ± 0.1578,0.0314285040240579,0.9587632559629168,467.1140939597315,21.085326874724764,467.1 ± 21.09,226.0,470.0,87.59237117895344,0.5030005674821995,87.59 ± 0.503,85.79354095458984,93.77729034423828,68.93185068318144,1,1,1,1,1:298,0,0,0.0,model_dynamic,True,mckenzie2003,NDT,6.76117369632593,6.786040782928467,6.786040782928467,6.786040782928467,9.386429786682127,8.433907359678946,4.671140939597316,3.026946308724832,3.04,3.4,0,0.0,0.0,0,0.0,0.0,0,0.0,0.0,292,1977.9036226272583,886.6399999999998,6,36.92613887786865,15.39,0,0.0,0.0,8.0,9.0,9.0,0.0125,0.0125000000000005,0.025,0.0167538632864804,NDT
dynamic,model_dynamic/summary_timeseries.csv,20,5.6,298,119200.0,1165.3436925863837,13.76187959952793,1165 ± 13.76,1139.210385799408,1208.1262044832822,2.196791680200144,2.082120535130566,2.197 ± 2.082,0.028851216160247,10.948473396725346,0.3101324469443015,0.1575619604435538,0.3101 ± 0.1576,0.0309905463583669,0.9570647641460652,466.7181208053692,16.093302011178125,466.7 ± 16.09,291.0,469.0,88.57285667265822,0.3164874732698988,88.57 ± 0.3165,86.75544738769531,92.58080291748048,68.91581868387425,1,1,1,1,1:298,0,0,0.0,model_dynamic,True,mckenzie2003,NDT,6.764486847307858,6.786040782928467,6.679284572601318,6.786040782928467,9.386429786682127,8.438244128757717,4.667181208053692,3.0281208053691278,3.04,3.4,0,0.0,0.0,0,0.0,0.0,0,0.0,0.0,292,1973.422656059265,885.3899999999999,6,42.39442443847656,16.99,0,0.0,0.0,8.0,9.0,9.0,0.0124999999999999,0.0124999999999999,0.025,0.0169186931217692,NDT
dynamic,model_dynamic/summary_timeseries.csv,20,5.5,298,119200.0,1165.3621274587392,13.75926683177574,1165 ± 13.76,1139.210385799408,1208.1102712893094,2.204243845651112,2.087196915174742,2.204 ± 2.087,0.0316022653920217,10.979047535445767,0.3097860465892594,0.157343833064409,0.3098 ± 0.1573,0.0305595027510987,0.9553136703376948,464.9765100671141,14.688354923908395,465 ± 14.69,304.0,467.0,89.80005999059485,0.2837297745264432,89.8 ± 0.2837,87.44696044921875,93.07056427001952,68.89988548990141,1,1,1,1,1:298,0,0,0.0,model_dynamic,True,mckenzie2003,NDT,6.691682498727069,6.750381946563721,6.4677605628967285,6.750381946563721,9.386429786682127,8.346274142878555,4.649765100671141,3.008724832214765,3.03,3.4,0,0.0,0.0,0,0.0,0.0,0,0.0,0.0,293,1959.730211734772,882.6400000000001,5,34.391172885894775,13.96,0,0.0,0.0,8.0,9.0,9.0,0.0124999999999999,0.0124999999999999,0.025,0.0167750902110563,NDT
dynamic,model_dynamic/summary_timeseries.csv,20,5.4,298,119200.0,1165.3809246334374,13.756513492031054,1165 ± 13.76,1139.210385799408,1208.094408959058,2.212286003298386,2.0920005976216274,2.212 ± 2.092,0.0356481708549113,11.009093381143446,0.3094299531892157,0.1571201466755935,0.3094 ± 0.1571,0.0303368652950349,0.9535015956576274,467.3187919463088,12.804769817698029,467.3 ± 12.8,324.0,470.0,91.28644717939748,0.2028540095482615,91.29 ± 0.2029,89.50021362304688,93.37677001953124,68.88402315965004,1,1,1,1,1:298,0,0,0.0,model_dynamic,True,mckenzie2003,NDT,6.622548828189005,6.608481407165527,6.573190689086914,6.750381946563721,9.386429786682127,8.259440268140446,4.673187919463087,2.989026845637584,3.03,3.4,0,0.0,0.0,0,0.0,0.0,0,0.0,0.0,293,1936.2066416740415,876.0300000000001,5,37.31290912628174,14.7,0,0.0,0.0,8.0,9.0,9.0,0.0125,0.0125000000000005,0.025,0.0166661105673952,NDT
dynamic,model_dynamic/summary_timeseries.csv,20,5.3,298,119200.0,1165.4001245004583,13.753657682169507,1165 ± 13.75,1139.210385799408,1208.0786733260982,2.220999093560793,2.0964992714513757,2.221 ± 2.096,0.0396158496934327,11.039077616460531,0.3090612589863693,0.156893869543893,0.3091 ± 0.1569,0.030003467733692,0.9516204261010436,469.56375838926175,10.942081901736472,469.6 ± 10.94,344.0,471.0,87.0631124253241,0.1917285132362937,87.06 ± 0.1917,85.10072326660156,88.17585754394531,68.86828752669021,1,1,1,1,1:298,0,0,0.0,model_dynamic,True,mckenzie2003,NDT,6.70142710608924,6.679284572601318,6.608481407165527,6.750381946563721,9.386429786682127,8.358237057583299,4.695637583892617,3.01228187919463,3.03,3.4,0,0.0,0.0,0,0.0,0.0,0,0.0,0.0,294,1966.75492477417,885.77,4,30.270352840423584,11.89,0,0.0,0.0,8.0,9.0,9.0,0.0124999999999999,0.0124999999999999,0.025,0.0176012016428891,NDT
dynamic,model_dynamic/summary_timeseries.csv,20,5.2,298,119200.0,1165.4180217779833,13.75114719844769,1165 ± 13.75,1139.210385799408,1208.0616554502133,2.2271970361163267,2.102147990284793,2.227 ± 2.102,0.0332665516935494,11.067259797657831,0.3087222815710118,0.1566797777825558,0.3087 ± 0.1567,0.0295626366253651,0.9498850274235588,466.2953020134228,13.93344841165788,466.3 ± 13.93,315.0,468.0,87.78048972315436,0.2134563418170941,87.78 ± 0.2135,85.91767883300781,90.40159606933594,68.8512696508053,1,1,1,1,1:298,0,0,0.0,model_dynamic,True,mckenzie2003,NDT,6.713098530801351,6.750381946563721,6.679284572601318,6.750381946563721,9.386429786682127,8.37276985753121,4.662953020134228,3.015939597315436,3.03,3.4,0,0.0,0.0,0,0.0,0.0,0,0.0,0.0,294,1974.280128955841,887.9,4,26.223233222961422,10.85,0,0.0,0.0,8.0,9.0,9.0,0.0125,0.0125000000000005,0.025,0.0174304251608301,NDT
dynamic,model_dynamic/summary_timeseries.csv,20,5.1,298,119200.0,1165.4361101954232,13.748604172433424,1165 ± 13.75,1139.210385799408,1208.0447474229557,2.2337556919636508,2.10756893166518,2.234 ± 2.108,0.0267460243244629,11.095272318346233,0.308381439644573,0.1564678744791224,0.3084 ± 0.1565,0.0291276669266717,0.9481103086185014,464.2013422818792,15.26542782855703,464.2 ± 15.27,279.0,466.0,88.72194241517342,0.2934354406566301,88.72 ± 0.2934,86.83209991455078,93.05216217041016,68.8343616235477,1,1,1,1,1:298,0,0,0.0,model_dynamic,True,mckenzie2003,NDT,6.697174948333894,6.679284572601318,6.608481407165527,6.750381946563721,9.0264892578125,8.35269863713084,4.642013422818793,3.011476510067113,3.03,3.32,0,0.0,0.0,0,0.0,0.0,0,0.0,0.0,294,1970.9547638893127,886.97,4,24.803370714187626,10.45,0,0.0,0.0,8.0,9.0,9.0,0.0124999999999999,0.0124999999999999,0.025,0.0165537450303972,NDT
dynamic,model_dynamic/summary_timeseries.csv,20,5.0,298,119200.0,1165.4543347651054,13.745736266558938,1165 ± 13.75,1139.210385799408,1208.0281324597945,2.240637251611549,2.1126495267081173,2.241 ± 2.113,0.0313512302398451,11.12319633052816,0.3080219378060707,0.1562458002850188,0.308 ± 0.1562,0.0286997987753321,0.9462978161708862,470.59060402684565,13.731614149543018,470.6 ± 13.73,309.0,473.0,92.98578351936084,0.2213525816821619,92.99 ± 0.2214,91.1468734741211,96.17064666748048,68.81774666038655,1,1,1,1,1:298,0,0,0.0,model_dynamic,True,mckenzie2003,NDT,6.701557951485551,6.679284572601318,6.608481407165527,6.786040782928467,9.250797271728516,8.35827883706674,4.705906040268457,3.012651006711409,3.04,3.37,0,0.0,0.0,0,0.0,0.0,0,0.0,0.0,294,1970.2116408348083,886.7599999999999,4,26.852628707885746,11.01,0,0.0,0.0,8.0,9.0,9.0,0.0124999999999999,0.0124999999999999,0.025,0.0159636413545458,NDT
dynamic,model_dynamic/summary_timeseries.csv,20,4.9,298,119200.0,1165.4740254014314,13.742265412135696,1165 ± 13.74,1139.210385799408,1208.01244000831,2.250019936784212,2.1165073071362386,2.25 ± 2.117,0.0560797639008527,11.151968686887232,0.3076210127019313,0.1560032102702383,0.3076 ± 0.156,0.0282960627009506,0.9443110538685436,476.0570469798658,6.910266217674625,476.1 ± 6.91,399.0,477.0,87.26580377873158,0.2248038220676786,87.27 ± 0.2248,85.05001068115234,87.44683074951172,68.80205420890206,1,1,1,1,1:298,0,0,0.0,model_dynamic,True,mckenzie2003,NDT,6.872308777482718,6.857578277587891,6.786040782928467,6.857578277587891,9.477286338806152,8.573312612701908,4.760570469798658,3.059563758389261,3.06,3.42,0,0.0,0.0,0,0.0,0.0,0,0.0,0.0,294,2012.491431713104,898.6199999999999,4,35.456583976745605,13.13,0,0.0,0.0,8.0,9.0,9.0,0.0125,0.0125000000000005,0.025,0.0179041020570634,NDT
dynamic,model_dynamic/summary_timeseries.csv,20,4.8,298,119200.0,1165.4918507086709,13.739292785819512,1165 ± 13.74,1139.210385799408,1207.994896546685,2.255891785253913,2.1221420372940023,2.256 ± 2.122,0.037494993128957,11.17872921595015,0.3072627180974278,0.1557840975534985,0.3073 ± 0.1558,0.0278645779987957,0.942513785940578,485.01677852349,15.406670318184592,485 ± 15.41,342.0,508.0,89.78284971506004,0.8830540310021456,89.78 ± 0.8831,87.65184783935547,91.78467559814452,68.78451074727695,1,1,1,1,1:298,0,0,0.0,model_dynamic,True,mckenzie2003,NDT,6.98335880241138,6.786040782928467,6.750381946563721,7.895328044891357,9.522844314575195,8.644435394307148,4.850167785234899,3.037718120805369,3.06,3.43,0,0.0,0.0,47,371.0804181098938,141.46999999999997,0,0.0,0.0,247,1680.3110070228577,752.04,4,29.649497985839844,11.73,0,0.0,0.0,8.0,9.0,9.0,0.0124999999999999,0.0124999999999999,0.025,0.0173866155104394,NDT
dynamic,model_dynamic/summary_timeseries.csv,20,4.7,298,119200.0,1165.510427185283,13.735954163429088,1166 ± 13.74,1139.210385799408,1207.9780027709976,2.2630940433854496,2.1270380123949706,2.263 ± 2.127,0.043500640320678,11.20565982780127,0.3068836739591156,0.1555553328664467,0.3069 ± 0.1556,0.0274583076246117,0.9406349700456332,499.0671140939597,18.124352126178028,499.1 ± 18.12,368.0,513.0,92.0007968620966,1.235001455528974,92 ± 1.235,88.99751281738281,93.1890640258789,68.76761697158963,1,1,1,1,1:298,0,0,0.0,model_dynamic,True,mckenzie2003,NDT,7.37709911237627,7.895328044891357,6.786040782928467,7.895328044891357,9.61422061920166,8.984086979248783,4.990671140939598,3.025604026845637,3.07,3.45,0,0.0,0.0,154,1215.880518913269,463.5399999999999,0,0.0,0.0,140,951.9465498924257,426.13,4,30.54846668243408,11.96,0,0.0,0.0,8.0,9.0,9.0,0.0125,0.0125000000000005,0.025,0.0170548444927516,NDT
dynamic,model_dynamic/summary_timeseries.csv,20,4.6,298,119200.0,1165.5296749247905,13.732410812146382,1166 ± 13.73,1139.210385799408,1207.961230461282,2.271446895730981,2.1313628673576988,2.271 ± 2.131,0.0483776746601212,11.232564241839226,0.3064844340615607,0.1553171912854161,0.3065 ± 0.1553,0.0270600554427175,0.938561009906686,484.3691275167785,11.289865380623391,484.4 ± 11.29,380.0,507.0,89.98656686360404,0.6132200161259094,89.99 ± 0.6132,87.72501373291016,92.14892578125,68.750844661874,1,1,1,1,1:298,0,0,0.0,model_dynamic,True,mckenzie2003,NDT,6.926032663191725,6.857578277587891,6.679284572601318,7.895328044891357,9.61422061920166,8.611693822213786,4.843691275167785,3.052181208053691,3.07,3.45,0,0.0,0.0,20,157.90656089782715,60.19999999999999,0,0.0,0.0,274,1873.56871509552,836.92,4,32.482457637786865,12.43,0,0.0,0.0,8.0,9.0,9.0,0.0124999999999999,0.0124999999999999,0.025,0.0172786237998103,NDT
dynamic,model_dynamic/summary_timeseries.csv,20,4.5,298,119200.0,1165.5482349153422,13.729394585153646,1166 ± 13.73,1139.210385799408,1207.944116341654,2.278486578743057,2.136289822509824,2.278 ± 2.136,0.0449101487316432,11.25878935550664,0.3061132710376131,0.1550963782320534,0.3061 ± 0.1551,0.0266612855751218,0.9366439493167944,496.09060402684565,15.552094065960825,496.1 ± 15.55,373.0,507.0,90.2466995188054,1.1284965213129416,90.25 ± 1.128,87.15608978271484,91.28436279296876,68.7337305422459,1,1,1,1,1:298,0,0,0.0,model_dynamic,True,mckenzie2003,NDT,7.433346901964021,7.895328044891357,6.857578277587891,7.895328044891357,9.61422061920166,9.046139537602675,4.960906040268456,3.0343624161073817,3.07,3.45,0,0.0,0.0,160,1263.2524871826172,481.5999999999999,0,0.0,0.0,134,920.2841653823853,410.42,4,31.60072422027588,12.22,0,0.0,0.0,8.0,9.0,9.0,0.0124999999999999,0.0124999999999999,0.025,0.0173302875936326,NDT
dynamic,model_dynamic/summary_timeseries.csv,20,4.4,298,119200.0,1165.566864601616,13.726492637868107,1166 ± 13.73,1139.210385799408,1207.926804885823,2.2856570389388056,2.141353508421717,2.286 ± 2.141,0.0425132931795734,11.285455501701644,0.3057399778257734,0.1548769904729405,0.3057 ± 0.1549,0.0262484800361453,0.9345868515702742,482.7080536912752,10.995972519432918,482.7 ± 11,364.0,484.0,90.05227248940692,0.1441722932600414,90.05 ± 0.1442,88.3326416015625,90.37774658203124,68.71641908641504,1,1,1,1,1:298,0,0,0.0,model_dynamic,True,mckenzie2003,NDT,6.901266754073585,6.893456935882568,6.888075137138367,6.893456935882568,9.477286338806152,8.609556607703926,4.827080536912752,3.0683221476510063,3.07,3.42,0,0.0,0.0,0,0.0,0.0,0,0.0,0.0,294,2025.9237666130064,902.37,4,30.65372610092163,11.99,0,0.0,0.0,8.0,9.0,9.0,0.0125,0.0125000000000005,0.025,0.0170242157723926,NDT
dynamic,model_dynamic/summary_timeseries.csv,20,4.3,298,119200.0,1165.585330717921,13.723545100693832,1166 ± 13.72,1139.210385799408,1207.9098137275928,2.292543888364859,2.1462760641820244,2.293 ± 2.146,0.0374873908141862,11.3109260915182,0.3053740143815158,0.1546609826278167,0.3054 ± 0.1547,0.0258461328155039,0.932642210855445,505.8489932885906,14.094385180539255,505.8 ± 14.09,348.0,508.0,92.42245496199436,0.3662940046080352,92.42 ± 0.3663,88.59844970703125,92.49222564697266,68.69942792818483,2,2,1,2,1:9; 2:289,0,0,0.0,model_dynamic,True,mckenzie2003,NDT,7.886142540298052,7.895328044891357,7.895328044891357,7.895328044891357,9.61422061920166,9.422167250457806,5.058489932885905,3.009328859060402,3.01,3.45,0,0.0,0.0,293,2313.331117153168,881.9299999999998,0,0.0,0.0,1,6.965433120727539,3.09,4,29.77392673492432,11.760000000000002,0,0.0,0.0,8.0,9.0,9.0,0.0124999999999999,0.0124999999999999,0.025,0.0163096043167898,NDT
dynamic,model_dynamic/summary_timeseries.csv,20,4.2,298,119200.0,1165.6044929662507,13.720218732058468,1166 ± 13.72,1139.210385799408,1207.891607489055,2.3006237352969445,2.1508153684044826,2.301 ± 2.151,0.0471505031415558,11.33703898252585,0.3049783851862857,0.1544318405724973,0.305 ± 0.1544,0.0254610236859702,0.9305286374936472,487.8322147651007,10.955923092077342,487.8 ± 10.96,381.0,508.0,87.80839367040852,0.5100088566170089,87.81 ± 0.51,85.79307556152344,89.87338256835938,68.68122168964715,1,2,1,2,1:286; 2:12,0,0,0.0,model_dynamic,True,mckenzie2003,NDT,6.971670393975789,6.893456935882568,6.857578277587891,7.895328044891357,9.522844314575195,8.676345678258503,4.878322147651008,3.0706711409395973,3.09,3.43,0,0.0,0.0,15,118.42992067337036,45.149999999999984,0,0.0,0.0,279,1926.994155406952,857.56,4,32.13370132446289,12.35,0,0.0,0.0,8.0,9.0,9.0,0.0125,0.0125000000000005,0.025,0.0174170647817216,NDT
dynamic,model_dynamic/summary_timeseries.csv,20,4.1,298,119200.0,1165.622282332313,13.717541375680296,1166 ± 13.72,1139.210385799408,1207.8730399035214,2.306164583539253,2.156328509098108,2.306 ± 2.156,0.0306971025743687,11.361075993219524,0.3046320952808234,0.1542312412839592,0.3046 ± 0.1542,0.025060119180743,0.928665571783093,486.3187919463088,14.904698908307996,486.3 ± 14.9,314.0,488.0,87.60215201153851,0.2339366848978974,87.6 ± 0.2339,85.87134552001953,90.89945220947266,68.66265410411347,2,2,1,2,1:7; 2:291,0,0,0.0,model_dynamic,True,mckenzie2003,NDT,6.905792965984984,6.893456935882568,6.857578277587891,6.965433120727539,9.477286338806152,8.615106964846959,4.863187919463087,3.0697986577181204,3.09,3.42,0,0.0,0.0,0,0.0,0.0,0,0.0,0.0,294,2031.516489982605,903.92,4,26.40981388092041,10.88,0,0.0,0.0,8.0,9.0,9.0,0.0124999999999999,0.0124999999999999,0.025,0.0163642126733145,NDT
dynamic,model_dynamic/summary_timeseries.csv,20,4.0,298,119200.0,1165.6400229335052,13.714756995312236,1166 ± 13.71,1139.210385799408,1207.855825306675,2.3116406347416185,2.1616439389146955,2.312 ± 2.162,0.0375556362843707,11.384670349503123,0.3042875118238443,0.1540321162562858,0.3043 ± 0.154,0.0246659807360519,0.9268114696074974,494.0704697986577,13.28489076349825,494.1 ± 13.28,352.0,516.0,88.69175407870505,0.1932705756328731,88.69 ± 0.1933,86.91400909423828,90.87972259521484,68.6454395072667,1,1,1,1,1:298,0,0,0.0,model_dynamic,True,mckenzie2003,NDT,6.996755692782818,7.001530647277832,6.965433120727539,7.001530647277832,9.751934051513672,8.728141926375619,4.940704697986577,3.093791946308725,3.1,3.48,0,0.0,0.0,1,7.895328044891357,3.01,0,0.0,0.0,293,2048.265599250793,907.41,4,28.87226915359497,11.53,0,0.0,0.0,8.0,9.0,9.0,0.0125,0.0125000000000001,0.025,0.0167816554888106,NDT
dynamic,model_dynamic/summary_timeseries.csv,20,3.9,298,119200.0,1165.657910776845,13.712001775126051,1166 ± 13.71,1139.210385799408,1207.8397658767774,2.317488398860178,2.1668354567281995,2.317 ± 2.167,0.0336398617124781,11.408172506980376,0.3039396481994585,0.1538353076005359,0.3039 ± 0.1538,0.024283975415822,0.924911920603874,504.4563758389262,17.164612895685856,504.5 ± 17.16,335.0,516.0,86.87141515744612,1.0658674843784608,86.87 ± 1.066,84.13980102539062,88.4958724975586,68.62938007736943,2,2,1,2,1:8; 2:290,0,0,0.0,model_dynamic,True,mckenzie2003,NDT,7.379982514669432,7.001530647277832,6.893456935882568,7.895328044891357,9.751934051513672,9.018181694821116,5.044563758389263,3.050402684563758,3.1,3.48,0,0.0,0.0,133,1050.0786299705503,400.3299999999999,0,0.0,0.0,161,1120.504294872284,497.23,4,28.65186452865601,11.46,0,0.0,0.0,8.0,9.0,9.0,0.0125,0.0125000000000001,0.025,0.0166833183149461,NDT
dynamic,model_dynamic/summary_timeseries.csv,20,3.8,298,119200.0,1165.6753250949962,13.7093713039271,1166 ± 13.71,1139.210385799408,1207.8221088862288,2.322439960856969,2.172392213526212,2.322 ± 2.172,0.02395506099389,11.431164262952336,0.3036055182109329,0.1536480795639123,0.3036 ± 0.1536,0.0238917613639499,0.923126922121111,499.28859060402687,21.65510473539325,499.3 ± 21.66,273.0,513.0,88.22572764454272,1.087193454524065,88.23 ± 1.087,85.61048889160156,92.4024658203125,68.6117230868208,2,2,1,2,1:9; 2:289,0,0,0.0,model_dynamic,True,mckenzie2003,NDT,7.309639092259759,6.965433120727539,6.893456935882568,7.9818525314331055,9.751934051513672,8.952218674465053,4.992885906040269,3.048590604026846,3.09,3.48,0,0.0,0.0,116,925.7218446731569,351.43999999999994,0,0.0,0.0,178,1229.3654098510742,547.0999999999999,4,23.18519496917725,9.94,0,0.0,0.0,8.0,9.0,9.0,0.0124999999999999,0.0124999999999999,0.025,0.0159096877051302,NDT
dynamic,model_dynamic/summary_timeseries.csv,20,3.7,298,119200.0,1165.6930822437948,13.70679866829069,1166 ± 13.71,1139.210385799408,1207.8047588014103,2.328084136555345,2.1776241993950314,2.328 ± 2.178,0.0309202628604794,11.455120416422693,0.3032664936266002,0.1534582433764242,0.3033 ± 0.1535,0.023516895784001,0.9212618350680404,506.2953020134228,18.828617144296764,506.3 ± 18.83,319.0,515.0,89.76513784523779,1.0402566178631716,89.77 ± 1.04,86.64768981933594,91.82339477539062,68.59437300200238,2,2,1,2,1:10; 2:288,0,0,0.0,model_dynamic,True,mckenzie2003,NDT,7.572883114718751,7.895328044891357,6.9546366930007935,7.9818525314331055,9.61422061920166,9.18403260139288,5.062953020134227,3.0442617449664438,3.1,3.45,0,0.0,0.0,184,1465.026837348938,556.6800000000001,0,0.0,0.0,110,765.0874199867249,339.5800000000001,4,26.604910850524902,10.93,0,0.0,0.0,8.0,9.0,9.0,0.0125,0.0125000000000001,0.025,0.0159493788736315,NDT
dynamic,model_dynamic/summary_timeseries.csv,20,3.6,298,119200.0,1165.7114139755258,13.703961951199163,1166 ± 13.7,1139.210385799408,1207.7880752681283,2.334588305722729,2.182717660284325,2.335 ± 2.183,0.0414566478507279,11.47828699419804,0.3029018714238409,0.1532622202119954,0.3029 ± 0.1533,0.0231534271522799,0.9192291087711284,514.8892617449665,14.28865246928014,514.9 ± 14.29,369.0,517.0,90.37442925472388,0.4889225570710355,90.37 ± 0.4889,86.5325698852539,90.4745101928711,68.57768946872056,2,2,1,2,1:17; 2:281,0,0,0.0,model_dynamic,True,mckenzie2003,NDT,7.949545674676063,7.9818525314331055,7.9818525314331055,7.9818525314331055,9.751934051513672,9.507023846945076,5.148892617449666,3.0309731543624165,3.03,3.48,0,0.0,0.0,286,2282.7232995033264,866.5600000000002,0,0.0,0.0,8,55.72346496582031,24.72,4,30.51784658432007,11.95,0,0.0,0.0,8.0,9.0,9.0,0.0125,0.0125000000000001,0.025,0.0167887313913842,NDT
dynamic,model_dynamic/summary_timeseries.csv,20,3.5,298,119200.0,1165.7297337766406,13.701025470721412,1166 ± 13.7,1139.210385799408,1207.7712257400158,2.341127347182621,2.1877713502716745,2.341 ± 2.188,0.0341966136941377,11.501046681611212,0.3025358434955424,0.1530654640499189,0.3025 ± 0.1531,0.0228020042445435,0.9171946528080386,504.758389261745,17.013674329316576,504.8 ± 17.01,338.0,520.0,89.817886685365,0.9867203556344358,89.82 ± 0.9867,87.38883209228516,91.61007690429688,68.56083994060782,2,2,1,2,1:9; 2:289,0,0,0.0,model_dynamic,True,mckenzie2003,NDT,7.290523682664705,7.001530647277832,6.965433120727539,7.9818525314331055,9.660038948059082,8.966705770666309,5.047583892617449,3.0732885906040277,3.12,3.46,0,0.0,0.0,90,717.6745319366455,272.54,0,0.0,0.0,204,1427.0183424949646,632.03,4,27.883183002471924,11.27,0,0.0,0.0,8.0,9.0,9.0,0.0125,0.0125000000000001,0.025,0.0158622867261424,NDT
dynamic,model_dynamic/summary_timeseries.csv,20,3.4,298,119200.0,1165.7481213164822,13.69838029468414,1166 ± 13.7,1139.210385799408,1207.7546050764868,2.347642944838078,2.192617610726739,2.348 ± 2.193,0.0441047914630551,11.523616848709578,0.3021783186588282,0.1528697649995714,0.3022 ± 0.1529,0.0224531372265724,0.9151819618580506,504.7986577181208,14.678651742930128,504.8 ± 14.68,381.0,521.0,87.04553255938843,0.9860586187638268,87.05 ± 0.9861,84.7490234375,88.6963119506836,68.54421927707881,2,2,1,2,1:9; 2:289,0,0,0.0,model_dynamic,True,mckenzie2003,NDT,7.237541390745432,7.001530647277832,6.965433120727539,8.02525520324707,9.798011779785156,8.91987791961162,5.047986577181208,3.0735906040268457,3.1,3.49,0,0.0,0.0,77,611.318365573883,232.5499999999999,0,0.0,0.0,217,1513.555377960205,671.0900000000001,4,31.913590908050537,12.29,0,0.0,0.0,8.0,9.0,9.0,0.0125,0.0125000000000001,0.025,0.0170876792635684,NDT
dynamic,model_dynamic/summary_timeseries.csv,20,3.3,298,119200.0,1165.7656889282673,13.695852140009697,1166 ± 13.7,1139.210385799408,1207.7372424018051,2.352593696531643,2.198089143222098,2.353 ± 2.198,0.0295710453559455,11.544348505808737,0.3018396207699707,0.1526869842554877,0.3018 ± 0.1527,0.0221143436827551,0.9132658235086952,514.996644295302,18.240654189181733,515 ± 18.24,316.0,517.0,90.22919059599806,0.2382060940395057,90.23 ± 0.2382,86.47026062011719,91.77445220947266,68.52685660239717,2,2,1,2,1:5; 2:293,0,0,0.0,model_dynamic,True,mckenzie2003,NDT,7.9612680185561215,7.9818525314331055,7.9818525314331055,7.9818525314331055,9.890423774719238,9.509836660078529,5.149966442953022,3.02523489932886,3.03,3.51,0,0.0,0.0,294,2346.5781197547917,890.8000000000002,0,0.0,0.0,0,0.0,0.0,4,25.87974977493286,10.72,0,0.0,0.0,8.0,9.0,9.0,0.0124999999999999,0.0124999999999999,0.025,0.015704621916055,NDT
dynamic,model_dynamic/summary_timeseries.csv,20,3.2,298,119200.0,1165.7842007916015,13.692932058446935,1166 ± 13.69,1139.210385799408,1207.720490309109,2.3592282557548763,2.202793782309429,2.359 ± 2.203,0.0409989669360709,11.565934849898616,0.3014670335455957,0.1524863117708475,0.3015 ± 0.1525,0.0217804006721642,0.911131850542584,521.5604026845638,14.221098414197884,521.6 ± 14.22,374.0,524.0,90.00317951176791,0.3377077379748398,90 ± 0.3377,86.21965789794922,90.07611846923828,68.51010450970102,2,2,1,2,1:6; 2:292,0,0,0.0,model_dynamic,True,mckenzie2003,NDT,8.013730293952378,8.02525520324707,8.02525520324707,8.02525520324707,9.890423774719238,9.574833026758178,5.215604026845639,3.038624161073825,3.04,3.51,0,0.0,0.0,293,2351.3563718795776,890.7099999999998,0,0.0,0.0,1,5.715122222900391,2.73,4,31.02013349533081,12.07,0,0.0,0.0,8.0,9.0,9.0,0.0125,0.0125000000000001,0.025,0.0165923158886326,NDT
dynamic,model_dynamic/summary_timeseries.csv,20,3.1,298,119200.0,1165.8026299859953,13.690079499977662,1166 ± 13.69,1139.210385799408,1207.7036825101804,2.3656365533966355,2.2076272601431075,2.366 ± 2.208,0.0347181397940407,11.587127724191191,0.3010959610983451,0.1522896023659772,0.3011 ± 0.1523,0.0214507067649735,0.9089972754354616,506.758389261745,16.547734899116204,506.8 ± 16.55,343.0,524.0,89.79673247369344,0.8562368233785483,89.8 ± 0.8562,87.65693664550781,91.71800231933594,68.49329671077248,2,2,1,2,1:8; 2:290,0,0,0.0,model_dynamic,True,mckenzie2003,NDT,7.157674450202276,7.073944091796875,6.893456935882568,8.02525520324707,9.890423774719238,8.852426003198957,5.067583892617449,3.07748322147651,3.12,3.51,0,0.0,0.0,54,431.3280682563782,163.68999999999994,0,0.0,0.0,240,1673.205337047577,741.99,4,28.45358085632324,11.41,0,0.0,0.0,8.0,9.0,9.0,0.0125,0.0125000000000001,0.025,0.0155926928774487,NDT
dynamic,model_dynamic/summary_timeseries.csv,20,3.0,298,119200.0,1165.8211878053962,13.68739121316104,1166 ± 13.69,1139.210385799408,1207.6883051443428,2.372195175912929,2.2121107092908403,2.372 ± 2.212,0.0457409734882628,11.607499933697248,0.3007349982741654,0.1520977766278676,0.3007 ± 0.1521,0.0211241783429946,0.9068281421411782,526.751677852349,12.406647947459218,526.8 ± 12.41,390.0,528.0,90.95826406286866,0.3494747068531864,90.96 ± 0.3495,86.84969329833984,90.99468994140624,68.47791934493489,2,2,1,2,1:9; 2:289,0,0,0.0,model_dynamic,True,mckenzie2003,NDT,8.053114409414714,8.02525520324707,7.9818525314331055,8.112340927124023,8.237196922302246,9.618953313435338,5.26751677852349,3.0468456375838926,3.06,3.14,0,0.0,0.0,295,2377.169177055359,899.03,0,0.0,0.0,0,0.0,0.0,3,22.65891695022583,8.93,0,0.0,0.0,8.0,9.0,9.0,0.0125,0.0125000000000001,0.025,0.0164137688019699,NDT
dynamic,model_dynamic/summary_timeseries.csv,20,2.9,298,119200.0,1165.839867946731,13.684439287598932,1166 ± 13.68,1139.210385799408,1207.6717498617954,2.378984882227232,2.2166335523776017,2.379 ± 2.217,0.0434799059369727,11.628209130655716,0.3003571829443063,0.151899914727234,0.3004 ± 0.1519,0.0208091490467222,0.9046472446175264,529.3120805369127,12.900233662894337,529.3 ± 12.9,384.0,531.0,93.17093225773549,0.3325582900031593,93.17 ± 0.3326,88.81517791748047,93.22184753417967,68.46136406238747,2,2,1,2,1:9; 2:289,0,0,0.0,model_dynamic,True,mckenzie2003,NDT,7.973401885704706,7.9818525314331055,7.895328044891357,8.02525520324707,8.237196922302246,9.523454537803106,5.293120805369128,3.028456375838926,3.04,3.14,0,0.0,0.0,295,2354.019043445587,893.6999999999999,0,0.0,0.0,0,0.0,0.0,3,22.054718494415283,8.780000000000001,0,0.0,0.0,8.0,9.0,9.0,0.0125,0.0125000000000001,0.025,0.0159899938442596,NDT
dynamic,model_dynamic/summary_timeseries.csv,20,2.8,298,119200.0,1165.85924078488,13.681306778633262,1166 ± 13.68,1139.210385799408,1207.6557040648904,2.386942695541056,2.220485544911977,2.387 ± 2.22,0.0516861587080954,11.648995345190324,0.2999657009549361,0.1516940633147306,0.3 ± 0.1517,0.0205081050269155,0.9023868593448946,519.748322147651,12.160576108012778,519.7 ± 12.16,412.0,527.0,94.33154931804478,1.0671921353488376,94.33 ± 1.067,90.7020492553711,95.1542510986328,68.44531826548246,2,2,1,2,1:5; 2:293,0,0,0.0,model_dynamic,True,mckenzie2003,NDT,7.610261411474855,7.895328044891357,7.001530647277832,7.9818525314331055,9.751934051513672,9.23141627108396,5.19748322147651,3.055302013422819,3.14,3.48,0,0.0,0.0,185,1463.3179473876953,557.4699999999998,0,0.0,0.0,110,778.3952598571777,343.2700000000001,3,26.14469337463379,9.74,0,0.0,0.0,8.0,9.0,9.0,0.0124999999999999,0.0124999999999999,0.025,0.0155147335894541,NDT
dynamic,model_dynamic/summary_timeseries.csv,20,2.7,298,119200.0,1165.8788456350442,13.678060089795814,1166 ± 13.68,1139.210385799408,1207.6401880608691,2.395288504768472,2.2240739329810144,2.395 ± 2.224,0.0596926863028534,11.669139046673104,0.299569870155244,0.151490113513931,0.2996 ± 0.1515,0.0202106195591554,0.9000520024770577,531.1744966442953,7.893359322299243,531.2 ± 7.893,442.0,532.0,90.18319645824047,0.4166230873692079,90.18 ± 0.4166,85.75275421142578,90.2282943725586,68.42980226146119,2,2,1,2,1:7; 2:291,0,0,0.0,model_dynamic,True,mckenzie2003,NDT,8.041994406872949,8.02525520324707,7.9818525314331055,8.112340927124023,9.890423774719238,9.607013680913708,5.311744966442953,3.044295302013423,3.06,3.51,0,0.0,0.0,295,2368.249477863312,896.98,0,0.0,0.0,0,0.0,0.0,3,28.26485538482666,10.22,0,0.0,0.0,8.0,9.0,9.0,0.0125,0.0125000000000001,0.025,0.0163444276597684,NDT
dynamic,model_dynamic/summary_timeseries.csv,20,2.6,298,119200.0,1165.8972712821494,13.675215162832297,1166 ± 13.68,1139.210385799408,1207.6230839022403,2.4013842434171035,2.2288315430186008,2.401 ± 2.229,0.0465497350359853,11.68868136313564,0.2991998641387582,0.1512984627161101,0.2992 ± 0.1513,0.0199063356068821,0.8978670927916392,526.1208053691275,11.263418694768584,526.1 ± 11.26,393.0,528.0,90.50662049671148,0.584457922076696,90.51 ± 0.5845,86.08090209960938,90.6488800048828,68.41269810283256,2,2,1,2,1:8; 2:290,0,0,0.0,model_dynamic,True,mckenzie2003,NDT,8.039459870165626,8.112340927124023,7.895328044891357,8.112340927124023,9.11595058441162,9.619643252788924,5.261208053691275,3.056610738255033,3.065999999999999,3.34,0,0.0,0.0,282,2279.9362449646,861.1399999999999,0,0.0,0.0,13,91.09231185913086,40.32000000000001,3,24.73048448562622,9.41,0,0.0,0.0,8.0,9.0,9.0,0.0125,0.0125000000000001,0.025,0.0162476650019726,NDT
dynamic,model_dynamic/summary_timeseries.csv,20,2.5,298,119200.0,1165.9158002924073,13.672329499247722,1166 ± 13.67,1139.210385799408,1207.6062725862687,2.4076523927076336,2.2334426155874096,2.408 ± 2.233,0.0428007388658186,11.708005578776314,0.2988298841684266,0.1511088624356321,0.2988 ± 0.1511,0.0196140281112172,0.8956623588042288,523.8557046979865,11.536169455735925,523.9 ± 11.54,384.0,525.0,89.70649683395489,0.3334473113442024,89.71 ± 0.3334,85.55321502685547,89.74279022216797,68.39588678686073,2,2,1,2,1:4; 2:294,0,0,0.0,model_dynamic,True,mckenzie2003,NDT,8.021137936803319,8.02525520324707,7.9818525314331055,8.02525520324707,9.160812377929688,9.580928047785523,5.238557046979866,3.0394966442953018,3.04,3.35,0,0.0,0.0,295,2366.7127203941345,896.6299999999999,0,0.0,0.0,0,0.0,0.0,3,23.586384773254395,9.14,0,0.0,0.0,8.0,9.0,9.0,0.0125,0.0125000000000001,0.025,0.0163444746212081,NDT
dynamic,model_dynamic/summary_timeseries.csv,20,2.4,298,119200.0,1165.934126467709,13.66954966599072,1166 ± 13.67,1139.210385799408,1207.5894481937498,2.413499577799414,2.238192690191308,2.413 ± 2.238,0.0401168000304418,11.726814584611104,0.2984671407091235,0.1509246092646488,0.2985 ± 0.1509,0.0193172900062299,0.8934943990836395,529.1342281879195,14.55752657936794,529.1 ± 14.56,378.0,535.0,90.02761740972532,0.8450887099019336,90.03 ± 0.8451,86.1318359375,90.53460693359376,68.37906239434187,2,2,1,2,1:4; 2:294,0,0,0.0,model_dynamic,True,mckenzie2003,NDT,7.751258024433315,7.895328044891357,7.183109283447266,7.9818525314331055,8.62826156616211,9.346612605192222,5.291342281879195,3.046610738255033,3.15,3.23,0,0.0,0.0,227,1799.3781576156616,684.9199999999998,0,0.0,0.0,68,488.45143127441406,214.2,3,22.04530239105225,8.77,0,0.0,0.0,8.0,9.0,9.0,0.0125,0.0125000000000001,0.025,0.0228829314667396,NDT
dynamic,model_dynamic/summary_timeseries.csv,20,2.3,298,119200.0,1165.9524518829764,13.666787081606437,1166 ± 13.67,1139.210385799408,1207.5730043048625,2.419433900465084,2.242653756349371,2.419 ± 2.243,0.0435192223554735,11.745455671940787,0.2981130393233012,0.1507430696285984,0.2981 ± 0.1507,0.0190286739827381,0.8913293741006278,530.6677852348994,12.364176269625048,530.7 ± 12.36,390.0,532.0,89.99308525955917,0.3750627293966767,89.99 ± 0.3751,85.5398178100586,90.04061889648438,68.3626185054543,2,2,1,2,1:4; 2:294,0,0,0.0,model_dynamic,True,mckenzie2003,NDT,7.965515323933339,7.9818525314331055,7.895328044891357,8.02525520324707,8.760210990905762,9.51685450525676,5.306677852348994,3.028691275167785,3.04,3.26,0,0.0,0.0,293,2336.4074425697327,887.26,0,0.0,0.0,2,14.293296813964844,6.28,3,23.0228271484375,9.01,0,0.0,0.0,8.0,9.0,9.0,0.0124999999999999,0.0124999999999999,0.025,0.0230048225737054,NDT
dynamic,model_dynamic/summary_timeseries.csv,20,2.2,298,119200.0,1165.9705208435275,13.66416205636684,1166 ± 13.66,1139.210385799408,1207.556788343742,2.4250300168473418,2.24723791854844,2.425 ± 2.247,0.0412948346728297,11.763642810634089,0.2977691461585761,0.1505699858093815,0.2978 ± 0.1506,0.0187424936996671,0.8891591820711805,526.6812080536913,12.64655227509247,526.7 ± 12.65,382.0,529.0,92.70698951874805,0.2995060752755634,92.71 ± 0.2995,88.83676147460938,92.78736114501952,68.34640254433407,2,2,1,2,1:4; 2:294,0,0,0.0,model_dynamic,True,mckenzie2003,NDT,8.009647386986137,8.02525520324707,7.895328044891357,8.112340927124023,8.62826156616211,9.569435501443222,5.266812080536914,3.0387919463087245,3.06,3.23,0,0.0,0.0,293,2350.4693183898926,890.4999999999999,0,0.0,0.0,2,14.003061294555664,6.2,3,22.40254163742065,8.86,0,0.0,0.0,8.0,9.0,9.0,0.0125,0.0125000000000001,0.025,0.022328787276463,NDT
dynamic,model_dynamic/summary_timeseries.csv,20,2.1,298,119200.0,1165.9893278215234,13.661285574318912,1166 ± 13.66,1139.210385799408,1207.5406725437144,2.431954127142832,2.2511495922617275,2.432 ± 2.251,0.0527340430388625,11.78206187246901,0.2974072168592589,0.1503893963336345,0.2974 ± 0.1504,0.0184712860580324,0.8868901983012613,527.0704697986578,8.980127227060237,527.1 ± 8.98,420.0,528.0,88.6085480555592,0.416603556955599,88.61 ± 0.4166,84.2138900756836,88.65716552734375,68.33028674430648,2,2,1,2,1:4; 2:294,0,0,0.0,model_dynamic,True,mckenzie2003,NDT,8.036296806079429,8.02525520324707,7.895328044891357,8.112340927124023,9.660038948059082,9.601093794986824,5.270704697986577,3.044026845637584,3.06,3.46,0,0.0,0.0,294,2361.058974266052,894.1299999999999,0,0.0,0.0,1,7.183109283447266,3.15,3,26.57436466217041,9.84,0,0.0,0.0,8.0,9.0,9.0,0.0125,0.0125000000000001,0.025,0.0233488229077058,NDT
dynamic,model_dynamic/summary_timeseries.csv,20,2.0,298,119200.0,1166.006959323625,13.658824599231597,1166 ± 13.66,1139.210385799408,1207.523736510956,2.4367217380294792,2.256047223935595,2.437 ± 2.256,0.0384026988465539,11.79941090621092,0.297077303077512,0.1502276151269603,0.2971 ± 0.1502,0.0181879060076464,0.8847616617455561,527.748322147651,12.799187809943549,527.7 ± 12.8,370.0,529.0,87.46450224498774,0.2648079197799434,87.46 ± 0.2648,83.45924377441406,87.49568939208984,68.31335071154808,2,2,1,2,1:4; 2:294,0,0,0.0,model_dynamic,True,mckenzie2003,NDT,8.074535651494992,8.112340927124023,7.9818525314331055,8.112340927124023,9.341132164001465,9.644577422440005,5.27748322147651,3.051677852348993,3.06,3.39,0,0.0,0.0,295,2383.5645089149475,900.4999999999999,0,0.0,0.0,0,0.0,0.0,3,22.647115230560303,8.9,0,0.0,0.0,8.0,9.0,9.0,0.0125,0.0125000000000001,0.025,0.0236458507928128,NDT
dynamic,model_dynamic/summary_timeseries.csv,20,1.9,298,119200.0,1166.0243564832592,13.656462973559805,1166 ± 13.66,1139.210385799408,1207.50755495242,2.441052388852008,2.261016810307812,2.441 ± 2.261,0.0330653081303322,11.81625286389674,0.2967582895566999,0.1500742421575945,0.2968 ± 0.1501,0.0179042695129975,0.8826822005853314,537.3825503355705,16.410259238076925,537.4 ± 16.41,345.0,539.0,89.58679992880597,0.2293501773592512,89.59 ± 0.2294,85.71732330322266,90.3747100830078,68.29716915301196,2,2,1,2,1:4; 2:294,0,0,0.0,model_dynamic,True,mckenzie2003,NDT,8.12695398426696,8.156023979187012,8.112340927124023,8.156023979187012,8.237196922302246,9.70645267587773,5.373825503355704,3.0634563758389266,3.07,3.14,0,0.0,0.0,295,2402.622038841248,904.87,0,0.0,0.0,0,0.0,0.0,3,19.2102484703064,8.040000000000001,0,0.0,0.0,8.0,9.0,9.0,0.0124999999999999,0.0124999999999999,0.025,0.0230837533321224,NDT
dynamic,model_dynamic/summary_timeseries.csv,20,1.8,298,119200.0,1166.0423329204132,13.653944909622457,1166 ± 13.65,1139.210385799408,1207.4919939705344,2.446426841273875,2.265440076343884,2.446 ± 2.265,0.0416928397435151,11.83321948695221,0.2964257410275555,0.1499133626476506,0.2964 ± 0.1499,0.0176338086590052,0.880526612434957,540.6409395973154,13.538483619463165,540.6 ± 13.54,387.0,542.0,89.65897315620576,0.2833937634894567,89.66 ± 0.2834,85.72904205322266,89.68750762939453,68.28160817112644,2,2,1,2,1:7; 2:291,0,0,0.0,model_dynamic,True,mckenzie2003,NDT,8.091688509755487,8.112340927124023,8.02525520324707,8.156023979187012,8.366751670837402,9.665000285509604,5.406409395973155,3.055671140939597,3.07,3.17,0,0.0,0.0,295,2389.0629653930664,901.76,0,0.0,0.0,0,0.0,0.0,3,22.260210514068604,8.83,0,0.0,0.0,8.0,9.0,9.0,0.0125,0.0125000000000001,0.025,0.0230506951587843,NDT
dynamic,model_dynamic/summary_timeseries.csv,20,1.7,298,119200.0,1166.060224889244,13.651477759865656,1166 ± 13.65,1139.210385799408,1207.4766005923148,2.451687570080578,2.2698525476822504,2.452 ± 2.27,0.0414880648751929,11.849877420473598,0.2960977054349355,0.1497555961257029,0.2961 ± 0.1498,0.0173678178011722,0.878375794839736,537.6677852348994,13.295317682403212,537.7 ± 13.3,386.0,539.0,89.6717430729194,0.2807594927470513,89.67 ± 0.2808,85.65213012695312,89.7009048461914,68.2662147929068,2,2,1,2,1:4; 2:294,0,0,0.0,model_dynamic,True,mckenzie2003,NDT,8.144058109129835,8.156023979187012,8.112340927124023,8.156023979187012,8.760210990905762,9.72777216276023,5.376677852348993,3.0676845637583887,3.07,3.26,0,0.0,0.0,295,2404.149543762207,905.22,0,0.0,0.0,0,0.0,0.0,3,22.779772758483887,8.95,0,0.0,0.0,8.0,9.0,9.0,0.0124999999999999,0.0124999999999999,0.025,0.0230159289281366,NDT
dynamic,model_dynamic/summary_timeseries.csv,20,1.6,298,119200.0,1166.078142912049,13.64902509453563,1166 ± 13.65,1139.210385799408,1207.4612920580278,2.4569581748570744,2.2742355421432605,2.457 ± 2.274,0.0419400295825069,11.866299110452356,0.2957706272041429,0.1496005035664522,0.2958 ± 0.1496,0.0171058993610985,0.8762223995870096,537.9530201342282,12.8795845791889,538 ± 12.88,390.0,540.0,88.65853044650699,0.292252092310809,88.66 ± 0.2923,84.53079223632812,88.72322845458984,68.2509062586198,2,2,1,2,1:4; 2:294,0,0,0.0,model_dynamic,True,mckenzie2003,NDT,8.149503541472773,8.156023979187012,8.156023979187012,8.156023979187012,8.67215633392334,9.734234958328216,5.379530201342281,3.068926174496644,3.07,3.24,0,0.0,0.0,295,2405.983390808105,905.64,0,0.0,0.0,0,0.0,0.0,3,22.56866455078125,8.9,0,0.0,0.0,8.0,9.0,9.0,0.0125,0.0125000000000001,0.025,0.0232699297467208,NDT
dynamic,model_dynamic/summary_timeseries.csv,20,1.5,298,119200.0,1166.095732054731,13.646679941216425,1166 ± 13.65,1139.210385799408,1207.4458790190413,2.461667446195964,2.278795739105863,2.462 ± 2.279,0.0384834850174692,11.882264660750913,0.2954540418656791,0.1494511371243095,0.2955 ± 0.1495,0.0168440979152291,0.8741087699925105,534.4261744966443,14.239664312333352,534.4 ± 14.24,375.0,536.0,88.08597902643601,0.2394812747830997,88.09 ± 0.2395,84.2926254272461,88.19202423095703,68.23549321963333,2,2,1,2,1:4; 2:294,0,0,0.0,model_dynamic,True,mckenzie2003,NDT,8.13768780311482,8.156023979187012,8.156023979187012,8.156023979187012,8.280292510986328,9.72083207560794,5.344261744966444,3.0669127516778527,3.07,3.15,0,0.0,0.0,294,2397.871049880981,902.58,0,0.0,0.0,1,5.815610408782959,2.76,3,21.34430503845215,8.6,0,0.0,0.0,8.0,9.0,9.0,0.0125,0.0125000000000001,0.025,0.0234021526954186,NDT
dynamic,model_dynamic/summary_timeseries.csv,20,1.4,298,119200.0,1166.1131168398215,13.644405975025258,1166 ± 13.64,1139.210385799408,1207.430558712961,2.466063050941764,2.283458315198385,2.466 ± 2.283,0.0368365233594343,11.897858481422777,0.2951448386852078,0.1493049404249176,0.2951 ± 0.1493,0.0165838810016718,0.8720231145421394,536.271812080537,15.628980912630578,536.3 ± 15.63,362.0,538.0,87.6287924747339,0.3111032811184353,87.63 ± 0.3111,83.937255859375,87.666259765625,68.22017291355314,2,2,1,2,1:6; 2:292,0,0,0.0,model_dynamic,True,mckenzie2003,NDT,8.075279747879746,8.156023979187012,7.895328044891357,8.156023979187012,10.122960090637209,9.647228080186544,5.362718120805369,3.051845637583893,3.07,3.56,0,0.0,0.0,294,2376.3558354377747,897.6399999999999,0,0.0,0.0,0,0.0,0.0,4,30.077529430389404,11.81,0,0.0,0.0,8.0,9.0,9.0,0.0124999999999999,0.0124999999999999,0.025,0.0235106091645965,NDT
dynamic,model_dynamic/summary_timeseries.csv,20,1.3,298,119200.0,1166.1303732681115,13.642202890259547,1166 ± 13.64,1139.210385799408,1207.415408336345,2.470232130524284,2.288142777873103,2.47 ± 2.288,0.0350105401501271,11.913107800239072,0.2948379886111071,0.1491633796416929,0.2948 ± 0.1492,0.0163258208160951,0.8699618349971767,534.2181208053692,15.9528270776888,534.2 ± 15.95,356.0,536.0,90.4555472047537,0.2961730631903095,90.46 ± 0.2962,86.6435317993164,90.64044189453124,68.20502253693712,2,2,1,2,1:4; 2:294,0,0,0.0,model_dynamic,True,mckenzie2003,NDT,8.136142343482716,8.156023979187012,8.112340927124023,8.156023979187012,10.122960090637209,9.719933987935027,5.342181208053692,3.0658053691275167,3.07,3.56,0,0.0,0.0,294,2394.9025650024414,901.9,0,0.0,0.0,0,0.0,0.0,4,29.667853355407715,11.71,0,0.0,0.0,8.0,9.0,9.0,0.0125,0.0125000000000001,0.025,0.0227595468208612,NDT
dynamic,model_dynamic/summary_timeseries.csv,20,1.2,298,119200.0,1166.1483989605656,13.639739642466042,1166 ± 13.64,1139.210385799408,1207.4011613541093,2.475769717089096,2.292120769416351,2.476 ± 2.292,0.0453761581886151,11.928561831233946,0.2945124005587135,0.1490137867275519,0.2945 ± 0.149,0.016082668767878,0.8678053631675151,542.5906040268457,12.54067926979648,542.6 ± 12.54,405.0,544.0,90.74500850703092,0.402768388799393,90.75 ± 0.4028,86.5225601196289,90.79800415039062,68.1907755547013,2,2,1,2,1:5; 2:293,0,0,0.0,model_dynamic,True,mckenzie2003,NDT,8.166265772493094,8.156023979187012,8.02525520324707,8.243668556213379,10.122960090637209,9.757039894994866,5.425906040268456,3.072919463087248,3.09,3.56,0,0.0,0.0,294,2399.446566581726,902.93,0,0.0,0.0,0,0.0,0.0,4,34.10063362121582,12.8,0,0.0,0.0,8.0,9.0,9.0,0.0124999999999999,0.0124999999999999,0.025,0.0226634387139137,NDT
dynamic,model_dynamic/summary_timeseries.csv,20,1.1,298,119200.0,1166.1664356756803,13.637286879998788,1166 ± 13.64,1139.210385799408,1207.3869890645476,2.481320487131905,2.296089173318993,2.481 ± 2.296,0.0467072588218061,11.943811652892864,0.2941875359907244,0.1488666518787763,0.2942 ± 0.1489,0.0158440504864233,0.8656335882599205,541.6845637583892,11.749389387716702,541.7 ± 11.75,409.0,543.0,90.46325537662378,0.4087365840254591,90.46 ± 0.4087,86.51042938232422,90.51238250732422,68.17660326513965,2,2,1,2,1:5; 2:293,0,0,0.0,model_dynamic,True,mckenzie2003,NDT,8.023897243026118,8.02525520324707,7.895328044891357,8.112340927124023,10.122960090637209,9.586958391759593,5.416845637583892,3.040268456375839,3.06,3.56,0,0.0,0.0,294,2356.102095603943,892.99,0,0.0,0.0,0,0.0,0.0,4,35.019282817840576,13.01,0,0.0,0.0,8.0,9.0,9.0,0.0125,0.0125000000000001,0.025,0.0227123300537554,NDT
dynamic,model_dynamic/summary_timeseries.csv,20,1.0,298,119200.0,1166.1842906232346,13.634932091308672,1166 ± 13.63,1139.210385799408,1207.3727141999902,2.4865948753591494,2.3001110280900443,2.487 ± 2.3,0.0457732844784197,11.958726865185508,0.2938710031466285,0.1487260755853384,0.2939 ± 0.1487,0.0156079482210142,0.8634826073262337,545.496644295302,13.31755875863071,545.5 ± 13.32,406.0,547.0,89.85034015834732,0.3965561314645012,89.85 ± 0.3966,86.07555389404297,89.89881134033203,68.16232840058228,2,2,1,2,1:6; 2:292,0,0,0.0,model_dynamic,True,mckenzie2003,NDT,8.07584368942568,8.112340927124023,8.02525520324707,8.112340927124023,10.122960090637209,9.648591375508037,5.45496644295302,3.052214765100671,3.06,3.56,0,0.0,0.0,294,2373.6648077964783,897.0299999999999,0,0.0,0.0,0,0.0,0.0,4,32.93661165237427,12.53,0,0.0,0.0,8.0,9.0,9.0,0.0124999999999999,0.0124999999999999,0.025,0.0228461640010896,NDT
dynamic,model_dynamic/summary_timeseries.csv,20,0.9,298,119200.0,1166.202061232109,13.632598553925511,1166 ± 13.63,1139.210385799408,1207.3584400070931,2.491630915134481,2.304202095172634,2.492 ± 2.304,0.043733601279459,11.9733497686564,0.2935571330689416,0.148587306621388,0.2936 ± 0.1486,0.0153725430305263,0.8613452279070402,544.5503355704698,12.947978641243733,544.6 ± 12.95,402.0,546.0,91.0478537386696,0.3778263333945171,91.05 ± 0.3778,86.96846008300781,91.09213256835938,68.14805420768539,2,2,1,2,1:5; 2:293,0,0,0.0,model_dynamic,True,mckenzie2003,NDT,8.106523275375366,8.112340927124023,8.02525520324707,8.243668556213379,10.122960090637209,9.68535966582258,5.445503355704698,3.0592281879194627,3.09,3.56,0,0.0,0.0,294,2382.527099609375,899.06,0,0.0,0.0,0,0.0,0.0,4,33.21683645248413,12.590000000000002,0,0.0,0.0,8.0,9.0,9.0,0.0124999999999999,0.0124999999999999,0.025,0.0225272989048551,NDT
dynamic,model_dynamic/summary_timeseries.csv,20,0.8,298,119200.0,1166.2201341415491,13.630158060959616,1166 ± 13.63,1139.210385799408,1207.3443005741458,2.4972104202658185,2.307957600118798,2.497 ± 2.308,0.0484765581156792,11.987850890859528,0.2932368098161077,0.148445936613063,0.2932 ± 0.1484,0.0151449240327433,0.8591673932865865,545.5134228187919,11.11176387159135,545.5 ± 11.11,420.0,547.0,88.30786445156839,0.4199262082641691,88.31 ± 0.4199,84.33849334716797,88.37081146240234,68.13391477473783,2,2,1,2,1:5; 2:293,0,0,0.0,model_dynamic,True,mckenzie2003,NDT,8.248038279130155,8.243668556213379,8.156023979187012,8.243668556213379,10.263508796691896,9.855275160121163,5.455134228187919,3.0916107382550333,3.09,3.59,0,0.0,0.0,294,2422.104914665222,908.11,0,0.0,0.0,0,0.0,0.0,4,35.810492515563965,13.19,0,0.0,0.0,8.0,9.0,9.0,0.0125,0.0125000000000001,0.025,0.0231969920537643,NDT
dynamic,model_dynamic/summary_timeseries.csv,20,0.7,298,119200.0,1166.2373698017943,13.62801526780681,1166 ± 13.63,1139.210385799408,1207.3297243826646,2.5013414753201224,2.312342595226058,2.501 ± 2.312,0.0391166660815488,12.001760586103371,0.2929415483361241,0.1483196178756305,0.2929 ± 0.1483,0.0149101577488656,0.8570713135853735,542.5469798657718,13.394359511291142,542.5 ± 13.39,384.0,545.0,89.98078818609251,0.3317899885507858,89.98 ± 0.3318,86.09880828857422,90.05976104736328,68.11933858325665,2,2,1,2,1:5; 2:293,0,0,0.0,model_dynamic,True,mckenzie2003,NDT,8.085327654076902,8.112340927124023,8.02525520324707,8.156023979187012,10.029687881469728,9.659937011450868,5.425469798657717,3.0542953020134225,3.07,3.54,0,0.0,0.0,294,2376.498878479004,897.6799999999998,0,0.0,0.0,0,0.0,0.0,4,32.928762435913086,12.5,0,0.0,0.0,8.0,9.0,9.0,0.0124999999999999,0.0124999999999999,0.025,0.0227261681884699,NDT
dynamic,model_dynamic/summary_timeseries.csv,20,0.6,298,119200.0,1166.2552134447922,13.62571135307544,1166 ± 13.63,1139.210385799408,1207.3157856110788,2.506446313122352,2.3162418393799937,2.506 ± 2.316,0.0453763490909319,12.015636807841712,0.2926298703223602,0.1481900392660048,0.2926 ± 0.1482,0.0146850606901491,0.8549352032144795,541.1845637583892,12.032792023054997,541.2 ± 12.03,403.0,543.0,90.72938248295112,0.3921220229013951,90.73 ± 0.3921,86.95458984375,90.79683685302734,68.10539981167085,2,2,1,2,1:5; 2:293,0,0,0.0,model_dynamic,True,mckenzie2003,NDT,8.102164732529813,8.112340927124023,7.9818525314331055,8.156023979187012,10.122960090637209,9.68055215001696,5.411845637583893,3.0582214765100666,3.07,3.56,0,0.0,0.0,294,2379.5575299263,898.3799999999999,0,0.0,0.0,0,0.0,0.0,4,34.88756036758423,12.97,0,0.0,0.0,8.0,9.0,9.0,0.0124999999999999,0.0124999999999999,0.025,0.0225068870170782,NDT
dynamic,model_dynamic/summary_timeseries.csv,20,0.5,298,119200.0,1166.2732153921097,13.623362073651556,1166 ± 13.62,1139.210385799408,1207.3021787913185,2.511828422290208,2.31998198837622,2.512 ± 2.32,0.0477835147209766,12.029368816428647,0.2923148465599844,0.1480609624149729,0.2923 ± 0.1481,0.0144659260229552,0.8527713712455064,551.7348993288591,11.392340687152362,551.7 ± 11.39,420.0,553.0,89.81859214833919,0.4222815051877835,89.82 ± 0.4223,85.88611602783203,89.87159729003906,68.09179299191032,2,2,1,2,1:5; 2:293,0,0,0.0,model_dynamic,True,mckenzie2003,NDT,8.164021450401153,8.112340927124023,8.112340927124023,8.287631034851074,10.310529708862305,9.75485745788784,5.517348993288591,3.07238255033557,3.1,3.6,0,0.0,0.0,294,2396.714201927185,902.31,0,0.0,0.0,0,0.0,0.0,4,36.1641902923584,13.26,0,0.0,0.0,8.0,9.0,9.0,0.0124999999999999,0.0124999999999999,0.025,0.022714734268042,NDT
dynamic,model_dynamic/summary_timeseries.csv,20,0.4,298,119200.0,1166.2909223296328,13.62110670520713,1166 ± 13.62,1139.210385799408,1207.2880949676114,2.5166892688505427,2.3239241468987486,2.517 ± 2.324,0.0445607375878989,12.042793642641088,0.292007795006717,0.1479366919462459,0.292 ± 0.1479,0.014246145357064,0.8506292892127205,544.7348993288591,11.646651309918736,544.7 ± 11.65,408.0,547.0,83.52439890611892,0.3732027480183726,83.52 ± 0.3732,79.83863067626953,83.61614227294922,68.07770916820346,2,2,1,2,1:5; 2:293,0,0,0.0,model_dynamic,True,mckenzie2003,NDT,8.179206737735928,8.243668556213379,8.02525520324707,8.243668556213379,10.263508796691896,9.77276253561448,5.447348993288591,3.0758053691275165,3.09,3.59,0,0.0,0.0,294,2402.314708709717,903.58,0,0.0,0.0,0,0.0,0.0,4,35.0888991355896,13.01,0,0.0,0.0,8.0,9.0,9.0,0.0125,0.0125,0.025,0.024385581686051,NDT
dynamic,model_dynamic/summary_timeseries.csv,20,0.3,298,119200.0,1166.3071446007364,13.619511613826733,1166 ± 13.62,1139.210385799408,1207.2734249191683,2.5188736982203626,2.3290760118489486,2.519 ± 2.329,0.0235268951178364,12.055103008671406,0.2917491210647316,0.1478418664136253,0.2917 ± 0.1478,0.0140047472620038,0.848735662480256,533.1744966442953,20.90750853969064,533.2 ± 20.91,284.0,536.0,81.57876993985784,0.5497096428754591,81.58 ± 0.5497,77.47628021240234,84.83184814453125,68.06303911976033,2,2,1,2,1:5; 2:293,0,0,0.0,model_dynamic,True,mckenzie2003,NDT,7.898918263864197,7.9818525314331055,7.073944091796875,8.156023979187012,9.61422061920166,9.453071363968617,5.331744966442954,3.024261744966443,3.1,3.45,0,0.0,0.0,280,2229.8362193107605,847.2199999999999,0,0.0,0.0,14,98.16625595092772,43.440000000000005,4,25.87516736984253,10.57,0,0.0,0.0,8.0,9.0,9.0,0.0124999999999999,0.0124999999999999,0.025,0.0249060935814387,NDT
dynamic,model_dynamic/summary_timeseries.csv,20,0.2,298,119200.0,1166.3229008430835,13.618156232049678,1166 ± 13.62,1139.210385799408,1207.2591031024058,2.52035284009745,2.3342327034464017,2.52 ± 2.334,0.0164061382227261,12.066848558077645,0.2915170720887798,0.1477628562850786,0.2915 ± 0.1478,0.0137594109537022,0.846986714090218,533.8557046979865,28.5057862548423,533.9 ± 28.51,219.0,539.0,83.56988389700051,0.7051803214039535,83.57 ± 0.7052,81.77078247070312,88.09478759765625,68.04871730299783,2,2,1,2,1:6; 2:292,0,0,0.0,model_dynamic,True,mckenzie2003,NDT,7.8252581293950945,7.895328044891357,7.073944091796875,8.156023979187012,8.156023979187012,9.38860089943292,5.338557046979865,3.026140939597316,3.12,3.12,0,0.0,0.0,260,2074.8654074668884,787.6899999999999,0,0.0,0.0,34,240.51409912109372,106.08,4,16.54741597175598,8.02,0,0.0,0.0,8.0,9.0,9.0,0.0125,0.0125,0.025,0.0242352332084849,NDT
dynamic,model_dynamic/summary_timeseries.csv,20,0.1,298,119200.0,1166.3392645393026,13.61661478025296,1166 ± 13.62,1139.210385799408,1207.2455787253243,2.5228679305730344,2.338773679691876,2.523 ± 2.339,0.0223274547464061,12.078781704875228,0.2912679416839999,0.1476777351172954,0.2913 ± 0.1477,0.0135246150718524,0.8451668516707159,555.4731543624162,28.54669348351827,555.5 ± 28.55,281.0,559.0,84.26681777134837,0.3632458366522605,84.27 ± 0.3632,80.36199188232422,87.54058837890625,68.03519292591636,2,2,1,2,1:7; 2:291,0,0,0.0,model_dynamic,True,mckenzie2003,NDT,8.2262744063499,8.287631034851074,8.156023979187012,8.375833511352539,10.169723510742188,9.826918419963132,5.554731543624161,3.0846644295302017,3.12,3.57,0,0.0,0.0,293,2425.2041931152344,907.59,0,0.0,0.0,0,0.0,0.0,5,26.22557997703552,11.64,0,0.0,0.0,8.0,9.0,9.0,0.0125,0.0125,0.025,0.0240554607390566,NDT
dynamic,model_dynamic/summary_timeseries.csv,20,0.0,298,119200.0,1166.3557022978102,13.615132503136,1166 ± 13.62,1139.210385799408,1207.2323550955114,2.5256232728258787,2.3431374149039024,2.526 ± 2.343,0.0255705824221996,12.090524579909877,0.2910116621550231,0.1475914864528863,0.291 ± 0.1476,0.0132841259374323,0.843303705874489,611.6275167785235,26.92904262662584,611.6 ± 26.93,342.0,615.0,93.31599426269533,0.3153653088266172,93.32 ± 0.3154,88.79133605957031,95.70462036132812,68.0219692961034,1,1,1,1,1:298,0,0,0.0,model_dynamic,True,mckenzie2003,NDT,8.74528325164078,8.777320861816406,8.642662048339844,8.867552757263184,10.929530143737791,10.449392182300054,6.116275167785234,3.2024832214765104,3.23,3.73,0,0.0,0.0,293,2573.2265625,940.85,0,0.0,0.0,0,0.0,0.0,5,32.86784648895264,13.490000000000002,0,0.0,0.0,,,,,,,,NDT
