resolution_m,ka_bp,n_cells,area_m2,mean_elevation_m,sd_elevation_m,elevation_m_mean_sd,min_elevation_m,max_elevation_m,mean_soil_depth_m,sd_soil_depth_m,soil_depth_m_mean_sd,min_soil_depth_m,max_soil_depth_m,mean_slope,sd_slope,slope_mean_sd,min_slope,max_slope,mean_npp,sd_npp,npp_mean_sd,min_npp,max_npp,mean_eemt,sd_eemt,eemt_mean_sd,min_eemt,max_eemt,relief_m,dominant_vegetation_code,vegetation_class_richness,vegetation_min_code,vegetation_max_code,vegetation_class_counts,vegetation_nonvegetated_cell_count,vegetation_unclassified_cell_count,vegetation_unclassified_fraction,case,geomorph_dynamic,biome4_variant,reich_lai_sapwood_agb_mean_kg_m2,reich_lai_sapwood_agb_median_kg_m2,reich_lai_sapwood_agb_p05_kg_m2,reich_lai_sapwood_agb_p95_kg_m2,reich_lai_sapwood_agb_max_kg_m2,legacy_0010_agb_mean_kg_m2,legacy_0010_agb_median_kg_m2,legacy_0010_agb_p95_kg_m2,reich_lai_sapwood_to_legacy_ratio_mean,reich_lai_sapwood_to_legacy_ratio_median,reich_lai_sapwood_pft00_count,reich_lai_sapwood_pft00_agb_sum_kg_m2_cells,reich_lai_sapwood_pft01_count,reich_lai_sapwood_pft01_agb_sum_kg_m2_cells,reich_lai_sapwood_pft02_count,reich_lai_sapwood_pft02_agb_sum_kg_m2_cells,reich_lai_sapwood_pft03_count,reich_lai_sapwood_pft03_agb_sum_kg_m2_cells,reich_lai_sapwood_pft04_count,reich_lai_sapwood_pft04_agb_sum_kg_m2_cells,reich_lai_sapwood_pft05_count,reich_lai_sapwood_pft05_agb_sum_kg_m2_cells,reich_lai_sapwood_pft06_count,reich_lai_sapwood_pft06_agb_sum_kg_m2_cells,reich_lai_sapwood_pft07_count,reich_lai_sapwood_pft07_agb_sum_kg_m2_cells,reich_lai_sapwood_pft08_count,reich_lai_sapwood_pft08_agb_sum_kg_m2_cells,reich_lai_sapwood_pft09_count,reich_lai_sapwood_pft09_agb_sum_kg_m2_cells,reich_lai_sapwood_pft10_count,reich_lai_sapwood_pft10_agb_sum_kg_m2_cells,reich_lai_sapwood_pft11_count,reich_lai_sapwood_pft11_agb_sum_kg_m2_cells,reich_lai_sapwood_pft12_count,reich_lai_sapwood_pft12_agb_sum_kg_m2_cells,reich_lai_sapwood_pft13_count,reich_lai_sapwood_pft13_agb_sum_kg_m2_cells,geomorph_accepted_substeps_to_next,geomorph_rejected_substeps_to_next,geomorph_rejected_fluvial_trials_to_next,geomorph_min_dt_kyr_to_next,geomorph_max_dt_kyr_to_next,geomorph_fluvial_tolerance_m,geomorph_max_accepted_fluvial_change_m_to_next
20,21.0,298,119200.0,1163.0774822875155,14.20121742195375,1163 ± 14.2,1136.41357421875,1211.7552490234375,1.940387676626244,0.0022496970965876,1.94 ± 0.00225,1.940000057220459,1.9574874639511108,0.3721090606572333,0.227557946985991,0.3721 ± 0.2276,0.0274833136904463,1.5032500055566438,270.0,0.0,270 ± 0,270.0,270.0,54.4341240953279,0.0033940222320541,54.43 ± 0.003394,54.42782974243164,54.43901824951172,75.3416748046875,0,1,0,0,0:298,0,0,0.0,model_dynamic,True,mckenzie2003,2.7843738290287505,2.7760167121887207,2.7760167121887207,2.7988646030426025,2.7988646030426025,2.7,2.7,2.7,1.0312495663069443,1.0281543378476743,0,0.0,0,0.0,0,0.0,0,0.0,0,0.0,0,0.0,298,829.7434010505676,0,0.0,0,0.0,0,0.0,0,0.0,0,0.0,0,0.0,0,0.0,16.0,18.0,18.0,0.00625,0.0062500000000013,0.025,0.0184963292449345
20,20.9,298,119200.0,1163.080242237931,14.193604767917762,1163 ± 14.19,1136.4370722375934,1211.649473426418,1.923778617227266,0.0536623227942854,1.924 ± 0.05366,1.645738800681214,2.07114991927033,0.3712695109864945,0.2264046444015492,0.3713 ± 0.2264,0.0329845666587665,1.493813867478686,284.0,0.0,284 ± 0,284.0,284.0,54.695966349352126,0.0016147832235265,54.7 ± 0.001615,54.69206619262695,54.69884490966797,75.21240118882451,0,1,0,0,0:298,0,0,0.0,model_dynamic,True,mckenzie2003,2.867254934054893,2.867408275604248,2.867408275604248,2.867408275604248,2.867408275604248,2.84,2.84,2.84,1.0095968077658075,1.0096508012691014,0,0.0,0,0.0,0,0.0,0,0.0,0,0.0,0,0.0,298,854.4419703483582,0,0.0,0,0.0,0,0.0,0,0.0,0,0.0,0,0.0,0,0.0,16.0,18.0,18.0,0.0062499999999998,0.0062499999999998,0.025,0.0179861263763676
20,20.8,298,119200.0,1163.0832561703114,14.18641873223133,1163 ± 14.19,1136.4605661560788,1211.5492305397756,1.9075097880527945,0.1058246484782667,1.908 ± 0.1058,1.361698862096061,2.192534801096298,0.3704545899414002,0.2252827154604164,0.3705 ± 0.2253,0.0384913936183964,1.4845727025994655,285.8489932885906,0.3580554210156793,285.8 ± 0.3581,285.0,286.0,54.80181462332706,0.0186471840412412,54.8 ± 0.01865,54.7552375793457,54.8132438659668,75.08866438369682,0,1,0,0,0:298,0,0,0.0,model_dynamic,True,mckenzie2003,2.8436019172604454,2.833136320114136,2.833136320114136,2.867408275604248,2.867408275604248,2.858489932885906,2.86,2.86,0.994797625215549,0.9906071049350126,0,0.0,0,0.0,0,0.0,0,0.0,0,0.0,0,0.0,298,847.3933713436127,0,0.0,0,0.0,0,0.0,0,0.0,0,0.0,0,0.0,0,0.0,16.0,18.0,18.0,0.00625,0.0062500000000013,0.025,0.0175389309330321
20,20.7,298,119200.0,1163.0855464027013,14.18081167036239,1163 ± 14.18,1136.484096546426,1211.4547073755468,1.8905525605635565,0.1577697824141797,1.891 ± 0.1578,1.0872992265725865,2.305640524357739,0.3697016476197836,0.2242016982145364,0.3697 ± 0.2242,0.0386000058712945,1.4755639558521745,282.3255033557047,0.4685626117496773,282.3 ± 0.4686,282.0,283.0,55.82378560264639,0.0203520521087586,55.82 ± 0.02035,55.8046760559082,55.85511016845703,74.97061082912069,0,1,0,0,0:298,0,0,0.0,model_dynamic,True,mckenzie2003,2.8500039977515303,2.844560384750366,2.833136320114136,2.867408275604248,2.867408275604248,2.8232550335570465,2.82,2.83,1.0094712474329248,1.0087093562944562,0,0.0,0,0.0,0,0.0,0,0.0,0,0.0,0,0.0,298,849.301191329956,0,0.0,0,0.0,0,0.0,0,0.0,0,0.0,0,0.0,0,0.0,16.0,18.0,18.0,0.0062499999999998,0.0062499999999998,0.025,0.0168333537086873
20,20.6,298,119200.0,1163.0883395935052,14.175342019177751,1163 ± 14.18,1136.507728497211,1211.3638645490623,1.874165205037035,0.2084812073845489,1.874 ± 0.2085,0.8274807492672672,2.4136646341537005,0.3689562428752125,0.2231350876110541,0.369 ± 0.2231,0.0387028255783826,1.466642643908233,285.0,0.0,285 ± 0,285.0,285.0,55.60274413448053,0.0013418346107851,55.6 ± 0.001342,55.59366226196289,55.604713439941406,74.85613605185131,0,1,0,0,0:298,0,0,0.0,model_dynamic,True,mckenzie2003,2.842260219106738,2.844560384750366,2.833136320114136,2.867408275604248,2.867408275604248,2.8500000000000005,2.85,2.85,0.9972842874058732,0.998091363070304,0,0.0,0,0.0,0,0.0,0,0.0,0,0.0,0,0.0,298,846.993545293808,0,0.0,0,0.0,0,0.0,0,0.0,0,0.0,0,0.0,0,0.0,16.0,18.0,18.0,0.00625,0.0062500000000013,0.025,0.016520517605362
20,20.5,298,119200.0,1163.0914666222372,14.170314375386544,1163 ± 14.17,1136.5313757578945,1211.27851883688,1.8581646742963616,0.2579447989427778,1.858 ± 0.2579,0.5771526031998312,2.5154588783224847,0.368238646891712,0.2220904959845807,0.3682 ± 0.2221,0.0387984022232425,1.4579760696842283,287.98993288590606,0.0998286898029766,288 ± 0.09983,287.0,288.0,53.00015856595648,0.0051195478820823,53 ± 0.00512,52.9512939453125,53.0036506652832,74.74714307898557,0,1,0,0,0:298,0,0,0.0,model_dynamic,True,mckenzie2003,2.89025616645813,2.89025616645813,2.89025616645813,2.89025616645813,2.89025616645813,2.87989932885906,2.88,2.88,1.0035963708769742,1.0035611689090729,0,0.0,0,0.0,0,0.0,0,0.0,0,0.0,0,0.0,298,861.2963376045227,0,0.0,0,0.0,0,0.0,0,0.0,0,0.0,0,0.0,0,0.0,16.0,18.0,18.0,0.00625,0.0062500000000013,0.025,0.0169483038825696
20,20.4,298,119200.0,1163.0942620933208,14.16602099389332,1163 ± 14.17,1136.5548859620158,1211.2019981306162,1.8418407371396783,0.3054231169191835,1.842 ± 0.3054,0.3256029779906841,2.608301693660896,0.3676167358850247,0.2211027192421011,0.3676 ± 0.2211,0.0388839481011945,1.4498609040826915,281.0,0.0,281 ± 0,281.0,281.0,52.765089751890045,0.003054840367814,52.77 ± 0.003055,52.76165390014648,52.771034240722656,74.64711216860042,0,1,0,0,0:298,0,0,0.0,model_dynamic,True,mckenzie2003,2.833519796397062,2.844560384750366,2.810288667678833,2.844560384750366,2.844560384750366,2.81,2.81,2.81,1.0083700343050044,1.0122990693061802,0,0.0,0,0.0,0,0.0,0,0.0,0,0.0,0,0.0,298,844.3888993263245,0,0.0,0,0.0,0,0.0,0,0.0,0,0.0,0,0.0,0,0.0,16.0,18.0,18.0,0.0062499999999998,0.0062499999999998,0.025,0.0166341163415085
20,20.3,298,119200.0,1163.0971967284208,14.16210745720386,1163 ± 14.16,1136.5784044531472,1211.1301151394111,1.825736853990102,0.3517664705490663,1.826 ± 0.3518,0.0880495506117996,2.6961683212040954,0.3670325726936895,0.2201450026941545,0.367 ± 0.2201,0.0389634659930229,1.4419754566892733,283.93959731543623,1.0409610164867569,283.9 ± 1.041,266.0,284.0,54.53768504866017,0.0502312108642137,54.54 ± 0.05023,53.67789840698242,54.5452995300293,74.55171068626396,0,1,0,0,0:298,0,0,0.0,model_dynamic,True,mckenzie2003,2.81573218947289,2.7988646030426025,2.7988646030426025,2.867408275604248,3.221550226211548,2.8393959731543625,2.84,2.84,0.9917125816503084,0.9855157052966912,0,0.0,0,0.0,0,0.0,0,0.0,0,0.0,0,0.0,297,835.8666422367096,1,3.221550226211548,0,0.0,0,0.0,0,0.0,0,0.0,0,0.0,0,0.0,11.0,12.0,12.0,0.00625,0.0125,0.025,0.0245990450531592
20,20.2,298,119200.0,1163.1012469204534,14.157959836321709,1163 ± 14.16,1136.6020639892972,1211.0593805002052,1.810947914556778,0.3942049360799089,1.811 ± 0.3942,0.0,2.779454914813525,0.3664285586698173,0.2192127530046304,0.3664 ± 0.2192,0.0385352388358991,1.4340383369432472,283.0469798657718,16.424051593457715,283 ± 16.42,0.0,284.0,53.63815874701378,0.4170431509477704,53.64 ± 0.417,53.6090087890625,60.82529830932617,74.45731651090796,0,2,0,4,0:297; 4:1,1,0,0.0,model_dynamic,True,mckenzie2003,2.85770942940808,2.867408275604248,2.867408275604248,2.867408275604248,2.867408275604248,2.830469798657718,2.84,2.84,1.0096237136193007,1.0096508012691014,1,0.0,0,0.0,0,0.0,0,0.0,0,0.0,0,0.0,297,851.5974099636078,0,0.0,0,0.0,0,0.0,0,0.0,0,0.0,0,0.0,0,0.0,8.0,9.0,9.0,0.0124999999999997,0.0124999999999997,0.025,0.0240278723763315
20,20.1,298,119200.0,1163.105231193308,14.15471814754464,1163 ± 14.15,1136.6256946394838,1210.9937197080324,1.7962069640951603,0.4344891695533556,1.796 ± 0.4345,0.0,2.853893192335236,0.3658821228508169,0.2183611009329557,0.3659 ± 0.2184,0.037345106490295,1.4263871257475476,290.0234899328859,16.828869766535902,290 ± 16.83,0.0,291.0,57.60161404961708,0.4230944259399018,57.6 ± 0.4231,57.572410583496094,64.8930435180664,74.3680250685486,0,2,0,4,0:297; 4:1,1,0,0.0,model_dynamic,True,mckenzie2003,2.8804806494872843,2.89025616645813,2.89025616645813,2.89025616645813,2.89025616645813,2.900234899328859,2.91,2.91,0.9931887414201708,0.9932151774770204,1,0.0,0,0.0,0,0.0,0,0.0,0,0.0,0,0.0,297,858.3832335472107,0,0.0,0,0.0,0,0.0,0,0.0,0,0.0,0,0.0,0,0.0,8.0,9.0,9.0,0.0125,0.0125000000000014,0.025,0.0222154224706551
20,20.0,298,119200.0,1163.110769590596,14.150763858441763,1163 ± 14.15,1136.6496217515516,1210.9264546040447,1.783302816704787,0.4725383774007751,1.783 ± 0.4725,0.0,2.9354080949361845,0.3652688366445144,0.2174726049860728,0.3653 ± 0.2175,0.0360927606710183,1.4184207595204426,291.8859060402685,17.011654197681864,291.9 ± 17.01,0.0,293.0,56.34725080400505,0.4323210022490542,56.35 ± 0.4323,55.43478012084961,63.692501068115234,74.27683285249304,0,2,0,4,0:297; 4:1,1,0,0.0,model_dynamic,True,mckenzie2003,2.8836241136461296,2.89025616645813,2.867408275604248,2.901679992675781,3.221550226211548,2.9188590604026845,2.93,2.93,0.9880136852496532,0.9864355516921944,1,0.0,0,0.0,0,0.0,0,0.0,0,0.0,0,0.0,295,852.8768854141235,2,6.443100452423096,0,0.0,0,0.0,0,0.0,0,0.0,0,0.0,0,0.0,8.0,9.0,9.0,0.0125,0.0125000000000014,0.025,0.0225929054918469
20,19.9,298,119200.0,1163.1162870778096,14.147073397627867,1163 ± 14.15,1136.673494692904,1210.8645121817178,1.7705018596084576,0.5089271725671477,1.771 ± 0.5089,0.0,3.0162979921287145,0.3647129572603945,0.2166212891203514,0.3647 ± 0.2166,0.0348882938747648,1.411173738636243,291.38255033557044,29.407481428466248,291.4 ± 29.41,0.0,295.0,55.23378158415724,0.7193155719207279,55.23 ± 0.7193,55.13207244873047,62.36030578613281,74.19101748881394,0,2,0,4,0:295; 4:3,3,0,0.0,model_dynamic,True,mckenzie2003,2.838886736223362,2.867408275604248,2.844560384750366,2.901679992675781,2.901679992675781,2.913825503355705,2.94,2.95,0.9742718609909684,0.9720028052895756,3,0.0,0,0.0,0,0.0,0,0.0,0,0.0,0,0.0,295,845.9882473945618,0,0.0,0,0.0,0,0.0,0,0.0,0,0.0,0,0.0,0,0.0,8.0,9.0,9.0,0.0124999999999997,0.0124999999999997,0.025,0.0224090097739166
20,19.8,298,119200.0,1163.1224639346517,14.143641270177609,1163 ± 14.14,1136.697315369625,1210.807350665579,1.7585548241273872,0.541851484730501,1.759 ± 0.5419,0.0,3.093129908343665,0.3641895768214109,0.2158062001429115,0.3642 ± 0.2158,0.0337291642302548,1.4046390840825085,286.76174496644296,33.609985926835385,286.8 ± 33.61,0.0,291.0,57.65728099234152,0.8449020502341077,57.66 ± 0.8449,56.71173858642578,64.95704650878906,74.11003529595428,0,3,0,4,0:294; 3:1; 4:3,3,0,0.0,model_dynamic,True,mckenzie2003,2.847196932607049,2.89025616645813,2.867408275604248,2.89025616645813,3.221550226211548,2.8676174496644293,2.91,2.91,0.9961621468438544,0.9932151774770204,3,0.0,0,0.0,0,0.0,0,0.0,0,0.0,0,0.0,292,842.7095906734467,2,5.677696704864502,0,0.0,0,0.0,1,0.0773985385894775,0,0.0,0,0.0,0,0.0,8.0,9.0,9.0,0.0125,0.0125000000000014,0.025,0.0210394908307026
20,19.7,298,119200.0,1163.130040489958,14.139686492018942,1163 ± 14.14,1136.7213291551989,1210.7506635840275,1.748373153288348,0.5714426542731993,1.748 ± 0.5714,0.0,3.17085341334716,0.3636406248325488,0.2149874357443343,0.3636 ± 0.215,0.032542893490521,1.3979590932629733,280.3020134228188,38.151535491715904,280.3 ± 38.15,0.0,286.0,56.968957017732144,1.0195869191295912,56.97 ± 1.02,55.999019622802734,64.23521423339844,74.02933442882886,0,2,0,4,0:293; 4:5,5,0,0.0,model_dynamic,True,mckenzie2003,2.790929187864265,2.844560384750366,2.833136320114136,2.867408275604248,3.2101263999938965,2.803020134228188,2.86,2.86,0.9957830498374824,0.9946015331294988,5,0.0,0,0.0,0,0.0,0,0.0,0,0.0,0,0.0,290,825.0824382305145,3,6.614459753036499,0,0.0,0,0.0,0,0.0,0,0.0,0,0.0,0,0.0,8.0,9.0,9.0,0.0124999999999997,0.0124999999999997,0.025,0.0209393220034958
20,19.6,298,119200.0,1163.1382093384782,14.135664455385928,1163 ± 14.14,1136.745315609894,1210.6979966016931,1.7389916987255825,0.5984657898169498,1.739 ± 0.5985,0.0,3.2455050648152963,0.3631057764677843,0.2142066566372966,0.3631 ± 0.2142,0.0313946260378494,1.3915381919306633,234.78523489932888,37.15929138659964,234.8 ± 37.16,0.0,241.0,51.67519642362659,0.9478278944068144,51.68 ± 0.9478,50.56911849975586,57.770355224609375,73.95268099179907,0,3,0,4,0:290; 3:1; 4:7,7,0,0.0,model_dynamic,True,mckenzie2003,2.560676367340872,2.638929605484009,2.616081714630127,2.638929605484009,2.673201322555542,2.347852348993289,2.41,2.41,1.089189280964139,1.0949915375452317,7,0.0,0,0.0,0,0.0,0,0.0,0,0.0,0,0.0,289,760.3658666610718,1,2.513266086578369,1,0.2024247199296951,0,0.0,0,0.0,0,0.0,0,0.0,0,0.0,8.0,9.0,9.0,0.0125,0.0125000000000014,0.025,0.0224595488183119
20,19.5,298,119200.0,1163.145929029518,14.132631411321002,1163 ± 14.13,1136.7689453211929,1210.6539162527483,1.7290863120614597,0.6240205475672299,1.729 ± 0.624,0.0,3.311560556630518,0.3626831134616445,0.2135281615821333,0.3627 ± 0.2135,0.0303761458252845,1.3859479124539,278.0402684563758,49.120708627169805,278 ± 49.12,0.0,287.0,57.23842334107265,1.3289380156947752,57.24 ± 1.329,55.83819580078125,64.74151611328125,73.88497093155547,0,2,0,4,0:289; 4:9,9,0,0.0,model_dynamic,True,mckenzie2003,2.7488753203577643,2.833136320114136,2.810288667678833,2.867408275604248,3.221550226211548,2.780402684563759,2.87,2.87,0.9888485796124028,0.9871555122348904,9,0.0,0,0.0,0,0.0,0,0.0,0,0.0,0,0.0,285,806.4157314300537,4,12.74911403656006,0,0.0,0,0.0,0,0.0,0,0.0,0,0.0,0,0.0,8.0,9.0,9.0,0.0125,0.0125000000000014,0.025,0.0198380351594503
20,19.4,298,119200.0,1163.1556695447807,14.127983616623384,1163 ± 14.13,1136.7929987348998,1210.60663399717,1.7217260160308394,0.6466804346330034,1.722 ± 0.6467,0.0,3.3830144635249133,0.3621372186772442,0.212779675139406,0.3621 ± 0.2128,0.0292685266013801,1.3797938814672226,274.02013422818794,56.53145110237639,274 ± 56.53,0.0,286.0,55.00532143868056,1.4820091802651143,55.01 ± 1.482,53.82028579711914,62.1518440246582,73.81363526227028,0,2,0,4,0:286; 4:12,12,0,0.0,model_dynamic,True,mckenzie2003,2.7343462193572283,2.844560384750366,2.833136320114136,2.867408275604248,3.2443981170654297,2.740201342281879,2.86,2.86,0.9979992556264742,0.9946015331294988,12,0.0,0,0.0,0,0.0,0,0.0,0,0.0,0,0.0,284,809.7743692398071,2,5.060804128646851,0,0.0,0,0.0,0,0.0,0,0.0,0,0.0,0,0.0,8.0,9.0,9.0,0.0124999999999997,0.0124999999999997,0.025,0.0201259334509585
20,19.3,298,119200.0,1163.165882540747,14.1235829002519,1163 ± 14.12,1136.8169190028557,1210.5641173875067,1.7149203711686534,0.6670979063387468,1.715 ± 0.6671,0.0,3.450268895524621,0.3616226309961554,0.2120803113241781,0.3616 ± 0.2121,0.0282265132736227,1.3740436770989726,274.244966442953,60.81176583462321,274.2 ± 60.81,0.0,288.0,58.040639429284425,1.6089552551907125,58.04 ± 1.609,56.77457046508789,65.35397338867188,73.74719838465126,0,3,0,4,0:284; 3:1; 4:13,13,0,0.0,model_dynamic,True,mckenzie2003,2.698066139131184,2.833136320114136,2.643499064445496,2.844560384750366,3.2443981170654297,2.7424496644295293,2.88,2.88,0.9870709079714968,0.9837278889285194,13,0.0,0,0.0,0,0.0,0,0.0,0,0.0,0,0.0,281,794.1578319072723,3,9.733194351196287,0,0.0,0,0.0,1,0.1326832026243209,0,0.0,0,0.0,0,0.0,8.0,9.0,9.0,0.0125,0.0125000000000014,0.025,0.0185389484968398
20,19.2,298,119200.0,1163.1770069269894,14.118505792580208,1163 ± 14.12,1136.8410727339203,1210.521468759368,1.7093753441796309,0.6866068861958166,1.709 ± 0.6866,0.0,3.519346364125821,0.3610636675723525,0.2113555796116663,0.3611 ± 0.2114,0.0271537387128123,1.3680913244068262,268.4026845637584,64.02043711684608,268.4 ± 64.02,0.0,284.0,57.15620698864828,1.7097745535541349,57.16 ± 1.71,55.93770217895508,64.42186737060547,73.68039602544764,0,3,0,4,0:282; 3:1; 4:15,15,0,0.0,model_dynamic,True,mckenzie2003,2.66127048162806,2.810288667678833,0.065788757801056,2.810288667678833,3.2443981170654297,2.684026845637584,2.84,2.84,0.9936705581743678,0.9895382632671949,15,0.0,0,0.0,0,0.0,0,0.0,0,0.0,0,0.0,279,784.1733493804932,3,8.807855606079102,0,0.0,0,0.0,1,0.0773985385894775,0,0.0,0,0.0,0,0.0,8.0,9.0,9.0,0.0124999999999997,0.0124999999999997,0.025,0.0185359621520613
20,19.1,298,119200.0,1163.1885662949944,14.113642699774154,1163 ± 14.11,1136.865186533528,1210.482001460061,1.7043774252316637,0.7045578606396997,1.704 ± 0.7046,0.0,3.5862556298086647,0.3605121506884615,0.2106717661928215,0.3605 ± 0.2107,0.0261237566474714,1.3623740983058834,267.30872483221475,66.17136582707757,267.3 ± 66.17,0.0,284.0,56.01785928610988,1.7504598970767755,56.02 ± 1.75,54.63343811035156,63.09620666503906,73.61681492653292,0,3,0,4,0:280; 3:1; 4:17,17,0,0.0,model_dynamic,True,mckenzie2003,2.6533290649320453,2.7988646030426025,0.0,2.867408275604248,3.187278509140014,2.6730872483221475,2.84,2.84,0.9912462597477304,0.9855157052966912,17,0.0,0,0.0,0,0.0,0,0.0,0,0.0,0,0.0,279,787.3263294696808,1,3.187278509140014,1,0.1784533709287643,0,0.0,0,0.0,0,0.0,0,0.0,0,0.0,8.0,9.0,9.0,0.0125,0.0125000000000014,0.025,0.0184496342291984
20,19.0,298,119200.0,1163.2004873665735,14.108714975280217,1163 ± 14.11,1136.8892425242564,1210.4455825999278,1.6997684171028176,0.7215938820036355,1.7 ± 0.7216,0.0,3.650686163015484,0.359968689858334,0.2100311367191293,0.36 ± 0.21,0.0251401861031351,1.356895810998754,267.2953020134228,68.24890326386841,267.3 ± 68.25,0.0,285.0,57.44077057806437,1.8141713880546064,57.44 ± 1.814,56.949520111083984,64.58089447021484,73.55634007567141,0,3,0,4,0:280; 3:1; 4:17,17,0,0.0,model_dynamic,True,mckenzie2003,2.6353149372309246,2.810288667678833,0.0,2.833136320114136,2.833136320114136,2.6729530201342286,2.85,2.85,0.9882518529564992,0.9860661991855554,17,0.0,0,0.0,0,0.0,0,0.0,0,0.0,0,0.0,279,783.9105861186981,1,1.3137527704238892,0,0.0,0,0.0,1,0.099512405693531,0,0.0,0,0.0,0,0.0,7.0,8.0,8.0,0.0125,0.025,0.025,0.0249947180888839
20,18.9,298,119200.0,1163.2127945685995,14.10363812323122,1163 ± 14.1,1136.9134267192098,1210.4102840703324,1.695753406458472,0.7381859725752863,1.696 ± 0.7382,0.0,3.707215758420728,0.3594192740899324,0.2093875082830938,0.3594 ± 0.2094,0.0241594182929693,1.3513932509592084,262.0838926174497,68.40063833360655,262.1 ± 68.4,0.0,280.0,55.611525068347085,1.852355150894456,55.61 ± 1.852,54.33456802368164,62.70753479003906,73.49685735112257,0,2,0,4,0:279; 4:19,19,0,0.0,model_dynamic,True,mckenzie2003,2.638622823177568,2.810288667678833,0.0,2.833136320114136,3.2101263999938965,2.620838926174497,2.8000000000000003,2.8000000000000003,1.006832006550301,1.0036745241710117,19,0.0,0,0.0,0,0.0,0,0.0,0,0.0,0,0.0,278,783.0994749069214,1,3.2101263999938965,0,0.0,0,0.0,0,0.0,0,0.0,0,0.0,0,0.0,8.0,9.0,9.0,0.0124999999999997,0.0124999999999997,0.025,0.0178481561794176
20,18.8,298,119200.0,1163.2250151130268,14.099165616089408,1163 ± 14.1,1136.9375048854358,1210.3782816149867,1.6915744699364963,0.7538710272128739,1.692 ± 0.7539,0.0,3.7527683059626815,0.3588990801834019,0.2087869389251892,0.3589 ± 0.2088,0.0232381110849532,1.3461921301231252,265.31879194630875,65.58489336323404,265.3 ± 65.58,0.0,282.0,56.75216499431021,1.7394482806974945,56.75 ± 1.739,55.34422302246094,63.80343246459961,73.44077672955086,0,2,0,4,0:281; 4:17,17,0,0.0,model_dynamic,True,mckenzie2003,2.658020525170653,2.810288667678833,0.0,2.844560384750366,3.2101263999938965,2.653187919463087,2.82,2.82,1.0021207341635452,0.996556265134338,17,0.0,0,0.0,0,0.0,0,0.0,0,0.0,0,0.0,278,784.2989912033081,3,7.791125297546387,0,0.0,0,0.0,0,0.0,0,0.0,0,0.0,0,0.0,7.0,7.0,7.0,0.0125,0.025,0.025,0.0249847336491853
20,18.7,298,119200.0,1163.2373640001235,14.094626649415012,1163 ± 14.09,1136.9616945224411,1210.3472390199506,1.687637923055728,0.7694122167328287,1.688 ± 0.7694,0.0,3.799463041277456,0.3583737003741567,0.2081805987251914,0.3584 ± 0.2082,0.0223269099598221,1.3409722657386318,264.8120805369128,67.0670173818963,264.8 ± 67.07,0.0,282.0,57.86738322725232,1.816971490186324,57.87 ± 1.817,56.47814178466797,65.08467102050781,73.38554449750927,0,3,0,4,0:280; 3:1; 4:17,17,0,0.0,model_dynamic,True,mckenzie2003,2.675333308443527,2.844560384750366,0.0,2.844560384750366,3.221550226211548,2.648120805369127,2.82,2.82,1.0134830096699246,1.0087093562944562,17,0.0,0,0.0,0,0.0,0,0.0,0,0.0,0,0.0,277,787.4634158611298,3,9.653226852416992,0,0.0,0,0.0,1,0.1326832026243209,0,0.0,0,0.0,0,0.0,5.0,5.0,5.0,0.0124999999999997,0.0249999999999994,0.025,0.0244532403849581
20,18.6,298,119200.0,1163.2499920309328,14.090004803337834,1163 ± 14.09,1136.985991541628,1210.317208025412,1.6841539136797083,0.7848034095245963,1.684 ± 0.7848,0.0,3.847452471920649,0.3578449399563244,0.2075721985024621,0.3578 ± 0.2076,0.0214300344409195,1.3357427736187388,262.9161073825503,66.68298492724558,262.9 ± 66.68,0.0,280.0,59.76797622322236,1.90973044821892,59.77 ± 1.91,58.42422866821289,67.2930908203125,73.33121648378415,0,2,0,4,0:280; 4:18,18,0,0.0,model_dynamic,True,mckenzie2003,2.657062123285844,2.844560384750366,0.0,2.844560384750366,3.2101263999938965,2.629161073825504,2.8000000000000003,2.8000000000000003,1.0107440262445513,1.0159144231251307,18,0.0,0,0.0,0,0.0,0,0.0,0,0.0,0,0.0,277,782.2312533855438,3,9.573259353637695,0,0.0,0,0.0,0,0.0,0,0.0,0,0.0,0,0.0,6.0,6.0,6.0,0.0125,0.025,0.025,0.0235228433588372
20,18.5,298,119200.0,1163.2629007882772,14.085273156657063,1163 ± 14.09,1137.010451179456,1210.2879158671535,1.6812049382687646,0.8001709812233075,1.681 ± 0.8002,0.0,3.89810659806156,0.3573032728130787,0.2069545522182169,0.3573 ± 0.207,0.0205413230791271,1.33044486976584,259.18791946308727,65.90392327003588,259.2 ± 65.9,0.0,277.0,58.99041627717498,1.9713419357941624,58.99 ± 1.971,57.69345474243164,66.75037384033203,73.27746468769737,0,2,0,4,0:280; 4:18,18,0,0.0,model_dynamic,True,mckenzie2003,2.6156215795734585,2.7760167121887207,0.0,2.7988646030426025,3.1530065536499023,2.591879194630873,2.76,2.77,1.0094103853715175,1.0058031565901162,18,0.0,0,0.0,0,0.0,0,0.0,0,0.0,0,0.0,276,767.7799670696259,4,11.67526364326477,0,0.0,0,0.0,0,0.0,0,0.0,0,0.0,0,0.0,6.0,6.0,6.0,0.0125,0.025,0.025,0.0237263121022673
20,18.4,298,119200.0,1163.2758027016232,14.080613567205267,1163 ± 14.08,1137.0348809267127,1210.260720871716,1.678261517401668,0.8152980782087501,1.678 ± 0.8153,0.0,3.947719850719112,0.3567901685574314,0.2063585498585689,0.3568 ± 0.2064,0.0197045763290712,1.3253323954828793,260.11073825503354,67.84455549410899,260.1 ± 67.84,0.0,278.0,59.30868069437526,2.045735124616784,59.31 ± 2.046,57.93528366088867,67.24256896972656,73.22583994500337,0,3,0,4,0:279; 3:1; 4:18,18,0,0.0,model_dynamic,True,mckenzie2003,2.6496176086366177,2.833136320114136,0.0,2.833136320114136,3.175854444503784,2.601107382550336,2.78,2.78,1.020971742918198,1.019113784213718,18,0.0,0,0.0,0,0.0,0,0.0,0,0.0,0,0.0,277,783.1908447742462,2,6.328860998153687,0,0.0,0,0.0,1,0.0663416013121604,0,0.0,0,0.0,0,0.0,5.0,5.0,5.0,0.0124999999999997,0.0249999999999994,0.025,0.0234634470081143
20,18.3,298,119200.0,1163.288888014151,14.07595684675614,1163 ± 14.08,1137.0593611987208,1210.2347535359825,1.6756282789399553,0.8301887725616525,1.676 ± 0.8302,0.0,3.9976235927293136,0.3562858997453421,0.205768675253669,0.3563 ± 0.2058,0.0189049626524863,1.320278078878301,255.006711409396,66.8916781016315,255 ± 66.89,0.0,273.0,57.69609682992001,1.9551828430797011,57.7 ± 1.955,56.37781524658203,65.14232635498047,73.17539233726166,0,2,0,4,0:279; 4:19,19,0,0.0,model_dynamic,True,mckenzie2003,2.6190718000367186,2.7988646030426025,0.0,2.810288667678833,3.175854444503784,2.5500671140939595,2.73,2.73,1.0273265461219536,1.0252251293196346,19,0.0,0,0.0,0,0.0,0,0.0,0,0.0,0,0.0,276,772.875054359436,3,7.608342051506042,0,0.0,0,0.0,0,0.0,0,0.0,0,0.0,0,0.0,6.0,6.0,6.0,0.0125,0.025,0.025,0.0239581748015217
20,18.2,298,119200.0,1163.3019497877654,14.071619509545163,1163 ± 14.07,1137.0837464337333,1210.210944575898,1.6728962051799896,0.8447288522479132,1.673 ± 0.8447,0.0,4.04482083667394,0.3558114687275929,0.2052077483163358,0.3558 ± 0.2052,0.0181734128372387,1.315460550570796,280.49328859060404,77.2081751108668,280.5 ± 77.21,0.0,302.0,64.42003983619229,2.584792269737731,64.42 ± 2.585,62.82365417480469,73.94767761230469,73.12719814216484,2,4,1,4,1:3; 2:274; 3:1; 4:20,20,0,0.0,model_dynamic,True,mckenzie2003,2.7162852859962108,2.924527883529663,0.0,2.924527883529663,3.278670072555542,2.8049328859060405,3.02,3.02,0.9688972734621848,0.9683867164005509,20,0.0,0,0.0,0,0.0,0,0.0,0,0.0,0,0.0,276,806.1301174163818,1,3.278670072555542,0,0.0,0,0.0,1,0.0442277379333972,0,0.0,0,0.0,0,0.0,5.0,5.0,5.0,0.0124999999999997,0.0249999999999994,0.025,0.0213884038953286
20,18.1,298,119200.0,1163.3158903143255,14.066508783410814,1163 ± 14.07,1137.108669273329,1210.185774100059,1.6719452190463095,0.8591750384918048,1.672 ± 0.8592,0.0,4.103516360446704,0.3552459966565532,0.2045760264916699,0.3552 ± 0.2046,0.0174060511317469,1.3101722781142815,311.8456375838926,85.80774709101212,311.8 ± 85.81,0.0,336.0,69.60273589063812,3.040352086889059,69.6 ± 3.04,67.47403717041016,80.78278350830078,73.07710482672996,1,3,1,4,1:277; 3:2; 4:19,19,0,0.0,model_dynamic,True,mckenzie2003,2.7819043812685766,2.9930715560913086,0.0,3.0159194469451904,3.4043333530426025,3.118456375838926,3.36,3.36,0.895269118234191,0.8907951059795561,19,0.0,0,0.0,0,0.0,0,0.0,0,0.0,0,0.0,273,815.4406390190125,4,13.423126459121704,0,0.0,0,0.0,2,0.143740139901638,0,0.0,0,0.0,0,0.0,5.0,5.0,5.0,0.0125000000000007,0.025,0.025,0.0249054873879709
20,18.0,298,119200.0,1163.3301660706825,14.06129528812028,1163 ± 14.06,1137.1340322736512,1210.1605903077009,1.672210493732928,0.8732471532405264,1.672 ± 0.8732,0.0,4.173208160537838,0.3546403411625528,0.2038988828351687,0.3546 ± 0.2039,0.0166262919210213,1.3045983558511731,280.3053691275168,68.36742452566968,280.3 ± 68.37,0.0,300.0,63.87357746354686,2.2990471685085407,63.87 ± 2.299,62.4250373840332,73.06453704833984,73.02655803404969,2,3,1,4,1:11; 2:272; 4:15,15,0,0.0,model_dynamic,True,mckenzie2003,2.7265640757227905,2.901679992675781,0.9516139447689071,2.901679992675781,3.278670072555542,2.8030536912751685,2.99,2.99,0.9729853451818372,0.9704615360119668,15,0.0,0,0.0,0,0.0,0,0.0,0,0.0,0,0.0,273,791.7930722236633,10,20.72302234172821,0,0.0,0,0.0,0,0.0,0,0.0,0,0.0,0,0.0,7.0,8.0,8.0,0.0125,0.025,0.025,0.0212780399543678
20,17.9,298,119200.0,1163.3436545508898,14.057066080896442,1163 ± 14.06,1137.1589886577483,1210.1378151138506,1.6707682164184927,0.8879597172525324,1.671 ± 0.888,0.0,4.230349066039288,0.3541236082072197,0.2032916599542261,0.3541 ± 0.2033,0.015340473712954,1.2995205143279045,251.36241610738256,69.22666929596882,251.4 ± 69.23,0.0,271.0,55.80099758685835,1.985813805038484,55.8 ± 1.986,54.41323852539063,63.029563903808594,72.97882645610207,0,3,0,4,0:277; 3:6; 4:15,15,0,0.0,model_dynamic,True,mckenzie2003,2.5790289026878823,2.7760167121887207,0.0563903611153365,2.7760167121887207,3.175854444503784,2.513624161073826,2.71,2.71,1.0400907672589477,1.024360410401742,15,0.0,0,0.0,0,0.0,0,0.0,0,0.0,0,0.0,272,753.8085026741028,5,14.211377501487732,0,0.0,0,0.0,6,0.5307328253984451,0,0.0,0,0.0,0,0.0,6.0,6.0,6.0,0.0124999999999997,0.0249999999999994,0.025,0.0242426201657205
20,17.8,298,119200.0,1163.3565767176506,14.05355353704491,1163 ± 14.05,1137.1833389593494,1210.118215662038,1.6679714511421833,0.9016871161469102,1.668 ± 0.9017,0.0,4.273935267515103,0.3537144273132162,0.2027888165539348,0.3537 ± 0.2028,0.0141921936633679,1.295162951440427,245.3255033557047,69.55591218615888,245.3 ± 69.56,0.0,266.0,57.914786537221616,2.122447298470312,57.91 ± 2.122,56.48154830932617,65.49564361572266,72.9348767026886,0,3,0,4,0:275; 3:2; 4:21,21,0,0.0,model_dynamic,True,mckenzie2003,2.564660903566436,2.7760167121887207,0.0,2.7760167121887207,3.1530065536499023,2.453255033557047,2.65,2.66,1.0462484340642515,1.0436153053341055,21,0.0,0,0.0,0,0.0,0,0.0,0,0.0,0,0.0,272,754.5624711513519,3,9.459019660949709,1,0.1811168491840362,0,0.0,1,0.0663416013121604,0,0.0,0,0.0,0,0.0,7.0,7.0,7.0,0.0125,0.025,0.025,0.0231922513872059
20,17.7,298,119200.0,1163.3698525225138,14.050094125335889,1163 ± 14.05,1137.2078751587394,1210.0989546186272,1.6658419704391412,0.9151580697293404,1.666 ± 0.9152,0.0,4.320285083934527,0.3532912399731272,0.2022652388790591,0.3533 ± 0.2023,0.0130768583676995,1.2902330687120938,251.06711409395973,71.31964764350491,251.1 ± 71.32,0.0,272.0,54.568995571776526,2.064597188476458,54.57 ± 2.065,52.96508026123047,61.82533645629883,72.8910794598878,0,2,0,4,0:276; 4:22,22,0,0.0,model_dynamic,True,mckenzie2003,2.575906147492812,2.7760167121887207,0.0,2.7988646030426025,3.175854444503784,2.5106711409395968,2.72,2.72,1.0263821083693765,1.0205943794811472,22,0.0,0,0.0,0,0.0,0,0.0,0,0.0,0,0.0,271,754.4368085861206,5,13.183223366737366,0,0.0,0,0.0,0,0.0,0,0.0,0,0.0,0,0.0,7.0,8.0,8.0,0.0124999999999997,0.0249999999999994,0.025,0.02452326812598
20,17.6,298,119200.0,1163.382839245558,14.047100814047068,1163 ± 14.05,1137.232179799808,1210.081831693389,1.6631663116683388,0.9283041217860942,1.663 ± 0.9283,0.0,4.362191110945295,0.3529204308168039,0.2017842818433656,0.3529 ± 0.2018,0.0120863725291002,1.2854314283097052,250.54026845637583,74.31345765868842,250.5 ± 74.31,0.0,273.0,55.41117701434449,1.9899321768160891,55.41 ± 1.99,53.93906784057617,62.15792465209961,72.84965189358104,0,3,0,4,0:274; 3:1; 4:23,23,0,0.0,model_dynamic,True,mckenzie2003,2.559217971793357,2.7760167121887207,0.0,2.7988646030426025,3.187278509140014,2.5054026845637583,2.73,2.73,1.0246654028468338,1.016855938530667,23,0.0,0,0.0,0,0.0,0,0.0,0,0.0,0,0.0,270,751.0324814319611,4,11.503904819488524,0,0.0,0,0.0,1,0.110569342970848,0,0.0,0,0.0,0,0.0,6.0,7.0,7.0,0.0125,0.025,0.025,0.0244125289333264
20,17.5,298,119200.0,1163.3958214442148,14.04412953045058,1163 ± 14.04,1137.256569289923,1210.0652447934908,1.660646913840427,0.9413880127346362,1.661 ± 0.9414,0.0,4.409106056753055,0.352521089899162,0.2013099028056617,0.3525 ± 0.2013,0.0110948142276489,1.2806283642706506,247.9765100671141,75.06053117877933,248 ± 75.06,0.0,271.0,56.74627592099593,2.132386106004964,56.75 ± 2.132,55.1784553527832,63.8458251953125,72.80867550356788,0,3,0,4,0:273; 3:1; 4:24,24,0,0.0,model_dynamic,True,mckenzie2003,2.523642814749439,2.7417449951171875,0.0,2.7645928859710693,3.1530065536499023,2.479765100671141,2.71,2.71,1.0208574439722435,1.0117140203384456,24,0.0,0,0.0,0,0.0,0,0.0,0,0.0,0,0.0,270,743.184253692627,3,8.750735759735107,0,0.0,0,0.0,1,0.110569342970848,0,0.0,0,0.0,0,0.0,7.0,7.0,7.0,0.0125,0.025,0.025,0.0231894409968492
20,17.4,298,119200.0,1163.408712072925,14.041501960985734,1163 ± 14.04,1137.28108278462,1210.0491652577937,1.6582647473338017,0.9544530124046218,1.658 ± 0.9545,0.0,4.470395549354074,0.3521160730236946,0.2008282749563713,0.3521 ± 0.2008,0.0100784362587731,1.2758070650682445,247.6979865771812,76.66791500084635,247.7 ± 76.67,0.0,272.0,56.1973211941303,2.1302304476885308,56.2 ± 2.13,54.63515090942383,63.19169616699219,72.76808247317354,0,3,0,4,0:272; 3:1; 4:25,25,0,0.0,model_dynamic,True,mckenzie2003,2.5394442958144734,2.7760167121887207,0.0,2.7988646030426025,3.175854444503784,2.4769798657718125,2.72,2.72,1.0269984635641265,1.024360410401742,25,0.0,0,0.0,0,0.0,0,0.0,0,0.0,0,0.0,270,751.2723784446716,2,5.437793970108032,0,0.0,0,0.0,1,0.0442277379333972,0,0.0,0,0.0,0,0.0,7.0,8.0,8.0,0.0124999999999997,0.0249999999999994,0.025,0.0226656691948787
20,17.3,298,119200.0,1163.4218527052465,14.038958992209803,1163 ± 14.04,1137.3055808813265,1210.03400925521,1.6561483104030164,0.9671195864254032,1.656 ± 0.9671,0.0,4.530912118545193,0.3517206602569508,0.2003533339437209,0.3517 ± 0.2004,0.0090850274081957,1.2710741071293372,244.95302013422815,76.20207465780676,245 ± 76.2,0.0,269.0,57.73575865982363,2.087820573057863,57.74 ± 2.088,56.08041000366211,64.39260864257812,72.72842837388339,0,2,0,4,0:272; 4:26,26,0,0.0,model_dynamic,True,mckenzie2003,2.528178686663608,2.7645928859710693,0.0,2.7988646030426025,3.1530065536499023,2.449530201342282,2.69,2.69,1.0320949131296762,1.0277296973870147,26,0.0,0,0.0,0,0.0,0,0.0,0,0.0,0,0.0,270,748.9990329742432,2,4.398215651512146,0,0.0,0,0.0,0,0.0,0,0.0,0,0.0,0,0.0,6.0,6.0,6.0,0.0125,0.025,0.025,0.0226817161438326
20,17.2,298,119200.0,1163.4351586857952,14.036393375068508,1163 ± 14.04,1137.330220603449,1210.019063700231,1.6544282910117192,0.9796674114462166,1.654 ± 0.9797,0.0,4.592746839657512,0.3513200341950473,0.1998645702700272,0.3513 ± 0.1999,0.0080712251201874,1.266294062375903,250.496644295302,79.33186806544182,250.5 ± 79.33,0.0,276.0,55.448247103083055,2.119905529950909,55.45 ± 2.12,53.94493865966797,62.21543884277344,72.68884309678174,0,3,0,4,0:270; 3:2; 4:26,26,0,0.0,model_dynamic,True,mckenzie2003,2.521558120046686,2.7760167121887207,0.0,2.7988646030426025,3.2101263999938965,2.5049664429530205,2.76,2.76,1.0081963156631617,1.0058031565901162,26,0.0,0,0.0,0,0.0,0,0.0,0,0.0,0,0.0,269,747.9251706600189,1,3.2101263999938965,1,0.1784533709287643,0,0.0,1,0.110569342970848,0,0.0,0,0.0,0,0.0,6.0,6.0,6.0,0.0124999999999997,0.0249999999999994,0.025,0.024176784880689
20,17.1,298,119200.0,1163.448278201411,14.0342297631569,1163 ± 14.03,1137.3547032636282,1210.0081158631035,1.6523522138074611,0.9920992753755484,1.652 ± 0.9921,0.0,4.65202276801988,0.350954770168045,0.1994111403454808,0.351 ± 0.1994,0.0071139211992273,1.2617075870698404,252.16778523489933,79.61972561605165,252.2 ± 79.62,0.0,278.0,57.888868370312174,2.081636239090982,57.89 ± 2.082,56.3656005859375,64.60428619384766,72.65341259947536,0,3,0,4,0:271; 3:1; 4:26,26,0,0.0,model_dynamic,True,mckenzie2003,2.5587628470521246,2.833136320114136,0.0,2.833136320114136,3.2101263999938965,2.521677852348994,2.78,2.78,1.0172459976849169,1.019113784213718,26,0.0,0,0.0,0,0.0,0,0.0,0,0.0,0,0.0,268,753.408652305603,3,9.03633451461792,0,0.0,0,0.0,1,0.0663416013121604,0,0.0,0,0.0,0,0.0,7.0,8.0,8.0,0.0125,0.025,0.025,0.0234893383798947
20,17.0,298,119200.0,1163.461776271932,14.031799145853862,1163 ± 14.03,1137.3794073883364,1209.9946305823382,1.6509644990481265,1.0046445781569973,1.651 ± 1.005,0.0,4.713579637597541,0.3505660983718472,0.1989305867315231,0.3506 ± 0.1989,0.0061178791800559,1.2570164900698837,262.3154362416107,82.86955766278592,262.3 ± 82.87,0.0,289.0,61.159300324100776,2.172098797018056,61.16 ± 2.172,59.53565216064453,68.17967987060547,72.61522319400183,0,3,0,4,0:271; 3:1; 4:26,26,0,0.0,model_dynamic,True,mckenzie2003,2.6125882084562675,2.89025616645813,0.0,2.89025616645813,3.2443981170654297,2.6231543624161078,2.89,2.89,0.9965489917334752,1.0000886389128476,26,0.0,0,0.0,0,0.0,0,0.0,0,0.0,0,0.0,268,769.6192352771759,3,8.887823104858398,0,0.0,0,0.0,1,0.0442277379333972,0,0.0,0,0.0,0,0.0,7.0,8.0,8.0,0.0125,0.025,0.025,0.022642283348537
20,16.9,298,119200.0,1163.4756387419827,14.029169928273053,1163 ± 14.03,1137.4044022120752,1209.9815070267505,1.6504190124047229,1.0173696075735357,1.65 ± 1.017,0.0,4.778286879716726,0.3501492167698286,0.1984245098275345,0.3501 ± 0.1984,0.0050637685996912,1.2521804438203512,259.6543624161074,81.9602825593649,259.7 ± 81.96,0.0,286.0,61.06116792819644,2.1036350909204447,61.06 ± 2.104,59.3842887878418,67.81876373291016,72.57710481467507,0,3,0,4,0:271; 3:2; 4:25,25,0,0.0,model_dynamic,True,mckenzie2003,2.606094754207254,2.867408275604248,0.0,2.867408275604248,3.2443981170654297,2.596543624161074,2.86,2.86,1.0081518603325903,1.0025903061553316,25,0.0,0,0.0,0,0.0,0,0.0,0,0.0,0,0.0,268,767.5971984863281,3,8.842127323150635,0,0.0,0,0.0,2,0.1769109442830085,0,0.0,0,0.0,0,0.0,7.0,8.0,8.0,0.0124999999999997,0.0249999999999994,0.025,0.0230216822196507
20,16.8,298,119200.0,1163.4896248312054,14.02649974688772,1163 ± 14.03,1137.4294234066756,1209.968764577226,1.6500225969716826,1.0298857619859678,1.65 ± 1.03,0.0,4.842564466275132,0.3497384683527831,0.1979262739243984,0.3497 ± 0.1979,0.0040395900062713,1.247393391315334,257.6845637583893,80.65342104015697,257.7 ± 80.65,0.0,284.0,59.23652406986928,2.0497245392320744,59.24 ± 2.05,57.69868469238281,65.791015625,72.53934117055041,0,3,0,4,0:271; 3:2; 4:25,25,0,0.0,model_dynamic,True,mckenzie2003,2.5928180086732717,2.867408275604248,0.0,2.867408275604248,3.2443981170654297,2.5768456375838924,2.84,2.84,1.007993281611205,1.0096508012691014,25,0.0,0,0.0,0,0.0,0,0.0,0,0.0,0,0.0,266,759.8060710430145,5,12.554906725883484,1,0.1882194727659225,0,0.0,1,0.110569342970848,0,0.0,0,0.0,0,0.0,7.0,8.0,8.0,0.0125,0.025,0.025,0.0240628273766382
20,16.7,298,119200.0,1163.5033879367988,14.024170299553644,1164 ± 14.02,1137.4543234795087,1209.956576047885,1.6492355731169936,1.0422647639208706,1.649 ± 1.042,0.0,4.904742284952214,0.3493581735831966,0.197452411195933,0.3494 ± 0.1975,0.0030898763525977,1.242749761752028,267.36577181208054,83.75273472190382,267.4 ± 83.75,0.0,295.0,58.82911651406512,2.07325104495287,58.83 ± 2.073,57.24044418334961,65.44778442382812,72.5022525683762,0,3,0,4,0:272; 3:1; 4:25,25,0,0.0,model_dynamic,True,mckenzie2003,2.6043770348765705,2.867408275604248,0.0,2.901679992675781,3.25582218170166,2.673657718120805,2.95,2.95,0.976604279057296,0.9720028052895756,25,0.0,0,0.0,0,0.0,0,0.0,0,0.0,0,0.0,265,758.5951306819916,7,17.398656368255615,0,0.0,0,0.0,1,0.110569342970848,0,0.0,0,0.0,0,0.0,8.0,9.0,9.0,0.0124999999999997,0.0124999999999997,0.025,0.0153507802672242
20,16.6,298,119200.0,1163.5170564676882,14.022096031011303,1164 ± 14.02,1137.4792142544798,1209.94498280092,1.6483725578056978,1.0546066371499376,1.648 ± 1.055,0.0,4.966392718558498,0.3489925102391999,0.196986918178874,0.349 ± 0.197,0.0022175959708652,1.238167432031071,267.26174496644296,85.52289979240298,267.3 ± 85.52,0.0,296.0,60.734754703188905,2.164207819642279,60.73 ± 2.164,59.02168273925781,67.46885681152344,72.46576854644013,0,3,0,4,0:270; 3:3; 4:25,25,0,0.0,model_dynamic,True,mckenzie2003,2.5785335301352825,2.844560384750366,0.0,2.89025616645813,3.25582218170166,2.67261744966443,2.96,2.96,0.9702621324254236,0.9610001299832318,25,0.0,0,0.0,0,0.0,0,0.0,0,0.0,0,0.0,264,752.9745538234711,6,14.999629616737366,1,0.1855559945106506,0,0.0,2,0.243252545595169,0,0.0,0,0.0,0,0.0,6.0,6.0,6.0,0.0125,0.025,0.025,0.0240511130339746
20,16.5,298,119200.0,1163.5307584948846,14.01998725033884,1164 ± 14.02,1137.5042817638855,1209.933455540452,1.6478760724039514,1.066743378720504,1.648 ± 1.067,0.0,5.029593432927935,0.3486282662598985,0.1965053324829014,0.3486 ± 0.1965,0.0015180731493497,1.2335242296641815,267.4597315436242,83.5889594998257,267.5 ± 83.59,0.0,296.0,59.83765677637702,2.1798502756243816,59.84 ± 2.18,58.11827087402344,66.54609680175781,72.42917377656659,0,2,0,4,0:273; 4:25,25,0,0.0,model_dynamic,True,mckenzie2003,2.589438542423632,2.844560384750366,0.0,2.867408275604248,3.278670072555542,2.674597315436241,2.95,2.96,0.9682631293003838,0.9610001299832318,25,0.0,0,0.0,0,0.0,0,0.0,0,0.0,0,0.0,263,749.8443896770477,10,21.808295965194706,0,0.0,0,0.0,0,0.0,0,0.0,0,0.0,0,0.0,8.0,9.0,9.0,0.0125,0.0125000000000014,0.025,0.0165541281568701
20,16.4,298,119200.0,1163.5443707556706,14.018092899732297,1164 ± 14.02,1137.5293033051123,1209.9221895619098,1.647234451549881,1.0786111400767702,1.647 ± 1.079,0.0,5.09165205076615,0.3482913924632159,0.1960377917705527,0.3483 ± 0.196,0.0013619096333171,1.228970757849417,271.73489932885906,86.20885473305998,271.7 ± 86.21,0.0,301.0,63.03532796258094,2.276501079853529,63.04 ± 2.277,61.3298454284668,70.0722427368164,72.39288625679728,0,3,0,4,0:272; 3:1; 4:25,25,0,0.0,model_dynamic,True,mckenzie2003,2.647540136621702,2.924527883529663,0.0,2.924527883529663,3.312941789627075,2.7173489932885917,3.01,3.01,0.9777365627149072,0.9716039480164992,25,0.0,0,0.0,0,0.0,0,0.0,0,0.0,0,0.0,262,765.540869474411,10,23.293408036231995,0,0.0,0,0.0,1,0.1326832026243209,0,0.0,0,0.0,0,0.0,8.0,9.0,9.0,0.0124999999999997,0.0124999999999997,0.025,0.0158570453876307
20,16.3,298,119200.0,1163.5584460939758,14.015694049707625,1164 ± 14.02,1137.5546232477311,1209.9107521537733,1.6475794925578395,1.0903173737512986,1.648 ± 1.09,0.0,5.1567029519286764,0.3479177501194757,0.1955539626561983,0.3479 ± 0.1956,0.0019497002219242,1.224283605214098,279.3053691275168,86.18197563407678,279.3 ± 86.18,0.0,308.0,62.05488759239248,2.2691488996570457,62.05 ± 2.269,60.28366088867188,69.36958312988281,72.35612890604193,0,3,0,4,0:273; 3:2; 4:23,23,0,0.0,model_dynamic,True,mckenzie2003,2.6793969203061705,2.9359519481658936,0.0,2.9587998390197754,3.335789680480957,2.793053691275168,3.08,3.08,0.9649640816332524,0.9532311520019134,23,0.0,0,0.0,0,0.0,0,0.0,0,0.0,0,0.0,261,766.9346194267273,12,31.392979621887207,0,0.0,0,0.0,2,0.1326832026243209,0,0.0,0,0.0,0,0.0,8.0,9.0,9.0,0.0125,0.0125000000000014,0.025,0.0160318088565014
20,16.2,298,119200.0,1163.5724693740196,14.013381654686771,1164 ± 14.01,1137.5798952041544,1209.8990779610797,1.6477415915757687,1.1021481025105528,1.648 ± 1.102,0.0,5.220623216418899,0.3475605554627751,0.1950814081136548,0.3476 ± 0.1951,0.0028325732102071,1.2196711960841384,295.5268456375839,91.34965433117873,295.5 ± 91.35,0.0,327.0,66.3703597664033,2.155946074908812,66.37 ± 2.156,64.51693725585938,73.31690979003906,72.31918275692533,0,3,0,4,0:272; 3:3; 4:23,23,0,0.0,model_dynamic,True,mckenzie2003,2.7404586374009616,3.0159194469451904,0.0,3.027343273162842,3.4043333530426025,2.955268456375839,3.26,3.27,0.9305264160175069,0.9251286647071136,23,0.0,0,0.0,0,0.0,0,0.0,0,0.0,0,0.0,261,787.2577791213989,11,29.062496066093445,1,0.1926586180925369,0,0.0,2,0.143740139901638,0,0.0,0,0.0,0,0.0,8.0,9.0,9.0,0.0124999999999997,0.0124999999999997,0.025,0.0147601388398517
20,16.1,298,119200.0,1163.58715003288,14.010657757312826,1164 ± 14.01,1137.6055741249816,1209.887014740789,1.649291767461892,1.1136807679521894,1.649 ± 1.114,0.0,5.288596816705429,0.3471621756814607,0.1945793639747358,0.3472 ± 0.1946,0.0039221296872424,1.2148831501952748,298.6241610738255,88.91734918851502,298.6 ± 88.92,0.0,328.0,66.51706861969609,2.1280322046669027,66.52 ± 2.128,64.72160339355469,73.61405944824219,72.28144061580747,0,3,0,4,0:275; 3:3; 4:20,20,0,0.0,model_dynamic,True,mckenzie2003,2.760547844568055,3.027343273162842,0.0,3.027343273162842,3.415757179260254,2.986241610738256,3.28,3.28,0.9286821403940724,0.9229705101106224,20,0.0,0,0.0,0,0.0,0,0.0,0,0.0,0,0.0,260,783.1337311267853,15,39.33261561393738,0,0.0,0,0.0,3,0.1769109405577182,0,0.0,0,0.0,0,0.0,8.0,9.0,9.0,0.0125,0.0125000000000014,0.025,0.0144861390999898
20,16.0,298,119200.0,1163.60176592343,14.008054704093691,1164 ± 14.01,1137.6312921518634,1209.874200457063,1.650805074815627,1.1254483861520204,1.651 ± 1.125,0.0,5.35654996734544,0.3467741105830567,0.1940796202172535,0.3468 ± 0.1941,0.0050559935843105,1.2101046032119471,296.3959731543624,89.42683401251905,296.4 ± 89.43,0.0,326.0,67.87918718069191,2.1590692171921955,67.88 ± 2.159,66.07660675048828,75.04060363769531,72.24290830519931,0,3,0,4,0:272; 3:6; 4:20,20,0,0.0,model_dynamic,True,mckenzie2003,2.7113831909685926,2.9702236652374268,0.0,2.9930715560913086,3.4043333530426025,2.963959731543625,3.26,3.26,0.919130462632384,0.9111115537538118,20,0.0,0,0.0,0,0.0,0,0.0,0,0.0,0,0.0,261,776.6906445026398,11,30.638999819755558,2,0.364009365439415,0,0.0,4,0.2985372208058834,0,0.0,0,0.0,0,0.0,8.0,9.0,9.0,0.0124999999999999,0.0124999999999999,0.025,0.0142041386573109
20,15.9,298,119200.0,1163.6166277872226,14.005509160585968,1164 ± 14.01,1137.6571597886923,1209.8647796872383,1.652857220366188,1.137176190022842,1.653 ± 1.137,0.0,5.425539545690618,0.3463830775876867,0.1935814589464204,0.3464 ± 0.1936,0.00624631347173,1.2052984625737728,298.1308724832215,88.3757212547228,298.1 ± 88.38,0.0,327.0,68.08116787392021,2.1775883437500325,68.08 ± 2.178,65.5500717163086,75.34506225585938,72.207619898546,2,4,1,4,1:12; 2:260; 3:8; 4:18,18,0,0.0,model_dynamic,True,mckenzie2003,2.7310310096898736,2.9930715560913086,0.0,3.0159194469451904,3.4043333530426025,2.981308724832215,3.27,3.27,0.9218265431410828,0.9153124024744064,18,0.0,0,0.0,0,0.0,0,0.0,0,0.0,0,0.0,261,781.4201552867889,11,31.55291485786438,3,0.5424627214670181,0,0.0,5,0.3317080214619636,0,0.0,0,0.0,0,0.0,8.0,9.0,9.0,0.0124999999999999,0.0124999999999999,0.025,0.0136829762326258
20,15.8,298,119200.0,1163.6316254870324,14.002851013622196,1164 ± 14,1137.683081401752,1209.8502041334727,1.6550981818128458,1.1489084428763492,1.655 ± 1.149,0.0,5.494506891692354,0.3459869291744936,0.1930782117925448,0.346 ± 0.1931,0.0074514017616554,1.2004961930445983,302.0738255033557,85.60107993107053,302.1 ± 85.6,0.0,329.0,69.02931121211724,2.158214892858324,69.03 ± 2.158,66.49222564697266,76.51022338867188,72.16712273172061,2,4,1,4,1:17; 2:260; 3:3; 4:18,18,0,0.0,model_dynamic,True,mckenzie2003,2.759120858980705,2.9702236652374268,0.0,2.9930715560913086,3.415757179260254,3.0207382550335566,3.29,3.29,0.9194312092085928,0.9028035456648712,18,0.0,0,0.0,0,0.0,0,0.0,0,0.0,0,0.0,261,777.513167142868,16,44.45053935050965,0,0.0,0,0.0,3,0.2543094828724861,0,0.0,0,0.0,0,0.0,8.0,9.0,9.0,0.0125,0.0125000000000014,0.025,0.0143076865537167
20,15.7,298,119200.0,1163.646566246713,14.000360004205898,1164 ± 14,1137.7091220827724,1209.8357314331272,1.6574412735599044,1.160888898224153,1.657 ± 1.161,0.0,5.564219603887917,0.3455975854673229,0.1925791737141547,0.3456 ± 0.1926,0.0086930602899057,1.1956707399150273,299.3758389261745,84.59111893585337,299.4 ± 84.59,0.0,327.0,67.85940400706042,2.19287100805449,67.86 ± 2.193,65.42069244384766,75.5079345703125,72.12660935035478,2,4,1,4,1:16; 2:259; 3:6; 4:17,17,0,0.0,model_dynamic,True,mckenzie2003,2.751317483316732,2.9702236652374268,0.0,3.027343273162842,3.4043333530426025,2.9937583892617456,3.26,3.27,0.9227650390375228,0.9111115537538118,17,0.0,0,0.0,0,0.0,0,0.0,0,0.0,0,0.0,261,779.2724468708038,14,39.93808436393738,2,0.3835415691137314,0,0.0,4,0.2985372245311737,0,0.0,0,0.0,0,0.0,8.0,9.0,9.0,0.0124999999999999,0.0124999999999999,0.025,0.0132604304426598
20,15.6,298,119200.0,1163.6614120144015,13.99794845436621,1164 ± 14,1137.7350913088878,1209.8214202026593,1.659516187037657,1.1728333253228296,1.66 ± 1.173,0.0,5.632499909637809,0.3452208859927467,0.1920917375614978,0.3452 ± 0.1921,0.0099029786896683,1.1908971731817375,302.66107382550337,83.18062275272686,302.7 ± 83.18,0.0,329.0,73.91618180755,2.2503546991584047,73.92 ± 2.25,71.33893585205078,81.86328125,72.08632889377145,2,4,1,4,1:18; 2:259; 3:3; 4:18,18,0,0.0,model_dynamic,True,mckenzie2003,2.7737668622285128,2.9930715560913086,0.0,3.0159194469451904,3.4043333530426025,3.026610738255033,3.29,3.29,0.915628899257367,0.9166928410167752,18,0.0,0,0.0,0,0.0,0,0.0,0,0.0,0,0.0,260,780.8146884441376,17,45.31875932216644,2,0.4048494398593902,0,0.0,1,0.0442277379333972,0,0.0,0,0.0,0,0.0,8.0,9.0,9.0,0.0124999999999999,0.0124999999999999,0.025,0.0137638528614448
20,15.5,298,119200.0,1163.677203127684,13.99517958392946,1164 ± 14,1137.7616304854698,1209.8072432912893,1.663843065929014,1.1841234657802449,1.664 ± 1.184,0.0,5.706365188093459,0.3447909533782637,0.1915665665109947,0.3448 ± 0.1916,0.0112327445183627,1.1859340631178288,309.2986577181208,80.8249500373112,309.3 ± 80.82,0.0,334.0,72.88399828200372,2.1542259903823195,72.88 ± 2.154,71.08625793457031,81.02873992919922,72.04561280581947,2,4,1,4,1:18; 2:259; 3:8; 4:13,13,0,0.0,model_dynamic,True,mckenzie2003,2.783520169918669,2.9930715560913086,0.0773985385894775,3.0159194469451904,3.415757179260254,3.0929865771812084,3.34,3.34,0.9040856829610134,0.8961292084105714,13,0.0,0,0.0,0,0.0,0,0.0,0,0.0,0,0.0,260,778.061517238617,17,50.48237824440002,3,0.5912932604551315,0,0.0,5,0.3538218922913074,0,0.0,0,0.0,0,0.0,6.0,6.0,6.0,0.0124999999999999,0.0249999999999999,0.025,0.0245956350453094
20,15.4,298,119200.0,1163.6926095081456,13.99263750931676,1164 ± 13.99,1137.788121548497,1209.7927894247114,1.667474835682448,1.1959510055517306,1.667 ± 1.196,0.0,5.779107231954807,0.3443791871188379,0.1910488699681296,0.3444 ± 0.191,0.0125512859457895,1.180983942358525,312.66442953020135,79.49227396827769,312.7 ± 79.49,0.0,337.0,75.60387745799635,2.194838853265028,75.6 ± 2.195,73.83505249023438,84.11421203613281,72.0046678762144,2,4,1,4,1:21; 2:259; 3:4; 4:14,14,0,0.0,model_dynamic,True,mckenzie2003,2.8206794623960585,2.9930715560913086,0.099512405693531,3.050191164016724,3.438605070114136,3.1266442953020133,3.36,3.37,0.907468505568903,0.8907951059795561,14,0.0,0,0.0,0,0.0,0,0.0,0,0.0,0,0.0,260,780.8261075019836,20,59.2216899394989,1,0.205088198184967,0,0.0,3,0.3095941543579101,0,0.0,0,0.0,0,0.0,8.0,9.0,9.0,0.0124999999999999,0.0124999999999999,0.025,0.0131427261251497
20,15.3,298,119200.0,1163.708525364311,13.98991026375527,1164 ± 13.99,1137.814902819077,1209.778353066728,1.6722376715296536,1.2073332402368446,1.672 ± 1.207,0.0,5.854183820121322,0.3439437887237818,0.1905161528217806,0.3439 ± 0.1905,0.0139091316622397,1.175953175163801,320.21140939597313,75.01359342602342,320.2 ± 75.01,0.0,342.0,78.50321471451113,2.134624039253026,78.5 ± 2.135,76.67645263671875,87.18682098388672,71.96345024765128,2,4,1,4,1:22; 2:259; 3:10; 4:7,7,0,0.0,model_dynamic,True,mckenzie2003,2.848274090358575,3.0159194469451904,0.1833808183670044,3.051904773712158,3.4614529609680176,3.2021140939597323,3.42,3.42,0.8960816775419631,0.8851880915680824,7,0.0,0,0.0,0,0.0,0,0.0,0,0.0,0,0.0,260,785.6241548061371,21,62.07767462730408,3,0.5531166642904282,0,0.0,7,0.5307328291237354,0,0.0,0,0.0,0,0.0,8.0,9.0,9.0,0.0125,0.0125000000000014,0.025,0.0136087441540972
20,15.2,298,119200.0,1163.725117059589,13.986936368907209,1164 ± 13.99,1137.8419917853405,1209.7637772440385,1.67834319530903,1.2180721577004805,1.678 ± 1.218,0.0,5.931832054237046,0.3434824310285208,0.1899662973617231,0.3435 ± 0.19,0.0153071699812306,1.1708323388404405,330.5536912751678,60.19280099599632,330.6 ± 60.19,0.0,348.0,77.18175391382819,1.8025206409328436,77.18 ± 1.803,74.80744934082031,85.99893188476562,71.92178545869797,1,3,1,4,1:288; 3:6; 4:4,4,0,0.0,model_dynamic,True,mckenzie2003,2.935216904836613,3.061615228652954,1.8175484061241152,3.278669953346247,3.472877025604248,3.305536912751678,3.47,3.48,0.8905809894149385,0.8823098641651164,4,0.0,0,0.0,0,0.0,0,0.0,0,0.0,0,0.0,261,798.4646730422974,27,75.44368267059326,3,0.5762001872062683,0,0.0,3,0.2100817412137985,0,0.0,0,0.0,0,0.0,8.0,9.0,9.0,0.0124999999999999,0.0124999999999999,0.025,0.0137342477258805
20,15.1,298,119200.0,1163.741061550464,13.984293203730347,1164 ± 13.98,1137.8690232208517,1209.7482362276646,1.6832394739006398,1.23007962833243,1.683 ± 1.23,0.0,6.00815404114571,0.3430454303724063,0.1894299019487383,0.343 ± 0.1894,0.0166831741143367,1.165706028095814,336.996644295302,60.65014085766563,337 ± 60.65,0.0,354.0,76.61475746103581,1.7533406663587108,76.61 ± 1.753,74.23883819580078,85.2586669921875,71.87921300681296,1,3,1,4,1:290; 3:4; 4:4,4,0,0.0,model_dynamic,True,mckenzie2003,2.9925868183424407,3.118734836578369,1.8700985550880436,3.472877025604248,3.495724678039551,3.3699664429530203,3.53,3.54,0.8921932059274125,0.8834942879825408,4,0.0,0,0.0,0,0.0,0,0.0,0,0.0,0,0.0,262,812.8245558738708,28,78.52814435958862,1,0.2059760242700576,0,0.0,3,0.232195608317852,0,0.0,0,0.0,0,0.0,8.0,9.0,9.0,0.0124999999999999,0.0124999999999999,0.025,0.0138376209634068
20,15.0,298,119200.0,1163.756683170844,13.98190145812235,1164 ± 13.98,1137.8960470996485,1209.73203277278,1.6876305270834446,1.2424918904191262,1.688 ± 1.242,0.0,6.083738575934257,0.3426270219062431,0.1888988677735462,0.3426 ± 0.1889,0.0180494214154937,1.1605685366192915,334.4563758389262,61.262334270645255,334.5 ± 61.26,0.0,351.0,74.7168815407977,1.9076466256395896,74.72 ± 1.908,72.39579772949219,84.0738525390625,71.83598567313174,1,3,1,4,1:290; 3:4; 4:4,4,0,0.0,model_dynamic,True,mckenzie2003,2.9533407221229484,3.061615228652954,1.7592862844467163,3.099314129352569,3.472877025604248,3.344563758389263,3.51,3.51,0.8859795787555863,0.878764421511919,4,0.0,0,0.0,0,0.0,0,0.0,0,0.0,0,0.0,264,809.7515316009521,26,69.94876885414124,1,0.1962099224328994,0,0.0,3,0.1990248151123523,0,0.0,0,0.0,0,0.0,8.0,9.0,9.0,0.0124999999999999,0.0124999999999999,0.025,0.0139072503520553
20,14.9,298,119200.0,1163.7718799283966,13.979694997017384,1164 ± 13.98,1137.9229274272047,1209.7154396235735,1.6912012154298266,1.2553404341965084,1.691 ± 1.255,0.0,6.157165702832023,0.3422313486703848,0.1883844750415802,0.3422 ± 0.1884,0.0193859079841213,1.1554859853912676,334.72147651006713,68.17604242133761,334.7 ± 68.18,0.0,354.0,71.90266620712792,2.0927893384955985,71.9 ± 2.093,69.47821807861328,81.13541412353516,71.79251219636899,1,3,1,4,1:285; 3:8; 4:5,5,0,0.0,model_dynamic,True,mckenzie2003,2.9417532922062497,3.118734836578369,1.401717066764832,3.118734836578369,3.495724678039551,3.347214765100671,3.54,3.54,0.8800304335653575,0.880998541406319,5,0.0,0,0.0,0,0.0,0,0.0,0,0.0,0,0.0,264,820.4214680194855,21,55.08622395992279,4,0.8141380101442337,0,0.0,4,0.3206510879099369,0,0.0,0,0.0,0,0.0,8.0,9.0,9.0,0.0124999999999999,0.0124999999999999,0.025,0.0131560326522732
20,14.8,298,119200.0,1163.7863728071727,13.97797861247319,1164 ± 13.98,1137.9495796894707,1209.698678311535,1.6935591405194537,1.2684296330540277,1.694 ± 1.268,0.0,6.227577762673753,0.3418761450093755,0.1878970765536997,0.3419 ± 0.1879,0.0206790814924307,1.1504979011588743,331.4060402684564,78.0243437559632,331.4 ± 78.02,0.0,354.0,74.54026351519079,2.353461366202113,74.54 ± 2.353,71.91232299804688,84.03658294677734,71.74909862206437,1,3,1,4,1:281; 3:10; 4:7,7,0,0.0,model_dynamic,True,mckenzie2003,2.8914723655571475,3.084463119506836,0.2054877176880836,3.0958869457244877,3.495724678039551,3.314060402684564,3.54,3.54,0.8779029448335803,0.8713172653974113,7,0.0,0,0.0,0,0.0,0,0.0,0,0.0,0,0.0,264,812.6075100898743,17,47.92341697216034,3,0.6081619709730148,0,0.0,7,0.5196759030222893,0,0.0,0,0.0,0,0.0,8.0,9.0,9.0,0.0125,0.0125000000000014,0.025,0.0131055357082387
20,14.7,298,119200.0,1163.801815060209,13.975775002482688,1164 ± 13.98,1137.9765040618545,1209.6821176330966,1.697594312001191,1.2804643493965846,1.698 ± 1.28,0.0,6.299987224254475,0.3414884409950412,0.1873958348362918,0.3415 ± 0.1874,0.0220076143059837,1.1454495465443146,338.91946308724835,70.9860575003519,338.9 ± 70.99,0.0,359.0,73.47255786153293,2.2413700003422017,73.47 ± 2.241,70.9002685546875,83.37130737304688,71.70561357124234,1,3,1,4,1:286; 3:6; 4:6,6,0,0.0,model_dynamic,True,mckenzie2003,2.935708739901049,3.084463119506836,1.5707913219928744,3.118734836578369,3.495724678039551,3.3891946308724834,3.59,3.59,0.8693384366602798,0.85918192743923,6,0.0,0,0.0,0,0.0,0,0.0,0,0.0,0,0.0,264,815.7719404697418,22,58.410589933395386,2,0.3933076709508896,0,0.0,4,0.2653664164245128,0,0.0,0,0.0,0,0.0,8.0,9.0,9.0,0.0124999999999999,0.0124999999999999,0.025,0.0129098929592529
20,14.6,298,119200.0,1163.81701207715,13.973789155051376,1164 ± 13.97,1138.0033729475897,1209.6654538555908,1.7010913499750886,1.2929742006140883,1.701 ± 1.293,0.0,6.371104183726029,0.341107207187852,0.1868966018452419,0.3411 ± 0.1869,0.0233173364816781,1.140438880342323,352.59060402684565,75.71644501654761,352.6 ± 75.72,0.0,375.0,77.23230779250996,2.313734609222024,77.23 ± 2.314,74.8537368774414,86.99269104003906,71.66208090800137,1,3,1,4,1:283; 3:9; 4:6,6,0,0.0,model_dynamic,True,mckenzie2003,2.9547364237599525,3.1530065536499023,0.9645545564591896,3.175854444503784,3.5414204597473145,3.525906040268457,3.75,3.75,0.8387144060762389,0.840801747639974,6,0.0,0,0.0,0,0.0,0,0.0,0,0.0,0,0.0,265,835.283994436264,18,43.90219080448151,5,1.015674889087677,0,0.0,4,0.3095941506326198,0,0.0,0,0.0,0,0.0,8.0,9.0,9.0,0.0124999999999999,0.0124999999999999,0.025,0.0135581496616827
20,14.5,298,119200.0,1163.8334084378166,13.971179216306874,1164 ± 13.97,1138.0306347518658,1209.6489734267202,1.7068157915273725,1.303867913691381,1.707 ± 1.304,0.0,6.445274693778474,0.3406891243376004,0.1863809978090496,0.3407 ± 0.1864,0.0246738494155757,1.1353320147620858,367.08053691275165,65.54203700280323,367.1 ± 65.54,0.0,385.0,78.74302985684183,1.9309298955279144,78.74 ± 1.931,76.1583251953125,88.71234130859375,71.61833867485439,1,3,1,4,1:289; 3:5; 4:4,4,0,0.0,model_dynamic,True,mckenzie2003,3.063404202886276,3.187278509140014,2.1705479621887207,3.2101263999938965,3.587116241455078,3.670805369127517,3.85,3.85,0.8379545362469604,0.8278645478285752,4,0.0,0,0.0,0,0.0,0,0.0,0,0.0,0,0.0,264,841.4186742305756,25,70.80556237697601,2,0.4048494398593902,0,0.0,3,0.2653664126992225,0,0.0,0,0.0,0,0.0,8.0,9.0,9.0,0.0124999999999999,0.0124999999999999,0.025,0.0138891083535902
20,14.4,298,119200.0,1163.8501802887788,13.9682951000173,1164 ± 13.97,1138.0581073132153,1209.6322969522732,1.713045558438885,1.314648400681349,1.713 ± 1.315,0.0,6.520674335481803,0.3402582291288645,0.1858608805016494,0.3403 ± 0.1859,0.0260461916576836,1.1301742955140313,380.0939597315436,56.68781130095199,380.1 ± 56.69,0.0,396.0,78.49779436252261,1.7787782114588575,78.5 ± 1.779,75.99655151367188,89.49408721923828,71.57418963905798,1,3,1,4,1:293; 3:2; 4:3,3,0,0.0,model_dynamic,True,mckenzie2003,3.127130236001623,3.221550226211548,2.502984571456909,3.3649207234382583,3.587116241455078,3.800939597315436,3.95,3.96,0.8269359872172691,0.8155823357497589,3,0.0,0,0.0,0,0.0,0,0.0,0,0.0,0,0.0,264,847.9531538486481,29,83.63464331626892,1,0.1864438205957412,0,0.0,1,0.110569342970848,0,0.0,0,0.0,0,0.0,8.0,9.0,9.0,0.0124999999999999,0.0124999999999999,0.025,0.0141541313161241
20,14.3,298,119200.0,1163.8665516251945,13.96577439088462,1164 ± 13.97,1138.0856101048792,1209.615215367823,1.7186488215903697,1.3261016448477667,1.719 ± 1.326,0.0,6.595608607117831,0.3398422786658506,0.1853438427863919,0.3398 ± 0.1853,0.025982043990329,1.1250042800844895,374.4127516778523,52.06353344949861,374.4 ± 52.06,0.0,389.0,78.89186055228214,1.6472319203140868,78.89 ± 1.647,76.70660400390625,89.74553680419922,71.52960526294419,1,2,1,4,1:295; 4:3,3,0,0.0,model_dynamic,True,mckenzie2003,3.0944684839888708,3.1530065536499023,2.5389700651168825,3.2546797513961723,3.5642683506011963,3.7441275167785233,3.88,3.89,0.8282845224011611,0.8164150242940319,3,0.0,0,0.0,0,0.0,0,0.0,0,0.0,0,0.0,265,837.4316906929016,30,84.71991753578186,0,0.0,0,0.0,0,0.0,0,0.0,0,0.0,0,0.0,8.0,9.0,9.0,0.0125,0.0125000000000014,0.025,0.0142918747922171
20,14.2,298,119200.0,1163.882929247688,13.963053185804773,1164 ± 13.96,1138.1131961408123,1209.597910592141,1.724286692026167,1.3376227584789997,1.724 ± 1.338,0.0,6.670472056495379,0.3394239657567031,0.1848358789048114,0.3394 ± 0.1848,0.0253552203899763,1.1198244497675596,364.9563758389262,45.42012802512204,365 ± 45.42,0.0,377.0,74.77036746236301,1.5048432595379606,74.77 ± 1.505,72.29894256591797,84.67147827148438,71.4847144513285,1,3,1,4,1:293; 3:3; 4:2,2,0,0.0,model_dynamic,True,mckenzie2003,3.0937676550257924,3.175854444503784,2.478994369506836,3.223835134506224,3.5642683506011963,3.6495637583892617,3.77,3.77,0.8462487904864147,0.8424017094174494,2,0.0,0,0.0,0,0.0,0,0.0,0,0.0,0,0.0,265,839.8878436088562,28,81.50979137420654,3,0.5451262146234512,0,0.0,0,0.0,0,0.0,0,0.0,0,0.0,8.0,9.0,9.0,0.0124999999999999,0.0124999999999999,0.025,0.0143605059183407
20,14.1,298,119200.0,1163.898070596921,13.961028639717606,1164 ± 13.96,1138.140427972684,1209.580068203568,1.7276065556380522,1.350499472063281,1.728 ± 1.35,0.0,6.740634477539774,0.3390583698938415,0.1843543604562215,0.3391 ± 0.1844,0.0246827287727592,1.114751095650624,348.1677852348993,57.477325869028974,348.2 ± 57.48,0.0,364.0,75.3714787015979,1.86028010550215,75.37 ± 1.86,72.8376235961914,84.99976348876953,71.43964023088392,1,3,1,4,1:288; 3:7; 4:3,3,0,0.0,model_dynamic,True,mckenzie2003,2.961544214591584,3.084463119506836,1.8175484061241152,3.118734836578369,3.507148742675781,3.481677852348993,3.63,3.64,0.8479486823857274,0.8497143579908639,3,0.0,0,0.0,0,0.0,0,0.0,0,0.0,0,0.0,265,817.5769209861755,23,63.8712329864502,5,0.9703956991434096,0,0.0,2,0.1216262765228748,0,0.0,0,0.0,0,0.0,8.0,9.0,9.0,0.0124999999999999,0.0124999999999999,0.025,0.0137748043715998
20,14.0,298,119200.0,1163.913582747622,13.958790421343366,1164 ± 13.96,1138.1677326138922,1209.562448955478,1.7316364911683206,1.3623511319531083,1.732 ± 1.362,0.0,6.80928382406856,0.3386870884378427,0.1838752379947009,0.3387 ± 0.1839,0.0240828640652775,1.1096908020857306,347.3859060402685,57.036389561806985,347.4 ± 57.04,0.0,363.0,73.28656715034639,1.78769922503616,73.29 ± 1.788,70.8189468383789,82.65878295898438,71.39471634158576,1,3,1,4,1:289; 3:5; 4:4,4,0,0.0,model_dynamic,True,mckenzie2003,2.987391140561976,3.1301589012146,1.9609188199043277,3.1301589012146,3.507148742675781,3.4738590604026847,3.62,3.63,0.8586356458912111,0.8623027276073277,4,0.0,0,0.0,0,0.0,0,0.0,0,0.0,0,0.0,266,827.3329780101776,23,61.99770712852478,4,0.8123623430728912,0,0.0,1,0.099512405693531,0,0.0,0,0.0,0,0.0,8.0,9.0,9.0,0.0124999999999999,0.0124999999999999,0.025,0.0128084317856425
20,13.9,298,119200.0,1163.9287164527475,13.956976180874218,1164 ± 13.96,1138.1948729961057,1209.5448969611307,1.7347963978634393,1.3743989707181183,1.735 ± 1.374,0.0,6.874252858384141,0.338324837911358,0.183410597743799,0.3383 ± 0.1834,0.0234996502960717,1.1047074613317178,360.7953020134228,66.9268987521956,360.8 ± 66.93,0.0,379.0,75.7792900904713,2.06767493139028,75.78 ± 2.068,73.32484436035156,85.4885025024414,71.35002396502523,1,3,1,4,1:286; 3:8; 4:4,4,0,0.0,model_dynamic,True,mckenzie2003,2.9765436031274346,3.1301589012146,1.517098879814148,3.1530065536499023,3.587116241455078,3.607953020134228,3.79,3.79,0.8253089637242699,0.825899446230765,4,0.0,0,0.0,0,0.0,0,0.0,0,0.0,0,0.0,266,831.7083246707916,20,54.08091819286346,5,0.977498322725296,0,0.0,3,0.243252545595169,0,0.0,0,0.0,0,0.0,8.0,9.0,9.0,0.0124999999999999,0.0124999999999999,0.025,0.0135774346895919
20,13.8,298,119200.0,1163.945017566506,13.954431503426116,1164 ± 13.95,1138.2222886986615,1209.5275581077433,1.739844901132014,1.3850915680371063,1.74 ± 1.385,0.0,6.939700892732931,0.337933990258905,0.1829413900067326,0.3379 ± 0.1829,0.0230379933005915,1.0996775672907773,375.5939597315436,61.814451437088536,375.6 ± 61.81,0.0,392.0,77.17587067776878,1.9252209918302623,77.18 ± 1.925,74.54361724853516,87.55211639404297,71.3052694090818,1,3,1,4,1:291; 3:3; 4:4,4,0,0.0,model_dynamic,True,mckenzie2003,3.095323623851842,3.221550226211548,2.03974392414093,3.221550226211548,3.5985403060913086,3.755939597315437,3.92,3.92,0.8249180037382092,0.8218240372988642,4,0.0,0,0.0,0,0.0,0,0.0,0,0.0,0,0.0,268,860.2338888645172,23,61.66641354560852,2,0.4066250920295715,0,0.0,1,0.099512405693531,0,0.0,0,0.0,0,0.0,8.0,9.0,9.0,0.0125,0.0125000000000014,0.025,0.0134975231391235
20,13.7,298,119200.0,1163.961665824238,13.951692082985073,1164 ± 13.95,1138.2499025263362,1209.5102289467263,1.7454799521692277,1.3956866421163745,1.745 ± 1.396,0.0,7.004851452489941,0.337529130119349,0.182467373811635,0.3375 ± 0.1825,0.0229558357029954,1.094608653843809,384.01677852349,56.96009777568309,384 ± 56.96,0.0,399.0,80.66321453632125,1.7640523391780618,80.66 ± 1.764,77.97694396972656,91.17700958251952,71.26032642039013,1,3,1,4,1:291; 3:5; 4:2,2,0,0.0,model_dynamic,True,mckenzie2003,3.102116657283482,3.221550226211548,2.263082039356232,3.221550226211548,3.632812023162842,3.8401677852349,3.99,3.99,0.8111186280578591,0.8074060717322175,2,0.0,0,0.0,0,0.0,0,0.0,0,0.0,0,0.0,268,859.342821598053,23,64.27107119560242,3,0.5957323908805847,0,0.0,2,0.2211386859416961,0,0.0,0,0.0,0,0.0,8.0,9.0,9.0,0.0124999999999999,0.0124999999999999,0.025,0.0141295577626957
20,13.6,298,119200.0,1163.9791364736673,13.948804679073032,1164 ± 13.95,1138.277905391108,1209.4931759307758,1.7527482517086086,1.4054662044976067,1.753 ± 1.405,0.0,7.071741640486171,0.3371011443191464,0.1819811587487904,0.3371 ± 0.182,0.0219093505423114,1.089465527958959,391.4429530201342,45.23820363133066,391.4 ± 45.24,0.0,403.0,78.36372116908132,1.539933493689888,78.36 ± 1.54,75.76042175292969,89.04541778564453,71.21527053966793,1,3,1,4,1:290; 3:7; 4:1,1,0,0.0,model_dynamic,True,mckenzie2003,3.139824166843955,3.2329741716384888,2.478994369506836,3.25582218170166,3.655659914016724,3.914429530201343,4.03,4.03,0.7994675159193325,0.8050615675100321,1,0.0,0,0.0,0,0.0,0,0.0,0,0.0,0,0.0,268,865.625983953476,22,68.79495012760162,6,1.1692690998315811,0,0.0,1,0.0773985385894775,0,0.0,0,0.0,0,0.0,8.0,9.0,9.0,0.0124999999999999,0.0124999999999999,0.025,0.0143534508458421
20,13.5,298,119200.0,1163.9957908784477,13.946108759310492,1164 ± 13.95,1138.3057408220598,1209.475428506834,1.758389048001905,1.4164274151878518,1.758 ± 1.416,0.0,7.1349931964792095,0.3367022903337986,0.1815104068121525,0.3367 ± 0.1815,0.0217306878793492,1.0843604506043734,387.9530201342282,45.665009524860885,388 ± 45.67,0.0,399.0,80.03552358742529,1.5184666375713392,80.04 ± 1.518,77.40753936767578,91.13233184814452,71.16968768477409,1,3,1,4,1:294; 3:3; 4:1,1,0,0.0,model_dynamic,True,mckenzie2003,3.1430849273057797,3.2101263999938965,3.033055281639099,3.2249774098396298,3.5985403060913086,3.879530201342283,3.99,3.99,0.81032450887914,0.8045429573919539,1,0.0,0,0.0,0,0.0,0,0.0,0,0.0,0,0.0,270,864.8263170719147,24,71.33106446266174,2,0.4376990646123886,0,0.0,1,0.0442277379333972,0,0.0,0,0.0,0,0.0,8.0,9.0,9.0,0.0124999999999999,0.0124999999999999,0.025,0.0139281269092245
20,13.4,298,119200.0,1164.012879753011,13.943393936521773,1164 ± 13.94,1138.333786142031,1209.4598485474287,1.7648314997928298,1.4270214217251196,1.765 ± 1.427,0.0,7.198225464311048,0.3362915269045278,0.1810399661468658,0.3363 ± 0.181,0.0216464576789957,1.0792250062181703,384.9261744966443,41.93388755689104,384.9 ± 41.93,0.0,395.0,76.83891060848364,1.3379747725420363,76.84 ± 1.338,74.27959442138672,87.90145874023438,71.12606240539776,1,3,1,4,1:294; 3:3; 4:1,1,0,0.0,model_dynamic,True,mckenzie2003,3.1401406897344444,3.187278509140014,2.9171024560928345,3.223835134506224,3.6213881969451904,3.8492617449664426,3.95,3.95,0.8171322701424285,0.8069059516810163,1,0.0,0,0.0,0,0.0,0,0.0,0,0.0,0,0.0,271,864.6892397403717,23,70.56566047668457,2,0.4075129181146621,0,0.0,1,0.099512405693531,0,0.0,0,0.0,0,0.0,8.0,9.0,9.0,0.0124999999999999,0.0124999999999999,0.025,0.0143893268006445
20,13.3,298,119200.0,1164.0288408886431,13.941214717817491,1164 ± 13.94,1138.3615593344734,1209.4428282182396,1.7692386503252573,1.4387503640752384,1.769 ± 1.439,0.0,7.257153545208065,0.3359316916367637,0.1805915524373852,0.3359 ± 0.1806,0.0216073504140214,1.074163001477688,381.2281879194631,49.33016023485938,381.2 ± 49.33,0.0,394.0,78.66735074344098,1.776254335883141,78.67 ± 1.776,76.08280181884766,89.62161254882812,71.08126888376614,1,3,1,4,1:290; 3:7; 4:1,1,0,0.0,model_dynamic,True,mckenzie2003,3.087874567511198,3.2101263999938965,2.2687940120697023,3.221550226211548,3.6213881969451904,3.812281879194632,3.94,3.94,0.8058188357252788,0.8147528933994661,1,0.0,0,0.0,0,0.0,0,0.0,0,0.0,0,0.0,271,866.5284914970398,19,52.447296261787415,6,1.1666056215763092,0,0.0,1,0.0442277379333972,0,0.0,0,0.0,0,0.0,8.0,9.0,9.0,0.0125,0.0125000000000014,0.025,0.0140995608963742
20,13.2,298,119200.0,1164.045902324816,13.938376459030817,1164 ± 13.94,1138.3895415127774,1209.42570104969,1.7753995283114716,1.4491033765276613,1.775 ± 1.449,0.0,7.316101856327706,0.3355269555875199,0.1801356854527252,0.3355 ± 0.1801,0.0226452780931257,1.0690793189511352,380.8053691275168,42.8313655772582,380.8 ± 42.83,0.0,391.0,78.65854603812198,1.3925989045322162,78.66 ± 1.393,76.12440490722656,89.71707916259766,71.03615953691269,1,3,1,4,1:295; 3:2; 4:1,1,0,0.0,model_dynamic,True,mckenzie2003,3.1323099743024816,3.187278509140014,2.9502318620681764,3.221550226211548,3.5985403060913086,3.808053691275168,3.91,3.91,0.8233937653971156,0.8151607440255791,1,0.0,0,0.0,0,0.0,0,0.0,0,0.0,0,0.0,272,864.7806282043457,23,68.41796040534973,1,0.1855559945106506,0,0.0,1,0.0442277379333972,0,0.0,0,0.0,0,0.0,8.0,9.0,9.0,0.0124999999999999,0.0124999999999999,0.025,0.0140489779379603
20,13.1,298,119200.0,1164.062504172255,13.935962977001646,1164 ± 13.94,1138.417574627289,1209.4081981755444,1.780884164090668,1.4601101173932078,1.781 ± 1.46,0.0,7.373612712330682,0.3351482990732907,0.1796857560230294,0.3351 ± 0.1797,0.0229667552551127,1.0640006195998872,385.493288590604,44.97853651357826,385.5 ± 44.98,0.0,397.0,78.73927063909953,1.5137717075757215,78.74 ± 1.514,76.12712097167969,89.49887084960938,70.99062354825537,1,3,1,4,1:292; 3:5; 4:1,1,0,0.0,model_dynamic,True,mckenzie2003,3.115198352142869,3.187278509140014,2.853699541091919,3.221550226211548,3.6213881969451904,3.85493288590604,3.96,3.97,0.8093085415464955,0.8048683103888926,1,0.0,0,0.0,0,0.0,0,0.0,0,0.0,0,0.0,273,871.8520410060883,19,55.60030329227448,4,0.7661952972412109,0,0.0,1,0.110569342970848,0,0.0,0,0.0,0,0.0,8.0,9.0,9.0,0.0124999999999999,0.0124999999999999,0.025,0.0237299381884125
20,13.0,298,119200.0,1164.0790861649598,13.933500187390337,1164 ± 13.93,1138.4456604111829,1209.390389704041,1.786420438240612,1.470680526397505,1.786 ± 1.471,0.0,7.429608520835148,0.3347726714171609,0.1792386982905515,0.3348 ± 0.1792,0.0233423009245697,1.058932682107535,385.4228187919463,44.099670699595954,385.4 ± 44.1,0.0,396.0,83.71141684615372,1.4559319986904262,83.71 ± 1.456,81.15780639648438,94.52283477783205,70.9447292928578,1,3,1,4,1:292; 3:5; 4:1,1,0,0.0,model_dynamic,True,mckenzie2003,3.13297317404575,3.2443981170654297,2.8868289828300475,3.2443981170654297,3.6213881969451904,3.854228187919463,3.96,3.96,0.8120757799439692,0.8192924538044014,1,0.0,0,0.0,0,0.0,0,0.0,0,0.0,0,0.0,273,877.1413185596466,19,55.56603109836578,4,0.8523146063089371,0,0.0,1,0.0663416013121604,0,0.0,0,0.0,0,0.0,8.0,9.0,9.0,0.0124999999999999,0.0124999999999999,0.025,0.0222695169895365
20,12.9,298,119200.0,1164.0973318507804,13.930455493524544,1164 ± 13.93,1138.4742995211063,1209.3730991170548,1.7949306444760442,1.47973365865576,1.795 ± 1.48,0.011888014067687,7.489235013620584,0.3343430370444089,0.1787725861811616,0.3343 ± 0.1788,0.0237700408035588,1.0537758576681415,376.8557046979866,29.74414359491085,376.9 ± 29.74,133.0,384.0,66.32932058756784,1.235181338909055,66.33 ± 1.235,63.90399932861328,74.73214721679688,70.8987995959485,1,2,1,3,1:290; 3:8,0,0,0.0,model_dynamic,True,mckenzie2003,3.106640285643555,3.187278509140014,3.0804646372795106,3.2101263999938965,3.5985403060913086,3.7685570469798666,3.84,3.84,0.8173709926310443,0.8300204450885456,0,0.0,0,0.0,0,0.0,0,0.0,0,0.0,0,0.0,274,871.0980539321899,16,53.16700494289398,8,1.5137462466955185,0,0.0,0,0.0,0,0.0,0,0.0,0,0.0,9.0,10.0,10.0,0.0062499999999999,0.0187499999999999,0.025,0.0225500151050466
20,12.8,298,119200.0,1164.1098919915166,13.93029361182806,1164 ± 13.93,1138.5012223122264,1209.3551904325598,1.7936128807325318,1.4937200048767254,1.794 ± 1.494,0.0,7.528975692219839,0.3341450034385003,0.1784142526153561,0.3341 ± 0.1784,0.0239843805459606,1.0491257856613347,369.0872483221477,62.911777248694406,369.1 ± 62.91,0.0,385.0,65.73113409464791,1.7883367664049696,65.73 ± 1.788,63.084938049316406,74.95235443115234,70.85396812033332,1,3,1,4,1:288; 3:7; 4:3,3,0,0.0,model_dynamic,True,mckenzie2003,3.030881667034638,3.1530065536499023,2.2859299302101137,3.2101263999938965,3.5985403060913086,3.6908724832214768,3.85,3.85,0.8202662169859166,0.8189627412077668,3,0.0,0,0.0,0,0.0,0,0.0,0,0.0,0,0.0,273,864.2893755435944,15,37.95031976699829,4,0.7750735878944397,0,0.0,3,0.1879678778350353,0,0.0,0,0.0,0,0.0,9.0,10.0,10.0,0.00625,0.0187500000000014,0.025,0.0229014844163221
20,12.7,298,119200.0,1164.1234639816844,13.929456503918992,1164 ± 13.93,1138.5280867295464,1209.3382273653822,1.7935809849721809,1.5058691539835654,1.794 ± 1.506,0.0,7.577543368322613,0.3339185563079131,0.1780663681732662,0.3339 ± 0.1781,0.0242940946141229,1.0445617454246718,366.2248322147651,80.52724613407744,366.2 ± 80.53,0.0,388.0,66.35142936962563,1.991044123217124,66.35 ± 1.991,63.76750183105469,75.0790023803711,70.81014063583575,1,3,1,4,1:286; 3:2; 4:10,10,0,0.0,model_dynamic,True,mckenzie2003,3.0510593437333435,3.221550226211548,1.8609593331813816,3.221550226211548,3.6213881969451904,3.6622483221476503,3.88,3.88,0.8350114797392121,0.8302964500545227,10,0.0,0,0.0,0,0.0,0,0.0,0,0.0,0,0.0,272,874.7194304466248,14,34.37462770938873,0,0.0,0,0.0,2,0.1216262765228748,0,0.0,0,0.0,0,0.0,8.0,8.0,8.0,0.0062499999999999,0.0249999999999999,0.025,0.0239875831709083
20,12.6,298,119200.0,1164.1379544231818,13.927970171079258,1164 ± 13.93,1138.5550396414687,1209.321913971787,1.7947770558016471,1.5169656887439893,1.795 ± 1.517,0.0,7.634470924237924,0.3336657288506661,0.1777227759723142,0.3337 ± 0.1777,0.0256095946681585,1.0412210947337115,360.8590604026846,85.38083026240939,360.9 ± 85.38,0.0,385.0,63.91797701944441,2.1619594255969647,63.92 ± 2.162,61.88208770751953,72.41822814941406,70.76687433031793,1,3,1,4,1:285; 3:1; 4:12,12,0,0.0,model_dynamic,True,mckenzie2003,3.01894297222013,3.221550226211548,1.0555718421936036,3.221550226211548,3.5985403060913086,3.6085906040268463,3.85,3.85,0.8365439507831575,0.8367662925224799,12,0.0,0,0.0,0,0.0,0,0.0,0,0.0,0,0.0,272,873.1543629169464,13,26.44641506671905,0,0.0,0,0.0,1,0.0442277379333972,0,0.0,0,0.0,0,0.0,7.0,7.0,7.0,0.0062499999999999,0.0249999999999999,0.025,0.0239770296095415
20,12.5,298,119200.0,1164.1520941434412,13.926852695134023,1164 ± 13.93,1138.581763164348,1209.306729600503,1.7953370040204395,1.5278149882075225,1.795 ± 1.528,0.0,7.688942157265984,0.3334425166741479,0.1774000809920622,0.3334 ± 0.1774,0.0266579519593408,1.04095173706885,353.71140939597313,95.32162408119518,353.7 ± 95.32,0.0,383.0,63.97426422170344,2.399190073536995,63.97 ± 2.399,61.47438049316406,72.423095703125,70.72496643615523,1,3,1,4,1:278; 3:6; 4:14,14,0,0.0,model_dynamic,True,mckenzie2003,2.9548221623787545,3.2101263999938965,0.0773985385894775,3.2101263999938965,3.5985403060913086,3.5371140939597314,3.82,3.83,0.8370829167321464,0.8403472251292922,14,0.0,0,0.0,0,0.0,0,0.0,0,0.0,0,0.0,271,867.5909214019775,7,12.212189018726349,2,0.4021859467029571,0,0.0,4,0.3317080214619636,0,0.0,0,0.0,0,0.0,8.0,9.0,9.0,0.0062499999999999,0.0249999999999999,0.025,0.0212037368366827
20,12.4,298,119200.0,1164.166566784912,13.92571682605505,1164 ± 13.93,1138.608506754087,1209.2923826857436,1.796388389337449,1.5380362542985484,1.796 ± 1.538,0.0,7.742746373982917,0.3332147301929239,0.1770835925585608,0.3332 ± 0.1771,0.0274465302954922,1.0407274788369651,353.43288590604027,99.95477429865151,353.4 ± 99.95,0.0,384.0,65.61906041394944,2.40809365944011,65.62 ± 2.408,63.58436584472656,73.93630981445312,70.6838759316563,1,3,1,4,1:276; 3:8; 4:14,14,0,0.0,model_dynamic,True,mckenzie2003,2.952959063319152,3.2101263999938965,0.0442277379333972,3.2101263999938965,3.587116241455078,3.5343288590604027,3.84,3.84,0.8398660803709328,0.8359704166650772,14,0.0,0,0.0,0,0.0,0,0.0,0,0.0,0,0.0,269,862.0503134727478,7,17.25014501810074,1,0.1837803423404693,0,0.0,7,0.4975620359182358,0,0.0,0,0.0,0,0.0,7.0,7.0,7.0,0.0062499999999999,0.0249999999999999,0.025,0.0248647675424026
20,12.3,298,119200.0,1164.1814801810472,13.924580998967198,1164 ± 13.92,1138.635448561057,1209.2772546830868,1.7982236801149964,1.548191770895414,1.798 ± 1.548,0.0,7.797382848589284,0.3329723263381826,0.1767644944367856,0.333 ± 0.1768,0.0280800068642612,1.0404137318690054,350.66442953020135,99.21271370265524,350.7 ± 99.21,0.0,382.0,64.53174338884801,2.3086446782626724,64.53 ± 2.309,62.50959777832031,72.43816375732422,70.64180612202972,1,3,1,4,1:276; 3:8; 4:14,14,0,0.0,model_dynamic,True,mckenzie2003,2.9508185527543693,3.2101263999938965,0.063024521805346,3.2101263999938965,3.5985403060913086,3.5066442953020136,3.81,3.82,0.8495864093086052,0.8425528608907865,14,0.0,0,0.0,0,0.0,0,0.0,0,0.0,0,0.0,269,861.7532892227173,7,16.827459454536438,1,0.1882194727659225,0,0.0,7,0.574960570782423,0,0.0,0,0.0,0,0.0,7.0,7.0,7.0,0.00625,0.025,0.025,0.0206057076697216
20,12.2,298,119200.0,1164.1964647134814,13.923611437888082,1164 ± 13.92,1138.6623112173718,1209.2628932830874,1.799950949404718,1.558103893084254,1.8 ± 1.558,0.0,7.849963384986591,0.332730732068429,0.1764518440300982,0.3327 ± 0.1765,0.0287935471753171,1.04021432158282,350.9530201342282,100.89817018118984,351 ± 100.9,0.0,382.0,62.35768551154425,2.2753313445560326,62.36 ± 2.275,60.292999267578125,70.161865234375,70.60058206571557,1,3,1,4,1:276; 3:6; 4:16,16,0,0.0,model_dynamic,True,mckenzie2003,2.957714227471976,3.2101263999938965,0.0,3.2101263999938965,3.5985403060913086,3.509530201342282,3.82,3.82,0.8496101501362833,0.8403472251292922,16,0.0,0,0.0,0,0.0,0,0.0,0,0.0,0,0.0,268,859.3999598026276,8,21.54554569721222,0,0.0,0,0.0,6,0.4533342868089676,0,0.0,0,0.0,0,0.0,7.0,7.0,7.0,0.0062499999999999,0.0249999999999999,0.025,0.0209708449306327
20,12.1,298,119200.0,1164.2112127593366,13.92275495023359,1164 ± 13.92,1138.6889822752237,1209.2495037077706,1.8010986434070897,1.5678600267781435,1.801 ± 1.568,0.0,7.898670020345881,0.3325106554825839,0.1761621342497341,0.3325 ± 0.1762,0.0295784561976098,1.0402173912127013,355.8322147651007,105.02124442702466,355.8 ± 105,0.0,389.0,64.66329543862567,2.2802053473980397,64.66 ± 2.28,62.54021072387695,72.29261016845703,70.56052143254715,1,3,1,4,1:275; 3:3; 4:20,20,0,0.0,model_dynamic,True,mckenzie2003,2.956204115244366,3.221550226211548,0.0,3.221550226211548,3.6213881969451904,3.558322147651007,3.89,3.89,0.8349976754472358,0.8281620118795753,20,0.0,0,0.0,0,0.0,0,0.0,0,0.0,0,0.0,268,862.1302518844604,7,18.575321912765503,0,0.0,0,0.0,3,0.243252545595169,0,0.0,0,0.0,0,0.0,7.0,7.0,7.0,0.0062499999999999,0.0249999999999999,0.025,0.0215471283370449
20,12.0,298,119200.0,1164.226448579204,13.921797779573817,1164 ± 13.92,1138.715920564494,1209.2362754577514,1.803179187702128,1.5772433362463594,1.803 ± 1.577,0.0,7.949851665151051,0.3322676914123644,0.175861610810451,0.3323 ± 0.1759,0.0302114588434784,1.040078511529764,361.3053691275168,102.69037340454273,361.3 ± 102.7,0.0,393.0,67.9759885544745,2.2718900463712166,67.98 ± 2.272,65.84271240234375,75.8079833984375,70.52035489325749,1,3,1,4,1:277; 3:2; 4:19,19,0,0.0,model_dynamic,True,mckenzie2003,2.9693642601420813,3.221550226211548,0.0,3.2443981170654297,3.632812023162842,3.613053691275168,3.93,3.93,0.8247975665743116,0.8197328819876711,19,0.0,0,0.0,0,0.0,0,0.0,0,0.0,0,0.0,268,861.8332390785217,9,22.89357030391693,0,0.0,0,0.0,2,0.143740139901638,0,0.0,0,0.0,0,0.0,7.0,8.0,8.0,0.0062499999999999,0.0249999999999999,0.025,0.0219938332266044
20,11.9,298,119200.0,1164.2425047718748,13.920448607198493,1164 ± 13.92,1138.7432339271825,1209.2231452804258,1.806713494849954,1.5861749301342114,1.807 ± 1.586,0.0,8.004476647562594,0.3319881996611269,0.1755512973738875,0.332 ± 0.1756,0.0310378245175831,1.0397340361729683,375.758389261745,103.19887954016322,375.8 ± 103.2,0.0,407.0,69.44584927142867,2.2787909572155822,69.45 ± 2.279,67.25174713134766,77.59362030029297,70.47991135324332,1,3,1,4,1:278; 3:7; 4:13,13,0,0.0,model_dynamic,True,mckenzie2003,3.037633642054244,3.278670072555542,0.0724229184910655,3.278670072555542,3.689931631088257,3.7575838926174505,4.07,4.07,0.8164551243348055,0.805570042396939,13,0.0,0,0.0,0,0.0,0,0.0,0,0.0,0,0.0,268,876.6272702217102,10,28.045765340328217,0,0.0,0,0.0,7,0.5417897701263428,0,0.0,0,0.0,0,0.0,8.0,8.0,8.0,0.0062499999999999,0.0249999999999999,0.025,0.0228501164344087
20,11.8,298,119200.0,1164.2584857631346,13.918808851136331,1164 ± 13.92,1138.7707404841171,1209.2101626883857,1.81045028744594,1.5951740138644577,1.81 ± 1.595,0.0,8.059940510198095,0.3316950943692074,0.1752294429630666,0.3317 ± 0.1752,0.0318437218004201,1.0393085279850176,384.3825503355704,93.62205164687224,384.4 ± 93.62,0.0,412.0,70.29022949013934,2.1049909815494474,70.29 ± 2.105,68.10596466064453,78.35380554199219,70.43942220426857,1,3,1,4,1:284; 3:3; 4:11,11,0,0.0,model_dynamic,True,mckenzie2003,3.0829866914666137,3.301517963409424,1.1886606216430669,3.301517963409424,3.689931631088257,3.843825503355705,4.12,4.12,0.805334094955516,0.8013393115071417,11,0.0,0,0.0,0,0.0,0,0.0,0,0.0,0,0.0,269,884.075680732727,15,34.477442383766174,0,0.0,0,0.0,3,0.1769109405577182,0,0.0,0,0.0,0,0.0,8.0,8.0,8.0,0.00625,0.025,0.025,0.0232486300466961
20,11.7,298,119200.0,1164.2745747708973,13.917133281818526,1164 ± 13.92,1138.7983781849837,1209.1973611154135,1.814407105716443,1.604184501426891,1.814 ± 1.604,0.0,8.115570771464002,0.3313986331605371,0.1749089289872993,0.3314 ± 0.1749,0.0327066623173498,1.0388423185666102,385.4496644295302,90.40434421479716,385.4 ± 90.4,0.0,412.0,71.2661220883363,2.20421194614455,71.27 ± 2.204,69.07927703857422,79.83568572998047,70.39898293043007,1,3,1,4,1:282; 3:8; 4:8,8,0,0.0,model_dynamic,True,mckenzie2003,3.038187344189758,3.2443981170654297,0.1922590941190719,3.301517963409424,3.689931631088257,3.8544966442953017,4.12,4.12,0.7885001402588667,0.7902481023547718,8,0.0,0,0.0,0,0.0,0,0.0,0,0.0,0,0.0,269,873.6684515476227,13,30.84463006258011,3,0.5682097375392914,0,0.0,5,0.2985372208058834,0,0.0,0,0.0,0,0.0,9.0,10.0,10.0,0.0062499999999999,0.0249999999999999,0.025,0.0240131974600071
20,11.6,298,119200.0,1164.2908919257309,13.91541638688786,1164 ± 13.92,1138.8261454820074,1209.1847614977924,1.8188120735584468,1.6129471040463814,1.819 ± 1.613,0.0,8.171520089799865,0.3310982326162578,0.1745880224968188,0.3311 ± 0.1746,0.0334229442805351,1.0383360783247633,396.4295302013423,83.84067304611926,396.4 ± 83.84,0.0,420.0,70.4225939040216,1.9875974796677456,70.42 ± 1.988,67.5645751953125,78.83597564697266,70.35861601578495,1,3,1,4,1:287; 3:3; 4:8,8,0,0.0,model_dynamic,True,mckenzie2003,3.1498710711880418,3.335789680480957,1.7747086286544802,3.335789680480957,3.724203586578369,3.964295302013423,4.2,4.2,0.7958585960169695,0.7942356382097516,8,0.0,0,0.0,0,0.0,0,0.0,0,0.0,0,0.0,269,893.2490830421448,18,45.033160507678986,1,0.2024247199296951,0,0.0,2,0.1769109442830085,0,0.0,0,0.0,0,0.0,9.0,9.0,9.0,0.0062499999999999,0.0249999999999999,0.025,0.0235046521202964
20,11.5,298,119200.0,1164.3069555763584,13.913867183019525,1164 ± 13.91,1138.8538755791908,1209.1722137887757,1.8226498762641743,1.6220356296894274,1.823 ± 1.622,0.0,8.226532813060874,0.3308112382999489,0.1742711497550239,0.3308 ± 0.1743,0.0343821411233898,1.0378833438573718,404.3590604026846,81.00543897011681,404.4 ± 81.01,0.0,427.0,74.40333029727807,1.8477213354126965,74.4 ± 1.848,72.2858657836914,82.25602722167969,70.31833820958491,1,2,1,4,1:290; 4:8,8,0,0.0,model_dynamic,True,mckenzie2003,3.1402410540804766,3.301517963409424,1.9609188199043277,3.335789680480957,3.747051477432251,4.043590604026845,4.2700000000000005,4.2700000000000005,0.7772349039497768,0.7731892185970547,8,0.0,0,0.0,0,0.0,0,0.0,0,0.0,0,0.0,269,885.0467047691345,21,50.745129346847534,0,0.0,0,0.0,0,0.0,0,0.0,0,0.0,0,0.0,8.0,9.0,9.0,0.0124999999999999,0.0124999999999999,0.025,0.0246721706723229
20,11.4,298,119200.0,1164.323971512153,13.911970241087918,1164 ± 13.91,1138.8820687076068,1209.159948584972,1.8282967302338684,1.6303610735000325,1.828 ± 1.63,0.0,8.28387562522189,0.3304897508971274,0.1739379120300361,0.3305 ± 0.1739,0.0353121821664336,1.0372044796735689,413.4362416107383,77.12504638899988,413.4 ± 77.13,0.0,435.0,72.71349104298841,1.746122829495568,72.71 ± 1.746,69.94121551513672,80.9250717163086,70.2778798773652,1,3,1,4,1:287; 3:5; 4:6,6,0,0.0,model_dynamic,True,mckenzie2003,3.185200055336092,3.3472135066986084,2.2105318903923035,3.3700613975524902,3.747051477432251,4.134362416107383,4.34,4.3500000000000005,0.7703896294598356,0.7712473517738729,6,0.0,0,0.0,0,0.0,0,0.0,0,0.0,0,0.0,270,900.9602205753326,17,47.5235790014267,3,0.5841906368732452,0,0.0,2,0.1216262765228748,0,0.0,0,0.0,0,0.0,8.0,8.0,8.0,0.0062499999999999,0.0249999999999999,0.025,0.0246486191468077
20,11.3,298,119200.0,1164.3405550839632,13.910241419543082,1164 ± 13.91,1138.910135188249,1209.147379562149,1.833012421365808,1.6391851024069053,1.833 ± 1.639,0.0,8.339450204419563,0.3301830067992609,0.1736188179631853,0.3302 ± 0.1736,0.0365119724947667,1.036617161125876,413.1442953020134,76.21377553664679,413.1 ± 76.21,0.0,433.0,71.93193031157423,1.646043817640086,71.93 ± 1.646,69.08975982666016,80.19635772705078,70.23724437390001,1,3,1,4,1:290; 3:1; 4:7,7,0,0.0,model_dynamic,True,mckenzie2003,3.188994986898947,3.312941789627075,2.4407241702079774,3.3700613975524902,3.747051477432251,4.131442953020133,4.33,4.33,0.774495481422075,0.7651135772810798,7,0.0,0,0.0,0,0.0,0,0.0,0,0.0,0,0.0,270,893.8202819824219,20,56.42282557487488,0,0.0,0,0.0,1,0.0773985385894775,0,0.0,0,0.0,0,0.0,10.0,11.0,11.0,0.00625,0.0125,0.025,0.0190094328778167
20,11.2,298,119200.0,1164.356661639613,13.908849611672457,1164 ± 13.91,1138.9381538732569,1209.134875534358,1.83699655242539,1.6483697411961682,1.837 ± 1.648,0.0,8.393798469981151,0.3299007992183038,0.1733118794673536,0.3299 ± 0.1733,0.0374245447446987,1.0360879319577596,419.4496644295302,79.26300085952158,419.4 ± 79.26,0.0,441.0,74.91962617195692,1.7364974852768034,74.92 ± 1.736,72.02481079101562,83.24313354492188,70.19672166110104,1,3,1,4,1:289; 3:2; 4:7,7,0,0.0,model_dynamic,True,mckenzie2003,3.1923295320230443,3.335789680480957,2.305350434780121,3.3700613975524902,3.792747259140015,4.1944966442953024,4.41,4.41,0.7627580116253085,0.7581340182911266,7,0.0,0,0.0,0,0.0,0,0.0,0,0.0,0,0.0,270,900.1262826919556,19,50.91648805141449,1,0.205088198184967,0,0.0,1,0.0663416013121604,0,0.0,0,0.0,0,0.0,8.0,9.0,9.0,0.0124999999999999,0.0124999999999999,0.025,0.0243353020201916
20,11.1,298,119200.0,1164.3737432368705,13.906943467085304,1164 ± 13.91,1138.9665232769812,1209.1225043793777,1.842699741045242,1.6566659482934292,1.843 ± 1.657,0.0,8.449753001138028,0.3295812205114235,0.1729928864070499,0.3296 ± 0.173,0.038455218905801,1.0353912084308698,419.2248322147651,74.89755724553164,419.2 ± 74.9,0.0,439.0,77.03160819751304,1.783728452803363,77.03 ± 1.784,74.22138977050781,85.54214477539062,70.15598110239625,1,3,1,4,1:286; 3:8; 4:4,4,0,0.0,model_dynamic,True,mckenzie2003,3.212448119429634,3.3700613975524902,2.336195087432862,3.3814854621887207,3.7013556957244873,4.192248322147651,4.39,4.39,0.7645613955013109,0.7702700369450389,4,0.0,0,0.0,0,0.0,0,0.0,0,0.0,0,0.0,270,909.745236158371,16,46.43830466270447,5,0.9490878283977509,0,0.0,3,0.1769109405577182,0,0.0,0,0.0,0,0.0,8.0,9.0,9.0,0.0124999999999999,0.0124999999999999,0.025,0.0236155442295346
20,11.0,298,119200.0,1164.3912416157484,13.9049650152558,1164 ± 13.9,1138.9951673057008,1209.1102265648126,1.8492775044783216,1.664577264353056,1.849 ± 1.665,0.0,8.506527521452044,0.3292476796399167,0.1726630501383357,0.3292 ± 0.1727,0.0392892565434357,1.0345742406980996,427.8993288590604,62.33496276923721,427.9 ± 62.33,0.0,443.0,75.96692014860626,1.532471414768985,75.97 ± 1.532,73.24069213867188,84.48188018798828,70.11505925911183,1,3,1,4,1:291; 3:5; 4:2,2,0,0.0,model_dynamic,True,mckenzie2003,3.281204096897937,3.3814854621887207,3.011921083927155,3.4043333530426025,3.781323194503784,4.278993288590604,4.43,4.43,0.7656903479555808,0.7633150027514043,2,0.0,0,0.0,0,0.0,0,0.0,0,0.0,0,0.0,270,912.5783841609956,21,64.55666887760162,3,0.5753123611211777,0,0.0,2,0.0884554758667945,0,0.0,0,0.0,0,0.0,8.0,9.0,9.0,0.0124999999999999,0.0124999999999999,0.025,0.0238538739002275
20,10.9,298,119200.0,1164.408226027728,13.903141956464513,1164 ± 13.9,1139.0237540476849,1209.0975310870815,1.854849244784408,1.673153025799888,1.855 ± 1.673,0.0,8.561856873335616,0.3289305708052467,0.1723456154281167,0.3289 ± 0.1723,0.0403125568051794,1.033800178941573,427.1543624161074,60.31775199559033,427.2 ± 60.32,0.0,442.0,74.69749957603096,1.4082668013429362,74.7 ± 1.408,71.9870834350586,83.1650619506836,70.07377703939665,1,3,1,4,1:293; 3:2; 4:3,3,0,0.0,model_dynamic,True,mckenzie2003,3.2929440334864317,3.3700613975524902,3.172427260875702,3.3814854621887207,3.792747259140015,4.271543624161074,4.41,4.42,0.7716392391865362,0.7650419597712038,3,0.0,0,0.0,0,0.0,0,0.0,0,0.0,0,0.0,270,909.7795062065125,23,71.28536856174469,1,0.1882194727659225,0,0.0,1,0.0442277379333972,0,0.0,0,0.0,0,0.0,8.0,9.0,9.0,0.0124999999999999,0.0124999999999999,0.025,0.0241786422752016
20,10.8,298,119200.0,1164.4246583982003,13.901614632327282,1164 ± 13.9,1139.0522468907034,1209.084555596587,1.859468406320384,1.6822150036054353,1.859 ± 1.682,0.0,8.615688490042556,0.3286388600551897,0.1720439038660946,0.3286 ± 0.172,0.0414481116396481,1.0330914375978668,430.3758389261745,65.17930627567375,430.4 ± 65.18,0.0,447.0,75.08661323905791,1.6007758343755878,75.09 ± 1.601,73.07025909423828,83.49646759033203,70.03230870588368,1,3,1,4,1:290; 3:4; 4:4,4,0,0.0,model_dynamic,True,mckenzie2003,3.265919696264619,3.4043333530426025,2.6486398577690125,3.4043333530426025,3.815594911575317,4.303758389261745,4.47,4.47,0.7562850811154718,0.7615958284211639,4,0.0,0,0.0,0,0.0,0,0.0,0,0.0,0,0.0,270,914.5889976024628,20,57.86224174499512,4,0.7928301393985748,0,0.0,0,0.0,0,0.0,0,0.0,0,0.0,8.0,9.0,9.0,0.0125,0.0125000000000014,0.025,0.0240598454396269
20,10.7,298,119200.0,1164.441399333019,13.89970400374911,1164 ± 13.9,1139.0807995808884,1209.0715325087062,1.8646030041583388,1.690607393514128,1.865 ± 1.691,0.0,8.66916555214941,0.3283326633661131,0.171733230571168,0.3283 ± 0.1717,0.0425780155226926,1.032369847258098,425.8422818791946,62.50024395249898,425.8 ± 62.5,0.0,442.0,77.72856268146694,1.488757727096839,77.73 ± 1.489,75.00969696044922,85.98420715332031,69.99073292781782,1,3,1,4,1:292; 3:2; 4:4,4,0,0.0,model_dynamic,True,mckenzie2003,3.2682212336151397,3.3700613975524902,2.9176736354827884,3.3814854621887207,3.792747259140015,4.258422818791947,4.41,4.42,0.7668915264085985,0.7641862579484104,4,0.0,0,0.0,0,0.0,0,0.0,0,0.0,0,0.0,271,911.8129694461824,21,61.71210873126984,2,0.4048494398593902,0,0.0,0,0.0,0,0.0,0,0.0,0,0.0,8.0,9.0,9.0,0.0124999999999999,0.0124999999999999,0.025,0.0231787058578081
20,10.6,298,119200.0,1164.4587196411792,13.897733156835582,1164 ± 13.9,1139.10968301819,1209.058732204724,1.8708762235030367,1.6986112212504656,1.871 ± 1.699,0.0,8.723859585456491,0.3280131868051562,0.1714175328015285,0.328 ± 0.1714,0.0436510780022045,1.0315029304812522,427.18791946308727,58.526695466671846,427.2 ± 58.53,0.0,441.0,74.16488207106622,1.4037849651198635,74.16 ± 1.404,71.67977142333984,82.77218627929688,69.94904918653401,1,3,1,4,1:291; 3:5; 4:2,2,0,0.0,model_dynamic,True,mckenzie2003,3.2333570184723643,3.312941789627075,3.09988534450531,3.3472135066986084,3.7584753036499023,4.2718791946308725,4.41,4.41,0.7575157887550179,0.7542017211421839,2,0.0,0,0.0,0,0.0,0,0.0,0,0.0,0,0.0,272,902.9137270450592,19,59.90712714195252,3,0.5868541151285172,0,0.0,2,0.1326832026243209,0,0.0,0,0.0,0,0.0,8.0,9.0,9.0,0.0124999999999999,0.0124999999999999,0.025,0.0242409056698596
20,10.5,298,119200.0,1164.4748795095206,13.896233732591202,1164 ± 13.9,1139.138214677504,1209.047381302324,1.87503908956192,1.7075858161001107,1.875 ± 1.708,0.0,8.775353436014473,0.3277374747574519,0.171124474681996,0.3277 ± 0.1711,0.0441436401380693,1.0308326217783488,426.4261744966443,63.15786325339587,426.4 ± 63.16,0.0,442.0,76.26210068056247,1.5023715833022613,76.26 ± 1.502,73.7070083618164,84.38431549072266,69.90916662482005,1,3,1,4,1:291; 3:3; 4:4,4,0,0.0,model_dynamic,True,mckenzie2003,3.2279225748857394,3.335789680480957,2.9485182881355287,3.3700613975524902,3.7584753036499023,4.264261744966444,4.42,4.42,0.7552758741522517,0.754703547620126,4,0.0,0,0.0,0,0.0,0,0.0,0,0.0,0,0.0,273,910.4763622283936,18,50.84794485569,3,0.5966202318668365,0,0.0,0,0.0,0,0.0,0,0.0,0,0.0,8.0,9.0,9.0,0.0124999999999999,0.0124999999999999,0.025,0.0235523943693207
20,10.4,298,119200.0,1164.4918693451898,13.894320231838387,1164 ± 13.89,1139.1670115604466,1209.0357814377062,1.88059049065353,1.715717598452402,1.881 ± 1.716,0.0,8.827746684729993,0.327429389605544,0.1708246494314168,0.3274 ± 0.1708,0.0441976235589298,1.0300508949792055,416.12080536912754,59.72098579492658,416.1 ± 59.72,0.0,431.0,74.2055737028186,1.5210691862996983,74.21 ± 1.521,71.4348373413086,82.43489837646484,69.86876987725964,1,3,1,4,1:289; 3:5; 4:4,4,0,0.0,model_dynamic,True,mckenzie2003,3.1932455797323445,3.301517963409424,2.9159599781036385,3.335789680480957,3.747051477432251,4.161208053691275,4.3,4.3100000000000005,0.7640073810385711,0.7686639883125463,4,0.0,0,0.0,0,0.0,0,0.0,0,0.0,0,0.0,273,902.5367505550385,16,48.06050431728363,5,0.9899278879165648,0,0.0,0,0.0,0,0.0,0,0.0,0,0.0,8.0,9.0,9.0,0.0124999999999999,0.0124999999999999,0.025,0.024154687429733
20,10.3,298,119200.0,1164.5082889283342,13.89274337577776,1165 ± 13.89,1139.195612659723,1209.0233510581502,1.8850543912741704,1.7241891233921025,1.885 ± 1.724,0.0,8.878111954228906,0.3271580628068239,0.170537300924099,0.3272 ± 0.1705,0.0442503593602901,1.0293908185470566,421.6174496644296,60.939467965448266,421.6 ± 60.94,0.0,436.0,76.6013640845382,1.4769115843575154,76.6 ± 1.477,74.5173110961914,84.90442657470703,69.82773839842707,1,3,1,4,1:291; 3:3; 4:4,4,0,0.0,model_dynamic,True,mckenzie2003,3.253987994670068,3.3700613975524902,3.050191164016724,3.3700613975524902,3.781323194503784,4.216174496644295,4.36,4.36,0.7699960771319633,0.7729498618239656,4,0.0,0,0.0,0,0.0,0,0.0,0,0.0,0,0.0,274,919.5355319976808,17,49.54561626911163,3,0.6072741448879242,0,0.0,0,0.0,0,0.0,0,0.0,0,0.0,8.0,9.0,9.0,0.0125,0.0125000000000014,0.025,0.0233543562650181
20,10.2,298,119200.0,1164.5254270779285,13.890828524551958,1165 ± 13.89,1139.210385799408,1209.0109097564,1.890757818896185,1.732063267099936,1.891 ± 1.732,0.0,8.929609524461643,0.3268599577478471,0.1702413230850193,0.3269 ± 0.1702,0.0443050415746974,1.0285936712459882,422.38926174496646,58.72929724156878,422.4 ± 58.73,0.0,436.0,79.54298933400403,1.4927964452269673,79.54 ± 1.493,76.8042221069336,88.2394790649414,69.80052395699204,1,3,1,4,1:289; 3:7; 4:2,2,0,0.0,model_dynamic,True,mckenzie2003,3.2251786077332576,3.335789680480957,2.9450911045074464,3.3700613975524902,3.781323194503784,4.223892617449664,4.36,4.36,0.769141620447084,0.7650893762571002,2,0.0,0,0.0,0,0.0,0,0.0,0,0.0,0,0.0,275,916.690984725952,14,43.31956994533539,5,1.026328831911087,0,0.0,2,0.0663416013121604,0,0.0,0,0.0,0,0.0,8.0,9.0,9.0,0.0124999999999999,0.0124999999999999,0.025,0.0224553773924858
20,10.1,298,119200.0,1164.5432981225997,13.888677465321702,1165 ± 13.89,1139.210385799408,1208.9984859465312,1.8979141544904727,1.7393903817548098,1.898 ± 1.739,0.0,8.982296969364164,0.3265365589504433,0.1699369446297754,0.3265 ± 0.1699,0.0443619679132502,1.0276504780508178,427.1912751677853,47.008142137644704,427.2 ± 47.01,0.0,437.0,76.79459519354289,1.2203944920263148,76.79 ± 1.22,74.1500015258789,85.39314270019531,69.78810014712326,1,3,1,4,1:294; 3:2; 4:2,2,0,0.0,model_dynamic,True,mckenzie2003,3.3017050281367046,3.3700613975524902,3.1375842452049256,3.3700613975524902,3.747051477432251,4.271912751677852,4.37,4.37,0.771625387215025,0.7711810978380984,2,0.0,0,0.0,0,0.0,0,0.0,0,0.0,0,0.0,278,933.381344795227,16,50.13966071605682,2,0.3870928734540939,0,0.0,0,0.0,0,0.0,0,0.0,0,0.0,8.0,9.0,9.0,0.0124999999999999,0.0124999999999999,0.025,0.0231722860250679
20,10.0,298,119200.0,1164.560128256988,13.886961322405888,1165 ± 13.89,1139.210385799408,1208.984972470428,1.9031097451425287,1.7477806975636412,1.903 ± 1.748,0.0,9.032765428478148,0.3262526177913597,0.1696527922157014,0.3263 ± 0.1697,0.0444175529937099,1.0268294354190692,424.6711409395973,48.25275218398563,424.7 ± 48.25,0.0,435.0,73.76670015578301,1.2205701175065966,73.77 ± 1.221,71.29036712646484,82.39282989501953,69.77458667101996,1,3,1,4,1:295; 3:1; 4:2,2,0,0.0,model_dynamic,True,mckenzie2003,3.3024368032613056,3.3700613975524902,3.149579405784607,3.3700613975524902,3.7584753036499023,4.2467114093959735,4.3500000000000005,4.3500000000000005,0.777617584784962,0.7747267580580436,2,0.0,0,0.0,0,0.0,0,0.0,0,0.0,0,0.0,278,933.8383028507232,17,50.05969280004501,1,0.2281717211008072,0,0.0,0,0.0,0,0.0,0,0.0,0,0.0,8.0,9.0,9.0,0.0124999999999999,0.0124999999999999,0.025,0.0240830969035011
20,9.9,298,119200.0,1164.5758744066436,13.885585301904142,1165 ± 13.89,1139.210385799408,1208.971191277392,1.9065143869998056,1.7564192850988527,1.907 ± 1.756,0.0,9.080010272032291,0.326007646934225,0.1693824130645664,0.326 ± 0.1694,0.0444712560905624,1.0261810294099336,425.67785234899327,61.444607941234565,425.7 ± 61.44,0.0,440.0,76.8611105336439,1.5189919813751875,76.86 ± 1.519,74.61454010009766,85.4452896118164,69.76080547798392,1,3,1,4,1:289; 3:6; 4:3,3,0,0.0,model_dynamic,True,mckenzie2003,3.246599529901107,3.3814854621887207,2.958799755573273,3.3814854621887207,3.724203586578369,4.256778523489932,4.4,4.4,0.7591595055403149,0.7685194232247092,3,0.0,0,0.0,0,0.0,0,0.0,0,0.0,0,0.0,278,937.3226370811462,11,29.119616270065308,5,1.0112357586622238,0,0.0,1,0.0331708006560802,0,0.0,0,0.0,0,0.0,8.0,9.0,9.0,0.0124999999999999,0.0124999999999999,0.025,0.0231001840798365
20,9.8,298,119200.0,1164.5928865073136,13.883652841757794,1165 ± 13.88,1139.210385799408,1208.9576690632275,1.9120927671661336,1.7637320790264972,1.912 ± 1.764,0.0,9.12921036122592,0.3257189049149684,0.1691006010200989,0.3257 ± 0.1691,0.0445268481096974,1.025373352085599,426.7852348993289,56.84112602240703,426.8 ± 56.84,0.0,440.0,74.8405470880086,1.375687877767194,74.84 ± 1.376,72.21807861328125,83.7642822265625,69.74728326381978,1,3,1,4,1:291; 3:5; 4:2,2,0,0.0,model_dynamic,True,mckenzie2003,3.255482175181176,3.3472135066986084,3.1153076529502868,3.3700613975524902,3.781323194503784,4.267852348993289,4.39,4.4,0.7610248315350152,0.7624632133709814,2,0.0,0,0.0,0,0.0,0,0.0,0,0.0,0,0.0,278,929.337275505066,13,40.09801959991455,3,0.6099376231431961,0,0.0,2,0.0884554758667945,0,0.0,0,0.0,0,0.0,8.0,9.0,9.0,0.0125,0.0125000000000014,0.025,0.023661378306366
20,9.7,298,119200.0,1164.6090446342334,13.88208833063012,1165 ± 13.88,1139.210385799408,1208.943969034873,1.9162197204681244,1.7717706660780104,1.916 ± 1.772,0.0,9.175947804077056,0.3254654100614567,0.1688328485106034,0.3255 ± 0.1688,0.0445810898056461,1.0246791373024038,428.0771812080537,58.61068301825608,428.1 ± 58.61,0.0,441.0,79.33516810884412,1.3614700170126728,79.34 ± 1.361,76.79039764404297,87.86392974853516,69.73358323546495,1,3,1,4,1:292; 3:2; 4:4,4,0,0.0,model_dynamic,True,mckenzie2003,3.273983017860243,3.3700613975524902,3.128445291519165,3.3814854621887207,3.781323194503784,4.280771812080538,4.41,4.41,0.7640967609257303,0.7641862579484104,4,0.0,0,0.0,0,0.0,0,0.0,0,0.0,0,0.0,277,930.4225506782532,15,44.82752966880798,2,0.3968589752912521,0,0.0,0,0.0,0,0.0,0,0.0,0,0.0,8.0,9.0,9.0,0.0124999999999999,0.0124999999999999,0.025,0.0222755604609833
20,9.6,298,119200.0,1164.6264969139156,13.880064821128707,1165 ± 13.88,1139.210385799408,1208.9307149272863,1.922712183159217,1.7787234623089925,1.923 ± 1.779,0.0,9.225540901991112,0.3251645157501401,0.1685453859222825,0.3252 ± 0.1685,0.0446386468652361,1.023740421740832,434.8724832214765,47.58994149415928,434.9 ± 47.59,0.0,445.0,79.99425468188804,1.132863306495117,79.99 ± 1.133,77.94761657714844,88.85653686523438,69.72032912787836,1,3,1,4,1:295; 3:2; 4:1,1,0,0.0,model_dynamic,True,mckenzie2003,3.31771800493284,3.3700613975524902,3.254108572006225,3.4043333530426025,3.792747259140015,4.348724832214765,4.45,4.45,0.7635150334864856,0.7573171679893236,1,0.0,0,0.0,0,0.0,0,0.0,0,0.0,0,0.0,277,932.8215866088868,18,55.61172640323639,1,0.2024247199296951,0,0.0,1,0.0442277379333972,0,0.0,0,0.0,0,0.0,8.0,9.0,9.0,0.0124999999999999,0.0124999999999999,0.025,0.0220030034363451
20,9.5,298,119200.0,1164.6439372148204,13.87800698276178,1165 ± 13.88,1139.210385799408,1208.9172117038397,1.9291753234962936,1.785855448589852,1.929 ± 1.786,0.0,9.274152629201629,0.324864465646399,0.1682615832628553,0.3249 ± 0.1683,0.044345477464771,1.0227521961583497,426.2281879194631,43.36285498002153,426.2 ± 43.36,0.0,435.0,80.0533696629057,1.120567956051451,80.05 ± 1.121,77.55596923828125,89.0558853149414,69.70682590443153,1,3,1,4,1:294; 3:3; 4:1,1,0,0.0,model_dynamic,True,mckenzie2003,3.3096403724095165,3.3700613975524902,3.301517963409424,3.3700613975524902,3.7584753036499023,4.262281879194632,4.3500000000000005,4.3500000000000005,0.7767606899751167,0.7747267580580436,1,0.0,0,0.0,0,0.0,0,0.0,0,0.0,0,0.0,278,933.9182705879213,16,51.89894723892212,2,0.3782146126031875,0,0.0,1,0.0773985385894775,0,0.0,0,0.0,0,0.0,8.0,9.0,9.0,0.0124999999999999,0.0124999999999999,0.025,0.0219399449941707
20,9.4,298,119200.0,1164.6612378195196,13.87602128230775,1165 ± 13.88,1139.210385799408,1208.9034080854335,1.9354339000447884,1.7931229400261162,1.935 ± 1.793,0.0,9.322249037783132,0.3245672303112994,0.1679815199905913,0.3246 ± 0.168,0.0436207590250809,1.02174944336824,435.3489932885906,37.41279366552323,435.3 ± 37.41,0.0,443.0,77.53654339169496,0.9480464587194646,77.54 ± 0.948,74.97940063476562,86.19078826904297,69.69302228602578,1,2,1,4,1:297; 4:1,1,0,0.0,model_dynamic,True,mckenzie2003,3.338281425053641,3.3700613975524902,3.335789680480957,3.3814854621887207,3.792747259140015,4.353489932885907,4.43,4.43,0.7679527776284317,0.7607362071224584,1,0.0,0,0.0,0,0.0,0,0.0,0,0.0,0,0.0,279,937.653906583786,18,57.1539580821991,0,0.0,0,0.0,0,0.0,0,0.0,0,0.0,0,0.0,8.0,9.0,9.0,0.0124999999999999,0.0124999999999999,0.025,0.0224877547389068
20,9.3,298,119200.0,1164.677711304418,13.874382928290071,1165 ± 13.87,1139.210385799408,1208.8891643478237,1.940133771049648,1.8011814905452244,1.94 ± 1.801,0.0,9.368391893527535,0.3243026030175864,0.1677194673041769,0.3243 ± 0.1677,0.042888038643601,1.0208681591211075,434.755033557047,47.56560702133001,434.8 ± 47.57,0.0,445.0,76.53783639485404,1.2000813164772297,76.54 ± 1.2,74.24176788330078,85.29962158203125,69.67877854841572,1,3,1,4,1:293; 3:4; 4:1,1,0,0.0,model_dynamic,True,mckenzie2003,3.2958457754587367,3.3472135066986084,3.214695858955384,3.4043333530426025,3.792747259140015,4.34755033557047,4.45,4.45,0.7565149818767343,0.7615958248172794,1,0.0,0,0.0,0,0.0,0,0.0,0,0.0,0,0.0,279,939.3332452774048,14,42.16575217247009,3,0.6188158988952637,0,0.0,1,0.0442277379333972,0,0.0,0,0.0,0,0.0,8.0,9.0,9.0,0.0125,0.0125000000000014,0.025,0.0225333230289477
20,9.2,298,119200.0,1164.6940012563448,13.872840461806303,1165 ± 13.87,1139.210385799408,1208.8748333844292,1.9445464803736636,1.8090344024910736,1.945 ± 1.809,0.0,9.413894853640704,0.3240468479723643,0.1674633035326375,0.324 ± 0.1675,0.0421613080958189,1.0200501561945348,437.6409395973154,51.47060738538562,437.6 ± 51.47,0.0,449.0,77.21664664249292,1.32083091163195,77.22 ± 1.321,74.76139068603516,85.85862731933594,69.66444758502121,1,3,1,4,1:292; 3:4; 4:2,2,0,0.0,model_dynamic,True,mckenzie2003,3.278871023064892,3.3700613975524902,3.20498560667038,3.3814854621887207,3.781323194503784,4.376409395973155,4.49,4.49,0.746521028693964,0.7505704671609109,2,0.0,0,0.0,0,0.0,0,0.0,0,0.0,0,0.0,278,935.7918055057526,14,40.52070486545563,4,0.7910545021295547,0,0.0,0,0.0,0,0.0,0,0.0,0,0.0,8.0,9.0,9.0,0.0124999999999999,0.0124999999999999,0.025,0.0231070217143528
20,9.1,298,119200.0,1164.7107110676,13.87101419977978,1165 ± 13.87,1139.210385799408,1208.8606427302695,1.9495784594591683,1.816372801394834,1.95 ± 1.816,0.0,9.458445497117037,0.3237706025460828,0.167203681193214,0.3238 ± 0.1672,0.0414530058851374,1.0192050810232345,438.506711409396,49.1104250396434,438.5 ± 49.11,0.0,449.0,78.17649370231885,1.2142364522828455,78.18 ± 1.214,75.48006439208984,87.15314483642578,69.65025693086159,1,3,1,4,1:294; 3:2; 4:2,2,0,0.0,model_dynamic,True,mckenzie2003,3.307910237836358,3.3700613975524902,3.2409709334373478,3.3814854621887207,3.781323194503784,4.385067114093961,4.49,4.49,0.7536739018944448,0.7505704671609109,2,0.0,0,0.0,0,0.0,0,0.0,0,0.0,0,0.0,278,937.3226182460784,16,48.02623188495636,2,0.4084007441997528,0,0.0,0,0.0,0,0.0,0,0.0,0,0.0,8.0,9.0,9.0,0.0124999999999999,0.0124999999999999,0.025,0.022741623761583
20,9.0,298,119200.0,1164.7277083369906,13.869120637767653,1165 ± 13.87,1139.210385799408,1208.8465680458107,1.9550653266702915,1.823539677068141,1.955 ± 1.824,0.0,9.503171364252466,0.3234871419557474,0.1669499083463932,0.3235 ± 0.1669,0.0407652394598466,1.0183064236464714,434.56040268456377,46.43670053831157,434.6 ± 46.44,0.0,445.0,79.42868372257924,1.141371342699439,79.43 ± 1.141,76.80139923095703,88.2214126586914,69.63618224640277,1,3,1,4,1:294; 3:2; 4:2,2,0,0.0,model_dynamic,True,mckenzie2003,3.304223633952589,3.3700613975524902,3.25582218170166,3.3700613975524902,3.781323194503784,4.3456040268456375,4.44,4.45,0.7597689829620946,0.7590228372865968,2,0.0,0,0.0,0,0.0,0,0.0,0,0.0,0,0.0,278,934.2838342189788,16,49.97972536087036,2,0.395083338022232,0,0.0,0,0.0,0,0.0,0,0.0,0,0.0,8.0,9.0,9.0,0.0124999999999999,0.0124999999999999,0.025,0.0223325475025761
20,8.9,298,119200.0,1164.7451240520716,13.86707440358426,1165 ± 13.87,1139.210385799408,1208.8326187862292,1.961195605631023,1.830416694428901,1.961 ± 1.83,0.0,9.548589213542504,0.3231921502257068,0.1667037432151352,0.3232 ± 0.1667,0.0401006964523783,1.0173413769841302,424.9328859060402,41.420201346577365,424.9 ± 41.42,0.0,433.0,74.92631131370595,0.9787577370206488,74.93 ± 0.9788,72.34979248046875,83.57976531982422,69.62223298682125,1,3,1,4,1:295; 3:2; 4:1,1,0,0.0,model_dynamic,True,mckenzie2003,3.303501655166381,3.335789680480957,3.312941789627075,3.3700613975524902,3.7584753036499023,4.249328859060402,4.33,4.33,0.778954814598157,0.7703902264390201,1,0.0,0,0.0,0,0.0,0,0.0,0,0.0,0,0.0,278,928.2520081996918,17,55.93159699440002,1,0.1935464441776275,0,0.0,1,0.0663416013121604,0,0.0,0,0.0,0,0.0,8.0,9.0,9.0,0.0124999999999999,0.0124999999999999,0.025,0.0233558036550138
20,8.8,298,119200.0,1164.7612730464143,13.86545120151704,1165 ± 13.87,1139.210385799408,1208.8183153416076,1.96489764941892,1.838260969370836,1.965 ± 1.838,0.0,9.590165701899812,0.3229489838079943,0.1664841169893666,0.3229 ± 0.1665,0.0394282677002064,1.0166218519623718,419.36241610738256,52.73998709193743,419.4 ± 52.74,0.0,431.0,75.21697273510415,1.2841413888774194,75.22 ± 1.284,72.69879913330078,83.65481567382812,69.6079295421996,1,3,1,4,1:290; 3:6; 4:2,2,0,0.0,model_dynamic,True,mckenzie2003,3.2342037557305505,3.3472135066986084,3.0856055140495307,3.3472135066986084,3.7013556957244873,4.193624161073826,4.3100000000000005,4.3100000000000005,0.7694065921163683,0.7766156628071016,2,0.0,0,0.0,0,0.0,0,0.0,0,0.0,0,0.0,279,931.7134525775908,11,30.97029411792755,5,1.0094601064920423,0,0.0,1,0.099512405693531,0,0.0,0,0.0,0,0.0,8.0,9.0,9.0,0.0125,0.0125000000000014,0.025,0.0221525073104086
20,8.7,298,119200.0,1164.7778795619288,13.863594225468818,1165 ± 13.86,1139.210385799408,1208.8042247831197,1.9693268639685604,1.84535200992714,1.969 ± 1.845,0.0,9.631363711362596,0.3226882458674606,0.1662574463675241,0.3227 ± 0.1663,0.0387753514538794,1.0159089089034363,431.22147651006713,54.9826507887061,431.2 ± 54.98,0.0,443.0,77.63365859473312,1.2866803932375053,77.63 ± 1.287,75.03955078125,86.18350219726562,69.59383898371152,1,3,1,4,1:293; 3:3; 4:2,2,0,0.0,model_dynamic,True,mckenzie2003,3.274797700995567,3.3472135066986084,3.270102095603943,3.3814854621887207,3.7584753036499023,4.312214765100671,4.43,4.43,0.7598716635233665,0.7607362071224584,2,0.0,0,0.0,0,0.0,0,0.0,0,0.0,0,0.0,279,936.271603822708,14,39.12698483467102,2,0.4137277007102966,0,0.0,1,0.0773985385894775,0,0.0,0,0.0,0,0.0,8.0,9.0,9.0,0.0124999999999999,0.0124999999999999,0.025,0.0201049758028097
20,8.6,298,119200.0,1164.7950362240408,13.861647669978764,1165 ± 13.86,1139.210385799408,1208.7904412270714,1.974812451711104,1.85201357488794,1.975 ± 1.852,0.0,9.674009376324737,0.3224097951017408,0.1660234503571702,0.3224 ± 0.166,0.0381564043213339,1.015065125466852,428.83892617449663,48.67321067869956,428.8 ± 48.67,0.0,440.0,78.55496423196473,1.2088737331459924,78.55 ± 1.209,76.16840362548828,86.90135955810547,69.58005542766341,1,3,1,4,1:293; 3:3; 4:2,2,0,0.0,model_dynamic,True,mckenzie2003,3.2922842711110243,3.3700613975524902,3.301517963409424,3.3814854621887207,3.747051477432251,4.288389261744967,4.39,4.4,0.7658252830264562,0.767667744317196,2,0.0,0,0.0,0,0.0,0,0.0,0,0.0,0,0.0,279,939.6759464740752,14,40.84057569503784,3,0.584190621972084,0,0.0,0,0.0,0,0.0,0,0.0,0,0.0,8.0,9.0,9.0,0.0124999999999999,0.0124999999999999,0.025,0.0200771659505401
20,8.5,298,119200.0,1164.8123725267062,13.859638057843435,1165 ± 13.86,1139.210385799408,1208.7767663512395,1.9806116456712148,1.8585590824628244,1.981 ± 1.859,0.0,9.715923283745568,0.3221242883337939,0.1657873904557943,0.3221 ± 0.1658,0.0375612756626831,1.0141705625596875,432.0503355704698,44.7389986839569,432.1 ± 44.74,0.0,441.0,79.67496728577069,1.040426020756222,79.67 ± 1.04,77.37089538574219,88.12723541259766,69.56638055183157,1,3,1,4,1:295; 3:1; 4:2,2,0,0.0,model_dynamic,True,mckenzie2003,3.299834793246033,3.3472135066986084,3.335789680480957,3.3700613975524902,3.792747259140015,4.320503355704698,4.41,4.41,0.7641782062093038,0.7590053303171448,2,0.0,0,0.0,0,0.0,0,0.0,0,0.0,0,0.0,279,933.335655927658,16,49.81979036331177,1,0.1953220963478088,0,0.0,0,0.0,0,0.0,0,0.0,0,0.0,8.0,9.0,9.0,0.0124999999999999,0.0124999999999999,0.025,0.0200242950248295
20,8.4,298,119200.0,1164.8298588862222,13.85756190516679,1165 ± 13.86,1139.210385799408,1208.7631503499929,1.9867133208758556,1.8651324272568968,1.987 ± 1.865,0.0,9.757938135231038,0.3218365712927281,0.1655543089595571,0.3218 ± 0.1656,0.0369929808661545,1.0132127628293326,437.9228187919463,48.40465702372669,437.9 ± 48.4,0.0,447.0,80.52730434852958,1.0558205232089182,80.53 ± 1.056,77.97586822509766,89.47000122070312,69.5527645505847,1,3,1,4,1:295; 3:2; 4:1,1,0,0.0,model_dynamic,True,mckenzie2003,3.3428632461984686,3.3814854621887207,3.3472135066986084,3.4043333530426025,3.792747259140015,4.379228187919463,4.47,4.47,0.7668980312621734,0.7564844434426669,1,0.0,0,0.0,0,0.0,0,0.0,0,0.0,0,0.0,279,943.2288029193878,16,52.77859044075012,0,0.0,0,0.0,2,0.1658540070056915,0,0.0,0,0.0,0,0.0,8.0,9.0,9.0,0.0124999999999999,0.0124999999999999,0.025,0.0191053533447317
20,8.3,298,119200.0,1164.8474559299464,13.855487965530832,1165 ± 13.86,1139.210385799408,1208.749492505316,1.9930520419931232,1.871605368485974,1.993 ± 1.872,0.0,9.79988767284292,0.3215449783359226,0.1653217925858325,0.3215 ± 0.1653,0.036448208955156,1.0122020870595263,433.3489932885906,39.78228099967205,433.3 ± 39.78,0.0,441.0,78.62503046637414,1.0203307007822902,78.63 ± 1.02,76.36257934570312,87.27998352050781,69.53910670590813,1,3,1,4,1:296; 3:1; 4:1,1,0,0.0,model_dynamic,True,mckenzie2003,3.311052192477572,3.335789680480957,3.312941789627075,3.3814854621887207,3.792747259140015,4.333489932885906,4.41,4.41,0.7640095839369228,0.7564148935330968,1,0.0,0,0.0,0,0.0,0,0.0,0,0.0,0,0.0,279,932.958676815033,17,53.54399359226227,1,0.1908829510211944,0,0.0,0,0.0,0,0.0,0,0.0,0,0.0,8.0,9.0,9.0,0.0125,0.0125000000000014,0.025,0.0196419092063001
20,8.2,298,119200.0,1164.8644693261342,13.853656666334285,1165 ± 13.85,1139.210385799408,1208.7354878825938,1.998300736423524,1.8785595446288677,1.998 ± 1.879,0.0,9.840269971181163,0.321274221960005,0.1651016997128236,0.3213 ± 0.1651,0.0359079307535612,1.0112879688300516,431.7751677852349,49.14298874806714,431.8 ± 49.14,0.0,441.0,80.03495066597958,1.1264096351860418,80.03 ± 1.126,77.49530029296875,88.72348022460938,69.52510208318586,1,3,1,4,1:293; 3:3; 4:2,2,0,0.0,model_dynamic,True,mckenzie2003,3.280026766652829,3.335789680480957,3.312941789627075,3.3472135066986084,3.781323194503784,4.317751677852349,4.41,4.41,0.7602044034149591,0.7564148935330968,2,0.0,0,0.0,0,0.0,0,0.0,0,0.0,0,0.0,279,930.2283537387848,14,46.70105564594269,2,0.4190546721220016,0,0.0,1,0.099512405693531,0,0.0,0,0.0,0,0.0,8.0,9.0,9.0,0.0124999999999999,0.0124999999999999,0.025,0.0135834539305416
20,8.1,298,119200.0,1164.8819540392126,13.851620761225217,1165 ± 13.85,1139.210385799408,1208.721650307392,2.0043989224318235,1.8849692965182203,2.004 ± 1.885,0.0,9.880818290545523,0.3209869628949671,0.1648750630448651,0.321 ± 0.1649,0.0354002442692351,1.0103040875777898,432.09060402684565,43.64263638202219,432.1 ± 43.64,0.0,441.0,79.67442285934551,1.0161411197755057,79.67 ± 1.016,77.21812438964844,88.07029724121094,69.51126450798415,1,3,1,4,1:295; 3:1; 4:2,2,0,0.0,model_dynamic,True,mckenzie2003,3.317501462245948,3.3700613975524902,3.3323624968528747,3.3814854621887207,3.781323194503784,4.320906040268455,4.4,4.4,0.7677557417703303,0.7659230448982932,2,0.0,0,0.0,0,0.0,0,0.0,0,0.0,0,0.0,280,938.8305776119232,15,49.59131169319153,1,0.1935464441776275,0,0.0,0,0.0,0,0.0,0,0.0,0,0.0,8.0,9.0,9.0,0.0124999999999999,0.0124999999999999,0.025,0.0138180212262429
20,8.0,298,119200.0,1164.899252865384,13.849675403209028,1165 ± 13.85,1139.210385799408,1208.7076601672788,2.010135502539459,1.8915806750565336,2.01 ± 1.892,0.0,9.920659908084833,0.3207059624681523,0.164655488577414,0.3207 ± 0.1647,0.0349106581786919,1.0093314114420646,441.8020134228188,44.26056612908305,441.8 ± 44.26,0.0,450.0,80.61644701349655,0.9895690415592204,80.62 ± 0.9896,78.08731079101562,89.14903259277344,69.49727436787089,1,2,1,4,1:296; 4:2,2,0,0.0,model_dynamic,True,mckenzie2003,3.3233689441776915,3.3472135066986084,3.335789680480957,3.3700613975524902,3.781323194503784,4.418020134228189,4.5,4.5,0.7532676692488288,0.7438252237108018,2,0.0,0,0.0,0,0.0,0,0.0,0,0.0,0,0.0,280,937.8366820812224,16,52.52726328372955,0,0.0,0,0.0,0,0.0,0,0.0,0,0.0,0,0.0,8.0,9.0,9.0,0.0124999999999999,0.0124999999999999,0.025,0.0136271790470916
20,7.9,298,119200.0,1164.9167477624171,13.847677254929383,1165 ± 13.85,1139.210385799408,1208.6937696957625,2.0162324853942293,1.898031484015288,2.016 ± 1.898,0.0,9.960445260004375,0.3204205625856554,0.1644358770876153,0.3204 ± 0.1644,0.03445182309739,1.0083074804345515,442.0738255033557,43.750680755544565,442.1 ± 43.75,0.0,450.0,82.75885252984578,1.008347182581316,82.76 ± 1.008,80.30703735351562,91.39147186279295,69.48338389635455,1,3,1,4,1:295; 3:1; 4:2,2,0,0.0,model_dynamic,True,mckenzie2003,3.316658434651842,3.3472135066986084,3.335789680480957,3.3700613975524902,3.815594911575317,4.420738255033557,4.5,4.5,0.7504105206380128,0.7438252237108018,2,0.0,0,0.0,0,0.0,0,0.0,0,0.0,0,0.0,280,938.2022478580476,15,49.95687747001648,1,0.205088198184967,0,0.0,0,0.0,0,0.0,0,0.0,0,0.0,8.0,9.0,9.0,0.0125,0.0125000000000005,0.025,0.0138651303151454
20,7.8,298,119200.0,1164.934851424318,13.845465864758348,1165 ± 13.85,1139.210385799408,1208.6800718186155,2.023436543660065,1.9039095567845017,2.023 ± 1.904,0.0,10.0006745260267,0.3201128767094408,0.1642072089681352,0.3201 ± 0.1642,0.0340344850777766,1.0071729977454722,440.3657718120805,41.48991673704901,440.4 ± 41.49,0.0,448.0,83.24318787235542,1.0118103510928065,83.24 ± 1.012,80.79478454589844,91.9537124633789,69.46968601920776,1,3,1,4,1:294; 3:3; 4:1,1,0,0.0,model_dynamic,True,mckenzie2003,3.3023835215592543,3.335789680480957,3.312941789627075,3.3814854621887207,3.815594911575317,4.403657718120805,4.47,4.48,0.7496012346308375,0.7462616734856727,1,0.0,0,0.0,0,0.0,0,0.0,0,0.0,0,0.0,280,933.324242591858,14,50.32244324684143,2,0.3862050473690033,0,0.0,1,0.0773985385894775,0,0.0,0,0.0,0,0.0,8.0,9.0,9.0,0.0124999999999999,0.0124999999999999,0.025,0.0139879007763871
20,7.7,298,119200.0,1164.9530010527253,13.843225590567288,1165 ± 13.84,1139.210385799408,1208.6661793964342,2.030706176419681,1.9097510558452544,2.031 ± 1.91,0.0,10.040527277176066,0.3198051363492368,0.163978378615276,0.3198 ± 0.164,0.0336426416005097,1.006004575354298,442.6241610738255,33.54221551435801,442.6 ± 33.54,0.0,448.0,80.73670864745274,0.8339421092676005,80.74 ± 0.8339,78.36227416992188,89.45838165283203,69.45579359702629,1,2,1,4,1:297; 4:1,1,0,0.0,model_dynamic,True,mckenzie2003,3.3825971716202345,3.3814854621887207,3.3700613975524902,3.4129012942314136,3.792747259140015,4.426241610738256,4.48,4.48,0.7649883817820167,0.7547958620956965,1,0.0,0,0.0,0,0.0,0,0.0,0,0.0,0,0.0,280,948.5180921554564,17,59.49586498737335,0,0.0,0,0.0,0,0.0,0,0.0,0,0.0,0,0.0,8.0,9.0,9.0,0.0125,0.0125000000000005,0.025,0.0141343625735496
20,7.6,298,119200.0,1164.9702194407091,13.841310222442091,1165 ± 13.84,1139.210385799408,1208.6516692233283,2.0362699095524754,1.9164931741590965,2.036 ± 1.916,0.0,10.07894045333188,0.3195290550911653,0.1637689236936559,0.3195 ± 0.1638,0.0332509759537786,1.0049427827550772,440.46308724832215,41.90601877130353,440.5 ± 41.91,0.0,448.0,83.08311521286933,0.9730952350083188,83.08 ± 0.9731,80.77113342285156,91.7288055419922,69.44128342392037,1,3,1,4,1:295; 3:2; 4:1,1,0,0.0,model_dynamic,True,mckenzie2003,3.319386139962097,3.3472135066986084,3.335789680480957,3.3700613975524902,3.792747259140015,4.404630872483221,4.47,4.48,0.7542383408720613,0.7471458720309393,1,0.0,0,0.0,0,0.0,0,0.0,0,0.0,0,0.0,280,936.2030627727509,15,52.698622822761536,1,0.1979855746030807,0,0.0,1,0.0773985385894775,0,0.0,0,0.0,0,0.0,8.0,9.0,9.0,0.0124999999999999,0.0124999999999999,0.025,0.0138989442445884
20,7.5,298,119200.0,1164.988206716601,13.839135280698672,1165 ± 13.84,1139.210385799408,1208.6374382318006,2.0432123477862008,1.922407524468278,2.043 ± 1.922,0.0,10.11786264094146,0.3192273632476506,0.1635475335962429,0.3192 ± 0.1635,0.032906982414448,1.003767158788484,440.1442953020134,35.02888526668941,440.1 ± 35.03,0.0,446.0,81.26443161420374,0.9201576755543894,81.26 ± 0.9202,79.09040069580078,90.11034393310548,69.42705243239266,1,3,1,4,1:296; 3:1; 4:1,1,0,0.0,model_dynamic,True,mckenzie2003,3.371896419199121,3.4043333530426025,3.3700613975524902,3.4043333530426025,3.792747259140015,4.401442953020134,4.46,4.46,0.7658506935311719,0.7633034423862337,1,0.0,0,0.0,0,0.0,0,0.0,0,0.0,0,0.0,281,952.6421353816986,15,51.990338921546936,1,0.1926586180925369,0,0.0,0,0.0,0,0.0,0,0.0,0,0.0,8.0,9.0,9.0,0.0124999999999999,0.0124999999999999,0.025,0.0140725354785832
20,7.4,298,119200.0,1165.0055672107726,13.83708390497876,1165 ± 13.84,1139.210385799408,1208.6227642933604,2.048982706867653,1.9288683587595876,2.049 ± 1.929,0.0,10.15542561346718,0.3189460853667037,0.1633363749503675,0.3189 ± 0.1633,0.0325724256181631,1.0026686906912443,443.7147651006711,37.552145178340446,443.7 ± 37.55,0.0,450.0,82.1585942978827,0.942864521552492,82.16 ± 0.9429,80.30826568603516,90.63778686523438,69.41237849395247,1,3,1,4,1:296; 3:1; 4:1,1,0,0.0,model_dynamic,True,mckenzie2003,3.356526880556305,3.3814854621887207,3.3700613975524902,3.4043333530426025,3.815594911575317,4.437147651006711,4.5,4.5,0.756108242504598,0.7514412138197157,1,0.0,0,0.0,0,0.0,0,0.0,0,0.0,0,0.0,281,949.3291826248168,15,50.72228133678436,1,0.1935464441776275,0,0.0,0,0.0,0,0.0,0,0.0,0,0.0,8.0,9.0,9.0,0.0125,0.0125000000000005,0.025,0.0136931422392613
20,7.3,298,119200.0,1165.0231698486432,13.835047750946032,1165 ± 13.84,1139.210385799408,1208.608192564496,2.0551853358340435,1.935049331663873,2.055 ± 1.935,0.0,10.19288300109361,0.3186578301583399,0.1631260681740278,0.3187 ± 0.1631,0.0322750076328513,1.0015235838217182,446.1543624161074,35.64708160955186,446.2 ± 35.65,0.0,452.0,83.94077562165741,0.8223924262718154,83.94 ± 0.8224,81.75603485107422,92.09429931640624,69.39780676508803,1,2,1,4,1:297; 4:1,1,0,0.0,model_dynamic,True,mckenzie2003,3.367684703145251,3.3814854621887207,3.3700613975524902,3.4043333530426025,3.827018976211548,4.461543624161075,4.5200000000000005,4.5200000000000005,0.7554967315779353,0.7481162526966195,1,0.0,0,0.0,0,0.0,0,0.0,0,0.0,0,0.0,283,956.7547466754912,14,46.81529486179352,0,0.0,0,0.0,0,0.0,0,0.0,0,0.0,0,0.0,8.0,9.0,9.0,0.0124999999999999,0.0124999999999999,0.025,0.0140599698450733
20,7.2,298,119200.0,1165.041285661071,13.83275223922984,1165 ± 13.83,1139.210385799408,1208.5938000314034,2.0622817771211683,1.94079025782304,2.062 ± 1.941,0.0,10.23062927282961,0.3183503547709568,0.1629065438525347,0.3184 ± 0.1629,0.0320233160565234,1.0002846204702696,447.3020134228188,34.09337842341189,447.3 ± 34.09,0.0,453.0,82.74160472178619,0.8175329249261392,82.74 ± 0.8175,80.5292739868164,91.0517807006836,69.3834142319954,1,3,1,4,1:296; 3:1; 4:1,1,0,0.0,model_dynamic,True,mckenzie2003,3.372371693235516,3.4043333530426025,3.3700613975524902,3.415757179260254,3.827018976211548,4.473020134228188,4.53,4.53,0.7539256685688229,0.7515084664553207,1,0.0,0,0.0,0,0.0,0,0.0,0,0.0,0,0.0,283,959.7820844650269,13,44.97604060173035,1,0.2086395174264907,0,0.0,0,0.0,0,0.0,0,0.0,0,0.0,8.0,9.0,9.0,0.0125,0.0125000000000005,0.025,0.0140386421633662
20,7.1,298,119200.0,1165.0590287485031,13.830571672180362,1165 ± 13.83,1139.210385799408,1208.5790602989368,2.0686202554259348,1.9468955709301867,2.069 ± 1.947,0.0,10.26733985369048,0.3180528193930622,0.1626918187239094,0.3181 ± 0.1627,0.0317885663621023,0.9990876158004118,448.4261744966443,34.71411893093009,448.4 ± 34.71,0.0,454.0,84.66712314170479,0.816480668871172,84.67 ± 0.8165,82.5854721069336,93.21929168701172,69.36867449952888,1,2,1,4,1:297; 4:1,1,0,0.0,model_dynamic,True,mckenzie2003,3.358867541655598,3.3814854621887207,3.3472135066986084,3.4043333530426025,3.827018976211548,4.484261744966442,4.54,4.54,0.7496623422397656,0.7448205863851808,1,0.0,0,0.0,0,0.0,0,0.0,0,0.0,0,0.0,285,961.1643781661988,12,39.778149247169495,0,0.0,0,0.0,0,0.0,0,0.0,0,0.0,0,0.0,8.0,9.0,9.0,0.0124999999999999,0.0124999999999999,0.025,0.0144491199993852
20,7.0,298,119200.0,1165.0773147204848,13.828289766861966,1165 ± 13.83,1139.210385799408,1208.5645432279823,2.075938110473287,1.9525236715390364,2.076 ± 1.953,0.0,10.304379371960586,0.3177401778873623,0.1624696155519125,0.3177 ± 0.1625,0.0316030062978865,0.9977891877296712,448.993288590604,32.712084798583774,449 ± 32.71,0.0,454.0,83.53199248345906,0.783191660156434,83.53 ± 0.7832,81.43167877197266,92.14097595214844,69.35415742857435,1,3,1,4,1:296; 3:1; 4:1,1,0,0.0,model_dynamic,True,mckenzie2003,3.387360812483618,3.415757179260254,3.3814854621887207,3.415757179260254,3.827018976211548,4.489932885906041,4.54,4.54,0.7542448631734577,0.7523694227445493,1,0.0,0,0.0,0,0.0,0,0.0,0,0.0,0,0.0,285,971.0803561210632,11,38.14452648162842,1,0.2086395174264907,0,0.0,0,0.0,0,0.0,0,0.0,0,0.0,8.0,9.0,9.0,0.0124999999999999,0.0124999999999999,0.025,0.0141009317160662
20,6.9,298,119200.0,1165.0952032386117,13.826122437938706,1165 ± 13.83,1139.210385799408,1208.5496521299926,2.082474307912339,1.9585183590640924,2.082 ± 1.959,0.0,10.34043956464282,0.3174377637178499,0.1622556681368751,0.3174 ± 0.1623,0.0314359427347097,0.9965282168318268,446.63758389261744,32.71961724335551,446.6 ± 32.72,0.0,452.0,83.2614414035874,0.7406911754305987,83.26 ± 0.7407,81.46185302734375,91.56623840332033,69.33926633058468,1,2,1,4,1:297; 4:1,1,0,0.0,model_dynamic,True,mckenzie2003,3.352848877042732,3.3472135066986084,3.335789680480957,3.415757179260254,3.815594911575317,4.466375838926175,4.51,4.5200000000000005,0.7513361219028623,0.7405339616589841,1,0.0,0,0.0,0,0.0,0,0.0,0,0.0,0,0.0,286,962.0782895088196,11,37.07067584991455,0,0.0,0,0.0,0,0.0,0,0.0,0,0.0,0,0.0,8.0,9.0,9.0,0.0125,0.0125000000000005,0.025,0.0138658972950907
20,6.8,298,119200.0,1165.1128634763345,13.823992437966654,1165 ± 13.82,1139.210385799408,1208.5346662140769,2.088651291305505,1.964606205442744,2.089 ± 1.965,0.0,10.375860985223303,0.3171474410808678,0.1620490787772757,0.3171 ± 0.162,0.0312996884640658,0.9952748130978404,446.755033557047,34.141391628261296,446.8 ± 34.14,0.0,452.0,81.36106880239193,0.8091274957194561,81.36 ± 0.8091,79.498291015625,89.55026245117188,69.32428041466892,1,3,1,4,1:296; 3:1; 4:1,1,0,0.0,model_dynamic,True,mckenzie2003,3.322939498412529,3.3472135066986084,3.335789680480957,3.3700613975524902,3.827018976211548,4.46755033557047,4.5200000000000005,4.5200000000000005,0.7435893042044599,0.7405339616589841,1,0.0,0,0.0,0,0.0,0,0.0,0,0.0,0,0.0,286,956.3434672355652,10,33.6891907453537,1,0.2033125460147857,0,0.0,0,0.0,0,0.0,0,0.0,0,0.0,8.0,9.0,9.0,0.0124999999999999,0.0124999999999999,0.025,0.0141937594645827
20,6.7,298,119200.0,1165.1299927413631,13.82199791305266,1165 ± 13.82,1139.210385799408,1208.5194668043405,2.0938254940314645,1.971017983616984,2.094 ± 1.971,0.0,10.40996721415457,0.3168761692339772,0.1618548389322732,0.3169 ± 0.1619,0.0311813632895355,0.9941155568552952,451.83557046979865,37.06881605883068,451.8 ± 37.07,0.0,458.0,84.74547418171927,0.8676887614557068,84.75 ± 0.8677,82.51541900634766,93.25067901611328,69.3090810049323,1,2,1,4,1:297; 4:1,1,0,0.0,model_dynamic,True,mckenzie2003,3.3898808470108364,3.415757179260254,3.3700613975524902,3.438605070114136,3.8498668670654297,4.518355704697986,4.57,4.58,0.7505965049638417,0.745798510755514,1,0.0,0,0.0,0,0.0,0,0.0,0,0.0,0,0.0,286,975.033037662506,11,35.151454746723175,0,0.0,0,0.0,0,0.0,0,0.0,0,0.0,0,0.0,8.0,9.0,9.0,0.0125,0.0125000000000005,0.025,0.014435469597667
20,6.6,298,119200.0,1165.1480949202753,13.819776144852364,1165 ± 13.82,1139.210385799408,1208.504796184709,2.100775869310472,1.9765977305642328,2.101 ± 1.977,0.0,10.445005980405774,0.3165736630038103,0.1616475892963455,0.3166 ± 0.1616,0.0311270687280145,0.9927870304143104,451.26510067114094,32.52051789332801,451.3 ± 32.52,0.0,456.0,85.42406266487684,0.7480262570417189,85.42 ± 0.748,83.5642318725586,93.79591369628906,69.29441038530103,1,3,1,4,1:296; 3:1; 4:1,1,0,0.0,model_dynamic,True,mckenzie2003,3.374671843277928,3.4043333530426025,3.3814854621887207,3.415757179260254,3.827018976211548,4.512651006711411,4.5600000000000005,4.5600000000000005,0.7474952814668688,0.7465643318075882,1,0.0,0,0.0,0,0.0,0,0.0,0,0.0,0,0.0,288,978.5858931541444,8,26.85767662525177,1,0.2086395174264907,0,0.0,0,0.0,0,0.0,0,0.0,0,0.0,8.0,9.0,9.0,0.0124999999999999,0.0124999999999999,0.025,0.0146323846268909
20,6.5,298,119200.0,1165.1663379594386,13.817447112616296,1165 ± 13.82,1139.210385799408,1208.4901171670692,2.1079523241871048,1.981983279558504,2.108 ± 1.982,0.0,10.479832055305724,0.3162620162224687,0.1614349994906524,0.3163 ± 0.1614,0.031111306751176,0.991417648227904,454.7718120805369,31.055616013502437,454.8 ± 31.06,0.0,459.0,83.84306463459194,0.6492580883494489,83.84 ± 0.6493,82.01061248779297,92.316162109375,69.27973136766127,1,2,1,4,1:297; 4:1,1,0,0.0,model_dynamic,True,mckenzie2003,3.422580891007545,3.438605070114136,3.4351778864860534,3.438605070114136,3.8498668670654297,4.54771812080537,4.59,4.59,0.7531811920547237,0.7491514313974152,1,0.0,0,0.0,0,0.0,0,0.0,0,0.0,0,0.0,288,988.7988765239716,9,31.130228996276852,0,0.0,0,0.0,0,0.0,0,0.0,0,0.0,0,0.0,8.0,9.0,9.0,0.0124999999999999,0.0124999999999999,0.025,0.0141382496616913
20,6.4,298,119200.0,1165.184239026263,13.815116334488875,1165 ± 13.82,1139.210385799408,1208.4750198460736,2.114260791578451,1.987742823327124,2.114 ± 1.988,0.0,10.513568259694472,0.3159527782633256,0.1612242852410391,0.316 ± 0.1612,0.0311132566350509,0.990107640209844,449.6006711409396,32.358285759101804,449.6 ± 32.36,0.0,454.0,85.80129835909645,0.7044727931130019,85.8 ± 0.7045,83.7222900390625,94.10441589355467,69.2646340466656,1,2,1,4,1:297; 4:1,1,0,0.0,model_dynamic,True,mckenzie2003,3.3893058256014883,3.415757179260254,3.3814854621887207,3.415757179260254,3.827018976211548,4.496006711409396,4.54,4.54,0.7543737704209963,0.7523694227445493,1,0.0,0,0.0,0,0.0,0,0.0,0,0.0,0,0.0,289,984.1379182338716,8,25.87521779537201,0,0.0,0,0.0,0,0.0,0,0.0,0,0.0,0,0.0,8.0,9.0,9.0,0.0125,0.0125000000000005,0.025,0.0147347033161458
20,6.3,298,119200.0,1165.2026372596902,13.812651397055042,1165 ± 13.81,1139.210385799408,1208.4602300928682,2.1215171217748447,1.9929867145932727,2.122 ± 1.993,0.0,10.547576922319507,0.3156304090516441,0.1610077980403613,0.3156 ± 0.161,0.0311671146895501,0.98870377700711,454.68791946308727,30.683269193862703,454.7 ± 30.68,0.0,459.0,80.39777151530221,0.5908679616127708,80.4 ± 0.5909,78.286865234375,88.40789794921875,69.24984429346023,1,2,1,4,1:297; 4:1,1,0,0.0,model_dynamic,True,mckenzie2003,3.418862362035969,3.438605070114136,3.438605070114136,3.438605070114136,3.8498668670654297,4.546879194630873,4.59,4.59,0.7524465113136046,0.7491514313974152,1,0.0,0,0.0,0,0.0,0,0.0,0,0.0,0,0.0,290,995.6075434684752,7,23.213440418243408,0,0.0,0,0.0,0,0.0,0,0.0,0,0.0,0,0.0,8.0,9.0,9.0,0.0124999999999999,0.0124999999999999,0.025,0.0149521332958149
20,6.2,298,119200.0,1165.21947120303,13.81070748422098,1165 ± 13.81,1139.210385799408,1208.444674495472,2.125849094652476,1.9995188614884511,2.126 ± 2,0.0,10.578990301297209,0.3153586970692524,0.1608224824279522,0.3154 ± 0.1608,0.0312073218432413,0.9875554989296716,454.0536912751678,43.3150291252292,454.1 ± 43.32,0.0,460.0,83.29919917471457,0.8770457973161843,83.3 ± 0.877,81.47159576416016,91.59447479248048,69.23428869606391,1,3,1,4,1:296; 3:1; 4:1,1,0,0.0,model_dynamic,True,mckenzie2003,3.396425089005056,3.438605070114136,3.415757179260254,3.438605070114136,3.8498668670654297,4.540536912751678,4.6000000000000005,4.6000000000000005,0.7494500023298167,0.7475228413291598,1,0.0,0,0.0,0,0.0,0,0.0,0,0.0,0,0.0,290,994.236669778824,6,17.798494338989258,0,0.0,0,0.0,1,0.099512405693531,0,0.0,0,0.0,0,0.0,8.0,9.0,9.0,0.0125,0.0125000000000005,0.025,0.0137491061136028
20,6.1,298,119200.0,1165.2372500557706,13.8084798833269,1165 ± 13.81,1139.210385799408,1208.4296263472272,2.131866648766064,2.005101435872097,2.132 ± 2.005,0.0,10.611040747499509,0.3150571156313701,0.1606222746537159,0.3151 ± 0.1606,0.0313076667877599,0.98627218577383,458.758389261745,35.276501486642154,458.8 ± 35.28,0.0,464.0,87.42017090560606,0.8003489845750795,87.42 ± 0.8003,85.6332778930664,95.6073989868164,69.21924054781925,1,3,1,4,1:296; 3:1; 4:1,1,0,0.0,model_dynamic,True,mckenzie2003,3.3842020385317357,3.415757179260254,3.4043333530426025,3.4614529609680176,3.872714757919312,4.58758389261745,4.64,4.64,0.7371317259275451,0.7361545644957445,1,0.0,0,0.0,0,0.0,0,0.0,0,0.0,0,0.0,290,989.7927703857422,6,18.50677847862244,1,0.1926586180925369,0,0.0,0,0.0,0,0.0,0,0.0,0,0.0,8.0,9.0,9.0,0.0124999999999999,0.0124999999999999,0.025,0.0152979364160447
20,6.0,298,119200.0,1165.2560370692515,13.805891583392237,1165 ± 13.81,1139.210385799408,1208.4152685105926,2.1398338521591143,2.0097922697979773,2.14 ± 2.01,0.0,10.644190697655608,0.3147232795514543,0.1604030216726857,0.3147 ± 0.1604,0.031478723300078,0.9847951065311964,464.3590604026846,30.63360989979789,464.4 ± 30.63,0.0,468.0,87.15904778602139,0.6440863108058584,87.16 ± 0.6441,85.23402404785156,95.20303344726562,69.20488271118461,1,3,1,4,1:296; 3:1; 4:1,1,0,0.0,model_dynamic,True,mckenzie2003,3.439832977850565,3.4614529609680176,3.4614529609680176,3.4614529609680176,3.884138584136963,4.643590604026845,4.68,4.68,0.7403189567478667,0.7396267010615423,1,0.0,0,0.0,0,0.0,0,0.0,0,0.0,0,0.0,290,1002.7703568935394,6,22.093894481658936,1,0.2059760242700576,0,0.0,0,0.0,0,0.0,0,0.0,0,0.0,8.0,9.0,9.0,0.0124999999999999,0.0124999999999999,0.025,0.0151349444564424
20,5.9,298,119200.0,1165.2745208178972,13.803330184362284,1165 ± 13.8,1139.210385799408,1208.4005790261576,2.147240107071005,2.014874386072428,2.147 ± 2.015,0.0,10.676820148061092,0.3143969343677046,0.1601896938508727,0.3144 ± 0.1602,0.0316107090801504,0.98330846542524,459.8322147651007,28.982499390731327,459.8 ± 28.98,0.0,463.0,88.38709041416244,0.5680732241480291,88.39 ± 0.5681,86.29393768310547,96.59613800048828,69.19019322674967,1,2,1,4,1:297; 4:1,1,0,0.0,model_dynamic,True,mckenzie2003,3.4179039785525944,3.438605070114136,3.4043333530426025,3.4614529609680176,3.8498668670654297,4.598322147651007,4.63,4.63,0.7436558569450016,0.7426792808021891,1,0.0,0,0.0,0,0.0,0,0.0,0,0.0,0,0.0,291,997.069807767868,6,21.465577840805054,0,0.0,0,0.0,0,0.0,0,0.0,0,0.0,0,0.0,8.0,9.0,9.0,0.0125,0.0125000000000005,0.025,0.0156837954837771
20,5.8,298,119200.0,1165.2932832035242,13.800687343566258,1165 ± 13.8,1139.210385799408,1208.385912833677,2.1551178794018737,2.019801469291012,2.155 ± 2.02,0.0,10.709420006360345,0.3140608591068726,0.1599709922141465,0.3141 ± 0.16,0.0314041478236404,0.981755523890676,461.3758389261745,30.241195182088443,461.4 ± 30.24,0.0,465.0,85.91683440240438,0.6212927476870644,85.92 ± 0.6213,83.97581481933594,93.83169555664062,69.17552703426873,1,3,1,4,1:296; 3:1; 4:1,1,0,0.0,model_dynamic,True,mckenzie2003,3.392945483726943,3.4043333530426025,3.4043333530426025,3.4614529609680176,3.872714757919312,4.613758389261745,4.65,4.65,0.734620147760817,0.7345714364000545,1,0.0,0,0.0,0,0.0,0,0.0,0,0.0,0,0.0,293,1000.0628912448884,3,10.84131646156311,1,0.1935464441776275,0,0.0,0,0.0,0,0.0,0,0.0,0,0.0,8.0,9.0,9.0,0.0124999999999999,0.0124999999999999,0.025,0.014620006152951
20,5.7,298,119200.0,1165.311308898608,13.798207176804322,1165 ± 13.8,1139.210385799408,1208.3704491519786,2.1615637109389505,2.0252553000024847,2.162 ± 2.025,0.0140075836874845,10.74101566407384,0.3137470033554753,0.1597627084073485,0.3137 ± 0.1598,0.0311916809703081,0.9802946043538612,467.4328859060402,20.709816571128805,467.4 ± 20.71,181.0,470.0,87.58818832499868,0.4942135679573334,87.59 ± 0.4942,85.71707153320312,94.8248291015625,69.16006335257066,1,1,1,1,1:298,0,0,0.0,model_dynamic,True,mckenzie2003,3.458462923165136,3.472877025604248,3.472877025604248,3.472877025604248,3.884138584136963,4.674328859060403,4.7,4.7,0.7400914482948447,0.7389100054477123,0,0.0,0,0.0,0,0.0,0,0.0,0,0.0,0,0.0,293,1016.0107355117798,5,14.611215591430664,0,0.0,0,0.0,0,0.0,0,0.0,0,0.0,0,0.0,8.0,9.0,9.0,0.0125,0.0125000000000005,0.025,0.0166632295850049
20,5.6,298,119200.0,1165.3297101531452,13.795660404983408,1165 ± 13.8,1139.210385799408,1208.3552363832996,2.168715705134169,2.0304028644404357,2.169 ± 2.03,0.0135015819688807,10.772720465545426,0.313417283134205,0.1595515532878551,0.3134 ± 0.1596,0.0308746807782674,0.9787495805433608,466.2684563758389,22.42141559944412,466.3 ± 22.42,176.0,469.0,88.61324622647074,0.5905975844761774,88.61 ± 0.5906,86.803466796875,95.91973114013672,69.14485058389164,1,2,1,3,1:297; 3:1,0,0,0.0,model_dynamic,True,mckenzie2003,3.444807734765462,3.472877025604248,3.438605070114136,3.472877025604248,3.884138584136963,4.662684563758389,4.69,4.69,0.737996673295538,0.740485506525426,0,0.0,0,0.0,0,0.0,0,0.0,0,0.0,0,0.0,293,1014.8340635299684,4,11.515328884124756,1,0.2033125460147857,0,0.0,0,0.0,0,0.0,0,0.0,0,0.0,8.0,9.0,9.0,0.0124999999999999,0.0124999999999999,0.025,0.0164090297669274
20,5.5,298,119200.0,1165.348375333706,13.79304114594754,1165 ± 13.79,1139.210385799408,1208.3400802066617,2.1763291369774542,2.035268035844517,2.176 ± 2.035,0.017328683026266,10.80429169996594,0.3130813778893373,0.1593403267147591,0.3131 ± 0.1593,0.0304535318480653,0.9771488114916264,464.8053691275168,19.448841118094908,464.8 ± 19.45,209.0,467.0,89.81871903182676,0.5628827620914424,89.82 ± 0.5629,87.9511489868164,96.52923583984376,69.12969440725351,1,2,1,3,1:297; 3:1,0,0,0.0,model_dynamic,True,mckenzie2003,3.4287745086038672,3.4614529609680176,3.3700613975524902,3.4614529609680176,3.884138584136963,4.648053691275169,4.67,4.67,0.7368668344896316,0.7412104841473272,0,0.0,0,0.0,0,0.0,0,0.0,0,0.0,0,0.0,293,1008.4823224544524,4,13.091832041740416,1,0.2006490677595138,0,0.0,0,0.0,0,0.0,0,0.0,0,0.0,8.0,9.0,9.0,0.0124999999999999,0.0124999999999999,0.025,0.0162460696870179
20,5.4,298,119200.0,1165.3672039638454,13.790311263058696,1165 ± 13.79,1139.210385799408,1208.324954365025,2.1842817170833886,2.0399625162708053,2.184 ± 2.04,0.0525378337130067,10.8357675814532,0.3127302644197121,0.1591154863495494,0.3127 ± 0.1591,0.0300399644178446,0.9754824166783423,467.9093959731544,7.942865122017431,467.9 ± 7.943,383.0,470.0,91.2595278080678,0.2430585453213112,91.26 ± 0.2431,88.91657257080078,91.4307861328125,69.11456856561699,1,1,1,1,1:298,0,0,0.0,model_dynamic,True,mckenzie2003,3.421277522240709,3.415757179260254,3.4043333530426025,3.4614529609680176,3.884138584136963,4.679093959731543,4.69,4.69,0.7315401940822596,0.7283064348102887,0,0.0,0,0.0,0,0.0,0,0.0,0,0.0,0,0.0,293,1000.9996519088744,5,18.54104971885681,0,0.0,0,0.0,0,0.0,0,0.0,0,0.0,0,0.0,8.0,9.0,9.0,0.0125,0.0125000000000005,0.025,0.0174813379527814
20,5.3,298,119200.0,1165.3861304629172,13.78760842013733,1165 ± 13.79,1139.210385799408,1208.309864591191,2.1925135658342847,2.04469142783596,2.193 ± 2.045,0.0389358394224169,10.867280303584709,0.31237308181853,0.1588888756482279,0.3124 ± 0.1589,0.0296352344096872,0.9737375958410016,469.4496644295302,13.547795700547312,469.4 ± 13.55,269.0,471.0,87.07606217045112,0.428784131967391,87.08 ± 0.4288,84.68180084228516,93.28382873535156,69.09947879178299,1,2,1,3,1:297; 3:1,0,0,0.0,model_dynamic,True,mckenzie2003,3.4340588338423097,3.438605070114136,3.415757179260254,3.472877025604248,3.884138584136963,4.6944966442953024,4.71,4.71,0.730785562379119,0.7300647707248696,0,0.0,0,0.0,0,0.0,0,0.0,0,0.0,0,0.0,294,1012.137983560562,3,11.012675523757936,1,0.1988734006881714,0,0.0,0,0.0,0,0.0,0,0.0,0,0.0,8.0,9.0,9.0,0.0124999999999999,0.0124999999999999,0.025,0.0167171004701126
20,5.2,298,119200.0,1165.4037690152372,13.78524819323576,1165 ± 13.79,1139.210385799408,1208.2935718916665,2.198338694087885,2.0504445464867853,2.198 ± 2.05,0.0359320843383164,10.89693321748582,0.3120491324830637,0.1586787120782123,0.312 ± 0.1587,0.0292098530288167,0.97214996080559,465.9161073825503,18.012197832401508,465.9 ± 18.01,258.0,468.0,87.81107834681569,0.5131855476547296,87.81 ± 0.5132,85.96197509765625,93.80836486816406,69.0831860922583,1,2,1,3,1:296; 3:2,0,0,0.0,model_dynamic,True,mckenzie2003,3.427840725037476,3.4614529609680176,3.438605070114136,3.4614529609680176,3.884138584136963,4.659161073825503,4.68,4.68,0.7340427067121802,0.7396267010615423,0,0.0,0,0.0,0,0.0,0,0.0,0,0.0,0,0.0,294,1014.4456186294556,2,6.648731470108032,2,0.4021859616041183,0,0.0,0,0.0,0,0.0,0,0.0,0,0.0,8.0,9.0,9.0,0.0125,0.0125000000000005,0.025,0.0165874512120971
20,5.1,298,119200.0,1165.4217285786865,13.78274542117875,1165 ± 13.78,1139.210385799408,1208.2774391451185,2.204679536549869,2.055823486337085,2.205 ± 2.056,0.0359369916753788,10.92638716764936,0.3117184975767393,0.1584701045193866,0.3117 ± 0.1585,0.0287898410712936,0.9705262520838704,464.71140939597313,10.75086717402223,464.7 ± 10.75,326.0,466.0,88.695561889034,0.2040385476386138,88.7 ± 0.204,86.6824722290039,90.57272338867188,69.06705334571052,1,1,1,1,1:298,0,0,0.0,model_dynamic,True,mckenzie2003,3.446233814994761,3.438605070114136,3.438605070114136,3.4614529609680176,3.872714757919312,4.647114093959731,4.66,4.66,0.7419233151654306,0.7378980837154797,0,0.0,0,0.0,0,0.0,0,0.0,0,0.0,0,0.0,294,1013.337495803833,4,13.640181064605711,0,0.0,0,0.0,0,0.0,0,0.0,0,0.0,0,0.0,8.0,9.0,9.0,0.0124999999999999,0.0124999999999999,0.025,0.0176873606914128
20,5.0,298,119200.0,1165.4398411222835,13.780252924300642,1165 ± 13.78,1139.210385799408,1208.2614907428203,2.211262274467903,2.06119369350133,2.211 ± 2.061,0.029326825148324,10.95571731231427,0.311383674532072,0.1582579123838509,0.3114 ± 0.1583,0.0283763078944464,0.96885857951785,470.3657718120805,16.415446449074327,470.4 ± 16.42,275.0,473.0,93.00146146428663,0.4346204051224286,93 ± 0.4346,91.1434555053711,99.11036682128906,69.05110494341238,1,2,1,3,1:297; 3:1,0,0,0.0,model_dynamic,True,mckenzie2003,3.4328440386276915,3.438605070114136,3.415757179260254,3.472877025604248,3.8498668670654297,4.703657718120805,4.72,4.73,0.7291645143526628,0.7285180233292661,0,0.0,0,0.0,0,0.0,0,0.0,0,0.0,0,0.0,294,1013.2689590454102,3,9.51613974571228,1,0.2024247199296951,0,0.0,0,0.0,0,0.0,0,0.0,0,0.0,8.0,9.0,9.0,0.0124999999999999,0.0124999999999999,0.025,0.0159507978041229
20,4.9,298,119200.0,1165.459436683998,13.777228056891335,1165 ± 13.78,1139.210385799408,1208.246413510056,2.220424616779014,2.0652155935118754,2.22 ± 2.065,0.0603452591535718,10.986003063563956,0.3110080519867818,0.1580258680769997,0.311 ± 0.158,0.027986171446154,0.9670081957411742,476.1912751677853,5.79808384091642,476.2 ± 5.798,417.0,477.0,87.26626279690122,0.2183782348676884,87.27 ± 0.2184,85.31951904296875,87.4585189819336,69.03602771064811,1,1,1,1,1:298,0,0,0.0,model_dynamic,True,mckenzie2003,3.497219779347413,3.495724678039551,3.472877025604248,3.495724678039551,3.9069864749908447,4.761912751677853,4.7700000000000005,4.7700000000000005,0.7346518649249442,0.7328563266330295,0,0.0,0,0.0,0,0.0,0,0.0,0,0.0,0,0.0,294,1026.6920595169067,4,15.479434728622437,0,0.0,0,0.0,0,0.0,0,0.0,0,0.0,0,0.0,8.0,9.0,9.0,0.0125,0.0125000000000005,0.025,0.0180424735062108
20,4.8,298,119200.0,1165.4769394606003,13.77493370042048,1165 ± 13.77,1139.210385799408,1208.22971528269,2.225847057777346,2.0711424634930906,2.226 ± 2.071,0.0444586501209873,11.014028291186502,0.3106881047584729,0.1578219242708296,0.3107 ± 0.1578,0.0275681444305119,0.9653668817236004,485.26174496644296,14.40492830149458,485.3 ± 14.4,368.0,508.0,89.78274930403536,0.8924721629173434,89.78 ± 0.8925,87.28308868408203,91.78467559814452,69.01932948328204,1,1,1,1,1:298,0,0,0.0,model_dynamic,True,mckenzie2003,3.4433709463017097,3.472877025604248,3.262324094772339,3.495724678039551,3.918410539627075,4.85261744966443,4.82,5.08,0.710543865409424,0.7205139057270223,0,0.0,0,0.0,0,0.0,0,0.0,48,156.5915565490723,0,0.0,246,855.7100214958191,4,13.822963953018188,0,0.0,0,0.0,0,0.0,0,0.0,0,0.0,0,0.0,8.0,9.0,9.0,0.0124999999999999,0.0124999999999999,0.025,0.0172906540714635
20,4.7,298,119200.0,1165.495211194555,13.772229448692263,1165 ± 13.77,1139.210385799408,1208.2135294466048,2.2326070837979337,2.0762832208624062,2.233 ± 2.076,0.0447097213984596,11.042281643534777,0.3103437132260417,0.1576061395691987,0.3103 ± 0.1576,0.0271765272762981,0.9636356160254312,499.0503355704698,18.25511282306123,499.1 ± 18.26,371.0,513.0,92.00115979597872,1.2325574921530338,92 ± 1.233,88.98889923095703,93.1890640258789,69.0031436471968,1,1,1,1,1:298,0,0,0.0,model_dynamic,True,mckenzie2003,3.365792874521857,3.262324094772339,3.262324094772339,3.507148742675781,3.941258430480957,4.990503355704698,5.13,5.13,0.6760087517825918,0.6359306227626391,0,0.0,0,0.0,0,0.0,0,0.0,154,502.3979105949402,0,0.0,140,486.91106510162354,4,13.697300910949709,0,0.0,0,0.0,0,0.0,0,0.0,0,0.0,0,0.0,8.0,9.0,9.0,0.0125,0.0125000000000005,0.025,0.0170358848720633
20,4.6,298,119200.0,1165.5140557683485,13.769250570379857,1166 ± 13.77,1139.210385799408,1208.197510993323,2.2404365530345327,2.080816901356403,2.24 ± 2.081,0.0477387086704062,11.07053611220441,0.3099822932065532,0.1573795526414808,0.31 ± 0.1574,0.0267964581759025,0.9617443301781734,484.4463087248322,11.545015621615532,484.4 ± 11.55,378.0,507.0,89.99524573511725,0.6225394306843256,90 ± 0.6225,87.86431121826172,92.14892578125,68.98712519391506,1,1,1,1,1:298,0,0,0.0,model_dynamic,True,mckenzie2003,3.4736800985848344,3.495724678039551,3.262324094772339,3.507148742675781,3.941258430480957,4.8444630872483225,4.84,5.07,0.7176248102267464,0.7222571648842048,0,0.0,0,0.0,0,0.0,0,0.0,21,68.50880599021912,0,0.0,273,952.6078443527222,4,14.040019035339355,0,0.0,0,0.0,0,0.0,0,0.0,0,0.0,0,0.0,8.0,9.0,9.0,0.0124999999999999,0.0124999999999999,0.025,0.01733674625211
20,4.5,298,119200.0,1165.532297945847,13.766622496281594,1166 ± 13.77,1139.210385799408,1208.181174335692,2.247057470502672,2.0860489478601667,2.247 ± 2.086,0.0444948671417274,11.09806891217573,0.3096404457254501,0.1571685833745539,0.3096 ± 0.1572,0.0265795152446382,0.9599748925480912,496.0838926174497,15.70436850741401,496.1 ± 15.7,371.0,507.0,90.24764428362752,1.1263576796581949,90.25 ± 1.126,87.23857879638672,91.28436279296876,68.97078853628409,1,1,1,1,1:298,0,0,0.0,model_dynamic,True,mckenzie2003,3.3720573730916783,3.262324094772339,3.262324094772339,3.507148742675781,3.941258430480957,4.960838926174496,5.07,5.07,0.6810376544277648,0.6434564289491792,0,0.0,0,0.0,0,0.0,0,0.0,160,521.9718551635742,0,0.0,134,468.9411907196045,4,13.96005129814148,0,0.0,0,0.0,0,0.0,0,0.0,0,0.0,0,0.0,8.0,9.0,9.0,0.0124999999999999,0.0124999999999999,0.025,0.0174000539933788
20,4.4,298,119200.0,1165.5503993348914,13.763986489823544,1166 ± 13.76,1139.210385799408,1208.1646877875737,2.253605192148524,2.09119725989136,2.254 ± 2.091,0.0420147314826218,11.125527486881456,0.3092938673820202,0.1569564867655528,0.3093 ± 0.157,0.0262697575648132,0.958157008954772,482.7181208053692,11.179787932407033,482.7 ± 11.18,363.0,484.0,90.0533925766913,0.1407425933012585,90.05 ± 0.1407,88.32410430908203,90.53196716308594,68.95430198816553,1,1,1,1,1:298,0,0,0.0,model_dynamic,True,mckenzie2003,3.505040293571933,3.507148742675781,3.495724678039551,3.507148742675781,3.9069864749908447,4.827181208053691,4.84,4.84,0.7264724896503061,0.7246175088173102,0,0.0,0,0.0,0,0.0,0,0.0,0,0.0,0,0.0,294,1030.8275544643402,4,13.674453020095823,0,0.0,0,0.0,0,0.0,0,0.0,0,0.0,0,0.0,8.0,9.0,9.0,0.0125,0.0125000000000005,0.025,0.0170948866524615
20,4.3,298,119200.0,1165.5683375926965,13.76125032472973,1166 ± 13.76,1139.210385799408,1208.1484467952553,2.259881540424109,2.0963503988848085,2.26 ± 2.096,0.0369956167045784,11.15228076755702,0.308947230356339,0.1567438990690786,0.3089 ± 0.1567,0.0258855723494413,0.9563597632815408,505.8288590604027,14.292283529825266,505.8 ± 14.29,345.0,508.0,92.42323254578864,0.3616635115133035,92.42 ± 0.3617,88.58910369873047,92.49222564697266,68.93806099584731,2,2,1,2,1:8; 2:290,0,0,0.0,model_dynamic,True,mckenzie2003,3.2644001173493047,3.262324094772339,3.262324094772339,3.262324094772339,3.941258430480957,5.058288590604026,5.07,5.08,0.6460161096233538,0.6434564289491792,0,0.0,0,0.0,0,0.0,0,0.0,293,955.8609597682952,0,0.0,1,3.529996633529663,4,13.400278568267822,0,0.0,0,0.0,0,0.0,0,0.0,0,0.0,0,0.0,8.0,9.0,9.0,0.0124999999999999,0.0124999999999999,0.025,0.0163734718558173
20,4.2,298,119200.0,1165.5870316107732,13.75818614283996,1166 ± 13.76,1139.210385799408,1208.1316187070406,2.26741338040017,2.100888037048072,2.267 ± 2.101,0.046681277988817,11.179244530598533,0.3085814715899861,0.1565251873574762,0.3086 ± 0.1565,0.0255186617699285,0.9544797318520128,487.8489932885906,11.068760790146523,487.8 ± 11.07,380.0,508.0,87.8085615938942,0.5078218611278675,87.81 ± 0.5078,85.81834411621094,89.87338256835938,68.92123290763266,1,2,1,2,1:286; 2:12,0,0,0.0,model_dynamic,True,mckenzie2003,3.4989272188020237,3.507148742675781,3.262324094772339,3.529996633529663,3.918410539627075,4.8784899328859055,4.88,4.909999999999996,0.7176973287413615,0.7186780210401191,0,0.0,0,0.0,0,0.0,0,0.0,15,48.93486142158508,0,0.0,279,979.7968225479126,4,13.948627233505247,0,0.0,0,0.0,0,0.0,0,0.0,0,0.0,0,0.0,8.0,9.0,9.0,0.0125,0.0125000000000005,0.025,0.0174975901491806
20,4.1,298,119200.0,1165.604442754903,13.755606813458142,1166 ± 13.76,1139.210385799408,1208.114415726851,2.2725109274548334,2.1065368596923157,2.273 ± 2.107,0.0305422586952352,11.204518947895387,0.3082503830489037,0.1563239067809209,0.3083 ± 0.1563,0.0251344277579516,0.9527671578280617,486.08053691275165,17.630821387529654,486.1 ± 17.63,284.0,488.0,87.61963238812133,0.4114847949131103,87.62 ± 0.4115,85.85862731933594,93.40608215332033,68.9040299274427,2,3,1,3,1:5; 2:292; 3:1,0,0,0.0,model_dynamic,True,mckenzie2003,3.49779305062038,3.507148742675781,3.495724678039551,3.529996633529663,3.9069864749908447,4.860805369127517,4.88,4.88,0.7189477102876354,0.7186780210401191,0,0.0,0,0.0,0,0.0,0,0.0,0,0.0,0,0.0,294,1032.7924604415894,3,9.344780445098875,1,0.205088198184967,0,0.0,0,0.0,0,0.0,0,0.0,0,0.0,8.0,9.0,9.0,0.0124999999999999,0.0124999999999999,0.025,0.0164288718811799
20,4.0,298,119200.0,1165.6221261101095,13.753002735418336,1166 ± 13.75,1139.210385799408,1208.0979994427958,2.277896445982601,2.111768638937828,2.278 ± 2.112,0.0298084772417263,11.229353020491324,0.3079202499451755,0.1561243792107025,0.3079 ± 0.1561,0.0247558792700969,0.9510665308682912,494.1275167785235,14.209973145176283,494.1 ± 14.21,313.0,516.0,88.69552205232966,0.307508987682336,88.7 ± 0.3075,86.65483093261719,92.32096862792967,68.8876136433878,1,1,1,1,1:298,0,0,0.0,model_dynamic,True,mckenzie2003,3.534503598341206,3.5414204597473145,3.529996633529663,3.5414204597473145,3.97553014755249,4.941275167785235,4.96,4.96,0.7156474344721799,0.7139960604329263,0,0.0,0,0.0,0,0.0,0,0.0,1,3.262324094772339,0,0.0,293,1036.8365247249603,4,13.183223485946655,0,0.0,0,0.0,0,0.0,0,0.0,0,0.0,0,0.0,8.0,9.0,9.0,0.0125,0.0125000000000001,0.025,0.0161241266320617
20,3.9,298,119200.0,1165.6400762123765,13.750310030893628,1166 ± 13.75,1139.210385799408,1208.0832119788938,2.2837412738051857,2.1168438933614886,2.284 ± 2.117,0.034323809468751,11.25408839317653,0.3075830355590027,0.1559230288832865,0.3076 ± 0.1559,0.0243884228436511,0.9493223948331682,504.520134228188,16.707951247274803,504.5 ± 16.71,339.0,516.0,86.8674066786798,1.072314723907262,86.87 ± 1.072,84.1253890991211,88.34197998046875,68.87282617948586,2,2,1,2,1:9; 2:289,0,0,0.0,model_dynamic,True,mckenzie2003,3.4070051700476838,3.507148742675781,3.262324094772339,3.5414204597473145,3.97553014755249,5.04520134228188,4.98,5.16,0.6764861332937525,0.7042467354770644,0,0.0,0,0.0,0,0.0,0,0.0,133,433.889104604721,0,0.0,161,568.0324296951294,4,13.36600637435913,0,0.0,0,0.0,0,0.0,0,0.0,0,0.0,0,0.0,8.0,9.0,9.0,0.0125,0.0125000000000001,0.025,0.0167878896363328
20,3.8,298,119200.0,1165.6575165247714,13.74783594187916,1166 ± 13.75,1139.210385799408,1208.066534716083,2.288641497319649,2.1222368417269637,2.289 ± 2.122,0.0236757067114553,11.27797258021436,0.3072678220308001,0.1557376698606798,0.3073 ± 0.1557,0.0240120892280063,0.9477308465187232,499.27852348993287,21.767215862634384,499.3 ± 21.77,271.0,513.0,88.21725952865293,1.0892357034155389,88.22 ± 1.089,85.58255767822266,92.4636001586914,68.85614891667501,2,2,1,2,1:9; 2:289,0,0,0.0,model_dynamic,True,mckenzie2003,3.4146521907524776,3.507148742675781,3.2840006351470947,3.529996633529663,3.97553014755249,4.992785234899329,4.94,5.13,0.685002433440523,0.7099491381934779,0,0.0,0,0.0,0,0.0,0,0.0,115,377.5516903400421,0,0.0,179,628.773508310318,4,11.241154193878174,0,0.0,0,0.0,0,0.0,0,0.0,0,0.0,0,0.0,8.0,9.0,9.0,0.0124999999999999,0.0124999999999999,0.025,0.0159713917161418
20,3.7,298,119200.0,1165.675346937972,13.745331049647003,1166 ± 13.75,1139.210385799408,1208.051085037008,2.294287313093569,2.127177513807678,2.294 ± 2.127,0.0377580636673101,11.302388840166952,0.3069446381135162,0.1555472245705562,0.3069 ± 0.1555,0.0236501370622581,0.9460692660103354,506.520134228188,16.904030256366596,506.5 ± 16.9,352.0,515.0,89.7423152795574,1.042314013683192,89.74 ± 1.042,86.61629486083984,90.56243896484376,68.84069923759989,2,2,1,2,1:9; 2:289,0,0,0.0,model_dynamic,True,mckenzie2003,3.372353957003395,3.2840006351470947,3.262324094772339,3.5414204597473145,3.941258430480957,5.065201342281879,5.15,5.15,0.6669594792518246,0.6376700262421543,0,0.0,0,0.0,0,0.0,0,0.0,183,600.0400249958038,0,0.0,111,391.726806640625,4,13.194647550582886,0,0.0,0,0.0,0,0.0,0,0.0,0,0.0,0,0.0,8.0,9.0,9.0,0.0125,0.0125000000000001,0.025,0.0167261314841169
20,3.6,298,119200.0,1165.6935182972056,13.742772300192248,1166 ± 13.74,1139.210385799408,1208.0350973345362,2.3005211600202515,2.1319574644746524,2.301 ± 2.132,0.0338683810720448,11.32640643426292,0.3066102858734588,0.1553554385983296,0.3066 ± 0.1554,0.0232985476588529,0.9442755347672688,514.4161073825503,19.08866653846352,514.4 ± 19.09,290.0,517.0,90.4057419796118,0.4896121581820875,90.41 ± 0.4896,86.50714874267578,94.19026947021484,68.82471153512824,2,3,1,3,1:17; 2:280; 3:1,0,0,0.0,model_dynamic,True,mckenzie2003,3.2802642144312792,3.2840006351470947,3.2840006351470947,3.2840006351470947,3.97553014755249,5.144161073825505,5.17,5.17,0.6373842832545141,0.635203217629999,0,0.0,0,0.0,0,0.0,0,0.0,286,939.2025051116944,0,0.0,8,28.239973068237305,3,9.87028169631958,1,0.2059760242700576,0,0.0,0,0.0,0,0.0,0,0.0,0,0.0,8.0,9.0,9.0,0.0125,0.0125000000000001,0.025,0.0161286337331416
20,3.5,298,119200.0,1165.711899818497,13.739962138891675,1166 ± 13.74,1139.210385799408,1208.019974554236,2.307081995749832,2.1363946831458582,2.307 ± 2.136,0.044239074394847,11.35003099148064,0.306271103132585,0.155158349962644,0.3063 ± 0.1552,0.0229599768077209,0.9424806052646394,505.244966442953,13.714137790413382,505.2 ± 13.71,381.0,520.0,89.79379190534553,0.997898004123609,89.79 ± 0.9979,87.15145874023438,91.34087371826172,68.80958875482816,2,2,1,2,1:9; 2:289,0,0,0.0,model_dynamic,True,mckenzie2003,3.46286038184326,3.529996633529663,3.2840006351470947,3.5642683506011963,3.952682256698608,5.052449664429529,5.01,5.19,0.6863292661605983,0.7045901464131065,0,0.0,0,0.0,0,0.0,0,0.0,90,295.40832138061523,0,0.0,204,722.2669985294342,4,14.257073879241943,0,0.0,0,0.0,0,0.0,0,0.0,0,0.0,0,0.0,8.0,9.0,9.0,0.0125,0.0125000000000001,0.025,0.016598181205995
20,3.4,298,119200.0,1165.7300824588806,13.737432677587432,1166 ± 13.74,1139.210385799408,1208.0049441076792,2.3132594672423816,2.1410984876311225,2.313 ± 2.141,0.0362000143611759,11.373473568765988,0.3059376044086845,0.1549685923890081,0.3059 ± 0.155,0.022621164645714,0.940746331553846,504.7181208053692,15.848096253427077,504.7 ± 15.85,348.0,521.0,87.04955319910242,0.985520485385364,87.05 ± 0.9855,84.72809600830078,88.6963119506836,68.79455830827123,2,2,1,2,1:9; 2:289,0,0,0.0,model_dynamic,True,mckenzie2003,3.4639764344132185,3.529996633529663,3.262324094772339,3.5414204597473145,3.9869539737701416,5.04718120805369,5.01,5.21,0.687322725637071,0.7045901464131065,0,0.0,0,0.0,0,0.0,0,0.0,77,252.0443403720856,0,0.0,217,766.7746632099152,4,13.445973873138428,0,0.0,0,0.0,0,0.0,0,0.0,0,0.0,0,0.0,8.0,9.0,9.0,0.0125,0.0125000000000001,0.025,0.0164480874063596
20,3.3,298,119200.0,1165.74752010057,13.734941095551951,1166 ± 13.73,1139.210385799408,1207.9893337358665,2.318007839526866,2.1462720197575584,2.318 ± 2.146,0.0274667354118172,11.395432099060804,0.3056226078461574,0.1547863938001148,0.3056 ± 0.1548,0.0222889524471082,0.93908344370944,514.9328859060403,18.906575124720877,514.9 ± 18.91,302.0,517.0,90.23166548965762,0.2502930466085719,90.23 ± 0.2503,86.44279479980469,92.25499725341795,68.77894793645851,2,2,1,2,1:5; 2:293,0,0,0.0,model_dynamic,True,mckenzie2003,3.280214483305912,3.2840006351470947,3.2840006351470947,3.2840006351470947,4.009801864624023,5.149328859060404,5.17,5.17,0.637708491726744,0.635203217629999,0,0.0,0,0.0,0,0.0,0,0.0,294,965.4745101928712,0,0.0,0,0.0,4,12.02940583229065,0,0.0,0,0.0,0,0.0,0,0.0,0,0.0,0,0.0,8.0,9.0,9.0,0.0124999999999999,0.0124999999999999,0.025,0.0156919844814909
20,3.2,298,119200.0,1165.765981865938,13.732208464168782,1166 ± 13.73,1139.210385799408,1207.9741325636342,2.324504388163908,2.1505976560671534,2.325 ± 2.151,0.0347691306036427,11.417906022269596,0.3052781271196269,0.1545885137200548,0.3053 ± 0.1546,0.0219642694136187,0.9371919735973496,521.261744966443,18.92688013344948,521.3 ± 18.93,290.0,524.0,90.03423793203879,0.3328099490973843,90.03 ± 0.3328,86.19402313232422,93.67327117919922,68.7637467642262,2,3,1,3,1:4; 2:293; 3:1,0,0,0.0,model_dynamic,True,mckenzie2003,3.285008779858183,3.2948389053344727,3.2948389053344727,3.2948389053344727,4.009801864624023,5.212617449664431,5.23,5.24,0.6298398928153581,0.6299883184195932,0,0.0,0,0.0,0,0.0,0,0.0,294,968.6717998981476,0,0.0,0,0.0,3,10.053064823150637,1,0.2077516764402389,0,0.0,0,0.0,0,0.0,0,0.0,0,0.0,8.0,9.0,9.0,0.0125,0.0125000000000001,0.025,0.0159722436442113
20,3.1,298,119200.0,1165.784433272951,13.72948293943602,1166 ± 13.73,1139.210385799408,1207.958884417708,2.3308859650655487,2.154907935655197,2.331 ± 2.155,0.0434965861592229,11.439983771562948,0.3049360068941101,0.1543909119080225,0.3049 ± 0.1544,0.0216430579711028,0.9352997029062984,507.3053691275168,13.515490914591396,507.3 ± 13.52,381.0,524.0,89.78687501433711,0.8744310233922213,89.79 ± 0.8744,87.07221221923828,91.57159423828124,68.74849861830012,2,2,1,2,1:8; 2:290,0,0,0.0,model_dynamic,True,mckenzie2003,3.486134160285028,3.507148742675781,3.262324094772339,3.5642683506011963,4.009801864624023,5.073053691275167,5.05,5.24,0.687991012255719,0.6944848995397587,0,0.0,0,0.0,0,0.0,0,0.0,56,183.9690651893616,0,0.0,238,840.641841173172,4,14.257073402404783,0,0.0,0,0.0,0,0.0,0,0.0,0,0.0,0,0.0,8.0,9.0,9.0,0.0125,0.0125000000000001,0.025,0.0162413354911268
20,3.0,298,119200.0,1165.802740050984,13.726897070523083,1166 ± 13.73,1139.210385799408,1207.9444502702988,2.337059996613078,2.1593364913111133,2.337 ± 2.159,0.0487227178609985,11.461631727849294,0.3045960422384899,0.1541989555818814,0.3046 ± 0.1542,0.0213230507766663,0.9333505954614976,526.5536912751678,12.74210387678198,526.6 ± 12.74,399.0,528.0,90.943343783385,0.4283866863652453,90.94 ± 0.4284,86.87567138671875,90.99468994140624,68.73406447089087,2,2,1,2,1:9; 2:289,0,0,0.0,model_dynamic,True,mckenzie2003,3.3064931855105715,3.2948389053344727,3.2840006351470947,3.3165154457092285,4.009801864624023,5.265536912751678,5.28,5.28,0.6285423001472498,0.6240225199497107,0,0.0,0,0.0,0,0.0,0,0.0,294,971.0778958797456,0,0.0,0,0.0,4,14.257073402404783,0,0.0,0,0.0,0,0.0,0,0.0,0,0.0,0,0.0,8.0,9.0,9.0,0.0125,0.0125000000000001,0.025,0.0164779807192541
20,2.9,298,119200.0,1165.8210146527283,13.724240490718955,1166 ± 13.72,1139.210385799408,1207.9293149238783,2.343332294838949,2.163732917462634,2.343 ± 2.164,0.0396828417682864,11.483258732010588,0.3042557424415317,0.1540075572786046,0.3043 ± 0.154,0.0210138094947467,0.9314034115454044,528.5973154362416,18.7846929913612,528.6 ± 18.78,282.0,531.0,93.18531681547228,0.3715216871400645,93.19 ± 0.3715,89.20265197753906,96.77540588378906,68.71892912447038,2,3,1,3,1:7; 2:290; 3:1,0,0,0.0,model_dynamic,True,mckenzie2003,3.275035173850972,3.2840006351470947,3.262324094772339,3.2948389053344727,4.032649993896484,5.285973154362416,5.3100000000000005,5.3100000000000005,0.6191660115880284,0.6184558634928615,0,0.0,0,0.0,0,0.0,0,0.0,294,965.35528922081,0,0.0,0,0.0,3,10.407207012176514,1,0.1979855746030807,0,0.0,0,0.0,0,0.0,0,0.0,0,0.0,8.0,9.0,9.0,0.0125,0.0125000000000001,0.025,0.0147224349611282
20,2.8,298,119200.0,1165.8399883144516,13.721305551963198,1166 ± 13.72,1139.210385799408,1207.914602695022,2.350827791857106,2.167463316790473,2.351 ± 2.167,0.0513163478310506,11.505057322104172,0.3038960675867745,0.1538077459563838,0.3039 ± 0.1538,0.0207170753215042,0.9293648487271174,519.6409395973154,12.675953631164749,519.6 ± 12.68,410.0,527.0,94.333085770575,1.0761223510636804,94.33 ± 1.076,90.81114196777344,95.1542510986328,68.70421689561408,2,2,1,2,1:5; 2:293,0,0,0.0,model_dynamic,True,mckenzie2003,3.380811763289791,3.262324094772339,3.262324094772339,3.587116241455078,4.032649993896484,5.196409395973155,5.2700000000000005,5.2700000000000005,0.6516196838761403,0.6190368301275785,0,0.0,0,0.0,0,0.0,0,0.0,186,607.5184457302094,0,0.0,108,384.95240592956543,4,15.011053800582886,0,0.0,0,0.0,0,0.0,0,0.0,0,0.0,0,0.0,8.0,9.0,9.0,0.0124999999999999,0.0124999999999999,0.025,0.0155659819539336
20,2.7,298,119200.0,1165.8591923417978,13.718204030852196,1166 ± 13.72,1139.210385799408,1207.900614966968,2.358680965857453,2.171101733783077,2.359 ± 2.171,0.0590374623757359,11.526600544256135,0.3035241992116204,0.1536029162014394,0.3035 ± 0.1536,0.0204223130384388,0.9272076628462272,531.1711409395973,7.968114269197052,531.2 ± 7.968,437.0,532.0,90.18213400104702,0.4269150597956403,90.18 ± 0.4269,85.60566711425781,90.22809600830078,68.69022916755989,2,2,1,2,1:6; 2:292,0,0,0.0,model_dynamic,True,mckenzie2003,3.3013455131709977,3.2948389053344727,3.2840006351470947,3.3165154457092285,3.941258430480957,5.311711409395974,5.32,5.32,0.621869279554748,0.6193306213034723,0,0.0,0,0.0,0,0.0,0,0.0,295,972.194242477417,0,0.0,0,0.0,3,11.606720447540283,0,0.0,0,0.0,0,0.0,0,0.0,0,0.0,0,0.0,8.0,9.0,9.0,0.0125,0.0125000000000001,0.025,0.0164356327138666
20,2.6,298,119200.0,1165.8772461252331,13.715635536426914,1166 ± 13.72,1139.210385799408,1207.8847781852426,2.364337856732236,2.175939540147488,2.364 ± 2.176,0.044960878993299,11.547070676112511,0.3031837431684764,0.1534181139158061,0.3032 ± 0.1534,0.0201201388321742,0.9252542344078124,526.1275167785235,11.353554622163198,526.1 ± 11.35,388.0,528.0,90.50910637362692,0.5703223313670159,90.51 ± 0.5703,86.28925323486328,90.6488800048828,68.67439238583461,2,2,1,2,1:8; 2:290,0,0,0.0,model_dynamic,True,mckenzie2003,3.32259079913965,3.3165154457092285,3.2840006351470947,3.350251197814936,3.941258430480957,5.261275167785235,5.28,5.28,0.6320429313171239,0.6281279253237175,0,0.0,0,0.0,0,0.0,0,0.0,282,933.2522757053376,0,0.0,13,46.06131386756897,3,10.818468570709229,0,0.0,0,0.0,0,0.0,0,0.0,0,0.0,0,0.0,8.0,9.0,9.0,0.0125,0.0125000000000001,0.025,0.0162773066415673
20,2.5,298,119200.0,1165.8953747314804,13.71306353151439,1166 ± 13.71,1139.210385799408,1207.8691820211848,2.3701472797125835,2.180662576571225,2.37 ± 2.181,0.0423487712850671,11.567319893268294,0.30284424562032,0.1532368336190557,0.3028 ± 0.1532,0.0198266103222417,0.9232816568118122,523.7651006711409,12.285414095036016,523.8 ± 12.29,382.0,525.0,89.70798712608799,0.3210246607571183,89.71 ± 0.321,85.4578628540039,89.74279022216797,68.65879622177681,2,2,1,2,1:5; 2:293,0,0,0.0,model_dynamic,True,mckenzie2003,3.29517153045475,3.2948389053344727,3.2840006351470947,3.2948389053344727,3.655659914016724,5.23765100671141,5.25,5.25,0.6296205227699853,0.627588362920852,0,0.0,0,0.0,0,0.0,0,0.0,295,971.7823882102966,0,0.0,0,0.0,3,10.178727865219116,0,0.0,0,0.0,0,0.0,0,0.0,0,0.0,0,0.0,8.0,9.0,9.0,0.0125,0.0125000000000001,0.025,0.0164059927711762
20,2.4,298,119200.0,1165.9133060793556,13.710545817444077,1166 ± 13.71,1139.210385799408,1207.85357144332,2.375546146118598,2.185468460312621,2.376 ± 2.185,0.0396633212472864,11.587045969179576,0.3025109630991506,0.15305909167441,0.3025 ± 0.1531,0.0195309077959116,0.9213432939640276,528.6677852348994,18.439098991135182,528.7 ± 18.44,292.0,535.0,90.03438908621769,0.8794485013976634,90.03 ± 0.8794,86.76714324951172,94.4171905517578,68.64318564391215,2,3,1,3,1:4; 2:293; 3:1,0,0,0.0,model_dynamic,True,mckenzie2003,3.337798378311548,3.2840006351470947,3.262324094772339,3.5985403060913086,3.5985403060913086,5.286677852348993,5.34,5.3500000000000005,0.631275333236216,0.6138318944200176,0,0.0,0,0.0,0,0.0,0,0.0,225,735.8112359046936,0,0.0,70,251.8978214263916,2,6.751546859741211,1,0.2033125460147857,0,0.0,0,0.0,0,0.0,0,0.0,0,0.0,8.0,9.0,9.0,0.0125,0.0125000000000001,0.025,0.0160947187701811
20,2.3,298,119200.0,1165.9314607597826,13.707863627127884,1166 ± 13.71,1139.210385799408,1207.838408523763,2.381285272053218,2.189919239856412,2.381 ± 2.19,0.0473042011627805,11.606612748715248,0.3021738389094978,0.1528767094519885,0.3022 ± 0.1529,0.0192426774743536,0.919386937118855,530.9664429530201,9.662711909261112,531 ± 9.663,402.0,532.0,89.9878952487203,0.4112836796135891,89.99 ± 0.4113,85.79943084716797,90.04061889648438,68.6280227243551,2,2,1,2,1:5; 2:293,0,0,0.0,model_dynamic,True,mckenzie2003,3.288468155284856,3.2840006351470947,3.262324094772339,3.2948389053344727,4.032649993896484,5.309664429530202,5.32,5.32,0.6197368801021154,0.6172933524712584,0,0.0,0,0.0,0,0.0,0,0.0,293,961.6052429676056,0,0.0,2,7.174232482910156,3,11.184034824371338,0,0.0,0,0.0,0,0.0,0,0.0,0,0.0,0,0.0,8.0,9.0,9.0,0.0124999999999999,0.0124999999999999,0.025,0.016188052205282
20,2.2,298,119200.0,1165.94946027618,13.70537259368665,1166 ± 13.71,1139.210385799408,1207.8232672485678,2.386749815606714,2.194593787737313,2.387 ± 2.195,0.0446918990617011,11.625774855148965,0.3018392619162979,0.1527032103058955,0.3018 ± 0.1527,0.0189565133341678,0.9174368473407588,526.7114093959732,12.316734565727891,526.7 ± 12.32,394.0,529.0,92.70414221846818,0.3113984275299731,92.7 ± 0.3114,89.297119140625,92.78736114501952,68.61288144915989,2,2,1,2,1:5; 2:293,0,0,0.0,model_dynamic,True,mckenzie2003,3.2966062558577365,3.2948389053344727,3.262324094772339,3.3165154457092285,3.5414204597473145,5.267114093959733,5.28,5.28,0.6263850469687013,0.6240225199497107,0,0.0,0,0.0,0,0.0,0,0.0,293,965.1385190486908,0,0.0,2,7.082840919494629,3,10.167304277420044,0,0.0,0,0.0,0,0.0,0,0.0,0,0.0,0,0.0,8.0,9.0,9.0,0.0125,0.0125000000000001,0.025,0.0155187703846407
20,2.1,298,119200.0,1165.9683222892213,13.70255190729208,1166 ± 13.7,1139.210385799408,1207.8076536217402,2.393669729056442,2.198487097013473,2.394 ± 2.198,0.0521609207976891,11.64522253600026,0.3014797819524761,0.1525155932292594,0.3015 ± 0.1525,0.0186846327866165,0.9153817755862568,527.0536912751678,9.151070084417665,527.1 ± 9.151,418.0,528.0,88.60932484569166,0.409191861599067,88.61 ± 0.4092,84.30976867675781,88.65716552734375,68.59726782233224,2,2,1,2,1:4; 2:294,0,0,0.0,model_dynamic,True,mckenzie2003,3.3013708847481134,3.2948389053344727,3.262324094772339,3.3165154457092285,3.952682256698608,5.270536912751678,5.28,5.28,0.6267592918538664,0.6240225199497107,0,0.0,0,0.0,0,0.0,0,0.0,294,969.0944924354552,0,0.0,1,3.5985403060913086,3,11.115490913391112,0,0.0,0,0.0,0,0.0,0,0.0,0,0.0,0,0.0,8.0,9.0,9.0,0.0125,0.0125000000000001,0.025,0.0162611276824966
20,2.0,298,119200.0,1165.9860179809225,13.700154546955854,1166 ± 13.7,1139.210385799408,1207.7915168081904,2.398454535627913,2.2033415776866088,2.398 ± 2.203,0.0377603974769426,11.663507452335384,0.3011547910226146,0.1523489304359542,0.3012 ± 0.1523,0.0184006077370599,0.9134776115200712,527.6812080536913,13.345274754464588,527.7 ± 13.35,367.0,529.0,87.46517987859329,0.2731676044307842,87.47 ± 0.2732,83.10096740722656,87.49568939208984,68.58113100878245,2,2,1,2,1:4; 2:294,0,0,0.0,model_dynamic,True,mckenzie2003,3.3080180371367693,3.3165154457092285,3.2840006351470947,3.3165154457092285,3.747051477432251,5.276812080536913,5.29,5.29,0.6273526806125967,0.626940537941253,0,0.0,0,0.0,0,0.0,0,0.0,295,975.9876370429992,0,0.0,0,0.0,3,9.801738023757936,0,0.0,0,0.0,0,0.0,0,0.0,0,0.0,0,0.0,8.0,9.0,9.0,0.0125,0.0125000000000001,0.025,0.0235006723099784
20,1.9,298,119200.0,1166.0033505520266,13.697932964578865,1166 ± 13.7,1139.210385799408,1207.776638380573,2.40267543037963,2.208245518638623,2.403 ± 2.208,0.0327501678242728,11.681257117226004,0.3008495957135613,0.1521956041659754,0.3008 ± 0.1522,0.018116139555246,0.9116267913313124,537.3322147651006,16.825806196293186,537.3 ± 16.83,344.0,539.0,89.58908142499476,0.2120712567406301,89.59 ± 0.2121,86.0446548461914,90.4919891357422,68.56625258116514,2,2,1,2,1:5; 2:293,0,0,0.0,model_dynamic,True,mckenzie2003,3.320961884204173,3.3273537158966064,3.3165154457092285,3.3273537158966064,3.415757179260254,5.373322147651007,5.39,5.39,0.6185871768036133,0.617319798867645,0,0.0,0,0.0,0,0.0,0,0.0,295,980.713122844696,0,0.0,0,0.0,3,8.933518648147583,0,0.0,0,0.0,0,0.0,0,0.0,0,0.0,0,0.0,8.0,9.0,9.0,0.0124999999999999,0.0124999999999999,0.025,0.0229389061026147
20,1.8,298,119200.0,1166.0213322789316,13.695533599066671,1166 ± 13.7,1139.210385799408,1207.762313994038,2.4080061018047174,2.212450486004568,2.408 ± 2.212,0.0415752914446699,11.699162187857516,0.3005328503066629,0.1520345090411624,0.3005 ± 0.152,0.0178440432488236,0.9096950775325288,540.6174496644295,13.75289954317931,540.6 ± 13.75,386.0,542.0,89.65963896168958,0.2765450756708891,89.66 ± 0.2765,85.76798248291016,89.68750762939453,68.55192819463014,2,2,1,2,1:5; 2:293,0,0,0.0,model_dynamic,True,mckenzie2003,3.313357542825225,3.3165154457092285,3.2948389053344727,3.3273537158966064,3.6213881969451904,5.406174496644296,5.42,5.42,0.6134020280754613,0.6119032187655403,0,0.0,0,0.0,0,0.0,0,0.0,295,977.4074504375458,0,0.0,0,0.0,3,9.973097324371338,0,0.0,0,0.0,0,0.0,0,0.0,0,0.0,0,0.0,8.0,9.0,9.0,0.0125,0.0125000000000001,0.025,0.0229078892579754
20,1.7,298,119200.0,1166.0392576603515,13.693220736729112,1166 ± 13.69,1139.210385799408,1207.74810448037,2.4132435683143028,2.216747344893228,2.413 ± 2.217,0.0399948484810412,11.716793305590016,0.3002201492495407,0.151879762915181,0.3002 ± 0.1519,0.0175759782626464,0.90776237596018,537.1778523489933,18.605185629290204,537.2 ± 18.61,293.0,539.0,89.69922387039901,0.2640484713169632,89.7 ± 0.264,87.55003356933594,93.5325927734375,68.53771868096214,2,3,1,3,1:4; 2:293; 3:1,0,0,0.0,model_dynamic,True,mckenzie2003,3.31436634273737,3.3273537158966064,3.3165154457092285,3.3273537158966064,3.3273537158966064,5.371778523489933,5.39,5.39,0.6165195547415983,0.617319798867645,0,0.0,0,0.0,0,0.0,0,0.0,295,981.1033005714417,0,0.0,0,0.0,2,6.374557018280029,1,0.2033125460147857,0,0.0,0,0.0,0,0.0,0,0.0,0,0.0,8.0,9.0,9.0,0.0124999999999999,0.0124999999999999,0.025,0.0228944838576395
20,1.6,298,119200.0,1166.0571749255555,13.690882038277666,1166 ± 13.69,1139.210385799408,1207.7340014398274,2.4184922188627107,2.2208995142879724,2.418 ± 2.221,0.0415648760419559,11.73416073933977,0.2999084649346784,0.1517239618820495,0.2999 ± 0.1517,0.0173115617970748,0.9058289677397996,537.9328859060403,13.063944145547673,537.9 ± 13.06,389.0,540.0,88.66016026951323,0.2780630048446199,88.66 ± 0.2781,84.63554382324219,88.72322845458984,68.5236156404194,2,2,1,2,1:4; 2:294,0,0,0.0,model_dynamic,True,mckenzie2003,3.327478941654999,3.3273537158966064,3.3273537158966064,3.3273537158966064,3.667083740234375,5.3793288590604025,5.39,5.4,0.6190348988647816,0.617319798867645,0,0.0,0,0.0,0,0.0,0,0.0,295,981.5585079193116,0,0.0,0,0.0,3,10.030216693878174,0,0.0,0,0.0,0,0.0,0,0.0,0,0.0,0,0.0,8.0,9.0,9.0,0.0125,0.0125000000000001,0.025,0.0231504145943165
20,1.5,298,119200.0,1166.0748338104784,13.688642119907724,1166 ± 13.69,1139.210385799408,1207.7198729905704,2.423205990668366,2.2252701830937447,2.423 ± 2.225,0.0382374285253622,11.751054063342496,0.2996063376823193,0.1515761131915734,0.2996 ± 0.1516,0.0170469796390319,0.9039374122284324,534.0637583892617,18.73515417555705,534.1 ± 18.74,274.0,536.0,88.10111395304635,0.309093556006255,88.1 ± 0.3091,84.4441909790039,91.74679565429688,68.5094871911624,2,3,1,3,1:3; 2:294; 3:1,0,0,0.0,model_dynamic,True,mckenzie2003,3.316353437284495,3.3273537158966064,3.3273537158966064,3.3273537158966064,3.5414204597473145,5.340637583892618,5.36,5.36,0.6204003665138061,0.6207749469956355,0,0.0,0,0.0,0,0.0,0,0.0,294,978.2419924736024,0,0.0,1,3.118734836578369,2,6.717274904251099,1,0.1953220963478088,0,0.0,0,0.0,0,0.0,0,0.0,0,0.0,8.0,9.0,9.0,0.0125,0.0125000000000001,0.025,0.0232838060553981
20,1.4,298,119200.0,1166.0924393172445,13.686454370665889,1166 ± 13.69,1139.210385799408,1207.7058516410864,2.427771419506711,2.229623087562802,2.428 ± 2.23,0.0400891496910071,11.767568498096058,0.2993101360082233,0.1514317386272075,0.2993 ± 0.1514,0.0167836621922661,0.9020733464445554,536.1409395973154,17.687071126198287,536.1 ± 17.69,293.0,538.0,87.63539515245681,0.4235843490650363,87.64 ± 0.4236,83.93717193603516,91.52582550048828,68.49546584167842,2,3,1,3,1:5; 2:292; 3:1,0,0,0.0,model_dynamic,True,mckenzie2003,3.301766381367741,3.3273537158966064,3.280749154090881,3.3273537158966064,4.066921710968018,5.361409395973156,5.38,5.38,0.6154175841029098,0.618467233438031,0,0.0,0,0.0,0,0.0,0,0.0,294,972.8228573799132,0,0.0,0,0.0,3,10.898436069488524,1,0.205088198184967,0,0.0,0,0.0,0,0.0,0,0.0,0,0.0,8.0,9.0,9.0,0.0124999999999999,0.0124999999999999,0.025,0.0233855125665698
20,1.3,298,119200.0,1166.1098283936908,13.684384158887813,1166 ± 13.68,1139.210385799408,1207.6919910533668,2.4320036790283592,2.23406335035664,2.432 ± 2.234,0.0351749201871715,11.783733831209943,0.299018816925326,0.1512931972479464,0.299 ± 0.1513,0.0165222498734895,0.9002331378976385,534.4295302013422,14.189397229587335,534.4 ± 14.19,357.0,536.0,90.44457298637236,0.379458534653875,90.44 ± 0.3795,86.07366180419922,90.60481262207033,68.48160525395883,2,2,1,2,1:4; 2:294,0,0,0.0,model_dynamic,True,mckenzie2003,3.326833884988055,3.3273537158966064,3.3165154457092285,3.3273537158966064,4.066921710968018,5.344295302013423,5.36,5.36,0.6230502996093771,0.6207749469956355,0,0.0,0,0.0,0,0.0,0,0.0,294,977.5049901008606,0,0.0,0,0.0,4,13.891507625579834,0,0.0,0,0.0,0,0.0,0,0.0,0,0.0,0,0.0,8.0,9.0,9.0,0.0125,0.0125000000000001,0.025,0.0226462747533375
20,1.2,298,119200.0,1166.1278875320995,13.68205246420548,1166 ± 13.68,1139.210385799408,1207.6787846558088,2.437463111445025,2.2379063848297123,2.437 ± 2.238,0.0451419017004485,11.800172582048097,0.2987118096640713,0.1511450305987599,0.2987 ± 0.1511,0.0162748610842198,0.8982865077003006,542.5939597315436,12.51359919677144,542.6 ± 12.51,404.0,544.0,90.74444226770594,0.4082974750365135,90.74 ± 0.4083,86.47196197509766,90.79800415039062,68.46839885640088,2,2,1,2,1:4; 2:294,0,0,0.0,model_dynamic,True,mckenzie2003,3.333134711188758,3.3273537158966064,3.2948389053344727,3.3490302562713623,4.066921710968018,5.425939597315436,5.44,5.44,0.6148429465534748,0.6116459036574644,0,0.0,0,0.0,0,0.0,0,0.0,294,978.6971998214722,0,0.0,0,0.0,4,14.57694411277771,0,0.0,0,0.0,0,0.0,0,0.0,0,0.0,0,0.0,8.0,9.0,9.0,0.0124999999999999,0.0124999999999999,0.025,0.0225524987611893
20,1.1,298,119200.0,1166.145942574899,13.679797385774783,1166 ± 13.68,1139.210385799408,1207.665651179633,2.4429347698965387,2.2417832103284394,2.443 ± 2.242,0.0463778671529663,11.81641643184344,0.2984063906287663,0.1510012526511974,0.2984 ± 0.151,0.0160314441223415,0.896324721795326,541.493288590604,13.325870103576223,541.5 ± 13.33,408.0,543.0,90.4679100497457,0.3682536274827957,90.47 ± 0.3683,86.7846450805664,90.51238250732422,68.455265380225,2,2,1,2,1:4; 2:294,0,0,0.0,model_dynamic,True,mckenzie2003,3.295654916123256,3.2948389053344727,3.262324094772339,3.3165154457092285,4.066921710968018,5.41493288590604,5.43,5.43,0.6092186552574052,0.606784328790879,0,0.0,0,0.0,0,0.0,0,0.0,294,967.8480913639067,0,0.0,0,0.0,4,14.257073640823364,0,0.0,0,0.0,0,0.0,0,0.0,0,0.0,0,0.0,8.0,9.0,9.0,0.0125,0.0125000000000001,0.025,0.0225809630529964
20,1.0,298,119200.0,1166.1639355823438,13.677522604282425,1166 ± 13.68,1139.210385799408,1207.6524365929524,2.448254435057839,2.2456144089260768,2.448 ± 2.246,0.0454934301566506,11.832349462719566,0.298102659655218,0.1508568649327802,0.2981 ± 0.1509,0.0157901149161366,0.8943732696183679,545.5369127516778,13.013170143370417,545.5 ± 13.01,405.0,547.0,89.8498659325926,0.4036755639402813,89.85 ± 0.4037,85.58727264404297,89.89881134033203,68.44205079354447,2,2,1,2,1:7; 2:291,0,0,0.0,model_dynamic,True,mckenzie2003,3.311375603579835,3.3165154457092285,3.2948389053344727,3.3165154457092285,4.066921710968018,5.455369127516779,5.47,5.47,0.6075749703321802,0.606309953511742,0,0.0,0,0.0,0,0.0,0,0.0,294,972.270105600357,0,0.0,0,0.0,4,14.519824266433716,0,0.0,0,0.0,0,0.0,0,0.0,0,0.0,0,0.0,8.0,9.0,9.0,0.0124999999999999,0.0124999999999999,0.025,0.0227125260027427
20,0.9,298,119200.0,1166.1817329863886,13.675329067253111,1166 ± 13.68,1139.210385799408,1207.639202220961,2.4532156004318,2.2495746584248897,2.453 ± 2.25,0.0434574304574625,11.847939591008174,0.2978061738852688,0.150718490821376,0.2978 ± 0.1507,0.015549390924739,0.8924413714155044,544.5939597315436,12.697020356416866,544.6 ± 12.7,401.0,546.0,91.04942613640088,0.3653902062089388,91.05 ± 0.3654,87.08847045898438,91.09213256835938,68.42881642155271,2,2,1,2,1:4; 2:294,0,0,0.0,model_dynamic,True,mckenzie2003,3.3186476446638173,3.3165154457092285,3.2948389053344727,3.3490302562713623,4.066921710968018,5.445939597315436,5.46,5.46,0.609908325565936,0.6074204113020565,0,0.0,0,0.0,0,0.0,0,0.0,294,974.44859790802,0,0.0,0,0.0,4,14.508400201797484,0,0.0,0,0.0,0,0.0,0,0.0,0,0.0,0,0.0,8.0,9.0,9.0,0.0124999999999999,0.0124999999999999,0.025,0.0223962091524669
20,0.8,298,119200.0,1166.199854190122,13.673048395029728,1166 ± 13.67,1139.210385799408,1207.6261964909345,2.458736467201612,2.253240076881586,2.459 ± 2.253,0.0482327206028571,11.863483405913538,0.2975019706034452,0.1505759418871683,0.2975 ± 0.1506,0.0153158787306853,0.8904642584849407,545.5335570469799,11.059049018779408,545.5 ± 11.06,420.0,547.0,88.30940075048665,0.4078962448858034,88.31 ± 0.4079,84.57606506347656,88.37081146240234,68.4158106915263,2,2,1,2,1:4; 2:294,0,0,0.0,model_dynamic,True,mckenzie2003,3.35363656642453,3.3490302562713623,3.3273537158966064,3.3490302562713623,4.101193428039551,5.455335570469799,5.47,5.47,0.6152203219325367,0.6122541601958615,0,0.0,0,0.0,0,0.0,0,0.0,294,984.2355558872224,0,0.0,0,0.0,4,15.148140907287598,0,0.0,0,0.0,0,0.0,0,0.0,0,0.0,0,0.0,8.0,9.0,9.0,0.0125,0.0125000000000001,0.025,0.0230614476500009
20,0.7,298,119200.0,1166.217174576057,13.671077144343272,1166 ± 13.67,1139.210385799408,1207.6128067985217,2.462850267901308,2.257537670670603,2.463 ± 2.258,0.0389041530238947,11.87832597730471,0.297222675168921,0.1504512098575345,0.2972 ± 0.1505,0.0150752014633272,0.8885857097920372,542.0671140939597,18.732724275599644,542.1 ± 18.73,283.0,545.0,89.99801133943085,0.3710816216890988,90 ± 0.3711,86.2794189453125,93.59095764160156,68.4024209991137,2,3,1,3,1:3; 2:294; 3:1,0,0,0.0,model_dynamic,True,mckenzie2003,3.301454483312648,3.3165154457092285,3.2948389053344727,3.3273537158966064,4.044073581695557,5.4206711409395965,5.44,5.44,0.6085785558154925,0.6096535745789022,0,0.0,0,0.0,0,0.0,0,0.0,294,972.898725271225,0,0.0,0,0.0,3,10.738500833511353,1,0.1962099224328994,0,0.0,0,0.0,0,0.0,0,0.0,0,0.0,8.0,9.0,9.0,0.0124999999999999,0.0124999999999999,0.025,0.0226253754935616
20,0.6,298,119200.0,1166.2350130120512,13.668907701788733,1166 ± 13.67,1139.210385799408,1207.5998828640902,2.4678621377764527,2.2612269606096413,2.468 ± 2.261,0.0498623244518153,11.893207707630928,0.2969338489023286,0.1503158444876791,0.2969 ± 0.1503,0.0148435843173922,0.8866507713927468,541.3758389261745,10.178590842770182,541.4 ± 10.18,417.0,543.0,90.72344223124868,0.4373295482320369,90.72 ± 0.4373,86.6735610961914,90.79683685302734,68.38949706468225,2,2,1,2,1:5; 2:293,0,0,0.0,model_dynamic,True,mckenzie2003,3.319172501564026,3.3165154457092285,3.293213164806366,3.3273537158966064,4.066921710968018,5.413758389261745,5.43,5.43,0.6135765704102882,0.6107763251766535,0,0.0,0,0.0,0,0.0,0,0.0,294,973.6682424545288,0,0.0,0,0.0,4,15.445163011550903,0,0.0,0,0.0,0,0.0,0,0.0,0,0.0,0,0.0,8.0,9.0,9.0,0.0124999999999999,0.0124999999999999,0.025,0.0223847081887046
20,0.5,298,119200.0,1166.252818811547,13.666750208173102,1166 ± 13.67,1139.210385799408,1207.587183512163,2.472917340329735,2.264979740187582,2.473 ± 2.265,0.0522512276234331,11.907977905647176,0.2966419862413717,0.1501833723520354,0.2966 ± 0.1502,0.014617437534027,0.8846856084915038,551.771812080537,10.886307393357622,551.8 ± 10.89,435.0,553.0,89.81540019400168,0.4466175647929296,89.82 ± 0.4466,85.88309478759766,89.87159729003906,68.37679771275498,2,2,1,2,1:5; 2:293,0,0,0.0,model_dynamic,True,mckenzie2003,3.3330019704447498,3.321934580802917,3.3165154457092285,3.35986852645874,4.112617492675781,5.517718120805369,5.53,5.53,0.6045450382486861,0.6007114974327157,0,0.0,0,0.0,0,0.0,0,0.0,294,977.9493591785432,0,0.0,0,0.0,4,15.28522801399231,0,0.0,0,0.0,0,0.0,0,0.0,0,0.0,0,0.0,8.0,9.0,9.0,0.0124999999999999,0.0124999999999999,0.025,0.0225913383866951
20,0.4,298,119200.0,1166.270499519993,13.664686090193856,1166 ± 13.66,1139.210385799408,1207.5742835302833,2.477631708812845,2.268878310212451,2.478 ± 2.269,0.0456622518626183,11.92238580442535,0.296351922830477,0.1500553578673603,0.2964 ± 0.1501,0.0143905291004357,0.882750700193452,544.7248322147651,11.719517971397767,544.7 ± 11.72,412.0,547.0,83.52496552947383,0.3668233052375863,83.52 ± 0.3668,79.86553955078125,83.61614227294922,68.36389773087535,2,2,1,2,1:4; 2:294,0,0,0.0,model_dynamic,True,mckenzie2003,3.336150463795502,3.3490302562713623,3.2948389053344727,3.3490302562713623,4.101193428039551,5.447248322147651,5.46,5.46,0.612919431479403,0.6133755048116049,0,0.0,0,0.0,0,0.0,0,0.0,294,979.4016873836516,0,0.0,0,0.0,4,14.771150827407835,0,0.0,0,0.0,0,0.0,0,0.0,0,0.0,0,0.0,8.0,9.0,9.0,0.0125,0.0125,0.025,0.0242566796365701
20,0.3,298,119200.0,1166.2865232615802,13.663350428643817,1166 ± 13.66,1139.210385799408,1207.5609704774445,2.4795211085937963,2.273979886174901,2.48 ± 2.274,0.0233538184405582,11.935534584189613,0.2961174949557075,0.1499623276173874,0.2961 ± 0.15,0.0141427090356887,0.8810818787258669,532.5134228187919,25.90006907745996,532.5 ± 25.9,268.0,536.0,81.6057788413643,0.5451927719382671,81.61 ± 0.5452,77.7855453491211,85.21163177490234,68.35058467803651,2,3,1,3,1:4; 2:293; 3:1,0,0,0.0,model_dynamic,True,mckenzie2003,3.275436222653261,3.2840006351470947,3.262324094772339,3.359463727474208,3.827018976211548,5.325134228187919,5.36,5.36,0.614722289360808,0.6126866856617713,0,0.0,0,0.0,0,0.0,0,0.0,280,918.241261959076,0,0.0,14,49.60273432731629,3,8.042451620101929,1,0.1935464441776275,0,0.0,0,0.0,0,0.0,0,0.0,0,0.0,8.0,9.0,9.0,0.0124999999999999,0.0124999999999999,0.025,0.024803880187038
20,0.2,298,119200.0,1166.301905966397,13.66245521163989,1166 ± 13.66,1139.210385799408,1207.5480567771683,2.4805718513662014,2.2792801417608617,2.481 ± 2.279,0.0161424943103593,11.948135704385823,0.2958988406282171,0.1498863647761285,0.2959 ± 0.1499,0.013890803430175,0.8795108034182058,533.3422818791946,33.023943278965895,533.3 ± 33.02,217.0,539.0,83.59511486795925,0.7493526956036911,83.6 ± 0.7494,81.77947998046875,88.16947937011719,68.33767097776058,2,2,1,2,1:6; 2:292,0,0,0.0,model_dynamic,True,mckenzie2003,3.2960641428128183,3.2840006351470947,3.262324094772339,3.5642683506011963,3.5642683506011963,5.333422818791947,5.39,5.39,0.6187843516344136,0.6092765556859174,0,0.0,0,0.0,0,0.0,0,0.0,261,857.1350040435791,0,0.0,33,117.5980076789856,4,7.494102835655212,0,0.0,0,0.0,0,0.0,0,0.0,0,0.0,0,0.0,8.0,9.0,9.0,0.0125,0.0125,0.025,0.0241420129522603
20,0.1,298,119200.0,1166.3178291101906,13.661313323167787,1166 ± 13.66,1139.210385799408,1207.5357105214653,2.482585710136669,2.284012606723491,2.483 ± 2.284,0.00894167092653,11.960888012555811,0.2956693231225961,0.1498045929507787,0.2957 ± 0.1498,0.0136508797342033,0.8778599583052404,555.1812080536913,33.872154763747524,555.2 ± 33.87,145.0,559.0,84.28646446074416,0.3819234065772711,84.29 ± 0.3819,84.1855239868164,89.45841979980469,68.3253247220573,2,2,1,2,1:8; 2:290,0,0,0.0,model_dynamic,True,mckenzie2003,3.338941570096368,3.35986852645874,3.3273537158966064,3.381545305252075,3.381545305252075,5.551812080536913,5.59,5.59,0.6019328335047579,0.6010498258423507,0,0.0,0,0.0,0,0.0,0,0.0,294,987.0535275936128,0,0.0,0,0.0,4,7.95106029510498,0,0.0,0,0.0,0,0.0,0,0.0,0,0.0,0,0.0,8.0,9.0,9.0,0.0125,0.0125,0.025,0.0239383250785244
20,0.0,298,119200.0,1166.3340295325572,13.66013244338962,1166 ± 13.66,1139.210385799408,1207.523707119296,2.485042278040104,2.2885285663056925,2.485 ± 2.289,0.0083303256104041,11.973499520947255,0.2954311554210385,0.149724404194673,0.2954 ± 0.1497,0.0134160807782536,0.8762140200390826,610.7214765100671,36.25903648304762,610.7 ± 36.26,151.0,615.0,93.33262644518142,0.3999756308799403,93.33 ± 0.4,88.85210418701172,97.71603393554688,68.31332131988802,1,1,1,1,1:298,0,0,0.0,model_dynamic,True,mckenzie2003,3.465662500202256,3.479089736938477,3.4465749263763428,3.5007662773132324,4.2611284255981445,6.10721476510067,6.15,6.15,0.5680374668850423,0.5657056482826791,0,0.0,0,0.0,0,0.0,0,0.0,293,1019.698441028595,0,0.0,0,0.0,5,13.068984031677246,0,0.0,0,0.0,0,0.0,0,0.0,0,0.0,0,0.0,,,,,,,
