resolution_m,ka_bp,n_cells,area_m2,mean_elevation_m,sd_elevation_m,elevation_m_mean_sd,min_elevation_m,max_elevation_m,mean_soil_depth_m,sd_soil_depth_m,soil_depth_m_mean_sd,min_soil_depth_m,max_soil_depth_m,mean_slope,sd_slope,slope_mean_sd,min_slope,max_slope,mean_npp,sd_npp,npp_mean_sd,min_npp,max_npp,mean_eemt,sd_eemt,eemt_mean_sd,min_eemt,max_eemt,relief_m,dominant_vegetation_code,vegetation_class_richness,vegetation_min_code,vegetation_max_code,vegetation_class_counts,vegetation_nonvegetated_cell_count,vegetation_unclassified_cell_count,vegetation_unclassified_fraction,case,geomorph_dynamic,biome4_variant,reich_lai_sapwood_agb_mean_kg_m2,reich_lai_sapwood_agb_median_kg_m2,reich_lai_sapwood_agb_p05_kg_m2,reich_lai_sapwood_agb_p95_kg_m2,reich_lai_sapwood_agb_max_kg_m2,legacy_0010_agb_mean_kg_m2,legacy_0010_agb_median_kg_m2,legacy_0010_agb_p95_kg_m2,reich_lai_sapwood_to_legacy_ratio_mean,reich_lai_sapwood_to_legacy_ratio_median,reich_lai_sapwood_pft00_count,reich_lai_sapwood_pft00_agb_sum_kg_m2_cells,reich_lai_sapwood_pft01_count,reich_lai_sapwood_pft01_agb_sum_kg_m2_cells,reich_lai_sapwood_pft02_count,reich_lai_sapwood_pft02_agb_sum_kg_m2_cells,reich_lai_sapwood_pft03_count,reich_lai_sapwood_pft03_agb_sum_kg_m2_cells,reich_lai_sapwood_pft04_count,reich_lai_sapwood_pft04_agb_sum_kg_m2_cells,reich_lai_sapwood_pft05_count,reich_lai_sapwood_pft05_agb_sum_kg_m2_cells,reich_lai_sapwood_pft06_count,reich_lai_sapwood_pft06_agb_sum_kg_m2_cells,reich_lai_sapwood_pft07_count,reich_lai_sapwood_pft07_agb_sum_kg_m2_cells,reich_lai_sapwood_pft08_count,reich_lai_sapwood_pft08_agb_sum_kg_m2_cells,reich_lai_sapwood_pft09_count,reich_lai_sapwood_pft09_agb_sum_kg_m2_cells,reich_lai_sapwood_pft10_count,reich_lai_sapwood_pft10_agb_sum_kg_m2_cells,reich_lai_sapwood_pft11_count,reich_lai_sapwood_pft11_agb_sum_kg_m2_cells,reich_lai_sapwood_pft12_count,reich_lai_sapwood_pft12_agb_sum_kg_m2_cells,reich_lai_sapwood_pft13_count,reich_lai_sapwood_pft13_agb_sum_kg_m2_cells
20,21.0,298,119200.0,1163.0774822875155,14.20121742195375,1163 ± 14.2,1136.41357421875,1211.7552490234375,1.940387676626244,0.0022496970965876,1.94 ± 0.00225,1.940000057220459,1.9574874639511108,0.3721090606572333,0.227557946985991,0.3721 ± 0.2276,0.0274833136904463,1.5032500055566438,270.0,0.0,270 ± 0,270.0,270.0,54.4341240953279,0.0033940222320541,54.43 ± 0.003394,54.42782974243164,54.43901824951172,75.3416748046875,0,1,0,0,0:298,0,0,0.0,model_static,False,mckenzie2003,2.7843738290287505,2.7760167121887207,2.7760167121887207,2.7988646030426025,2.7988646030426025,2.7,2.7,2.7,1.0312495663069443,1.0281543378476743,0,0.0,0,0.0,0,0.0,0,0.0,0,0.0,0,0.0,298,829.7434010505676,0,0.0,0,0.0,0,0.0,0,0.0,0,0.0,0,0.0,0,0.0
20,20.9,298,119200.0,1163.0774822875155,14.20121742195375,1163 ± 14.2,1136.41357421875,1211.7552490234375,1.940387676626244,0.0022496970965876,1.94 ± 0.00225,1.940000057220459,1.9574874639511108,0.3721090606572333,0.227557946985991,0.3721 ± 0.2276,0.0274833136904463,1.5032500055566438,284.0,0.0,284 ± 0,284.0,284.0,54.69596354593367,0.0016147713757334,54.7 ± 0.001615,54.69206619262695,54.69884490966797,75.3416748046875,0,1,0,0,0:298,0,0,0.0,model_static,False,mckenzie2003,2.867254934054893,2.867408275604248,2.867408275604248,2.867408275604248,2.867408275604248,2.84,2.84,2.84,1.0095968077658075,1.0096508012691014,0,0.0,0,0.0,0,0.0,0,0.0,0,0.0,0,0.0,298,854.4419703483582,0,0.0,0,0.0,0,0.0,0,0.0,0,0.0,0,0.0,0,0.0
20,20.8,298,119200.0,1163.0774822875155,14.20121742195375,1163 ± 14.2,1136.41357421875,1211.7552490234375,1.940387676626244,0.0022496970965876,1.94 ± 0.00225,1.940000057220459,1.9574874639511108,0.3721090606572333,0.227557946985991,0.3721 ± 0.2276,0.0274833136904463,1.5032500055566438,285.8489932885906,0.3580554210156793,285.8 ± 0.3581,285.0,286.0,54.80182807717547,0.0186462158953981,54.8 ± 0.01865,54.7552375793457,54.8132438659668,75.3416748046875,0,1,0,0,0:298,0,0,0.0,model_static,False,mckenzie2003,2.8436019172604454,2.833136320114136,2.833136320114136,2.867408275604248,2.867408275604248,2.858489932885906,2.86,2.86,0.994797625215549,0.9906071049350126,0,0.0,0,0.0,0,0.0,0,0.0,0,0.0,0,0.0,298,847.3933713436127,0,0.0,0,0.0,0,0.0,0,0.0,0,0.0,0,0.0,0,0.0
20,20.7,298,119200.0,1163.0774822875155,14.20121742195375,1163 ± 14.2,1136.41357421875,1211.7552490234375,1.940387676626244,0.0022496970965876,1.94 ± 0.00225,1.940000057220459,1.9574874639511108,0.3721090606572333,0.227557946985991,0.3721 ± 0.2276,0.0274833136904463,1.5032500055566438,282.3288590604027,0.4697986577181208,282.3 ± 0.4698,282.0,283.0,55.82393170043126,0.0204174134320504,55.82 ± 0.02042,55.8046760559082,55.85511016845703,75.3416748046875,0,1,0,0,0:298,0,0,0.0,model_static,False,mckenzie2003,2.8500423335389,2.844560384750366,2.833136320114136,2.867408275604248,2.867408275604248,2.823288590604027,2.82,2.83,1.0094728807978084,1.0087093562944562,0,0.0,0,0.0,0,0.0,0,0.0,0,0.0,0,0.0,298,849.3126153945923,0,0.0,0,0.0,0,0.0,0,0.0,0,0.0,0,0.0,0,0.0
20,20.6,298,119200.0,1163.0774822875155,14.20121742195375,1163 ± 14.2,1136.41357421875,1211.7552490234375,1.940387676626244,0.0022496970965876,1.94 ± 0.00225,1.940000057220459,1.9574874639511108,0.3721090606572333,0.227557946985991,0.3721 ± 0.2276,0.0274833136904463,1.5032500055566438,285.0,0.0,285 ± 0,285.0,285.0,55.60274312320172,0.0013309327213762,55.6 ± 0.001331,55.59366226196289,55.604713439941406,75.3416748046875,0,1,0,0,0:298,0,0,0.0,model_static,False,mckenzie2003,2.842298554894108,2.844560384750366,2.833136320114136,2.867408275604248,2.867408275604248,2.8500000000000005,2.85,2.85,0.9972977385593362,0.998091363070304,0,0.0,0,0.0,0,0.0,0,0.0,0,0.0,0,0.0,298,847.0049693584442,0,0.0,0,0.0,0,0.0,0,0.0,0,0.0,0,0.0,0,0.0
20,20.5,298,119200.0,1163.0774822875155,14.20121742195375,1163 ± 14.2,1136.41357421875,1211.7552490234375,1.940387676626244,0.0022496970965876,1.94 ± 0.00225,1.940000057220459,1.9574874639511108,0.3721090606572333,0.227557946985991,0.3721 ± 0.2276,0.0274833136904463,1.5032500055566438,287.98993288590606,0.0998286898029766,288 ± 0.09983,287.0,288.0,53.000161715001866,0.0051318571289294,53 ± 0.005132,52.950984954833984,53.0036506652832,75.3416748046875,0,1,0,0,0:298,0,0,0.0,model_static,False,mckenzie2003,2.89025616645813,2.89025616645813,2.89025616645813,2.89025616645813,2.89025616645813,2.87989932885906,2.88,2.88,1.0035963708769742,1.0035611689090729,0,0.0,0,0.0,0,0.0,0,0.0,0,0.0,0,0.0,298,861.2963376045227,0,0.0,0,0.0,0,0.0,0,0.0,0,0.0,0,0.0,0,0.0
20,20.4,298,119200.0,1163.0774822875155,14.20121742195375,1163 ± 14.2,1136.41357421875,1211.7552490234375,1.940387676626244,0.0022496970965876,1.94 ± 0.00225,1.940000057220459,1.9574874639511108,0.3721090606572333,0.227557946985991,0.3721 ± 0.2276,0.0274833136904463,1.5032500055566438,281.0,0.0,281 ± 0,281.0,281.0,52.76498423326736,0.0029857690889273,52.76 ± 0.002986,52.76165390014648,52.771034240722656,75.3416748046875,0,1,0,0,0:298,0,0,0.0,model_static,False,mckenzie2003,2.834094825206987,2.844560384750366,2.810288667678833,2.844560384750366,2.844560384750366,2.81,2.81,2.81,1.008574670892166,1.0122990693061802,0,0.0,0,0.0,0,0.0,0,0.0,0,0.0,0,0.0,298,844.5602579116821,0,0.0,0,0.0,0,0.0,0,0.0,0,0.0,0,0.0,0,0.0
20,20.3,298,119200.0,1163.0774822875155,14.20121742195375,1163 ± 14.2,1136.41357421875,1211.7552490234375,1.940387676626244,0.0022496970965876,1.94 ± 0.00225,1.940000057220459,1.9574874639511108,0.3721090606572333,0.227557946985991,0.3721 ± 0.2276,0.0274833136904463,1.5032500055566438,284.0,0.0,284 ± 0,284.0,284.0,54.54056342976205,0.0058339007013942,54.54 ± 0.005834,54.52579498291016,54.5452995300293,75.3416748046875,0,1,0,0,0:298,0,0,0.0,model_static,False,mckenzie2003,2.81442878870356,2.7988646030426025,2.7988646030426025,2.867408275604248,2.867408275604248,2.84,2.84,2.84,0.9909960523604084,0.9855157052966912,0,0.0,0,0.0,0,0.0,0,0.0,0,0.0,0,0.0,298,838.6997790336609,0,0.0,0,0.0,0,0.0,0,0.0,0,0.0,0,0.0,0,0.0
20,20.2,298,119200.0,1163.0774822875155,14.20121742195375,1163 ± 14.2,1136.41357421875,1211.7552490234375,1.940387676626244,0.0022496970965876,1.94 ± 0.00225,1.940000057220459,1.9574874639511108,0.3721090606572333,0.227557946985991,0.3721 ± 0.2276,0.0274833136904463,1.5032500055566438,284.0,0.0,284 ± 0,284.0,284.0,53.613964349631495,0.0015885004012996,53.61 ± 0.001589,53.6090087890625,53.616798400878906,75.3416748046875,0,1,0,0,0:298,0,0,0.0,model_static,False,mckenzie2003,2.8673316048295705,2.867408275604248,2.867408275604248,2.867408275604248,2.867408275604248,2.84,2.84,2.84,1.0096238045174546,1.0096508012691014,0,0.0,0,0.0,0,0.0,0,0.0,0,0.0,0,0.0,298,854.464818239212,0,0.0,0,0.0,0,0.0,0,0.0,0,0.0,0,0.0,0,0.0
20,20.1,298,119200.0,1163.0774822875155,14.20121742195375,1163 ± 14.2,1136.41357421875,1211.7552490234375,1.940387676626244,0.0022496970965876,1.94 ± 0.00225,1.940000057220459,1.9574874639511108,0.3721090606572333,0.227557946985991,0.3721 ± 0.2276,0.0274833136904463,1.5032500055566438,291.0,0.0,291 ± 0,291.0,291.0,57.57706256840853,0.0015332029326696,57.58 ± 0.001533,57.57209777832031,57.57999801635742,75.3416748046875,0,1,0,0,0:298,0,0,0.0,model_static,False,mckenzie2003,2.8901794956834523,2.89025616645813,2.89025616645813,2.89025616645813,2.89025616645813,2.91,2.91,2.91,0.9931888301317704,0.9932151774770204,0,0.0,0,0.0,0,0.0,0,0.0,0,0.0,0,0.0,298,861.2734897136688,0,0.0,0,0.0,0,0.0,0,0.0,0,0.0,0,0.0,0,0.0
20,20.0,298,119200.0,1163.0774822875155,14.20121742195375,1163 ± 14.2,1136.41357421875,1211.7552490234375,1.940387676626244,0.0022496970965876,1.94 ± 0.00225,1.940000057220459,1.9574874639511108,0.3721090606572333,0.227557946985991,0.3721 ± 0.2276,0.0274833136904463,1.5032500055566438,293.0,0.0,293 ± 0,293.0,293.0,56.32850776262731,0.0009296688576866,56.33 ± 0.0009297,56.32661819458008,56.33053588867188,75.3416748046875,0,1,0,0,0:298,0,0,0.0,model_static,False,mckenzie2003,2.891061174789531,2.89025616645813,2.867408275604248,2.901679992675781,2.901679992675781,2.93,2.93,2.93,0.98671029856298,0.9864355516921944,0,0.0,0,0.0,0,0.0,0,0.0,0,0.0,0,0.0,298,861.5362300872803,0,0.0,0,0.0,0,0.0,0,0.0,0,0.0,0,0.0,0,0.0
20,19.9,298,119200.0,1163.0774822875155,14.20121742195375,1163 ± 14.2,1136.41357421875,1211.7552490234375,1.940387676626244,0.0022496970965876,1.94 ± 0.00225,1.940000057220459,1.9574874639511108,0.3721090606572333,0.227557946985991,0.3721 ± 0.2276,0.0274833136904463,1.5032500055566438,294.4127516778523,0.4923288842658124,294.4 ± 0.4923,294.0,295.0,55.160477042998245,0.0238722506929254,55.16 ± 0.02387,55.13188171386719,55.19028854370117,75.3416748046875,0,1,0,0,0:298,0,0,0.0,model_static,False,mckenzie2003,2.868443299459931,2.867408275604248,2.844560384750366,2.901679992675781,2.901679992675781,2.944127516778524,2.94,2.95,0.9742969050945282,0.9720028052895756,0,0.0,0,0.0,0,0.0,0,0.0,0,0.0,0,0.0,298,854.7961032390594,0,0.0,0,0.0,0,0.0,0,0.0,0,0.0,0,0.0,0,0.0
20,19.8,298,119200.0,1163.0774822875155,14.20121742195375,1163 ± 14.2,1136.41357421875,1211.7552490234375,1.940387676626244,0.0022496970965876,1.94 ± 0.00225,1.940000057220459,1.9574874639511108,0.3721090606572333,0.227557946985991,0.3721 ± 0.2276,0.0274833136904463,1.5032500055566438,291.0,0.0,291 ± 0,291.0,291.0,57.560314101660815,0.0012894305028946,57.56 ± 0.001289,57.5544548034668,57.56306076049805,75.3416748046875,0,1,0,0,0:298,0,0,0.0,model_static,False,mckenzie2003,2.887189335471032,2.89025616645813,2.867408275604248,2.89025616645813,2.89025616645813,2.91,2.91,2.91,0.992161283667021,0.9932151774770204,0,0.0,0,0.0,0,0.0,0,0.0,0,0.0,0,0.0,298,860.3824219703674,0,0.0,0,0.0,0,0.0,0,0.0,0,0.0,0,0.0,0,0.0
20,19.7,298,119200.0,1163.0774822875155,14.20121742195375,1163 ± 14.2,1136.41357421875,1211.7552490234375,1.940387676626244,0.0022496970965876,1.94 ± 0.00225,1.940000057220459,1.9574874639511108,0.3721090606572333,0.227557946985991,0.3721 ± 0.2276,0.0274833136904463,1.5032500055566438,286.0,0.0,286 ± 0,286.0,286.0,56.821148776368005,0.0028349193426814,56.82 ± 0.002835,56.814937591552734,56.82730865478516,75.3416748046875,0,1,0,0,0:298,0,0,0.0,model_static,False,mckenzie2003,2.845058714783432,2.844560384750366,2.833136320114136,2.867408275604248,2.867408275604248,2.86,2.86,2.86,0.9947757743998016,0.9946015331294988,0,0.0,0,0.0,0,0.0,0,0.0,0,0.0,0,0.0,298,847.8274970054626,0,0.0,0,0.0,0,0.0,0,0.0,0,0.0,0,0.0,0,0.0
20,19.6,298,119200.0,1163.0774822875155,14.20121742195375,1163 ± 14.2,1136.41357421875,1211.7552490234375,1.940387676626244,0.0022496970965876,1.94 ± 0.00225,1.940000057220459,1.9574874639511108,0.3721090606572333,0.227557946985991,0.3721 ± 0.2276,0.0274833136904463,1.5032500055566438,241.0,0.0,241 ± 0,241.0,241.0,51.529473477562,0.0022374719544815,51.53 ± 0.002237,51.50986862182617,51.53253555297852,75.3416748046875,0,1,0,0,0:298,0,0,0.0,model_static,False,mckenzie2003,2.631262527216201,2.638929605484009,2.616081714630127,2.638929605484009,2.673201322555542,2.41,2.41,2.41,1.091810177268133,1.0949915375452317,0,0.0,0,0.0,0,0.0,0,0.0,0,0.0,0,0.0,298,784.1162331104279,0,0.0,0,0.0,0,0.0,0,0.0,0,0.0,0,0.0,0,0.0
20,19.5,298,119200.0,1163.0774822875155,14.20121742195375,1163 ± 14.2,1136.41357421875,1211.7552490234375,1.940387676626244,0.0022496970965876,1.94 ± 0.00225,1.940000057220459,1.9574874639511108,0.3721090606572333,0.227557946985991,0.3721 ± 0.2276,0.0274833136904463,1.5032500055566438,287.0,0.0,287 ± 0,287.0,287.0,57.01937222320761,0.0031676553954912,57.02 ± 0.003168,57.00796508789063,57.02390670776367,75.3416748046875,0,1,0,0,0:298,0,0,0.0,model_static,False,mckenzie2003,2.8293029093902384,2.833136320114136,2.810288667678833,2.867408275604248,2.867408275604248,2.870000000000001,2.87,2.87,0.9858198290558322,0.9871555122348904,0,0.0,0,0.0,0,0.0,0,0.0,0,0.0,0,0.0,298,843.132266998291,0,0.0,0,0.0,0,0.0,0,0.0,0,0.0,0,0.0,0,0.0
20,19.4,298,119200.0,1163.0774822875155,14.20121742195375,1163 ± 14.2,1136.41357421875,1211.7552490234375,1.940387676626244,0.0022496970965876,1.94 ± 0.00225,1.940000057220459,1.9574874639511108,0.3721090606572333,0.227557946985991,0.3721 ± 0.2276,0.0274833136904463,1.5032500055566438,286.0,0.0,286 ± 0,286.0,286.0,54.69555003531027,0.0009170485059634,54.7 ± 0.000917,54.69089126586914,54.69725799560547,75.3416748046875,0,1,0,0,0:298,0,0,0.0,model_static,False,mckenzie2003,2.851959106106086,2.844560384750366,2.833136320114136,2.867408275604248,2.867408275604248,2.86,2.86,2.86,0.9971884986384918,0.9946015331294988,0,0.0,0,0.0,0,0.0,0,0.0,0,0.0,0,0.0,298,849.8838136196136,0,0.0,0,0.0,0,0.0,0,0.0,0,0.0,0,0.0,0,0.0
20,19.3,298,119200.0,1163.0774822875155,14.20121742195375,1163 ± 14.2,1136.41357421875,1211.7552490234375,1.940387676626244,0.0022496970965876,1.94 ± 0.00225,1.940000057220459,1.9574874639511108,0.3721090606572333,0.227557946985991,0.3721 ± 0.2276,0.0274833136904463,1.5032500055566438,288.0,0.0,288 ± 0,288.0,288.0,57.69513578222902,0.0018022524318158,57.7 ± 0.001802,57.680755615234375,57.70053482055664,75.3416748046875,0,1,0,0,0:298,0,0,0.0,model_static,False,mckenzie2003,2.8278461062668154,2.833136320114136,2.810288667678833,2.833136320114136,2.89025616645813,2.8799999999999994,2.88,2.88,0.981891009120422,0.9837278889285194,0,0.0,0,0.0,0,0.0,0,0.0,0,0.0,0,0.0,298,842.698139667511,0,0.0,0,0.0,0,0.0,0,0.0,0,0.0,0,0.0,0,0.0
20,19.2,298,119200.0,1163.0774822875155,14.20121742195375,1163 ± 14.2,1136.41357421875,1211.7552490234375,1.940387676626244,0.0022496970965876,1.94 ± 0.00225,1.940000057220459,1.9574874639511108,0.3721090606572333,0.227557946985991,0.3721 ± 0.2276,0.0274833136904463,1.5032500055566438,284.0,0.0,284 ± 0,284.0,284.0,56.75148732230167,0.0016461653967957,56.75 ± 0.001646,56.73729705810547,56.75465774536133,75.3416748046875,0,1,0,0,0:298,0,0,0.0,model_static,False,mckenzie2003,2.8108253455002035,2.810288667678833,2.7988646030426025,2.810288667678833,2.867408275604248,2.84,2.84,2.84,0.9897272343310576,0.9895382632671949,0,0.0,0,0.0,0,0.0,0,0.0,0,0.0,0,0.0,298,837.6259529590607,0,0.0,0,0.0,0,0.0,0,0.0,0,0.0,0,0.0,0,0.0
20,19.1,298,119200.0,1163.0774822875155,14.20121742195375,1163 ± 14.2,1136.41357421875,1211.7552490234375,1.940387676626244,0.0022496970965876,1.94 ± 0.00225,1.940000057220459,1.9574874639511108,0.3721090606572333,0.227557946985991,0.3721 ± 0.2276,0.0274833136904463,1.5032500055566438,284.0,0.0,284 ± 0,284.0,284.0,55.58279810655837,0.0073239715591837,55.58 ± 0.007324,55.56858444213867,55.5899658203125,75.3416748046875,0,1,0,0,0:298,0,0,0.0,model_static,False,mckenzie2003,2.82002573685358,2.7988646030426025,2.7988646030426025,2.867408275604248,2.867408275604248,2.84,2.84,2.84,0.9929668087512608,0.9855157052966912,0,0.0,0,0.0,0,0.0,0,0.0,0,0.0,0,0.0,298,840.367669582367,0,0.0,0,0.0,0,0.0,0,0.0,0,0.0,0,0.0,0,0.0
20,19.0,298,119200.0,1163.0774822875155,14.20121742195375,1163 ± 14.2,1136.41357421875,1211.7552490234375,1.940387676626244,0.0022496970965876,1.94 ± 0.00225,1.940000057220459,1.9574874639511108,0.3721090606572333,0.227557946985991,0.3721 ± 0.2276,0.0274833136904463,1.5032500055566438,285.0,0.0,285 ± 0,285.0,285.0,56.96817111328944,0.001144296730716,56.97 ± 0.001144,56.95905303955078,56.97016143798828,75.3416748046875,0,1,0,0,0:298,0,0,0.0,model_static,False,mckenzie2003,2.8096752454770493,2.810288667678833,2.7988646030426025,2.833136320114136,2.833136320114136,2.8500000000000005,2.85,2.85,0.9858509633252804,0.9860661991855554,0,0.0,0,0.0,0,0.0,0,0.0,0,0.0,0,0.0,298,837.2832231521606,0,0.0,0,0.0,0,0.0,0,0.0,0,0.0,0,0.0,0,0.0
20,18.9,298,119200.0,1163.0774822875155,14.20121742195375,1163 ± 14.2,1136.41357421875,1211.7552490234375,1.940387676626244,0.0022496970965876,1.94 ± 0.00225,1.940000057220459,1.9574874639511108,0.3721090606572333,0.227557946985991,0.3721 ± 0.2276,0.0274833136904463,1.5032500055566438,279.99328859060404,0.0816478191986338,280 ± 0.08165,279.0,280.0,55.13119012717433,0.0041141589267473,55.13 ± 0.004114,55.08603286743164,55.136417388916016,75.3416748046875,0,1,0,0,0:298,0,0,0.0,model_static,False,mckenzie2003,2.8173422653403057,2.810288667678833,2.7988646030426025,2.833136320114136,2.833136320114136,2.7999328859060406,2.8000000000000003,2.8000000000000003,1.0062177116694062,1.0036745241710117,0,0.0,0,0.0,0,0.0,0,0.0,0,0.0,0,0.0,298,839.5679950714111,0,0.0,0,0.0,0,0.0,0,0.0,0,0.0,0,0.0,0,0.0
20,18.8,298,119200.0,1163.0774822875155,14.20121742195375,1163 ± 14.2,1136.41357421875,1211.7552490234375,1.940387676626244,0.0022496970965876,1.94 ± 0.00225,1.940000057220459,1.9574874639511108,0.3721090606572333,0.227557946985991,0.3721 ± 0.2276,0.0274833136904463,1.5032500055566438,282.0,0.0,282 ± 0,282.0,282.0,56.31886758740316,0.0019980284849167,56.32 ± 0.001998,56.31134414672852,56.32077407836914,75.3416748046875,0,1,0,0,0:298,0,0,0.0,model_static,False,mckenzie2003,2.8213291568244063,2.810288667678833,2.810288667678833,2.844560384750366,2.844560384750366,2.82,2.82,2.82,1.0004713322072365,0.996556265134338,0,0.0,0,0.0,0,0.0,0,0.0,0,0.0,0,0.0,298,840.7560887336731,0,0.0,0,0.0,0,0.0,0,0.0,0,0.0,0,0.0,0,0.0
20,18.7,298,119200.0,1163.0774822875155,14.20121742195375,1163 ± 14.2,1136.41357421875,1211.7552490234375,1.940387676626244,0.0022496970965876,1.94 ± 0.00225,1.940000057220459,1.9574874639511108,0.3721090606572333,0.227557946985991,0.3721 ± 0.2276,0.0274833136904463,1.5032500055566438,281.996644295302,0.0578311675825976,282 ± 0.05783,281.0,282.0,57.41669621563598,0.0031983782055243,57.42 ± 0.003198,57.36689758300781,57.419315338134766,75.3416748046875,0,1,0,0,0:298,0,0,0.0,model_static,False,mckenzie2003,2.8429119458934604,2.844560384750366,2.833136320114136,2.844560384750366,2.844560384750366,2.81996644295302,2.82,2.82,1.0081368495251375,1.0087093562944562,0,0.0,0,0.0,0,0.0,0,0.0,0,0.0,0,0.0,298,847.1877598762512,0,0.0,0,0.0,0,0.0,0,0.0,0,0.0,0,0.0,0,0.0
20,18.6,298,119200.0,1163.0774822875155,14.20121742195375,1163 ± 14.2,1136.41357421875,1211.7552490234375,1.940387676626244,0.0022496970965876,1.94 ± 0.00225,1.940000057220459,1.9574874639511108,0.3721090606572333,0.227557946985991,0.3721 ± 0.2276,0.0274833136904463,1.5032500055566438,280.0,0.0,280 ± 0,280.0,280.0,59.29340018201994,0.0057665690378697,59.29 ± 0.005767,59.28556060791016,59.30112075805664,75.3416748046875,0,1,0,0,0:298,0,0,0.0,model_static,False,mckenzie2003,2.82232585849378,2.844560384750366,2.7988646030426025,2.844560384750366,2.844560384750366,2.8000000000000003,2.8000000000000003,2.8000000000000003,1.0079735208906353,1.0159144231251307,0,0.0,0,0.0,0,0.0,0,0.0,0,0.0,0,0.0,298,841.0531058311462,0,0.0,0,0.0,0,0.0,0,0.0,0,0.0,0,0.0,0,0.0
20,18.5,298,119200.0,1163.0774822875155,14.20121742195375,1163 ± 14.2,1136.41357421875,1211.7552490234375,1.940387676626244,0.0022496970965876,1.94 ± 0.00225,1.940000057220459,1.9574874639511108,0.3721090606572333,0.227557946985991,0.3721 ± 0.2276,0.0274833136904463,1.5032500055566438,276.39261744966444,0.4883328658644927,276.4 ± 0.4883,276.0,277.0,58.494966481356016,0.0212503682720993,58.49 ± 0.02125,58.47604370117188,58.523399353027344,75.3416748046875,0,1,0,0,0:298,0,0,0.0,model_static,False,mckenzie2003,2.783338777970948,2.7760167121887207,2.7645928859710693,2.7988646030426025,2.7988646030426025,2.763926174496645,2.76,2.77,1.0070200323544456,1.0058031565901162,0,0.0,0,0.0,0,0.0,0,0.0,0,0.0,0,0.0,298,829.4349558353424,0,0.0,0,0.0,0,0.0,0,0.0,0,0.0,0,0.0,0,0.0
20,18.4,298,119200.0,1163.0774822875155,14.20121742195375,1163 ± 14.2,1136.41357421875,1211.7552490234375,1.940387676626244,0.0022496970965876,1.94 ± 0.00225,1.940000057220459,1.9574874639511108,0.3721090606572333,0.227557946985991,0.3721 ± 0.2276,0.0274833136904463,1.5032500055566438,278.0,0.0,278 ± 0,278.0,278.0,58.78113440699225,0.0010883710879877,58.78 ± 0.001088,58.77857208251953,58.78372573852539,75.3416748046875,0,1,0,0,0:298,0,0,0.0,model_static,False,mckenzie2003,2.829034475672165,2.833136320114136,2.810288667678833,2.833136320114136,2.833136320114136,2.780000000000001,2.78,2.78,1.0176383006014984,1.019113784213718,0,0.0,0,0.0,0,0.0,0,0.0,0,0.0,0,0.0,298,843.0522737503052,0,0.0,0,0.0,0,0.0,0,0.0,0,0.0,0,0.0,0,0.0
20,18.3,298,119200.0,1163.0774822875155,14.20121742195375,1163 ± 14.2,1136.41357421875,1211.7552490234375,1.940387676626244,0.0022496970965876,1.94 ± 0.00225,1.940000057220459,1.9574874639511108,0.3721090606572333,0.227557946985991,0.3721 ± 0.2276,0.0274833136904463,1.5032500055566438,273.0,0.0,273 ± 0,273.0,273.0,57.180363520679855,0.0009517419748452,57.18 ± 0.0009517,57.17869567871094,57.18233871459961,75.3416748046875,0,1,0,0,0:298,0,0,0.0,model_static,False,mckenzie2003,2.800781411612594,2.7988646030426025,2.7760167121887207,2.810288667678833,2.810288667678833,2.73,2.73,2.73,1.0259272570009503,1.0252251293196346,0,0.0,0,0.0,0,0.0,0,0.0,0,0.0,0,0.0,298,834.632860660553,0,0.0,0,0.0,0,0.0,0,0.0,0,0.0,0,0.0,0,0.0
20,18.2,298,119200.0,1163.0774822875155,14.20121742195375,1163 ± 14.2,1136.41357421875,1211.7552490234375,1.940387676626244,0.0022496970965876,1.94 ± 0.00225,1.940000057220459,1.9574874639511108,0.3721090606572333,0.227557946985991,0.3721 ± 0.2276,0.0274833136904463,1.5032500055566438,302.0,0.0,302 ± 0,302.0,302.0,63.71099195544352,0.0013758266757773,63.71 ± 0.001376,63.706241607666016,63.71355438232422,75.3416748046875,2,1,2,2,2:298,0,0,0.0,model_static,False,mckenzie2003,2.924527883529663,2.924527883529663,2.924527883529663,2.924527883529663,2.924527883529663,3.02,3.02,3.02,0.9683867164005509,0.9683867164005509,0,0.0,0,0.0,0,0.0,0,0.0,0,0.0,0,0.0,298,871.5093092918396,0,0.0,0,0.0,0,0.0,0,0.0,0,0.0,0,0.0,0,0.0
20,18.1,298,119200.0,1163.0774822875155,14.20121742195375,1163 ± 14.2,1136.41357421875,1211.7552490234375,1.940387676626244,0.0022496970965876,1.94 ± 0.00225,1.940000057220459,1.9574874639511108,0.3721090606572333,0.227557946985991,0.3721 ± 0.2276,0.0274833136904463,1.5032500055566438,336.0,0.0,336 ± 0,336.0,336.0,68.78065168137519,0.0007729778451279,68.78 ± 0.000773,68.77574920654297,68.78216552734375,75.3416748046875,1,1,1,1,1:298,0,0,0.0,model_static,False,mckenzie2003,2.9888546634840485,2.9930715560913086,2.9702236652374268,3.0159194469451904,3.0159194469451904,3.36,3.36,3.36,0.8895400784178717,0.8907951059795561,0,0.0,0,0.0,0,0.0,0,0.0,0,0.0,0,0.0,298,890.6786897182465,0,0.0,0,0.0,0,0.0,0,0.0,0,0.0,0,0.0,0,0.0
20,18.0,298,119200.0,1163.0774822875155,14.20121742195375,1163 ± 14.2,1136.41357421875,1211.7552490234375,1.940387676626244,0.0022496970965876,1.94 ± 0.00225,1.940000057220459,1.9574874639511108,0.3721090606572333,0.227557946985991,0.3721 ± 0.2276,0.0274833136904463,1.5032500055566438,299.0503355704698,0.2186364581108983,299.1 ± 0.2186,299.0,300.0,63.25986566479574,0.0104190525953637,63.26 ± 0.01042,63.25428771972656,63.304725646972656,75.3416748046875,2,1,2,2,2:298,0,0,0.0,model_static,False,mckenzie2003,2.901603322701166,2.901679992675781,2.901679992675781,2.901679992675781,2.901679992675781,2.9905033557046985,2.99,2.9915,0.970273064763208,0.9704615360119668,0,0.0,0,0.0,0,0.0,0,0.0,0,0.0,0,0.0,298,864.6777901649475,0,0.0,0,0.0,0,0.0,0,0.0,0,0.0,0,0.0,0,0.0
20,17.9,298,119200.0,1163.0774822875155,14.20121742195375,1163 ± 14.2,1136.41357421875,1211.7552490234375,1.940387676626244,0.0022496970965876,1.94 ± 0.00225,1.940000057220459,1.9574874639511108,0.3721090606572333,0.227557946985991,0.3721 ± 0.2276,0.0274833136904463,1.5032500055566438,271.0,0.0,271 ± 0,271.0,271.0,55.254335633860336,0.0014217814449091,55.25 ± 0.001422,55.24360656738281,55.25682067871094,75.3416748046875,0,1,0,0,0:298,0,0,0.0,model_static,False,mckenzie2003,2.772068216496666,2.7760167121887207,2.7645928859710693,2.7760167121887207,2.7988646030426025,2.7100000000000004,2.71,2.71,1.022903400921279,1.024360410401742,0,0.0,0,0.0,0,0.0,0,0.0,0,0.0,0,0.0,298,826.0763285160065,0,0.0,0,0.0,0,0.0,0,0.0,0,0.0,0,0.0,0,0.0
20,17.8,298,119200.0,1163.0774822875155,14.20121742195375,1163 ± 14.2,1136.41357421875,1211.7552490234375,1.940387676626244,0.0022496970965876,1.94 ± 0.00225,1.940000057220459,1.9574874639511108,0.3721090606572333,0.227557946985991,0.3721 ± 0.2276,0.0274833136904463,1.5032500055566438,265.51006711409394,0.4998986429405658,265.5 ± 0.4999,265.0,266.0,57.31804799073495,0.0231078387667143,57.32 ± 0.02311,57.29275131225586,57.342716217041016,75.3416748046875,0,1,0,0,0:298,0,0,0.0,model_static,False,mckenzie2003,2.7750966724933392,2.7760167121887207,2.7645928859710693,2.7760167121887207,2.7760167121887207,2.65510067114094,2.66,2.66,1.0451975600087469,1.0436153053341055,0,0.0,0,0.0,0,0.0,0,0.0,0,0.0,0,0.0,298,826.9788084030151,0,0.0,0,0.0,0,0.0,0,0.0,0,0.0,0,0.0,0,0.0
20,17.7,298,119200.0,1163.0774822875155,14.20121742195375,1163 ± 14.2,1136.41357421875,1211.7552490234375,1.940387676626244,0.0022496970965876,1.94 ± 0.00225,1.940000057220459,1.9574874639511108,0.3721090606572333,0.227557946985991,0.3721 ± 0.2276,0.0274833136904463,1.5032500055566438,272.0,0.0,272 ± 0,272.0,272.0,53.983259930706666,0.0009784776114791,53.98 ± 0.0009785,53.98141479492188,53.98525238037109,75.3416748046875,0,1,0,0,0:298,0,0,0.0,model_static,False,mckenzie2003,2.784258827267077,2.7760167121887207,2.7645928859710693,2.7988646030426025,2.7988646030426025,2.72,2.72,2.72,1.0236245688481898,1.0205943794811472,0,0.0,0,0.0,0,0.0,0,0.0,0,0.0,0,0.0,298,829.709130525589,0,0.0,0,0.0,0,0.0,0,0.0,0,0.0,0,0.0,0,0.0
20,17.6,298,119200.0,1163.0774822875155,14.20121742195375,1163 ± 14.2,1136.41357421875,1211.7552490234375,1.940387676626244,0.0022496970965876,1.94 ± 0.00225,1.940000057220459,1.9574874639511108,0.3721090606572333,0.227557946985991,0.3721 ± 0.2276,0.0274833136904463,1.5032500055566438,273.0,0.0,273 ± 0,273.0,273.0,54.822740170779646,0.0040972443165056,54.82 ± 0.004097,54.81665802001953,54.830074310302734,75.3416748046875,0,1,0,0,0:298,0,0,0.0,model_static,False,mckenzie2003,2.781230358469406,2.7760167121887207,2.7645928859710693,2.7988646030426025,2.7988646030426025,2.73,2.73,2.73,1.0187656990730425,1.016855938530667,0,0.0,0,0.0,0,0.0,0,0.0,0,0.0,0,0.0,298,828.806646823883,0,0.0,0,0.0,0,0.0,0,0.0,0,0.0,0,0.0,0,0.0
20,17.5,298,119200.0,1163.0774822875155,14.20121742195375,1163 ± 14.2,1136.41357421875,1211.7552490234375,1.940387676626244,0.0022496970965876,1.94 ± 0.00225,1.940000057220459,1.9574874639511108,0.3721090606572333,0.227557946985991,0.3721 ± 0.2276,0.0274833136904463,1.5032500055566438,271.0,0.0,271 ± 0,271.0,271.0,56.10722727423546,0.001299934621276,56.11 ± 0.0013,56.10201644897461,56.10929107666016,75.3416748046875,0,1,0,0,0:298,0,0,0.0,model_static,False,mckenzie2003,2.753283942305801,2.7645928859710693,2.7417449951171875,2.7645928859710693,2.7760167121887207,2.7100000000000004,2.71,2.71,1.015971934430185,1.0201449763730883,0,0.0,0,0.0,0,0.0,0,0.0,0,0.0,0,0.0,298,820.4786148071289,0,0.0,0,0.0,0,0.0,0,0.0,0,0.0,0,0.0,0,0.0
20,17.4,298,119200.0,1163.0774822875155,14.20121742195375,1163 ± 14.2,1136.41357421875,1211.7552490234375,1.940387676626244,0.0022496970965876,1.94 ± 0.00225,1.940000057220459,1.9574874639511108,0.3721090606572333,0.227557946985991,0.3721 ± 0.2276,0.0274833136904463,1.5032500055566438,271.7013422818792,0.4576694063706672,271.7 ± 0.4577,271.0,272.0,55.53806504627202,0.0204377159222432,55.54 ± 0.02044,55.505279541015625,55.553070068359375,75.3416748046875,0,1,0,0,0:298,0,0,0.0,model_static,False,mckenzie2003,2.783223773009025,2.7760167121887207,2.7645928859710693,2.7988646030426025,2.7988646030426025,2.717013422818792,2.72,2.72,1.0243677482668043,1.024360410401742,0,0.0,0,0.0,0,0.0,0,0.0,0,0.0,0,0.0,298,829.4006843566895,0,0.0,0,0.0,0,0.0,0,0.0,0,0.0,0,0.0,0,0.0
20,17.3,298,119200.0,1163.0774822875155,14.20121742195375,1163 ± 14.2,1136.41357421875,1211.7552490234375,1.940387676626244,0.0022496970965876,1.94 ± 0.00225,1.940000057220459,1.9574874639511108,0.3721090606572333,0.227557946985991,0.3721 ± 0.2276,0.0274833136904463,1.5032500055566438,268.9865771812081,0.1150766993253842,269 ± 0.1151,268.0,269.0,57.08220029997346,0.0079600472711207,57.08 ± 0.00796,57.0269775390625,57.08854293823242,75.3416748046875,0,1,0,0,0:298,0,0,0.0,model_static,False,mckenzie2003,2.774368374939733,2.7645928859710693,2.7645928859710693,2.7988646030426025,2.7988646030426025,2.689865771812081,2.69,2.69,1.031415820252231,1.0277296973870147,0,0.0,0,0.0,0,0.0,0,0.0,0,0.0,0,0.0,298,826.7617757320404,0,0.0,0,0.0,0,0.0,0,0.0,0,0.0,0,0.0,0,0.0
20,17.2,298,119200.0,1163.0774822875155,14.20121742195375,1163 ± 14.2,1136.41357421875,1211.7552490234375,1.940387676626244,0.0022496970965876,1.94 ± 0.00225,1.940000057220459,1.9574874639511108,0.3721090606572333,0.227557946985991,0.3721 ± 0.2276,0.0274833136904463,1.5032500055566438,276.0,0.0,276 ± 0,276.0,276.0,54.77194167783596,0.0029828013589194,54.77 ± 0.002983,54.767608642578125,54.77589416503906,75.3416748046875,0,1,0,0,0:298,0,0,0.0,model_static,False,mckenzie2003,2.781728714904529,2.7760167121887207,2.7645928859710693,2.7988646030426025,2.7988646030426025,2.7600000000000007,2.76,2.76,1.007872722791496,1.0058031565901162,0,0.0,0,0.0,0,0.0,0,0.0,0,0.0,0,0.0,298,828.9551570415497,0,0.0,0,0.0,0,0.0,0,0.0,0,0.0,0,0.0,0,0.0
20,17.1,298,119200.0,1163.0774822875155,14.20121742195375,1163 ± 14.2,1136.41357421875,1211.7552490234375,1.940387676626244,0.0022496970965876,1.94 ± 0.00225,1.940000057220459,1.9574874639511108,0.3721090606572333,0.227557946985991,0.3721 ± 0.2276,0.0274833136904463,1.5032500055566438,277.62080536912754,0.4851866267633151,277.6 ± 0.4852,277.0,278.0,57.24214154441885,0.0278545933843373,57.24 ± 0.02785,57.20499801635742,57.273250579833984,75.3416748046875,0,1,0,0,0:298,0,0,0.0,model_static,False,mckenzie2003,2.8094451587472187,2.833136320114136,2.7645928859710693,2.833136320114136,2.833136320114136,2.776208053691276,2.78,2.78,1.0119866837832732,1.019113784213718,0,0.0,0,0.0,0,0.0,0,0.0,0,0.0,0,0.0,298,837.2146573066711,0,0.0,0,0.0,0,0.0,0,0.0,0,0.0,0,0.0,0,0.0
20,17.0,298,119200.0,1163.0774822875155,14.20121742195375,1163 ± 14.2,1136.41357421875,1211.7552490234375,1.940387676626244,0.0022496970965876,1.94 ± 0.00225,1.940000057220459,1.9574874639511108,0.3721090606572333,0.227557946985991,0.3721 ± 0.2276,0.0274833136904463,1.5032500055566438,288.86241610738256,0.3444627194772748,288.9 ± 0.3445,288.0,289.0,60.47845096716145,0.0169357302955702,60.48 ± 0.01694,60.43663024902344,60.49953842163086,75.3416748046875,0,1,0,0,0:298,0,0,0.0,model_static,False,mckenzie2003,2.873158578904683,2.89025616645813,2.810288667678833,2.89025616645813,2.89025616645813,2.888624161073825,2.89,2.89,0.9946463218176668,1.0000886389128476,0,0.0,0,0.0,0,0.0,0,0.0,0,0.0,0,0.0,298,856.2012565135956,0,0.0,0,0.0,0,0.0,0,0.0,0,0.0,0,0.0,0,0.0
20,16.9,298,119200.0,1163.0774822875155,14.20121742195375,1163 ± 14.2,1136.41357421875,1211.7552490234375,1.940387676626244,0.0022496970965876,1.94 ± 0.00225,1.940000057220459,1.9574874639511108,0.3721090606572333,0.227557946985991,0.3721 ± 0.2276,0.0274833136904463,1.5032500055566438,286.0,0.0,286 ± 0,286.0,286.0,60.4013625279369,0.0017793262927544,60.4 ± 0.001779,60.39753341674805,60.404911041259766,75.3416748046875,0,1,0,0,0:298,0,0,0.0,model_static,False,mckenzie2003,2.8671015925055383,2.867408275604248,2.867408275604248,2.867408275604248,2.867408275604248,2.86,2.86,2.86,1.002483074302636,1.0025903061553316,0,0.0,0,0.0,0,0.0,0,0.0,0,0.0,0,0.0,298,854.3962745666504,0,0.0,0,0.0,0,0.0,0,0.0,0,0.0,0,0.0,0,0.0
20,16.8,298,119200.0,1163.0774822875155,14.20121742195375,1163 ± 14.2,1136.41357421875,1211.7552490234375,1.940387676626244,0.0022496970965876,1.94 ± 0.00225,1.940000057220459,1.9574874639511108,0.3721090606572333,0.227557946985991,0.3721 ± 0.2276,0.0274833136904463,1.5032500055566438,283.99328859060404,0.0816478191986338,284 ± 0.08165,283.0,284.0,58.58180921669774,0.003807295463676,58.58 ± 0.003807,58.53731536865234,58.58451843261719,75.3416748046875,0,1,0,0,0:298,0,0,0.0,model_static,False,mckenzie2003,2.858246116030136,2.867408275604248,2.844560384750366,2.867408275604248,2.867408275604248,2.83993288590604,2.84,2.84,1.0064483466558596,1.0096508012691014,0,0.0,0,0.0,0,0.0,0,0.0,0,0.0,0,0.0,298,851.7573425769806,0,0.0,0,0.0,0,0.0,0,0.0,0,0.0,0,0.0,0,0.0
20,16.7,298,119200.0,1163.0774822875155,14.20121742195375,1163 ± 14.2,1136.41357421875,1211.7552490234375,1.940387676626244,0.0022496970965876,1.94 ± 0.00225,1.940000057220459,1.9574874639511108,0.3721090606572333,0.227557946985991,0.3721 ± 0.2276,0.0274833136904463,1.5032500055566438,294.8590604026846,0.3479592321292811,294.9 ± 0.348,294.0,295.0,58.16613426464516,0.0194221799181797,58.17 ± 0.01942,58.11684799194336,58.17990493774414,75.3416748046875,0,1,0,0,0:298,0,0,0.0,model_static,False,mckenzie2003,2.864878123238583,2.867408275604248,2.833136320114136,2.901679992675781,2.901679992675781,2.9485906040268453,2.95,2.95,0.97161577671083,0.9720028052895756,0,0.0,0,0.0,0,0.0,0,0.0,0,0.0,0,0.0,298,853.7336807250977,0,0.0,0,0.0,0,0.0,0,0.0,0,0.0,0,0.0,0,0.0
20,16.6,298,119200.0,1163.0774822875155,14.20121742195375,1163 ± 14.2,1136.41357421875,1211.7552490234375,1.940387676626244,0.0022496970965876,1.94 ± 0.00225,1.940000057220459,1.9574874639511108,0.3721090606572333,0.227557946985991,0.3721 ± 0.2276,0.0274833136904463,1.5032500055566438,296.0,0.0,296 ± 0,296.0,296.0,60.01970885103981,0.0026718926800428,60.02 ± 0.002672,60.01148223876953,60.02468490600586,75.3416748046875,0,1,0,0,0:298,0,0,0.0,model_static,False,mckenzie2003,2.854450907483197,2.844560384750366,2.833136320114136,2.867408275604248,2.89025616645813,2.9600000000000004,2.96,2.96,0.9643415227983771,0.9610001299832318,0,0.0,0,0.0,0,0.0,0,0.0,0,0.0,0,0.0,298,850.6263704299927,0,0.0,0,0.0,0,0.0,0,0.0,0,0.0,0,0.0,0,0.0
20,16.5,298,119200.0,1163.0774822875155,14.20121742195375,1163 ± 14.2,1136.41357421875,1211.7552490234375,1.940387676626244,0.0022496970965876,1.94 ± 0.00225,1.940000057220459,1.9574874639511108,0.3721090606572333,0.227557946985991,0.3721 ± 0.2276,0.0274833136904463,1.5032500055566438,295.503355704698,0.4999887391191724,295.5 ± 0.5,295.0,296.0,59.12065390772467,0.0256783767380708,59.12 ± 0.02568,59.08221435546875,59.1507682800293,75.3416748046875,0,1,0,0,0:298,0,0,0.0,model_static,False,mckenzie2003,2.85176740796774,2.844560384750366,2.833136320114136,2.867408275604248,2.901679992675781,2.95503355704698,2.96,2.96,0.9650632659766348,0.9610001299832318,0,0.0,0,0.0,0,0.0,0,0.0,0,0.0,0,0.0,298,849.8266875743866,0,0.0,0,0.0,0,0.0,0,0.0,0,0.0,0,0.0,0,0.0
20,16.4,298,119200.0,1163.0774822875155,14.20121742195375,1163 ± 14.2,1136.41357421875,1211.7552490234375,1.940387676626244,0.0022496970965876,1.94 ± 0.00225,1.940000057220459,1.9574874639511108,0.3721090606572333,0.227557946985991,0.3721 ± 0.2276,0.0274833136904463,1.5032500055566438,300.99328859060404,0.0816478191986338,301 ± 0.08165,300.0,301.0,62.2829808228768,0.0044204313693663,62.28 ± 0.00442,62.23332977294922,62.28668975830078,75.3416748046875,0,1,0,0,0:298,0,0,0.0,model_static,False,mckenzie2003,2.924527883529663,2.924527883529663,2.924527883529663,2.924527883529663,2.924527883529663,3.0099328859060406,3.01,3.01,0.9716256841227188,0.9716039480164992,0,0.0,0,0.0,0,0.0,0,0.0,0,0.0,0,0.0,298,871.5093092918396,0,0.0,0,0.0,0,0.0,0,0.0,0,0.0,0,0.0,0,0.0
20,16.3,298,119200.0,1163.0774822875155,14.20121742195375,1163 ± 14.2,1136.41357421875,1211.7552490234375,1.940387676626244,0.0022496970965876,1.94 ± 0.00225,1.940000057220459,1.9574874639511108,0.3721090606572333,0.227557946985991,0.3721 ± 0.2276,0.0274833136904463,1.5032500055566438,308.0,0.0,308 ± 0,308.0,308.0,61.32671581498729,0.0008911972831162,61.33 ± 0.0008912,61.323951721191406,61.32841873168945,75.3416748046875,0,1,0,0,0:298,0,0,0.0,model_static,False,mckenzie2003,2.940935531718619,2.9359519481658936,2.924527883529663,2.9587998390197754,2.9587998390197754,3.08,3.08,3.08,0.9548491986099412,0.9532311520019134,0,0.0,0,0.0,0,0.0,0,0.0,0,0.0,0,0.0,298,876.3987884521484,0,0.0,0,0.0,0,0.0,0,0.0,0,0.0,0,0.0,0,0.0
20,16.2,298,119200.0,1163.0774822875155,14.20121742195375,1163 ± 14.2,1136.41357421875,1211.7552490234375,1.940387676626244,0.0022496970965876,1.94 ± 0.00225,1.940000057220459,1.9574874639511108,0.3721090606572333,0.227557946985991,0.3721 ± 0.2276,0.0274833136904463,1.5032500055566438,326.2852348993289,0.4515262467827475,326.3 ± 0.4515,326.0,327.0,65.66552588443628,0.0200237351367173,65.67 ± 0.02002,65.64742279052734,65.69857788085938,75.3416748046875,0,1,0,0,0:298,0,0,0.0,model_static,False,mckenzie2003,3.0192545740396386,3.0159194469451904,2.9930715560913086,3.027343273162842,3.027343273162842,3.262852348993289,3.26,3.27,0.9253416837931812,0.9251286647071136,0,0.0,0,0.0,0,0.0,0,0.0,0,0.0,0,0.0,298,899.7378630638123,0,0.0,0,0.0,0,0.0,0,0.0,0,0.0,0,0.0,0,0.0
20,16.1,298,119200.0,1163.0774822875155,14.20121742195375,1163 ± 14.2,1136.41357421875,1211.7552490234375,1.940387676626244,0.0022496970965876,1.94 ± 0.00225,1.940000057220459,1.9574874639511108,0.3721090606572333,0.227557946985991,0.3721 ± 0.2276,0.0274833136904463,1.5032500055566438,328.0,0.0,328 ± 0,328.0,328.0,65.85393004449422,0.0049496347197344,65.85 ± 0.00495,65.84947204589844,65.86392974853516,75.3416748046875,0,1,0,0,0:298,0,0,0.0,model_static,False,mckenzie2003,3.0120475044186485,3.027343273162842,2.9702236652374268,3.027343273162842,3.027343273162842,3.28,3.28,3.28,0.9183071659812952,0.9229705101106224,0,0.0,0,0.0,0,0.0,0,0.0,0,0.0,0,0.0,298,897.5901563167572,0,0.0,0,0.0,0,0.0,0,0.0,0,0.0,0,0.0,0,0.0
20,16.0,298,119200.0,1163.0774822875155,14.20121742195375,1163 ± 14.2,1136.41357421875,1211.7552490234375,1.940387676626244,0.0022496970965876,1.94 ± 0.00225,1.940000057220459,1.9574874639511108,0.3721090606572333,0.227557946985991,0.3721 ± 0.2276,0.0274833136904463,1.5032500055566438,326.0,0.0,326 ± 0,326.0,326.0,67.19709544853876,0.0010201306231294,67.2 ± 0.00102,67.19530487060547,67.1987533569336,75.3416748046875,0,1,0,0,0:298,0,0,0.0,model_static,False,mckenzie2003,2.977814081531243,2.9702236652374268,2.9587998390197754,2.9930715560913086,2.9930715560913086,3.2600000000000007,3.26,3.26,0.9134399023101972,0.9111115537538118,0,0.0,0,0.0,0,0.0,0,0.0,0,0.0,0,0.0,298,887.3885962963104,0,0.0,0,0.0,0,0.0,0,0.0,0,0.0,0,0.0,0,0.0
20,15.9,298,119200.0,1163.0774822875155,14.20121742195375,1163 ± 14.2,1136.41357421875,1211.7552490234375,1.940387676626244,0.0022496970965876,1.94 ± 0.00225,1.940000057220459,1.9574874639511108,0.3721090606572333,0.227557946985991,0.3721 ± 0.2276,0.0274833136904463,1.5032500055566438,326.996644295302,0.0578311675825976,327 ± 0.05783,326.0,327.0,67.41061227273622,0.0027219191474322,67.41 ± 0.002722,67.3674087524414,67.41287994384766,75.3416748046875,2,1,2,2,2:298,0,0,0.0,model_static,False,mckenzie2003,2.9955250216810496,2.9930715560913086,2.9702236652374268,3.0159194469451904,3.0159194469451904,3.26996644295302,3.27,3.27,0.9160720117132348,0.9153124024744064,0,0.0,0,0.0,0,0.0,0,0.0,0,0.0,0,0.0,298,892.6664564609528,0,0.0,0,0.0,0,0.0,0,0.0,0,0.0,0,0.0,0,0.0
20,15.8,298,119200.0,1163.0774822875155,14.20121742195375,1163 ± 14.2,1136.41357421875,1211.7552490234375,1.940387676626244,0.0022496970965876,1.94 ± 0.00225,1.940000057220459,1.9574874639511108,0.3721090606572333,0.227557946985991,0.3721 ± 0.2276,0.0274833136904463,1.5032500055566438,329.0,0.0,329 ± 0,329.0,329.0,68.4260581355767,0.0009905257303873,68.43 ± 0.0009905,68.42400360107422,68.42790222167969,75.3416748046875,2,1,2,2,2:298,0,0,0.0,model_static,False,mckenzie2003,2.981225926604047,2.9702236652374268,2.9702236652374268,2.9930715560913086,3.0159194469451904,3.29,3.29,3.29,0.9061476980559412,0.9028035456648712,0,0.0,0,0.0,0,0.0,0,0.0,0,0.0,0,0.0,298,888.405326128006,0,0.0,0,0.0,0,0.0,0,0.0,0,0.0,0,0.0,0,0.0
20,15.7,298,119200.0,1163.0774822875155,14.20121742195375,1163 ± 14.2,1136.41357421875,1211.7552490234375,1.940387676626244,0.0022496970965876,1.94 ± 0.00225,1.940000057220459,1.9574874639511108,0.3721090606572333,0.227557946985991,0.3721 ± 0.2276,0.0274833136904463,1.5032500055566438,326.16442953020135,0.3706648888134781,326.2 ± 0.3707,326.0,327.0,67.22253917207654,0.0192770117648179,67.22 ± 0.01928,67.2059555053711,67.26531982421875,75.3416748046875,2,1,2,2,2:298,0,0,0.0,model_static,False,mckenzie2003,2.986362839705192,2.9702236652374268,2.9702236652374268,3.027343273162842,3.027343273162842,3.2616442953020144,3.26,3.27,0.9156040750658804,0.9111115537538118,0,0.0,0,0.0,0,0.0,0,0.0,0,0.0,0,0.0,298,889.9361262321472,0,0.0,0,0.0,0,0.0,0,0.0,0,0.0,0,0.0,0,0.0
20,15.6,298,119200.0,1163.0774822875155,14.20121742195375,1163 ± 14.2,1136.41357421875,1211.7552490234375,1.940387676626244,0.0022496970965876,1.94 ± 0.00225,1.940000057220459,1.9574874639511108,0.3721090606572333,0.227557946985991,0.3721 ± 0.2276,0.0274833136904463,1.5032500055566438,329.0,0.0,329 ± 0,329.0,329.0,73.26659877188254,0.0016058314135144,73.27 ± 0.001606,73.26443481445312,73.27167510986328,75.3416748046875,2,1,2,2,2:298,0,0,0.0,model_static,False,mckenzie2003,3.005415550814379,3.0159194469451904,2.9930715560913086,3.0159194469451904,3.0159194469451904,3.29,3.29,3.29,0.913500167420784,0.9166928410167752,0,0.0,0,0.0,0,0.0,0,0.0,0,0.0,0,0.0,298,895.6138341426849,0,0.0,0,0.0,0,0.0,0,0.0,0,0.0,0,0.0,0,0.0
20,15.5,298,119200.0,1163.0774822875155,14.20121742195375,1163 ± 14.2,1136.41357421875,1211.7552490234375,1.940387676626244,0.0022496970965876,1.94 ± 0.00225,1.940000057220459,1.9574874639511108,0.3721090606572333,0.227557946985991,0.3721 ± 0.2276,0.0274833136904463,1.5032500055566438,333.9295302013423,0.2559371136331321,333.9 ± 0.2559,333.0,334.0,72.2953228790488,0.0121139534194899,72.3 ± 0.01211,72.23920440673828,72.30015563964844,75.3416748046875,2,1,2,2,2:298,0,0,0.0,model_static,False,mckenzie2003,2.994528299210056,2.9930715560913086,2.9702236652374268,3.0159194469451904,3.050191164016724,3.3392953020134226,3.34,3.34,0.8967545162736253,0.8961292084105714,0,0.0,0,0.0,0,0.0,0,0.0,0,0.0,0,0.0,298,892.3694331645966,0,0.0,0,0.0,0,0.0,0,0.0,0,0.0,0,0.0,0,0.0
20,15.4,298,119200.0,1163.0774822875155,14.20121742195375,1163 ± 14.2,1136.41357421875,1211.7552490234375,1.940387676626244,0.0022496970965876,1.94 ± 0.00225,1.940000057220459,1.9574874639511108,0.3721090606572333,0.227557946985991,0.3721 ± 0.2276,0.0274833136904463,1.5032500055566438,336.17785234899327,0.3823884032640871,336.2 ± 0.3824,336.0,337.0,75.03854792550106,0.0184146131574769,75.04 ± 0.01841,75.01692199707031,75.07853698730469,75.3416748046875,2,1,2,2,2:298,0,0,0.0,model_static,False,mckenzie2003,3.003843782732151,2.9930715560913086,2.9930715560913086,3.050191164016724,3.050191164016724,3.361778523489933,3.36,3.37,0.8935287726421989,0.8907951059795561,0,0.0,0,0.0,0,0.0,0,0.0,0,0.0,0,0.0,298,895.1454472541809,0,0.0,0,0.0,0,0.0,0,0.0,0,0.0,0,0.0,0,0.0
20,15.3,298,119200.0,1163.0774822875155,14.20121742195375,1163 ± 14.2,1136.41357421875,1211.7552490234375,1.940387676626244,0.0022496970965876,1.94 ± 0.00225,1.940000057220459,1.9574874639511108,0.3721090606572333,0.227557946985991,0.3721 ± 0.2276,0.0274833136904463,1.5032500055566438,342.0,0.0,342 ± 0,342.0,342.0,77.97256229067808,0.0022715230568664,77.97 ± 0.002272,77.95943450927734,77.97502899169922,75.3416748046875,2,1,2,2,2:298,0,0,0.0,model_static,False,mckenzie2003,3.0229347640235957,3.0159194469451904,3.0159194469451904,3.050191164016724,3.061615228652954,3.420000000000001,3.42,3.42,0.883899053808069,0.8818477915044417,0,0.0,0,0.0,0,0.0,0,0.0,0,0.0,0,0.0,298,900.8345596790314,0,0.0,0,0.0,0,0.0,0,0.0,0,0.0,0,0.0,0,0.0
20,15.2,298,119200.0,1163.0774822875155,14.20121742195375,1163 ± 14.2,1136.41357421875,1211.7552490234375,1.940387676626244,0.0022496970965876,1.94 ± 0.00225,1.940000057220459,1.9574874639511108,0.3721090606572333,0.227557946985991,0.3721 ± 0.2276,0.0274833136904463,1.5032500055566438,347.16107382550337,0.3675990318826618,347.2 ± 0.3676,347.0,348.0,76.78568984678128,0.0159220959282266,76.79 ± 0.01592,76.77644348144531,76.82302856445312,75.3416748046875,1,1,1,1,1:298,0,0,0.0,model_static,False,mckenzie2003,3.062113557085895,3.061615228652954,3.050191164016724,3.084463119506836,3.084463119506836,3.4716107382550336,3.47,3.48,0.8820420447775751,0.8823098641651164,0,0.0,0,0.0,0,0.0,0,0.0,0,0.0,0,0.0,298,912.5098400115968,0,0.0,0,0.0,0,0.0,0,0.0,0,0.0,0,0.0,0,0.0
20,15.1,298,119200.0,1163.0774822875155,14.20121742195375,1163 ± 14.2,1136.41357421875,1211.7552490234375,1.940387676626244,0.0022496970965876,1.94 ± 0.00225,1.940000057220459,1.9574874639511108,0.3721090606572333,0.227557946985991,0.3721 ± 0.2276,0.0274833136904463,1.5032500055566438,353.2751677852349,0.4465987854929967,353.3 ± 0.4466,353.0,354.0,76.25813936067108,0.0251586736701978,76.26 ± 0.02516,76.23745727539062,76.30030822753906,75.3416748046875,1,1,1,1,1:298,0,0,0.0,model_static,False,mckenzie2003,3.104320763741564,3.118734836578369,3.061615228652954,3.118734836578369,3.118734836578369,3.532751677852349,3.53,3.54,0.8787357669368562,0.8834942879825408,0,0.0,0,0.0,0,0.0,0,0.0,0,0.0,0,0.0,298,925.087587594986,0,0.0,0,0.0,0,0.0,0,0.0,0,0.0,0,0.0,0,0.0
20,15.0,298,119200.0,1163.0774822875155,14.20121742195375,1163 ± 14.2,1136.41357421875,1211.7552490234375,1.940387676626244,0.0022496970965876,1.94 ± 0.00225,1.940000057220459,1.9574874639511108,0.3721090606572333,0.227557946985991,0.3721 ± 0.2276,0.0274833136904463,1.5032500055566438,350.9865771812081,0.1150766993253842,351 ± 0.1151,350.0,351.0,74.30377210066622,0.0052507687887743,74.3 ± 0.005251,74.258544921875,74.3063735961914,75.3416748046875,1,1,1,1,1:298,0,0,0.0,model_static,False,mckenzie2003,3.073959212175152,3.084463119506836,3.061615228652954,3.086176693439483,3.0958869457244877,3.509865771812081,3.51,3.51,0.8758051822747891,0.878764421511919,0,0.0,0,0.0,0,0.0,0,0.0,0,0.0,0,0.0,298,916.0398452281952,0,0.0,0,0.0,0,0.0,0,0.0,0,0.0,0,0.0,0,0.0
20,14.9,298,119200.0,1163.0774822875155,14.20121742195375,1163 ± 14.2,1136.41357421875,1211.7552490234375,1.940387676626244,0.0022496970965876,1.94 ± 0.00225,1.940000057220459,1.9574874639511108,0.3721090606572333,0.227557946985991,0.3721 ± 0.2276,0.0274833136904463,1.5032500055566438,354.0,0.0,354 ± 0,354.0,354.0,71.38703624034088,0.0010924301651718,71.39 ± 0.001092,71.38465881347656,71.38955688476562,75.3416748046875,1,1,1,1,1:298,0,0,0.0,model_static,False,mckenzie2003,3.113214541601655,3.118734836578369,3.0958869457244877,3.118734836578369,3.118734836578369,3.54,3.54,3.54,0.879439136045665,0.880998541406319,0,0.0,0,0.0,0,0.0,0,0.0,0,0.0,0,0.0,298,927.7379333972932,0,0.0,0,0.0,0,0.0,0,0.0,0,0.0,0,0.0,0,0.0
20,14.8,298,119200.0,1163.0774822875155,14.20121742195375,1163 ± 14.2,1136.41357421875,1211.7552490234375,1.940387676626244,0.0022496970965876,1.94 ± 0.00225,1.940000057220459,1.9574874639511108,0.3721090606572333,0.227557946985991,0.3721 ± 0.2276,0.0274833136904463,1.5032500055566438,353.8993288590604,0.3008927754558375,353.9 ± 0.3009,353.0,354.0,73.96331113776904,0.0142573145331113,73.96 ± 0.01426,73.91561126708984,73.97119903564453,75.3416748046875,1,1,1,1,1:298,0,0,0.0,model_static,False,mckenzie2003,3.0820479497013475,3.084463119506836,3.061615228652954,3.0958869457244877,3.0958869457244877,3.5389932885906035,3.54,3.54,0.8708828584831132,0.8713172653974113,0,0.0,0,0.0,0,0.0,0,0.0,0,0.0,0,0.0,298,918.4502890110016,0,0.0,0,0.0,0,0.0,0,0.0,0,0.0,0,0.0,0,0.0
20,14.7,298,119200.0,1163.0774822875155,14.20121742195375,1163 ± 14.2,1136.41357421875,1211.7552490234375,1.940387676626244,0.0022496970965876,1.94 ± 0.00225,1.940000057220459,1.9574874639511108,0.3721090606572333,0.227557946985991,0.3721 ± 0.2276,0.0274833136904463,1.5032500055566438,359.0,0.0,359 ± 0,359.0,359.0,72.95094847199101,0.0032819815235321,72.95 ± 0.003282,72.94107818603516,72.95409393310547,75.3416748046875,1,1,1,1,1:298,0,0,0.0,model_static,False,mckenzie2003,3.0936635636643275,3.084463119506836,3.084463119506836,3.118734836578369,3.118734836578369,3.5900000000000007,3.59,3.59,0.8617447252546874,0.85918192743923,0,0.0,0,0.0,0,0.0,0,0.0,0,0.0,0,0.0,298,921.9117419719696,0,0.0,0,0.0,0,0.0,0,0.0,0,0.0,0,0.0,0,0.0
20,14.6,298,119200.0,1163.0774822875155,14.20121742195375,1163 ± 14.2,1136.41357421875,1211.7552490234375,1.940387676626244,0.0022496970965876,1.94 ± 0.00225,1.940000057220459,1.9574874639511108,0.3721090606572333,0.227557946985991,0.3721 ± 0.2276,0.0274833136904463,1.5032500055566438,374.996644295302,0.0578311675825976,375 ± 0.05783,374.0,375.0,76.60315299834181,0.002747105692476,76.6 ± 0.002747,76.5606689453125,76.60565185546875,75.3416748046875,1,1,1,1,1:298,0,0,0.0,model_static,False,mckenzie2003,3.1597152692359565,3.1530065536499023,3.1301589012146,3.175854444503784,3.175854444503784,3.74996644295302,3.75,3.75,0.8425982005328989,0.840801747639974,0,0.0,0,0.0,0,0.0,0,0.0,0,0.0,0,0.0,298,941.5951502323152,0,0.0,0,0.0,0,0.0,0,0.0,0,0.0,0,0.0,0,0.0
20,14.5,298,119200.0,1163.0774822875155,14.20121742195375,1163 ± 14.2,1136.41357421875,1211.7552490234375,1.940387676626244,0.0022496970965876,1.94 ± 0.00225,1.940000057220459,1.9574874639511108,0.3721090606572333,0.227557946985991,0.3721 ± 0.2276,0.0274833136904463,1.5032500055566438,385.0,0.0,385 ± 0,385.0,385.0,78.33054635988786,0.0006979201797939,78.33 ± 0.0006979,78.32930755615234,78.33158874511719,75.3416748046875,1,1,1,1,1:298,0,0,0.0,model_static,False,mckenzie2003,3.19329714615073,3.187278509140014,3.175854444503784,3.2101263999938965,3.2101263999938965,3.850000000000001,3.85,3.85,0.8294278301690208,0.8278645478285752,0,0.0,0,0.0,0,0.0,0,0.0,0,0.0,0,0.0,298,951.6025495529176,0,0.0,0,0.0,0,0.0,0,0.0,0,0.0,0,0.0,0,0.0
20,14.4,298,119200.0,1163.0774822875155,14.20121742195375,1163 ± 14.2,1136.41357421875,1211.7552490234375,1.940387676626244,0.0022496970965876,1.94 ± 0.00225,1.940000057220459,1.9574874639511108,0.3721090606572333,0.227557946985991,0.3721 ± 0.2276,0.0274833136904463,1.5032500055566438,395.16442953020135,0.3706648888134781,395.2 ± 0.3707,395.0,396.0,78.1877420412614,0.0192329476004326,78.19 ± 0.01923,78.17488098144531,78.23141479492188,75.3416748046875,1,1,1,1,1:298,0,0,0.0,model_static,False,mckenzie2003,3.2164133219110886,3.221550226211548,3.187278509140014,3.2443981170654297,3.2443981170654297,3.951644295302013,3.95,3.96,0.8139468052479938,0.8155823357497589,0,0.0,0,0.0,0,0.0,0,0.0,0,0.0,0,0.0,298,958.4911699295044,0,0.0,0,0.0,0,0.0,0,0.0,0,0.0,0,0.0,0,0.0
20,14.3,298,119200.0,1163.0774822875155,14.20121742195375,1163 ± 14.2,1136.41357421875,1211.7552490234375,1.940387676626244,0.0022496970965876,1.94 ± 0.00225,1.940000057220459,1.9574874639511108,0.3721090606572333,0.227557946985991,0.3721 ± 0.2276,0.0274833136904463,1.5032500055566438,388.1107382550336,0.3138077339800278,388.1 ± 0.3138,388.0,389.0,78.62382386994842,0.0145247692311419,78.62 ± 0.01452,78.60943603515625,78.66458129882812,75.3416748046875,1,1,1,1,1:298,0,0,0.0,model_static,False,mckenzie2003,3.1636637969305053,3.1530065536499023,3.1530065536499023,3.175854444503784,3.187278509140014,3.881107382550335,3.88,3.89,0.8151442559739098,0.8126305550644078,0,0.0,0,0.0,0,0.0,0,0.0,0,0.0,0,0.0,298,942.7718114852904,0,0.0,0,0.0,0,0.0,0,0.0,0,0.0,0,0.0,0,0.0
20,14.2,298,119200.0,1163.0774822875155,14.20121742195375,1163 ± 14.2,1136.41357421875,1211.7552490234375,1.940387676626244,0.0022496970965876,1.94 ± 0.00225,1.940000057220459,1.9574874639511108,0.3721090606572333,0.227557946985991,0.3721 ± 0.2276,0.0274833136904463,1.5032500055566438,377.0,0.0,377 ± 0,377.0,377.0,74.53836866033157,0.0011419786787783,74.54 ± 0.001142,74.52982330322266,74.54014587402344,75.3416748046875,1,1,1,1,1:298,0,0,0.0,model_static,False,mckenzie2003,3.173401006916225,3.175854444503784,3.1530065536499023,3.187278509140014,3.187278509140014,3.77,3.77,3.77,0.8417509302165054,0.8424017094174494,0,0.0,0,0.0,0,0.0,0,0.0,0,0.0,0,0.0,298,945.6735000610352,0,0.0,0,0.0,0,0.0,0,0.0,0,0.0,0,0.0,0,0.0
20,14.1,298,119200.0,1163.0774822875155,14.20121742195375,1163 ± 14.2,1136.41357421875,1211.7552490234375,1.940387676626244,0.0022496970965876,1.94 ± 0.00225,1.940000057220459,1.9574874639511108,0.3721090606572333,0.227557946985991,0.3721 ± 0.2276,0.0274833136904463,1.5032500055566438,363.4127516778523,0.4923288842658124,363.4 ± 0.4923,363.0,364.0,74.9843937150584,0.0227010068184136,74.98 ± 0.0227,74.95230102539062,75.0160140991211,75.3416748046875,1,1,1,1,1:298,0,0,0.0,model_static,False,mckenzie2003,3.0875299000900065,3.084463119506836,3.061615228652954,3.118734836578369,3.1301589012146,3.6341275167785234,3.63,3.64,0.8495946373818385,0.8497143579908639,0,0.0,0,0.0,0,0.0,0,0.0,0,0.0,0,0.0,298,920.083910226822,0,0.0,0,0.0,0,0.0,0,0.0,0,0.0,0,0.0,0,0.0
20,14.0,298,119200.0,1163.0774822875155,14.20121742195375,1163 ± 14.2,1136.41357421875,1211.7552490234375,1.940387676626244,0.0022496970965876,1.94 ± 0.00225,1.940000057220459,1.9574874639511108,0.3721090606572333,0.227557946985991,0.3721 ± 0.2276,0.0274833136904463,1.5032500055566438,362.5771812080537,0.4940071468343072,362.6 ± 0.494,362.0,363.0,72.92305420229098,0.0266581201239615,72.92 ± 0.02666,72.88883209228516,72.95549774169922,75.3416748046875,1,1,1,1,1:298,0,0,0.0,model_static,False,mckenzie2003,3.111374545417376,3.1301589012146,3.050191164016724,3.1301589012146,3.1301589012146,3.625771812080537,3.63,3.63,0.8581351210070426,0.8623027276073277,0,0.0,0,0.0,0,0.0,0,0.0,0,0.0,0,0.0,298,927.189614534378,0,0.0,0,0.0,0,0.0,0,0.0,0,0.0,0,0.0,0,0.0
20,13.9,298,119200.0,1163.0774822875155,14.20121742195375,1163 ± 14.2,1136.41357421875,1211.7552490234375,1.940387676626244,0.0022496970965876,1.94 ± 0.00225,1.940000057220459,1.9574874639511108,0.3721090606572333,0.227557946985991,0.3721 ± 0.2276,0.0274833136904463,1.5032500055566438,379.0,0.0,379 ± 0,379.0,379.0,75.29663080817102,0.0025257355532865,75.3 ± 0.002526,75.29277038574219,75.30152130126953,75.3416748046875,1,1,1,1,1:298,0,0,0.0,model_static,False,mckenzie2003,3.129353747271852,3.1301589012146,3.0958869457244877,3.1530065536499023,3.1530065536499023,3.79,3.79,3.79,0.8256870045572168,0.825899446230765,0,0.0,0,0.0,0,0.0,0,0.0,0,0.0,0,0.0,298,932.5474166870116,0,0.0,0,0.0,0,0.0,0,0.0,0,0.0,0,0.0,0,0.0
20,13.8,298,119200.0,1163.0774822875155,14.20121742195375,1163 ± 14.2,1136.41357421875,1211.7552490234375,1.940387676626244,0.0022496970965876,1.94 ± 0.00225,1.940000057220459,1.9574874639511108,0.3721090606572333,0.227557946985991,0.3721 ± 0.2276,0.0274833136904463,1.5032500055566438,391.993288590604,0.0816478191986338,392 ± 0.08165,391.0,392.0,76.77992683769072,0.0039098856170786,76.78 ± 0.00391,76.73423767089844,76.78296661376953,75.3416748046875,1,1,1,1,1:298,0,0,0.0,model_static,False,mckenzie2003,3.2174100435820203,3.221550226211548,3.2101263999938965,3.221550226211548,3.221550226211548,3.9199328859060407,3.92,3.92,0.820781824580813,0.8218240372988642,0,0.0,0,0.0,0,0.0,0,0.0,0,0.0,0,0.0,298,958.788192987442,0,0.0,0,0.0,0,0.0,0,0.0,0,0.0,0,0.0,0,0.0
20,13.7,298,119200.0,1163.0774822875155,14.20121742195375,1163 ± 14.2,1136.41357421875,1211.7552490234375,1.940387676626244,0.0022496970965876,1.94 ± 0.00225,1.940000057220459,1.9574874639511108,0.3721090606572333,0.227557946985991,0.3721 ± 0.2276,0.0274833136904463,1.5032500055566438,398.993288590604,0.0816478191986338,399 ± 0.08165,398.0,399.0,80.32285198749312,0.0050281408865477,80.32 ± 0.005028,80.27689361572266,80.32960510253906,75.3416748046875,1,1,1,1,1:298,0,0,0.0,model_static,False,mckenzie2003,3.210049660413857,3.221550226211548,3.187278509140014,3.221550226211548,3.221550226211548,3.989932885906042,3.99,3.99,0.804537194730324,0.8074060717322175,0,0.0,0,0.0,0,0.0,0,0.0,0,0.0,0,0.0,298,956.5947988033296,0,0.0,0,0.0,0,0.0,0,0.0,0,0.0,0,0.0,0,0.0
20,13.6,298,119200.0,1163.0774822875155,14.20121742195375,1163 ± 14.2,1136.41357421875,1211.7552490234375,1.940387676626244,0.0022496970965876,1.94 ± 0.00225,1.940000057220459,1.9574874639511108,0.3721090606572333,0.227557946985991,0.3721 ± 0.2276,0.0274833136904463,1.5032500055566438,403.0,0.0,403 ± 0,403.0,403.0,78.10854659624547,0.0007273310630458,78.11 ± 0.0007273,78.1068344116211,78.10987854003906,75.3416748046875,1,1,1,1,1:298,0,0,0.0,model_static,False,mckenzie2003,3.2353509856550486,3.2443981170654297,3.2101263999938965,3.25582218170166,3.25582218170166,4.03,4.03,4.03,0.8028166217506323,0.8050615675100321,0,0.0,0,0.0,0,0.0,0,0.0,0,0.0,0,0.0,298,964.1345937252044,0,0.0,0,0.0,0,0.0,0,0.0,0,0.0,0,0.0,0,0.0
20,13.5,298,119200.0,1163.0774822875155,14.20121742195375,1163 ± 14.2,1136.41357421875,1211.7552490234375,1.940387676626244,0.0022496970965876,1.94 ± 0.00225,1.940000057220459,1.9574874639511108,0.3721090606572333,0.227557946985991,0.3721 ± 0.2276,0.0274833136904463,1.5032500055566438,398.993288590604,0.0816478191986338,399 ± 0.08165,398.0,399.0,79.8318582829213,0.0041761704056869,79.83 ± 0.004176,79.78620910644531,79.83619689941406,75.3416748046875,1,1,1,1,1:298,0,0,0.0,model_static,False,mckenzie2003,3.210088010602349,3.2101263999938965,3.187278509140014,3.221550226211548,3.221550226211548,3.989932885906042,3.99,3.99,0.8045467821657672,0.8045429573919539,0,0.0,0,0.0,0,0.0,0,0.0,0,0.0,0,0.0,298,956.6062271595,0,0.0,0,0.0,0,0.0,0,0.0,0,0.0,0,0.0,0,0.0
20,13.4,298,119200.0,1163.0774822875155,14.20121742195375,1163 ± 14.2,1136.41357421875,1211.7552490234375,1.940387676626244,0.0022496970965876,1.94 ± 0.00225,1.940000057220459,1.9574874639511108,0.3721090606572333,0.227557946985991,0.3721 ± 0.2276,0.0274833136904463,1.5032500055566438,394.9395973154362,0.2382314006617295,394.9 ± 0.2382,394.0,395.0,76.68013292351026,0.0113649169217546,76.68 ± 0.01136,76.63334655761719,76.68467712402344,75.3416748046875,1,1,1,1,1:298,0,0,0.0,model_static,False,mckenzie2003,3.198012414394609,3.187278509140014,3.187278509140014,3.2101263999938965,3.221550226211548,3.949395973154363,3.95,3.95,0.809747444671916,0.8069059516810163,0,0.0,0,0.0,0,0.0,0,0.0,0,0.0,0,0.0,298,953.0076994895936,0,0.0,0,0.0,0,0.0,0,0.0,0,0.0,0,0.0,0,0.0
20,13.3,298,119200.0,1163.0774822875155,14.20121742195375,1163 ± 14.2,1136.41357421875,1211.7552490234375,1.940387676626244,0.0022496970965876,1.94 ± 0.00225,1.940000057220459,1.9574874639511108,0.3721090606572333,0.227557946985991,0.3721 ± 0.2276,0.0274833136904463,1.5032500055566438,393.8255033557047,0.379535986995938,393.8 ± 0.3795,393.0,394.0,78.32144252085845,0.0169080728719046,78.32 ± 0.01691,78.27758026123047,78.3313217163086,75.3416748046875,1,1,1,1,1:298,0,0,0.0,model_static,False,mckenzie2003,3.205066112063875,3.2101263999938965,3.187278509140014,3.221550226211548,3.221550226211548,3.938255033557047,3.94,3.94,0.8138280138039052,0.8147528933994661,0,0.0,0,0.0,0,0.0,0,0.0,0,0.0,0,0.0,298,955.1097013950348,0,0.0,0,0.0,0,0.0,0,0.0,0,0.0,0,0.0,0,0.0
20,13.2,298,119200.0,1163.0774822875155,14.20121742195375,1163 ± 14.2,1136.41357421875,1211.7552490234375,1.940387676626244,0.0022496970965876,1.94 ± 0.00225,1.940000057220459,1.9574874639511108,0.3721090606572333,0.227557946985991,0.3721 ± 0.2276,0.0274833136904463,1.5032500055566438,390.9697986577181,0.1711409395973154,391 ± 0.1711,390.0,391.0,78.49020024754057,0.009078145090045,78.49 ± 0.009078,78.43960571289062,78.50276184082031,75.3416748046875,1,1,1,1,1:298,0,0,0.0,model_static,False,mckenzie2003,3.18766184861228,3.187278509140014,3.1301589012146,3.221550226211548,3.221550226211548,3.9096979865771817,3.91,3.91,0.8153219857371323,0.8151607440255791,0,0.0,0,0.0,0,0.0,0,0.0,0,0.0,0,0.0,298,949.9232308864594,0,0.0,0,0.0,0,0.0,0,0.0,0,0.0,0,0.0,0,0.0
20,13.1,298,119200.0,1163.0774822875155,14.20121742195375,1163 ± 14.2,1136.41357421875,1211.7552490234375,1.940387676626244,0.0022496970965876,1.94 ± 0.00225,1.940000057220459,1.9574874639511108,0.3721090606572333,0.227557946985991,0.3721 ± 0.2276,0.0274833136904463,1.5032500055566438,396.51006711409394,0.4998986429405658,396.5 ± 0.4999,396.0,397.0,78.48894290796062,0.024315506553272,78.49 ± 0.02432,78.45975494384766,78.5139389038086,75.3416748046875,1,1,1,1,1:298,0,0,0.0,model_static,False,mckenzie2003,3.200044164721598,3.187278509140014,3.187278509140014,3.221550226211548,3.221550226211548,3.9651006711409393,3.97,3.97,0.8070552781546229,0.8048683103888926,0,0.0,0,0.0,0,0.0,0,0.0,0,0.0,0,0.0,298,953.613161087036,0,0.0,0,0.0,0,0.0,0,0.0,0,0.0,0,0.0,0,0.0
20,13.0,298,119200.0,1163.0774822875155,14.20121742195375,1163 ± 14.2,1136.41357421875,1211.7552490234375,1.940387676626244,0.0022496970965876,1.94 ± 0.00225,1.940000057220459,1.9574874639511108,0.3721090606572333,0.227557946985991,0.3721 ± 0.2276,0.0274833136904463,1.5032500055566438,396.0,0.0,396 ± 0,396.0,396.0,83.47464613946492,0.0050462556160124,83.47 ± 0.005046,83.4679183959961,83.48159790039062,75.3416748046875,1,1,1,1,1:298,0,0,0.0,model_static,False,mckenzie2003,3.2172567204340994,3.2443981170654297,3.187278509140014,3.2443981170654297,3.2443981170654297,3.96,3.96,3.96,0.8124385657661866,0.8192924538044014,0,0.0,0,0.0,0,0.0,0,0.0,0,0.0,0,0.0,298,958.7425026893616,0,0.0,0,0.0,0,0.0,0,0.0,0,0.0,0,0.0,0,0.0
20,12.9,298,119200.0,1163.0774822875155,14.20121742195375,1163 ± 14.2,1136.41357421875,1211.7552490234375,1.940387676626244,0.0022496970965876,1.94 ± 0.00225,1.940000057220459,1.9574874639511108,0.3721090606572333,0.227557946985991,0.3721 ± 0.2276,0.0274833136904463,1.5032500055566438,384.0,0.0,384 ± 0,384.0,384.0,66.18049265714299,0.0008791224896329,66.18 ± 0.0008791,66.1787109375,66.18226623535156,75.3416748046875,1,1,1,1,1:298,0,0,0.0,model_static,False,mckenzie2003,3.185361697369774,3.187278509140014,3.175854444503784,3.2101263999938965,3.2101263999938965,3.8400000000000007,3.84,3.84,0.8295212753567122,0.8300204450885456,0,0.0,0,0.0,0,0.0,0,0.0,0,0.0,0,0.0,298,949.2377858161926,0,0.0,0,0.0,0,0.0,0,0.0,0,0.0,0,0.0,0,0.0
20,12.8,298,119200.0,1163.0774822875155,14.20121742195375,1163 ± 14.2,1136.41357421875,1211.7552490234375,1.940387676626244,0.0022496970965876,1.94 ± 0.00225,1.940000057220459,1.9574874639511108,0.3721090606572333,0.227557946985991,0.3721 ± 0.2276,0.0274833136904463,1.5032500055566438,385.0,0.0,385 ± 0,385.0,385.0,65.33120599529087,0.0049114644279703,65.33 ± 0.004911,65.31910705566406,65.33570861816406,75.3416748046875,1,1,1,1,1:298,0,0,0.0,model_static,False,mckenzie2003,3.171752592861252,3.1530065536499023,3.1530065536499023,3.2101263999938965,3.2101263999938965,3.850000000000001,3.85,3.85,0.8238318423016241,0.8189627412077668,0,0.0,0,0.0,0,0.0,0,0.0,0,0.0,0,0.0,298,945.1822726726532,0,0.0,0,0.0,0,0.0,0,0.0,0,0.0,0,0.0,0,0.0
20,12.7,298,119200.0,1163.0774822875155,14.20121742195375,1163 ± 14.2,1136.41357421875,1211.7552490234375,1.940387676626244,0.0022496970965876,1.94 ± 0.00225,1.940000057220459,1.9574874639511108,0.3721090606572333,0.227557946985991,0.3721 ± 0.2276,0.0274833136904463,1.5032500055566438,388.0,0.0,388 ± 0,388.0,388.0,65.84216124259386,0.0018691465159907,65.84 ± 0.001869,65.83586883544922,65.84564208984375,75.3416748046875,1,1,1,1,1:298,0,0,0.0,model_static,False,mckenzie2003,3.221550226211548,3.221550226211548,3.221550226211548,3.221550226211548,3.221550226211548,3.88,3.88,3.88,0.8302964500545225,0.8302964500545227,0,0.0,0,0.0,0,0.0,0,0.0,0,0.0,0,0.0,298,960.0219674110411,0,0.0,0,0.0,0,0.0,0,0.0,0,0.0,0,0.0,0,0.0
20,12.6,298,119200.0,1163.0774822875155,14.20121742195375,1163 ± 14.2,1136.41357421875,1211.7552490234375,1.940387676626244,0.0022496970965876,1.94 ± 0.00225,1.940000057220459,1.9574874639511108,0.3721090606572333,0.227557946985991,0.3721 ± 0.2276,0.0274833136904463,1.5032500055566438,385.0,0.0,385 ± 0,385.0,385.0,63.31710321311183,0.0012098533060114,63.32 ± 0.00121,63.313323974609375,63.319942474365234,75.3416748046875,1,1,1,1,1:298,0,0,0.0,model_static,False,mckenzie2003,3.217563387531562,3.221550226211548,3.2101263999938965,3.221550226211548,3.221550226211548,3.850000000000001,3.85,3.85,0.8357307500081979,0.8367662925224799,0,0.0,0,0.0,0,0.0,0,0.0,0,0.0,0,0.0,298,958.8338894844056,0,0.0,0,0.0,0,0.0,0,0.0,0,0.0,0,0.0,0,0.0
20,12.5,298,119200.0,1163.0774822875155,14.20121742195375,1163 ± 14.2,1136.41357421875,1211.7552490234375,1.940387676626244,0.0022496970965876,1.94 ± 0.00225,1.940000057220459,1.9574874639511108,0.3721090606572333,0.227557946985991,0.3721 ± 0.2276,0.0274833136904463,1.5032500055566438,382.4395973154362,0.4963381062315194,382.4 ± 0.4963,382.0,383.0,63.25805273632075,0.0239553235117202,63.26 ± 0.02396,63.2320442199707,63.292179107666016,75.3416748046875,1,1,1,1,1:298,0,0,0.0,model_static,False,mckenzie2003,3.207826268752949,3.2101263999938965,3.175854444503784,3.2101263999938965,3.2101263999938965,3.824395973154362,3.82,3.83,0.8387821402512352,0.8403472251292922,0,0.0,0,0.0,0,0.0,0,0.0,0,0.0,0,0.0,298,955.9322280883788,0,0.0,0,0.0,0,0.0,0,0.0,0,0.0,0,0.0,0,0.0
20,12.4,298,119200.0,1163.0774822875155,14.20121742195375,1163 ± 14.2,1136.41357421875,1211.7552490234375,1.940387676626244,0.0022496970965876,1.94 ± 0.00225,1.940000057220459,1.9574874639511108,0.3721090606572333,0.227557946985991,0.3721 ± 0.2276,0.0274833136904463,1.5032500055566438,384.0,0.0,384 ± 0,384.0,384.0,64.89962740392492,0.0017009553239246,64.9 ± 0.001701,64.89641571044922,64.90271759033203,75.3416748046875,1,1,1,1,1:298,0,0,0.0,model_static,False,mckenzie2003,3.2092446856850745,3.2101263999938965,3.2101263999938965,3.2101263999938965,3.2101263999938965,3.8400000000000007,3.84,3.84,0.8357408035638216,0.8359704166650772,0,0.0,0,0.0,0,0.0,0,0.0,0,0.0,0,0.0,298,956.3549163341522,0,0.0,0,0.0,0,0.0,0,0.0,0,0.0,0,0.0,0,0.0
20,12.3,298,119200.0,1163.0774822875155,14.20121742195375,1163 ± 14.2,1136.41357421875,1211.7552490234375,1.940387676626244,0.0022496970965876,1.94 ± 0.00225,1.940000057220459,1.9574874639511108,0.3721090606572333,0.227557946985991,0.3721 ± 0.2276,0.0274833136904463,1.5032500055566438,381.0973154362416,0.2963868116342489,381.1 ± 0.2964,381.0,382.0,63.83537301441167,0.0153899164505939,63.84 ± 0.01539,63.82619857788086,63.88530731201172,75.3416748046875,1,1,1,1,1:298,0,0,0.0,model_static,False,mckenzie2003,3.2080179468897363,3.2101263999938965,3.175854444503784,3.2101263999938965,3.2101263999938965,3.810973154362416,3.81,3.82,0.8417861620511111,0.8425528608907865,0,0.0,0,0.0,0,0.0,0,0.0,0,0.0,0,0.0,298,955.9893481731416,0,0.0,0,0.0,0,0.0,0,0.0,0,0.0,0,0.0,0,0.0
20,12.2,298,119200.0,1163.0774822875155,14.20121742195375,1163 ± 14.2,1136.41357421875,1211.7552490234375,1.940387676626244,0.0022496970965876,1.94 ± 0.00225,1.940000057220459,1.9574874639511108,0.3721090606572333,0.227557946985991,0.3721 ± 0.2276,0.0274833136904463,1.5032500055566438,381.9832214765101,0.1284406658322459,382 ± 0.1284,381.0,382.0,61.685513157172494,0.0065546011615249,61.69 ± 0.006555,61.63603591918945,61.69000625610352,75.3416748046875,1,1,1,1,1:298,0,0,0.0,model_static,False,mckenzie2003,3.2101263999938965,3.2101263999938965,3.2101263999938965,3.2101263999938965,3.2101263999938965,3.8198322147651007,3.82,3.82,0.8403842324407267,0.8403472251292922,0,0.0,0,0.0,0,0.0,0,0.0,0,0.0,0,0.0,298,956.6176671981812,0,0.0,0,0.0,0,0.0,0,0.0,0,0.0,0,0.0,0,0.0
20,12.1,298,119200.0,1163.0774822875155,14.20121742195375,1163 ± 14.2,1136.41357421875,1211.7552490234375,1.940387676626244,0.0022496970965876,1.94 ± 0.00225,1.940000057220459,1.9574874639511108,0.3721090606572333,0.227557946985991,0.3721 ± 0.2276,0.0274833136904463,1.5032500055566438,388.6476510067114,0.4777019784521593,388.6 ± 0.4777,388.0,389.0,63.980107646660514,0.0226647812505687,63.98 ± 0.02266,63.944862365722656,63.99946594238281,75.3416748046875,1,1,1,1,1:298,0,0,0.0,model_static,False,mckenzie2003,3.221550226211548,3.221550226211548,3.221550226211548,3.221550226211548,3.221550226211548,3.8864765100671135,3.89,3.89,0.8289140790217546,0.8281620118795753,0,0.0,0,0.0,0,0.0,0,0.0,0,0.0,0,0.0,298,960.0219674110411,0,0.0,0,0.0,0,0.0,0,0.0,0,0.0,0,0.0,0,0.0
20,12.0,298,119200.0,1163.0774822875155,14.20121742195375,1163 ± 14.2,1136.41357421875,1211.7552490234375,1.940387676626244,0.0022496970965876,1.94 ± 0.00225,1.940000057220459,1.9574874639511108,0.3721090606572333,0.227557946985991,0.3721 ± 0.2276,0.0274833136904463,1.5032500055566438,393.0,0.0,393 ± 0,393.0,393.0,67.29708060962241,0.000860029222906,67.3 ± 0.00086,67.29510498046875,67.29889678955078,75.3416748046875,1,1,1,1,1:298,0,0,0.0,model_static,False,mckenzie2003,3.2225853148722807,3.221550226211548,3.2101263999938965,3.2443981170654297,3.2443981170654297,3.93,3.93,3.93,0.8199962633262802,0.8197328819876711,0,0.0,0,0.0,0,0.0,0,0.0,0,0.0,0,0.0,298,960.3304238319396,0,0.0,0,0.0,0,0.0,0,0.0,0,0.0,0,0.0,0,0.0
20,11.9,298,119200.0,1163.0774822875155,14.20121742195375,1163 ± 14.2,1136.41357421875,1211.7552490234375,1.940387676626244,0.0022496970965876,1.94 ± 0.00225,1.940000057220459,1.9574874639511108,0.3721090606572333,0.227557946985991,0.3721 ± 0.2276,0.0274833136904463,1.5032500055566438,407.0,0.0,407 ± 0,407.0,407.0,68.78797198301994,0.0019762295426406,68.79 ± 0.001976,68.7818603515625,68.7920913696289,75.3416748046875,1,1,1,1,1:298,0,0,0.0,model_static,False,mckenzie2003,3.2785934017808644,3.278670072555542,3.278670072555542,3.278670072555542,3.278670072555542,4.07,4.07,4.07,0.8055512043687626,0.805570042396939,0,0.0,0,0.0,0,0.0,0,0.0,0,0.0,0,0.0,298,977.0208337306976,0,0.0,0,0.0,0,0.0,0,0.0,0,0.0,0,0.0,0,0.0
20,11.8,298,119200.0,1163.0774822875155,14.20121742195375,1163 ± 14.2,1136.41357421875,1211.7552490234375,1.940387676626244,0.0022496970965876,1.94 ± 0.00225,1.940000057220459,1.9574874639511108,0.3721090606572333,0.227557946985991,0.3721 ± 0.2276,0.0274833136904463,1.5032500055566438,412.0,0.0,412 ± 0,412.0,412.0,69.69026685881134,0.001505321756287,69.69 ± 0.001505,69.68685150146484,69.6936264038086,75.3416748046875,1,1,1,1,1:298,0,0,0.0,model_static,False,mckenzie2003,3.2967643753794214,3.301517963409424,3.278670072555542,3.301517963409424,3.301517963409424,4.12,4.12,4.12,0.8001855280047138,0.8013393115071417,0,0.0,0,0.0,0,0.0,0,0.0,0,0.0,0,0.0,298,982.4357838630676,0,0.0,0,0.0,0,0.0,0,0.0,0,0.0,0,0.0,0,0.0
20,11.7,298,119200.0,1163.0774822875155,14.20121742195375,1163 ± 14.2,1136.41357421875,1211.7552490234375,1.940387676626244,0.0022496970965876,1.94 ± 0.00225,1.940000057220459,1.9574874639511108,0.3721090606572333,0.227557946985991,0.3721 ± 0.2276,0.0274833136904463,1.5032500055566438,412.0,0.0,412 ± 0,412.0,412.0,70.63084921100796,0.0035552892839691,70.63 ± 0.003555,70.61759948730469,70.63380432128906,75.3416748046875,1,1,1,1,1:298,0,0,0.0,model_static,False,mckenzie2003,3.257240541829358,3.25582218170166,3.2443981170654297,3.301517963409424,3.301517963409424,4.12,4.12,4.12,0.7905923645216889,0.7902481023547718,0,0.0,0,0.0,0,0.0,0,0.0,0,0.0,0,0.0,298,970.6576814651488,0,0.0,0,0.0,0,0.0,0,0.0,0,0.0,0,0.0,0,0.0
20,11.6,298,119200.0,1163.0774822875155,14.20121742195375,1163 ± 14.2,1136.41357421875,1211.7552490234375,1.940387676626244,0.0022496970965876,1.94 ± 0.00225,1.940000057220459,1.9574874639511108,0.3721090606572333,0.227557946985991,0.3721 ± 0.2276,0.0274833136904463,1.5032500055566438,420.0,0.0,420 ± 0,420.0,420.0,69.91844753290982,0.0039616086067572,69.92 ± 0.003962,69.9129638671875,69.92697143554688,75.3416748046875,1,1,1,1,1:298,0,0,0.0,model_static,False,mckenzie2003,3.3288509989744863,3.335789680480957,3.301517963409424,3.335789680480957,3.335789680480957,4.2,4.2,4.2,0.7925835711844015,0.7942356382097516,0,0.0,0,0.0,0,0.0,0,0.0,0,0.0,0,0.0,298,991.997597694397,0,0.0,0,0.0,0,0.0,0,0.0,0,0.0,0,0.0,0,0.0
20,11.5,298,119200.0,1163.0774822875155,14.20121742195375,1163 ± 14.2,1136.41357421875,1211.7552490234375,1.940387676626244,0.0022496970965876,1.94 ± 0.00225,1.940000057220459,1.9574874639511108,0.3721090606572333,0.227557946985991,0.3721 ± 0.2276,0.0274833136904463,1.5032500055566438,427.0,0.0,427 ± 0,427.0,427.0,73.9404312748237,0.0044420673638689,73.94 ± 0.004442,73.92516326904297,73.94540405273438,75.3416748046875,1,1,1,1,1:298,0,0,0.0,model_static,False,mckenzie2003,3.3013262388690205,3.301517963409424,3.25582218170166,3.335789680480957,3.3472135066986084,4.2700000000000005,4.2700000000000005,4.2700000000000005,0.7731443182363045,0.7731892185970547,0,0.0,0,0.0,0,0.0,0,0.0,0,0.0,0,0.0,298,983.795219182968,0,0.0,0,0.0,0,0.0,0,0.0,0,0.0,0,0.0,0,0.0
20,11.4,298,119200.0,1163.0774822875155,14.20121742195375,1163 ± 14.2,1136.41357421875,1211.7552490234375,1.940387676626244,0.0022496970965876,1.94 ± 0.00225,1.940000057220459,1.9574874639511108,0.3721090606572333,0.227557946985991,0.3721 ± 0.2276,0.0274833136904463,1.5032500055566438,434.1140939597315,0.3179253498611278,434.1 ± 0.3179,434.0,435.0,72.29382385663538,0.0141521487418474,72.29 ± 0.01415,72.28083038330078,72.33525085449219,75.3416748046875,1,1,1,1,1:298,0,0,0.0,model_static,False,mckenzie2003,3.3463318363932157,3.3472135066986084,3.335789680480957,3.3700613975524902,3.3700613975524902,4.341140939597316,4.34,4.3500000000000005,0.7708405751641709,0.7712473517738729,0,0.0,0,0.0,0,0.0,0,0.0,0,0.0,0,0.0,298,997.2068872451782,0,0.0,0,0.0,0,0.0,0,0.0,0,0.0,0,0.0,0,0.0
20,11.3,298,119200.0,1163.0774822875155,14.20121742195375,1163 ± 14.2,1136.41357421875,1211.7552490234375,1.940387676626244,0.0022496970965876,1.94 ± 0.00225,1.940000057220459,1.9574874639511108,0.3721090606572333,0.227557946985991,0.3721 ± 0.2276,0.0274833136904463,1.5032500055566438,433.0,0.0,433 ± 0,433.0,433.0,71.60035242170295,0.0036908845765884,71.6 ± 0.003691,71.5866470336914,71.6034164428711,75.3416748046875,1,1,1,1,1:298,0,0,0.0,model_static,False,mckenzie2003,3.315471963594424,3.312941789627075,3.301517963409424,3.3700613975524902,3.3700613975524902,4.329999999999999,4.33,4.33,0.7656979130703057,0.7651135772810798,0,0.0,0,0.0,0,0.0,0,0.0,0,0.0,0,0.0,298,988.0106451511384,0,0.0,0,0.0,0,0.0,0,0.0,0,0.0,0,0.0,0,0.0
20,11.2,298,119200.0,1163.0774822875155,14.20121742195375,1163 ± 14.2,1136.41357421875,1211.7552490234375,1.940387676626244,0.0022496970965876,1.94 ± 0.00225,1.940000057220459,1.9574874639511108,0.3721090606572333,0.227557946985991,0.3721 ± 0.2276,0.0274833136904463,1.5032500055566438,440.7953020134228,0.403480756503243,440.8 ± 0.4035,440.0,441.0,74.51066143880755,0.0166755192293238,74.51 ± 0.01668,74.46138000488281,74.52543640136719,75.3416748046875,1,1,1,1,1:298,0,0,0.0,model_static,False,mckenzie2003,3.343150035646938,3.3472135066986084,3.301517963409424,3.3700613975524902,3.3814854621887207,4.4079530201342285,4.41,4.41,0.7584331623337404,0.7590053303171448,0,0.0,0,0.0,0,0.0,0,0.0,0,0.0,0,0.0,298,996.2587106227876,0,0.0,0,0.0,0,0.0,0,0.0,0,0.0,0,0.0,0,0.0
20,11.1,298,119200.0,1163.0774822875155,14.20121742195375,1163 ± 14.2,1136.41357421875,1211.7552490234375,1.940387676626244,0.0022496970965876,1.94 ± 0.00225,1.940000057220459,1.9574874639511108,0.3721090606572333,0.227557946985991,0.3721 ± 0.2276,0.0274833136904463,1.5032500055566438,438.9261744966443,0.2614867079030625,438.9 ± 0.2615,438.0,439.0,76.63265753112384,0.0130770265932049,76.63 ± 0.01308,76.5846176147461,76.6388168334961,75.3416748046875,1,1,1,1,1:298,0,0,0.0,model_static,False,mckenzie2003,3.3761951235316743,3.3814854621887207,3.3700613975524902,3.3814854621887207,3.3814854621887207,4.389261744966443,4.39,4.39,0.7691947585512019,0.7702700369450389,0,0.0,0,0.0,0,0.0,0,0.0,0,0.0,0,0.0,298,1006.106146812439,0,0.0,0,0.0,0,0.0,0,0.0,0,0.0,0,0.0,0,0.0
20,11.0,298,119200.0,1163.0774822875155,14.20121742195375,1163 ± 14.2,1136.41357421875,1211.7552490234375,1.940387676626244,0.0022496970965876,1.94 ± 0.00225,1.940000057220459,1.9574874639511108,0.3721090606572333,0.227557946985991,0.3721 ± 0.2276,0.0274833136904463,1.5032500055566438,443.0,0.0,443 ± 0,443.0,443.0,75.72748965064952,0.0011880434183616,75.73 ± 0.001188,75.72086334228516,75.73019409179688,75.3416748046875,1,1,1,1,1:298,0,0,0.0,model_static,False,mckenzie2003,3.3854723248705767,3.3814854621887207,3.3700613975524902,3.4043333530426025,3.4043333530426025,4.43,4.43,4.43,0.7642149717540805,0.7633150027514043,0,0.0,0,0.0,0,0.0,0,0.0,0,0.0,0,0.0,298,1008.870752811432,0,0.0,0,0.0,0,0.0,0,0.0,0,0.0,0,0.0,0,0.0
20,10.9,298,119200.0,1163.0774822875155,14.20121742195375,1163 ± 14.2,1136.41357421875,1211.7552490234375,1.940387676626244,0.0022496970965876,1.94 ± 0.00225,1.940000057220459,1.9574874639511108,0.3721090606572333,0.227557946985991,0.3721 ± 0.2276,0.0274833136904463,1.5032500055566438,441.6040268456376,0.4890587034157498,441.6 ± 0.4891,441.0,442.0,74.54286762211947,0.0218500358122533,74.54 ± 0.02185,74.51465606689453,74.56261444091797,75.3416748046875,1,1,1,1,1:298,0,0,0.0,model_static,False,mckenzie2003,3.37450836968902,3.3814854621887207,3.3472135066986084,3.3814854621887207,3.3814854621887207,4.416040268456376,4.42,4.42,0.7641470578519997,0.7650419597712038,0,0.0,0,0.0,0,0.0,0,0.0,0,0.0,0,0.0,298,1005.603494167328,0,0.0,0,0.0,0,0.0,0,0.0,0,0.0,0,0.0,0,0.0
20,10.8,298,119200.0,1163.0774822875155,14.20121742195375,1163 ± 14.2,1136.41357421875,1211.7552490234375,1.940387676626244,0.0022496970965876,1.94 ± 0.00225,1.940000057220459,1.9574874639511108,0.3721090606572333,0.227557946985991,0.3721 ± 0.2276,0.0274833136904463,1.5032500055566438,446.9832214765101,0.1284406658322459,447 ± 0.1284,446.0,447.0,74.78219386875229,0.0084392903306952,74.78 ± 0.008439,74.73194885253906,74.7937240600586,75.3416748046875,1,1,1,1,1:298,0,0,0.0,model_static,False,mckenzie2003,3.389344191391196,3.4043333530426025,3.335789680480957,3.4043333530426025,3.4043333530426025,4.4698322147651,4.47,4.47,0.7582711227345511,0.7615958284211639,0,0.0,0,0.0,0,0.0,0,0.0,0,0.0,0,0.0,298,1010.0245690345764,0,0.0,0,0.0,0,0.0,0,0.0,0,0.0,0,0.0,0,0.0
20,10.7,298,119200.0,1163.0774822875155,14.20121742195375,1163 ± 14.2,1136.41357421875,1211.7552490234375,1.940387676626244,0.0022496970965876,1.94 ± 0.00225,1.940000057220459,1.9574874639511108,0.3721090606572333,0.227557946985991,0.3721 ± 0.2276,0.0274833136904463,1.5032500055566438,441.1845637583893,0.3879432657986113,441.2 ± 0.3879,441.0,442.0,77.49072567728543,0.020820415332142,77.49 ± 0.02082,77.4735107421875,77.5429916381836,75.3416748046875,1,1,1,1,1:298,0,0,0.0,model_static,False,mckenzie2003,3.3686813948138448,3.3700613975524902,3.301517963409424,3.3814854621887207,3.3814854621887207,4.411845637583893,4.41,4.42,0.7635565947018105,0.7641862579484104,0,0.0,0,0.0,0,0.0,0,0.0,0,0.0,0,0.0,298,1003.8670556545258,0,0.0,0,0.0,0,0.0,0,0.0,0,0.0,0,0.0,0,0.0
20,10.6,298,119200.0,1163.0774822875155,14.20121742195375,1163 ± 14.2,1136.41357421875,1211.7552490234375,1.940387676626244,0.0022496970965876,1.94 ± 0.00225,1.940000057220459,1.9574874639511108,0.3721090606572333,0.227557946985991,0.3721 ± 0.2276,0.0274833136904463,1.5032500055566438,441.0,0.0,441 ± 0,441.0,441.0,73.96290178746985,0.001294400997133,73.96 ± 0.001294,73.95745086669922,73.96484375,75.3416748046875,1,1,1,1,1:298,0,0,0.0,model_static,False,mckenzie2003,3.325784139185144,3.335789680480957,3.301517963409424,3.3472135066986084,3.3472135066986084,4.409999999999999,4.41,4.41,0.7541460633072888,0.7564148935330968,0,0.0,0,0.0,0,0.0,0,0.0,0,0.0,0,0.0,298,991.0836734771729,0,0.0,0,0.0,0,0.0,0,0.0,0,0.0,0,0.0,0,0.0
20,10.5,298,119200.0,1163.0774822875155,14.20121742195375,1163 ± 14.2,1136.41357421875,1211.7552490234375,1.940387676626244,0.0022496970965876,1.94 ± 0.00225,1.940000057220459,1.9574874639511108,0.3721090606572333,0.227557946985991,0.3721 ± 0.2276,0.0274833136904463,1.5032500055566438,441.9832214765101,0.1284406658322459,442 ± 0.1284,441.0,442.0,75.98992812393496,0.0060194852373719,75.99 ± 0.006019,75.94123840332031,75.99272155761719,75.3416748046875,1,1,1,1,1:298,0,0,0.0,model_static,False,mckenzie2003,3.3419616166377226,3.3472135066986084,3.312941789627075,3.3700613975524902,3.3700613975524902,4.419832214765101,4.42,4.42,0.7561285091218146,0.757288123687468,0,0.0,0,0.0,0,0.0,0,0.0,0,0.0,0,0.0,298,995.9045617580414,0,0.0,0,0.0,0,0.0,0,0.0,0,0.0,0,0.0,0,0.0
20,10.4,298,119200.0,1163.0774822875155,14.20121742195375,1163 ± 14.2,1136.41357421875,1211.7552490234375,1.940387676626244,0.0022496970965876,1.94 ± 0.00225,1.940000057220459,1.9574874639511108,0.3721090606572333,0.227557946985991,0.3721 ± 0.2276,0.0274833136904463,1.5032500055566438,430.496644295302,0.4999887391191724,430.5 ± 0.5,430.0,431.0,73.93455973887603,0.0220415746419965,73.93 ± 0.02204,73.89900970458984,73.95804595947266,75.3416748046875,1,1,1,1,1:298,0,0,0.0,model_static,False,mckenzie2003,3.3106033818033715,3.312941789627075,3.301517963409424,3.335789680480957,3.3472135066986084,4.30496644295302,4.3,4.3100000000000005,0.7690186012956364,0.7686639883125463,0,0.0,0,0.0,0,0.0,0,0.0,0,0.0,0,0.0,298,986.5598077774048,0,0.0,0,0.0,0,0.0,0,0.0,0,0.0,0,0.0,0,0.0
20,10.3,298,119200.0,1163.0774822875155,14.20121742195375,1163 ± 14.2,1136.41357421875,1211.7552490234375,1.940387676626244,0.0022496970965876,1.94 ± 0.00225,1.940000057220459,1.9574874639511108,0.3721090606572333,0.227557946985991,0.3721 ± 0.2276,0.0274833136904463,1.5032500055566438,436.0,0.0,436 ± 0,436.0,436.0,76.36141012819022,0.0023161286754109,76.36 ± 0.002316,76.35801696777344,76.36761474609375,75.3416748046875,1,1,1,1,1:298,0,0,0.0,model_static,False,mckenzie2003,3.3633143701809365,3.3700613975524902,3.3472135066986084,3.3700613975524902,3.3700613975524902,4.36,4.36,4.36,0.7714023784818661,0.7729498618239656,0,0.0,0,0.0,0,0.0,0,0.0,0,0.0,0,0.0,298,1002.2676823139192,0,0.0,0,0.0,0,0.0,0,0.0,0,0.0,0,0.0,0,0.0
20,10.2,298,119200.0,1163.0774822875155,14.20121742195375,1163 ± 14.2,1136.41357421875,1211.7552490234375,1.940387676626244,0.0022496970965876,1.94 ± 0.00225,1.940000057220459,1.9574874639511108,0.3721090606572333,0.227557946985991,0.3721 ± 0.2276,0.0274833136904463,1.5032500055566438,436.0,0.0,436 ± 0,436.0,436.0,79.27316340504076,0.0013012756647745,79.27 ± 0.001301,79.2620620727539,79.2750473022461,75.3416748046875,1,1,1,1,1:298,0,0,0.0,model_static,False,mckenzie2003,3.34230663472374,3.3472135066986084,3.312941789627075,3.3700613975524902,3.3700613975524902,4.36,4.36,4.36,0.7665840905329678,0.7677095198850019,0,0.0,0,0.0,0,0.0,0,0.0,0,0.0,0,0.0,298,996.0073771476746,0,0.0,0,0.0,0,0.0,0,0.0,0,0.0,0,0.0,0,0.0
20,10.1,298,119200.0,1163.0774822875155,14.20121742195375,1163 ± 14.2,1136.41357421875,1211.7552490234375,1.940387676626244,0.0022496970965876,1.94 ± 0.00225,1.940000057220459,1.9574874639511108,0.3721090606572333,0.227557946985991,0.3721 ± 0.2276,0.0274833136904463,1.5032500055566438,437.0,0.0,437 ± 0,437.0,437.0,76.66134200640172,0.0018487578311766,76.66 ± 0.001849,76.65371704101562,76.66504669189453,75.3416748046875,1,1,1,1,1:298,0,0,0.0,model_static,False,mckenzie2003,3.368144628185554,3.3700613975524902,3.3472135066986084,3.3700613975524902,3.3700613975524902,4.37,4.37,4.37,0.7707424778456645,0.7711810978380984,0,0.0,0,0.0,0,0.0,0,0.0,0,0.0,0,0.0,298,1003.707099199295,0,0.0,0,0.0,0,0.0,0,0.0,0,0.0,0,0.0,0,0.0
20,10.0,298,119200.0,1163.0774822875155,14.20121742195375,1163 ± 14.2,1136.41357421875,1211.7552490234375,1.940387676626244,0.0022496970965876,1.94 ± 0.00225,1.940000057220459,1.9574874639511108,0.3721090606572333,0.227557946985991,0.3721 ± 0.2276,0.0274833136904463,1.5032500055566438,434.9832214765101,0.1284406658322459,435 ± 0.1284,434.0,435.0,73.64363968612363,0.0074032654546276,73.64 ± 0.007403,73.59465789794922,73.65967559814453,75.3416748046875,1,1,1,1,1:298,0,0,0.0,model_static,False,mckenzie2003,3.366457883143585,3.3700613975524902,3.34035917520523,3.3700613975524902,3.3700613975524902,4.349832214765102,4.3500000000000005,4.3500000000000005,0.7739282338032138,0.7747267580580436,0,0.0,0,0.0,0,0.0,0,0.0,0,0.0,0,0.0,298,1003.2044491767884,0,0.0,0,0.0,0,0.0,0,0.0,0,0.0,0,0.0,0,0.0
20,9.9,298,119200.0,1163.0774822875155,14.20121742195375,1163 ± 14.2,1136.41357421875,1211.7552490234375,1.940387676626244,0.0022496970965876,1.94 ± 0.00225,1.940000057220459,1.9574874639511108,0.3721090606572333,0.227557946985991,0.3721 ± 0.2276,0.0274833136904463,1.5032500055566438,439.996644295302,0.0578311675825976,440 ± 0.05783,439.0,440.0,76.54821313947639,0.0035594267991358,76.55 ± 0.003559,76.49720764160156,76.5530014038086,75.3416748046875,1,1,1,1,1:298,0,0,0.0,model_static,False,mckenzie2003,3.3814854621887207,3.3814854621887207,3.3814854621887207,3.3814854621887207,3.3814854621887207,4.399966442953019,4.4,4.4,0.7685252977673948,0.7685194232247092,0,0.0,0,0.0,0,0.0,0,0.0,0,0.0,0,0.0,298,1007.6826677322388,0,0.0,0,0.0,0,0.0,0,0.0,0,0.0,0,0.0,0,0.0
20,9.8,298,119200.0,1163.0774822875155,14.20121742195375,1163 ± 14.2,1136.41357421875,1211.7552490234375,1.940387676626244,0.0022496970965876,1.94 ± 0.00225,1.940000057220459,1.9574874639511108,0.3721090606572333,0.227557946985991,0.3721 ± 0.2276,0.0274833136904463,1.5032500055566438,439.0872483221477,0.2821986045856193,439.1 ± 0.2822,439.0,440.0,74.62531667107703,0.0126307075292932,74.63 ± 0.01263,74.6123275756836,74.66635131835938,75.3416748046875,1,1,1,1,1:298,0,0,0.0,model_static,False,mckenzie2003,3.3509704034600483,3.3472135066986084,3.335789680480957,3.3700613975524902,3.3700613975524902,4.390872483221477,4.39,4.4,0.7631667764133103,0.7624632133709814,0,0.0,0,0.0,0,0.0,0,0.0,0,0.0,0,0.0,298,998.5891802310944,0,0.0,0,0.0,0,0.0,0,0.0,0,0.0,0,0.0,0,0.0
20,9.7,298,119200.0,1163.0774822875155,14.20121742195375,1163 ± 14.2,1136.41357421875,1211.7552490234375,1.940387676626244,0.0022496970965876,1.94 ± 0.00225,1.940000057220459,1.9574874639511108,0.3721090606572333,0.227557946985991,0.3721 ± 0.2276,0.0274833136904463,1.5032500055566438,441.0,0.0,441 ± 0,441.0,441.0,79.14093521937428,0.0010919582203112,79.14 ± 0.001092,79.13109588623047,79.1425552368164,75.3416748046875,1,1,1,1,1:298,0,0,0.0,model_static,False,mckenzie2003,3.3664195641575243,3.3700613975524902,3.3472135066986084,3.3814854621887207,3.3814854621887207,4.409999999999999,4.41,4.41,0.7633604453871937,0.7641862579484104,0,0.0,0,0.0,0,0.0,0,0.0,0,0.0,0,0.0,298,1003.1930301189424,0,0.0,0,0.0,0,0.0,0,0.0,0,0.0,0,0.0,0,0.0
20,9.6,298,119200.0,1163.0774822875155,14.20121742195375,1163 ± 14.2,1136.41357421875,1211.7552490234375,1.940387676626244,0.0022496970965876,1.94 ± 0.00225,1.940000057220459,1.9574874639511108,0.3721090606572333,0.227557946985991,0.3721 ± 0.2276,0.0274833136904463,1.5032500055566438,444.9463087248322,0.2254074580368679,444.9 ± 0.2254,444.0,445.0,79.91225604882976,0.0113791254715911,79.91 ± 0.01138,79.86445617675781,79.91793823242188,75.3416748046875,1,1,1,1,1:298,0,0,0.0,model_static,False,mckenzie2003,3.371978211722918,3.3700613975524902,3.3472135066986084,3.3814854621887207,3.4043333530426025,4.449463087248322,4.45,4.45,0.7578397251382994,0.7573171679893236,0,0.0,0,0.0,0,0.0,0,0.0,0,0.0,0,0.0,298,1004.8495070934296,0,0.0,0,0.0,0,0.0,0,0.0,0,0.0,0,0.0,0,0.0
20,9.5,298,119200.0,1163.0774822875155,14.20121742195375,1163 ± 14.2,1136.41357421875,1211.7552490234375,1.940387676626244,0.0022496970965876,1.94 ± 0.00225,1.940000057220459,1.9574874639511108,0.3721090606572333,0.227557946985991,0.3721 ± 0.2276,0.0274833136904463,1.5032500055566438,435.0,0.0,435 ± 0,435.0,435.0,79.97820860587511,0.0033902787413215,79.98 ± 0.00339,79.9708251953125,79.9865951538086,75.3416748046875,1,1,1,1,1:298,0,0,0.0,model_static,False,mckenzie2003,3.363659397867702,3.3700613975524902,3.335789680480957,3.3700613975524902,3.3700613975524902,4.3500000000000005,4.3500000000000005,4.3500000000000005,0.773255033992575,0.7747267580580436,0,0.0,0,0.0,0,0.0,0,0.0,0,0.0,0,0.0,298,1002.3705005645752,0,0.0,0,0.0,0,0.0,0,0.0,0,0.0,0,0.0,0,0.0
20,9.4,298,119200.0,1163.0774822875155,14.20121742195375,1163 ± 14.2,1136.41357421875,1211.7552490234375,1.940387676626244,0.0022496970965876,1.94 ± 0.00225,1.940000057220459,1.9574874639511108,0.3721090606572333,0.227557946985991,0.3721 ± 0.2276,0.0274833136904463,1.5032500055566438,442.9530201342282,0.2115957418850261,443 ± 0.2116,442.0,443.0,77.52709648593161,0.0114143972012665,77.53 ± 0.01141,77.47755432128906,77.53577423095703,75.3416748046875,1,1,1,1,1:298,0,0,0.0,model_static,False,mckenzie2003,3.3653078407249195,3.3700613975524902,3.3472135066986084,3.3814854621887207,3.3814854621887207,4.429530201342282,4.43,4.43,0.7597442625159406,0.7607362071224584,0,0.0,0,0.0,0,0.0,0,0.0,0,0.0,0,0.0,298,1002.861736536026,0,0.0,0,0.0,0,0.0,0,0.0,0,0.0,0,0.0,0,0.0
20,9.3,298,119200.0,1163.0774822875155,14.20121742195375,1163 ± 14.2,1136.41357421875,1211.7552490234375,1.940387676626244,0.0022496970965876,1.94 ± 0.00225,1.940000057220459,1.9574874639511108,0.3721090606572333,0.227557946985991,0.3721 ± 0.2276,0.0274833136904463,1.5032500055566438,444.9127516778523,0.2821986045856193,444.9 ± 0.2822,444.0,445.0,76.39460127145652,0.0159322166345408,76.39 ± 0.01593,76.34508514404297,76.40739440917969,75.3416748046875,1,1,1,1,1:298,0,0,0.0,model_static,False,mckenzie2003,3.3695631451254724,3.3472135066986084,3.335789680480957,3.4043333530426025,3.4043333530426025,4.449127516778524,4.45,4.45,0.7573551820891902,0.7521828104940693,0,0.0,0,0.0,0,0.0,0,0.0,0,0.0,0,0.0,298,1004.1298172473907,0,0.0,0,0.0,0,0.0,0,0.0,0,0.0,0,0.0,0,0.0
20,9.2,298,119200.0,1163.0774822875155,14.20121742195375,1163 ± 14.2,1136.41357421875,1211.7552490234375,1.940387676626244,0.0022496970965876,1.94 ± 0.00225,1.940000057220459,1.9574874639511108,0.3721090606572333,0.227557946985991,0.3721 ± 0.2276,0.0274833136904463,1.5032500055566438,448.993288590604,0.0816478191986338,449 ± 0.08165,448.0,449.0,77.03323041672675,0.0037122810626761,77.03 ± 0.003712,76.98917388916016,77.03558349609375,75.3416748046875,1,1,1,1,1:298,0,0,0.0,model_static,False,mckenzie2003,3.370981491652111,3.3700613975524902,3.3472135066986084,3.3814854621887207,3.4043333530426025,4.4899328859060414,4.49,4.49,0.7507865177131474,0.7505704671609109,0,0.0,0,0.0,0,0.0,0,0.0,0,0.0,0,0.0,298,1004.5524845123292,0,0.0,0,0.0,0,0.0,0,0.0,0,0.0,0,0.0,0,0.0
20,9.1,298,119200.0,1163.0774822875155,14.20121742195375,1163 ± 14.2,1136.41357421875,1211.7552490234375,1.940387676626244,0.0022496970965876,1.94 ± 0.00225,1.940000057220459,1.9574874639511108,0.3721090606572333,0.227557946985991,0.3721 ± 0.2276,0.0274833136904463,1.5032500055566438,448.9060402684564,0.291772686164888,448.9 ± 0.2918,448.0,449.0,78.04057698601844,0.0142529980611312,78.04 ± 0.01425,77.99512481689453,78.04731750488281,75.3416748046875,1,1,1,1,1:298,0,0,0.0,model_static,False,mckenzie2003,3.37642513345552,3.3814854621887207,3.3700613975524902,3.3814854621887207,3.4043333530426025,4.489060402684564,4.49,4.49,0.752145522571517,0.7531148022692028,0,0.0,0,0.0,0,0.0,0,0.0,0,0.0,0,0.0,298,1006.1746897697448,0,0.0,0,0.0,0,0.0,0,0.0,0,0.0,0,0.0,0,0.0
20,9.0,298,119200.0,1163.0774822875155,14.20121742195375,1163 ± 14.2,1136.41357421875,1211.7552490234375,1.940387676626244,0.0022496970965876,1.94 ± 0.00225,1.940000057220459,1.9574874639511108,0.3721090606572333,0.227557946985991,0.3721 ± 0.2276,0.0274833136904463,1.5032500055566438,444.1711409395973,0.3766320729718374,444.2 ± 0.3766,444.0,445.0,79.33253432920316,0.0187289044399235,79.33 ± 0.01873,79.32159423828125,79.37466430664062,75.3416748046875,1,1,1,1,1:298,0,0,0.0,model_static,False,mckenzie2003,3.362854345532872,3.3700613975524902,3.3472135066986084,3.3700613975524902,3.3700613975524902,4.441711409395974,4.44,4.45,0.7571096965773655,0.7590228372865968,0,0.0,0,0.0,0,0.0,0,0.0,0,0.0,0,0.0,298,1002.1305949687958,0,0.0,0,0.0,0,0.0,0,0.0,0,0.0,0,0.0,0,0.0
20,8.9,298,119200.0,1163.0774822875155,14.20121742195375,1163 ± 14.2,1136.41357421875,1211.7552490234375,1.940387676626244,0.0022496970965876,1.94 ± 0.00225,1.940000057220459,1.9574874639511108,0.3721090606572333,0.227557946985991,0.3721 ± 0.2276,0.0274833136904463,1.5032500055566438,433.0,0.0,433 ± 0,433.0,433.0,74.91018466821453,0.0008053697016993,74.91 ± 0.0008054,74.908447265625,74.91165924072266,75.3416748046875,1,1,1,1,1:298,0,0,0.0,model_static,False,mckenzie2003,3.342498309660278,3.3472135066986084,3.312941789627075,3.3700613975524902,3.3700613975524902,4.329999999999999,4.33,4.33,0.7719395634319349,0.7730285234869765,0,0.0,0,0.0,0,0.0,0,0.0,0,0.0,0,0.0,298,996.0644962787628,0,0.0,0,0.0,0,0.0,0,0.0,0,0.0,0,0.0,0,0.0
20,8.8,298,119200.0,1163.0774822875155,14.20121742195375,1163 ± 14.2,1136.41357421875,1211.7552490234375,1.940387676626244,0.0022496970965876,1.94 ± 0.00225,1.940000057220459,1.9574874639511108,0.3721090606572333,0.227557946985991,0.3721 ± 0.2276,0.0274833136904463,1.5032500055566438,431.0,0.0,431 ± 0,431.0,431.0,74.98565420368374,0.0032708904536383,74.99 ± 0.003271,74.98193359375,74.99689483642578,75.3416748046875,1,1,1,1,1:298,0,0,0.0,model_static,False,mckenzie2003,3.341999930023347,3.3472135066986084,3.301517963409424,3.3472135066986084,3.3472135066986084,4.310000000000002,4.3100000000000005,4.3100000000000005,0.775406016246716,0.7766156628071016,0,0.0,0,0.0,0,0.0,0,0.0,0,0.0,0,0.0,298,995.9159791469574,0,0.0,0,0.0,0,0.0,0,0.0,0,0.0,0,0.0,0,0.0
20,8.7,298,119200.0,1163.0774822875155,14.20121742195375,1163 ± 14.2,1136.41357421875,1211.7552490234375,1.940387676626244,0.0022496970965876,1.94 ± 0.00225,1.940000057220459,1.9574874639511108,0.3721090606572333,0.227557946985991,0.3721 ± 0.2276,0.0274833136904463,1.5032500055566438,443.0,0.0,443 ± 0,443.0,443.0,77.45202106757452,0.0028831373885861,77.45 ± 0.002883,77.44325256347656,77.45556640625,75.3416748046875,1,1,1,1,1:298,0,0,0.0,model_static,False,mckenzie2003,3.3573724007446493,3.3472135066986084,3.335789680480957,3.3814854621887207,3.3814854621887207,4.43,4.43,4.43,0.7578718737572572,0.7555786696836588,0,0.0,0,0.0,0,0.0,0,0.0,0,0.0,0,0.0,298,1000.4969754219056,0,0.0,0,0.0,0,0.0,0,0.0,0,0.0,0,0.0,0,0.0
20,8.6,298,119200.0,1163.0774822875155,14.20121742195375,1163 ± 14.2,1136.41357421875,1211.7552490234375,1.940387676626244,0.0022496970965876,1.94 ± 0.00225,1.940000057220459,1.9574874639511108,0.3721090606572333,0.227557946985991,0.3721 ± 0.2276,0.0274833136904463,1.5032500055566438,439.1946308724832,0.395916273926245,439.2 ± 0.3959,439.0,440.0,78.4162046701316,0.0177818220313583,78.42 ± 0.01778,78.40589904785156,78.45327758789062,75.3416748046875,1,1,1,1,1:298,0,0,0.0,model_static,False,mckenzie2003,3.371556526862535,3.3700613975524902,3.3472135066986084,3.3814854621887207,3.3814854621887207,4.391946308724833,4.39,4.4,0.7676675969940568,0.767667744317196,0,0.0,0,0.0,0,0.0,0,0.0,0,0.0,0,0.0,298,1004.7238450050354,0,0.0,0,0.0,0,0.0,0,0.0,0,0.0,0,0.0,0,0.0
20,8.5,298,119200.0,1163.0774822875155,14.20121742195375,1163 ± 14.2,1136.41357421875,1211.7552490234375,1.940387676626244,0.0022496970965876,1.94 ± 0.00225,1.940000057220459,1.9574874639511108,0.3721090606572333,0.227557946985991,0.3721 ± 0.2276,0.0274833136904463,1.5032500055566438,441.0,0.0,441 ± 0,441.0,441.0,79.60997833661585,0.0012274157585483,79.61 ± 0.001227,79.60508728027344,79.6119384765625,75.3416748046875,1,1,1,1,1:298,0,0,0.0,model_static,False,mckenzie2003,3.3470985385395537,3.3472135066986084,3.335789680480957,3.3700613975524902,3.3700613975524902,4.409999999999999,4.41,4.41,0.7589792604398081,0.7590053303171448,0,0.0,0,0.0,0,0.0,0,0.0,0,0.0,0,0.0,298,997.435364484787,0,0.0,0,0.0,0,0.0,0,0.0,0,0.0,0,0.0,0,0.0
20,8.4,298,119200.0,1163.0774822875155,14.20121742195375,1163 ± 14.2,1136.41357421875,1211.7552490234375,1.940387676626244,0.0022496970965876,1.94 ± 0.00225,1.940000057220459,1.9574874639511108,0.3721090606572333,0.227557946985991,0.3721 ± 0.2276,0.0274833136904463,1.5032500055566438,446.993288590604,0.0816478191986338,447 ± 0.08165,446.0,447.0,80.4969180830373,0.0037859178842233,80.5 ± 0.003786,80.45159149169922,80.49887084960938,75.3416748046875,1,1,1,1,1:298,0,0,0.0,model_static,False,mckenzie2003,3.384053901537953,3.3814854621887207,3.3700613975524902,3.4043333530426025,3.4043333530426025,4.469932885906039,4.47,4.47,0.7570703065810467,0.7564844434426669,0,0.0,0,0.0,0,0.0,0,0.0,0,0.0,0,0.0,298,1008.44806265831,0,0.0,0,0.0,0,0.0,0,0.0,0,0.0,0,0.0,0,0.0
20,8.3,298,119200.0,1163.0774822875155,14.20121742195375,1163 ± 14.2,1136.41357421875,1211.7552490234375,1.940387676626244,0.0022496970965876,1.94 ± 0.00225,1.940000057220459,1.9574874639511108,0.3721090606572333,0.227557946985991,0.3721 ± 0.2276,0.0274833136904463,1.5032500055566438,441.0,0.0,441 ± 0,441.0,441.0,78.58250726789436,0.0053527491238957,78.58 ± 0.005353,78.57156372070312,78.58753967285156,75.3416748046875,1,1,1,1,1:298,0,0,0.0,model_static,False,mckenzie2003,3.341923314452971,3.335789680480957,3.312941789627075,3.3814854621887207,3.3814854621887207,4.409999999999999,4.41,4.41,0.757805740238769,0.7564148935330968,0,0.0,0,0.0,0,0.0,0,0.0,0,0.0,0,0.0,298,995.8931477069856,0,0.0,0,0.0,0,0.0,0,0.0,0,0.0,0,0.0,0,0.0
20,8.2,298,119200.0,1163.0774822875155,14.20121742195375,1163 ± 14.2,1136.41357421875,1211.7552490234375,1.940387676626244,0.0022496970965876,1.94 ± 0.00225,1.940000057220459,1.9574874639511108,0.3721090606572333,0.227557946985991,0.3721 ± 0.2276,0.0274833136904463,1.5032500055566438,441.0,0.0,441 ± 0,441.0,441.0,79.9455695952345,0.0014769074731337,79.95 ± 0.001477,79.93186950683594,79.94735717773438,75.3416748046875,1,1,1,1,1:298,0,0,0.0,model_static,False,mckenzie2003,3.33575130469047,3.335789680480957,3.312941789627075,3.3472135066986084,3.3814854621887207,4.409999999999999,4.41,4.41,0.7564061915397892,0.7564148935330968,0,0.0,0,0.0,0,0.0,0,0.0,0,0.0,0,0.0,298,994.05388879776,0,0.0,0,0.0,0,0.0,0,0.0,0,0.0,0,0.0,0,0.0
20,8.1,298,119200.0,1163.0774822875155,14.20121742195375,1163 ± 14.2,1136.41357421875,1211.7552490234375,1.940387676626244,0.0022496970965876,1.94 ± 0.00225,1.940000057220459,1.9574874639511108,0.3721090606572333,0.227557946985991,0.3721 ± 0.2276,0.0274833136904463,1.5032500055566438,440.0771812080537,0.2668787537011219,440.1 ± 0.2669,440.0,441.0,79.61607819115555,0.0141710065076526,79.62 ± 0.01417,79.6046142578125,79.6697006225586,75.3416748046875,1,1,1,1,1:298,0,0,0.0,model_static,False,mckenzie2003,3.3561840585414195,3.3700613975524902,3.335789680480957,3.3814854621887207,3.3814854621887207,4.400771812080537,4.4,4.41,0.7626363213084297,0.7659230448982932,0,0.0,0,0.0,0,0.0,0,0.0,0,0.0,0,0.0,298,1000.142849445343,0,0.0,0,0.0,0,0.0,0,0.0,0,0.0,0,0.0,0,0.0
20,8.0,298,119200.0,1163.0774822875155,14.20121742195375,1163 ± 14.2,1136.41357421875,1211.7552490234375,1.940387676626244,0.0022496970965876,1.94 ± 0.00225,1.940000057220459,1.9574874639511108,0.3721090606572333,0.227557946985991,0.3721 ± 0.2276,0.0274833136904463,1.5032500055566438,449.755033557047,0.4300673026166542,449.8 ± 0.4301,449.0,450.0,80.58612613549968,0.0192336859296991,80.59 ± 0.01923,80.5390853881836,80.59869384765625,75.3416748046875,1,1,1,1,1:298,0,0,0.0,model_static,False,mckenzie2003,3.352925500613731,3.3472135066986084,3.335789680480957,3.3700613975524902,3.4043333530426025,4.49755033557047,4.5,4.5,0.745499595660691,0.7438252237108018,0,0.0,0,0.0,0,0.0,0,0.0,0,0.0,0,0.0,298,999.1717991828918,0,0.0,0,0.0,0,0.0,0,0.0,0,0.0,0,0.0,0,0.0
20,7.9,298,119200.0,1163.0774822875155,14.20121742195375,1163 ± 14.2,1136.41357421875,1211.7552490234375,1.940387676626244,0.0022496970965876,1.94 ± 0.00225,1.940000057220459,1.9574874639511108,0.3721090606572333,0.227557946985991,0.3721 ± 0.2276,0.0274833136904463,1.5032500055566438,449.9395973154362,0.2382314006617295,449.9 ± 0.2382,449.0,450.0,82.71262185525575,0.0106065087006453,82.71 ± 0.01061,82.67036437988281,82.71693420410156,75.3416748046875,1,1,1,1,1:298,0,0,0.0,model_static,False,mckenzie2003,3.353730544947938,3.3472135066986084,3.335789680480957,3.3700613975524902,3.3814854621887207,4.499395973154363,4.5,4.5,0.745373101703497,0.7438252237108018,0,0.0,0,0.0,0,0.0,0,0.0,0,0.0,0,0.0,298,999.4117023944856,0,0.0,0,0.0,0,0.0,0,0.0,0,0.0,0,0.0,0,0.0
20,7.8,298,119200.0,1163.0774822875155,14.20121742195375,1163 ± 14.2,1136.41357421875,1211.7552490234375,1.940387676626244,0.0022496970965876,1.94 ± 0.00225,1.940000057220459,1.9574874639511108,0.3721090606572333,0.227557946985991,0.3721 ± 0.2276,0.0274833136904463,1.5032500055566438,447.38926174496646,0.487582853340971,447.4 ± 0.4876,447.0,448.0,83.20938796485031,0.0219751582091117,83.21 ± 0.02198,83.18128204345703,83.23809814453125,75.3416748046875,1,1,1,1,1:298,0,0,0.0,model_static,False,mckenzie2003,3.334332902159467,3.335789680480957,3.312941789627075,3.3472135066986084,3.3814854621887207,4.473892617449664,4.47,4.48,0.745285784888651,0.7462616734856727,0,0.0,0,0.0,0,0.0,0,0.0,0,0.0,0,0.0,298,993.6312048435212,0,0.0,0,0.0,0,0.0,0,0.0,0,0.0,0,0.0,0,0.0
20,7.7,298,119200.0,1163.0774822875155,14.20121742195375,1163 ± 14.2,1136.41357421875,1211.7552490234375,1.940387676626244,0.0022496970965876,1.94 ± 0.00225,1.940000057220459,1.9574874639511108,0.3721090606572333,0.227557946985991,0.3721 ± 0.2276,0.0274833136904463,1.5032500055566438,448.0,0.0,448 ± 0,448.0,448.0,80.75469776127963,0.0008358740491309,80.75 ± 0.0008359,80.7529067993164,80.7567138671875,75.3416748046875,1,1,1,1,1:298,0,0,0.0,model_static,False,mckenzie2003,3.389765890652701,3.3814854621887207,3.3700613975524902,3.4043333530426025,3.4043333530426025,4.480000000000001,4.48,4.48,0.7566441720206922,0.7547958620956965,0,0.0,0,0.0,0,0.0,0,0.0,0,0.0,0,0.0,298,1010.150235414505,0,0.0,0,0.0,0,0.0,0,0.0,0,0.0,0,0.0,0,0.0
20,7.6,298,119200.0,1163.0774822875155,14.20121742195375,1163 ± 14.2,1136.41357421875,1211.7552490234375,1.940387676626244,0.0022496970965876,1.94 ± 0.00225,1.940000057220459,1.9574874639511108,0.3721090606572333,0.227557946985991,0.3721 ± 0.2276,0.0274833136904463,1.5032500055566438,447.4127516778523,0.4923288842658124,447.4 ± 0.4923,447.0,448.0,83.05100603551672,0.0223798913500398,83.05 ± 0.02238,83.02347564697266,83.07910919189453,75.3416748046875,1,1,1,1,1:298,0,0,0.0,model_static,False,mckenzie2003,3.345450113283708,3.3472135066986084,3.335789680480957,3.3700613975524902,3.3700613975524902,4.474127516778523,4.47,4.48,0.7477322923442552,0.7471458720309393,0,0.0,0,0.0,0,0.0,0,0.0,0,0.0,0,0.0,298,996.9441337585448,0,0.0,0,0.0,0,0.0,0,0.0,0,0.0,0,0.0,0,0.0
20,7.5,298,119200.0,1163.0774822875155,14.20121742195375,1163 ± 14.2,1136.41357421875,1211.7552490234375,1.940387676626244,0.0022496970965876,1.94 ± 0.00225,1.940000057220459,1.9574874639511108,0.3721090606572333,0.227557946985991,0.3721 ± 0.2276,0.0274833136904463,1.5032500055566438,446.0,0.0,446 ± 0,446.0,446.0,81.24094762098069,0.0018121760863538,81.24 ± 0.001812,81.23857116699219,81.24626159667969,75.3416748046875,1,1,1,1,1:298,0,0,0.0,model_static,False,mckenzie2003,3.3936761025614386,3.4043333530426025,3.3700613975524902,3.4043333530426025,3.4043333530426025,4.46,4.46,4.46,0.7609139243411297,0.7633034423862337,0,0.0,0,0.0,0,0.0,0,0.0,0,0.0,0,0.0,298,1011.3154785633088,0,0.0,0,0.0,0,0.0,0,0.0,0,0.0,0,0.0,0,0.0
20,7.4,298,119200.0,1163.0774822875155,14.20121742195375,1163 ± 14.2,1136.41357421875,1211.7552490234375,1.940387676626244,0.0022496970965876,1.94 ± 0.00225,1.940000057220459,1.9574874639511108,0.3721090606572333,0.227557946985991,0.3721 ± 0.2276,0.0274833136904463,1.5032500055566438,449.993288590604,0.0816478191986338,450 ± 0.08165,449.0,450.0,82.13017756826926,0.0050115042975958,82.13 ± 0.005012,82.08234405517578,82.13590240478516,75.3416748046875,1,1,1,1,1:298,0,0,0.0,model_static,False,mckenzie2003,3.3798753255165663,3.3814854621887207,3.3700613975524902,3.4043333530426025,3.4043333530426025,4.49993288590604,4.5,4.5,0.7510945998607605,0.7514412138197157,0,0.0,0,0.0,0,0.0,0,0.0,0,0.0,0,0.0,298,1007.2028470039368,0,0.0,0,0.0,0,0.0,0,0.0,0,0.0,0,0.0,0,0.0
20,7.3,298,119200.0,1163.0774822875155,14.20121742195375,1163 ± 14.2,1136.41357421875,1211.7552490234375,1.940387676626244,0.0022496970965876,1.94 ± 0.00225,1.940000057220459,1.9574874639511108,0.3721090606572333,0.227557946985991,0.3721 ± 0.2276,0.0274833136904463,1.5032500055566438,452.0,0.0,452 ± 0,452.0,452.0,83.91374698101274,0.0012522319085839,83.91 ± 0.001252,83.90216827392578,83.915283203125,75.3416748046875,1,1,1,1,1:298,0,0,0.0,model_static,False,mckenzie2003,3.3863540303787127,3.3814854621887207,3.3700613975524902,3.4043333530426025,3.415757179260254,4.5200000000000005,4.5200000000000005,4.5200000000000005,0.7491933695528126,0.7481162526966195,0,0.0,0,0.0,0,0.0,0,0.0,0,0.0,0,0.0,298,1009.1335010528564,0,0.0,0,0.0,0,0.0,0,0.0,0,0.0,0,0.0,0,0.0
20,7.2,298,119200.0,1163.0774822875155,14.20121742195375,1163 ± 14.2,1136.41357421875,1211.7552490234375,1.940387676626244,0.0022496970965876,1.94 ± 0.00225,1.940000057220459,1.9574874639511108,0.3721090606572333,0.227557946985991,0.3721 ± 0.2276,0.0274833136904463,1.5032500055566438,452.9060402684564,0.291772686164888,452.9 ± 0.2918,452.0,453.0,82.71526024325583,0.0139393826295206,82.72 ± 0.01394,82.67170715332031,82.7263412475586,75.3416748046875,1,1,1,1,1:298,0,0,0.0,model_static,False,mckenzie2003,3.394481092491406,3.4043333530426025,3.3700613975524902,3.415757179260254,3.415757179260254,4.529060402684564,4.53,4.53,0.7494887462499568,0.7515084664553207,0,0.0,0,0.0,0,0.0,0,0.0,0,0.0,0,0.0,298,1011.555365562439,0,0.0,0,0.0,0,0.0,0,0.0,0,0.0,0,0.0,0,0.0
20,7.1,298,119200.0,1163.0774822875155,14.20121742195375,1163 ± 14.2,1136.41357421875,1211.7552490234375,1.940387676626244,0.0022496970965876,1.94 ± 0.00225,1.940000057220459,1.9574874639511108,0.3721090606572333,0.227557946985991,0.3721 ± 0.2276,0.0274833136904463,1.5032500055566438,453.9295302013423,0.2559371136331321,453.9 ± 0.2559,453.0,454.0,84.63129343122444,0.0115677805840196,84.63 ± 0.01157,84.5783462524414,84.63653564453125,75.3416748046875,1,1,1,1,1:298,0,0,0.0,model_static,False,mckenzie2003,3.3800670060535407,3.3814854621887207,3.3472135066986084,3.4043333530426025,3.415757179260254,4.539295302013423,4.54,4.54,0.7446231038789657,0.7448205863851808,0,0.0,0,0.0,0,0.0,0,0.0,0,0.0,0,0.0,298,1007.2599678039552,0,0.0,0,0.0,0,0.0,0,0.0,0,0.0,0,0.0,0,0.0
20,7.0,298,119200.0,1163.0774822875155,14.20121742195375,1163 ± 14.2,1136.41357421875,1211.7552490234375,1.940387676626244,0.0022496970965876,1.94 ± 0.00225,1.940000057220459,1.9574874639511108,0.3721090606572333,0.227557946985991,0.3721 ± 0.2276,0.0274833136904463,1.5032500055566438,454.0,0.0,454 ± 0,454.0,454.0,83.50216746490274,0.0014913894007288,83.5 ± 0.001491,83.49939727783203,83.50592041015625,75.3416748046875,1,1,1,1,1:298,0,0,0.0,model_static,False,mckenzie2003,3.4118470041543847,3.415757179260254,3.4043333530426025,3.415757179260254,3.415757179260254,4.54,4.54,4.54,0.7515081506947985,0.7523694227445493,0,0.0,0,0.0,0,0.0,0,0.0,0,0.0,0,0.0,298,1016.7304072380066,0,0.0,0,0.0,0,0.0,0,0.0,0,0.0,0,0.0,0,0.0
20,6.9,298,119200.0,1163.0774822875155,14.20121742195375,1163 ± 14.2,1136.41357421875,1211.7552490234375,1.940387676626244,0.0022496970965876,1.94 ± 0.00225,1.940000057220459,1.9574874639511108,0.3721090606572333,0.227557946985991,0.3721 ± 0.2276,0.0274833136904463,1.5032500055566438,451.48993288590606,0.4998986429405658,451.5 ± 0.4999,451.0,452.0,83.2379207483074,0.025892351669852,83.24 ± 0.02589,83.2056884765625,83.2660903930664,75.3416748046875,1,1,1,1,1:298,0,0,0.0,model_static,False,mckenzie2003,3.3648478392786627,3.3472135066986084,3.335789680480957,3.415757179260254,3.415757179260254,4.514899328859061,4.51,4.5200000000000005,0.7452804248073215,0.7405339616589841,0,0.0,0,0.0,0,0.0,0,0.0,0,0.0,0,0.0,298,1002.7246561050416,0,0.0,0,0.0,0,0.0,0,0.0,0,0.0,0,0.0,0,0.0
20,6.8,298,119200.0,1163.0774822875155,14.20121742195375,1163 ± 14.2,1136.41357421875,1211.7552490234375,1.940387676626244,0.0022496970965876,1.94 ± 0.00225,1.940000057220459,1.9574874639511108,0.3721090606572333,0.227557946985991,0.3721 ± 0.2276,0.0274833136904463,1.5032500055566438,451.9060402684564,0.291772686164888,451.9 ± 0.2918,451.0,452.0,81.31530690033163,0.0148351535785229,81.32 ± 0.01484,81.25785827636719,81.32194519042969,75.3416748046875,1,1,1,1,1:298,0,0,0.0,model_static,False,mckenzie2003,3.346868534216145,3.3472135066986084,3.335789680480957,3.3700613975524902,3.415757179260254,4.519060402684564,4.5200000000000005,4.5200000000000005,0.7406126727393814,0.7405339616589841,0,0.0,0,0.0,0,0.0,0,0.0,0,0.0,0,0.0,298,997.3668231964112,0,0.0,0,0.0,0,0.0,0,0.0,0,0.0,0,0.0,0,0.0
20,6.7,298,119200.0,1163.0774822875155,14.20121742195375,1163 ± 14.2,1136.41357421875,1211.7552490234375,1.940387676626244,0.0022496970965876,1.94 ± 0.00225,1.940000057220459,1.9574874639511108,0.3721090606572333,0.227557946985991,0.3721 ± 0.2276,0.0274833136904463,1.5032500055566438,457.4026845637584,0.490438279367654,457.4 ± 0.4904,457.0,458.0,84.70242831851012,0.0232453703295616,84.7 ± 0.02325,84.67717742919922,84.73922729492188,75.3416748046875,1,1,1,1,1:298,0,0,0.0,model_static,False,mckenzie2003,3.41127197214421,3.415757179260254,3.3700613975524902,3.438605070114136,3.438605070114136,4.574026845637584,4.57,4.58,0.7457924731998045,0.745798510755514,0,0.0,0,0.0,0,0.0,0,0.0,0,0.0,0,0.0,298,1016.5590476989746,0,0.0,0,0.0,0,0.0,0,0.0,0,0.0,0,0.0,0,0.0
20,6.6,298,119200.0,1163.0774822875155,14.20121742195375,1163 ± 14.2,1136.41357421875,1211.7552490234375,1.940387676626244,0.0022496970965876,1.94 ± 0.00225,1.940000057220459,1.9574874639511108,0.3721090606572333,0.227557946985991,0.3721 ± 0.2276,0.0274833136904463,1.5032500055566438,455.993288590604,0.0816478191986338,456 ± 0.08165,455.0,456.0,85.37118279373885,0.0038311868378713,85.37 ± 0.003831,85.3265151977539,85.37567138671875,75.3416748046875,1,1,1,1,1:298,0,0,0.0,model_static,False,mckenzie2003,3.403796619216868,3.4043333530426025,3.3814854621887207,3.415757179260254,3.415757179260254,4.559932885906042,4.5600000000000005,4.5600000000000005,0.7464575282462903,0.7465643318075882,0,0.0,0,0.0,0,0.0,0,0.0,0,0.0,0,0.0,298,1014.3313925266266,0,0.0,0,0.0,0,0.0,0,0.0,0,0.0,0,0.0,0,0.0
20,6.5,298,119200.0,1163.0774822875155,14.20121742195375,1163 ± 14.2,1136.41357421875,1211.7552490234375,1.940387676626244,0.0022496970965876,1.94 ± 0.00225,1.940000057220459,1.9574874639511108,0.3721090606572333,0.227557946985991,0.3721 ± 0.2276,0.0274833136904463,1.5032500055566438,458.9597315436242,0.1965881679983464,459 ± 0.1966,458.0,459.0,83.82574680507584,0.0095980697955675,83.83 ± 0.009598,83.77886962890625,83.83132934570312,75.3416748046875,1,1,1,1,1:298,0,0,0.0,model_static,False,mckenzie2003,3.4384517285647807,3.438605070114136,3.438605070114136,3.438605070114136,3.438605070114136,4.589597315436242,4.59,4.59,0.7491838178969755,0.7491514313974152,0,0.0,0,0.0,0,0.0,0,0.0,0,0.0,0,0.0,298,1024.6586151123047,0,0.0,0,0.0,0,0.0,0,0.0,0,0.0,0,0.0,0,0.0
20,6.4,298,119200.0,1163.0774822875155,14.20121742195375,1163 ± 14.2,1136.41357421875,1211.7552490234375,1.940387676626244,0.0022496970965876,1.94 ± 0.00225,1.940000057220459,1.9574874639511108,0.3721090606572333,0.227557946985991,0.3721 ± 0.2276,0.0274833136904463,1.5032500055566438,454.0,0.0,454 ± 0,454.0,454.0,85.7628501021622,0.0012303763693341,85.76 ± 0.00123,85.75776672363281,85.76551818847656,75.3416748046875,1,1,1,1,1:298,0,0,0.0,model_static,False,mckenzie2003,3.411310312731954,3.415757179260254,3.4043333530426025,3.415757179260254,3.415757179260254,4.54,4.54,4.54,0.7513899367251,0.7523694227445493,0,0.0,0,0.0,0,0.0,0,0.0,0,0.0,0,0.0,298,1016.5704731941224,0,0.0,0,0.0,0,0.0,0,0.0,0,0.0,0,0.0,0,0.0
20,6.3,298,119200.0,1163.0774822875155,14.20121742195375,1163 ± 14.2,1136.41357421875,1211.7552490234375,1.940387676626244,0.0022496970965876,1.94 ± 0.00225,1.940000057220459,1.9574874639511108,0.3721090606572333,0.227557946985991,0.3721 ± 0.2276,0.0274833136904463,1.5032500055566438,458.71140939597313,0.4531071256273355,458.7 ± 0.4531,458.0,459.0,80.37077357144963,0.0215238183405245,80.37 ± 0.02152,80.33354187011719,80.38719940185547,75.3416748046875,1,1,1,1,1:298,0,0,0.0,model_static,False,mckenzie2003,3.438528399339458,3.438605070114136,3.438605070114136,3.438605070114136,3.438605070114136,4.587114093959731,4.59,4.59,0.749606739228478,0.7491514313974152,0,0.0,0,0.0,0,0.0,0,0.0,0,0.0,0,0.0,298,1024.6814630031586,0,0.0,0,0.0,0,0.0,0,0.0,0,0.0,0,0.0,0,0.0
20,6.2,298,119200.0,1163.0774822875155,14.20121742195375,1163 ± 14.2,1136.41357421875,1211.7552490234375,1.940387676626244,0.0022496970965876,1.94 ± 0.00225,1.940000057220459,1.9574874639511108,0.3721090606572333,0.227557946985991,0.3721 ± 0.2276,0.0274833136904463,1.5032500055566438,460.0,0.0,460 ± 0,460.0,460.0,83.20734743463913,0.0030501338788804,83.21 ± 0.00305,83.1997299194336,83.21295166015625,75.3416748046875,1,1,1,1,1:298,0,0,0.0,model_static,False,mckenzie2003,3.4323180665905846,3.438605070114136,3.415757179260254,3.438605070114136,3.438605070114136,4.6000000000000005,4.6000000000000005,4.6000000000000005,0.7461561014327357,0.7475228413291598,0,0.0,0,0.0,0,0.0,0,0.0,0,0.0,0,0.0,298,1022.830783843994,0,0.0,0,0.0,0,0.0,0,0.0,0,0.0,0,0.0,0,0.0
20,6.1,298,119200.0,1163.0774822875155,14.20121742195375,1163 ± 14.2,1136.41357421875,1211.7552490234375,1.940387676626244,0.0022496970965876,1.94 ± 0.00225,1.940000057220459,1.9574874639511108,0.3721090606572333,0.227557946985991,0.3721 ± 0.2276,0.0274833136904463,1.5032500055566438,463.6677852348993,0.4710075529646813,463.7 ± 0.471,463.0,464.0,87.34761247058843,0.022550060380535,87.35 ± 0.02255,87.30596923828125,87.36478424072266,75.3416748046875,1,1,1,1,1:298,0,0,0.0,model_static,False,mckenzie2003,3.4177123332183634,3.415757179260254,3.4043333530426025,3.4614529609680176,3.4614529609680176,4.636677852348994,4.64,4.64,0.7371049651378151,0.7361545644957445,0,0.0,0,0.0,0,0.0,0,0.0,0,0.0,0,0.0,298,1018.4782752990724,0,0.0,0,0.0,0,0.0,0,0.0,0,0.0,0,0.0,0,0.0
20,6.0,298,119200.0,1163.0774822875155,14.20121742195375,1163 ± 14.2,1136.41357421875,1211.7552490234375,1.940387676626244,0.0022496970965876,1.94 ± 0.00225,1.940000057220459,1.9574874639511108,0.3721090606572333,0.227557946985991,0.3721 ± 0.2276,0.0274833136904463,1.5032500055566438,468.0,0.0,468 ± 0,468.0,468.0,87.13208760511155,0.0020010799624726,87.13 ± 0.002001,87.12744903564453,87.13597106933594,75.3416748046875,1,1,1,1,1:298,0,0,0.0,model_static,False,mckenzie2003,3.4612996194186625,3.4614529609680176,3.4614529609680176,3.4614529609680176,3.4614529609680176,4.68,4.68,4.68,0.7395939357732187,0.7396267010615423,0,0.0,0,0.0,0,0.0,0,0.0,0,0.0,0,0.0,298,1031.4672865867617,0,0.0,0,0.0,0,0.0,0,0.0,0,0.0,0,0.0,0,0.0
20,5.9,298,119200.0,1163.0774822875155,14.20121742195375,1163 ± 14.2,1136.41357421875,1211.7552490234375,1.940387676626244,0.0022496970965876,1.94 ± 0.00225,1.940000057220459,1.9574874639511108,0.3721090606572333,0.227557946985991,0.3721 ± 0.2276,0.0274833136904463,1.5032500055566438,463.0,0.0,463 ± 0,463.0,463.0,88.37474277675553,0.0009324344024903,88.37 ± 0.0009324,88.3652114868164,88.3763656616211,75.3416748046875,1,1,1,1,1:298,0,0,0.0,model_static,False,mckenzie2003,3.433468134611245,3.438605070114136,3.4043333530426025,3.4614529609680176,3.4614529609680176,4.63,4.63,4.63,0.7415697914927096,0.7426792808021891,0,0.0,0,0.0,0,0.0,0,0.0,0,0.0,0,0.0,298,1023.173504114151,0,0.0,0,0.0,0,0.0,0,0.0,0,0.0,0,0.0,0,0.0
20,5.8,298,119200.0,1163.0774822875155,14.20121742195375,1163 ± 14.2,1136.41357421875,1211.7552490234375,1.940387676626244,0.0022496970965876,1.94 ± 0.00225,1.940000057220459,1.9574874639511108,0.3721090606572333,0.227557946985991,0.3721 ± 0.2276,0.0274833136904463,1.5032500055566438,464.741610738255,0.4377490732826943,464.7 ± 0.4377,464.0,465.0,85.87685017937781,0.0222277108536877,85.88 ± 0.02223,85.83222198486328,85.8917236328125,75.3416748046875,1,1,1,1,1:298,0,0,0.0,model_static,False,mckenzie2003,3.4188240638515293,3.415757179260254,3.4043333530426025,3.4614529609680176,3.4614529609680176,4.64741610738255,4.65,4.65,0.7356426743850046,0.7345714364000545,0,0.0,0,0.0,0,0.0,0,0.0,0,0.0,0,0.0,298,1018.8095710277556,0,0.0,0,0.0,0,0.0,0,0.0,0,0.0,0,0.0,0,0.0
20,5.7,298,119200.0,1163.0774822875155,14.20121742195375,1163 ± 14.2,1136.41357421875,1211.7552490234375,1.940387676626244,0.0022496970965876,1.94 ± 0.00225,1.940000057220459,1.9574874639511108,0.3721090606572333,0.227557946985991,0.3721 ± 0.2276,0.0274833136904463,1.5032500055566438,469.97986577181206,0.1404593928621231,470 ± 0.1405,469.0,470.0,87.56116518878297,0.0071446652823572,87.56 ± 0.007145,87.51127624511719,87.56586456298828,75.3416748046875,1,1,1,1,1:298,0,0,0.0,model_static,False,mckenzie2003,3.472877025604248,3.472877025604248,3.472877025604248,3.472877025604248,3.472877025604248,4.69979865771812,4.7,4.7,0.7389417269459214,0.7389100054477123,0,0.0,0,0.0,0,0.0,0,0.0,0,0.0,0,0.0,298,1034.917353630066,0,0.0,0,0.0,0,0.0,0,0.0,0,0.0,0,0.0,0,0.0
20,5.6,298,119200.0,1163.0774822875155,14.20121742195375,1163 ± 14.2,1136.41357421875,1211.7552490234375,1.940387676626244,0.0022496970965876,1.94 ± 0.00225,1.940000057220459,1.9574874639511108,0.3721090606572333,0.227557946985991,0.3721 ± 0.2276,0.0274833136904463,1.5032500055566438,469.0,0.0,469 ± 0,469.0,469.0,88.56743178911657,0.003556488929556,88.57 ± 0.003556,88.56169891357422,88.57598876953125,75.3416748046875,1,1,1,1,1:298,0,0,0.0,model_static,False,mckenzie2003,3.467050024327016,3.472877025604248,3.438605070114136,3.472877025604248,3.472877025604248,4.69,4.69,4.69,0.7392430755494702,0.740485506525426,0,0.0,0,0.0,0,0.0,0,0.0,0,0.0,0,0.0,298,1033.180907249451,0,0.0,0,0.0,0,0.0,0,0.0,0,0.0,0,0.0,0,0.0
20,5.5,298,119200.0,1163.0774822875155,14.20121742195375,1163 ± 14.2,1136.41357421875,1211.7552490234375,1.940387676626244,0.0022496970965876,1.94 ± 0.00225,1.940000057220459,1.9574874639511108,0.3721090606572333,0.227557946985991,0.3721 ± 0.2276,0.0274833136904463,1.5032500055566438,467.0,0.0,467 ± 0,467.0,467.0,89.79195821365253,0.0063412405363916,89.79 ± 0.006341,89.78297424316406,89.8067626953125,75.3416748046875,1,1,1,1,1:298,0,0,0.0,model_static,False,mckenzie2003,3.444623735127033,3.4614529609680176,3.3700613975524902,3.4614529609680176,3.4614529609680176,4.670000000000001,4.67,4.67,0.7376067955304139,0.7412104841473272,0,0.0,0,0.0,0,0.0,0,0.0,0,0.0,0,0.0,298,1026.4978730678558,0,0.0,0,0.0,0,0.0,0,0.0,0,0.0,0,0.0,0,0.0
20,5.4,298,119200.0,1163.0774822875155,14.20121742195375,1163 ± 14.2,1136.41357421875,1211.7552490234375,1.940387676626244,0.0022496970965876,1.94 ± 0.00225,1.940000057220459,1.9574874639511108,0.3721090606572333,0.227557946985991,0.3721 ± 0.2276,0.0274833136904463,1.5032500055566438,469.0771812080537,0.2668787537011219,469.1 ± 0.2669,469.0,470.0,91.29284836941918,0.0124139623640297,91.29 ± 0.01241,91.27752685546876,91.33512115478516,75.3416748046875,1,1,1,1,1:298,0,0,0.0,model_static,False,mckenzie2003,3.419015730787444,3.415757179260254,3.4043333530426025,3.4614529609680176,3.4614529609680176,4.690771812080537,4.69,4.7,0.7288808228357155,0.7283064348102887,0,0.0,0,0.0,0,0.0,0,0.0,0,0.0,0,0.0,298,1018.8666877746582,0,0.0,0,0.0,0,0.0,0,0.0,0,0.0,0,0.0,0,0.0
20,5.3,298,119200.0,1163.0774822875155,14.20121742195375,1163 ± 14.2,1136.41357421875,1211.7552490234375,1.940387676626244,0.0022496970965876,1.94 ± 0.00225,1.940000057220459,1.9574874639511108,0.3721090606572333,0.227557946985991,0.3721 ± 0.2276,0.0274833136904463,1.5032500055566438,470.993288590604,0.0816478191986338,471 ± 0.08165,470.0,471.0,87.07168195071637,0.0036965982181138,87.07 ± 0.003697,87.02774047851562,87.07374572753906,75.3416748046875,1,1,1,1,1:298,0,0,0.0,model_static,False,mckenzie2003,3.4479972524130904,3.438605070114136,3.415757179260254,3.472877025604248,3.472877025604248,4.70993288590604,4.71,4.71,0.7320691857564282,0.7300647707248696,0,0.0,0,0.0,0,0.0,0,0.0,0,0.0,0,0.0,298,1027.503181219101,0,0.0,0,0.0,0,0.0,0,0.0,0,0.0,0,0.0,0,0.0
20,5.2,298,119200.0,1163.0774822875155,14.20121742195375,1163 ± 14.2,1136.41357421875,1211.7552490234375,1.940387676626244,0.0022496970965876,1.94 ± 0.00225,1.940000057220459,1.9574874639511108,0.3721090606572333,0.227557946985991,0.3721 ± 0.2276,0.0274833136904463,1.5032500055566438,468.0,0.0,468 ± 0,468.0,468.0,87.7682098286264,0.003199039133508,87.77 ± 0.003199,87.76180267333984,87.77323913574219,75.3416748046875,1,1,1,1,1:298,0,0,0.0,model_static,False,mckenzie2003,3.4521757972320453,3.4614529609680176,3.438605070114136,3.4614529609680176,3.4614529609680176,4.68,4.68,4.68,0.7376444011179585,0.7396267010615423,0,0.0,0,0.0,0,0.0,0,0.0,0,0.0,0,0.0,298,1028.7483875751495,0,0.0,0,0.0,0,0.0,0,0.0,0,0.0,0,0.0,0,0.0
20,5.1,298,119200.0,1163.0774822875155,14.20121742195375,1163 ± 14.2,1136.41357421875,1211.7552490234375,1.940387676626244,0.0022496970965876,1.94 ± 0.00225,1.940000057220459,1.9574874639511108,0.3721090606572333,0.227557946985991,0.3721 ± 0.2276,0.0274833136904463,1.5032500055566438,465.993288590604,0.0816478191986338,466 ± 0.08165,465.0,466.0,88.70547280535602,0.0040784329159597,88.71 ± 0.004078,88.6589126586914,88.70918273925781,75.3416748046875,1,1,1,1,1:298,0,0,0.0,model_static,False,mckenzie2003,3.450565710963819,3.4614529609680176,3.438605070114136,3.4614529609680176,3.4614529609680176,4.65993288590604,4.66,4.66,0.7404753242618501,0.7428010645854115,0,0.0,0,0.0,0,0.0,0,0.0,0,0.0,0,0.0,298,1028.268581867218,0,0.0,0,0.0,0,0.0,0,0.0,0,0.0,0,0.0,0,0.0
20,5.0,298,119200.0,1163.0774822875155,14.20121742195375,1163 ± 14.2,1136.41357421875,1211.7552490234375,1.940387676626244,0.0022496970965876,1.94 ± 0.00225,1.940000057220459,1.9574874639511108,0.3721090606572333,0.227557946985991,0.3721 ± 0.2276,0.0274833136904463,1.5032500055566438,472.244966442953,0.4300673026166542,472.2 ± 0.4301,472.0,473.0,92.98010476643609,0.021256196681647,92.98 ± 0.02126,92.9577865600586,93.0195083618164,75.3416748046875,1,1,1,1,1:298,0,0,0.0,model_static,False,mckenzie2003,3.446387175745612,3.438605070114136,3.415757179260254,3.472877025604248,3.472877025604248,4.72244966442953,4.72,4.73,0.7297892350393743,0.7285180233292661,0,0.0,0,0.0,0,0.0,0,0.0,0,0.0,0,0.0,298,1027.0233783721924,0,0.0,0,0.0,0,0.0,0,0.0,0,0.0,0,0.0,0,0.0
20,4.9,298,119200.0,1163.0774822875155,14.20121742195375,1163 ± 14.2,1136.41357421875,1211.7552490234375,1.940387676626244,0.0022496970965876,1.94 ± 0.00225,1.940000057220459,1.9574874639511108,0.3721090606572333,0.227557946985991,0.3721 ± 0.2276,0.0274833136904463,1.5032500055566438,476.9597315436242,0.1965881679983464,477 ± 0.1966,476.0,477.0,87.29223138693995,0.0091345323180889,87.29 ± 0.009135,87.2479248046875,87.29761505126953,75.3416748046875,1,1,1,1,1:298,0,0,0.0,model_static,False,mckenzie2003,3.493731257099433,3.495724678039551,3.472877025604248,3.495724678039551,3.495724678039551,4.769597315436242,4.7700000000000005,4.7700000000000005,0.7324999775843242,0.7328563266330295,0,0.0,0,0.0,0,0.0,0,0.0,0,0.0,0,0.0,298,1041.131914615631,0,0.0,0,0.0,0,0.0,0,0.0,0,0.0,0,0.0,0,0.0
20,4.8,298,119200.0,1163.0774822875155,14.20121742195375,1163 ± 14.2,1136.41357421875,1211.7552490234375,1.940387676626244,0.0022496970965876,1.94 ± 0.00225,1.940000057220459,1.9574874639511108,0.3721090606572333,0.227557946985991,0.3721 ± 0.2276,0.0274833136904463,1.5032500055566438,487.2919463087249,10.080481617199704,487.3 ± 10.08,482.0,508.0,89.87251898746362,0.9298271488725256,89.87 ± 0.9298,89.40149688720703,91.78510284423828,75.3416748046875,1,1,1,1,1:298,0,0,0.0,model_static,False,mckenzie2003,3.43869871661167,3.472877025604248,3.262324094772339,3.495724678039551,3.495724678039551,4.872919463087249,4.83,5.08,0.7063183325066954,0.7205139057270223,0,0.0,0,0.0,0,0.0,0,0.0,57,185.9524734020233,0,0.0,241,838.7797441482544,0,0.0,0,0.0,0,0.0,0,0.0,0,0.0,0,0.0,0,0.0
20,4.7,298,119200.0,1163.0774822875155,14.20121742195375,1163 ± 14.2,1136.41357421875,1211.7552490234375,1.940387676626244,0.0022496970965876,1.94 ± 0.00225,1.940000057220459,1.9574874639511108,0.3721090606572333,0.227557946985991,0.3721 ± 0.2276,0.0274833136904463,1.5032500055566438,503.1577181208054,12.68587800797784,503.2 ± 12.69,486.0,513.0,92.27454097158956,1.1757867044530208,92.27 ± 1.176,90.71720123291016,93.18937683105467,75.3416748046875,1,1,1,1,1:298,0,0,0.0,model_static,False,mckenzie2003,3.3436815258640573,3.262324094772339,3.262324094772339,3.507148742675781,3.507148742675781,5.031577181208054,5.13,5.13,0.6655009548422264,0.6359306227626391,0,0.0,0,0.0,0,0.0,0,0.0,186,606.792281627655,0,0.0,112,389.624813079834,0,0.0,0,0.0,0,0.0,0,0.0,0,0.0,0,0.0,0,0.0
20,4.6,298,119200.0,1163.0774822875155,14.20121742195375,1163 ± 14.2,1136.41357421875,1211.7552490234375,1.940387676626244,0.0022496970965876,1.94 ± 0.00225,1.940000057220459,1.9574874639511108,0.3721090606572333,0.227557946985991,0.3721 ± 0.2276,0.0274833136904463,1.5032500055566438,486.5335570469799,7.223229777685484,486.5 ± 7.223,483.0,507.0,90.11003192159151,0.7194197104749019,90.11 ± 0.7194,89.80440521240234,92.14892578125,75.3416748046875,1,1,1,1,1:298,0,0,0.0,model_static,False,mckenzie2003,3.46746324852809,3.495724678039551,3.262324094772339,3.507148742675781,3.507148742675781,4.865335570469799,4.84,5.07,0.7130519694408031,0.7222571648842048,0,0.0,0,0.0,0,0.0,0,0.0,33,107.65669512748718,0,0.0,265,925.6473529338836,0,0.0,0,0.0,0,0.0,0,0.0,0,0.0,0,0.0,0,0.0
20,4.5,298,119200.0,1163.0774822875155,14.20121742195375,1163 ± 14.2,1136.41357421875,1211.7552490234375,1.940387676626244,0.0022496970965876,1.94 ± 0.00225,1.940000057220459,1.9574874639511108,0.3721090606572333,0.227557946985991,0.3721 ± 0.2276,0.0274833136904463,1.5032500055566438,496.4295302013423,10.499763521502622,496.4 ± 10.5,486.0,507.0,90.17651116287948,1.099002483364788,90.18 ± 1.099,89.0748291015625,91.28455352783205,75.3416748046875,1,1,1,1,1:298,0,0,0.0,model_static,False,mckenzie2003,3.3821077570819216,3.495724678039551,3.262324094772339,3.507148742675781,3.507148742675781,4.964295302013422,4.86,5.07,0.682098410389339,0.7192849131768623,0,0.0,0,0.0,0,0.0,0,0.0,148,482.82396602630615,0,0.0,150,525.0441455841064,0,0.0,0,0.0,0,0.0,0,0.0,0,0.0,0,0.0,0,0.0
20,4.4,298,119200.0,1163.0774822875155,14.20121742195375,1163 ± 14.2,1136.41357421875,1211.7552490234375,1.940387676626244,0.0022496970965876,1.94 ± 0.00225,1.940000057220459,1.9574874639511108,0.3721090606572333,0.227557946985991,0.3721 ± 0.2276,0.0274833136904463,1.5032500055566438,484.0,0.0,484 ± 0,484.0,484.0,90.06550843923684,0.0020210949446824,90.07 ± 0.002021,90.058349609375,90.06940460205078,75.3416748046875,1,1,1,1,1:298,0,0,0.0,model_static,False,mckenzie2003,3.5069953995263017,3.507148742675781,3.507148742675781,3.507148742675781,3.507148742675781,4.840000000000001,4.84,4.84,0.7245858263484095,0.7246175088173102,0,0.0,0,0.0,0,0.0,0,0.0,0,0.0,0,0.0,298,1045.084629058838,0,0.0,0,0.0,0,0.0,0,0.0,0,0.0,0,0.0,0,0.0
20,4.3,298,119200.0,1163.0774822875155,14.20121742195375,1163 ± 14.2,1136.41357421875,1211.7552490234375,1.940387676626244,0.0022496970965876,1.94 ± 0.00225,1.940000057220459,1.9574874639511108,0.3721090606572333,0.227557946985991,0.3721 ± 0.2276,0.0274833136904463,1.5032500055566438,507.493288590604,1.2349585993946597,507.5 ± 1.235,488.0,508.0,92.4621468102372,0.1262183919345604,92.46 ± 0.1262,90.32465362548828,92.4926528930664,75.3416748046875,2,1,2,2,2:298,0,0,0.0,model_static,False,mckenzie2003,3.2632223247681686,3.262324094772339,3.262324094772339,3.262324094772339,3.529996633529663,5.07493288590604,5.08,5.08,0.6430189800084652,0.6421897824354997,0,0.0,0,0.0,0,0.0,0,0.0,297,968.9102561473846,0,0.0,1,3.529996633529663,0,0.0,0,0.0,0,0.0,0,0.0,0,0.0,0,0.0,0,0.0
20,4.2,298,119200.0,1163.0774822875155,14.20121742195375,1163 ± 14.2,1136.41357421875,1211.7552490234375,1.940387676626244,0.0022496970965876,1.94 ± 0.00225,1.940000057220459,1.9574874639511108,0.3721090606572333,0.227557946985991,0.3721 ± 0.2276,0.0274833136904463,1.5032500055566438,488.8053691275168,3.931763359966928,488.8 ± 3.932,488.0,508.0,87.80756280886247,0.4229765260744517,87.81 ± 0.423,87.71839904785156,89.87338256835938,75.3416748046875,1,2,1,2,1:287; 2:11,0,0,0.0,model_static,False,mckenzie2003,3.503692019705805,3.507148742675781,3.495724678039551,3.529996633529663,3.529996633529663,4.888053691275167,4.88,4.88,0.7169098404627053,0.7186780210401191,0,0.0,0,0.0,0,0.0,0,0.0,12,39.14788913726807,0,0.0,286,1004.9523327350616,0,0.0,0,0.0,0,0.0,0,0.0,0,0.0,0,0.0,0,0.0
20,4.1,298,119200.0,1163.0774822875155,14.20121742195375,1163 ± 14.2,1136.41357421875,1211.7552490234375,1.940387676626244,0.0022496970965876,1.94 ± 0.00225,1.940000057220459,1.9574874639511108,0.3721090606572333,0.227557946985991,0.3721 ± 0.2276,0.0274833136904463,1.5032500055566438,488.0,0.0,488 ± 0,488.0,488.0,87.5911746185098,0.0039984099884102,87.59 ± 0.003998,87.58134460449219,87.5955581665039,75.3416748046875,2,1,2,2,2:298,0,0,0.0,model_static,False,mckenzie2003,3.5101388476839,3.507148742675781,3.495724678039551,3.529996633529663,3.529996633529663,4.88,4.88,4.88,0.7192907474762091,0.7186780210401191,0,0.0,0,0.0,0,0.0,0,0.0,0,0.0,0,0.0,298,1046.0213766098022,0,0.0,0,0.0,0,0.0,0,0.0,0,0.0,0,0.0,0,0.0
20,4.0,298,119200.0,1163.0774822875155,14.20121742195375,1163 ± 14.2,1136.41357421875,1211.7552490234375,1.940387676626244,0.0022496970965876,1.94 ± 0.00225,1.940000057220459,1.9574874639511108,0.3721090606572333,0.227557946985991,0.3721 ± 0.2276,0.0274833136904463,1.5032500055566438,495.78859060402687,1.7278620921752248,495.8 ± 1.728,495.0,516.0,88.70308925961488,0.1803676235390358,88.7 ± 0.1804,88.65570831298828,90.88046264648438,75.3416748046875,1,1,1,1,1:298,0,0,0.0,model_static,False,mckenzie2003,3.5375539096409843,3.5414204597473145,3.529996633529663,3.5414204597473145,3.5414204597473145,4.957885906040269,4.96,4.96,0.7135437372718657,0.7139960604329263,0,0.0,0,0.0,0,0.0,0,0.0,2,6.524648189544678,0,0.0,296,1047.6664168834686,0,0.0,0,0.0,0,0.0,0,0.0,0,0.0,0,0.0,0,0.0
20,3.9,298,119200.0,1163.0774822875155,14.20121742195375,1163 ± 14.2,1136.41357421875,1211.7552490234375,1.940387676626244,0.0022496970965876,1.94 ± 0.00225,1.940000057220459,1.9574874639511108,0.3721090606572333,0.227557946985991,0.3721 ± 0.2276,0.0274833136904463,1.5032500055566438,506.3959731543624,9.043384464704602,506.4 ± 9.043,497.0,516.0,86.91951454725842,1.055260584356216,86.92 ± 1.055,85.87812042236328,88.04283905029297,75.3416748046875,2,1,2,2,2:298,0,0,0.0,model_static,False,mckenzie2003,3.4045510948104347,3.507148742675781,3.262324094772339,3.5414204597473145,3.5414204597473145,5.063959731543624,4.98,5.16,0.6729948256724498,0.7042467354770644,0,0.0,0,0.0,0,0.0,0,0.0,140,456.7253732681274,0,0.0,158,557.8308529853821,0,0.0,0,0.0,0,0.0,0,0.0,0,0.0,0,0.0,0,0.0
20,3.8,298,119200.0,1163.0774822875155,14.20121742195375,1163 ± 14.2,1136.41357421875,1211.7552490234375,1.940387676626244,0.0022496970965876,1.94 ± 0.00225,1.940000057220459,1.9574874639511108,0.3721090606572333,0.227557946985991,0.3721 ± 0.2276,0.0274833136904463,1.5032500055566438,499.738255033557,8.723489829617566,499.7 ± 8.723,494.0,513.0,88.00802169390172,0.9819606625276308,88.01 ± 0.982,87.36089324951172,89.50199127197266,75.3416748046875,2,1,2,2,2:298,0,0,0.0,model_static,False,mckenzie2003,3.4438264313960234,3.507148742675781,3.2840006351470947,3.529996633529663,3.529996633529663,4.997382550335571,4.94,5.13,0.6896959578307806,0.7099491381934779,0,0.0,0,0.0,0,0.0,0,0.0,90,295.516704082489,0,0.0,208,730.743572473526,0,0.0,0,0.0,0,0.0,0,0.0,0,0.0,0,0.0,0,0.0
20,3.7,298,119200.0,1163.0774822875155,14.20121742195375,1163 ± 14.2,1136.41357421875,1211.7552490234375,1.940387676626244,0.0022496970965876,1.94 ± 0.00225,1.940000057220459,1.9574874639511108,0.3721090606572333,0.227557946985991,0.3721 ± 0.2276,0.0274833136904463,1.5032500055566438,507.3154362416107,8.917660065919984,507.3 ± 8.918,496.0,515.0,89.65878577520384,1.0464977421740465,89.66 ± 1.046,88.3980712890625,90.56243896484376,75.3416748046875,2,1,2,2,2:298,0,0,0.0,model_static,False,mckenzie2003,3.3852303436138484,3.2840006351470947,3.262324094772339,3.5414204597473145,3.5414204597473145,5.073154362416108,5.15,5.15,0.6679190486508757,0.6376700262421543,0,0.0,0,0.0,0,0.0,0,0.0,171,560.7404000759125,0,0.0,127,448.0582423210144,0,0.0,0,0.0,0,0.0,0,0.0,0,0.0,0,0.0,0,0.0
20,3.6,298,119200.0,1163.0774822875155,14.20121742195375,1163 ± 14.2,1136.41357421875,1211.7552490234375,1.940387676626244,0.0022496970965876,1.94 ± 0.00225,1.940000057220459,1.9574874639511108,0.3721090606572333,0.227557946985991,0.3721 ± 0.2276,0.0274833136904463,1.5032500055566438,515.3221476510067,5.544534108006142,515.3 ± 5.545,497.0,517.0,90.28965001458288,0.6002357482478337,90.29 ± 0.6002,88.30565643310547,90.4745101928711,75.3416748046875,2,2,1,2,1:4; 2:294,0,0,0.0,model_static,False,mckenzie2003,3.3045651432651804,3.2840006351470947,3.2840006351470947,3.529996633529663,3.529996633529663,5.153221476510068,5.17,5.17,0.6414859327517526,0.635203217629999,0,0.0,0,0.0,0,0.0,0,0.0,273,896.5104968547821,0,0.0,25,88.24991583824158,0,0.0,0,0.0,0,0.0,0,0.0,0,0.0,0,0.0,0,0.0
20,3.5,298,119200.0,1163.0774822875155,14.20121742195375,1163 ± 14.2,1136.41357421875,1211.7552490234375,1.940387676626244,0.0022496970965876,1.94 ± 0.00225,1.940000057220459,1.9574874639511108,0.3721090606572333,0.227557946985991,0.3721 ± 0.2276,0.0274833136904463,1.5032500055566438,505.8053691275168,8.002665539445472,505.8 ± 8.003,501.0,520.0,89.7344804290157,0.937151903442208,89.73 ± 0.9372,89.17033386230469,91.34087371826172,75.3416748046875,2,1,2,2,2:298,0,0,0.0,model_static,False,mckenzie2003,3.4725777126798696,3.5414204597473145,3.2840006351470947,3.5642683506011963,3.5642683506011963,5.058053691275167,5.01,5.19,0.6870685396839603,0.706870351246969,0,0.0,0,0.0,0,0.0,0,0.0,79,259.15425515174866,0,0.0,219,775.6739032268524,0,0.0,0,0.0,0,0.0,0,0.0,0,0.0,0,0.0,0,0.0
20,3.4,298,119200.0,1163.0774822875155,14.20121742195375,1163 ± 14.2,1136.41357421875,1211.7552490234375,1.940387676626244,0.0022496970965876,1.94 ± 0.00225,1.940000057220459,1.9574874639511108,0.3721090606572333,0.227557946985991,0.3721 ± 0.2276,0.0274833136904463,1.5032500055566438,506.7046979865772,9.030524935654954,506.7 ± 9.031,501.0,521.0,87.11625535696145,0.9958461700135788,87.12 ± 0.9958,86.48561096191406,88.69674682617188,75.3416748046875,2,1,2,2,2:298,0,0,0.0,model_static,False,mckenzie2003,3.4602643547442136,3.529996633529663,3.262324094772339,3.5414204597473145,3.5414204597473145,5.067046979865771,5.01,5.21,0.6835232209981572,0.7045901464131065,0,0.0,0,0.0,0,0.0,0,0.0,85,278.01287388801575,0,0.0,213,753.1459038257599,0,0.0,0,0.0,0,0.0,0,0.0,0,0.0,0,0.0,0,0.0
20,3.3,298,119200.0,1163.0774822875155,14.20121742195375,1163 ± 14.2,1136.41357421875,1211.7552490234375,1.940387676626244,0.0022496970965876,1.94 ± 0.00225,1.940000057220459,1.9574874639511108,0.3721090606572333,0.227557946985991,0.3721 ± 0.2276,0.0274833136904463,1.5032500055566438,517.0,0.0,517 ± 0,517.0,517.0,90.2385550377353,0.0020150887961697,90.24 ± 0.002015,90.2323760986328,90.24227142333984,75.3416748046875,2,1,2,2,2:298,0,0,0.0,model_static,False,mckenzie2003,3.283927895078723,3.2840006351470947,3.2840006351470947,3.2840006351470947,3.2840006351470947,5.170000000000001,5.17,5.17,0.6351891479842792,0.635203217629999,0,0.0,0,0.0,0,0.0,0,0.0,298,978.6105127334596,0,0.0,0,0.0,0,0.0,0,0.0,0,0.0,0,0.0,0,0.0,0,0.0,0,0.0
20,3.2,298,119200.0,1163.0774822875155,14.20121742195375,1163 ± 14.2,1136.41357421875,1211.7552490234375,1.940387676626244,0.0022496970965876,1.94 ± 0.00225,1.940000057220459,1.9574874639511108,0.3721090606572333,0.227557946985991,0.3721 ± 0.2276,0.0274833136904463,1.5032500055566438,523.3657718120805,0.4816459213653296,523.4 ± 0.4816,523.0,524.0,90.04486977494003,0.0227359884337867,90.04 ± 0.02274,90.024169921875,90.0767593383789,75.3416748046875,2,1,2,2,2:298,0,0,0.0,model_static,False,mckenzie2003,3.294766165266101,3.2948389053344727,3.2948389053344727,3.2948389053344727,3.2948389053344727,5.233657718120806,5.23,5.24,0.6295346545190399,0.6299883184195932,0,0.0,0,0.0,0,0.0,0,0.0,298,981.840317249298,0,0.0,0,0.0,0,0.0,0,0.0,0,0.0,0,0.0,0,0.0,0,0.0,0,0.0
20,3.1,298,119200.0,1163.0774822875155,14.20121742195375,1163 ± 14.2,1136.41357421875,1211.7552490234375,1.940387676626244,0.0022496970965876,1.94 ± 0.00225,1.940000057220459,1.9574874639511108,0.3721090606572333,0.227557946985991,0.3721 ± 0.2276,0.0274833136904463,1.5032500055566438,508.7315436241611,7.431233624889899,508.7 ± 7.431,505.0,524.0,89.81255317534377,0.8530153548586648,89.81 ± 0.853,89.38265991210938,91.57159423828124,75.3416748046875,2,1,2,2,2:298,0,0,0.0,model_static,False,mckenzie2003,3.4818575014203987,3.507148742675781,3.262324094772339,3.5642683506011963,3.5642683506011963,5.087315436241611,5.05,5.24,0.6848355238120578,0.6944848995397587,0,0.0,0,0.0,0,0.0,0,0.0,57,187.0471386909485,0,0.0,241,850.5463967323303,0,0.0,0,0.0,0,0.0,0,0.0,0,0.0,0,0.0,0,0.0
20,3.0,298,119200.0,1163.0774822875155,14.20121742195375,1163 ± 14.2,1136.41357421875,1211.7552490234375,1.940387676626244,0.0022496970965876,1.94 ± 0.00225,1.940000057220459,1.9574874639511108,0.3721090606572333,0.227557946985991,0.3721 ± 0.2276,0.0274833136904463,1.5032500055566438,528.0,0.0,528 ± 0,528.0,528.0,90.99328487831474,0.0015508843617576,90.99 ± 0.001551,90.9882583618164,91.000244140625,75.3416748046875,2,1,2,2,2:298,0,0,0.0,model_static,False,mckenzie2003,3.304186004120232,3.3165154457092285,3.2840006351470947,3.3165154457092285,3.3165154457092285,5.28,5.28,5.28,0.6257928038106498,0.6281279253237175,0,0.0,0,0.0,0,0.0,0,0.0,298,984.647429227829,0,0.0,0,0.0,0,0.0,0,0.0,0,0.0,0,0.0,0,0.0,0,0.0,0,0.0
20,2.9,298,119200.0,1163.0774822875155,14.20121742195375,1163 ± 14.2,1136.41357421875,1211.7552490234375,1.940387676626244,0.0022496970965876,1.94 ± 0.00225,1.940000057220459,1.9574874639511108,0.3721090606572333,0.227557946985991,0.3721 ± 0.2276,0.0274833136904463,1.5032500055566438,530.6979865771812,0.4591310436640824,530.7 ± 0.4591,530.0,531.0,93.20744203401092,0.0203424497228036,93.21 ± 0.02034,93.1706085205078,93.22184753417967,75.3416748046875,2,1,2,2,2:298,0,0,0.0,model_static,False,mckenzie2003,3.286328317334988,3.2840006351470947,3.262324094772339,3.3165154457092285,3.3165154457092285,5.306979865771813,5.3100000000000005,5.3100000000000005,0.6192451285100747,0.619039312420685,0,0.0,0,0.0,0,0.0,0,0.0,298,979.3258385658264,0,0.0,0,0.0,0,0.0,0,0.0,0,0.0,0,0.0,0,0.0,0,0.0,0,0.0
20,2.8,298,119200.0,1163.0774822875155,14.20121742195375,1163 ± 14.2,1136.41357421875,1211.7552490234375,1.940387676626244,0.0022496970965876,1.94 ± 0.00225,1.940000057220459,1.9574874639511108,0.3721090606572333,0.227557946985991,0.3721 ± 0.2276,0.0274833136904463,1.5032500055566438,522.2013422818792,7.659691291527409,522.2 ± 7.66,509.0,527.0,94.55717475942318,0.9496785648713452,94.56 ± 0.9497,92.99827575683594,95.1542510986328,75.3416748046875,2,1,2,2,2:298,0,0,0.0,model_static,False,mckenzie2003,3.3516676089907653,3.262324094772339,3.262324094772339,3.587116241455078,3.587116241455078,5.222013422818793,5.2700000000000005,5.2700000000000005,0.6423510703586806,0.6190368301275785,0,0.0,0,0.0,0,0.0,0,0.0,214,699.5354931354523,0,0.0,84,299.2614543437958,0,0.0,0,0.0,0,0.0,0,0.0,0,0.0,0,0.0,0,0.0
20,2.7,298,119200.0,1163.0774822875155,14.20121742195375,1163 ± 14.2,1136.41357421875,1211.7552490234375,1.940387676626244,0.0022496970965876,1.94 ± 0.00225,1.940000057220459,1.9574874639511108,0.3721090606572333,0.227557946985991,0.3721 ± 0.2276,0.0274833136904463,1.5032500055566438,531.98322147651,0.1284406658322459,532 ± 0.1284,531.0,532.0,90.22590145648726,0.0061654393455918,90.23 ± 0.006165,90.17833709716795,90.22809600830078,75.3416748046875,2,1,2,2,2:298,0,0,0.0,model_static,False,mckenzie2003,3.2978212481377107,3.2948389053344727,3.2840006351470947,3.3165154457092285,3.3165154457092285,5.319832214765101,5.32,5.32,0.619910717274444,0.6193306213034723,0,0.0,0,0.0,0,0.0,0,0.0,298,982.7507319450378,0,0.0,0,0.0,0,0.0,0,0.0,0,0.0,0,0.0,0,0.0,0,0.0,0,0.0
20,2.6,298,119200.0,1163.0774822875155,14.20121742195375,1163 ± 14.2,1136.41357421875,1211.7552490234375,1.940387676626244,0.0022496970965876,1.94 ± 0.00225,1.940000057220459,1.9574874639511108,0.3721090606572333,0.227557946985991,0.3721 ± 0.2276,0.0274833136904463,1.5032500055566438,526.0234899328859,5.800611970280758,526 ± 5.801,509.0,528.0,90.41516469148982,0.6587300299018796,90.42 ± 0.6587,88.48091888427734,90.6488800048828,75.3416748046875,2,1,2,2,2:298,0,0,0.0,model_static,False,mckenzie2003,3.3366766151965863,3.3165154457092285,3.2948389053344727,3.5642683506011963,3.5642683506011963,5.260234899328859,5.28,5.28,0.6345611301405368,0.6281279253237175,0,0.0,0,0.0,0,0.0,0,0.0,267,884.1114871501923,0,0.0,31,110.2181441783905,0,0.0,0,0.0,0,0.0,0,0.0,0,0.0,0,0.0,0,0.0
20,2.5,298,119200.0,1163.0774822875155,14.20121742195375,1163 ± 14.2,1136.41357421875,1211.7552490234375,1.940387676626244,0.0022496970965876,1.94 ± 0.00225,1.940000057220459,1.9574874639511108,0.3721090606572333,0.227557946985991,0.3721 ± 0.2276,0.0274833136904463,1.5032500055566438,524.993288590604,0.0816478191986338,525 ± 0.08165,524.0,525.0,89.7391061462812,0.0041543804924304,89.74 ± 0.004154,89.69290161132812,89.74321746826172,75.3416748046875,2,1,2,2,2:298,0,0,0.0,model_static,False,mckenzie2003,3.2942206147533133,3.2948389053344727,3.2948389053344727,3.2948389053344727,3.2948389053344727,5.24993288590604,5.25,5.25,0.6274785521349758,0.627588362920852,0,0.0,0,0.0,0,0.0,0,0.0,298,981.6777431964874,0,0.0,0,0.0,0,0.0,0,0.0,0,0.0,0,0.0,0,0.0,0,0.0,0,0.0
20,2.4,298,119200.0,1163.0774822875155,14.20121742195375,1163 ± 14.2,1136.41357421875,1211.7552490234375,1.940387676626244,0.0022496970965876,1.94 ± 0.00225,1.940000057220459,1.9574874639511108,0.3721090606572333,0.227557946985991,0.3721 ± 0.2276,0.0274833136904463,1.5032500055566438,531.006711409396,6.402072487733326,531 ± 6.402,518.0,535.0,90.11816426731596,0.7648085821507495,90.12 ± 0.7648,88.56069946289062,90.53460693359376,75.3416748046875,2,1,2,2,2:298,0,0,0.0,model_static,False,mckenzie2003,3.33616362722128,3.2840006351470947,3.262324094772339,3.5985403060913086,3.5985403060913086,5.31006711409396,5.34,5.3500000000000005,0.6286623126489098,0.6138318944200176,0,0.0,0,0.0,0,0.0,0,0.0,240,785.4614231586456,0,0.0,58,208.7153377532959,0,0.0,0,0.0,0,0.0,0,0.0,0,0.0,0,0.0,0,0.0
20,2.3,298,119200.0,1163.0774822875155,14.20121742195375,1163 ± 14.2,1136.41357421875,1211.7552490234375,1.940387676626244,0.0022496970965876,1.94 ± 0.00225,1.940000057220459,1.9574874639511108,0.3721090606572333,0.227557946985991,0.3721 ± 0.2276,0.0274833136904463,1.5032500055566438,531.9463087248322,0.9252986813215618,531.9 ± 0.9253,516.0,532.0,90.03221816504562,0.1205369446341416,90.03 ± 0.1205,87.9549789428711,90.04061889648438,75.3416748046875,2,1,2,2,2:298,0,0,0.0,model_static,False,mckenzie2003,3.2869454134230645,3.2840006351470947,3.262324094772339,3.3165154457092285,3.587116241455078,5.319463087248323,5.32,5.32,0.617917041940418,0.6172933524712584,0,0.0,0,0.0,0,0.0,0,0.0,297,975.9226169586182,0,0.0,1,3.587116241455078,0,0.0,0,0.0,0,0.0,0,0.0,0,0.0,0,0.0,0,0.0
20,2.2,298,119200.0,1163.0774822875155,14.20121742195375,1163 ± 14.2,1136.41357421875,1211.7552490234375,1.940387676626244,0.0022496970965876,1.94 ± 0.00225,1.940000057220459,1.9574874639511108,0.3721090606572333,0.227557946985991,0.3721 ± 0.2276,0.0274833136904463,1.5032500055566438,528.01677852349,1.0312501492902886,528 ± 1.031,516.0,529.0,92.7346575436176,0.1419977789525604,92.73 ± 0.142,91.01448059082033,92.78736114501952,75.3416748046875,2,1,2,2,2:298,0,0,0.0,model_static,False,mckenzie2003,3.298457796941668,3.2948389053344727,3.280749154090881,3.3165154457092285,3.5414204597473145,5.2801677852349,5.28,5.29,0.6246970510240618,0.6240225199497107,0,0.0,0,0.0,0,0.0,0,0.0,296,975.8575825691224,0,0.0,2,7.082840919494629,0,0.0,0,0.0,0,0.0,0,0.0,0,0.0,0,0.0,0,0.0
20,2.1,298,119200.0,1163.0774822875155,14.20121742195375,1163 ± 14.2,1136.41357421875,1211.7552490234375,1.940387676626244,0.0022496970965876,1.94 ± 0.00225,1.940000057220459,1.9574874639511108,0.3721090606572333,0.227557946985991,0.3721 ± 0.2276,0.0274833136904463,1.5032500055566438,527.9127516778524,1.0614216495822395,527.9 ± 1.061,515.0,528.0,88.6422809370412,0.1611087279029477,88.64 ± 0.1611,86.68181610107422,88.65716552734375,75.3416748046875,2,1,2,2,2:298,0,0,0.0,model_static,False,mckenzie2003,3.3011324637688246,3.2948389053344727,3.2840006351470947,3.3165154457092285,3.5985403060913086,5.279127516778524,5.28,5.28,0.6253299446325506,0.6240225199497107,0,0.0,0,0.0,0,0.0,0,0.0,296,976.5403935909272,0,0.0,2,7.197080612182617,0,0.0,0,0.0,0,0.0,0,0.0,0,0.0,0,0.0,0,0.0
20,2.0,298,119200.0,1163.0774822875155,14.20121742195375,1163 ± 14.2,1136.41357421875,1211.7552490234375,1.940387676626244,0.0022496970965876,1.94 ± 0.00225,1.940000057220459,1.9574874639511108,0.3721090606572333,0.227557946985991,0.3721 ± 0.2276,0.0274833136904463,1.5032500055566438,528.993288590604,0.0816478191986338,529 ± 0.08165,528.0,529.0,87.48803209138397,0.0045193851614356,87.49 ± 0.004519,87.4423828125,87.496337890625,75.3416748046875,2,1,2,2,2:298,0,0,0.0,model_static,False,mckenzie2003,3.307968487675558,3.3165154457092285,3.2840006351470947,3.3165154457092285,3.3165154457092285,5.28993288590604,5.29,5.29,0.6253327207657907,0.626940537941253,0,0.0,0,0.0,0,0.0,0,0.0,298,985.7746093273164,0,0.0,0,0.0,0,0.0,0,0.0,0,0.0,0,0.0,0,0.0,0,0.0,0,0.0
20,1.9,298,119200.0,1163.0774822875155,14.20121742195375,1163 ± 14.2,1136.41357421875,1211.7552490234375,1.940387676626244,0.0022496970965876,1.94 ± 0.00225,1.940000057220459,1.9574874639511108,0.3721090606572333,0.227557946985991,0.3721 ± 0.2276,0.0274833136904463,1.5032500055566438,539.0,0.0,539 ± 0,539.0,539.0,89.5982863919047,0.0012417489459656,89.6 ± 0.001242,89.59554290771484,89.60157775878906,75.3416748046875,2,1,2,2,2:298,0,0,0.0,model_static,False,mckenzie2003,3.3251715138454565,3.3273537158966064,3.3165154457092285,3.3273537158966064,3.3273537158966064,5.39,5.39,5.39,0.6169149376336653,0.617319798867645,0,0.0,0,0.0,0,0.0,0,0.0,298,990.901111125946,0,0.0,0,0.0,0,0.0,0,0.0,0,0.0,0,0.0,0,0.0,0,0.0,0,0.0
20,1.8,298,119200.0,1163.0774822875155,14.20121742195375,1163 ± 14.2,1136.41357421875,1211.7552490234375,1.940387676626244,0.0022496970965876,1.94 ± 0.00225,1.940000057220459,1.9574874639511108,0.3721090606572333,0.227557946985991,0.3721 ± 0.2276,0.0274833136904463,1.5032500055566438,541.996644295302,0.0578311675825976,542 ± 0.05783,541.0,542.0,89.68571047174851,0.0028558831022614,89.69 ± 0.002856,89.6388931274414,89.6877212524414,75.3416748046875,2,1,2,2,2:298,0,0,0.0,model_static,False,mckenzie2003,3.3158607850938835,3.3165154457092285,3.2948389053344727,3.3273537158966064,3.3273537158966064,5.4199664429530205,5.42,5.42,0.6117862033688416,0.6119032187655403,0,0.0,0,0.0,0,0.0,0,0.0,298,988.1265139579772,0,0.0,0,0.0,0,0.0,0,0.0,0,0.0,0,0.0,0,0.0,0,0.0,0,0.0
20,1.7,298,119200.0,1163.0774822875155,14.20121742195375,1163 ± 14.2,1136.41357421875,1211.7552490234375,1.940387676626244,0.0022496970965876,1.94 ± 0.00225,1.940000057220459,1.9574874639511108,0.3721090606572333,0.227557946985991,0.3721 ± 0.2276,0.0274833136904463,1.5032500055566438,538.996644295302,0.0578311675825976,539 ± 0.05783,538.0,539.0,89.69812677370622,0.0030785506846227,89.7 ± 0.003079,89.65201568603516,89.70134735107422,75.3416748046875,2,1,2,2,2:298,0,0,0.0,model_static,False,mckenzie2003,3.326153504768474,3.3273537158966064,3.3165154457092285,3.3273537158966064,3.3273537158966064,5.389966442953019,5.39,5.39,0.6171009380140261,0.617319798867645,0,0.0,0,0.0,0,0.0,0,0.0,298,991.1937444210052,0,0.0,0,0.0,0,0.0,0,0.0,0,0.0,0,0.0,0,0.0,0,0.0,0,0.0
20,1.6,298,119200.0,1163.0774822875155,14.20121742195375,1163 ± 14.2,1136.41357421875,1211.7552490234375,1.940387676626244,0.0022496970965876,1.94 ± 0.00225,1.940000057220459,1.9574874639511108,0.3721090606572333,0.227557946985991,0.3721 ± 0.2276,0.0274833136904463,1.5032500055566438,539.3053691275168,0.4605635933032701,539.3 ± 0.4606,539.0,540.0,88.68921904595906,0.0217683058584805,88.69 ± 0.02177,88.67144775390625,88.7232437133789,75.3416748046875,2,1,2,2,2:298,0,0,0.0,model_static,False,mckenzie2003,3.3272809758282347,3.3273537158966064,3.3273537158966064,3.3273537158966064,3.3273537158966064,5.393053691275167,5.39,5.4,0.6169572101443289,0.617319798867645,0,0.0,0,0.0,0,0.0,0,0.0,298,991.529730796814,0,0.0,0,0.0,0,0.0,0,0.0,0,0.0,0,0.0,0,0.0,0,0.0,0,0.0
20,1.5,298,119200.0,1163.0774822875155,14.20121742195375,1163 ± 14.2,1136.41357421875,1211.7552490234375,1.940387676626244,0.0022496970965876,1.94 ± 0.00225,1.940000057220459,1.9574874639511108,0.3721090606572333,0.227557946985991,0.3721 ± 0.2276,0.0274833136904463,1.5032500055566438,536.0,0.0,536 ± 0,536.0,536.0,88.10578378254935,0.0017708054925309,88.11 ± 0.001771,88.1004638671875,88.10924530029297,75.3416748046875,2,1,2,2,2:298,0,0,0.0,model_static,False,mckenzie2003,3.3273537158966064,3.3273537158966064,3.3273537158966064,3.3273537158966064,3.3273537158966064,5.36,5.36,5.36,0.6207749469956355,0.6207749469956355,0,0.0,0,0.0,0,0.0,0,0.0,298,991.5514073371888,0,0.0,0,0.0,0,0.0,0,0.0,0,0.0,0,0.0,0,0.0,0,0.0,0,0.0
20,1.4,298,119200.0,1163.0774822875155,14.20121742195375,1163 ± 14.2,1136.41357421875,1211.7552490234375,1.940387676626244,0.0022496970965876,1.94 ± 0.00225,1.940000057220459,1.9574874639511108,0.3721090606572333,0.227557946985991,0.3721 ± 0.2276,0.0274833136904463,1.5032500055566438,538.0,0.0,538 ± 0,538.0,538.0,87.6593901102975,0.0040574816863106,87.66 ± 0.004057,87.65099334716797,87.666259765625,75.3416748046875,2,1,2,2,2:298,0,0,0.0,model_static,False,mckenzie2003,3.305313475179992,3.2948389053344727,3.262324094772339,3.3273537158966064,3.3273537158966064,5.380000000000001,5.38,5.38,0.6143705344200731,0.6124235883521325,0,0.0,0,0.0,0,0.0,0,0.0,298,984.9834156036376,0,0.0,0,0.0,0,0.0,0,0.0,0,0.0,0,0.0,0,0.0,0,0.0,0,0.0
20,1.3,298,119200.0,1163.0774822875155,14.20121742195375,1163 ± 14.2,1136.41357421875,1211.7552490234375,1.940387676626244,0.0022496970965876,1.94 ± 0.00225,1.940000057220459,1.9574874639511108,0.3721090606572333,0.227557946985991,0.3721 ± 0.2276,0.0274833136904463,1.5032500055566438,535.9865771812081,0.1150766993253842,536 ± 0.1151,535.0,536.0,90.48271002545452,0.0055537913482285,90.48 ± 0.005554,90.4322509765625,90.48673248291016,75.3416748046875,2,1,2,2,2:298,0,0,0.0,model_static,False,mckenzie2003,3.3256443242898723,3.3273537158966064,3.3165154457092285,3.3273537158966064,3.3273537158966064,5.35986577181208,5.36,5.36,0.6204714913623793,0.6207749469956355,0,0.0,0,0.0,0,0.0,0,0.0,298,991.042008638382,0,0.0,0,0.0,0,0.0,0,0.0,0,0.0,0,0.0,0,0.0,0,0.0,0,0.0
20,1.2,298,119200.0,1163.0774822875155,14.20121742195375,1163 ± 14.2,1136.41357421875,1211.7552490234375,1.940387676626244,0.0022496970965876,1.94 ± 0.00225,1.940000057220459,1.9574874639511108,0.3721090606572333,0.227557946985991,0.3721 ± 0.2276,0.0274833136904463,1.5032500055566438,544.0,0.0,544 ± 0,544.0,544.0,90.7913251787224,0.0033511703760595,90.79 ± 0.003351,90.78722381591795,90.7985382080078,75.3416748046875,2,1,2,2,2:298,0,0,0.0,model_static,False,mckenzie2003,3.3285902970589247,3.3273537158966064,3.2948389053344727,3.3490302562713623,3.3490302562713623,5.44,5.44,5.44,0.6118732163711259,0.6116459036574644,0,0.0,0,0.0,0,0.0,0,0.0,298,991.9199085235596,0,0.0,0,0.0,0,0.0,0,0.0,0,0.0,0,0.0,0,0.0,0,0.0,0,0.0
20,1.1,298,119200.0,1163.0774822875155,14.20121742195375,1163 ± 14.2,1136.41357421875,1211.7552490234375,1.940387676626244,0.0022496970965876,1.94 ± 0.00225,1.940000057220459,1.9574874639511108,0.3721090606572333,0.227557946985991,0.3721 ± 0.2276,0.0274833136904463,1.5032500055566438,542.993288590604,0.0816478191986338,543 ± 0.08165,542.0,543.0,90.5101775611007,0.0046714796422462,90.51 ± 0.004671,90.45374298095705,90.51238250732422,75.3416748046875,2,1,2,2,2:298,0,0,0.0,model_static,False,mckenzie2003,3.2948752753686583,3.2948389053344727,3.2840006351470947,3.3165154457092285,3.3490302562713623,5.42993288590604,5.43,5.43,0.6067986639629984,0.606784328790879,0,0.0,0,0.0,0,0.0,0,0.0,298,981.8728320598602,0,0.0,0,0.0,0,0.0,0,0.0,0,0.0,0,0.0,0,0.0,0,0.0,0,0.0
20,1.0,298,119200.0,1163.0774822875155,14.20121742195375,1163 ± 14.2,1136.41357421875,1211.7552490234375,1.940387676626244,0.0022496970965876,1.94 ± 0.00225,1.940000057220459,1.9574874639511108,0.3721090606572333,0.227557946985991,0.3721 ± 0.2276,0.0274833136904463,1.5032500055566438,546.996644295302,0.0578311675825976,547 ± 0.05783,546.0,547.0,89.8959820382547,0.0032018487060001,89.9 ± 0.003202,89.85053253173828,89.89881134033203,75.3416748046875,2,1,2,2,2:298,0,0,0.0,model_static,False,mckenzie2003,3.3076775274020718,3.3165154457092285,3.2948389053344727,3.3273537158966064,3.3273537158966064,5.46996644295302,5.47,5.47,0.6046979361612427,0.606309953511742,0,0.0,0,0.0,0,0.0,0,0.0,298,985.6879031658171,0,0.0,0,0.0,0,0.0,0,0.0,0,0.0,0,0.0,0,0.0,0,0.0,0,0.0
20,0.9,298,119200.0,1163.0774822875155,14.20121742195375,1163 ± 14.2,1136.41357421875,1211.7552490234375,1.940387676626244,0.0022496970965876,1.94 ± 0.00225,1.940000057220459,1.9574874639511108,0.3721090606572333,0.227557946985991,0.3721 ± 0.2276,0.0274833136904463,1.5032500055566438,546.0,0.0,546 ± 0,546.0,546.0,91.09030409947336,0.00181357839959,91.09 ± 0.001814,91.08050537109376,91.09243774414062,75.3416748046875,2,1,2,2,2:298,0,0,0.0,model_static,False,mckenzie2003,3.3179702470766617,3.3165154457092285,3.2948389053344727,3.3490302562713623,3.3490302562713623,5.46,5.46,5.46,0.6076868584389491,0.6074204113020565,0,0.0,0,0.0,0,0.0,0,0.0,298,988.7551336288452,0,0.0,0,0.0,0,0.0,0,0.0,0,0.0,0,0.0,0,0.0,0,0.0,0,0.0
20,0.8,298,119200.0,1163.0774822875155,14.20121742195375,1163 ± 14.2,1136.41357421875,1211.7552490234375,1.940387676626244,0.0022496970965876,1.94 ± 0.00225,1.940000057220459,1.9574874639511108,0.3721090606572333,0.227557946985991,0.3721 ± 0.2276,0.0274833136904463,1.5032500055566438,546.8087248322148,0.3933051969831636,546.8 ± 0.3933,546.0,547.0,88.35896178379954,0.0184763047190423,88.36 ± 0.01848,88.32038879394531,88.37102508544922,75.3416748046875,2,1,2,2,2:298,0,0,0.0,model_static,False,mckenzie2003,3.348011895314159,3.3490302562713623,3.3490302562713623,3.3490302562713623,3.3490302562713623,5.4680872483221465,5.47,5.47,0.6122821325795582,0.6122541601958615,0,0.0,0,0.0,0,0.0,0,0.0,298,997.7075448036194,0,0.0,0,0.0,0,0.0,0,0.0,0,0.0,0,0.0,0,0.0,0,0.0,0,0.0
20,0.7,298,119200.0,1163.0774822875155,14.20121742195375,1163 ± 14.2,1136.41357421875,1211.7552490234375,1.940387676626244,0.0022496970965876,1.94 ± 0.00225,1.940000057220459,1.9574874639511108,0.3721090606572333,0.227557946985991,0.3721 ± 0.2276,0.0274833136904463,1.5032500055566438,544.0973154362416,0.2963868116342489,544.1 ± 0.2964,544.0,545.0,90.01922085141176,0.0133617938878907,90.02 ± 0.01336,90.01060485839844,90.05976104736328,75.3416748046875,2,1,2,2,2:298,0,0,0.0,model_static,False,mckenzie2003,3.311023570547168,3.3165154457092285,3.2948389053344727,3.3273537158966064,3.3273537158966064,5.440973154362416,5.44,5.45,0.6085348229458357,0.6096535745789022,0,0.0,0,0.0,0,0.0,0,0.0,298,986.685024023056,0,0.0,0,0.0,0,0.0,0,0.0,0,0.0,0,0.0,0,0.0,0,0.0,0,0.0
20,0.6,298,119200.0,1163.0774822875155,14.20121742195375,1163 ± 14.2,1136.41357421875,1211.7552490234375,1.940387676626244,0.0022496970965876,1.94 ± 0.00225,1.940000057220459,1.9574874639511108,0.3721090606572333,0.227557946985991,0.3721 ± 0.2276,0.0274833136904463,1.5032500055566438,542.6275167785235,0.4834661013918052,542.6 ± 0.4835,542.0,543.0,90.77909228945738,0.0211929293018339,90.78 ± 0.02119,90.74942779541016,90.79683685302734,75.3416748046875,2,1,2,2,2:298,0,0,0.0,model_static,False,mckenzie2003,3.316188115401556,3.3165154457092285,3.2948389053344727,3.3490302562713623,3.3490302562713623,5.426275167785236,5.43,5.43,0.6111337038215872,0.6107763251766535,0,0.0,0,0.0,0,0.0,0,0.0,298,988.2240583896636,0,0.0,0,0.0,0,0.0,0,0.0,0,0.0,0,0.0,0,0.0,0,0.0,0,0.0
20,0.5,298,119200.0,1163.0774822875155,14.20121742195375,1163 ± 14.2,1136.41357421875,1211.7552490234375,1.940387676626244,0.0022496970965876,1.94 ± 0.00225,1.940000057220459,1.9574874639511108,0.3721090606572333,0.227557946985991,0.3721 ± 0.2276,0.0274833136904463,1.5032500055566438,553.0335570469799,0.1800860116107213,553 ± 0.1801,553.0,554.0,89.86954511092013,0.0086272561253593,89.87 ± 0.008627,89.8576889038086,89.91280364990234,75.3416748046875,2,1,2,2,2:298,0,0,0.0,model_static,False,mckenzie2003,3.3252442539138283,3.3165154457092285,3.3165154457092285,3.35986852645874,3.35986852645874,5.530335570469799,5.53,5.53,0.6012733084072484,0.5997315453362076,0,0.0,0,0.0,0,0.0,0,0.0,298,990.9227876663208,0,0.0,0,0.0,0,0.0,0,0.0,0,0.0,0,0.0,0,0.0,0,0.0,0,0.0
20,0.4,298,119200.0,1163.0774822875155,14.20121742195375,1163 ± 14.2,1136.41357421875,1211.7552490234375,1.940387676626244,0.0022496970965876,1.94 ± 0.00225,1.940000057220459,1.9574874639511108,0.3721090606572333,0.227557946985991,0.3721 ± 0.2276,0.0274833136904463,1.5032500055566438,546.0973154362416,0.2963868116342489,546.1 ± 0.2964,546.0,547.0,83.57117935795112,0.0152840523601155,83.57 ± 0.01528,83.56153106689453,83.6166000366211,75.3416748046875,2,1,2,2,2:298,0,0,0.0,model_static,False,mckenzie2003,3.329317697742641,3.3490302562713623,3.2948389053344727,3.3490302562713623,3.3490302562713623,5.460973154362416,5.46,5.47,0.6096570814224185,0.6133755048116049,0,0.0,0,0.0,0,0.0,0,0.0,298,992.1366739273072,0,0.0,0,0.0,0,0.0,0,0.0,0,0.0,0,0.0,0,0.0,0,0.0,0,0.0
20,0.3,298,119200.0,1163.0774822875155,14.20121742195375,1163 ± 14.2,1136.41357421875,1211.7552490234375,1.940387676626244,0.0022496970965876,1.94 ± 0.00225,1.940000057220459,1.9574874639511108,0.3721090606572333,0.227557946985991,0.3721 ± 0.2276,0.0274833136904463,1.5032500055566438,535.2248322147651,3.012243607185402,535.2 ± 3.012,523.0,536.0,81.5695244961937,0.4098517801914296,81.57 ± 0.4099,79.90178680419922,81.67343139648438,75.3416748046875,2,1,2,2,2:298,0,0,0.0,model_static,False,mckenzie2003,3.2969153191419256,3.2840006351470947,3.262324094772339,3.5414204597473145,3.5642683506011963,5.352248322147651,5.36,5.36,0.6160730320341463,0.6126866856617713,0,0.0,0,0.0,0,0.0,0,0.0,281,922.2080736160278,0,0.0,17,60.27269148826599,0,0.0,0,0.0,0,0.0,0,0.0,0,0.0,0,0.0,0,0.0
20,0.2,298,119200.0,1163.0774822875155,14.20121742195375,1163 ± 14.2,1136.41357421875,1211.7552490234375,1.940387676626244,0.0022496970965876,1.94 ± 0.00225,1.940000057220459,1.9574874639511108,0.3721090606572333,0.227557946985991,0.3721 ± 0.2276,0.0274833136904463,1.5032500055566438,537.4429530201343,4.876161090896206,537.4 ± 4.876,522.0,539.0,83.59371262108719,0.5518572160762228,83.59 ± 0.5519,81.84465789794922,83.77188873291016,75.3416748046875,2,1,2,2,2:298,0,0,0.0,model_static,False,mckenzie2003,3.308193807633931,3.2840006351470947,3.262324094772339,3.5642683506011963,3.5642683506011963,5.374429530201342,5.39,5.39,0.6157354376201095,0.6092765556859174,0,0.0,0,0.0,0,0.0,0,0.0,271,889.6065092086792,0,0.0,27,96.2352454662323,0,0.0,0,0.0,0,0.0,0,0.0,0,0.0,0,0.0,0,0.0
20,0.1,298,119200.0,1163.0774822875155,14.20121742195375,1163 ± 14.2,1136.41357421875,1211.7552490234375,1.940387676626244,0.0022496970965876,1.94 ± 0.00225,1.940000057220459,1.9574874639511108,0.3721090606572333,0.227557946985991,0.3721 ± 0.2276,0.0274833136904463,1.5032500055566438,558.989932885906,0.0998286898029766,559 ± 0.09983,558.0,559.0,84.24952505738943,0.0056017867235764,84.25 ± 0.005602,84.20401000976562,84.25670623779297,75.3416748046875,2,1,2,2,2:298,0,0,0.0,model_static,False,mckenzie2003,3.3574681898091465,3.35986852645874,3.3273537158966064,3.381545305252075,3.381545305252075,5.58989932885906,5.59,5.59,0.6006311547094974,0.6010498258423507,0,0.0,0,0.0,0,0.0,0,0.0,298,1000.5255205631256,0,0.0,0,0.0,0,0.0,0,0.0,0,0.0,0,0.0,0,0.0,0,0.0,0,0.0
20,0.0,298,119200.0,1163.0774822875155,14.20121742195375,1163 ± 14.2,1136.41357421875,1211.7552490234375,1.940387676626244,0.0022496970965876,1.94 ± 0.00225,1.940000057220459,1.9574874639511108,0.3721090606572333,0.227557946985991,0.3721 ± 0.2276,0.0274833136904463,1.5032500055566438,614.9798657718121,0.1404593928621231,615 ± 0.1405,614.0,615.0,93.32085805291295,0.0061648481198098,93.32 ± 0.006165,93.27745056152344,93.3244400024414,75.3416748046875,1,1,1,1,1:298,0,0,0.0,model_static,False,mckenzie2003,3.483490511074962,3.479089736938477,3.4465749263763428,3.5007662773132324,3.5007662773132324,6.1497986577181205,6.15,6.15,0.5664395792447215,0.5657056482826791,0,0.0,0,0.0,0,0.0,0,0.0,298,1038.0801723003387,0,0.0,0,0.0,0,0.0,0,0.0,0,0.0,0,0.0,0,0.0,0,0.0,0,0.0
