variant,target_age_ka,climate_age_ka,depth_m,whc_top_mm,whc_bottom_mm,whc_total_mm,biome_id,optpft,npp_gC_m2_yr,lai,pft01_npp,pft01_lai,pft01_wetness,pft01_aet,pft01_firedays,pft01_greendays,pft02_npp,pft02_lai,pft02_wetness,pft02_aet,pft02_firedays,pft02_greendays,pft03_npp,pft03_lai,pft03_wetness,pft03_aet,pft03_firedays,pft03_greendays,pft04_npp,pft04_lai,pft04_wetness,pft04_aet,pft04_firedays,pft04_greendays,pft05_npp,pft05_lai,pft05_wetness,pft05_aet,pft05_firedays,pft05_greendays,pft06_npp,pft06_lai,pft06_wetness,pft06_aet,pft06_firedays,pft06_greendays,pft07_npp,pft07_lai,pft07_wetness,pft07_aet,pft07_firedays,pft07_greendays,pft08_npp,pft08_lai,pft08_wetness,pft08_aet,pft08_firedays,pft08_greendays,pft09_npp,pft09_lai,pft09_wetness,pft09_aet,pft09_firedays,pft09_greendays,pft10_npp,pft10_lai,pft10_wetness,pft10_aet,pft10_firedays,pft10_greendays,pft11_npp,pft11_lai,pft11_wetness,pft11_aet,pft11_firedays,pft11_greendays,pft12_npp,pft12_lai,pft12_wetness,pft12_aet,pft12_firedays,pft12_greendays,pft13_npp,pft13_lai,pft13_wetness,pft13_aet,pft13_firedays,pft13_greendays
original,6.0,6.0,0.01,1.5,0.0,1.5,7,6,381.0,2.79,0.0,0.0,0.0,0.0,0.0,0.0,0.0,0.0,0.0,0.0,0.0,0.0,0.0,0.0,0.0,0.0,0.0,0.0,380.3883972167969,2.650624990463257,47.6,350.0,73.0,286.0,0.0,0.0,0.0,0.0,0.0,0.0,380.7818908691406,2.791249990463257,47.5,383.0,72.0,365.0,352.227294921875,3.103749990463257,47.3,401.0,67.0,286.0,268.10693359375,3.041249990463257,49.2,294.0,50.0,186.0,0.0,0.0,0.0,0.0,0.0,0.0,89.53946685791016,1.1974999904632568,53.4,74.0,15.0,365.0,0.0,0.0,0.0,0.0,0.0,0.0,0.0,0.0,0.0,0.0,0.0,0.0,0.0,0.0,0.0,0.0,0.0,0.0
original,6.0,6.0,0.02,3.0,0.0,3.0,7,6,388.0,2.79,0.0,0.0,0.0,0.0,0.0,0.0,0.0,0.0,0.0,0.0,0.0,0.0,0.0,0.0,0.0,0.0,0.0,0.0,385.0411376953125,2.650624990463257,52.5,392.0,70.0,286.0,0.0,0.0,0.0,0.0,0.0,0.0,388.1944580078125,2.791249990463257,52.3,423.0,63.0,365.0,354.33477783203125,3.166249990463257,52.1,446.0,58.0,286.0,290.3539733886719,3.353749990463257,54.3,337.0,50.0,224.0,0.0,0.0,0.0,0.0,0.0,0.0,89.82881164550781,1.1974999904632568,62.6,76.0,14.0,365.0,0.0,0.0,0.0,0.0,0.0,0.0,0.0,0.0,0.0,0.0,0.0,0.0,0.0,0.0,0.0,0.0,0.0,0.0
original,6.0,6.0,0.03,4.5,0.0,4.5,7,6,394.0,2.81,0.0,0.0,0.0,0.0,0.0,0.0,0.0,0.0,0.0,0.0,0.0,0.0,0.0,0.0,0.0,0.0,0.0,0.0,387.7325439453125,2.650624990463257,55.8,410.0,56.0,286.0,0.0,0.0,0.0,0.0,0.0,0.0,394.4256286621094,2.806874990463257,55.6,454.0,57.0,365.0,356.1302490234375,3.181874990463257,55.3,466.0,51.0,286.0,290.0320739746094,3.353749990463257,56.5,338.0,42.0,227.0,0.0,0.0,0.0,0.0,0.0,0.0,89.908935546875,1.1974999904632568,65.3,76.0,13.0,365.0,0.0,0.0,0.0,0.0,0.0,0.0,0.0,0.0,0.0,0.0,0.0,0.0,0.0,0.0,0.0,0.0,0.0,0.0
original,6.0,6.0,0.04,6.0,0.0,6.0,7,6,395.0,2.81,0.0,0.0,0.0,0.0,0.0,0.0,0.0,0.0,0.0,0.0,0.0,0.0,0.0,0.0,0.0,0.0,0.0,0.0,387.7325439453125,2.650624990463257,56.6,411.0,56.0,286.0,0.0,0.0,0.0,0.0,0.0,0.0,395.1650085449219,2.806874990463257,56.6,458.0,56.0,365.0,356.1302490234375,3.181874990463257,56.0,467.0,51.0,286.0,289.7116394042969,3.338124990463257,57.7,338.0,42.0,230.0,0.0,0.0,0.0,0.0,0.0,0.0,89.96208953857422,1.1974999904632568,66.9,77.0,13.0,365.0,0.0,0.0,0.0,0.0,0.0,0.0,0.0,0.0,0.0,0.0,0.0,0.0,0.0,0.0,0.0,0.0,0.0,0.0
original,6.0,6.0,0.05,7.5,0.0,7.5,7,6,395.0,2.81,0.0,0.0,0.0,0.0,0.0,0.0,0.0,0.0,0.0,0.0,0.0,0.0,0.0,0.0,0.0,0.0,0.0,0.0,387.7325439453125,2.650624990463257,56.8,411.0,56.0,286.0,0.0,0.0,0.0,0.0,0.0,0.0,395.1908874511719,2.806874990463257,58.4,459.0,56.0,365.0,356.1302490234375,3.181874990463257,56.3,467.0,51.0,286.0,289.3919677734375,3.338124990463257,58.0,339.0,41.0,233.0,0.0,0.0,0.0,0.0,0.0,0.0,89.98860168457031,1.1974999904632568,67.8,77.0,13.0,365.0,0.0,0.0,0.0,0.0,0.0,0.0,0.0,0.0,0.0,0.0,0.0,0.0,0.0,0.0,0.0,0.0,0.0,0.0
original,6.0,6.0,0.06,9.0,0.0,9.0,7,6,395.0,2.79,0.0,0.0,0.0,0.0,0.0,0.0,0.0,0.0,0.0,0.0,0.0,0.0,0.0,0.0,0.0,0.0,0.0,0.0,387.7325439453125,2.650624990463257,57.1,412.0,56.0,286.0,0.0,0.0,0.0,0.0,0.0,0.0,395.20037841796875,2.791249990463257,59.8,459.0,56.0,365.0,356.1302490234375,3.181874990463257,56.7,468.0,51.0,286.0,289.0722961425781,3.338124990463257,58.4,339.0,42.0,236.0,0.0,0.0,0.0,0.0,0.0,0.0,89.98860168457031,1.1974999904632568,68.4,77.0,13.0,365.0,0.0,0.0,0.0,0.0,0.0,0.0,0.0,0.0,0.0,0.0,0.0,0.0,0.0,0.0,0.0,0.0,0.0,0.0
original,6.0,6.0,0.08,12.0,0.0,12.0,7,6,395.0,2.82,0.0,0.0,0.0,0.0,0.0,0.0,0.0,0.0,0.0,0.0,0.0,0.0,0.0,0.0,0.0,0.0,0.0,0.0,387.7325439453125,2.650624990463257,57.7,413.0,56.0,286.0,0.0,0.0,0.0,0.0,0.0,0.0,395.2442626953125,2.822499990463257,61.8,461.0,55.0,365.0,356.1302490234375,3.181874990463257,57.3,470.0,50.0,286.0,289.1302795410156,3.338124990463257,59.8,341.0,42.0,236.0,0.0,0.0,0.0,0.0,0.0,0.0,89.98860168457031,1.1974999904632568,69.5,77.0,13.0,365.0,0.0,0.0,0.0,0.0,0.0,0.0,0.0,0.0,0.0,0.0,0.0,0.0,0.0,0.0,0.0,0.0,0.0,0.0
original,6.0,6.0,0.1,15.0,0.0,15.0,7,6,395.0,2.81,0.0,0.0,0.0,0.0,0.0,0.0,0.0,0.0,0.0,0.0,0.0,0.0,0.0,0.0,0.0,0.0,0.0,0.0,387.7325439453125,2.650624990463257,59.8,415.0,56.0,286.0,0.0,0.0,0.0,0.0,0.0,0.0,395.2155456542969,2.806874990463257,63.2,462.0,55.0,365.0,356.1302490234375,3.181874990463257,59.3,471.0,50.0,286.0,289.1302795410156,3.338124990463257,61.7,342.0,41.0,236.0,0.0,0.0,0.0,0.0,0.0,0.0,89.98860168457031,1.1974999904632568,70.2,77.0,13.0,365.0,0.0,0.0,0.0,0.0,0.0,0.0,0.0,0.0,0.0,0.0,0.0,0.0,0.0,0.0,0.0,0.0,0.0,0.0
original,6.0,6.0,0.12,18.0,0.0,18.0,7,6,395.0,2.84,0.0,0.0,0.0,0.0,0.0,0.0,0.0,0.0,0.0,0.0,0.0,0.0,0.0,0.0,0.0,0.0,0.0,0.0,387.7325439453125,2.650624990463257,61.5,416.0,56.0,286.0,0.0,0.0,0.0,0.0,0.0,0.0,395.2070007324219,2.838124990463257,64.3,464.0,54.0,365.0,356.1302490234375,3.181874990463257,61.0,472.0,49.0,286.0,289.29486083984375,3.338124990463257,63.2,344.0,41.0,235.0,0.0,0.0,0.0,0.0,0.0,0.0,89.98860168457031,1.1974999904632568,71.0,77.0,13.0,365.0,0.0,0.0,0.0,0.0,0.0,0.0,0.0,0.0,0.0,0.0,0.0,0.0,0.0,0.0,0.0,0.0,0.0,0.0
original,6.0,6.0,0.15,22.5,0.0,22.5,7,6,395.0,2.79,0.0,0.0,0.0,0.0,0.0,0.0,0.0,0.0,0.0,0.0,0.0,0.0,0.0,0.0,0.0,0.0,0.0,0.0,387.7325439453125,2.650624990463257,63.5,418.0,56.0,286.0,0.0,0.0,0.0,0.0,0.0,0.0,395.1991271972656,2.791249990463257,65.8,464.0,54.0,365.0,356.1302490234375,3.181874990463257,63.0,474.0,49.0,286.0,289.29486083984375,3.338124990463257,64.7,346.0,41.0,235.0,0.0,0.0,0.0,0.0,0.0,0.0,89.96208953857422,1.1974999904632568,72.1,77.0,13.0,365.0,0.0,0.0,0.0,0.0,0.0,0.0,0.0,0.0,0.0,0.0,0.0,0.0,0.0,0.0,0.0,0.0,0.0,0.0
original,6.0,6.0,0.2,30.0,0.0,30.0,7,6,395.0,2.84,0.0,0.0,0.0,0.0,0.0,0.0,0.0,0.0,0.0,0.0,0.0,0.0,0.0,0.0,0.0,0.0,0.0,0.0,387.7325439453125,2.650624990463257,65.8,421.0,56.0,286.0,0.0,0.0,0.0,0.0,0.0,0.0,395.4186706542969,2.838124990463257,67.7,465.0,52.0,365.0,356.1302490234375,3.181874990463257,65.3,478.0,48.0,286.0,289.45941162109375,3.338124990463257,66.6,349.0,41.0,234.0,0.0,0.0,0.0,0.0,0.0,0.0,89.96208953857422,1.1974999904632568,73.3,77.0,13.0,365.0,0.0,0.0,0.0,0.0,0.0,0.0,0.0,0.0,0.0,0.0,0.0,0.0,0.0,0.0,0.0,0.0,0.0,0.0
original,6.0,6.0,0.3,45.0,0.0,45.0,7,6,395.0,2.84,0.0,0.0,0.0,0.0,0.0,0.0,0.0,0.0,0.0,0.0,0.0,0.0,0.0,0.0,0.0,0.0,0.0,0.0,387.7325439453125,2.650624990463257,69.1,422.0,55.0,286.0,0.0,0.0,0.0,0.0,0.0,0.0,395.4186706542969,2.838124990463257,69.8,465.0,48.0,365.0,356.1302490234375,3.181874990463257,68.4,480.0,46.0,286.0,289.45941162109375,3.338124990463257,69.5,354.0,40.0,234.0,0.0,0.0,0.0,0.0,0.0,0.0,89.96208953857422,1.1974999904632568,74.8,77.0,13.0,365.0,0.0,0.0,0.0,0.0,0.0,0.0,0.0,0.0,0.0,0.0,0.0,0.0,0.0,0.0,0.0,0.0,0.0,0.0
original,6.0,6.0,0.5,45.0,30.0,75.0,7,6,395.0,2.84,0.0,0.0,0.0,0.0,0.0,0.0,0.0,0.0,0.0,0.0,0.0,0.0,0.0,0.0,0.0,0.0,0.0,0.0,387.7325439453125,2.650624990463257,72.7,422.0,0.0,286.0,0.0,0.0,0.0,0.0,0.0,0.0,395.4186706542969,2.838124990463257,71.7,465.0,0.0,365.0,356.1302490234375,3.181874990463257,70.8,480.0,3.0,286.0,287.4637756347656,3.306874990463257,71.8,350.0,11.0,255.0,0.0,0.0,0.0,0.0,0.0,0.0,137.36082458496094,1.9474999904632568,75.2,135.0,0.0,365.0,0.0,0.0,0.0,0.0,0.0,0.0,0.0,0.0,0.0,0.0,0.0,0.0,0.0,0.0,0.0,0.0,0.0,0.0
original,6.0,6.0,1.5,45.0,180.0,225.0,7,6,395.0,2.84,0.0,0.0,0.0,0.0,0.0,0.0,0.0,0.0,0.0,0.0,0.0,0.0,0.0,0.0,0.0,0.0,0.0,0.0,387.7325439453125,2.650624990463257,72.7,422.0,0.0,286.0,0.0,0.0,0.0,0.0,0.0,0.0,395.4186706542969,2.838124990463257,71.7,465.0,0.0,365.0,356.1302490234375,3.181874990463257,70.8,480.0,3.0,286.0,287.4637756347656,3.306874990463257,71.8,350.0,11.0,255.0,0.0,0.0,0.0,0.0,0.0,0.0,137.36082458496094,1.9474999904632568,75.2,135.0,0.0,365.0,0.0,0.0,0.0,0.0,0.0,0.0,0.0,0.0,0.0,0.0,0.0,0.0,0.0,0.0,0.0,0.0,0.0,0.0
original,5.0,5.0,0.01,1.5,0.0,1.5,7,6,365.0,2.71,0.0,0.0,0.0,0.0,0.0,0.0,0.0,0.0,0.0,0.0,0.0,0.0,0.0,0.0,0.0,0.0,0.0,0.0,359.6097106933594,2.634999990463257,47.1,330.0,70.0,286.0,0.0,0.0,0.0,0.0,0.0,0.0,364.65142822265625,2.713124990463257,47.2,361.0,70.0,365.0,335.1752014160156,3.088124990463257,46.8,381.0,65.0,286.0,251.01031494140625,3.291249990463257,48.5,284.0,47.0,183.0,0.0,0.0,0.0,0.0,0.0,0.0,88.50088500976562,1.1974999904632568,51.8,70.0,16.0,365.0,0.0,0.0,0.0,0.0,0.0,0.0,0.0,0.0,0.0,0.0,0.0,0.0,0.0,0.0,0.0,0.0,0.0,0.0
original,5.0,5.0,0.02,3.0,0.0,3.0,7,6,372.0,2.76,0.0,0.0,0.0,0.0,0.0,0.0,0.0,0.0,0.0,0.0,0.0,0.0,0.0,0.0,0.0,0.0,0.0,0.0,368.8101806640625,2.666249990463257,53.5,393.0,60.0,286.0,0.0,0.0,0.0,0.0,0.0,0.0,371.7601013183594,2.759999990463257,52.2,396.0,61.0,365.0,337.5113525390625,3.119374990463257,51.8,414.0,56.0,286.0,281.4622497558594,3.306874990463257,54.1,325.0,48.0,226.0,0.0,0.0,0.0,0.0,0.0,0.0,90.16487121582031,1.1974999904632568,61.6,74.0,16.0,365.0,0.0,0.0,0.0,0.0,0.0,0.0,0.0,0.0,0.0,0.0,0.0,0.0,0.0,0.0,0.0,0.0,0.0,0.0
original,5.0,5.0,0.03,4.5,0.0,4.5,7,6,380.0,2.73,0.0,0.0,0.0,0.0,0.0,0.0,0.0,0.0,0.0,0.0,0.0,0.0,0.0,0.0,0.0,0.0,0.0,0.0,368.8101806640625,2.666249990463257,55.9,396.0,52.0,286.0,0.0,0.0,0.0,0.0,0.0,0.0,379.64398193359375,2.728749990463257,56.0,435.0,54.0,365.0,340.3475646972656,3.134999990463257,55.4,450.0,48.0,286.0,280.7720642089844,3.291249990463257,57.3,327.0,39.0,231.0,0.0,0.0,0.0,0.0,0.0,0.0,90.63490295410156,1.1974999904632568,65.5,75.0,14.0,365.0,0.0,0.0,0.0,0.0,0.0,0.0,0.0,0.0,0.0,0.0,0.0,0.0,0.0,0.0,0.0,0.0,0.0,0.0
original,5.0,5.0,0.04,6.0,0.0,6.0,7,6,380.0,2.74,0.0,0.0,0.0,0.0,0.0,0.0,0.0,0.0,0.0,0.0,0.0,0.0,0.0,0.0,0.0,0.0,0.0,0.0,368.8101806640625,2.666249990463257,56.6,396.0,52.0,286.0,0.0,0.0,0.0,0.0,0.0,0.0,379.7756652832031,2.744374990463257,57.5,436.0,53.0,365.0,340.3817443847656,3.134999990463257,56.2,451.0,47.0,286.0,280.2234802246094,3.291249990463257,58.0,328.0,39.0,235.0,0.0,0.0,0.0,0.0,0.0,0.0,90.86591339111328,1.2287499904632568,67.2,76.0,13.0,365.0,0.0,0.0,0.0,0.0,0.0,0.0,0.0,0.0,0.0,0.0,0.0,0.0,0.0,0.0,0.0,0.0,0.0,0.0
original,5.0,5.0,0.05,7.5,0.0,7.5,7,6,380.0,2.74,0.0,0.0,0.0,0.0,0.0,0.0,0.0,0.0,0.0,0.0,0.0,0.0,0.0,0.0,0.0,0.0,0.0,0.0,368.8101806640625,2.666249990463257,57.1,397.0,52.0,286.0,0.0,0.0,0.0,0.0,0.0,0.0,379.7107238769531,2.744374990463257,59.3,437.0,52.0,365.0,340.3817443847656,3.134999990463257,56.4,452.0,47.0,286.0,280.0231018066406,3.291249990463257,58.6,328.0,39.0,238.0,0.0,0.0,0.0,0.0,0.0,0.0,90.99315643310547,1.2287499904632568,68.2,76.0,13.0,365.0,0.0,0.0,0.0,0.0,0.0,0.0,0.0,0.0,0.0,0.0,0.0,0.0,0.0,0.0,0.0,0.0,0.0,0.0
original,5.0,5.0,0.06,9.0,0.0,9.0,7,6,380.0,2.74,0.0,0.0,0.0,0.0,0.0,0.0,0.0,0.0,0.0,0.0,0.0,0.0,0.0,0.0,0.0,0.0,0.0,0.0,368.8101806640625,2.666249990463257,57.2,398.0,52.0,286.0,0.0,0.0,0.0,0.0,0.0,0.0,379.7296447753906,2.744374990463257,60.4,438.0,52.0,365.0,340.3817443847656,3.134999990463257,56.7,453.0,47.0,286.0,280.11279296875,3.291249990463257,58.8,329.0,39.0,239.0,0.0,0.0,0.0,0.0,0.0,0.0,90.99315643310547,1.2287499904632568,68.7,76.0,13.0,365.0,0.0,0.0,0.0,0.0,0.0,0.0,0.0,0.0,0.0,0.0,0.0,0.0,0.0,0.0,0.0,0.0,0.0,0.0
original,5.0,5.0,0.08,12.0,0.0,12.0,7,6,380.0,2.74,0.0,0.0,0.0,0.0,0.0,0.0,0.0,0.0,0.0,0.0,0.0,0.0,0.0,0.0,0.0,0.0,0.0,0.0,368.8101806640625,2.666249990463257,58.4,399.0,52.0,286.0,0.0,0.0,0.0,0.0,0.0,0.0,379.6969909667969,2.744374990463257,62.1,439.0,51.0,365.0,340.3817443847656,3.134999990463257,58.0,454.0,47.0,286.0,280.11279296875,3.291249990463257,60.6,330.0,39.0,239.0,0.0,0.0,0.0,0.0,0.0,0.0,90.98483276367188,1.1974999904632568,69.9,76.0,13.0,365.0,0.0,0.0,0.0,0.0,0.0,0.0,0.0,0.0,0.0,0.0,0.0,0.0,0.0,0.0,0.0,0.0,0.0,0.0
original,5.0,5.0,0.1,15.0,0.0,15.0,7,6,380.0,2.74,0.0,0.0,0.0,0.0,0.0,0.0,0.0,0.0,0.0,0.0,0.0,0.0,0.0,0.0,0.0,0.0,0.0,0.0,368.8101806640625,2.666249990463257,60.3,401.0,52.0,286.0,0.0,0.0,0.0,0.0,0.0,0.0,379.7485656738281,2.744374990463257,63.7,441.0,51.0,365.0,340.3817443847656,3.134999990463257,60.1,456.0,46.0,286.0,280.2657470703125,3.291249990463257,62.3,332.0,39.0,238.0,0.0,0.0,0.0,0.0,0.0,0.0,90.97205352783203,1.2287499904632568,70.7,76.0,13.0,365.0,0.0,0.0,0.0,0.0,0.0,0.0,0.0,0.0,0.0,0.0,0.0,0.0,0.0,0.0,0.0,0.0,0.0,0.0
original,5.0,5.0,0.12,18.0,0.0,18.0,7,6,380.0,2.74,0.0,0.0,0.0,0.0,0.0,0.0,0.0,0.0,0.0,0.0,0.0,0.0,0.0,0.0,0.0,0.0,0.0,0.0,368.8101806640625,2.666249990463257,62.1,402.0,52.0,286.0,0.0,0.0,0.0,0.0,0.0,0.0,379.6969909667969,2.744374990463257,64.8,442.0,50.0,365.0,340.3817443847656,3.134999990463257,61.6,457.0,46.0,286.0,280.2657470703125,3.291249990463257,63.6,333.0,39.0,238.0,0.0,0.0,0.0,0.0,0.0,0.0,90.97205352783203,1.2287499904632568,71.4,76.0,13.0,365.0,0.0,0.0,0.0,0.0,0.0,0.0,0.0,0.0,0.0,0.0,0.0,0.0,0.0,0.0,0.0,0.0,0.0,0.0
original,5.0,5.0,0.15,22.5,0.0,22.5,7,6,380.0,2.74,0.0,0.0,0.0,0.0,0.0,0.0,0.0,0.0,0.0,0.0,0.0,0.0,0.0,0.0,0.0,0.0,0.0,0.0,368.8101806640625,2.666249990463257,63.8,404.0,52.0,286.0,0.0,0.0,0.0,0.0,0.0,0.0,379.6969909667969,2.744374990463257,66.2,442.0,50.0,365.0,340.3817443847656,3.134999990463257,63.4,459.0,45.0,286.0,280.2657470703125,3.291249990463257,65.0,335.0,39.0,238.0,0.0,0.0,0.0,0.0,0.0,0.0,90.97205352783203,1.2287499904632568,72.3,76.0,13.0,365.0,0.0,0.0,0.0,0.0,0.0,0.0,0.0,0.0,0.0,0.0,0.0,0.0,0.0,0.0,0.0,0.0,0.0,0.0
original,5.0,5.0,0.2,30.0,0.0,30.0,7,6,380.0,2.74,0.0,0.0,0.0,0.0,0.0,0.0,0.0,0.0,0.0,0.0,0.0,0.0,0.0,0.0,0.0,0.0,0.0,0.0,368.8101806640625,2.666249990463257,66.0,407.0,52.0,286.0,0.0,0.0,0.0,0.0,0.0,0.0,379.6969909667969,2.744374990463257,67.9,443.0,48.0,365.0,340.3817443847656,3.134999990463257,65.8,462.0,44.0,286.0,280.4186706542969,3.291249990463257,66.9,339.0,39.0,237.0,0.0,0.0,0.0,0.0,0.0,0.0,90.96455383300781,1.1974999904632568,73.5,76.0,13.0,365.0,0.0,0.0,0.0,0.0,0.0,0.0,0.0,0.0,0.0,0.0,0.0,0.0,0.0,0.0,0.0,0.0,0.0,0.0
original,5.0,5.0,0.3,45.0,0.0,45.0,7,6,380.0,2.74,0.0,0.0,0.0,0.0,0.0,0.0,0.0,0.0,0.0,0.0,0.0,0.0,0.0,0.0,0.0,0.0,0.0,0.0,368.8101806640625,2.666249990463257,69.3,407.0,51.0,286.0,0.0,0.0,0.0,0.0,0.0,0.0,379.8001403808594,2.744374990463257,70.4,443.0,44.0,365.0,340.3817443847656,3.134999990463257,69.0,462.0,41.0,286.0,280.57159423828125,3.291249990463257,69.8,343.0,38.0,236.0,0.0,0.0,0.0,0.0,0.0,0.0,90.96455383300781,1.1974999904632568,75.3,76.0,13.0,365.0,0.0,0.0,0.0,0.0,0.0,0.0,0.0,0.0,0.0,0.0,0.0,0.0,0.0,0.0,0.0,0.0,0.0,0.0
original,5.0,5.0,0.5,45.0,30.0,75.0,7,6,382.0,2.81,0.0,0.0,0.0,0.0,0.0,0.0,0.0,0.0,0.0,0.0,0.0,0.0,0.0,0.0,0.0,0.0,0.0,0.0,368.8101806640625,2.666249990463257,72.7,407.0,0.0,286.0,0.0,0.0,0.0,0.0,0.0,0.0,381.8667297363281,2.806874990463257,72.0,447.0,0.0,365.0,340.3817443847656,3.134999990463257,71.3,462.0,2.0,286.0,278.3820495605469,3.259999990463257,72.1,339.0,10.0,257.0,0.0,0.0,0.0,0.0,0.0,0.0,137.4866485595703,1.9474999904632568,75.4,133.0,0.0,365.0,0.0,0.0,0.0,0.0,0.0,0.0,0.0,0.0,0.0,0.0,0.0,0.0,0.0,0.0,0.0,0.0,0.0,0.0
original,5.0,5.0,1.5,45.0,180.0,225.0,7,6,382.0,2.81,0.0,0.0,0.0,0.0,0.0,0.0,0.0,0.0,0.0,0.0,0.0,0.0,0.0,0.0,0.0,0.0,0.0,0.0,368.8101806640625,2.666249990463257,72.8,407.0,0.0,286.0,0.0,0.0,0.0,0.0,0.0,0.0,381.8667297363281,2.806874990463257,72.0,447.0,0.0,365.0,340.3817443847656,3.134999990463257,71.3,462.0,1.0,286.0,278.3820495605469,3.259999990463257,72.1,339.0,10.0,257.0,0.0,0.0,0.0,0.0,0.0,0.0,137.4866485595703,1.9474999904632568,75.4,133.0,0.0,365.0,0.0,0.0,0.0,0.0,0.0,0.0,0.0,0.0,0.0,0.0,0.0,0.0,0.0,0.0,0.0,0.0,0.0,0.0
original,4.0,4.0,0.01,1.5,0.0,1.5,7,6,399.0,2.82,0.0,0.0,0.0,0.0,0.0,0.0,0.0,0.0,0.0,0.0,0.0,0.0,0.0,0.0,0.0,0.0,0.0,0.0,398.955810546875,2.744374990463257,47.2,351.0,77.0,286.0,0.0,0.0,0.0,0.0,0.0,0.0,399.4184265136719,2.822499990463257,47.0,382.0,76.0,365.0,369.719970703125,3.228749990463257,46.6,401.0,71.0,286.0,281.0795593261719,3.463124990463257,48.9,304.0,53.0,185.0,0.0,0.0,0.0,0.0,0.0,0.0,95.82489776611328,1.2443749904632568,54.5,75.0,16.0,365.0,0.0,0.0,0.0,0.0,0.0,0.0,0.0,0.0,0.0,0.0,0.0,0.0,0.0,0.0,0.0,0.0,0.0,0.0
original,4.0,4.0,0.02,3.0,0.0,3.0,7,6,408.0,2.82,0.0,0.0,0.0,0.0,0.0,0.0,0.0,0.0,0.0,0.0,0.0,0.0,0.0,0.0,0.0,0.0,0.0,0.0,404.6117858886719,2.853749990463257,53.2,413.0,72.0,286.0,0.0,0.0,0.0,0.0,0.0,0.0,407.9365539550781,2.822499990463257,53.0,427.0,66.0,365.0,372.269287109375,3.244374990463257,52.6,452.0,62.0,286.0,305.7192077636719,3.322499990463257,55.2,339.0,50.0,228.0,0.0,0.0,0.0,0.0,0.0,0.0,96.0947494506836,1.2599999904632568,57.8,78.0,15.0,365.0,0.0,0.0,0.0,0.0,0.0,0.0,0.0,0.0,0.0,0.0,0.0,0.0,0.0,0.0,0.0,0.0,0.0,0.0
original,4.0,4.0,0.03,4.5,0.0,4.5,7,6,415.0,2.89,0.0,0.0,0.0,0.0,0.0,0.0,0.0,0.0,0.0,0.0,0.0,0.0,0.0,0.0,0.0,0.0,0.0,0.0,405.78338623046875,2.744374990463257,57.0,418.0,57.0,286.0,0.0,0.0,0.0,0.0,0.0,0.0,414.7524719238281,2.884999990463257,56.9,462.0,58.0,365.0,374.0563049316406,3.244374990463257,56.3,473.0,52.0,286.0,305.38616943359375,3.416249990463257,57.7,342.0,42.0,232.0,0.0,0.0,0.0,0.0,0.0,0.0,96.15184783935547,1.2599999904632568,65.9,78.0,14.0,365.0,0.0,0.0,0.0,0.0,0.0,0.0,0.0,0.0,0.0,0.0,0.0,0.0,0.0,0.0,0.0,0.0,0.0,0.0
original,4.0,4.0,0.04,6.0,0.0,6.0,7,6,415.0,2.9,0.0,0.0,0.0,0.0,0.0,0.0,0.0,0.0,0.0,0.0,0.0,0.0,0.0,0.0,0.0,0.0,0.0,0.0,405.78338623046875,2.744374990463257,57.8,418.0,56.0,286.0,0.0,0.0,0.0,0.0,0.0,0.0,414.90863037109375,2.900624990463257,57.9,465.0,57.0,365.0,374.0563049316406,3.244374990463257,57.1,474.0,52.0,286.0,305.0507507324219,3.416249990463257,59.0,343.0,42.0,235.0,0.0,0.0,0.0,0.0,0.0,0.0,96.18030548095703,1.2599999904632568,67.7,78.0,13.0,365.0,0.0,0.0,0.0,0.0,0.0,0.0,0.0,0.0,0.0,0.0,0.0,0.0,0.0,0.0,0.0,0.0,0.0,0.0
original,4.0,4.0,0.05,7.5,0.0,7.5,7,6,415.0,2.9,0.0,0.0,0.0,0.0,0.0,0.0,0.0,0.0,0.0,0.0,0.0,0.0,0.0,0.0,0.0,0.0,0.0,0.0,405.78338623046875,2.744374990463257,58.1,419.0,57.0,286.0,0.0,0.0,0.0,0.0,0.0,0.0,414.9377746582031,2.900624990463257,58.6,466.0,57.0,365.0,374.0563049316406,3.244374990463257,57.3,475.0,51.0,286.0,304.71533203125,3.416249990463257,59.4,344.0,42.0,238.0,0.0,0.0,0.0,0.0,0.0,0.0,96.20873260498047,1.2599999904632568,68.6,78.0,13.0,365.0,0.0,0.0,0.0,0.0,0.0,0.0,0.0,0.0,0.0,0.0,0.0,0.0,0.0,0.0,0.0,0.0,0.0,0.0
original,4.0,4.0,0.06,9.0,0.0,9.0,7,6,415.0,2.9,0.0,0.0,0.0,0.0,0.0,0.0,0.0,0.0,0.0,0.0,0.0,0.0,0.0,0.0,0.0,0.0,0.0,0.0,405.78338623046875,2.744374990463257,58.4,420.0,56.0,286.0,0.0,0.0,0.0,0.0,0.0,0.0,414.9668884277344,2.900624990463257,59.9,466.0,57.0,365.0,374.0563049316406,3.244374990463257,57.7,475.0,51.0,286.0,304.5677795410156,3.416249990463257,59.7,344.0,42.0,240.0,0.0,0.0,0.0,0.0,0.0,0.0,96.20873260498047,1.2599999904632568,69.2,78.0,13.0,365.0,0.0,0.0,0.0,0.0,0.0,0.0,0.0,0.0,0.0,0.0,0.0,0.0,0.0,0.0,0.0,0.0,0.0,0.0
original,4.0,4.0,0.08,12.0,0.0,12.0,7,6,415.0,2.89,0.0,0.0,0.0,0.0,0.0,0.0,0.0,0.0,0.0,0.0,0.0,0.0,0.0,0.0,0.0,0.0,0.0,0.0,405.78338623046875,2.744374990463257,59.0,421.0,57.0,286.0,0.0,0.0,0.0,0.0,0.0,0.0,415.0148010253906,2.884999990463257,62.2,468.0,56.0,365.0,374.0563049316406,3.244374990463257,58.3,477.0,51.0,286.0,304.27618408203125,3.400624990463257,60.5,345.0,42.0,244.0,0.0,0.0,0.0,0.0,0.0,0.0,96.20873260498047,1.2599999904632568,70.3,78.0,14.0,365.0,0.0,0.0,0.0,0.0,0.0,0.0,0.0,0.0,0.0,0.0,0.0,0.0,0.0,0.0,0.0,0.0,0.0,0.0
original,4.0,4.0,0.1,15.0,0.0,15.0,7,6,415.0,2.89,0.0,0.0,0.0,0.0,0.0,0.0,0.0,0.0,0.0,0.0,0.0,0.0,0.0,0.0,0.0,0.0,0.0,0.0,405.78338623046875,2.744374990463257,59.9,423.0,57.0,286.0,0.0,0.0,0.0,0.0,0.0,0.0,415.0148010253906,2.884999990463257,63.6,469.0,56.0,365.0,374.0563049316406,3.244374990463257,59.3,478.0,50.0,286.0,304.27618408203125,3.400624990463257,62.0,347.0,42.0,244.0,0.0,0.0,0.0,0.0,0.0,0.0,96.20873260498047,1.2599999904632568,71.0,78.0,14.0,365.0,0.0,0.0,0.0,0.0,0.0,0.0,0.0,0.0,0.0,0.0,0.0,0.0,0.0,0.0,0.0,0.0,0.0,0.0
original,4.0,4.0,0.12,18.0,0.0,18.0,7,6,415.0,2.87,0.0,0.0,0.0,0.0,0.0,0.0,0.0,0.0,0.0,0.0,0.0,0.0,0.0,0.0,0.0,0.0,0.0,0.0,405.78338623046875,2.744374990463257,61.5,424.0,57.0,286.0,0.0,0.0,0.0,0.0,0.0,0.0,415.0205383300781,2.869374990463257,64.8,470.0,55.0,365.0,374.0563049316406,3.244374990463257,61.0,480.0,50.0,286.0,304.46343994140625,3.416249990463257,63.3,349.0,42.0,243.0,0.0,0.0,0.0,0.0,0.0,0.0,96.20873260498047,1.2599999904632568,71.8,78.0,14.0,365.0,0.0,0.0,0.0,0.0,0.0,0.0,0.0,0.0,0.0,0.0,0.0,0.0,0.0,0.0,0.0,0.0,0.0,0.0
original,4.0,4.0,0.15,22.5,0.0,22.5,7,6,415.0,2.89,0.0,0.0,0.0,0.0,0.0,0.0,0.0,0.0,0.0,0.0,0.0,0.0,0.0,0.0,0.0,0.0,0.0,0.0,405.78338623046875,2.744374990463257,63.5,426.0,57.0,286.0,0.0,0.0,0.0,0.0,0.0,0.0,415.0201416015625,2.884999990463257,66.2,472.0,54.0,365.0,374.0563049316406,3.244374990463257,63.0,482.0,50.0,286.0,304.46343994140625,3.416249990463257,65.2,351.0,42.0,243.0,0.0,0.0,0.0,0.0,0.0,0.0,96.20873260498047,1.2599999904632568,72.8,78.0,14.0,365.0,0.0,0.0,0.0,0.0,0.0,0.0,0.0,0.0,0.0,0.0,0.0,0.0,0.0,0.0,0.0,0.0,0.0,0.0
original,4.0,4.0,0.2,30.0,0.0,30.0,7,6,415.0,2.9,0.0,0.0,0.0,0.0,0.0,0.0,0.0,0.0,0.0,0.0,0.0,0.0,0.0,0.0,0.0,0.0,0.0,0.0,405.78338623046875,2.744374990463257,65.7,429.0,57.0,286.0,0.0,0.0,0.0,0.0,0.0,0.0,415.0065612792969,2.900624990463257,67.8,473.0,53.0,365.0,374.0563049316406,3.244374990463257,65.3,485.0,49.0,286.0,304.6512756347656,3.416249990463257,66.8,354.0,42.0,242.0,0.0,0.0,0.0,0.0,0.0,0.0,96.22872161865234,1.2599999904632568,73.8,78.0,14.0,365.0,0.0,0.0,0.0,0.0,0.0,0.0,0.0,0.0,0.0,0.0,0.0,0.0,0.0,0.0,0.0,0.0,0.0,0.0
original,4.0,4.0,0.3,45.0,0.0,45.0,7,6,415.0,2.9,0.0,0.0,0.0,0.0,0.0,0.0,0.0,0.0,0.0,0.0,0.0,0.0,0.0,0.0,0.0,0.0,0.0,0.0,405.78338623046875,2.744374990463257,69.3,430.0,56.0,286.0,0.0,0.0,0.0,0.0,0.0,0.0,415.1168518066406,2.900624990463257,70.2,473.0,49.0,365.0,374.0563049316406,3.244374990463257,68.4,487.0,46.0,286.0,304.839111328125,3.416249990463257,69.8,358.0,41.0,241.0,0.0,0.0,0.0,0.0,0.0,0.0,96.20030975341797,1.2599999904632568,75.4,78.0,14.0,365.0,0.0,0.0,0.0,0.0,0.0,0.0,0.0,0.0,0.0,0.0,0.0,0.0,0.0,0.0,0.0,0.0,0.0,0.0
original,4.0,4.0,0.5,45.0,30.0,75.0,7,6,415.0,2.9,0.0,0.0,0.0,0.0,0.0,0.0,0.0,0.0,0.0,0.0,0.0,0.0,0.0,0.0,0.0,0.0,0.0,0.0,405.78338623046875,2.744374990463257,72.9,430.0,0.0,286.0,0.0,0.0,0.0,0.0,0.0,0.0,415.2742004394531,2.900624990463257,72.0,472.0,0.0,365.0,374.0563049316406,3.244374990463257,70.8,487.0,4.0,286.0,302.7496643066406,3.384999990463257,72.2,355.0,12.0,264.0,0.0,0.0,0.0,0.0,0.0,0.0,146.1690673828125,1.9787499904632568,75.6,137.0,0.0,365.0,0.0,0.0,0.0,0.0,0.0,0.0,0.0,0.0,0.0,0.0,0.0,0.0,0.0,0.0,0.0,0.0,0.0,0.0
original,4.0,4.0,1.5,45.0,180.0,225.0,7,6,415.0,2.9,0.0,0.0,0.0,0.0,0.0,0.0,0.0,0.0,0.0,0.0,0.0,0.0,0.0,0.0,0.0,0.0,0.0,0.0,405.78338623046875,2.744374990463257,72.9,430.0,0.0,286.0,0.0,0.0,0.0,0.0,0.0,0.0,415.2742004394531,2.900624990463257,72.0,472.0,0.0,365.0,374.0563049316406,3.244374990463257,70.8,487.0,4.0,286.0,302.7496643066406,3.384999990463257,72.2,355.0,12.0,264.0,0.0,0.0,0.0,0.0,0.0,0.0,146.1690673828125,1.9787499904632568,75.6,137.0,0.0,365.0,0.0,0.0,0.0,0.0,0.0,0.0,0.0,0.0,0.0,0.0,0.0,0.0,0.0,0.0,0.0,0.0,0.0,0.0
original,3.0,3.0,0.01,1.5,0.0,1.5,7,6,405.0,2.85,0.0,0.0,0.0,0.0,0.0,0.0,0.0,0.0,0.0,0.0,0.0,0.0,0.0,0.0,0.0,0.0,0.0,0.0,400.11383056640625,2.713124990463257,47.0,350.0,78.0,286.0,0.0,0.0,0.0,0.0,0.0,0.0,404.5531921386719,2.853749990463257,46.8,381.0,78.0,365.0,374.94677734375,3.244374990463257,46.3,399.0,72.0,286.0,276.3777160644531,3.166249990463257,48.6,294.0,52.0,184.0,0.0,0.0,0.0,0.0,0.0,0.0,95.46866607666016,1.2131249904632568,53.3,74.0,17.0,365.0,0.0,0.0,0.0,0.0,0.0,0.0,0.0,0.0,0.0,0.0,0.0,0.0,0.0,0.0,0.0,0.0,0.0,0.0
original,3.0,3.0,0.02,3.0,0.0,3.0,7,6,412.0,2.89,0.0,0.0,0.0,0.0,0.0,0.0,0.0,0.0,0.0,0.0,0.0,0.0,0.0,0.0,0.0,0.0,0.0,0.0,404.7230529785156,2.744374990463257,52.6,394.0,72.0,286.0,0.0,0.0,0.0,0.0,0.0,0.0,412.2369689941406,2.884999990463257,51.8,423.0,68.0,365.0,377.45147705078125,3.259999990463257,51.7,445.0,63.0,286.0,307.456787109375,3.431874990463257,54.2,342.0,53.0,228.0,0.0,0.0,0.0,0.0,0.0,0.0,96.16429138183594,1.2287499904632568,56.9,77.0,16.0,365.0,0.0,0.0,0.0,0.0,0.0,0.0,0.0,0.0,0.0,0.0,0.0,0.0,0.0,0.0,0.0,0.0,0.0,0.0
original,3.0,3.0,0.03,4.5,0.0,4.5,7,6,419.0,2.92,0.0,0.0,0.0,0.0,0.0,0.0,0.0,0.0,0.0,0.0,0.0,0.0,0.0,0.0,0.0,0.0,0.0,0.0,408.6322937011719,2.775624990463257,56.1,420.0,58.0,286.0,0.0,0.0,0.0,0.0,0.0,0.0,419.1568298339844,2.916249990463257,55.6,460.0,59.0,365.0,379.85711669921875,3.244374990463257,55.4,474.0,54.0,286.0,307.2357482910156,3.431874990463257,57.0,344.0,43.0,230.0,0.0,0.0,0.0,0.0,0.0,0.0,96.35980224609375,1.2287499904632568,65.3,78.0,14.0,365.0,0.0,0.0,0.0,0.0,0.0,0.0,0.0,0.0,0.0,0.0,0.0,0.0,0.0,0.0,0.0,0.0,0.0,0.0
original,3.0,3.0,0.04,6.0,0.0,6.0,7,6,420.0,2.89,0.0,0.0,0.0,0.0,0.0,0.0,0.0,0.0,0.0,0.0,0.0,0.0,0.0,0.0,0.0,0.0,0.0,0.0,408.6322937011719,2.775624990463257,56.8,421.0,58.0,286.0,0.0,0.0,0.0,0.0,0.0,0.0,420.1067199707031,2.884999990463257,56.7,466.0,58.0,365.0,379.9347229003906,3.244374990463257,56.1,475.0,53.0,286.0,306.7936706542969,3.431874990463257,58.2,345.0,43.0,234.0,0.0,0.0,0.0,0.0,0.0,0.0,96.44890594482422,1.2599999904632568,67.2,78.0,14.0,365.0,0.0,0.0,0.0,0.0,0.0,0.0,0.0,0.0,0.0,0.0,0.0,0.0,0.0,0.0,0.0,0.0,0.0,0.0
original,3.0,3.0,0.05,7.5,0.0,7.5,7,6,420.0,2.92,0.0,0.0,0.0,0.0,0.0,0.0,0.0,0.0,0.0,0.0,0.0,0.0,0.0,0.0,0.0,0.0,0.0,0.0,408.6322937011719,2.775624990463257,57.3,421.0,58.0,286.0,0.0,0.0,0.0,0.0,0.0,0.0,420.1174621582031,2.916249990463257,57.8,467.0,58.0,365.0,379.9347229003906,3.244374990463257,56.5,476.0,52.0,286.0,306.4631652832031,3.416249990463257,58.6,345.0,43.0,237.0,0.0,0.0,0.0,0.0,0.0,0.0,96.5099105834961,1.2599999904632568,68.0,78.0,14.0,365.0,0.0,0.0,0.0,0.0,0.0,0.0,0.0,0.0,0.0,0.0,0.0,0.0,0.0,0.0,0.0,0.0,0.0,0.0
original,3.0,3.0,0.06,9.0,0.0,9.0,7,6,420.0,2.92,0.0,0.0,0.0,0.0,0.0,0.0,0.0,0.0,0.0,0.0,0.0,0.0,0.0,0.0,0.0,0.0,0.0,0.0,408.6322937011719,2.775624990463257,57.4,422.0,57.0,286.0,0.0,0.0,0.0,0.0,0.0,0.0,420.1473083496094,2.916249990463257,59.3,468.0,58.0,365.0,379.9347229003906,3.244374990463257,56.7,477.0,52.0,286.0,306.3233337402344,3.416249990463257,58.9,346.0,43.0,239.0,0.0,0.0,0.0,0.0,0.0,0.0,96.5403060913086,1.2599999904632568,68.8,78.0,14.0,365.0,0.0,0.0,0.0,0.0,0.0,0.0,0.0,0.0,0.0,0.0,0.0,0.0,0.0,0.0,0.0,0.0,0.0,0.0
original,3.0,3.0,0.08,12.0,0.0,12.0,7,6,420.0,2.9,0.0,0.0,0.0,0.0,0.0,0.0,0.0,0.0,0.0,0.0,0.0,0.0,0.0,0.0,0.0,0.0,0.0,0.0,408.6322937011719,2.775624990463257,58.0,424.0,58.0,286.0,0.0,0.0,0.0,0.0,0.0,0.0,420.1951904296875,2.900624990463257,61.3,469.0,57.0,365.0,379.9347229003906,3.244374990463257,57.4,478.0,52.0,286.0,305.99395751953125,3.416249990463257,59.7,347.0,43.0,242.0,0.0,0.0,0.0,0.0,0.0,0.0,96.516845703125,1.2756249904632568,69.9,78.0,14.0,365.0,0.0,0.0,0.0,0.0,0.0,0.0,0.0,0.0,0.0,0.0,0.0,0.0,0.0,0.0,0.0,0.0,0.0,0.0
original,3.0,3.0,0.1,15.0,0.0,15.0,7,6,420.0,2.89,0.0,0.0,0.0,0.0,0.0,0.0,0.0,0.0,0.0,0.0,0.0,0.0,0.0,0.0,0.0,0.0,0.0,0.0,408.6322937011719,2.775624990463257,59.4,425.0,58.0,286.0,0.0,0.0,0.0,0.0,0.0,0.0,420.1999816894531,2.884999990463257,62.9,470.0,57.0,365.0,379.9347229003906,3.244374990463257,58.7,480.0,52.0,286.0,305.99395751953125,3.416249990463257,61.6,348.0,43.0,242.0,0.0,0.0,0.0,0.0,0.0,0.0,96.5099105834961,1.2599999904632568,70.7,78.0,14.0,365.0,0.0,0.0,0.0,0.0,0.0,0.0,0.0,0.0,0.0,0.0,0.0,0.0,0.0,0.0,0.0,0.0,0.0,0.0
original,3.0,3.0,0.12,18.0,0.0,18.0,7,6,420.0,2.92,0.0,0.0,0.0,0.0,0.0,0.0,0.0,0.0,0.0,0.0,0.0,0.0,0.0,0.0,0.0,0.0,0.0,0.0,408.6322937011719,2.775624990463257,61.1,427.0,58.0,286.0,0.0,0.0,0.0,0.0,0.0,0.0,420.2107849121094,2.916249990463257,64.1,471.0,56.0,365.0,379.9347229003906,3.244374990463257,60.3,481.0,52.0,286.0,306.18353271484375,3.416249990463257,62.8,350.0,43.0,241.0,0.0,0.0,0.0,0.0,0.0,0.0,96.5099105834961,1.2599999904632568,71.5,78.0,14.0,365.0,0.0,0.0,0.0,0.0,0.0,0.0,0.0,0.0,0.0,0.0,0.0,0.0,0.0,0.0,0.0,0.0,0.0,0.0
original,3.0,3.0,0.15,22.5,0.0,22.5,7,6,420.0,2.89,0.0,0.0,0.0,0.0,0.0,0.0,0.0,0.0,0.0,0.0,0.0,0.0,0.0,0.0,0.0,0.0,0.0,0.0,408.6322937011719,2.775624990463257,62.8,429.0,58.0,286.0,0.0,0.0,0.0,0.0,0.0,0.0,420.1780090332031,2.884999990463257,65.3,472.0,55.0,365.0,379.9347229003906,3.244374990463257,62.3,483.0,51.0,286.0,306.18353271484375,3.416249990463257,64.4,352.0,42.0,241.0,0.0,0.0,0.0,0.0,0.0,0.0,96.5099105834961,1.2599999904632568,72.3,78.0,14.0,365.0,0.0,0.0,0.0,0.0,0.0,0.0,0.0,0.0,0.0,0.0,0.0,0.0,0.0,0.0,0.0,0.0,0.0,0.0
original,3.0,3.0,0.2,30.0,0.0,30.0,7,6,420.0,2.87,0.0,0.0,0.0,0.0,0.0,0.0,0.0,0.0,0.0,0.0,0.0,0.0,0.0,0.0,0.0,0.0,0.0,0.0,408.6322937011719,2.775624990463257,65.4,432.0,58.0,286.0,0.0,0.0,0.0,0.0,0.0,0.0,420.1986999511719,2.869374990463257,67.3,473.0,54.0,365.0,379.9347229003906,3.244374990463257,64.6,487.0,50.0,286.0,306.373046875,3.416249990463257,66.3,355.0,42.0,240.0,0.0,0.0,0.0,0.0,0.0,0.0,96.5099105834961,1.2599999904632568,73.5,78.0,14.0,365.0,0.0,0.0,0.0,0.0,0.0,0.0,0.0,0.0,0.0,0.0,0.0,0.0,0.0,0.0,0.0,0.0,0.0,0.0
original,3.0,3.0,0.3,45.0,0.0,45.0,7,6,420.0,2.89,0.0,0.0,0.0,0.0,0.0,0.0,0.0,0.0,0.0,0.0,0.0,0.0,0.0,0.0,0.0,0.0,0.0,0.0,408.6322937011719,2.775624990463257,68.7,432.0,57.0,286.0,0.0,0.0,0.0,0.0,0.0,0.0,420.2398376464844,2.884999990463257,69.6,473.0,50.0,365.0,379.9347229003906,3.244374990463257,67.8,488.0,47.0,286.0,306.5198059082031,3.478749990463257,69.3,361.0,41.0,239.0,0.0,0.0,0.0,0.0,0.0,0.0,96.47943115234375,1.2599999904632568,75.0,78.0,14.0,365.0,0.0,0.0,0.0,0.0,0.0,0.0,0.0,0.0,0.0,0.0,0.0,0.0,0.0,0.0,0.0,0.0,0.0,0.0
original,3.0,3.0,0.5,45.0,30.0,75.0,7,6,422.0,2.93,0.0,0.0,0.0,0.0,0.0,0.0,0.0,0.0,0.0,0.0,0.0,0.0,0.0,0.0,0.0,0.0,0.0,0.0,408.6322937011719,2.775624990463257,72.6,432.0,0.0,286.0,0.0,0.0,0.0,0.0,0.0,0.0,421.58831787109375,2.931874990463257,71.3,474.0,0.0,365.0,379.9347229003906,3.244374990463257,70.4,488.0,3.0,286.0,304.43194580078125,3.384999990463257,71.7,355.0,11.0,262.0,0.0,0.0,0.0,0.0,0.0,0.0,146.8314971923828,1.9631249904632568,75.3,136.0,0.0,365.0,0.0,0.0,0.0,0.0,0.0,0.0,0.0,0.0,0.0,0.0,0.0,0.0,0.0,0.0,0.0,0.0,0.0,0.0
original,3.0,3.0,1.5,45.0,180.0,225.0,7,6,422.0,2.93,0.0,0.0,0.0,0.0,0.0,0.0,0.0,0.0,0.0,0.0,0.0,0.0,0.0,0.0,0.0,0.0,0.0,0.0,408.6322937011719,2.775624990463257,72.6,432.0,0.0,286.0,0.0,0.0,0.0,0.0,0.0,0.0,421.58831787109375,2.931874990463257,71.3,474.0,0.0,365.0,379.9347229003906,3.244374990463257,70.4,488.0,3.0,286.0,304.43194580078125,3.384999990463257,71.7,355.0,11.0,262.0,0.0,0.0,0.0,0.0,0.0,0.0,146.8314971923828,1.9631249904632568,75.3,136.0,0.0,365.0,0.0,0.0,0.0,0.0,0.0,0.0,0.0,0.0,0.0,0.0,0.0,0.0,0.0,0.0,0.0,0.0,0.0,0.0
original,2.7,3.0,0.01,1.5,0.0,1.5,7,6,405.0,2.85,0.0,0.0,0.0,0.0,0.0,0.0,0.0,0.0,0.0,0.0,0.0,0.0,0.0,0.0,0.0,0.0,0.0,0.0,400.11383056640625,2.713124990463257,47.0,350.0,78.0,286.0,0.0,0.0,0.0,0.0,0.0,0.0,404.5531921386719,2.853749990463257,46.8,381.0,78.0,365.0,374.94677734375,3.244374990463257,46.3,399.0,72.0,286.0,276.3777160644531,3.166249990463257,48.6,294.0,52.0,184.0,0.0,0.0,0.0,0.0,0.0,0.0,95.46866607666016,1.2131249904632568,53.3,74.0,17.0,365.0,0.0,0.0,0.0,0.0,0.0,0.0,0.0,0.0,0.0,0.0,0.0,0.0,0.0,0.0,0.0,0.0,0.0,0.0
original,2.7,3.0,0.02,3.0,0.0,3.0,7,6,412.0,2.89,0.0,0.0,0.0,0.0,0.0,0.0,0.0,0.0,0.0,0.0,0.0,0.0,0.0,0.0,0.0,0.0,0.0,0.0,404.7230529785156,2.744374990463257,52.6,394.0,72.0,286.0,0.0,0.0,0.0,0.0,0.0,0.0,412.2369689941406,2.884999990463257,51.8,423.0,68.0,365.0,377.45147705078125,3.259999990463257,51.7,445.0,63.0,286.0,307.456787109375,3.431874990463257,54.2,342.0,53.0,228.0,0.0,0.0,0.0,0.0,0.0,0.0,96.16429138183594,1.2287499904632568,56.9,77.0,16.0,365.0,0.0,0.0,0.0,0.0,0.0,0.0,0.0,0.0,0.0,0.0,0.0,0.0,0.0,0.0,0.0,0.0,0.0,0.0
original,2.7,3.0,0.03,4.5,0.0,4.5,7,6,419.0,2.92,0.0,0.0,0.0,0.0,0.0,0.0,0.0,0.0,0.0,0.0,0.0,0.0,0.0,0.0,0.0,0.0,0.0,0.0,408.6322937011719,2.775624990463257,56.1,420.0,58.0,286.0,0.0,0.0,0.0,0.0,0.0,0.0,419.1568298339844,2.916249990463257,55.6,460.0,59.0,365.0,379.85711669921875,3.244374990463257,55.4,474.0,54.0,286.0,307.2357482910156,3.431874990463257,57.0,344.0,43.0,230.0,0.0,0.0,0.0,0.0,0.0,0.0,96.35980224609375,1.2287499904632568,65.3,78.0,14.0,365.0,0.0,0.0,0.0,0.0,0.0,0.0,0.0,0.0,0.0,0.0,0.0,0.0,0.0,0.0,0.0,0.0,0.0,0.0
original,2.7,3.0,0.04,6.0,0.0,6.0,7,6,420.0,2.89,0.0,0.0,0.0,0.0,0.0,0.0,0.0,0.0,0.0,0.0,0.0,0.0,0.0,0.0,0.0,0.0,0.0,0.0,408.6322937011719,2.775624990463257,56.8,421.0,58.0,286.0,0.0,0.0,0.0,0.0,0.0,0.0,420.1067199707031,2.884999990463257,56.7,466.0,58.0,365.0,379.9347229003906,3.244374990463257,56.1,475.0,53.0,286.0,306.7936706542969,3.431874990463257,58.2,345.0,43.0,234.0,0.0,0.0,0.0,0.0,0.0,0.0,96.44890594482422,1.2599999904632568,67.2,78.0,14.0,365.0,0.0,0.0,0.0,0.0,0.0,0.0,0.0,0.0,0.0,0.0,0.0,0.0,0.0,0.0,0.0,0.0,0.0,0.0
original,2.7,3.0,0.05,7.5,0.0,7.5,7,6,420.0,2.92,0.0,0.0,0.0,0.0,0.0,0.0,0.0,0.0,0.0,0.0,0.0,0.0,0.0,0.0,0.0,0.0,0.0,0.0,408.6322937011719,2.775624990463257,57.3,421.0,58.0,286.0,0.0,0.0,0.0,0.0,0.0,0.0,420.1174621582031,2.916249990463257,57.8,467.0,58.0,365.0,379.9347229003906,3.244374990463257,56.5,476.0,52.0,286.0,306.4631652832031,3.416249990463257,58.6,345.0,43.0,237.0,0.0,0.0,0.0,0.0,0.0,0.0,96.5099105834961,1.2599999904632568,68.0,78.0,14.0,365.0,0.0,0.0,0.0,0.0,0.0,0.0,0.0,0.0,0.0,0.0,0.0,0.0,0.0,0.0,0.0,0.0,0.0,0.0
original,2.7,3.0,0.06,9.0,0.0,9.0,7,6,420.0,2.92,0.0,0.0,0.0,0.0,0.0,0.0,0.0,0.0,0.0,0.0,0.0,0.0,0.0,0.0,0.0,0.0,0.0,0.0,408.6322937011719,2.775624990463257,57.4,422.0,57.0,286.0,0.0,0.0,0.0,0.0,0.0,0.0,420.1473083496094,2.916249990463257,59.3,468.0,58.0,365.0,379.9347229003906,3.244374990463257,56.7,477.0,52.0,286.0,306.3233337402344,3.416249990463257,58.9,346.0,43.0,239.0,0.0,0.0,0.0,0.0,0.0,0.0,96.5403060913086,1.2599999904632568,68.8,78.0,14.0,365.0,0.0,0.0,0.0,0.0,0.0,0.0,0.0,0.0,0.0,0.0,0.0,0.0,0.0,0.0,0.0,0.0,0.0,0.0
original,2.7,3.0,0.08,12.0,0.0,12.0,7,6,420.0,2.9,0.0,0.0,0.0,0.0,0.0,0.0,0.0,0.0,0.0,0.0,0.0,0.0,0.0,0.0,0.0,0.0,0.0,0.0,408.6322937011719,2.775624990463257,58.0,424.0,58.0,286.0,0.0,0.0,0.0,0.0,0.0,0.0,420.1951904296875,2.900624990463257,61.3,469.0,57.0,365.0,379.9347229003906,3.244374990463257,57.4,478.0,52.0,286.0,305.99395751953125,3.416249990463257,59.7,347.0,43.0,242.0,0.0,0.0,0.0,0.0,0.0,0.0,96.516845703125,1.2756249904632568,69.9,78.0,14.0,365.0,0.0,0.0,0.0,0.0,0.0,0.0,0.0,0.0,0.0,0.0,0.0,0.0,0.0,0.0,0.0,0.0,0.0,0.0
original,2.7,3.0,0.1,15.0,0.0,15.0,7,6,420.0,2.89,0.0,0.0,0.0,0.0,0.0,0.0,0.0,0.0,0.0,0.0,0.0,0.0,0.0,0.0,0.0,0.0,0.0,0.0,408.6322937011719,2.775624990463257,59.4,425.0,58.0,286.0,0.0,0.0,0.0,0.0,0.0,0.0,420.1999816894531,2.884999990463257,62.9,470.0,57.0,365.0,379.9347229003906,3.244374990463257,58.7,480.0,52.0,286.0,305.99395751953125,3.416249990463257,61.6,348.0,43.0,242.0,0.0,0.0,0.0,0.0,0.0,0.0,96.5099105834961,1.2599999904632568,70.7,78.0,14.0,365.0,0.0,0.0,0.0,0.0,0.0,0.0,0.0,0.0,0.0,0.0,0.0,0.0,0.0,0.0,0.0,0.0,0.0,0.0
original,2.7,3.0,0.12,18.0,0.0,18.0,7,6,420.0,2.92,0.0,0.0,0.0,0.0,0.0,0.0,0.0,0.0,0.0,0.0,0.0,0.0,0.0,0.0,0.0,0.0,0.0,0.0,408.6322937011719,2.775624990463257,61.1,427.0,58.0,286.0,0.0,0.0,0.0,0.0,0.0,0.0,420.2107849121094,2.916249990463257,64.1,471.0,56.0,365.0,379.9347229003906,3.244374990463257,60.3,481.0,52.0,286.0,306.18353271484375,3.416249990463257,62.8,350.0,43.0,241.0,0.0,0.0,0.0,0.0,0.0,0.0,96.5099105834961,1.2599999904632568,71.5,78.0,14.0,365.0,0.0,0.0,0.0,0.0,0.0,0.0,0.0,0.0,0.0,0.0,0.0,0.0,0.0,0.0,0.0,0.0,0.0,0.0
original,2.7,3.0,0.15,22.5,0.0,22.5,7,6,420.0,2.89,0.0,0.0,0.0,0.0,0.0,0.0,0.0,0.0,0.0,0.0,0.0,0.0,0.0,0.0,0.0,0.0,0.0,0.0,408.6322937011719,2.775624990463257,62.8,429.0,58.0,286.0,0.0,0.0,0.0,0.0,0.0,0.0,420.1780090332031,2.884999990463257,65.3,472.0,55.0,365.0,379.9347229003906,3.244374990463257,62.3,483.0,51.0,286.0,306.18353271484375,3.416249990463257,64.4,352.0,42.0,241.0,0.0,0.0,0.0,0.0,0.0,0.0,96.5099105834961,1.2599999904632568,72.3,78.0,14.0,365.0,0.0,0.0,0.0,0.0,0.0,0.0,0.0,0.0,0.0,0.0,0.0,0.0,0.0,0.0,0.0,0.0,0.0,0.0
original,2.7,3.0,0.2,30.0,0.0,30.0,7,6,420.0,2.87,0.0,0.0,0.0,0.0,0.0,0.0,0.0,0.0,0.0,0.0,0.0,0.0,0.0,0.0,0.0,0.0,0.0,0.0,408.6322937011719,2.775624990463257,65.4,432.0,58.0,286.0,0.0,0.0,0.0,0.0,0.0,0.0,420.1986999511719,2.869374990463257,67.3,473.0,54.0,365.0,379.9347229003906,3.244374990463257,64.6,487.0,50.0,286.0,306.373046875,3.416249990463257,66.3,355.0,42.0,240.0,0.0,0.0,0.0,0.0,0.0,0.0,96.5099105834961,1.2599999904632568,73.5,78.0,14.0,365.0,0.0,0.0,0.0,0.0,0.0,0.0,0.0,0.0,0.0,0.0,0.0,0.0,0.0,0.0,0.0,0.0,0.0,0.0
original,2.7,3.0,0.3,45.0,0.0,45.0,7,6,420.0,2.89,0.0,0.0,0.0,0.0,0.0,0.0,0.0,0.0,0.0,0.0,0.0,0.0,0.0,0.0,0.0,0.0,0.0,0.0,408.6322937011719,2.775624990463257,68.7,432.0,57.0,286.0,0.0,0.0,0.0,0.0,0.0,0.0,420.2398376464844,2.884999990463257,69.6,473.0,50.0,365.0,379.9347229003906,3.244374990463257,67.8,488.0,47.0,286.0,306.5198059082031,3.478749990463257,69.3,361.0,41.0,239.0,0.0,0.0,0.0,0.0,0.0,0.0,96.47943115234375,1.2599999904632568,75.0,78.0,14.0,365.0,0.0,0.0,0.0,0.0,0.0,0.0,0.0,0.0,0.0,0.0,0.0,0.0,0.0,0.0,0.0,0.0,0.0,0.0
original,2.7,3.0,0.5,45.0,30.0,75.0,7,6,422.0,2.93,0.0,0.0,0.0,0.0,0.0,0.0,0.0,0.0,0.0,0.0,0.0,0.0,0.0,0.0,0.0,0.0,0.0,0.0,408.6322937011719,2.775624990463257,72.6,432.0,0.0,286.0,0.0,0.0,0.0,0.0,0.0,0.0,421.58831787109375,2.931874990463257,71.3,474.0,0.0,365.0,379.9347229003906,3.244374990463257,70.4,488.0,3.0,286.0,304.43194580078125,3.384999990463257,71.7,355.0,11.0,262.0,0.0,0.0,0.0,0.0,0.0,0.0,146.8314971923828,1.9631249904632568,75.3,136.0,0.0,365.0,0.0,0.0,0.0,0.0,0.0,0.0,0.0,0.0,0.0,0.0,0.0,0.0,0.0,0.0,0.0,0.0,0.0,0.0
original,2.7,3.0,1.5,45.0,180.0,225.0,7,6,422.0,2.93,0.0,0.0,0.0,0.0,0.0,0.0,0.0,0.0,0.0,0.0,0.0,0.0,0.0,0.0,0.0,0.0,0.0,0.0,408.6322937011719,2.775624990463257,72.6,432.0,0.0,286.0,0.0,0.0,0.0,0.0,0.0,0.0,421.58831787109375,2.931874990463257,71.3,474.0,0.0,365.0,379.9347229003906,3.244374990463257,70.4,488.0,3.0,286.0,304.43194580078125,3.384999990463257,71.7,355.0,11.0,262.0,0.0,0.0,0.0,0.0,0.0,0.0,146.8314971923828,1.9631249904632568,75.3,136.0,0.0,365.0,0.0,0.0,0.0,0.0,0.0,0.0,0.0,0.0,0.0,0.0,0.0,0.0,0.0,0.0,0.0,0.0,0.0,0.0
original,2.5,2.0,0.01,1.5,0.0,1.5,7,6,417.0,2.92,0.0,0.0,0.0,0.0,0.0,0.0,0.0,0.0,0.0,0.0,0.0,0.0,0.0,0.0,0.0,0.0,0.0,0.0,420.30731201171875,2.744374990463257,46.9,354.0,82.0,286.0,0.0,0.0,0.0,0.0,0.0,0.0,417.48797607421875,2.916249990463257,46.8,383.0,80.0,365.0,389.9961853027344,3.259999990463257,46.6,402.0,75.0,286.0,291.44830322265625,3.509999990463257,48.7,306.0,54.0,185.0,0.0,0.0,0.0,0.0,0.0,0.0,100.61546325683594,1.2599999904632568,54.4,77.0,17.0,365.0,0.0,0.0,0.0,0.0,0.0,0.0,0.0,0.0,0.0,0.0,0.0,0.0,0.0,0.0,0.0,0.0,0.0,0.0
original,2.5,2.0,0.02,3.0,0.0,3.0,7,6,426.0,2.89,0.0,0.0,0.0,0.0,0.0,0.0,0.0,0.0,0.0,0.0,0.0,0.0,0.0,0.0,0.0,0.0,0.0,0.0,426.5738525390625,2.806874990463257,52.4,402.0,76.0,286.0,0.0,0.0,0.0,0.0,0.0,0.0,425.7227478027344,2.884999990463257,52.6,427.0,69.0,365.0,392.9188232421875,3.306874990463257,51.9,451.0,65.0,286.0,325.4208984375,3.525624990463257,54.3,352.0,56.0,227.0,0.0,0.0,0.0,0.0,0.0,0.0,101.12919616699219,1.2599999904632568,61.9,80.0,16.0,365.0,0.0,0.0,0.0,0.0,0.0,0.0,0.0,0.0,0.0,0.0,0.0,0.0,0.0,0.0,0.0,0.0,0.0,0.0
original,2.5,2.0,0.03,4.5,0.0,4.5,7,6,433.0,2.92,0.0,0.0,0.0,0.0,0.0,0.0,0.0,0.0,0.0,0.0,0.0,0.0,0.0,0.0,0.0,0.0,0.0,0.0,430.5679931640625,2.791249990463257,56.4,431.0,60.0,286.0,0.0,0.0,0.0,0.0,0.0,0.0,433.4643859863281,2.916249990463257,56.1,466.0,60.0,365.0,395.6672058105469,3.322499990463257,55.8,484.0,55.0,286.0,324.85772705078125,3.509999990463257,57.6,354.0,45.0,232.0,0.0,0.0,0.0,0.0,0.0,0.0,101.25848388671875,1.2599999904632568,66.2,80.0,15.0,365.0,0.0,0.0,0.0,0.0,0.0,0.0,0.0,0.0,0.0,0.0,0.0,0.0,0.0,0.0,0.0,0.0,0.0,0.0
original,2.5,2.0,0.04,6.0,0.0,6.0,7,6,435.0,2.92,0.0,0.0,0.0,0.0,0.0,0.0,0.0,0.0,0.0,0.0,0.0,0.0,0.0,0.0,0.0,0.0,0.0,0.0,430.5679931640625,2.791249990463257,57.2,431.0,60.0,286.0,0.0,0.0,0.0,0.0,0.0,0.0,435.197265625,2.916249990463257,57.2,475.0,60.0,365.0,395.7245788574219,3.322499990463257,56.7,485.0,55.0,286.0,324.52020263671875,3.509999990463257,58.7,355.0,45.0,235.0,0.0,0.0,0.0,0.0,0.0,0.0,101.32275390625,1.2599999904632568,67.9,80.0,14.0,365.0,0.0,0.0,0.0,0.0,0.0,0.0,0.0,0.0,0.0,0.0,0.0,0.0,0.0,0.0,0.0,0.0,0.0,0.0
original,2.5,2.0,0.05,7.5,0.0,7.5,7,6,435.0,2.92,0.0,0.0,0.0,0.0,0.0,0.0,0.0,0.0,0.0,0.0,0.0,0.0,0.0,0.0,0.0,0.0,0.0,0.0,430.5679931640625,2.791249990463257,57.5,432.0,60.0,286.0,0.0,0.0,0.0,0.0,0.0,0.0,435.23028564453125,2.916249990463257,58.4,476.0,60.0,365.0,395.7245788574219,3.322499990463257,57.0,486.0,54.0,286.0,324.182861328125,3.494374990463257,59.0,355.0,45.0,238.0,0.0,0.0,0.0,0.0,0.0,0.0,101.38673400878906,1.2599999904632568,68.7,80.0,14.0,365.0,0.0,0.0,0.0,0.0,0.0,0.0,0.0,0.0,0.0,0.0,0.0,0.0,0.0,0.0,0.0,0.0,0.0,0.0
original,2.5,2.0,0.06,9.0,0.0,9.0,7,6,435.0,2.95,0.0,0.0,0.0,0.0,0.0,0.0,0.0,0.0,0.0,0.0,0.0,0.0,0.0,0.0,0.0,0.0,0.0,0.0,430.5679931640625,2.791249990463257,57.9,433.0,60.0,286.0,0.0,0.0,0.0,0.0,0.0,0.0,435.1548156738281,2.947499990463257,60.0,477.0,59.0,365.0,395.7245788574219,3.322499990463257,57.2,486.0,54.0,286.0,323.8475036621094,3.494374990463257,59.4,356.0,45.0,241.0,0.0,0.0,0.0,0.0,0.0,0.0,101.38673400878906,1.2599999904632568,69.2,80.0,14.0,365.0,0.0,0.0,0.0,0.0,0.0,0.0,0.0,0.0,0.0,0.0,0.0,0.0,0.0,0.0,0.0,0.0,0.0,0.0
original,2.5,2.0,0.08,12.0,0.0,12.0,7,6,435.0,2.89,0.0,0.0,0.0,0.0,0.0,0.0,0.0,0.0,0.0,0.0,0.0,0.0,0.0,0.0,0.0,0.0,0.0,0.0,430.5679931640625,2.791249990463257,58.6,434.0,60.0,286.0,0.0,0.0,0.0,0.0,0.0,0.0,435.21331787109375,2.884999990463257,62.2,478.0,59.0,365.0,395.7245788574219,3.322499990463257,58.1,488.0,54.0,286.0,323.8302917480469,3.494374990463257,60.2,357.0,45.0,242.0,0.0,0.0,0.0,0.0,0.0,0.0,101.38673400878906,1.2599999904632568,70.3,80.0,14.0,365.0,0.0,0.0,0.0,0.0,0.0,0.0,0.0,0.0,0.0,0.0,0.0,0.0,0.0,0.0,0.0,0.0,0.0,0.0
original,2.5,2.0,0.1,15.0,0.0,15.0,7,6,435.0,2.92,0.0,0.0,0.0,0.0,0.0,0.0,0.0,0.0,0.0,0.0,0.0,0.0,0.0,0.0,0.0,0.0,0.0,0.0,430.5679931640625,2.791249990463257,60.1,436.0,60.0,286.0,0.0,0.0,0.0,0.0,0.0,0.0,435.2177734375,2.916249990463257,63.6,479.0,58.0,365.0,395.7245788574219,3.322499990463257,59.6,489.0,54.0,286.0,323.8302917480469,3.494374990463257,62.2,359.0,45.0,242.0,0.0,0.0,0.0,0.0,0.0,0.0,101.38673400878906,1.2599999904632568,71.1,80.0,14.0,365.0,0.0,0.0,0.0,0.0,0.0,0.0,0.0,0.0,0.0,0.0,0.0,0.0,0.0,0.0,0.0,0.0,0.0,0.0
original,2.5,2.0,0.12,18.0,0.0,18.0,7,6,435.0,2.92,0.0,0.0,0.0,0.0,0.0,0.0,0.0,0.0,0.0,0.0,0.0,0.0,0.0,0.0,0.0,0.0,0.0,0.0,430.5679931640625,2.791249990463257,61.7,437.0,60.0,286.0,0.0,0.0,0.0,0.0,0.0,0.0,435.2506103515625,2.916249990463257,64.5,480.0,57.0,365.0,395.7245788574219,3.322499990463257,61.1,491.0,53.0,286.0,323.8302917480469,3.494374990463257,63.5,360.0,45.0,242.0,0.0,0.0,0.0,0.0,0.0,0.0,101.38673400878906,1.2599999904632568,71.9,80.0,14.0,365.0,0.0,0.0,0.0,0.0,0.0,0.0,0.0,0.0,0.0,0.0,0.0,0.0,0.0,0.0,0.0,0.0,0.0,0.0
original,2.5,2.0,0.15,22.5,0.0,22.5,7,6,435.0,2.95,0.0,0.0,0.0,0.0,0.0,0.0,0.0,0.0,0.0,0.0,0.0,0.0,0.0,0.0,0.0,0.0,0.0,0.0,430.5679931640625,2.791249990463257,63.5,439.0,60.0,286.0,0.0,0.0,0.0,0.0,0.0,0.0,435.2639465332031,2.947499990463257,65.9,482.0,57.0,365.0,395.7245788574219,3.322499990463257,63.0,493.0,53.0,286.0,324.03662109375,3.494374990463257,65.3,362.0,44.0,241.0,0.0,0.0,0.0,0.0,0.0,0.0,101.38673400878906,1.2599999904632568,72.8,80.0,14.0,365.0,0.0,0.0,0.0,0.0,0.0,0.0,0.0,0.0,0.0,0.0,0.0,0.0,0.0,0.0,0.0,0.0,0.0,0.0
original,2.5,2.0,0.2,30.0,0.0,30.0,7,6,435.0,2.95,0.0,0.0,0.0,0.0,0.0,0.0,0.0,0.0,0.0,0.0,0.0,0.0,0.0,0.0,0.0,0.0,0.0,0.0,430.5679931640625,2.791249990463257,65.9,442.0,60.0,286.0,0.0,0.0,0.0,0.0,0.0,0.0,435.2171936035156,2.947499990463257,67.8,483.0,55.0,365.0,395.7245788574219,3.322499990463257,65.3,496.0,51.0,286.0,324.2431335449219,3.509999990463257,67.0,366.0,44.0,240.0,0.0,0.0,0.0,0.0,0.0,0.0,101.38673400878906,1.2599999904632568,74.1,80.0,14.0,365.0,0.0,0.0,0.0,0.0,0.0,0.0,0.0,0.0,0.0,0.0,0.0,0.0,0.0,0.0,0.0,0.0,0.0,0.0
original,2.5,2.0,0.3,45.0,0.0,45.0,7,6,435.0,2.92,0.0,0.0,0.0,0.0,0.0,0.0,0.0,0.0,0.0,0.0,0.0,0.0,0.0,0.0,0.0,0.0,0.0,0.0,430.5679931640625,2.791249990463257,69.0,443.0,59.0,286.0,0.0,0.0,0.0,0.0,0.0,0.0,435.3111572265625,2.916249990463257,70.1,483.0,51.0,365.0,395.7245788574219,3.322499990463257,68.4,498.0,49.0,286.0,324.2431335449219,3.509999990463257,69.9,370.0,43.0,240.0,0.0,0.0,0.0,0.0,0.0,0.0,101.35478210449219,1.2599999904632568,75.8,80.0,14.0,365.0,0.0,0.0,0.0,0.0,0.0,0.0,0.0,0.0,0.0,0.0,0.0,0.0,0.0,0.0,0.0,0.0,0.0,0.0
original,2.5,2.0,0.5,45.0,30.0,75.0,7,6,437.0,2.96,0.0,0.0,0.0,0.0,0.0,0.0,0.0,0.0,0.0,0.0,0.0,0.0,0.0,0.0,0.0,0.0,0.0,0.0,430.5679931640625,2.791249990463257,73.1,443.0,0.0,286.0,0.0,0.0,0.0,0.0,0.0,0.0,436.7249450683594,2.963124990463257,71.9,483.0,0.0,365.0,395.7245788574219,3.322499990463257,71.0,498.0,4.0,286.0,322.4305419921875,3.478749990463257,72.2,367.0,12.0,261.0,0.0,0.0,0.0,0.0,0.0,0.0,155.0044708251953,2.009999990463257,75.8,141.0,0.0,365.0,0.0,0.0,0.0,0.0,0.0,0.0,0.0,0.0,0.0,0.0,0.0,0.0,0.0,0.0,0.0,0.0,0.0,0.0
original,2.5,2.0,1.5,45.0,180.0,225.0,7,6,437.0,2.96,0.0,0.0,0.0,0.0,0.0,0.0,0.0,0.0,0.0,0.0,0.0,0.0,0.0,0.0,0.0,0.0,0.0,0.0,430.5679931640625,2.791249990463257,73.1,443.0,0.0,286.0,0.0,0.0,0.0,0.0,0.0,0.0,436.7249450683594,2.963124990463257,71.9,483.0,0.0,365.0,395.7245788574219,3.322499990463257,71.0,498.0,3.0,286.0,322.4305419921875,3.478749990463257,72.2,367.0,12.0,261.0,0.0,0.0,0.0,0.0,0.0,0.0,155.0044708251953,2.009999990463257,75.8,141.0,0.0,365.0,0.0,0.0,0.0,0.0,0.0,0.0,0.0,0.0,0.0,0.0,0.0,0.0,0.0,0.0,0.0,0.0,0.0,0.0
original,2.3,2.0,0.01,1.5,0.0,1.5,7,6,417.0,2.92,0.0,0.0,0.0,0.0,0.0,0.0,0.0,0.0,0.0,0.0,0.0,0.0,0.0,0.0,0.0,0.0,0.0,0.0,420.30731201171875,2.744374990463257,46.9,354.0,82.0,286.0,0.0,0.0,0.0,0.0,0.0,0.0,417.48797607421875,2.916249990463257,46.8,383.0,80.0,365.0,389.9961853027344,3.259999990463257,46.6,402.0,75.0,286.0,291.44830322265625,3.509999990463257,48.7,306.0,54.0,185.0,0.0,0.0,0.0,0.0,0.0,0.0,100.61546325683594,1.2599999904632568,54.4,77.0,17.0,365.0,0.0,0.0,0.0,0.0,0.0,0.0,0.0,0.0,0.0,0.0,0.0,0.0,0.0,0.0,0.0,0.0,0.0,0.0
original,2.3,2.0,0.02,3.0,0.0,3.0,7,6,426.0,2.89,0.0,0.0,0.0,0.0,0.0,0.0,0.0,0.0,0.0,0.0,0.0,0.0,0.0,0.0,0.0,0.0,0.0,0.0,426.5738525390625,2.806874990463257,52.4,402.0,76.0,286.0,0.0,0.0,0.0,0.0,0.0,0.0,425.7227478027344,2.884999990463257,52.6,427.0,69.0,365.0,392.9188232421875,3.306874990463257,51.9,451.0,65.0,286.0,325.4208984375,3.525624990463257,54.3,352.0,56.0,227.0,0.0,0.0,0.0,0.0,0.0,0.0,101.12919616699219,1.2599999904632568,61.9,80.0,16.0,365.0,0.0,0.0,0.0,0.0,0.0,0.0,0.0,0.0,0.0,0.0,0.0,0.0,0.0,0.0,0.0,0.0,0.0,0.0
original,2.3,2.0,0.03,4.5,0.0,4.5,7,6,433.0,2.92,0.0,0.0,0.0,0.0,0.0,0.0,0.0,0.0,0.0,0.0,0.0,0.0,0.0,0.0,0.0,0.0,0.0,0.0,430.5679931640625,2.791249990463257,56.4,431.0,60.0,286.0,0.0,0.0,0.0,0.0,0.0,0.0,433.4643859863281,2.916249990463257,56.1,466.0,60.0,365.0,395.6672058105469,3.322499990463257,55.8,484.0,55.0,286.0,324.85772705078125,3.509999990463257,57.6,354.0,45.0,232.0,0.0,0.0,0.0,0.0,0.0,0.0,101.25848388671875,1.2599999904632568,66.2,80.0,15.0,365.0,0.0,0.0,0.0,0.0,0.0,0.0,0.0,0.0,0.0,0.0,0.0,0.0,0.0,0.0,0.0,0.0,0.0,0.0
original,2.3,2.0,0.04,6.0,0.0,6.0,7,6,435.0,2.92,0.0,0.0,0.0,0.0,0.0,0.0,0.0,0.0,0.0,0.0,0.0,0.0,0.0,0.0,0.0,0.0,0.0,0.0,430.5679931640625,2.791249990463257,57.2,431.0,60.0,286.0,0.0,0.0,0.0,0.0,0.0,0.0,435.197265625,2.916249990463257,57.2,475.0,60.0,365.0,395.7245788574219,3.322499990463257,56.7,485.0,55.0,286.0,324.52020263671875,3.509999990463257,58.7,355.0,45.0,235.0,0.0,0.0,0.0,0.0,0.0,0.0,101.32275390625,1.2599999904632568,67.9,80.0,14.0,365.0,0.0,0.0,0.0,0.0,0.0,0.0,0.0,0.0,0.0,0.0,0.0,0.0,0.0,0.0,0.0,0.0,0.0,0.0
original,2.3,2.0,0.05,7.5,0.0,7.5,7,6,435.0,2.92,0.0,0.0,0.0,0.0,0.0,0.0,0.0,0.0,0.0,0.0,0.0,0.0,0.0,0.0,0.0,0.0,0.0,0.0,430.5679931640625,2.791249990463257,57.5,432.0,60.0,286.0,0.0,0.0,0.0,0.0,0.0,0.0,435.23028564453125,2.916249990463257,58.4,476.0,60.0,365.0,395.7245788574219,3.322499990463257,57.0,486.0,54.0,286.0,324.182861328125,3.494374990463257,59.0,355.0,45.0,238.0,0.0,0.0,0.0,0.0,0.0,0.0,101.38673400878906,1.2599999904632568,68.7,80.0,14.0,365.0,0.0,0.0,0.0,0.0,0.0,0.0,0.0,0.0,0.0,0.0,0.0,0.0,0.0,0.0,0.0,0.0,0.0,0.0
original,2.3,2.0,0.06,9.0,0.0,9.0,7,6,435.0,2.95,0.0,0.0,0.0,0.0,0.0,0.0,0.0,0.0,0.0,0.0,0.0,0.0,0.0,0.0,0.0,0.0,0.0,0.0,430.5679931640625,2.791249990463257,57.9,433.0,60.0,286.0,0.0,0.0,0.0,0.0,0.0,0.0,435.1548156738281,2.947499990463257,60.0,477.0,59.0,365.0,395.7245788574219,3.322499990463257,57.2,486.0,54.0,286.0,323.8475036621094,3.494374990463257,59.4,356.0,45.0,241.0,0.0,0.0,0.0,0.0,0.0,0.0,101.38673400878906,1.2599999904632568,69.2,80.0,14.0,365.0,0.0,0.0,0.0,0.0,0.0,0.0,0.0,0.0,0.0,0.0,0.0,0.0,0.0,0.0,0.0,0.0,0.0,0.0
original,2.3,2.0,0.08,12.0,0.0,12.0,7,6,435.0,2.89,0.0,0.0,0.0,0.0,0.0,0.0,0.0,0.0,0.0,0.0,0.0,0.0,0.0,0.0,0.0,0.0,0.0,0.0,430.5679931640625,2.791249990463257,58.6,434.0,60.0,286.0,0.0,0.0,0.0,0.0,0.0,0.0,435.21331787109375,2.884999990463257,62.2,478.0,59.0,365.0,395.7245788574219,3.322499990463257,58.1,488.0,54.0,286.0,323.8302917480469,3.494374990463257,60.2,357.0,45.0,242.0,0.0,0.0,0.0,0.0,0.0,0.0,101.38673400878906,1.2599999904632568,70.3,80.0,14.0,365.0,0.0,0.0,0.0,0.0,0.0,0.0,0.0,0.0,0.0,0.0,0.0,0.0,0.0,0.0,0.0,0.0,0.0,0.0
original,2.3,2.0,0.1,15.0,0.0,15.0,7,6,435.0,2.92,0.0,0.0,0.0,0.0,0.0,0.0,0.0,0.0,0.0,0.0,0.0,0.0,0.0,0.0,0.0,0.0,0.0,0.0,430.5679931640625,2.791249990463257,60.1,436.0,60.0,286.0,0.0,0.0,0.0,0.0,0.0,0.0,435.2177734375,2.916249990463257,63.6,479.0,58.0,365.0,395.7245788574219,3.322499990463257,59.6,489.0,54.0,286.0,323.8302917480469,3.494374990463257,62.2,359.0,45.0,242.0,0.0,0.0,0.0,0.0,0.0,0.0,101.38673400878906,1.2599999904632568,71.1,80.0,14.0,365.0,0.0,0.0,0.0,0.0,0.0,0.0,0.0,0.0,0.0,0.0,0.0,0.0,0.0,0.0,0.0,0.0,0.0,0.0
original,2.3,2.0,0.12,18.0,0.0,18.0,7,6,435.0,2.92,0.0,0.0,0.0,0.0,0.0,0.0,0.0,0.0,0.0,0.0,0.0,0.0,0.0,0.0,0.0,0.0,0.0,0.0,430.5679931640625,2.791249990463257,61.7,437.0,60.0,286.0,0.0,0.0,0.0,0.0,0.0,0.0,435.2506103515625,2.916249990463257,64.5,480.0,57.0,365.0,395.7245788574219,3.322499990463257,61.1,491.0,53.0,286.0,323.8302917480469,3.494374990463257,63.5,360.0,45.0,242.0,0.0,0.0,0.0,0.0,0.0,0.0,101.38673400878906,1.2599999904632568,71.9,80.0,14.0,365.0,0.0,0.0,0.0,0.0,0.0,0.0,0.0,0.0,0.0,0.0,0.0,0.0,0.0,0.0,0.0,0.0,0.0,0.0
original,2.3,2.0,0.15,22.5,0.0,22.5,7,6,435.0,2.95,0.0,0.0,0.0,0.0,0.0,0.0,0.0,0.0,0.0,0.0,0.0,0.0,0.0,0.0,0.0,0.0,0.0,0.0,430.5679931640625,2.791249990463257,63.5,439.0,60.0,286.0,0.0,0.0,0.0,0.0,0.0,0.0,435.2639465332031,2.947499990463257,65.9,482.0,57.0,365.0,395.7245788574219,3.322499990463257,63.0,493.0,53.0,286.0,324.03662109375,3.494374990463257,65.3,362.0,44.0,241.0,0.0,0.0,0.0,0.0,0.0,0.0,101.38673400878906,1.2599999904632568,72.8,80.0,14.0,365.0,0.0,0.0,0.0,0.0,0.0,0.0,0.0,0.0,0.0,0.0,0.0,0.0,0.0,0.0,0.0,0.0,0.0,0.0
original,2.3,2.0,0.2,30.0,0.0,30.0,7,6,435.0,2.95,0.0,0.0,0.0,0.0,0.0,0.0,0.0,0.0,0.0,0.0,0.0,0.0,0.0,0.0,0.0,0.0,0.0,0.0,430.5679931640625,2.791249990463257,65.9,442.0,60.0,286.0,0.0,0.0,0.0,0.0,0.0,0.0,435.2171936035156,2.947499990463257,67.8,483.0,55.0,365.0,395.7245788574219,3.322499990463257,65.3,496.0,51.0,286.0,324.2431335449219,3.509999990463257,67.0,366.0,44.0,240.0,0.0,0.0,0.0,0.0,0.0,0.0,101.38673400878906,1.2599999904632568,74.1,80.0,14.0,365.0,0.0,0.0,0.0,0.0,0.0,0.0,0.0,0.0,0.0,0.0,0.0,0.0,0.0,0.0,0.0,0.0,0.0,0.0
original,2.3,2.0,0.3,45.0,0.0,45.0,7,6,435.0,2.92,0.0,0.0,0.0,0.0,0.0,0.0,0.0,0.0,0.0,0.0,0.0,0.0,0.0,0.0,0.0,0.0,0.0,0.0,430.5679931640625,2.791249990463257,69.0,443.0,59.0,286.0,0.0,0.0,0.0,0.0,0.0,0.0,435.3111572265625,2.916249990463257,70.1,483.0,51.0,365.0,395.7245788574219,3.322499990463257,68.4,498.0,49.0,286.0,324.2431335449219,3.509999990463257,69.9,370.0,43.0,240.0,0.0,0.0,0.0,0.0,0.0,0.0,101.35478210449219,1.2599999904632568,75.8,80.0,14.0,365.0,0.0,0.0,0.0,0.0,0.0,0.0,0.0,0.0,0.0,0.0,0.0,0.0,0.0,0.0,0.0,0.0,0.0,0.0
original,2.3,2.0,0.5,45.0,30.0,75.0,7,6,437.0,2.96,0.0,0.0,0.0,0.0,0.0,0.0,0.0,0.0,0.0,0.0,0.0,0.0,0.0,0.0,0.0,0.0,0.0,0.0,430.5679931640625,2.791249990463257,73.1,443.0,0.0,286.0,0.0,0.0,0.0,0.0,0.0,0.0,436.7249450683594,2.963124990463257,71.9,483.0,0.0,365.0,395.7245788574219,3.322499990463257,71.0,498.0,4.0,286.0,322.4305419921875,3.478749990463257,72.2,367.0,12.0,261.0,0.0,0.0,0.0,0.0,0.0,0.0,155.0044708251953,2.009999990463257,75.8,141.0,0.0,365.0,0.0,0.0,0.0,0.0,0.0,0.0,0.0,0.0,0.0,0.0,0.0,0.0,0.0,0.0,0.0,0.0,0.0,0.0
original,2.3,2.0,1.5,45.0,180.0,225.0,7,6,437.0,2.96,0.0,0.0,0.0,0.0,0.0,0.0,0.0,0.0,0.0,0.0,0.0,0.0,0.0,0.0,0.0,0.0,0.0,0.0,430.5679931640625,2.791249990463257,73.1,443.0,0.0,286.0,0.0,0.0,0.0,0.0,0.0,0.0,436.7249450683594,2.963124990463257,71.9,483.0,0.0,365.0,395.7245788574219,3.322499990463257,71.0,498.0,3.0,286.0,322.4305419921875,3.478749990463257,72.2,367.0,12.0,261.0,0.0,0.0,0.0,0.0,0.0,0.0,155.0044708251953,2.009999990463257,75.8,141.0,0.0,365.0,0.0,0.0,0.0,0.0,0.0,0.0,0.0,0.0,0.0,0.0,0.0,0.0,0.0,0.0,0.0,0.0,0.0,0.0
original,2.2,2.0,0.01,1.5,0.0,1.5,7,6,417.0,2.92,0.0,0.0,0.0,0.0,0.0,0.0,0.0,0.0,0.0,0.0,0.0,0.0,0.0,0.0,0.0,0.0,0.0,0.0,420.30731201171875,2.744374990463257,46.9,354.0,82.0,286.0,0.0,0.0,0.0,0.0,0.0,0.0,417.48797607421875,2.916249990463257,46.8,383.0,80.0,365.0,389.9961853027344,3.259999990463257,46.6,402.0,75.0,286.0,291.44830322265625,3.509999990463257,48.7,306.0,54.0,185.0,0.0,0.0,0.0,0.0,0.0,0.0,100.61546325683594,1.2599999904632568,54.4,77.0,17.0,365.0,0.0,0.0,0.0,0.0,0.0,0.0,0.0,0.0,0.0,0.0,0.0,0.0,0.0,0.0,0.0,0.0,0.0,0.0
original,2.2,2.0,0.02,3.0,0.0,3.0,7,6,426.0,2.89,0.0,0.0,0.0,0.0,0.0,0.0,0.0,0.0,0.0,0.0,0.0,0.0,0.0,0.0,0.0,0.0,0.0,0.0,426.5738525390625,2.806874990463257,52.4,402.0,76.0,286.0,0.0,0.0,0.0,0.0,0.0,0.0,425.7227478027344,2.884999990463257,52.6,427.0,69.0,365.0,392.9188232421875,3.306874990463257,51.9,451.0,65.0,286.0,325.4208984375,3.525624990463257,54.3,352.0,56.0,227.0,0.0,0.0,0.0,0.0,0.0,0.0,101.12919616699219,1.2599999904632568,61.9,80.0,16.0,365.0,0.0,0.0,0.0,0.0,0.0,0.0,0.0,0.0,0.0,0.0,0.0,0.0,0.0,0.0,0.0,0.0,0.0,0.0
original,2.2,2.0,0.03,4.5,0.0,4.5,7,6,433.0,2.92,0.0,0.0,0.0,0.0,0.0,0.0,0.0,0.0,0.0,0.0,0.0,0.0,0.0,0.0,0.0,0.0,0.0,0.0,430.5679931640625,2.791249990463257,56.4,431.0,60.0,286.0,0.0,0.0,0.0,0.0,0.0,0.0,433.4643859863281,2.916249990463257,56.1,466.0,60.0,365.0,395.6672058105469,3.322499990463257,55.8,484.0,55.0,286.0,324.85772705078125,3.509999990463257,57.6,354.0,45.0,232.0,0.0,0.0,0.0,0.0,0.0,0.0,101.25848388671875,1.2599999904632568,66.2,80.0,15.0,365.0,0.0,0.0,0.0,0.0,0.0,0.0,0.0,0.0,0.0,0.0,0.0,0.0,0.0,0.0,0.0,0.0,0.0,0.0
original,2.2,2.0,0.04,6.0,0.0,6.0,7,6,435.0,2.92,0.0,0.0,0.0,0.0,0.0,0.0,0.0,0.0,0.0,0.0,0.0,0.0,0.0,0.0,0.0,0.0,0.0,0.0,430.5679931640625,2.791249990463257,57.2,431.0,60.0,286.0,0.0,0.0,0.0,0.0,0.0,0.0,435.197265625,2.916249990463257,57.2,475.0,60.0,365.0,395.7245788574219,3.322499990463257,56.7,485.0,55.0,286.0,324.52020263671875,3.509999990463257,58.7,355.0,45.0,235.0,0.0,0.0,0.0,0.0,0.0,0.0,101.32275390625,1.2599999904632568,67.9,80.0,14.0,365.0,0.0,0.0,0.0,0.0,0.0,0.0,0.0,0.0,0.0,0.0,0.0,0.0,0.0,0.0,0.0,0.0,0.0,0.0
original,2.2,2.0,0.05,7.5,0.0,7.5,7,6,435.0,2.92,0.0,0.0,0.0,0.0,0.0,0.0,0.0,0.0,0.0,0.0,0.0,0.0,0.0,0.0,0.0,0.0,0.0,0.0,430.5679931640625,2.791249990463257,57.5,432.0,60.0,286.0,0.0,0.0,0.0,0.0,0.0,0.0,435.23028564453125,2.916249990463257,58.4,476.0,60.0,365.0,395.7245788574219,3.322499990463257,57.0,486.0,54.0,286.0,324.182861328125,3.494374990463257,59.0,355.0,45.0,238.0,0.0,0.0,0.0,0.0,0.0,0.0,101.38673400878906,1.2599999904632568,68.7,80.0,14.0,365.0,0.0,0.0,0.0,0.0,0.0,0.0,0.0,0.0,0.0,0.0,0.0,0.0,0.0,0.0,0.0,0.0,0.0,0.0
original,2.2,2.0,0.06,9.0,0.0,9.0,7,6,435.0,2.95,0.0,0.0,0.0,0.0,0.0,0.0,0.0,0.0,0.0,0.0,0.0,0.0,0.0,0.0,0.0,0.0,0.0,0.0,430.5679931640625,2.791249990463257,57.9,433.0,60.0,286.0,0.0,0.0,0.0,0.0,0.0,0.0,435.1548156738281,2.947499990463257,60.0,477.0,59.0,365.0,395.7245788574219,3.322499990463257,57.2,486.0,54.0,286.0,323.8475036621094,3.494374990463257,59.4,356.0,45.0,241.0,0.0,0.0,0.0,0.0,0.0,0.0,101.38673400878906,1.2599999904632568,69.2,80.0,14.0,365.0,0.0,0.0,0.0,0.0,0.0,0.0,0.0,0.0,0.0,0.0,0.0,0.0,0.0,0.0,0.0,0.0,0.0,0.0
original,2.2,2.0,0.08,12.0,0.0,12.0,7,6,435.0,2.89,0.0,0.0,0.0,0.0,0.0,0.0,0.0,0.0,0.0,0.0,0.0,0.0,0.0,0.0,0.0,0.0,0.0,0.0,430.5679931640625,2.791249990463257,58.6,434.0,60.0,286.0,0.0,0.0,0.0,0.0,0.0,0.0,435.21331787109375,2.884999990463257,62.2,478.0,59.0,365.0,395.7245788574219,3.322499990463257,58.1,488.0,54.0,286.0,323.8302917480469,3.494374990463257,60.2,357.0,45.0,242.0,0.0,0.0,0.0,0.0,0.0,0.0,101.38673400878906,1.2599999904632568,70.3,80.0,14.0,365.0,0.0,0.0,0.0,0.0,0.0,0.0,0.0,0.0,0.0,0.0,0.0,0.0,0.0,0.0,0.0,0.0,0.0,0.0
original,2.2,2.0,0.1,15.0,0.0,15.0,7,6,435.0,2.92,0.0,0.0,0.0,0.0,0.0,0.0,0.0,0.0,0.0,0.0,0.0,0.0,0.0,0.0,0.0,0.0,0.0,0.0,430.5679931640625,2.791249990463257,60.1,436.0,60.0,286.0,0.0,0.0,0.0,0.0,0.0,0.0,435.2177734375,2.916249990463257,63.6,479.0,58.0,365.0,395.7245788574219,3.322499990463257,59.6,489.0,54.0,286.0,323.8302917480469,3.494374990463257,62.2,359.0,45.0,242.0,0.0,0.0,0.0,0.0,0.0,0.0,101.38673400878906,1.2599999904632568,71.1,80.0,14.0,365.0,0.0,0.0,0.0,0.0,0.0,0.0,0.0,0.0,0.0,0.0,0.0,0.0,0.0,0.0,0.0,0.0,0.0,0.0
original,2.2,2.0,0.12,18.0,0.0,18.0,7,6,435.0,2.92,0.0,0.0,0.0,0.0,0.0,0.0,0.0,0.0,0.0,0.0,0.0,0.0,0.0,0.0,0.0,0.0,0.0,0.0,430.5679931640625,2.791249990463257,61.7,437.0,60.0,286.0,0.0,0.0,0.0,0.0,0.0,0.0,435.2506103515625,2.916249990463257,64.5,480.0,57.0,365.0,395.7245788574219,3.322499990463257,61.1,491.0,53.0,286.0,323.8302917480469,3.494374990463257,63.5,360.0,45.0,242.0,0.0,0.0,0.0,0.0,0.0,0.0,101.38673400878906,1.2599999904632568,71.9,80.0,14.0,365.0,0.0,0.0,0.0,0.0,0.0,0.0,0.0,0.0,0.0,0.0,0.0,0.0,0.0,0.0,0.0,0.0,0.0,0.0
original,2.2,2.0,0.15,22.5,0.0,22.5,7,6,435.0,2.95,0.0,0.0,0.0,0.0,0.0,0.0,0.0,0.0,0.0,0.0,0.0,0.0,0.0,0.0,0.0,0.0,0.0,0.0,430.5679931640625,2.791249990463257,63.5,439.0,60.0,286.0,0.0,0.0,0.0,0.0,0.0,0.0,435.2639465332031,2.947499990463257,65.9,482.0,57.0,365.0,395.7245788574219,3.322499990463257,63.0,493.0,53.0,286.0,324.03662109375,3.494374990463257,65.3,362.0,44.0,241.0,0.0,0.0,0.0,0.0,0.0,0.0,101.38673400878906,1.2599999904632568,72.8,80.0,14.0,365.0,0.0,0.0,0.0,0.0,0.0,0.0,0.0,0.0,0.0,0.0,0.0,0.0,0.0,0.0,0.0,0.0,0.0,0.0
original,2.2,2.0,0.2,30.0,0.0,30.0,7,6,435.0,2.95,0.0,0.0,0.0,0.0,0.0,0.0,0.0,0.0,0.0,0.0,0.0,0.0,0.0,0.0,0.0,0.0,0.0,0.0,430.5679931640625,2.791249990463257,65.9,442.0,60.0,286.0,0.0,0.0,0.0,0.0,0.0,0.0,435.2171936035156,2.947499990463257,67.8,483.0,55.0,365.0,395.7245788574219,3.322499990463257,65.3,496.0,51.0,286.0,324.2431335449219,3.509999990463257,67.0,366.0,44.0,240.0,0.0,0.0,0.0,0.0,0.0,0.0,101.38673400878906,1.2599999904632568,74.1,80.0,14.0,365.0,0.0,0.0,0.0,0.0,0.0,0.0,0.0,0.0,0.0,0.0,0.0,0.0,0.0,0.0,0.0,0.0,0.0,0.0
original,2.2,2.0,0.3,45.0,0.0,45.0,7,6,435.0,2.92,0.0,0.0,0.0,0.0,0.0,0.0,0.0,0.0,0.0,0.0,0.0,0.0,0.0,0.0,0.0,0.0,0.0,0.0,430.5679931640625,2.791249990463257,69.0,443.0,59.0,286.0,0.0,0.0,0.0,0.0,0.0,0.0,435.3111572265625,2.916249990463257,70.1,483.0,51.0,365.0,395.7245788574219,3.322499990463257,68.4,498.0,49.0,286.0,324.2431335449219,3.509999990463257,69.9,370.0,43.0,240.0,0.0,0.0,0.0,0.0,0.0,0.0,101.35478210449219,1.2599999904632568,75.8,80.0,14.0,365.0,0.0,0.0,0.0,0.0,0.0,0.0,0.0,0.0,0.0,0.0,0.0,0.0,0.0,0.0,0.0,0.0,0.0,0.0
original,2.2,2.0,0.5,45.0,30.0,75.0,7,6,437.0,2.96,0.0,0.0,0.0,0.0,0.0,0.0,0.0,0.0,0.0,0.0,0.0,0.0,0.0,0.0,0.0,0.0,0.0,0.0,430.5679931640625,2.791249990463257,73.1,443.0,0.0,286.0,0.0,0.0,0.0,0.0,0.0,0.0,436.7249450683594,2.963124990463257,71.9,483.0,0.0,365.0,395.7245788574219,3.322499990463257,71.0,498.0,4.0,286.0,322.4305419921875,3.478749990463257,72.2,367.0,12.0,261.0,0.0,0.0,0.0,0.0,0.0,0.0,155.0044708251953,2.009999990463257,75.8,141.0,0.0,365.0,0.0,0.0,0.0,0.0,0.0,0.0,0.0,0.0,0.0,0.0,0.0,0.0,0.0,0.0,0.0,0.0,0.0,0.0
original,2.2,2.0,1.5,45.0,180.0,225.0,7,6,437.0,2.96,0.0,0.0,0.0,0.0,0.0,0.0,0.0,0.0,0.0,0.0,0.0,0.0,0.0,0.0,0.0,0.0,0.0,0.0,430.5679931640625,2.791249990463257,73.1,443.0,0.0,286.0,0.0,0.0,0.0,0.0,0.0,0.0,436.7249450683594,2.963124990463257,71.9,483.0,0.0,365.0,395.7245788574219,3.322499990463257,71.0,498.0,3.0,286.0,322.4305419921875,3.478749990463257,72.2,367.0,12.0,261.0,0.0,0.0,0.0,0.0,0.0,0.0,155.0044708251953,2.009999990463257,75.8,141.0,0.0,365.0,0.0,0.0,0.0,0.0,0.0,0.0,0.0,0.0,0.0,0.0,0.0,0.0,0.0,0.0,0.0,0.0,0.0,0.0
original,2.0,2.0,0.01,1.5,0.0,1.5,7,6,417.0,2.92,0.0,0.0,0.0,0.0,0.0,0.0,0.0,0.0,0.0,0.0,0.0,0.0,0.0,0.0,0.0,0.0,0.0,0.0,420.30731201171875,2.744374990463257,46.9,354.0,82.0,286.0,0.0,0.0,0.0,0.0,0.0,0.0,417.48797607421875,2.916249990463257,46.8,383.0,80.0,365.0,389.9961853027344,3.259999990463257,46.6,402.0,75.0,286.0,291.44830322265625,3.509999990463257,48.7,306.0,54.0,185.0,0.0,0.0,0.0,0.0,0.0,0.0,100.61546325683594,1.2599999904632568,54.4,77.0,17.0,365.0,0.0,0.0,0.0,0.0,0.0,0.0,0.0,0.0,0.0,0.0,0.0,0.0,0.0,0.0,0.0,0.0,0.0,0.0
original,2.0,2.0,0.02,3.0,0.0,3.0,7,6,426.0,2.89,0.0,0.0,0.0,0.0,0.0,0.0,0.0,0.0,0.0,0.0,0.0,0.0,0.0,0.0,0.0,0.0,0.0,0.0,426.5738525390625,2.806874990463257,52.4,402.0,76.0,286.0,0.0,0.0,0.0,0.0,0.0,0.0,425.7227478027344,2.884999990463257,52.6,427.0,69.0,365.0,392.9188232421875,3.306874990463257,51.9,451.0,65.0,286.0,325.4208984375,3.525624990463257,54.3,352.0,56.0,227.0,0.0,0.0,0.0,0.0,0.0,0.0,101.12919616699219,1.2599999904632568,61.9,80.0,16.0,365.0,0.0,0.0,0.0,0.0,0.0,0.0,0.0,0.0,0.0,0.0,0.0,0.0,0.0,0.0,0.0,0.0,0.0,0.0
original,2.0,2.0,0.03,4.5,0.0,4.5,7,6,433.0,2.92,0.0,0.0,0.0,0.0,0.0,0.0,0.0,0.0,0.0,0.0,0.0,0.0,0.0,0.0,0.0,0.0,0.0,0.0,430.5679931640625,2.791249990463257,56.4,431.0,60.0,286.0,0.0,0.0,0.0,0.0,0.0,0.0,433.4643859863281,2.916249990463257,56.1,466.0,60.0,365.0,395.6672058105469,3.322499990463257,55.8,484.0,55.0,286.0,324.85772705078125,3.509999990463257,57.6,354.0,45.0,232.0,0.0,0.0,0.0,0.0,0.0,0.0,101.25848388671875,1.2599999904632568,66.2,80.0,15.0,365.0,0.0,0.0,0.0,0.0,0.0,0.0,0.0,0.0,0.0,0.0,0.0,0.0,0.0,0.0,0.0,0.0,0.0,0.0
original,2.0,2.0,0.04,6.0,0.0,6.0,7,6,435.0,2.92,0.0,0.0,0.0,0.0,0.0,0.0,0.0,0.0,0.0,0.0,0.0,0.0,0.0,0.0,0.0,0.0,0.0,0.0,430.5679931640625,2.791249990463257,57.2,431.0,60.0,286.0,0.0,0.0,0.0,0.0,0.0,0.0,435.197265625,2.916249990463257,57.2,475.0,60.0,365.0,395.7245788574219,3.322499990463257,56.7,485.0,55.0,286.0,324.52020263671875,3.509999990463257,58.7,355.0,45.0,235.0,0.0,0.0,0.0,0.0,0.0,0.0,101.32275390625,1.2599999904632568,67.9,80.0,14.0,365.0,0.0,0.0,0.0,0.0,0.0,0.0,0.0,0.0,0.0,0.0,0.0,0.0,0.0,0.0,0.0,0.0,0.0,0.0
original,2.0,2.0,0.05,7.5,0.0,7.5,7,6,435.0,2.92,0.0,0.0,0.0,0.0,0.0,0.0,0.0,0.0,0.0,0.0,0.0,0.0,0.0,0.0,0.0,0.0,0.0,0.0,430.5679931640625,2.791249990463257,57.5,432.0,60.0,286.0,0.0,0.0,0.0,0.0,0.0,0.0,435.23028564453125,2.916249990463257,58.4,476.0,60.0,365.0,395.7245788574219,3.322499990463257,57.0,486.0,54.0,286.0,324.182861328125,3.494374990463257,59.0,355.0,45.0,238.0,0.0,0.0,0.0,0.0,0.0,0.0,101.38673400878906,1.2599999904632568,68.7,80.0,14.0,365.0,0.0,0.0,0.0,0.0,0.0,0.0,0.0,0.0,0.0,0.0,0.0,0.0,0.0,0.0,0.0,0.0,0.0,0.0
original,2.0,2.0,0.06,9.0,0.0,9.0,7,6,435.0,2.95,0.0,0.0,0.0,0.0,0.0,0.0,0.0,0.0,0.0,0.0,0.0,0.0,0.0,0.0,0.0,0.0,0.0,0.0,430.5679931640625,2.791249990463257,57.9,433.0,60.0,286.0,0.0,0.0,0.0,0.0,0.0,0.0,435.1548156738281,2.947499990463257,60.0,477.0,59.0,365.0,395.7245788574219,3.322499990463257,57.2,486.0,54.0,286.0,323.8475036621094,3.494374990463257,59.4,356.0,45.0,241.0,0.0,0.0,0.0,0.0,0.0,0.0,101.38673400878906,1.2599999904632568,69.2,80.0,14.0,365.0,0.0,0.0,0.0,0.0,0.0,0.0,0.0,0.0,0.0,0.0,0.0,0.0,0.0,0.0,0.0,0.0,0.0,0.0
original,2.0,2.0,0.08,12.0,0.0,12.0,7,6,435.0,2.89,0.0,0.0,0.0,0.0,0.0,0.0,0.0,0.0,0.0,0.0,0.0,0.0,0.0,0.0,0.0,0.0,0.0,0.0,430.5679931640625,2.791249990463257,58.6,434.0,60.0,286.0,0.0,0.0,0.0,0.0,0.0,0.0,435.21331787109375,2.884999990463257,62.2,478.0,59.0,365.0,395.7245788574219,3.322499990463257,58.1,488.0,54.0,286.0,323.8302917480469,3.494374990463257,60.2,357.0,45.0,242.0,0.0,0.0,0.0,0.0,0.0,0.0,101.38673400878906,1.2599999904632568,70.3,80.0,14.0,365.0,0.0,0.0,0.0,0.0,0.0,0.0,0.0,0.0,0.0,0.0,0.0,0.0,0.0,0.0,0.0,0.0,0.0,0.0
original,2.0,2.0,0.1,15.0,0.0,15.0,7,6,435.0,2.92,0.0,0.0,0.0,0.0,0.0,0.0,0.0,0.0,0.0,0.0,0.0,0.0,0.0,0.0,0.0,0.0,0.0,0.0,430.5679931640625,2.791249990463257,60.1,436.0,60.0,286.0,0.0,0.0,0.0,0.0,0.0,0.0,435.2177734375,2.916249990463257,63.6,479.0,58.0,365.0,395.7245788574219,3.322499990463257,59.6,489.0,54.0,286.0,323.8302917480469,3.494374990463257,62.2,359.0,45.0,242.0,0.0,0.0,0.0,0.0,0.0,0.0,101.38673400878906,1.2599999904632568,71.1,80.0,14.0,365.0,0.0,0.0,0.0,0.0,0.0,0.0,0.0,0.0,0.0,0.0,0.0,0.0,0.0,0.0,0.0,0.0,0.0,0.0
original,2.0,2.0,0.12,18.0,0.0,18.0,7,6,435.0,2.92,0.0,0.0,0.0,0.0,0.0,0.0,0.0,0.0,0.0,0.0,0.0,0.0,0.0,0.0,0.0,0.0,0.0,0.0,430.5679931640625,2.791249990463257,61.7,437.0,60.0,286.0,0.0,0.0,0.0,0.0,0.0,0.0,435.2506103515625,2.916249990463257,64.5,480.0,57.0,365.0,395.7245788574219,3.322499990463257,61.1,491.0,53.0,286.0,323.8302917480469,3.494374990463257,63.5,360.0,45.0,242.0,0.0,0.0,0.0,0.0,0.0,0.0,101.38673400878906,1.2599999904632568,71.9,80.0,14.0,365.0,0.0,0.0,0.0,0.0,0.0,0.0,0.0,0.0,0.0,0.0,0.0,0.0,0.0,0.0,0.0,0.0,0.0,0.0
original,2.0,2.0,0.15,22.5,0.0,22.5,7,6,435.0,2.95,0.0,0.0,0.0,0.0,0.0,0.0,0.0,0.0,0.0,0.0,0.0,0.0,0.0,0.0,0.0,0.0,0.0,0.0,430.5679931640625,2.791249990463257,63.5,439.0,60.0,286.0,0.0,0.0,0.0,0.0,0.0,0.0,435.2639465332031,2.947499990463257,65.9,482.0,57.0,365.0,395.7245788574219,3.322499990463257,63.0,493.0,53.0,286.0,324.03662109375,3.494374990463257,65.3,362.0,44.0,241.0,0.0,0.0,0.0,0.0,0.0,0.0,101.38673400878906,1.2599999904632568,72.8,80.0,14.0,365.0,0.0,0.0,0.0,0.0,0.0,0.0,0.0,0.0,0.0,0.0,0.0,0.0,0.0,0.0,0.0,0.0,0.0,0.0
original,2.0,2.0,0.2,30.0,0.0,30.0,7,6,435.0,2.95,0.0,0.0,0.0,0.0,0.0,0.0,0.0,0.0,0.0,0.0,0.0,0.0,0.0,0.0,0.0,0.0,0.0,0.0,430.5679931640625,2.791249990463257,65.9,442.0,60.0,286.0,0.0,0.0,0.0,0.0,0.0,0.0,435.2171936035156,2.947499990463257,67.8,483.0,55.0,365.0,395.7245788574219,3.322499990463257,65.3,496.0,51.0,286.0,324.2431335449219,3.509999990463257,67.0,366.0,44.0,240.0,0.0,0.0,0.0,0.0,0.0,0.0,101.38673400878906,1.2599999904632568,74.1,80.0,14.0,365.0,0.0,0.0,0.0,0.0,0.0,0.0,0.0,0.0,0.0,0.0,0.0,0.0,0.0,0.0,0.0,0.0,0.0,0.0
original,2.0,2.0,0.3,45.0,0.0,45.0,7,6,435.0,2.92,0.0,0.0,0.0,0.0,0.0,0.0,0.0,0.0,0.0,0.0,0.0,0.0,0.0,0.0,0.0,0.0,0.0,0.0,430.5679931640625,2.791249990463257,69.0,443.0,59.0,286.0,0.0,0.0,0.0,0.0,0.0,0.0,435.3111572265625,2.916249990463257,70.1,483.0,51.0,365.0,395.7245788574219,3.322499990463257,68.4,498.0,49.0,286.0,324.2431335449219,3.509999990463257,69.9,370.0,43.0,240.0,0.0,0.0,0.0,0.0,0.0,0.0,101.35478210449219,1.2599999904632568,75.8,80.0,14.0,365.0,0.0,0.0,0.0,0.0,0.0,0.0,0.0,0.0,0.0,0.0,0.0,0.0,0.0,0.0,0.0,0.0,0.0,0.0
original,2.0,2.0,0.5,45.0,30.0,75.0,7,6,437.0,2.96,0.0,0.0,0.0,0.0,0.0,0.0,0.0,0.0,0.0,0.0,0.0,0.0,0.0,0.0,0.0,0.0,0.0,0.0,430.5679931640625,2.791249990463257,73.1,443.0,0.0,286.0,0.0,0.0,0.0,0.0,0.0,0.0,436.7249450683594,2.963124990463257,71.9,483.0,0.0,365.0,395.7245788574219,3.322499990463257,71.0,498.0,4.0,286.0,322.4305419921875,3.478749990463257,72.2,367.0,12.0,261.0,0.0,0.0,0.0,0.0,0.0,0.0,155.0044708251953,2.009999990463257,75.8,141.0,0.0,365.0,0.0,0.0,0.0,0.0,0.0,0.0,0.0,0.0,0.0,0.0,0.0,0.0,0.0,0.0,0.0,0.0,0.0,0.0
original,2.0,2.0,1.5,45.0,180.0,225.0,7,6,437.0,2.96,0.0,0.0,0.0,0.0,0.0,0.0,0.0,0.0,0.0,0.0,0.0,0.0,0.0,0.0,0.0,0.0,0.0,0.0,430.5679931640625,2.791249990463257,73.1,443.0,0.0,286.0,0.0,0.0,0.0,0.0,0.0,0.0,436.7249450683594,2.963124990463257,71.9,483.0,0.0,365.0,395.7245788574219,3.322499990463257,71.0,498.0,3.0,286.0,322.4305419921875,3.478749990463257,72.2,367.0,12.0,261.0,0.0,0.0,0.0,0.0,0.0,0.0,155.0044708251953,2.009999990463257,75.8,141.0,0.0,365.0,0.0,0.0,0.0,0.0,0.0,0.0,0.0,0.0,0.0,0.0,0.0,0.0,0.0,0.0,0.0,0.0,0.0,0.0
original,1.0,1.0,0.01,1.5,0.0,1.5,7,6,427.0,2.93,0.0,0.0,0.0,0.0,0.0,0.0,0.0,0.0,0.0,0.0,0.0,0.0,0.0,0.0,0.0,0.0,0.0,0.0,428.4225158691406,2.791249990463257,45.2,338.0,85.0,286.0,0.0,0.0,0.0,0.0,0.0,0.0,427.3639221191406,2.931874990463257,45.0,368.0,84.0,365.0,400.5101013183594,3.275624990463257,44.7,389.0,79.0,286.0,278.1125793457031,3.275624990463257,46.5,288.0,55.0,176.0,0.0,0.0,0.0,0.0,0.0,0.0,99.5135498046875,1.1974999904632568,52.0,72.0,18.0,365.0,0.0,0.0,0.0,0.0,0.0,0.0,0.0,0.0,0.0,0.0,0.0,0.0,0.0,0.0,0.0,0.0,0.0,0.0
original,1.0,1.0,0.02,3.0,0.0,3.0,7,6,437.0,2.95,0.0,0.0,0.0,0.0,0.0,0.0,0.0,0.0,0.0,0.0,0.0,0.0,0.0,0.0,0.0,0.0,0.0,0.0,444.5859069824219,2.838124990463257,52.7,436.0,71.0,286.0,0.0,0.0,0.0,0.0,0.0,0.0,437.0125732421875,2.947499990463257,50.5,413.0,74.0,365.0,409.2990417480469,3.369374990463257,52.3,492.0,60.0,286.0,339.9749755859375,3.588124990463257,53.5,361.0,57.0,231.0,0.0,0.0,0.0,0.0,0.0,0.0,102.48815155029297,1.2443749904632568,61.6,78.0,18.0,365.0,0.0,0.0,0.0,0.0,0.0,0.0,0.0,0.0,0.0,0.0,0.0,0.0,0.0,0.0,0.0,0.0,0.0,0.0
original,1.0,1.0,0.03,4.5,0.0,4.5,7,6,448.0,2.9,0.0,0.0,0.0,0.0,0.0,0.0,0.0,0.0,0.0,0.0,0.0,0.0,0.0,0.0,0.0,0.0,0.0,0.0,444.5859069824219,2.838124990463257,54.9,438.0,61.0,286.0,0.0,0.0,0.0,0.0,0.0,0.0,447.51824951171875,2.900624990463257,55.0,473.0,60.0,365.0,409.2990417480469,3.369374990463257,54.2,492.0,56.0,286.0,339.5278015136719,3.572499990463257,56.7,363.0,46.0,235.0,0.0,0.0,0.0,0.0,0.0,0.0,103.38270568847656,1.2443749904632568,65.3,80.0,15.0,365.0,0.0,0.0,0.0,0.0,0.0,0.0,0.0,0.0,0.0,0.0,0.0,0.0,0.0,0.0,0.0,0.0,0.0,0.0
original,1.0,1.0,0.04,6.0,0.0,6.0,7,6,449.0,2.95,0.0,0.0,0.0,0.0,0.0,0.0,0.0,0.0,0.0,0.0,0.0,0.0,0.0,0.0,0.0,0.0,0.0,0.0,444.5859069824219,2.838124990463257,55.4,439.0,61.0,286.0,0.0,0.0,0.0,0.0,0.0,0.0,448.6104736328125,2.947499990463257,56.0,475.0,61.0,365.0,409.2990417480469,3.369374990463257,54.8,493.0,55.0,286.0,339.1708068847656,3.572499990463257,57.5,364.0,46.0,238.0,0.0,0.0,0.0,0.0,0.0,0.0,103.82598876953125,1.2443749904632568,67.3,80.0,14.0,365.0,0.0,0.0,0.0,0.0,0.0,0.0,0.0,0.0,0.0,0.0,0.0,0.0,0.0,0.0,0.0,0.0,0.0,0.0
original,1.0,1.0,0.05,7.5,0.0,7.5,7,6,449.0,2.95,0.0,0.0,0.0,0.0,0.0,0.0,0.0,0.0,0.0,0.0,0.0,0.0,0.0,0.0,0.0,0.0,0.0,0.0,444.5859069824219,2.838124990463257,55.7,439.0,61.0,286.0,0.0,0.0,0.0,0.0,0.0,0.0,448.6104736328125,2.947499990463257,56.5,476.0,60.0,365.0,409.2990417480469,3.369374990463257,55.0,494.0,55.0,286.0,338.8138122558594,3.572499990463257,57.8,365.0,46.0,241.0,0.0,0.0,0.0,0.0,0.0,0.0,104.09236145019531,1.2443749904632568,68.4,81.0,14.0,365.0,0.0,0.0,0.0,0.0,0.0,0.0,0.0,0.0,0.0,0.0,0.0,0.0,0.0,0.0,0.0,0.0,0.0,0.0
original,1.0,1.0,0.06,9.0,0.0,9.0,7,6,449.0,2.93,0.0,0.0,0.0,0.0,0.0,0.0,0.0,0.0,0.0,0.0,0.0,0.0,0.0,0.0,0.0,0.0,0.0,0.0,444.5859069824219,2.838124990463257,55.9,440.0,61.0,286.0,0.0,0.0,0.0,0.0,0.0,0.0,448.63037109375,2.931874990463257,57.8,477.0,60.0,365.0,409.2990417480469,3.369374990463257,55.2,495.0,55.0,286.0,338.5318908691406,3.556874990463257,58.2,365.0,46.0,243.0,0.0,0.0,0.0,0.0,0.0,0.0,104.06434631347656,1.2599999904632568,69.0,81.0,14.0,365.0,0.0,0.0,0.0,0.0,0.0,0.0,0.0,0.0,0.0,0.0,0.0,0.0,0.0,0.0,0.0,0.0,0.0,0.0
original,1.0,1.0,0.08,12.0,0.0,12.0,7,6,449.0,2.93,0.0,0.0,0.0,0.0,0.0,0.0,0.0,0.0,0.0,0.0,0.0,0.0,0.0,0.0,0.0,0.0,0.0,0.0,444.5859069824219,2.838124990463257,56.6,441.0,61.0,286.0,0.0,0.0,0.0,0.0,0.0,0.0,448.60028076171875,2.931874990463257,59.9,478.0,59.0,365.0,409.2990417480469,3.369374990463257,55.7,496.0,55.0,286.0,338.262451171875,3.556874990463257,58.8,366.0,46.0,246.0,0.0,0.0,0.0,0.0,0.0,0.0,104.06023406982422,1.2756249904632568,69.9,81.0,14.0,365.0,0.0,0.0,0.0,0.0,0.0,0.0,0.0,0.0,0.0,0.0,0.0,0.0,0.0,0.0,0.0,0.0,0.0,0.0
original,1.0,1.0,0.1,15.0,0.0,15.0,7,6,448.0,2.93,0.0,0.0,0.0,0.0,0.0,0.0,0.0,0.0,0.0,0.0,0.0,0.0,0.0,0.0,0.0,0.0,0.0,0.0,444.5859069824219,2.838124990463257,57.3,443.0,61.0,286.0,0.0,0.0,0.0,0.0,0.0,0.0,448.47528076171875,2.931874990463257,61.2,479.0,59.0,365.0,409.2990417480469,3.369374990463257,56.4,497.0,54.0,286.0,338.262451171875,3.556874990463257,60.2,368.0,46.0,246.0,0.0,0.0,0.0,0.0,0.0,0.0,104.05538940429688,1.2443749904632568,70.7,81.0,14.0,365.0,0.0,0.0,0.0,0.0,0.0,0.0,0.0,0.0,0.0,0.0,0.0,0.0,0.0,0.0,0.0,0.0,0.0,0.0
original,1.0,1.0,0.12,18.0,0.0,18.0,7,6,448.0,2.93,0.0,0.0,0.0,0.0,0.0,0.0,0.0,0.0,0.0,0.0,0.0,0.0,0.0,0.0,0.0,0.0,0.0,0.0,444.5859069824219,2.838124990463257,59.0,444.0,61.0,286.0,0.0,0.0,0.0,0.0,0.0,0.0,448.444580078125,2.931874990463257,62.4,480.0,59.0,365.0,409.2990417480469,3.369374990463257,58.1,499.0,54.0,286.0,338.3370361328125,3.556874990463257,61.3,369.0,46.0,245.0,0.0,0.0,0.0,0.0,0.0,0.0,104.05538940429688,1.2443749904632568,71.3,81.0,14.0,365.0,0.0,0.0,0.0,0.0,0.0,0.0,0.0,0.0,0.0,0.0,0.0,0.0,0.0,0.0,0.0,0.0,0.0,0.0
original,1.0,1.0,0.15,22.5,0.0,22.5,7,6,448.0,2.96,0.0,0.0,0.0,0.0,0.0,0.0,0.0,0.0,0.0,0.0,0.0,0.0,0.0,0.0,0.0,0.0,0.0,0.0,444.5859069824219,2.838124990463257,60.8,446.0,61.0,286.0,0.0,0.0,0.0,0.0,0.0,0.0,448.4143371582031,2.963124990463257,63.8,482.0,58.0,365.0,409.2990417480469,3.369374990463257,60.0,501.0,54.0,286.0,338.3370361328125,3.556874990463257,63.2,371.0,46.0,245.0,0.0,0.0,0.0,0.0,0.0,0.0,104.03995513916016,1.2443749904632568,71.9,81.0,14.0,365.0,0.0,0.0,0.0,0.0,0.0,0.0,0.0,0.0,0.0,0.0,0.0,0.0,0.0,0.0,0.0,0.0,0.0,0.0
original,1.0,1.0,0.2,30.0,0.0,30.0,7,6,448.0,2.93,0.0,0.0,0.0,0.0,0.0,0.0,0.0,0.0,0.0,0.0,0.0,0.0,0.0,0.0,0.0,0.0,0.0,0.0,444.5859069824219,2.838124990463257,63.2,449.0,62.0,286.0,0.0,0.0,0.0,0.0,0.0,0.0,448.2552490234375,2.931874990463257,65.5,482.0,56.0,365.0,409.2990417480469,3.369374990463257,62.5,504.0,53.0,286.0,338.55621337890625,3.572499990463257,65.2,375.0,46.0,244.0,0.0,0.0,0.0,0.0,0.0,0.0,104.03995513916016,1.2443749904632568,73.3,81.0,15.0,365.0,0.0,0.0,0.0,0.0,0.0,0.0,0.0,0.0,0.0,0.0,0.0,0.0,0.0,0.0,0.0,0.0,0.0,0.0
original,1.0,1.0,0.3,45.0,0.0,45.0,7,6,448.0,2.93,0.0,0.0,0.0,0.0,0.0,0.0,0.0,0.0,0.0,0.0,0.0,0.0,0.0,0.0,0.0,0.0,0.0,0.0,444.5859069824219,2.838124990463257,66.5,450.0,61.0,286.0,0.0,0.0,0.0,0.0,0.0,0.0,448.1287841796875,2.931874990463257,67.8,483.0,53.0,365.0,409.2990417480469,3.369374990463257,65.5,506.0,51.0,286.0,338.55621337890625,3.572499990463257,67.9,379.0,45.0,244.0,0.0,0.0,0.0,0.0,0.0,0.0,104.0244369506836,1.2443749904632568,74.7,81.0,15.0,365.0,0.0,0.0,0.0,0.0,0.0,0.0,0.0,0.0,0.0,0.0,0.0,0.0,0.0,0.0,0.0,0.0,0.0,0.0
original,1.0,1.0,0.5,45.0,30.0,75.0,7,6,454.0,2.98,0.0,0.0,0.0,0.0,0.0,0.0,0.0,0.0,0.0,0.0,0.0,0.0,0.0,0.0,0.0,0.0,0.0,0.0,444.5859069824219,2.838124990463257,71.6,450.0,0.0,286.0,0.0,0.0,0.0,0.0,0.0,0.0,454.3393249511719,2.978749990463257,69.9,493.0,0.0,365.0,409.2990417480469,3.369374990463257,68.9,506.0,4.0,286.0,336.8494873046875,3.541249990463257,70.6,375.0,13.0,265.0,0.0,0.0,0.0,0.0,0.0,0.0,160.52401733398438,2.009999990463257,75.0,143.0,0.0,365.0,0.0,0.0,0.0,0.0,0.0,0.0,0.0,0.0,0.0,0.0,0.0,0.0,0.0,0.0,0.0,0.0,0.0,0.0
original,1.0,1.0,1.5,45.0,180.0,225.0,7,6,454.0,2.98,0.0,0.0,0.0,0.0,0.0,0.0,0.0,0.0,0.0,0.0,0.0,0.0,0.0,0.0,0.0,0.0,0.0,0.0,444.5859069824219,2.838124990463257,71.6,450.0,0.0,286.0,0.0,0.0,0.0,0.0,0.0,0.0,454.3393249511719,2.978749990463257,69.9,493.0,0.0,365.0,409.2990417480469,3.369374990463257,68.9,506.0,4.0,286.0,336.8494873046875,3.541249990463257,70.6,375.0,13.0,265.0,0.0,0.0,0.0,0.0,0.0,0.0,160.52401733398438,2.009999990463257,75.0,143.0,0.0,365.0,0.0,0.0,0.0,0.0,0.0,0.0,0.0,0.0,0.0,0.0,0.0,0.0,0.0,0.0,0.0,0.0,0.0,0.0
original,0.0,0.0,0.01,1.5,0.0,1.5,7,4,484.0,2.95,0.0,0.0,0.0,0.0,0.0,0.0,0.0,0.0,0.0,0.0,0.0,0.0,0.0,0.0,0.0,0.0,0.0,0.0,484.2361145019531,2.947499990463257,46.1,352.0,95.0,286.0,0.0,0.0,0.0,0.0,0.0,0.0,475.75146484375,3.041249990463257,45.8,377.0,93.0,365.0,444.6904602050781,3.478749990463257,45.5,396.0,88.0,286.0,332.9215393066406,3.666249990463257,47.5,301.0,64.0,180.0,0.0,0.0,0.0,0.0,0.0,0.0,121.8985824584961,1.3537499904632568,52.7,76.0,22.0,365.0,0.0,0.0,0.0,0.0,0.0,0.0,0.0,0.0,0.0,0.0,0.0,0.0,0.0,0.0,0.0,0.0,0.0,0.0
original,0.0,0.0,0.02,3.0,0.0,3.0,7,6,484.0,3.04,0.0,0.0,0.0,0.0,0.0,0.0,0.0,0.0,0.0,0.0,0.0,0.0,0.0,0.0,0.0,0.0,0.0,0.0,498.34619140625,2.947499990463257,52.8,440.0,83.0,286.0,0.0,0.0,0.0,0.0,0.0,0.0,483.5693359375,3.041249990463257,51.0,417.0,81.0,365.0,447.3832092285156,3.494374990463257,50.7,439.0,73.0,286.0,386.79913330078125,4.072500228881836,54.1,370.0,64.0,232.0,0.0,0.0,0.0,0.0,0.0,0.0,124.37391662597656,1.3849999904632568,57.3,81.0,21.0,365.0,0.0,0.0,0.0,0.0,0.0,0.0,0.0,0.0,0.0,0.0,0.0,0.0,0.0,0.0,0.0,0.0,0.0,0.0
original,0.0,0.0,0.03,4.5,0.0,4.5,7,6,493.0,3.04,0.0,0.0,0.0,0.0,0.0,0.0,0.0,0.0,0.0,0.0,0.0,0.0,0.0,0.0,0.0,0.0,0.0,0.0,498.34619140625,2.947499990463257,55.6,444.0,68.0,286.0,0.0,0.0,0.0,0.0,0.0,0.0,493.0997009277344,3.041249990463257,55.3,470.0,68.0,365.0,451.9297180175781,3.509999990463257,54.7,496.0,62.0,286.0,386.5670166015625,4.025625228881836,57.0,372.0,53.0,235.0,0.0,0.0,0.0,0.0,0.0,0.0,125.07814025878906,1.3849999904632568,65.5,82.0,18.0,365.0,0.0,0.0,0.0,0.0,0.0,0.0,0.0,0.0,0.0,0.0,0.0,0.0,0.0,0.0,0.0,0.0,0.0,0.0
original,0.0,0.0,0.04,6.0,0.0,6.0,7,6,494.0,3.06,0.0,0.0,0.0,0.0,0.0,0.0,0.0,0.0,0.0,0.0,0.0,0.0,0.0,0.0,0.0,0.0,0.0,0.0,498.34619140625,2.947499990463257,56.1,444.0,68.0,286.0,0.0,0.0,0.0,0.0,0.0,0.0,494.2858581542969,3.056874990463257,56.4,477.0,67.0,365.0,451.9903564453125,3.509999990463257,55.1,498.0,61.0,286.0,386.1354675292969,4.025625228881836,57.8,372.0,53.0,238.0,0.0,0.0,0.0,0.0,0.0,0.0,125.40605163574219,1.4162499904632568,67.1,83.0,17.0,365.0,0.0,0.0,0.0,0.0,0.0,0.0,0.0,0.0,0.0,0.0,0.0,0.0,0.0,0.0,0.0,0.0,0.0,0.0
original,0.0,0.0,0.05,7.5,0.0,7.5,7,6,494.0,3.04,0.0,0.0,0.0,0.0,0.0,0.0,0.0,0.0,0.0,0.0,0.0,0.0,0.0,0.0,0.0,0.0,0.0,0.0,498.34619140625,2.947499990463257,56.2,445.0,68.0,286.0,0.0,0.0,0.0,0.0,0.0,0.0,494.3913269042969,3.041249990463257,57.0,477.0,66.0,365.0,451.9903564453125,3.509999990463257,55.3,498.0,61.0,286.0,385.7038879394531,4.025625228881836,58.3,373.0,52.0,241.0,0.0,0.0,0.0,0.0,0.0,0.0,125.61013793945312,1.4162499904632568,68.0,83.0,17.0,365.0,0.0,0.0,0.0,0.0,0.0,0.0,0.0,0.0,0.0,0.0,0.0,0.0,0.0,0.0,0.0,0.0,0.0,0.0
original,0.0,0.0,0.06,9.0,0.0,9.0,7,6,494.0,3.04,0.0,0.0,0.0,0.0,0.0,0.0,0.0,0.0,0.0,0.0,0.0,0.0,0.0,0.0,0.0,0.0,0.0,0.0,498.34619140625,2.947499990463257,56.6,446.0,68.0,286.0,0.0,0.0,0.0,0.0,0.0,0.0,494.3376770019531,3.041249990463257,58.2,478.0,66.0,365.0,451.9903564453125,3.509999990463257,55.8,499.0,61.0,286.0,385.35479736328125,4.025625228881836,58.5,374.0,52.0,243.0,0.0,0.0,0.0,0.0,0.0,0.0,125.61013793945312,1.4162499904632568,68.7,83.0,17.0,365.0,0.0,0.0,0.0,0.0,0.0,0.0,0.0,0.0,0.0,0.0,0.0,0.0,0.0,0.0,0.0,0.0,0.0,0.0
original,0.0,0.0,0.08,12.0,0.0,12.0,7,6,494.0,3.06,0.0,0.0,0.0,0.0,0.0,0.0,0.0,0.0,0.0,0.0,0.0,0.0,0.0,0.0,0.0,0.0,0.0,0.0,498.34619140625,2.947499990463257,57.2,447.0,68.0,286.0,0.0,0.0,0.0,0.0,0.0,0.0,494.3672180175781,3.056874990463257,60.1,480.0,66.0,365.0,451.9903564453125,3.509999990463257,56.2,500.0,61.0,286.0,385.1724853515625,4.025625228881836,59.2,375.0,52.0,245.0,0.0,0.0,0.0,0.0,0.0,0.0,125.61013793945312,1.4162499904632568,69.8,83.0,17.0,365.0,0.0,0.0,0.0,0.0,0.0,0.0,0.0,0.0,0.0,0.0,0.0,0.0,0.0,0.0,0.0,0.0,0.0,0.0
original,0.0,0.0,0.1,15.0,0.0,15.0,7,6,494.0,3.06,0.0,0.0,0.0,0.0,0.0,0.0,0.0,0.0,0.0,0.0,0.0,0.0,0.0,0.0,0.0,0.0,0.0,0.0,498.34619140625,2.947499990463257,58.0,449.0,68.0,286.0,0.0,0.0,0.0,0.0,0.0,0.0,494.3757629394531,3.056874990463257,61.5,481.0,65.0,365.0,451.9903564453125,3.509999990463257,57.1,502.0,61.0,286.0,385.43878173828125,4.025625228881836,60.2,377.0,52.0,244.0,0.0,0.0,0.0,0.0,0.0,0.0,125.5840835571289,1.4006249904632568,70.6,83.0,17.0,365.0,0.0,0.0,0.0,0.0,0.0,0.0,0.0,0.0,0.0,0.0,0.0,0.0,0.0,0.0,0.0,0.0,0.0,0.0
original,0.0,0.0,0.12,18.0,0.0,18.0,7,6,494.0,3.04,0.0,0.0,0.0,0.0,0.0,0.0,0.0,0.0,0.0,0.0,0.0,0.0,0.0,0.0,0.0,0.0,0.0,0.0,498.34619140625,2.947499990463257,59.5,450.0,69.0,286.0,0.0,0.0,0.0,0.0,0.0,0.0,494.3550109863281,3.041249990463257,62.6,482.0,65.0,365.0,451.9903564453125,3.509999990463257,58.6,503.0,60.0,286.0,385.43878173828125,4.025625228881836,61.4,378.0,52.0,244.0,0.0,0.0,0.0,0.0,0.0,0.0,125.59490966796875,1.3849999904632568,71.3,83.0,17.0,365.0,0.0,0.0,0.0,0.0,0.0,0.0,0.0,0.0,0.0,0.0,0.0,0.0,0.0,0.0,0.0,0.0,0.0,0.0
original,0.0,0.0,0.15,22.5,0.0,22.5,7,6,494.0,3.04,0.0,0.0,0.0,0.0,0.0,0.0,0.0,0.0,0.0,0.0,0.0,0.0,0.0,0.0,0.0,0.0,0.0,0.0,498.34619140625,2.947499990463257,61.2,452.0,69.0,286.0,0.0,0.0,0.0,0.0,0.0,0.0,494.236328125,3.041249990463257,64.0,483.0,64.0,365.0,451.9903564453125,3.509999990463257,60.2,505.0,59.0,286.0,385.7050476074219,4.025625228881836,63.1,380.0,52.0,243.0,0.0,0.0,0.0,0.0,0.0,0.0,125.55928039550781,1.4162499904632568,72.0,83.0,18.0,365.0,0.0,0.0,0.0,0.0,0.0,0.0,0.0,0.0,0.0,0.0,0.0,0.0,0.0,0.0,0.0,0.0,0.0,0.0
original,0.0,0.0,0.2,30.0,0.0,30.0,7,6,494.0,3.04,0.0,0.0,0.0,0.0,0.0,0.0,0.0,0.0,0.0,0.0,0.0,0.0,0.0,0.0,0.0,0.0,0.0,0.0,498.34619140625,2.947499990463257,63.5,455.0,69.0,286.0,0.0,0.0,0.0,0.0,0.0,0.0,494.116455078125,3.041249990463257,65.6,485.0,62.0,365.0,451.9903564453125,3.509999990463257,62.8,508.0,59.0,286.0,385.7050476074219,4.025625228881836,64.9,383.0,52.0,243.0,0.0,0.0,0.0,0.0,0.0,0.0,125.55928039550781,1.4162499904632568,73.0,83.0,18.0,365.0,0.0,0.0,0.0,0.0,0.0,0.0,0.0,0.0,0.0,0.0,0.0,0.0,0.0,0.0,0.0,0.0,0.0,0.0
original,0.0,0.0,0.3,45.0,0.0,45.0,7,6,494.0,3.04,0.0,0.0,0.0,0.0,0.0,0.0,0.0,0.0,0.0,0.0,0.0,0.0,0.0,0.0,0.0,0.0,0.0,0.0,498.34619140625,2.947499990463257,66.8,457.0,68.0,286.0,0.0,0.0,0.0,0.0,0.0,0.0,494.00775146484375,3.041249990463257,67.9,485.0,58.0,365.0,451.9903564453125,3.509999990463257,65.5,512.0,56.0,286.0,385.9713134765625,4.025625228881836,67.7,388.0,51.0,242.0,0.0,0.0,0.0,0.0,0.0,0.0,125.52337646484375,1.4318749904632568,74.7,83.0,18.0,365.0,0.0,0.0,0.0,0.0,0.0,0.0,0.0,0.0,0.0,0.0,0.0,0.0,0.0,0.0,0.0,0.0,0.0,0.0
original,0.0,0.0,0.5,45.0,30.0,75.0,7,6,499.0,3.14,0.0,0.0,0.0,0.0,0.0,0.0,0.0,0.0,0.0,0.0,0.0,0.0,0.0,0.0,0.0,0.0,0.0,0.0,498.34619140625,2.947499990463257,71.6,457.0,0.0,286.0,0.0,0.0,0.0,0.0,0.0,0.0,499.1864013671875,3.134999990463257,70.1,495.0,1.0,365.0,451.9903564453125,3.509999990463257,69.0,512.0,7.0,286.0,383.60516357421875,4.025625228881836,70.5,386.0,17.0,264.0,0.0,0.0,0.0,0.0,0.0,0.0,191.8494110107422,2.244374990463257,74.9,146.0,0.0,365.0,0.0,0.0,0.0,0.0,0.0,0.0,0.0,0.0,0.0,0.0,0.0,0.0,0.0,0.0,0.0,0.0,0.0,0.0
original,0.0,0.0,1.5,45.0,180.0,225.0,7,6,499.0,3.14,0.0,0.0,0.0,0.0,0.0,0.0,0.0,0.0,0.0,0.0,0.0,0.0,0.0,0.0,0.0,0.0,0.0,0.0,498.34619140625,2.947499990463257,71.6,457.0,0.0,286.0,0.0,0.0,0.0,0.0,0.0,0.0,499.1864013671875,3.134999990463257,70.1,495.0,1.0,365.0,451.9903564453125,3.509999990463257,69.0,512.0,6.0,286.0,383.60516357421875,4.025625228881836,70.5,386.0,17.0,264.0,0.0,0.0,0.0,0.0,0.0,0.0,191.8494110107422,2.244374990463257,74.9,146.0,0.0,365.0,0.0,0.0,0.0,0.0,0.0,0.0,0.0,0.0,0.0,0.0,0.0,0.0,0.0,0.0,0.0,0.0,0.0,0.0
mckenzie2003,6.0,6.0,0.01,2.369999885559082,0.0,2.369999885559082,4,7,127.0,0.84,0.0,0.0,0.0,0.0,0.0,0.0,0.0,0.0,0.0,0.0,0.0,0.0,0.0,0.0,0.0,0.0,0.0,0.0,89.44341278076172,0.38499999046325684,55.7,66.0,33.0,286.0,0.0,0.0,0.0,0.0,0.0,0.0,81.04022979736328,0.38499999046325684,55.8,52.0,30.0,365.0,127.36514282226562,0.8381249904632568,55.3,112.0,46.0,286.0,0.0,0.0,0.0,0.0,0.0,0.0,0.0,0.0,0.0,0.0,0.0,0.0,8.497223854064941,0.10374999046325684,60.8,5.0,3.0,365.0,0.0,0.0,0.0,0.0,0.0,0.0,0.0,0.0,0.0,0.0,0.0,0.0,0.0,0.0,0.0,0.0,0.0,0.0
mckenzie2003,6.0,6.0,0.02,4.739999771118164,0.0,4.739999771118164,4,7,204.0,1.53,0.0,0.0,0.0,0.0,0.0,0.0,0.0,0.0,0.0,0.0,0.0,0.0,0.0,0.0,0.0,0.0,0.0,0.0,147.84375,0.7443749904632568,58.2,127.0,54.0,286.0,0.0,0.0,0.0,0.0,0.0,0.0,134.37069702148438,0.7131249904632568,61.7,102.0,49.0,365.0,204.14111328125,1.5256249904632568,57.3,210.0,75.0,286.0,0.0,0.0,0.0,0.0,0.0,0.0,0.0,0.0,0.0,0.0,0.0,0.0,13.370036125183105,0.16624999046325684,66.7,9.0,5.0,365.0,0.0,0.0,0.0,0.0,0.0,0.0,0.0,0.0,0.0,0.0,0.0,0.0,0.0,0.0,0.0,0.0,0.0,0.0
mckenzie2003,6.0,6.0,0.03,7.110000133514404,0.0,7.110000133514404,4,7,258.0,2.09,0.0,0.0,0.0,0.0,0.0,0.0,0.0,0.0,0.0,0.0,0.0,0.0,0.0,0.0,0.0,0.0,0.0,0.0,199.7193145751953,1.1037499904632568,58.7,180.0,73.0,286.0,0.0,0.0,0.0,0.0,0.0,0.0,180.04978942871094,0.9943749904632568,63.3,146.0,66.0,365.0,257.6737976074219,2.088124990463257,57.7,297.0,94.0,286.0,0.0,0.0,0.0,0.0,0.0,0.0,0.0,0.0,0.0,0.0,0.0,0.0,18.019737243652344,0.22874999046325684,68.3,13.0,7.0,365.0,0.0,0.0,0.0,0.0,0.0,0.0,0.0,0.0,0.0,0.0,0.0,0.0,0.0,0.0,0.0,0.0,0.0,0.0
mckenzie2003,6.0,6.0,0.04,9.479999542236328,0.0,9.479999542236328,4,7,292.0,2.46,0.0,0.0,0.0,0.0,0.0,0.0,0.0,0.0,0.0,0.0,0.0,0.0,0.0,0.0,0.0,0.0,0.0,0.0,243.7133026123047,1.4006249904632568,58.9,227.0,89.0,286.0,0.0,0.0,0.0,0.0,0.0,0.0,218.31954956054688,1.3068749904632568,64.3,186.0,80.0,365.0,292.1887512207031,2.463124990463257,57.8,374.0,107.0,286.0,206.83595275878906,2.275624990463257,59.0,215.0,75.0,158.0,0.0,0.0,0.0,0.0,0.0,0.0,22.457916259765625,0.29124999046325684,69.3,17.0,8.0,365.0,0.0,0.0,0.0,0.0,0.0,0.0,0.0,0.0,0.0,0.0,0.0,0.0,0.0,0.0,0.0,0.0,0.0,0.0
mckenzie2003,6.0,6.0,0.05,11.850000381469727,0.0,11.850000381469727,4,7,317.0,2.7,0.0,0.0,0.0,0.0,0.0,0.0,0.0,0.0,0.0,0.0,0.0,0.0,0.0,0.0,0.0,0.0,0.0,0.0,279.6213073730469,1.6818749904632568,59.3,269.0,102.0,286.0,0.0,0.0,0.0,0.0,0.0,0.0,249.81484985351562,1.5256249904632568,65.0,222.0,91.0,365.0,317.3482666015625,2.697499990463257,57.9,431.0,116.0,286.0,251.33804321289062,2.478749990463257,59.5,260.0,92.0,203.0,0.0,0.0,0.0,0.0,0.0,0.0,26.69814109802246,0.33812499046325684,69.9,20.0,10.0,365.0,0.0,0.0,0.0,0.0,0.0,0.0,0.0,0.0,0.0,0.0,0.0,0.0,0.0,0.0,0.0,0.0,0.0,0.0
mckenzie2003,6.0,6.0,0.06,14.170000076293945,0.0,14.170000076293945,4,7,346.0,3.07,0.0,0.0,0.0,0.0,0.0,0.0,0.0,0.0,0.0,0.0,0.0,0.0,0.0,0.0,0.0,0.0,0.0,0.0,308.1070861816406,1.9162499904632568,60.3,308.0,112.0,286.0,0.0,0.0,0.0,0.0,0.0,0.0,275.8023986816406,1.7131249904632568,65.6,255.0,101.0,365.0,346.3992004394531,3.072499990463257,59.2,461.0,126.0,286.0,269.3977966308594,2.697499990463257,60.7,291.0,98.0,219.0,0.0,0.0,0.0,0.0,0.0,0.0,30.730703353881836,0.40062499046325684,70.6,23.0,11.0,365.0,0.0,0.0,0.0,0.0,0.0,0.0,0.0,0.0,0.0,0.0,0.0,0.0,0.0,0.0,0.0,0.0,0.0,0.0
mckenzie2003,6.0,6.0,0.08,18.809999465942383,0.0,18.809999465942383,4,7,356.0,3.18,0.0,0.0,0.0,0.0,0.0,0.0,0.0,0.0,0.0,0.0,0.0,0.0,0.0,0.0,0.0,0.0,0.0,0.0,348.0597229003906,2.306874990463257,62.5,371.0,127.0,286.0,0.0,0.0,0.0,0.0,0.0,0.0,314.2814636230469,2.056874990463257,66.7,314.0,113.0,365.0,355.7991638183594,3.181874990463257,61.4,473.0,128.0,286.0,290.2408447265625,3.181874990463257,63.0,338.0,106.0,223.0,0.0,0.0,0.0,0.0,0.0,0.0,38.25982666015625,0.49437499046325684,71.7,29.0,14.0,365.0,0.0,0.0,0.0,0.0,0.0,0.0,0.0,0.0,0.0,0.0,0.0,0.0,0.0,0.0,0.0,0.0,0.0,0.0
mckenzie2003,6.0,6.0,0.1,23.450000762939453,0.0,23.450000762939453,4,7,356.0,3.18,0.0,0.0,0.0,0.0,0.0,0.0,0.0,0.0,0.0,0.0,0.0,0.0,0.0,0.0,0.0,0.0,0.0,0.0,383.07476806640625,2.619374990463257,64.2,411.0,140.0,286.0,0.0,0.0,0.0,0.0,0.0,0.0,340.32501220703125,2.306874990463257,67.5,361.0,66.0,365.0,356.1302490234375,3.181874990463257,63.4,475.0,77.0,286.0,289.9438171386719,3.353749990463257,64.8,347.0,104.0,230.0,0.0,0.0,0.0,0.0,0.0,0.0,45.17107391357422,0.5881249904632568,72.4,35.0,16.0,365.0,0.0,0.0,0.0,0.0,0.0,0.0,0.0,0.0,0.0,0.0,0.0,0.0,0.0,0.0,0.0,0.0,0.0,0.0
mckenzie2003,6.0,6.0,0.12,28.09000015258789,0.0,28.09000015258789,7,6,358.0,2.42,0.0,0.0,0.0,0.0,0.0,0.0,0.0,0.0,0.0,0.0,0.0,0.0,0.0,0.0,0.0,0.0,0.0,0.0,386.78118896484375,2.650624990463257,65.6,420.0,141.0,286.0,0.0,0.0,0.0,0.0,0.0,0.0,358.0709228515625,2.416249990463257,68.1,397.0,62.0,365.0,356.1302490234375,3.181874990463257,65.0,477.0,56.0,286.0,289.6239929199219,3.338124990463257,66.3,348.0,61.0,233.0,0.0,0.0,0.0,0.0,0.0,0.0,51.49675750732422,0.6662499904632568,73.1,40.0,19.0,365.0,0.0,0.0,0.0,0.0,0.0,0.0,0.0,0.0,0.0,0.0,0.0,0.0,0.0,0.0,0.0,0.0,0.0,0.0
mckenzie2003,6.0,6.0,0.15,35.04999923706055,0.0,35.04999923706055,7,6,375.0,2.59,0.0,0.0,0.0,0.0,0.0,0.0,0.0,0.0,0.0,0.0,0.0,0.0,0.0,0.0,0.0,0.0,0.0,0.0,387.7325439453125,2.650624990463257,67.0,422.0,92.0,286.0,0.0,0.0,0.0,0.0,0.0,0.0,375.47705078125,2.588124990463257,69.2,434.0,55.0,365.0,356.1302490234375,3.181874990463257,66.7,479.0,53.0,286.0,289.6239929199219,3.338124990463257,67.7,351.0,46.0,233.0,0.0,0.0,0.0,0.0,0.0,0.0,59.991119384765625,0.7912499904632568,74.1,48.0,22.0,365.0,0.0,0.0,0.0,0.0,0.0,0.0,0.0,0.0,0.0,0.0,0.0,0.0,0.0,0.0,0.0,0.0,0.0,0.0
mckenzie2003,6.0,6.0,0.2,45.95000076293945,0.0,45.95000076293945,7,6,391.0,2.76,0.0,0.0,0.0,0.0,0.0,0.0,0.0,0.0,0.0,0.0,0.0,0.0,0.0,0.0,0.0,0.0,0.0,0.0,387.7325439453125,2.650624990463257,69.3,422.0,59.0,286.0,0.0,0.0,0.0,0.0,0.0,0.0,391.3087158203125,2.759999990463257,70.2,458.0,54.0,365.0,356.1302490234375,3.181874990463257,68.8,480.0,50.0,286.0,289.6239929199219,3.338124990463257,69.6,354.0,43.0,233.0,0.0,0.0,0.0,0.0,0.0,0.0,72.0047607421875,0.9631249904632568,75.2,59.0,14.0,365.0,0.0,0.0,0.0,0.0,0.0,0.0,0.0,0.0,0.0,0.0,0.0,0.0,0.0,0.0,0.0,0.0,0.0,0.0
mckenzie2003,6.0,6.0,0.3,67.75,0.0,67.75,7,6,395.0,2.84,0.0,0.0,0.0,0.0,0.0,0.0,0.0,0.0,0.0,0.0,0.0,0.0,0.0,0.0,0.0,0.0,0.0,0.0,387.7325439453125,2.650624990463257,71.8,422.0,53.0,286.0,0.0,0.0,0.0,0.0,0.0,0.0,395.4186706542969,2.838124990463257,72.2,465.0,42.0,365.0,356.1302490234375,3.181874990463257,71.3,480.0,41.0,286.0,287.4637756347656,3.306874990463257,72.8,350.0,38.0,255.0,0.0,0.0,0.0,0.0,0.0,0.0,89.93553161621094,1.1974999904632568,76.8,77.0,13.0,365.0,0.0,0.0,0.0,0.0,0.0,0.0,0.0,0.0,0.0,0.0,0.0,0.0,0.0,0.0,0.0,0.0,0.0,0.0
mckenzie2003,6.0,6.0,0.5,67.75,41.400001525878906,109.1500015258789,7,6,395.0,2.84,0.0,0.0,0.0,0.0,0.0,0.0,0.0,0.0,0.0,0.0,0.0,0.0,0.0,0.0,0.0,0.0,0.0,0.0,387.7325439453125,2.650624990463257,73.9,422.0,0.0,286.0,0.0,0.0,0.0,0.0,0.0,0.0,395.4186706542969,2.838124990463257,73.2,465.0,0.0,365.0,356.1302490234375,3.181874990463257,72.7,480.0,3.0,286.0,287.4637756347656,3.306874990463257,73.9,350.0,11.0,255.0,0.0,0.0,0.0,0.0,0.0,0.0,111.36003112792969,1.4943749904632568,76.9,100.0,0.0,365.0,0.0,0.0,0.0,0.0,0.0,0.0,0.0,0.0,0.0,0.0,0.0,0.0,0.0,0.0,0.0,0.0,0.0,0.0
mckenzie2003,6.0,6.0,1.5,67.75,230.8000030517578,298.54998779296875,7,6,395.0,2.84,0.0,0.0,0.0,0.0,0.0,0.0,0.0,0.0,0.0,0.0,0.0,0.0,0.0,0.0,0.0,0.0,0.0,0.0,387.7325439453125,2.650624990463257,74.8,422.0,0.0,286.0,0.0,0.0,0.0,0.0,0.0,0.0,395.4186706542969,2.838124990463257,73.7,465.0,0.0,365.0,356.1302490234375,3.181874990463257,73.2,480.0,0.0,286.0,287.4637756347656,3.306874990463257,74.0,350.0,4.0,255.0,0.0,0.0,0.0,0.0,0.0,0.0,135.55206298828125,1.8849999904632568,77.0,132.0,0.0,365.0,0.0,0.0,0.0,0.0,0.0,0.0,0.0,0.0,0.0,0.0,0.0,0.0,0.0,0.0,0.0,0.0,0.0,0.0
mckenzie2003,5.0,5.0,0.01,2.369999885559082,0.0,2.369999885559082,4,7,123.0,0.82,0.0,0.0,0.0,0.0,0.0,0.0,0.0,0.0,0.0,0.0,0.0,0.0,0.0,0.0,0.0,0.0,0.0,0.0,86.28985595703125,0.38499999046325684,55.6,66.0,31.0,286.0,0.0,0.0,0.0,0.0,0.0,0.0,79.88220977783203,0.40062499046325684,56.3,49.0,29.0,365.0,122.8809814453125,0.8224999904632568,54.7,106.0,45.0,286.0,0.0,0.0,0.0,0.0,0.0,0.0,0.0,0.0,0.0,0.0,0.0,0.0,8.604150772094727,0.10374999046325684,60.2,5.0,3.0,365.0,0.0,0.0,0.0,0.0,0.0,0.0,0.0,0.0,0.0,0.0,0.0,0.0,0.0,0.0,0.0,0.0,0.0,0.0
mckenzie2003,5.0,5.0,0.02,4.739999771118164,0.0,4.739999771118164,4,7,198.0,1.56,0.0,0.0,0.0,0.0,0.0,0.0,0.0,0.0,0.0,0.0,0.0,0.0,0.0,0.0,0.0,0.0,0.0,0.0,143.52931213378906,0.7443749904632568,58.5,125.0,52.0,286.0,0.0,0.0,0.0,0.0,0.0,0.0,133.57965087890625,0.7443749904632568,62.2,98.0,49.0,365.0,198.2855682373047,1.5568749904632568,57.9,202.0,72.0,286.0,0.0,0.0,0.0,0.0,0.0,0.0,0.0,0.0,0.0,0.0,0.0,0.0,13.607490539550781,0.16624999046325684,67.2,9.0,5.0,365.0,0.0,0.0,0.0,0.0,0.0,0.0,0.0,0.0,0.0,0.0,0.0,0.0,0.0,0.0,0.0,0.0,0.0,0.0
mckenzie2003,5.0,5.0,0.03,7.110000133514404,0.0,7.110000133514404,4,7,250.0,2.07,0.0,0.0,0.0,0.0,0.0,0.0,0.0,0.0,0.0,0.0,0.0,0.0,0.0,0.0,0.0,0.0,0.0,0.0,194.5135040283203,1.1037499904632568,59.2,175.0,71.0,286.0,0.0,0.0,0.0,0.0,0.0,0.0,179.22023010253906,1.0412499904632568,64.0,141.0,65.0,365.0,249.76089477539062,2.072499990463257,58.5,288.0,91.0,286.0,0.0,0.0,0.0,0.0,0.0,0.0,0.0,0.0,0.0,0.0,0.0,0.0,18.37753677368164,0.22874999046325684,68.7,13.0,7.0,365.0,0.0,0.0,0.0,0.0,0.0,0.0,0.0,0.0,0.0,0.0,0.0,0.0,0.0,0.0,0.0,0.0,0.0,0.0
mckenzie2003,5.0,5.0,0.04,9.479999542236328,0.0,9.479999542236328,4,7,282.0,2.45,0.0,0.0,0.0,0.0,0.0,0.0,0.0,0.0,0.0,0.0,0.0,0.0,0.0,0.0,0.0,0.0,0.0,0.0,236.638671875,1.4318749904632568,59.5,220.0,86.0,286.0,0.0,0.0,0.0,0.0,0.0,0.0,216.18170166015625,1.3381249904632568,65.0,181.0,79.0,365.0,281.6507873535156,2.447499990463257,58.5,362.0,103.0,286.0,176.69960021972656,2.134999990463257,60.1,205.0,64.0,140.0,0.0,0.0,0.0,0.0,0.0,0.0,22.925640106201172,0.29124999046325684,69.6,16.0,8.0,365.0,0.0,0.0,0.0,0.0,0.0,0.0,0.0,0.0,0.0,0.0,0.0,0.0,0.0,0.0,0.0,0.0,0.0,0.0
mckenzie2003,5.0,5.0,0.05,11.850000381469727,0.0,11.850000381469727,4,7,306.0,2.71,0.0,0.0,0.0,0.0,0.0,0.0,0.0,0.0,0.0,0.0,0.0,0.0,0.0,0.0,0.0,0.0,0.0,0.0,270.79071044921875,1.7131249904632568,60.3,261.0,99.0,286.0,0.0,0.0,0.0,0.0,0.0,0.0,246.49668884277344,1.5724999904632568,65.8,216.0,90.0,365.0,306.0148010253906,2.713124990463257,58.9,415.0,112.0,286.0,247.35772705078125,2.463124990463257,60.3,257.0,90.0,220.0,0.0,0.0,0.0,0.0,0.0,0.0,27.21231460571289,0.33812499046325684,70.2,20.0,10.0,365.0,0.0,0.0,0.0,0.0,0.0,0.0,0.0,0.0,0.0,0.0,0.0,0.0,0.0,0.0,0.0,0.0,0.0,0.0
mckenzie2003,5.0,5.0,0.06,14.170000076293945,0.0,14.170000076293945,4,7,329.0,2.99,0.0,0.0,0.0,0.0,0.0,0.0,0.0,0.0,0.0,0.0,0.0,0.0,0.0,0.0,0.0,0.0,0.0,0.0,297.6377258300781,1.9318749904632568,61.5,298.0,109.0,286.0,0.0,0.0,0.0,0.0,0.0,0.0,271.1104736328125,1.7599999904632568,66.1,248.0,99.0,365.0,329.3726806640625,2.994374990463257,60.2,439.0,120.0,286.0,265.3605651855469,2.681874990463257,61.7,285.0,97.0,223.0,0.0,0.0,0.0,0.0,0.0,0.0,31.347091674804688,0.40062499046325684,71.0,23.0,11.0,365.0,0.0,0.0,0.0,0.0,0.0,0.0,0.0,0.0,0.0,0.0,0.0,0.0,0.0,0.0,0.0,0.0,0.0,0.0
mckenzie2003,5.0,5.0,0.08,18.809999465942383,0.0,18.809999465942383,4,7,337.0,3.07,0.0,0.0,0.0,0.0,0.0,0.0,0.0,0.0,0.0,0.0,0.0,0.0,0.0,0.0,0.0,0.0,0.0,0.0,334.6356201171875,2.259999990463257,63.4,357.0,122.0,286.0,0.0,0.0,0.0,0.0,0.0,0.0,307.29302978515625,2.009999990463257,67.1,304.0,110.0,365.0,336.89776611328125,3.072499990463257,62.1,453.0,121.0,286.0,281.54168701171875,3.306874990463257,63.6,331.0,103.0,226.0,0.0,0.0,0.0,0.0,0.0,0.0,38.9745979309082,0.5099999904632568,72.0,29.0,14.0,365.0,0.0,0.0,0.0,0.0,0.0,0.0,0.0,0.0,0.0,0.0,0.0,0.0,0.0,0.0,0.0,0.0,0.0,0.0
mckenzie2003,5.0,5.0,0.1,23.450000762939453,0.0,23.450000762939453,4,7,340.0,3.14,0.0,0.0,0.0,0.0,0.0,0.0,0.0,0.0,0.0,0.0,0.0,0.0,0.0,0.0,0.0,0.0,0.0,0.0,363.5058288574219,2.572499990463257,64.8,391.0,133.0,286.0,0.0,0.0,0.0,0.0,0.0,0.0,331.5558166503906,2.244374990463257,68.0,348.0,71.0,365.0,339.5501708984375,3.134999990463257,63.8,459.0,76.0,286.0,280.7561340332031,3.291249990463257,65.3,336.0,101.0,234.0,0.0,0.0,0.0,0.0,0.0,0.0,45.98676681518555,0.6037499904632568,72.7,35.0,17.0,365.0,0.0,0.0,0.0,0.0,0.0,0.0,0.0,0.0,0.0,0.0,0.0,0.0,0.0,0.0,0.0,0.0,0.0,0.0
mckenzie2003,5.0,5.0,0.12,28.09000015258789,0.0,28.09000015258789,7,6,348.0,2.42,0.0,0.0,0.0,0.0,0.0,0.0,0.0,0.0,0.0,0.0,0.0,0.0,0.0,0.0,0.0,0.0,0.0,0.0,366.6724853515625,2.603749990463257,65.8,400.0,133.0,286.0,0.0,0.0,0.0,0.0,0.0,0.0,347.771240234375,2.416249990463257,68.8,381.0,56.0,365.0,340.3817443847656,3.134999990463257,65.3,461.0,58.0,286.0,280.7245178222656,3.291249990463257,66.7,338.0,62.0,235.0,0.0,0.0,0.0,0.0,0.0,0.0,52.37423324584961,0.6818749904632568,73.5,40.0,19.0,365.0,0.0,0.0,0.0,0.0,0.0,0.0,0.0,0.0,0.0,0.0,0.0,0.0,0.0,0.0,0.0,0.0,0.0,0.0
mckenzie2003,5.0,5.0,0.15,35.04999923706055,0.0,35.04999923706055,7,6,363.0,2.57,0.0,0.0,0.0,0.0,0.0,0.0,0.0,0.0,0.0,0.0,0.0,0.0,0.0,0.0,0.0,0.0,0.0,0.0,368.2423400878906,2.666249990463257,67.3,407.0,90.0,286.0,0.0,0.0,0.0,0.0,0.0,0.0,363.44390869140625,2.572499990463257,69.7,414.0,52.0,365.0,340.3817443847656,3.134999990463257,67.1,462.0,51.0,286.0,280.7245178222656,3.291249990463257,68.0,341.0,42.0,235.0,0.0,0.0,0.0,0.0,0.0,0.0,60.93730545043945,0.8068749904632568,74.3,48.0,22.0,365.0,0.0,0.0,0.0,0.0,0.0,0.0,0.0,0.0,0.0,0.0,0.0,0.0,0.0,0.0,0.0,0.0,0.0,0.0
mckenzie2003,5.0,5.0,0.2,45.95000076293945,0.0,45.95000076293945,7,6,376.0,2.73,0.0,0.0,0.0,0.0,0.0,0.0,0.0,0.0,0.0,0.0,0.0,0.0,0.0,0.0,0.0,0.0,0.0,0.0,368.8101806640625,2.666249990463257,69.4,407.0,61.0,286.0,0.0,0.0,0.0,0.0,0.0,0.0,376.00909423828125,2.728749990463257,70.9,435.0,49.0,365.0,340.3817443847656,3.134999990463257,69.0,462.0,46.0,286.0,280.57159423828125,3.291249990463257,69.9,343.0,40.0,236.0,0.0,0.0,0.0,0.0,0.0,0.0,73.04316711425781,0.9787499904632568,75.6,59.0,16.0,365.0,0.0,0.0,0.0,0.0,0.0,0.0,0.0,0.0,0.0,0.0,0.0,0.0,0.0,0.0,0.0,0.0,0.0,0.0
mckenzie2003,5.0,5.0,0.3,67.75,0.0,67.75,7,6,380.0,2.74,0.0,0.0,0.0,0.0,0.0,0.0,0.0,0.0,0.0,0.0,0.0,0.0,0.0,0.0,0.0,0.0,0.0,0.0,368.8101806640625,2.666249990463257,72.1,407.0,49.0,286.0,0.0,0.0,0.0,0.0,0.0,0.0,380.0563049316406,2.744374990463257,72.4,444.0,18.0,365.0,340.3817443847656,3.134999990463257,71.7,462.0,36.0,286.0,278.3820495605469,3.259999990463257,72.8,339.0,35.0,257.0,0.0,0.0,0.0,0.0,0.0,0.0,90.97205352783203,1.2287499904632568,77.1,76.0,13.0,365.0,0.0,0.0,0.0,0.0,0.0,0.0,0.0,0.0,0.0,0.0,0.0,0.0,0.0,0.0,0.0,0.0,0.0,0.0
mckenzie2003,5.0,5.0,0.5,67.75,41.400001525878906,109.1500015258789,7,6,382.0,2.81,0.0,0.0,0.0,0.0,0.0,0.0,0.0,0.0,0.0,0.0,0.0,0.0,0.0,0.0,0.0,0.0,0.0,0.0,368.8101806640625,2.666249990463257,73.9,407.0,0.0,286.0,0.0,0.0,0.0,0.0,0.0,0.0,381.8667297363281,2.806874990463257,73.5,447.0,0.0,365.0,340.3817443847656,3.134999990463257,73.1,462.0,1.0,286.0,278.3820495605469,3.259999990463257,73.9,339.0,10.0,257.0,0.0,0.0,0.0,0.0,0.0,0.0,112.2242431640625,1.5412499904632568,77.2,100.0,0.0,365.0,0.0,0.0,0.0,0.0,0.0,0.0,0.0,0.0,0.0,0.0,0.0,0.0,0.0,0.0,0.0,0.0,0.0,0.0
mckenzie2003,5.0,5.0,1.5,67.75,230.8000030517578,298.54998779296875,7,6,382.0,2.81,0.0,0.0,0.0,0.0,0.0,0.0,0.0,0.0,0.0,0.0,0.0,0.0,0.0,0.0,0.0,0.0,0.0,0.0,368.8101806640625,2.666249990463257,74.8,407.0,0.0,286.0,0.0,0.0,0.0,0.0,0.0,0.0,381.8667297363281,2.806874990463257,73.9,447.0,0.0,365.0,340.3817443847656,3.134999990463257,73.4,462.0,0.0,286.0,278.3820495605469,3.259999990463257,74.3,339.0,4.0,257.0,0.0,0.0,0.0,0.0,0.0,0.0,135.70201110839844,1.9162499904632568,77.2,131.0,0.0,365.0,0.0,0.0,0.0,0.0,0.0,0.0,0.0,0.0,0.0,0.0,0.0,0.0,0.0,0.0,0.0,0.0,0.0,0.0
mckenzie2003,4.0,4.0,0.01,2.369999885559082,0.0,2.369999885559082,4,7,134.0,0.85,0.0,0.0,0.0,0.0,0.0,0.0,0.0,0.0,0.0,0.0,0.0,0.0,0.0,0.0,0.0,0.0,0.0,0.0,94.64253234863281,0.41624999046325684,57.2,67.0,35.0,286.0,0.0,0.0,0.0,0.0,0.0,0.0,85.10111236572266,0.40062499046325684,57.6,53.0,31.0,365.0,134.43096923828125,0.8537499904632568,56.0,112.0,49.0,286.0,0.0,0.0,0.0,0.0,0.0,0.0,0.0,0.0,0.0,0.0,0.0,0.0,8.995582580566406,0.10374999046325684,57.3,5.0,3.0,365.0,0.0,0.0,0.0,0.0,0.0,0.0,0.0,0.0,0.0,0.0,0.0,0.0,0.0,0.0,0.0,0.0,0.0,0.0
mckenzie2003,4.0,4.0,0.02,4.739999771118164,0.0,4.739999771118164,4,7,216.0,1.57,0.0,0.0,0.0,0.0,0.0,0.0,0.0,0.0,0.0,0.0,0.0,0.0,0.0,0.0,0.0,0.0,0.0,0.0,157.4768524169922,0.7756249904632568,59.6,128.0,57.0,286.0,0.0,0.0,0.0,0.0,0.0,0.0,142.12648010253906,0.7443749904632568,62.2,104.0,52.0,365.0,216.34439086914062,1.5724999904632568,58.7,213.0,79.0,286.0,0.0,0.0,0.0,0.0,0.0,0.0,0.0,0.0,0.0,0.0,0.0,0.0,14.236410140991211,0.16624999046325684,67.5,9.0,5.0,365.0,0.0,0.0,0.0,0.0,0.0,0.0,0.0,0.0,0.0,0.0,0.0,0.0,0.0,0.0,0.0,0.0,0.0,0.0
mckenzie2003,4.0,4.0,0.03,7.110000133514404,0.0,7.110000133514404,4,7,273.0,2.14,0.0,0.0,0.0,0.0,0.0,0.0,0.0,0.0,0.0,0.0,0.0,0.0,0.0,0.0,0.0,0.0,0.0,0.0,212.94029235839844,1.1506249904632568,60.0,183.0,78.0,286.0,0.0,0.0,0.0,0.0,0.0,0.0,190.81320190429688,1.0099999904632568,64.1,148.0,70.0,365.0,273.2384948730469,2.134999990463257,59.0,301.0,100.0,286.0,0.0,0.0,0.0,0.0,0.0,0.0,0.0,0.0,0.0,0.0,0.0,0.0,19.230770111083984,0.22874999046325684,69.1,13.0,7.0,365.0,0.0,0.0,0.0,0.0,0.0,0.0,0.0,0.0,0.0,0.0,0.0,0.0,0.0,0.0,0.0,0.0,0.0,0.0
mckenzie2003,4.0,4.0,0.04,9.479999542236328,0.0,9.479999542236328,4,7,309.0,2.53,0.0,0.0,0.0,0.0,0.0,0.0,0.0,0.0,0.0,0.0,0.0,0.0,0.0,0.0,0.0,0.0,0.0,0.0,259.5548400878906,1.4787499904632568,60.2,231.0,95.0,286.0,0.0,0.0,0.0,0.0,0.0,0.0,231.63458251953125,1.3381249904632568,64.8,189.0,85.0,365.0,309.2935485839844,2.525624990463257,59.0,378.0,113.0,286.0,218.12054443359375,2.259999990463257,60.5,216.0,80.0,153.0,0.0,0.0,0.0,0.0,0.0,0.0,24.015605926513672,0.29124999046325684,70.0,17.0,9.0,365.0,0.0,0.0,0.0,0.0,0.0,0.0,0.0,0.0,0.0,0.0,0.0,0.0,0.0,0.0,0.0,0.0,0.0,0.0
mckenzie2003,4.0,4.0,0.05,11.850000381469727,0.0,11.850000381469727,4,7,335.0,2.81,0.0,0.0,0.0,0.0,0.0,0.0,0.0,0.0,0.0,0.0,0.0,0.0,0.0,0.0,0.0,0.0,0.0,0.0,297.153564453125,1.8224999904632568,60.4,275.0,108.0,286.0,0.0,0.0,0.0,0.0,0.0,0.0,265.1350402832031,1.5881249904632568,65.6,226.0,97.0,365.0,335.3174743652344,2.806874990463257,58.9,437.0,122.0,286.0,265.0013732910156,2.525624990463257,60.5,267.0,97.0,222.0,0.0,0.0,0.0,0.0,0.0,0.0,28.54376792907715,0.35374999046325684,70.7,20.0,10.0,365.0,0.0,0.0,0.0,0.0,0.0,0.0,0.0,0.0,0.0,0.0,0.0,0.0,0.0,0.0,0.0,0.0,0.0,0.0
mckenzie2003,4.0,4.0,0.06,14.170000076293945,0.0,14.170000076293945,4,7,366.0,3.17,0.0,0.0,0.0,0.0,0.0,0.0,0.0,0.0,0.0,0.0,0.0,0.0,0.0,0.0,0.0,0.0,0.0,0.0,326.7250061035156,2.025624990463257,60.8,313.0,119.0,286.0,0.0,0.0,0.0,0.0,0.0,0.0,292.4930114746094,1.7756249904632568,66.2,259.0,107.0,365.0,365.9859924316406,3.166249990463257,59.3,467.0,134.0,286.0,285.1667175292969,2.791249990463257,61.2,297.0,104.0,224.0,0.0,0.0,0.0,0.0,0.0,0.0,32.90833282470703,0.40062499046325684,71.3,24.0,12.0,365.0,0.0,0.0,0.0,0.0,0.0,0.0,0.0,0.0,0.0,0.0,0.0,0.0,0.0,0.0,0.0,0.0,0.0,0.0
mckenzie2003,4.0,4.0,0.08,18.809999465942383,0.0,18.809999465942383,4,7,373.0,3.24,0.0,0.0,0.0,0.0,0.0,0.0,0.0,0.0,0.0,0.0,0.0,0.0,0.0,0.0,0.0,0.0,0.0,0.0,367.27691650390625,2.338124990463257,62.6,378.0,134.0,286.0,0.0,0.0,0.0,0.0,0.0,0.0,332.8787841796875,2.103749990463257,67.2,317.0,119.0,365.0,373.409912109375,3.244374990463257,61.4,480.0,134.0,286.0,306.26513671875,3.369374990463257,63.2,346.0,112.0,227.0,0.0,0.0,0.0,0.0,0.0,0.0,40.9873161315918,0.5099999904632568,72.2,30.0,15.0,365.0,0.0,0.0,0.0,0.0,0.0,0.0,0.0,0.0,0.0,0.0,0.0,0.0,0.0,0.0,0.0,0.0,0.0,0.0
mckenzie2003,4.0,4.0,0.1,23.450000762939453,0.0,23.450000762939453,4,7,374.0,3.24,0.0,0.0,0.0,0.0,0.0,0.0,0.0,0.0,0.0,0.0,0.0,0.0,0.0,0.0,0.0,0.0,0.0,0.0,401.8573913574219,2.697499990463257,64.1,419.0,147.0,286.0,0.0,0.0,0.0,0.0,0.0,0.0,359.789306640625,2.322499990463257,67.9,364.0,69.0,365.0,374.0563049316406,3.244374990463257,63.3,482.0,81.0,286.0,305.5434875488281,3.431874990463257,65.1,352.0,110.0,234.0,0.0,0.0,0.0,0.0,0.0,0.0,48.382102966308594,0.6193749904632568,73.0,36.0,18.0,365.0,0.0,0.0,0.0,0.0,0.0,0.0,0.0,0.0,0.0,0.0,0.0,0.0,0.0,0.0,0.0,0.0,0.0,0.0
mckenzie2003,4.0,4.0,0.12,28.09000015258789,0.0,28.09000015258789,7,6,378.0,2.49,0.0,0.0,0.0,0.0,0.0,0.0,0.0,0.0,0.0,0.0,0.0,0.0,0.0,0.0,0.0,0.0,0.0,0.0,405.215087890625,2.744374990463257,65.4,428.0,147.0,286.0,0.0,0.0,0.0,0.0,0.0,0.0,377.9316711425781,2.494374990463257,68.5,401.0,58.0,365.0,374.0563049316406,3.244374990463257,64.8,484.0,57.0,286.0,305.0269775390625,3.416249990463257,66.5,353.0,62.0,240.0,0.0,0.0,0.0,0.0,0.0,0.0,55.15089416503906,0.6974999904632568,73.7,41.0,20.0,365.0,0.0,0.0,0.0,0.0,0.0,0.0,0.0,0.0,0.0,0.0,0.0,0.0,0.0,0.0,0.0,0.0,0.0,0.0
mckenzie2003,4.0,4.0,0.15,35.04999923706055,0.0,35.04999923706055,7,6,396.0,2.67,0.0,0.0,0.0,0.0,0.0,0.0,0.0,0.0,0.0,0.0,0.0,0.0,0.0,0.0,0.0,0.0,0.0,0.0,405.78338623046875,2.744374990463257,67.2,430.0,98.0,286.0,0.0,0.0,0.0,0.0,0.0,0.0,395.89788818359375,2.666249990463257,69.3,440.0,56.0,365.0,374.0563049316406,3.244374990463257,66.5,486.0,54.0,286.0,305.0269775390625,3.416249990463257,68.0,356.0,45.0,240.0,0.0,0.0,0.0,0.0,0.0,0.0,64.29288482666016,0.8224999904632568,74.5,49.0,23.0,365.0,0.0,0.0,0.0,0.0,0.0,0.0,0.0,0.0,0.0,0.0,0.0,0.0,0.0,0.0,0.0,0.0,0.0,0.0
mckenzie2003,4.0,4.0,0.2,45.95000076293945,0.0,45.95000076293945,7,6,411.0,2.84,0.0,0.0,0.0,0.0,0.0,0.0,0.0,0.0,0.0,0.0,0.0,0.0,0.0,0.0,0.0,0.0,0.0,0.0,405.78338623046875,2.744374990463257,69.3,430.0,60.0,286.0,0.0,0.0,0.0,0.0,0.0,0.0,411.4712829589844,2.838124990463257,70.5,465.0,54.0,365.0,374.0563049316406,3.244374990463257,68.6,487.0,51.0,286.0,305.0269775390625,3.416249990463257,69.9,359.0,44.0,240.0,0.0,0.0,0.0,0.0,0.0,0.0,77.09032440185547,0.9943749904632568,75.7,60.0,15.0,365.0,0.0,0.0,0.0,0.0,0.0,0.0,0.0,0.0,0.0,0.0,0.0,0.0,0.0,0.0,0.0,0.0,0.0,0.0
mckenzie2003,4.0,4.0,0.3,67.75,0.0,67.75,7,6,415.0,2.9,0.0,0.0,0.0,0.0,0.0,0.0,0.0,0.0,0.0,0.0,0.0,0.0,0.0,0.0,0.0,0.0,0.0,0.0,405.78338623046875,2.744374990463257,71.9,430.0,54.0,286.0,0.0,0.0,0.0,0.0,0.0,0.0,415.2742004394531,2.900624990463257,72.3,472.0,42.0,365.0,374.0563049316406,3.244374990463257,71.2,487.0,42.0,286.0,302.7496643066406,3.384999990463257,73.1,355.0,38.0,264.0,0.0,0.0,0.0,0.0,0.0,0.0,96.17369079589844,1.2756249904632568,77.2,79.0,14.0,365.0,0.0,0.0,0.0,0.0,0.0,0.0,0.0,0.0,0.0,0.0,0.0,0.0,0.0,0.0,0.0,0.0,0.0,0.0
mckenzie2003,4.0,4.0,0.5,67.75,41.400001525878906,109.1500015258789,7,6,415.0,2.9,0.0,0.0,0.0,0.0,0.0,0.0,0.0,0.0,0.0,0.0,0.0,0.0,0.0,0.0,0.0,0.0,0.0,0.0,405.78338623046875,2.744374990463257,74.1,430.0,1.0,286.0,0.0,0.0,0.0,0.0,0.0,0.0,415.2742004394531,2.900624990463257,73.3,472.0,0.0,365.0,374.0563049316406,3.244374990463257,72.6,487.0,3.0,286.0,302.7496643066406,3.384999990463257,74.0,355.0,13.0,264.0,0.0,0.0,0.0,0.0,0.0,0.0,118.79695129394531,1.5881249904632568,77.2,103.0,0.0,365.0,0.0,0.0,0.0,0.0,0.0,0.0,0.0,0.0,0.0,0.0,0.0,0.0,0.0,0.0,0.0,0.0,0.0,0.0
mckenzie2003,4.0,4.0,1.5,67.75,230.8000030517578,298.54998779296875,7,6,415.0,2.9,0.0,0.0,0.0,0.0,0.0,0.0,0.0,0.0,0.0,0.0,0.0,0.0,0.0,0.0,0.0,0.0,0.0,0.0,405.78338623046875,2.744374990463257,75.0,430.0,0.0,286.0,0.0,0.0,0.0,0.0,0.0,0.0,415.2742004394531,2.900624990463257,73.8,472.0,0.0,365.0,374.0563049316406,3.244374990463257,73.3,487.0,0.0,286.0,302.7496643066406,3.384999990463257,74.3,355.0,6.0,264.0,0.0,0.0,0.0,0.0,0.0,0.0,144.28955078125,1.9474999904632568,77.3,134.0,0.0,365.0,0.0,0.0,0.0,0.0,0.0,0.0,0.0,0.0,0.0,0.0,0.0,0.0,0.0,0.0,0.0,0.0,0.0,0.0
mckenzie2003,3.0,3.0,0.01,2.369999885559082,0.0,2.369999885559082,4,7,135.0,0.84,0.0,0.0,0.0,0.0,0.0,0.0,0.0,0.0,0.0,0.0,0.0,0.0,0.0,0.0,0.0,0.0,0.0,0.0,94.68726348876953,0.41624999046325684,56.5,67.0,35.0,286.0,0.0,0.0,0.0,0.0,0.0,0.0,85.3827896118164,0.40062499046325684,58.3,53.0,31.0,365.0,134.5493621826172,0.8381249904632568,55.3,111.0,49.0,286.0,0.0,0.0,0.0,0.0,0.0,0.0,0.0,0.0,0.0,0.0,0.0,0.0,9.038589477539062,0.10374999046325684,56.9,5.0,3.0,365.0,0.0,0.0,0.0,0.0,0.0,0.0,0.0,0.0,0.0,0.0,0.0,0.0,0.0,0.0,0.0,0.0,0.0,0.0
mckenzie2003,3.0,3.0,0.02,4.739999771118164,0.0,4.739999771118164,4,7,218.0,1.57,0.0,0.0,0.0,0.0,0.0,0.0,0.0,0.0,0.0,0.0,0.0,0.0,0.0,0.0,0.0,0.0,0.0,0.0,157.68136596679688,0.7599999904632568,58.8,128.0,58.0,286.0,0.0,0.0,0.0,0.0,0.0,0.0,142.6390838623047,0.7287499904632568,61.6,103.0,52.0,365.0,217.6073455810547,1.5724999904632568,57.8,211.0,79.0,286.0,0.0,0.0,0.0,0.0,0.0,0.0,0.0,0.0,0.0,0.0,0.0,0.0,14.312947273254395,0.16624999046325684,67.1,9.0,5.0,365.0,0.0,0.0,0.0,0.0,0.0,0.0,0.0,0.0,0.0,0.0,0.0,0.0,0.0,0.0,0.0,0.0,0.0,0.0
mckenzie2003,3.0,3.0,0.03,7.110000133514404,0.0,7.110000133514404,4,7,276.0,2.14,0.0,0.0,0.0,0.0,0.0,0.0,0.0,0.0,0.0,0.0,0.0,0.0,0.0,0.0,0.0,0.0,0.0,0.0,213.46139526367188,1.1506249904632568,59.3,182.0,78.0,286.0,0.0,0.0,0.0,0.0,0.0,0.0,191.83082580566406,1.0412499904632568,63.3,147.0,70.0,365.0,275.73187255859375,2.134999990463257,58.4,299.0,101.0,286.0,0.0,0.0,0.0,0.0,0.0,0.0,0.0,0.0,0.0,0.0,0.0,0.0,19.350820541381836,0.24437499046325684,68.7,13.0,7.0,365.0,0.0,0.0,0.0,0.0,0.0,0.0,0.0,0.0,0.0,0.0,0.0,0.0,0.0,0.0,0.0,0.0,0.0,0.0
mckenzie2003,3.0,3.0,0.04,9.479999542236328,0.0,9.479999542236328,4,7,313.0,2.54,0.0,0.0,0.0,0.0,0.0,0.0,0.0,0.0,0.0,0.0,0.0,0.0,0.0,0.0,0.0,0.0,0.0,0.0,260.2651062011719,1.4631249904632568,59.5,230.0,95.0,286.0,0.0,0.0,0.0,0.0,0.0,0.0,232.95028686523438,1.3068749904632568,64.5,187.0,85.0,365.0,312.51025390625,2.541249990463257,58.2,376.0,114.0,286.0,213.10206604003906,2.353749990463257,59.7,215.0,78.0,148.0,0.0,0.0,0.0,0.0,0.0,0.0,24.15045928955078,0.30687499046325684,69.6,17.0,9.0,365.0,0.0,0.0,0.0,0.0,0.0,0.0,0.0,0.0,0.0,0.0,0.0,0.0,0.0,0.0,0.0,0.0,0.0,0.0
mckenzie2003,3.0,3.0,0.05,11.850000381469727,0.0,11.850000381469727,4,7,340.0,2.85,0.0,0.0,0.0,0.0,0.0,0.0,0.0,0.0,0.0,0.0,0.0,0.0,0.0,0.0,0.0,0.0,0.0,0.0,297.9737243652344,1.7912499904632568,59.7,274.0,109.0,286.0,0.0,0.0,0.0,0.0,0.0,0.0,266.8576354980469,1.5881249904632568,65.0,224.0,97.0,365.0,339.7250671386719,2.853749990463257,58.2,435.0,124.0,286.0,265.93902587890625,2.572499990463257,59.8,264.0,97.0,208.0,0.0,0.0,0.0,0.0,0.0,0.0,28.7365779876709,0.36937499046325684,70.3,20.0,10.0,365.0,0.0,0.0,0.0,0.0,0.0,0.0,0.0,0.0,0.0,0.0,0.0,0.0,0.0,0.0,0.0,0.0,0.0,0.0
mckenzie2003,3.0,3.0,0.06,14.170000076293945,0.0,14.170000076293945,4,7,369.0,3.14,0.0,0.0,0.0,0.0,0.0,0.0,0.0,0.0,0.0,0.0,0.0,0.0,0.0,0.0,0.0,0.0,0.0,0.0,327.6371154785156,1.9787499904632568,60.2,312.0,120.0,286.0,0.0,0.0,0.0,0.0,0.0,0.0,294.5280456542969,1.7912499904632568,65.7,258.0,108.0,365.0,368.611328125,3.134999990463257,58.8,466.0,135.0,286.0,285.30865478515625,2.759999990463257,60.3,295.0,104.0,222.0,0.0,0.0,0.0,0.0,0.0,0.0,33.1070671081543,0.41624999046325684,70.9,24.0,12.0,365.0,0.0,0.0,0.0,0.0,0.0,0.0,0.0,0.0,0.0,0.0,0.0,0.0,0.0,0.0,0.0,0.0,0.0,0.0
mckenzie2003,3.0,3.0,0.08,18.809999465942383,0.0,18.809999465942383,4,7,377.0,3.26,0.0,0.0,0.0,0.0,0.0,0.0,0.0,0.0,0.0,0.0,0.0,0.0,0.0,0.0,0.0,0.0,0.0,0.0,368.5599365234375,2.353749990463257,62.3,377.0,135.0,286.0,0.0,0.0,0.0,0.0,0.0,0.0,335.6788635253906,2.103749990463257,66.5,316.0,120.0,365.0,377.480224609375,3.259999990463257,61.1,481.0,136.0,286.0,308.07928466796875,3.431874990463257,62.7,345.0,112.0,226.0,0.0,0.0,0.0,0.0,0.0,0.0,41.22071075439453,0.5256249904632568,72.0,30.0,15.0,365.0,0.0,0.0,0.0,0.0,0.0,0.0,0.0,0.0,0.0,0.0,0.0,0.0,0.0,0.0,0.0,0.0,0.0,0.0
mckenzie2003,3.0,3.0,0.1,23.450000762939453,0.0,23.450000762939453,4,7,380.0,3.24,0.0,0.0,0.0,0.0,0.0,0.0,0.0,0.0,0.0,0.0,0.0,0.0,0.0,0.0,0.0,0.0,0.0,0.0,401.2027893066406,2.666249990463257,63.6,418.0,146.0,286.0,0.0,0.0,0.0,0.0,0.0,0.0,363.1197509765625,2.338124990463257,67.3,363.0,71.0,365.0,379.9347229003906,3.244374990463257,62.8,484.0,85.0,286.0,307.3056335449219,3.431874990463257,64.5,353.0,110.0,233.0,0.0,0.0,0.0,0.0,0.0,0.0,48.66412353515625,0.6037499904632568,72.7,36.0,18.0,365.0,0.0,0.0,0.0,0.0,0.0,0.0,0.0,0.0,0.0,0.0,0.0,0.0,0.0,0.0,0.0,0.0,0.0,0.0
mckenzie2003,3.0,3.0,0.12,28.09000015258789,0.0,28.09000015258789,7,6,382.0,2.46,0.0,0.0,0.0,0.0,0.0,0.0,0.0,0.0,0.0,0.0,0.0,0.0,0.0,0.0,0.0,0.0,0.0,0.0,406.8044738769531,2.728749990463257,64.9,428.0,148.0,286.0,0.0,0.0,0.0,0.0,0.0,0.0,381.88165283203125,2.463124990463257,67.9,401.0,65.0,365.0,379.9347229003906,3.244374990463257,64.3,486.0,65.0,286.0,306.7530212402344,3.431874990463257,65.9,355.0,67.0,238.0,0.0,0.0,0.0,0.0,0.0,0.0,55.43000030517578,0.7131249904632568,73.3,41.0,20.0,365.0,0.0,0.0,0.0,0.0,0.0,0.0,0.0,0.0,0.0,0.0,0.0,0.0,0.0,0.0,0.0,0.0,0.0,0.0
mckenzie2003,3.0,3.0,0.15,35.04999923706055,0.0,35.04999923706055,7,6,400.0,2.64,0.0,0.0,0.0,0.0,0.0,0.0,0.0,0.0,0.0,0.0,0.0,0.0,0.0,0.0,0.0,0.0,0.0,0.0,408.6322937011719,2.775624990463257,66.8,432.0,100.0,286.0,0.0,0.0,0.0,0.0,0.0,0.0,399.9388122558594,2.634999990463257,68.8,438.0,57.0,365.0,379.9347229003906,3.244374990463257,66.0,488.0,55.0,286.0,306.7530212402344,3.431874990463257,67.6,358.0,49.0,238.0,0.0,0.0,0.0,0.0,0.0,0.0,64.570068359375,0.8224999904632568,74.2,49.0,24.0,365.0,0.0,0.0,0.0,0.0,0.0,0.0,0.0,0.0,0.0,0.0,0.0,0.0,0.0,0.0,0.0,0.0,0.0,0.0
mckenzie2003,3.0,3.0,0.2,45.95000076293945,0.0,45.95000076293945,7,6,416.0,2.84,0.0,0.0,0.0,0.0,0.0,0.0,0.0,0.0,0.0,0.0,0.0,0.0,0.0,0.0,0.0,0.0,0.0,0.0,408.6322937011719,2.775624990463257,68.8,432.0,61.0,286.0,0.0,0.0,0.0,0.0,0.0,0.0,415.6854248046875,2.838124990463257,69.9,464.0,55.0,365.0,379.9347229003906,3.244374990463257,68.1,488.0,52.0,286.0,306.56256103515625,3.416249990463257,69.5,359.0,44.0,239.0,0.0,0.0,0.0,0.0,0.0,0.0,77.40157318115234,0.9787499904632568,75.3,60.0,15.0,365.0,0.0,0.0,0.0,0.0,0.0,0.0,0.0,0.0,0.0,0.0,0.0,0.0,0.0,0.0,0.0,0.0,0.0,0.0
mckenzie2003,3.0,3.0,0.3,67.75,0.0,67.75,7,6,420.0,2.9,0.0,0.0,0.0,0.0,0.0,0.0,0.0,0.0,0.0,0.0,0.0,0.0,0.0,0.0,0.0,0.0,0.0,0.0,408.6322937011719,2.775624990463257,71.6,432.0,55.0,286.0,0.0,0.0,0.0,0.0,0.0,0.0,420.48614501953125,2.900624990463257,71.7,474.0,43.0,365.0,379.9347229003906,3.244374990463257,70.8,488.0,42.0,286.0,304.43194580078125,3.384999990463257,72.5,355.0,39.0,262.0,0.0,0.0,0.0,0.0,0.0,0.0,96.47943115234375,1.2599999904632568,76.8,78.0,14.0,365.0,0.0,0.0,0.0,0.0,0.0,0.0,0.0,0.0,0.0,0.0,0.0,0.0,0.0,0.0,0.0,0.0,0.0,0.0
mckenzie2003,3.0,3.0,0.5,67.75,41.400001525878906,109.1500015258789,7,6,422.0,2.93,0.0,0.0,0.0,0.0,0.0,0.0,0.0,0.0,0.0,0.0,0.0,0.0,0.0,0.0,0.0,0.0,0.0,0.0,408.6322937011719,2.775624990463257,73.6,432.0,0.0,286.0,0.0,0.0,0.0,0.0,0.0,0.0,421.58831787109375,2.931874990463257,72.8,474.0,0.0,365.0,379.9347229003906,3.244374990463257,72.1,488.0,3.0,286.0,304.43194580078125,3.384999990463257,73.6,355.0,12.0,262.0,0.0,0.0,0.0,0.0,0.0,0.0,119.25794982910156,1.5412499904632568,76.9,102.0,0.0,365.0,0.0,0.0,0.0,0.0,0.0,0.0,0.0,0.0,0.0,0.0,0.0,0.0,0.0,0.0,0.0,0.0,0.0,0.0
mckenzie2003,3.0,3.0,1.5,67.75,230.8000030517578,298.54998779296875,7,6,422.0,2.93,0.0,0.0,0.0,0.0,0.0,0.0,0.0,0.0,0.0,0.0,0.0,0.0,0.0,0.0,0.0,0.0,0.0,0.0,408.6322937011719,2.775624990463257,74.3,432.0,0.0,286.0,0.0,0.0,0.0,0.0,0.0,0.0,421.58831787109375,2.931874990463257,73.3,474.0,0.0,365.0,379.9347229003906,3.244374990463257,72.7,488.0,0.0,286.0,304.43194580078125,3.384999990463257,73.8,355.0,5.0,262.0,0.0,0.0,0.0,0.0,0.0,0.0,144.9096221923828,1.9474999904632568,77.0,134.0,0.0,365.0,0.0,0.0,0.0,0.0,0.0,0.0,0.0,0.0,0.0,0.0,0.0,0.0,0.0,0.0,0.0,0.0,0.0,0.0
mckenzie2003,2.7,3.0,0.01,2.369999885559082,0.0,2.369999885559082,4,7,135.0,0.84,0.0,0.0,0.0,0.0,0.0,0.0,0.0,0.0,0.0,0.0,0.0,0.0,0.0,0.0,0.0,0.0,0.0,0.0,94.68726348876953,0.41624999046325684,56.5,67.0,35.0,286.0,0.0,0.0,0.0,0.0,0.0,0.0,85.3827896118164,0.40062499046325684,58.3,53.0,31.0,365.0,134.5493621826172,0.8381249904632568,55.3,111.0,49.0,286.0,0.0,0.0,0.0,0.0,0.0,0.0,0.0,0.0,0.0,0.0,0.0,0.0,9.038589477539062,0.10374999046325684,56.9,5.0,3.0,365.0,0.0,0.0,0.0,0.0,0.0,0.0,0.0,0.0,0.0,0.0,0.0,0.0,0.0,0.0,0.0,0.0,0.0,0.0
mckenzie2003,2.7,3.0,0.02,4.739999771118164,0.0,4.739999771118164,4,7,218.0,1.57,0.0,0.0,0.0,0.0,0.0,0.0,0.0,0.0,0.0,0.0,0.0,0.0,0.0,0.0,0.0,0.0,0.0,0.0,157.68136596679688,0.7599999904632568,58.8,128.0,58.0,286.0,0.0,0.0,0.0,0.0,0.0,0.0,142.6390838623047,0.7287499904632568,61.6,103.0,52.0,365.0,217.6073455810547,1.5724999904632568,57.8,211.0,79.0,286.0,0.0,0.0,0.0,0.0,0.0,0.0,0.0,0.0,0.0,0.0,0.0,0.0,14.312947273254395,0.16624999046325684,67.1,9.0,5.0,365.0,0.0,0.0,0.0,0.0,0.0,0.0,0.0,0.0,0.0,0.0,0.0,0.0,0.0,0.0,0.0,0.0,0.0,0.0
mckenzie2003,2.7,3.0,0.03,7.110000133514404,0.0,7.110000133514404,4,7,276.0,2.14,0.0,0.0,0.0,0.0,0.0,0.0,0.0,0.0,0.0,0.0,0.0,0.0,0.0,0.0,0.0,0.0,0.0,0.0,213.46139526367188,1.1506249904632568,59.3,182.0,78.0,286.0,0.0,0.0,0.0,0.0,0.0,0.0,191.83082580566406,1.0412499904632568,63.3,147.0,70.0,365.0,275.73187255859375,2.134999990463257,58.4,299.0,101.0,286.0,0.0,0.0,0.0,0.0,0.0,0.0,0.0,0.0,0.0,0.0,0.0,0.0,19.350820541381836,0.24437499046325684,68.7,13.0,7.0,365.0,0.0,0.0,0.0,0.0,0.0,0.0,0.0,0.0,0.0,0.0,0.0,0.0,0.0,0.0,0.0,0.0,0.0,0.0
mckenzie2003,2.7,3.0,0.04,9.479999542236328,0.0,9.479999542236328,4,7,313.0,2.54,0.0,0.0,0.0,0.0,0.0,0.0,0.0,0.0,0.0,0.0,0.0,0.0,0.0,0.0,0.0,0.0,0.0,0.0,260.2651062011719,1.4631249904632568,59.5,230.0,95.0,286.0,0.0,0.0,0.0,0.0,0.0,0.0,232.95028686523438,1.3068749904632568,64.5,187.0,85.0,365.0,312.51025390625,2.541249990463257,58.2,376.0,114.0,286.0,213.10206604003906,2.353749990463257,59.7,215.0,78.0,148.0,0.0,0.0,0.0,0.0,0.0,0.0,24.15045928955078,0.30687499046325684,69.6,17.0,9.0,365.0,0.0,0.0,0.0,0.0,0.0,0.0,0.0,0.0,0.0,0.0,0.0,0.0,0.0,0.0,0.0,0.0,0.0,0.0
mckenzie2003,2.7,3.0,0.05,11.850000381469727,0.0,11.850000381469727,4,7,340.0,2.85,0.0,0.0,0.0,0.0,0.0,0.0,0.0,0.0,0.0,0.0,0.0,0.0,0.0,0.0,0.0,0.0,0.0,0.0,297.9737243652344,1.7912499904632568,59.7,274.0,109.0,286.0,0.0,0.0,0.0,0.0,0.0,0.0,266.8576354980469,1.5881249904632568,65.0,224.0,97.0,365.0,339.7250671386719,2.853749990463257,58.2,435.0,124.0,286.0,265.93902587890625,2.572499990463257,59.8,264.0,97.0,208.0,0.0,0.0,0.0,0.0,0.0,0.0,28.7365779876709,0.36937499046325684,70.3,20.0,10.0,365.0,0.0,0.0,0.0,0.0,0.0,0.0,0.0,0.0,0.0,0.0,0.0,0.0,0.0,0.0,0.0,0.0,0.0,0.0
mckenzie2003,2.7,3.0,0.06,14.170000076293945,0.0,14.170000076293945,4,7,369.0,3.14,0.0,0.0,0.0,0.0,0.0,0.0,0.0,0.0,0.0,0.0,0.0,0.0,0.0,0.0,0.0,0.0,0.0,0.0,327.6371154785156,1.9787499904632568,60.2,312.0,120.0,286.0,0.0,0.0,0.0,0.0,0.0,0.0,294.5280456542969,1.7912499904632568,65.7,258.0,108.0,365.0,368.611328125,3.134999990463257,58.8,466.0,135.0,286.0,285.30865478515625,2.759999990463257,60.3,295.0,104.0,222.0,0.0,0.0,0.0,0.0,0.0,0.0,33.1070671081543,0.41624999046325684,70.9,24.0,12.0,365.0,0.0,0.0,0.0,0.0,0.0,0.0,0.0,0.0,0.0,0.0,0.0,0.0,0.0,0.0,0.0,0.0,0.0,0.0
mckenzie2003,2.7,3.0,0.08,18.809999465942383,0.0,18.809999465942383,4,7,377.0,3.26,0.0,0.0,0.0,0.0,0.0,0.0,0.0,0.0,0.0,0.0,0.0,0.0,0.0,0.0,0.0,0.0,0.0,0.0,368.5599365234375,2.353749990463257,62.3,377.0,135.0,286.0,0.0,0.0,0.0,0.0,0.0,0.0,335.6788635253906,2.103749990463257,66.5,316.0,120.0,365.0,377.480224609375,3.259999990463257,61.1,481.0,136.0,286.0,308.07928466796875,3.431874990463257,62.7,345.0,112.0,226.0,0.0,0.0,0.0,0.0,0.0,0.0,41.22071075439453,0.5256249904632568,72.0,30.0,15.0,365.0,0.0,0.0,0.0,0.0,0.0,0.0,0.0,0.0,0.0,0.0,0.0,0.0,0.0,0.0,0.0,0.0,0.0,0.0
mckenzie2003,2.7,3.0,0.1,23.450000762939453,0.0,23.450000762939453,4,7,380.0,3.24,0.0,0.0,0.0,0.0,0.0,0.0,0.0,0.0,0.0,0.0,0.0,0.0,0.0,0.0,0.0,0.0,0.0,0.0,401.2027893066406,2.666249990463257,63.6,418.0,146.0,286.0,0.0,0.0,0.0,0.0,0.0,0.0,363.1197509765625,2.338124990463257,67.3,363.0,71.0,365.0,379.9347229003906,3.244374990463257,62.8,484.0,85.0,286.0,307.3056335449219,3.431874990463257,64.5,353.0,110.0,233.0,0.0,0.0,0.0,0.0,0.0,0.0,48.66412353515625,0.6037499904632568,72.7,36.0,18.0,365.0,0.0,0.0,0.0,0.0,0.0,0.0,0.0,0.0,0.0,0.0,0.0,0.0,0.0,0.0,0.0,0.0,0.0,0.0
mckenzie2003,2.7,3.0,0.12,28.09000015258789,0.0,28.09000015258789,7,6,382.0,2.46,0.0,0.0,0.0,0.0,0.0,0.0,0.0,0.0,0.0,0.0,0.0,0.0,0.0,0.0,0.0,0.0,0.0,0.0,406.8044738769531,2.728749990463257,64.9,428.0,148.0,286.0,0.0,0.0,0.0,0.0,0.0,0.0,381.88165283203125,2.463124990463257,67.9,401.0,65.0,365.0,379.9347229003906,3.244374990463257,64.3,486.0,65.0,286.0,306.7530212402344,3.431874990463257,65.9,355.0,67.0,238.0,0.0,0.0,0.0,0.0,0.0,0.0,55.43000030517578,0.7131249904632568,73.3,41.0,20.0,365.0,0.0,0.0,0.0,0.0,0.0,0.0,0.0,0.0,0.0,0.0,0.0,0.0,0.0,0.0,0.0,0.0,0.0,0.0
mckenzie2003,2.7,3.0,0.15,35.04999923706055,0.0,35.04999923706055,7,6,400.0,2.64,0.0,0.0,0.0,0.0,0.0,0.0,0.0,0.0,0.0,0.0,0.0,0.0,0.0,0.0,0.0,0.0,0.0,0.0,408.6322937011719,2.775624990463257,66.8,432.0,100.0,286.0,0.0,0.0,0.0,0.0,0.0,0.0,399.9388122558594,2.634999990463257,68.8,438.0,57.0,365.0,379.9347229003906,3.244374990463257,66.0,488.0,55.0,286.0,306.7530212402344,3.431874990463257,67.6,358.0,49.0,238.0,0.0,0.0,0.0,0.0,0.0,0.0,64.570068359375,0.8224999904632568,74.2,49.0,24.0,365.0,0.0,0.0,0.0,0.0,0.0,0.0,0.0,0.0,0.0,0.0,0.0,0.0,0.0,0.0,0.0,0.0,0.0,0.0
mckenzie2003,2.7,3.0,0.2,45.95000076293945,0.0,45.95000076293945,7,6,416.0,2.84,0.0,0.0,0.0,0.0,0.0,0.0,0.0,0.0,0.0,0.0,0.0,0.0,0.0,0.0,0.0,0.0,0.0,0.0,408.6322937011719,2.775624990463257,68.8,432.0,61.0,286.0,0.0,0.0,0.0,0.0,0.0,0.0,415.6854248046875,2.838124990463257,69.9,464.0,55.0,365.0,379.9347229003906,3.244374990463257,68.1,488.0,52.0,286.0,306.56256103515625,3.416249990463257,69.5,359.0,44.0,239.0,0.0,0.0,0.0,0.0,0.0,0.0,77.40157318115234,0.9787499904632568,75.3,60.0,15.0,365.0,0.0,0.0,0.0,0.0,0.0,0.0,0.0,0.0,0.0,0.0,0.0,0.0,0.0,0.0,0.0,0.0,0.0,0.0
mckenzie2003,2.7,3.0,0.3,67.75,0.0,67.75,7,6,420.0,2.9,0.0,0.0,0.0,0.0,0.0,0.0,0.0,0.0,0.0,0.0,0.0,0.0,0.0,0.0,0.0,0.0,0.0,0.0,408.6322937011719,2.775624990463257,71.6,432.0,55.0,286.0,0.0,0.0,0.0,0.0,0.0,0.0,420.48614501953125,2.900624990463257,71.7,474.0,43.0,365.0,379.9347229003906,3.244374990463257,70.8,488.0,42.0,286.0,304.43194580078125,3.384999990463257,72.5,355.0,39.0,262.0,0.0,0.0,0.0,0.0,0.0,0.0,96.47943115234375,1.2599999904632568,76.8,78.0,14.0,365.0,0.0,0.0,0.0,0.0,0.0,0.0,0.0,0.0,0.0,0.0,0.0,0.0,0.0,0.0,0.0,0.0,0.0,0.0
mckenzie2003,2.7,3.0,0.5,67.75,41.400001525878906,109.1500015258789,7,6,422.0,2.93,0.0,0.0,0.0,0.0,0.0,0.0,0.0,0.0,0.0,0.0,0.0,0.0,0.0,0.0,0.0,0.0,0.0,0.0,408.6322937011719,2.775624990463257,73.6,432.0,0.0,286.0,0.0,0.0,0.0,0.0,0.0,0.0,421.58831787109375,2.931874990463257,72.8,474.0,0.0,365.0,379.9347229003906,3.244374990463257,72.1,488.0,3.0,286.0,304.43194580078125,3.384999990463257,73.6,355.0,12.0,262.0,0.0,0.0,0.0,0.0,0.0,0.0,119.25794982910156,1.5412499904632568,76.9,102.0,0.0,365.0,0.0,0.0,0.0,0.0,0.0,0.0,0.0,0.0,0.0,0.0,0.0,0.0,0.0,0.0,0.0,0.0,0.0,0.0
mckenzie2003,2.7,3.0,1.5,67.75,230.8000030517578,298.54998779296875,7,6,422.0,2.93,0.0,0.0,0.0,0.0,0.0,0.0,0.0,0.0,0.0,0.0,0.0,0.0,0.0,0.0,0.0,0.0,0.0,0.0,408.6322937011719,2.775624990463257,74.3,432.0,0.0,286.0,0.0,0.0,0.0,0.0,0.0,0.0,421.58831787109375,2.931874990463257,73.3,474.0,0.0,365.0,379.9347229003906,3.244374990463257,72.7,488.0,0.0,286.0,304.43194580078125,3.384999990463257,73.8,355.0,5.0,262.0,0.0,0.0,0.0,0.0,0.0,0.0,144.9096221923828,1.9474999904632568,77.0,134.0,0.0,365.0,0.0,0.0,0.0,0.0,0.0,0.0,0.0,0.0,0.0,0.0,0.0,0.0,0.0,0.0,0.0,0.0,0.0,0.0
mckenzie2003,2.5,2.0,0.01,2.369999885559082,0.0,2.369999885559082,4,7,138.0,0.85,0.0,0.0,0.0,0.0,0.0,0.0,0.0,0.0,0.0,0.0,0.0,0.0,0.0,0.0,0.0,0.0,0.0,0.0,98.4181137084961,0.41624999046325684,57.1,67.0,36.0,286.0,0.0,0.0,0.0,0.0,0.0,0.0,86.73934936523438,0.38499999046325684,58.2,53.0,32.0,365.0,137.96255493164062,0.8537499904632568,56.3,113.0,50.0,286.0,0.0,0.0,0.0,0.0,0.0,0.0,0.0,0.0,0.0,0.0,0.0,0.0,9.385022163391113,0.10374999046325684,63.4,5.0,3.0,365.0,0.0,0.0,0.0,0.0,0.0,0.0,0.0,0.0,0.0,0.0,0.0,0.0,0.0,0.0,0.0,0.0,0.0,0.0
mckenzie2003,2.5,2.0,0.02,4.739999771118164,0.0,4.739999771118164,4,7,224.0,1.57,0.0,0.0,0.0,0.0,0.0,0.0,0.0,0.0,0.0,0.0,0.0,0.0,0.0,0.0,0.0,0.0,0.0,0.0,164.0914764404297,0.7756249904632568,59.5,129.0,60.0,286.0,0.0,0.0,0.0,0.0,0.0,0.0,145.1700897216797,0.7287499904632568,62.6,104.0,53.0,365.0,223.95925903320312,1.5724999904632568,58.7,214.0,82.0,286.0,0.0,0.0,0.0,0.0,0.0,0.0,0.0,0.0,0.0,0.0,0.0,0.0,14.887772560119629,0.16624999046325684,67.8,9.0,5.0,365.0,0.0,0.0,0.0,0.0,0.0,0.0,0.0,0.0,0.0,0.0,0.0,0.0,0.0,0.0,0.0,0.0,0.0,0.0
mckenzie2003,2.5,2.0,0.03,7.110000133514404,0.0,7.110000133514404,4,7,285.0,2.14,0.0,0.0,0.0,0.0,0.0,0.0,0.0,0.0,0.0,0.0,0.0,0.0,0.0,0.0,0.0,0.0,0.0,0.0,222.511962890625,1.1193749904632568,59.9,184.0,81.0,286.0,0.0,0.0,0.0,0.0,0.0,0.0,195.53729248046875,1.0256249904632568,64.3,149.0,71.0,365.0,284.7204284667969,2.134999990463257,59.1,303.0,104.0,286.0,0.0,0.0,0.0,0.0,0.0,0.0,0.0,0.0,0.0,0.0,0.0,0.0,20.14340591430664,0.24437499046325684,69.2,13.0,7.0,365.0,0.0,0.0,0.0,0.0,0.0,0.0,0.0,0.0,0.0,0.0,0.0,0.0,0.0,0.0,0.0,0.0,0.0,0.0
mckenzie2003,2.5,2.0,0.04,9.479999542236328,0.0,9.479999542236328,4,7,323.0,2.57,0.0,0.0,0.0,0.0,0.0,0.0,0.0,0.0,0.0,0.0,0.0,0.0,0.0,0.0,0.0,0.0,0.0,0.0,271.82452392578125,1.4787499904632568,60.2,233.0,99.0,286.0,0.0,0.0,0.0,0.0,0.0,0.0,238.03211975097656,1.3224999904632568,65.2,190.0,87.0,365.0,323.3150329589844,2.572499990463257,58.8,380.0,118.0,286.0,225.4554901123047,2.306874990463257,60.3,219.0,82.0,158.0,0.0,0.0,0.0,0.0,0.0,0.0,25.16207504272461,0.30687499046325684,70.3,17.0,9.0,365.0,0.0,0.0,0.0,0.0,0.0,0.0,0.0,0.0,0.0,0.0,0.0,0.0,0.0,0.0,0.0,0.0,0.0,0.0
mckenzie2003,2.5,2.0,0.05,11.850000381469727,0.0,11.850000381469727,4,7,351.0,2.85,0.0,0.0,0.0,0.0,0.0,0.0,0.0,0.0,0.0,0.0,0.0,0.0,0.0,0.0,0.0,0.0,0.0,0.0,311.575927734375,1.7912499904632568,60.3,278.0,114.0,286.0,0.0,0.0,0.0,0.0,0.0,0.0,273.131103515625,1.5881249904632568,65.8,227.0,100.0,365.0,351.415771484375,2.853749990463257,58.8,440.0,128.0,286.0,277.1534118652344,2.541249990463257,60.5,269.0,101.0,223.0,0.0,0.0,0.0,0.0,0.0,0.0,29.949010848999023,0.35374999046325684,70.9,21.0,11.0,365.0,0.0,0.0,0.0,0.0,0.0,0.0,0.0,0.0,0.0,0.0,0.0,0.0,0.0,0.0,0.0,0.0,0.0,0.0
mckenzie2003,2.5,2.0,0.06,14.170000076293945,0.0,14.170000076293945,4,7,383.0,3.17,0.0,0.0,0.0,0.0,0.0,0.0,0.0,0.0,0.0,0.0,0.0,0.0,0.0,0.0,0.0,0.0,0.0,0.0,342.9111022949219,2.056874990463257,60.9,317.0,125.0,286.0,0.0,0.0,0.0,0.0,0.0,0.0,302.0039367675781,1.7912499904632568,66.4,260.0,110.0,365.0,382.81640625,3.166249990463257,59.4,473.0,140.0,286.0,298.8948974609375,2.759999990463257,61.3,300.0,109.0,224.0,0.0,0.0,0.0,0.0,0.0,0.0,34.54366683959961,0.41624999046325684,71.5,24.0,13.0,365.0,0.0,0.0,0.0,0.0,0.0,0.0,0.0,0.0,0.0,0.0,0.0,0.0,0.0,0.0,0.0,0.0,0.0,0.0
mckenzie2003,2.5,2.0,0.08,18.809999465942383,0.0,18.809999465942383,4,7,393.0,3.28,0.0,0.0,0.0,0.0,0.0,0.0,0.0,0.0,0.0,0.0,0.0,0.0,0.0,0.0,0.0,0.0,0.0,0.0,386.12860107421875,2.353749990463257,62.7,383.0,141.0,286.0,0.0,0.0,0.0,0.0,0.0,0.0,344.93389892578125,2.134999990463257,67.2,319.0,124.0,365.0,393.3308410644531,3.275624990463257,61.5,490.0,141.0,286.0,324.96490478515625,3.353749990463257,63.5,350.0,119.0,228.0,0.0,0.0,0.0,0.0,0.0,0.0,43.036956787109375,0.5256249904632568,72.4,31.0,16.0,365.0,0.0,0.0,0.0,0.0,0.0,0.0,0.0,0.0,0.0,0.0,0.0,0.0,0.0,0.0,0.0,0.0,0.0,0.0
mckenzie2003,2.5,2.0,0.1,23.450000762939453,0.0,23.450000762939453,4,7,396.0,3.32,0.0,0.0,0.0,0.0,0.0,0.0,0.0,0.0,0.0,0.0,0.0,0.0,0.0,0.0,0.0,0.0,0.0,0.0,418.8018493652344,2.666249990463257,64.3,427.0,153.0,286.0,0.0,0.0,0.0,0.0,0.0,0.0,373.6950988769531,2.322499990463257,68.0,366.0,70.0,365.0,395.7245788574219,3.322499990463257,63.5,493.0,88.0,286.0,324.9008483886719,3.509999990463257,65.4,363.0,117.0,235.0,0.0,0.0,0.0,0.0,0.0,0.0,50.820343017578125,0.6349999904632568,73.2,37.0,19.0,365.0,0.0,0.0,0.0,0.0,0.0,0.0,0.0,0.0,0.0,0.0,0.0,0.0,0.0,0.0,0.0,0.0,0.0,0.0
mckenzie2003,2.5,2.0,0.12,28.09000015258789,0.0,28.09000015258789,4,7,396.0,3.32,0.0,0.0,0.0,0.0,0.0,0.0,0.0,0.0,0.0,0.0,0.0,0.0,0.0,0.0,0.0,0.0,0.0,0.0,428.41473388671875,2.791249990463257,65.4,439.0,156.0,286.0,0.0,0.0,0.0,0.0,0.0,0.0,393.2420349121094,2.509999990463257,68.8,404.0,65.0,365.0,395.7245788574219,3.322499990463257,64.8,495.0,64.0,286.0,324.4508056640625,3.509999990463257,66.7,365.0,70.0,239.0,0.0,0.0,0.0,0.0,0.0,0.0,57.978336334228516,0.7287499904632568,73.8,42.0,21.0,365.0,0.0,0.0,0.0,0.0,0.0,0.0,0.0,0.0,0.0,0.0,0.0,0.0,0.0,0.0,0.0,0.0,0.0,0.0
mckenzie2003,2.5,2.0,0.15,35.04999923706055,0.0,35.04999923706055,7,6,412.0,2.65,0.0,0.0,0.0,0.0,0.0,0.0,0.0,0.0,0.0,0.0,0.0,0.0,0.0,0.0,0.0,0.0,0.0,0.0,430.5679931640625,2.791249990463257,67.2,443.0,105.0,286.0,0.0,0.0,0.0,0.0,0.0,0.0,412.44329833984375,2.650624990463257,69.5,443.0,58.0,365.0,395.7245788574219,3.322499990463257,66.5,497.0,57.0,286.0,324.4508056640625,3.509999990463257,68.1,368.0,48.0,239.0,0.0,0.0,0.0,0.0,0.0,0.0,67.56084442138672,0.8068749904632568,74.9,50.0,25.0,365.0,0.0,0.0,0.0,0.0,0.0,0.0,0.0,0.0,0.0,0.0,0.0,0.0,0.0,0.0,0.0,0.0,0.0,0.0
mckenzie2003,2.5,2.0,0.2,45.95000076293945,0.0,45.95000076293945,7,6,430.0,2.85,0.0,0.0,0.0,0.0,0.0,0.0,0.0,0.0,0.0,0.0,0.0,0.0,0.0,0.0,0.0,0.0,0.0,0.0,430.5679931640625,2.791249990463257,69.3,443.0,63.0,286.0,0.0,0.0,0.0,0.0,0.0,0.0,429.9586486816406,2.853749990463257,70.5,471.0,57.0,365.0,395.7245788574219,3.322499990463257,68.7,498.0,53.0,286.0,324.4508056640625,3.509999990463257,70.1,370.0,46.0,239.0,0.0,0.0,0.0,0.0,0.0,0.0,81.14763641357422,1.0256249904632568,75.8,62.0,15.0,365.0,0.0,0.0,0.0,0.0,0.0,0.0,0.0,0.0,0.0,0.0,0.0,0.0,0.0,0.0,0.0,0.0,0.0,0.0
mckenzie2003,2.5,2.0,0.3,67.75,0.0,67.75,7,6,436.0,2.95,0.0,0.0,0.0,0.0,0.0,0.0,0.0,0.0,0.0,0.0,0.0,0.0,0.0,0.0,0.0,0.0,0.0,0.0,430.5679931640625,2.791249990463257,71.9,443.0,58.0,286.0,0.0,0.0,0.0,0.0,0.0,0.0,435.5014953613281,2.947499990463257,72.2,483.0,44.0,365.0,395.7245788574219,3.322499990463257,71.3,498.0,44.0,286.0,322.4305419921875,3.478749990463257,73.1,367.0,41.0,261.0,0.0,0.0,0.0,0.0,0.0,0.0,101.35478210449219,1.2599999904632568,77.5,80.0,14.0,365.0,0.0,0.0,0.0,0.0,0.0,0.0,0.0,0.0,0.0,0.0,0.0,0.0,0.0,0.0,0.0,0.0,0.0,0.0
mckenzie2003,2.5,2.0,0.5,67.75,41.400001525878906,109.1500015258789,7,6,437.0,2.96,0.0,0.0,0.0,0.0,0.0,0.0,0.0,0.0,0.0,0.0,0.0,0.0,0.0,0.0,0.0,0.0,0.0,0.0,430.5679931640625,2.791249990463257,74.1,443.0,1.0,286.0,0.0,0.0,0.0,0.0,0.0,0.0,436.7249450683594,2.963124990463257,73.4,483.0,0.0,365.0,395.7245788574219,3.322499990463257,72.8,498.0,3.0,286.0,322.4305419921875,3.478749990463257,74.3,367.0,12.0,261.0,0.0,0.0,0.0,0.0,0.0,0.0,125.47509765625,1.6037499904632568,77.6,105.0,0.0,365.0,0.0,0.0,0.0,0.0,0.0,0.0,0.0,0.0,0.0,0.0,0.0,0.0,0.0,0.0,0.0,0.0,0.0,0.0
mckenzie2003,2.5,2.0,1.5,67.75,230.8000030517578,298.54998779296875,7,6,437.0,2.96,0.0,0.0,0.0,0.0,0.0,0.0,0.0,0.0,0.0,0.0,0.0,0.0,0.0,0.0,0.0,0.0,0.0,0.0,430.5679931640625,2.791249990463257,75.2,443.0,0.0,286.0,0.0,0.0,0.0,0.0,0.0,0.0,436.7249450683594,2.963124990463257,73.9,483.0,0.0,365.0,395.7245788574219,3.322499990463257,73.3,498.0,0.0,286.0,322.4305419921875,3.478749990463257,74.6,367.0,5.0,261.0,0.0,0.0,0.0,0.0,0.0,0.0,152.95468139648438,1.9787499904632568,77.7,138.0,0.0,365.0,0.0,0.0,0.0,0.0,0.0,0.0,0.0,0.0,0.0,0.0,0.0,0.0,0.0,0.0,0.0,0.0,0.0,0.0
mckenzie2003,2.3,2.0,0.01,2.369999885559082,0.0,2.369999885559082,4,7,138.0,0.85,0.0,0.0,0.0,0.0,0.0,0.0,0.0,0.0,0.0,0.0,0.0,0.0,0.0,0.0,0.0,0.0,0.0,0.0,98.4181137084961,0.41624999046325684,57.1,67.0,36.0,286.0,0.0,0.0,0.0,0.0,0.0,0.0,86.73934936523438,0.38499999046325684,58.2,53.0,32.0,365.0,137.96255493164062,0.8537499904632568,56.3,113.0,50.0,286.0,0.0,0.0,0.0,0.0,0.0,0.0,0.0,0.0,0.0,0.0,0.0,0.0,9.385022163391113,0.10374999046325684,63.4,5.0,3.0,365.0,0.0,0.0,0.0,0.0,0.0,0.0,0.0,0.0,0.0,0.0,0.0,0.0,0.0,0.0,0.0,0.0,0.0,0.0
mckenzie2003,2.3,2.0,0.02,4.739999771118164,0.0,4.739999771118164,4,7,224.0,1.57,0.0,0.0,0.0,0.0,0.0,0.0,0.0,0.0,0.0,0.0,0.0,0.0,0.0,0.0,0.0,0.0,0.0,0.0,164.0914764404297,0.7756249904632568,59.5,129.0,60.0,286.0,0.0,0.0,0.0,0.0,0.0,0.0,145.1700897216797,0.7287499904632568,62.6,104.0,53.0,365.0,223.95925903320312,1.5724999904632568,58.7,214.0,82.0,286.0,0.0,0.0,0.0,0.0,0.0,0.0,0.0,0.0,0.0,0.0,0.0,0.0,14.887772560119629,0.16624999046325684,67.8,9.0,5.0,365.0,0.0,0.0,0.0,0.0,0.0,0.0,0.0,0.0,0.0,0.0,0.0,0.0,0.0,0.0,0.0,0.0,0.0,0.0
mckenzie2003,2.3,2.0,0.03,7.110000133514404,0.0,7.110000133514404,4,7,285.0,2.14,0.0,0.0,0.0,0.0,0.0,0.0,0.0,0.0,0.0,0.0,0.0,0.0,0.0,0.0,0.0,0.0,0.0,0.0,222.511962890625,1.1193749904632568,59.9,184.0,81.0,286.0,0.0,0.0,0.0,0.0,0.0,0.0,195.53729248046875,1.0256249904632568,64.3,149.0,71.0,365.0,284.7204284667969,2.134999990463257,59.1,303.0,104.0,286.0,0.0,0.0,0.0,0.0,0.0,0.0,0.0,0.0,0.0,0.0,0.0,0.0,20.14340591430664,0.24437499046325684,69.2,13.0,7.0,365.0,0.0,0.0,0.0,0.0,0.0,0.0,0.0,0.0,0.0,0.0,0.0,0.0,0.0,0.0,0.0,0.0,0.0,0.0
mckenzie2003,2.3,2.0,0.04,9.479999542236328,0.0,9.479999542236328,4,7,323.0,2.57,0.0,0.0,0.0,0.0,0.0,0.0,0.0,0.0,0.0,0.0,0.0,0.0,0.0,0.0,0.0,0.0,0.0,0.0,271.82452392578125,1.4787499904632568,60.2,233.0,99.0,286.0,0.0,0.0,0.0,0.0,0.0,0.0,238.03211975097656,1.3224999904632568,65.2,190.0,87.0,365.0,323.3150329589844,2.572499990463257,58.8,380.0,118.0,286.0,225.4554901123047,2.306874990463257,60.3,219.0,82.0,158.0,0.0,0.0,0.0,0.0,0.0,0.0,25.16207504272461,0.30687499046325684,70.3,17.0,9.0,365.0,0.0,0.0,0.0,0.0,0.0,0.0,0.0,0.0,0.0,0.0,0.0,0.0,0.0,0.0,0.0,0.0,0.0,0.0
mckenzie2003,2.3,2.0,0.05,11.850000381469727,0.0,11.850000381469727,4,7,351.0,2.85,0.0,0.0,0.0,0.0,0.0,0.0,0.0,0.0,0.0,0.0,0.0,0.0,0.0,0.0,0.0,0.0,0.0,0.0,311.575927734375,1.7912499904632568,60.3,278.0,114.0,286.0,0.0,0.0,0.0,0.0,0.0,0.0,273.131103515625,1.5881249904632568,65.8,227.0,100.0,365.0,351.415771484375,2.853749990463257,58.8,440.0,128.0,286.0,277.1534118652344,2.541249990463257,60.5,269.0,101.0,223.0,0.0,0.0,0.0,0.0,0.0,0.0,29.949010848999023,0.35374999046325684,70.9,21.0,11.0,365.0,0.0,0.0,0.0,0.0,0.0,0.0,0.0,0.0,0.0,0.0,0.0,0.0,0.0,0.0,0.0,0.0,0.0,0.0
mckenzie2003,2.3,2.0,0.06,14.170000076293945,0.0,14.170000076293945,4,7,383.0,3.17,0.0,0.0,0.0,0.0,0.0,0.0,0.0,0.0,0.0,0.0,0.0,0.0,0.0,0.0,0.0,0.0,0.0,0.0,342.9111022949219,2.056874990463257,60.9,317.0,125.0,286.0,0.0,0.0,0.0,0.0,0.0,0.0,302.0039367675781,1.7912499904632568,66.4,260.0,110.0,365.0,382.81640625,3.166249990463257,59.4,473.0,140.0,286.0,298.8948974609375,2.759999990463257,61.3,300.0,109.0,224.0,0.0,0.0,0.0,0.0,0.0,0.0,34.54366683959961,0.41624999046325684,71.5,24.0,13.0,365.0,0.0,0.0,0.0,0.0,0.0,0.0,0.0,0.0,0.0,0.0,0.0,0.0,0.0,0.0,0.0,0.0,0.0,0.0
mckenzie2003,2.3,2.0,0.08,18.809999465942383,0.0,18.809999465942383,4,7,393.0,3.28,0.0,0.0,0.0,0.0,0.0,0.0,0.0,0.0,0.0,0.0,0.0,0.0,0.0,0.0,0.0,0.0,0.0,0.0,386.12860107421875,2.353749990463257,62.7,383.0,141.0,286.0,0.0,0.0,0.0,0.0,0.0,0.0,344.93389892578125,2.134999990463257,67.2,319.0,124.0,365.0,393.3308410644531,3.275624990463257,61.5,490.0,141.0,286.0,324.96490478515625,3.353749990463257,63.5,350.0,119.0,228.0,0.0,0.0,0.0,0.0,0.0,0.0,43.036956787109375,0.5256249904632568,72.4,31.0,16.0,365.0,0.0,0.0,0.0,0.0,0.0,0.0,0.0,0.0,0.0,0.0,0.0,0.0,0.0,0.0,0.0,0.0,0.0,0.0
mckenzie2003,2.3,2.0,0.1,23.450000762939453,0.0,23.450000762939453,4,7,396.0,3.32,0.0,0.0,0.0,0.0,0.0,0.0,0.0,0.0,0.0,0.0,0.0,0.0,0.0,0.0,0.0,0.0,0.0,0.0,418.8018493652344,2.666249990463257,64.3,427.0,153.0,286.0,0.0,0.0,0.0,0.0,0.0,0.0,373.6950988769531,2.322499990463257,68.0,366.0,70.0,365.0,395.7245788574219,3.322499990463257,63.5,493.0,88.0,286.0,324.9008483886719,3.509999990463257,65.4,363.0,117.0,235.0,0.0,0.0,0.0,0.0,0.0,0.0,50.820343017578125,0.6349999904632568,73.2,37.0,19.0,365.0,0.0,0.0,0.0,0.0,0.0,0.0,0.0,0.0,0.0,0.0,0.0,0.0,0.0,0.0,0.0,0.0,0.0,0.0
mckenzie2003,2.3,2.0,0.12,28.09000015258789,0.0,28.09000015258789,4,7,396.0,3.32,0.0,0.0,0.0,0.0,0.0,0.0,0.0,0.0,0.0,0.0,0.0,0.0,0.0,0.0,0.0,0.0,0.0,0.0,428.41473388671875,2.791249990463257,65.4,439.0,156.0,286.0,0.0,0.0,0.0,0.0,0.0,0.0,393.2420349121094,2.509999990463257,68.8,404.0,65.0,365.0,395.7245788574219,3.322499990463257,64.8,495.0,64.0,286.0,324.4508056640625,3.509999990463257,66.7,365.0,70.0,239.0,0.0,0.0,0.0,0.0,0.0,0.0,57.978336334228516,0.7287499904632568,73.8,42.0,21.0,365.0,0.0,0.0,0.0,0.0,0.0,0.0,0.0,0.0,0.0,0.0,0.0,0.0,0.0,0.0,0.0,0.0,0.0,0.0
mckenzie2003,2.3,2.0,0.15,35.04999923706055,0.0,35.04999923706055,7,6,412.0,2.65,0.0,0.0,0.0,0.0,0.0,0.0,0.0,0.0,0.0,0.0,0.0,0.0,0.0,0.0,0.0,0.0,0.0,0.0,430.5679931640625,2.791249990463257,67.2,443.0,105.0,286.0,0.0,0.0,0.0,0.0,0.0,0.0,412.44329833984375,2.650624990463257,69.5,443.0,58.0,365.0,395.7245788574219,3.322499990463257,66.5,497.0,57.0,286.0,324.4508056640625,3.509999990463257,68.1,368.0,48.0,239.0,0.0,0.0,0.0,0.0,0.0,0.0,67.56084442138672,0.8068749904632568,74.9,50.0,25.0,365.0,0.0,0.0,0.0,0.0,0.0,0.0,0.0,0.0,0.0,0.0,0.0,0.0,0.0,0.0,0.0,0.0,0.0,0.0
mckenzie2003,2.3,2.0,0.2,45.95000076293945,0.0,45.95000076293945,7,6,430.0,2.85,0.0,0.0,0.0,0.0,0.0,0.0,0.0,0.0,0.0,0.0,0.0,0.0,0.0,0.0,0.0,0.0,0.0,0.0,430.5679931640625,2.791249990463257,69.3,443.0,63.0,286.0,0.0,0.0,0.0,0.0,0.0,0.0,429.9586486816406,2.853749990463257,70.5,471.0,57.0,365.0,395.7245788574219,3.322499990463257,68.7,498.0,53.0,286.0,324.4508056640625,3.509999990463257,70.1,370.0,46.0,239.0,0.0,0.0,0.0,0.0,0.0,0.0,81.14763641357422,1.0256249904632568,75.8,62.0,15.0,365.0,0.0,0.0,0.0,0.0,0.0,0.0,0.0,0.0,0.0,0.0,0.0,0.0,0.0,0.0,0.0,0.0,0.0,0.0
mckenzie2003,2.3,2.0,0.3,67.75,0.0,67.75,7,6,436.0,2.95,0.0,0.0,0.0,0.0,0.0,0.0,0.0,0.0,0.0,0.0,0.0,0.0,0.0,0.0,0.0,0.0,0.0,0.0,430.5679931640625,2.791249990463257,71.9,443.0,58.0,286.0,0.0,0.0,0.0,0.0,0.0,0.0,435.5014953613281,2.947499990463257,72.2,483.0,44.0,365.0,395.7245788574219,3.322499990463257,71.3,498.0,44.0,286.0,322.4305419921875,3.478749990463257,73.1,367.0,41.0,261.0,0.0,0.0,0.0,0.0,0.0,0.0,101.35478210449219,1.2599999904632568,77.5,80.0,14.0,365.0,0.0,0.0,0.0,0.0,0.0,0.0,0.0,0.0,0.0,0.0,0.0,0.0,0.0,0.0,0.0,0.0,0.0,0.0
mckenzie2003,2.3,2.0,0.5,67.75,41.400001525878906,109.1500015258789,7,6,437.0,2.96,0.0,0.0,0.0,0.0,0.0,0.0,0.0,0.0,0.0,0.0,0.0,0.0,0.0,0.0,0.0,0.0,0.0,0.0,430.5679931640625,2.791249990463257,74.1,443.0,1.0,286.0,0.0,0.0,0.0,0.0,0.0,0.0,436.7249450683594,2.963124990463257,73.4,483.0,0.0,365.0,395.7245788574219,3.322499990463257,72.8,498.0,3.0,286.0,322.4305419921875,3.478749990463257,74.3,367.0,12.0,261.0,0.0,0.0,0.0,0.0,0.0,0.0,125.47509765625,1.6037499904632568,77.6,105.0,0.0,365.0,0.0,0.0,0.0,0.0,0.0,0.0,0.0,0.0,0.0,0.0,0.0,0.0,0.0,0.0,0.0,0.0,0.0,0.0
mckenzie2003,2.3,2.0,1.5,67.75,230.8000030517578,298.54998779296875,7,6,437.0,2.96,0.0,0.0,0.0,0.0,0.0,0.0,0.0,0.0,0.0,0.0,0.0,0.0,0.0,0.0,0.0,0.0,0.0,0.0,430.5679931640625,2.791249990463257,75.2,443.0,0.0,286.0,0.0,0.0,0.0,0.0,0.0,0.0,436.7249450683594,2.963124990463257,73.9,483.0,0.0,365.0,395.7245788574219,3.322499990463257,73.3,498.0,0.0,286.0,322.4305419921875,3.478749990463257,74.6,367.0,5.0,261.0,0.0,0.0,0.0,0.0,0.0,0.0,152.95468139648438,1.9787499904632568,77.7,138.0,0.0,365.0,0.0,0.0,0.0,0.0,0.0,0.0,0.0,0.0,0.0,0.0,0.0,0.0,0.0,0.0,0.0,0.0,0.0,0.0
mckenzie2003,2.2,2.0,0.01,2.369999885559082,0.0,2.369999885559082,4,7,138.0,0.85,0.0,0.0,0.0,0.0,0.0,0.0,0.0,0.0,0.0,0.0,0.0,0.0,0.0,0.0,0.0,0.0,0.0,0.0,98.4181137084961,0.41624999046325684,57.1,67.0,36.0,286.0,0.0,0.0,0.0,0.0,0.0,0.0,86.73934936523438,0.38499999046325684,58.2,53.0,32.0,365.0,137.96255493164062,0.8537499904632568,56.3,113.0,50.0,286.0,0.0,0.0,0.0,0.0,0.0,0.0,0.0,0.0,0.0,0.0,0.0,0.0,9.385022163391113,0.10374999046325684,63.4,5.0,3.0,365.0,0.0,0.0,0.0,0.0,0.0,0.0,0.0,0.0,0.0,0.0,0.0,0.0,0.0,0.0,0.0,0.0,0.0,0.0
mckenzie2003,2.2,2.0,0.02,4.739999771118164,0.0,4.739999771118164,4,7,224.0,1.57,0.0,0.0,0.0,0.0,0.0,0.0,0.0,0.0,0.0,0.0,0.0,0.0,0.0,0.0,0.0,0.0,0.0,0.0,164.0914764404297,0.7756249904632568,59.5,129.0,60.0,286.0,0.0,0.0,0.0,0.0,0.0,0.0,145.1700897216797,0.7287499904632568,62.6,104.0,53.0,365.0,223.95925903320312,1.5724999904632568,58.7,214.0,82.0,286.0,0.0,0.0,0.0,0.0,0.0,0.0,0.0,0.0,0.0,0.0,0.0,0.0,14.887772560119629,0.16624999046325684,67.8,9.0,5.0,365.0,0.0,0.0,0.0,0.0,0.0,0.0,0.0,0.0,0.0,0.0,0.0,0.0,0.0,0.0,0.0,0.0,0.0,0.0
mckenzie2003,2.2,2.0,0.03,7.110000133514404,0.0,7.110000133514404,4,7,285.0,2.14,0.0,0.0,0.0,0.0,0.0,0.0,0.0,0.0,0.0,0.0,0.0,0.0,0.0,0.0,0.0,0.0,0.0,0.0,222.511962890625,1.1193749904632568,59.9,184.0,81.0,286.0,0.0,0.0,0.0,0.0,0.0,0.0,195.53729248046875,1.0256249904632568,64.3,149.0,71.0,365.0,284.7204284667969,2.134999990463257,59.1,303.0,104.0,286.0,0.0,0.0,0.0,0.0,0.0,0.0,0.0,0.0,0.0,0.0,0.0,0.0,20.14340591430664,0.24437499046325684,69.2,13.0,7.0,365.0,0.0,0.0,0.0,0.0,0.0,0.0,0.0,0.0,0.0,0.0,0.0,0.0,0.0,0.0,0.0,0.0,0.0,0.0
mckenzie2003,2.2,2.0,0.04,9.479999542236328,0.0,9.479999542236328,4,7,323.0,2.57,0.0,0.0,0.0,0.0,0.0,0.0,0.0,0.0,0.0,0.0,0.0,0.0,0.0,0.0,0.0,0.0,0.0,0.0,271.82452392578125,1.4787499904632568,60.2,233.0,99.0,286.0,0.0,0.0,0.0,0.0,0.0,0.0,238.03211975097656,1.3224999904632568,65.2,190.0,87.0,365.0,323.3150329589844,2.572499990463257,58.8,380.0,118.0,286.0,225.4554901123047,2.306874990463257,60.3,219.0,82.0,158.0,0.0,0.0,0.0,0.0,0.0,0.0,25.16207504272461,0.30687499046325684,70.3,17.0,9.0,365.0,0.0,0.0,0.0,0.0,0.0,0.0,0.0,0.0,0.0,0.0,0.0,0.0,0.0,0.0,0.0,0.0,0.0,0.0
mckenzie2003,2.2,2.0,0.05,11.850000381469727,0.0,11.850000381469727,4,7,351.0,2.85,0.0,0.0,0.0,0.0,0.0,0.0,0.0,0.0,0.0,0.0,0.0,0.0,0.0,0.0,0.0,0.0,0.0,0.0,311.575927734375,1.7912499904632568,60.3,278.0,114.0,286.0,0.0,0.0,0.0,0.0,0.0,0.0,273.131103515625,1.5881249904632568,65.8,227.0,100.0,365.0,351.415771484375,2.853749990463257,58.8,440.0,128.0,286.0,277.1534118652344,2.541249990463257,60.5,269.0,101.0,223.0,0.0,0.0,0.0,0.0,0.0,0.0,29.949010848999023,0.35374999046325684,70.9,21.0,11.0,365.0,0.0,0.0,0.0,0.0,0.0,0.0,0.0,0.0,0.0,0.0,0.0,0.0,0.0,0.0,0.0,0.0,0.0,0.0
mckenzie2003,2.2,2.0,0.06,14.170000076293945,0.0,14.170000076293945,4,7,383.0,3.17,0.0,0.0,0.0,0.0,0.0,0.0,0.0,0.0,0.0,0.0,0.0,0.0,0.0,0.0,0.0,0.0,0.0,0.0,342.9111022949219,2.056874990463257,60.9,317.0,125.0,286.0,0.0,0.0,0.0,0.0,0.0,0.0,302.0039367675781,1.7912499904632568,66.4,260.0,110.0,365.0,382.81640625,3.166249990463257,59.4,473.0,140.0,286.0,298.8948974609375,2.759999990463257,61.3,300.0,109.0,224.0,0.0,0.0,0.0,0.0,0.0,0.0,34.54366683959961,0.41624999046325684,71.5,24.0,13.0,365.0,0.0,0.0,0.0,0.0,0.0,0.0,0.0,0.0,0.0,0.0,0.0,0.0,0.0,0.0,0.0,0.0,0.0,0.0
mckenzie2003,2.2,2.0,0.08,18.809999465942383,0.0,18.809999465942383,4,7,393.0,3.28,0.0,0.0,0.0,0.0,0.0,0.0,0.0,0.0,0.0,0.0,0.0,0.0,0.0,0.0,0.0,0.0,0.0,0.0,386.12860107421875,2.353749990463257,62.7,383.0,141.0,286.0,0.0,0.0,0.0,0.0,0.0,0.0,344.93389892578125,2.134999990463257,67.2,319.0,124.0,365.0,393.3308410644531,3.275624990463257,61.5,490.0,141.0,286.0,324.96490478515625,3.353749990463257,63.5,350.0,119.0,228.0,0.0,0.0,0.0,0.0,0.0,0.0,43.036956787109375,0.5256249904632568,72.4,31.0,16.0,365.0,0.0,0.0,0.0,0.0,0.0,0.0,0.0,0.0,0.0,0.0,0.0,0.0,0.0,0.0,0.0,0.0,0.0,0.0
mckenzie2003,2.2,2.0,0.1,23.450000762939453,0.0,23.450000762939453,4,7,396.0,3.32,0.0,0.0,0.0,0.0,0.0,0.0,0.0,0.0,0.0,0.0,0.0,0.0,0.0,0.0,0.0,0.0,0.0,0.0,418.8018493652344,2.666249990463257,64.3,427.0,153.0,286.0,0.0,0.0,0.0,0.0,0.0,0.0,373.6950988769531,2.322499990463257,68.0,366.0,70.0,365.0,395.7245788574219,3.322499990463257,63.5,493.0,88.0,286.0,324.9008483886719,3.509999990463257,65.4,363.0,117.0,235.0,0.0,0.0,0.0,0.0,0.0,0.0,50.820343017578125,0.6349999904632568,73.2,37.0,19.0,365.0,0.0,0.0,0.0,0.0,0.0,0.0,0.0,0.0,0.0,0.0,0.0,0.0,0.0,0.0,0.0,0.0,0.0,0.0
mckenzie2003,2.2,2.0,0.12,28.09000015258789,0.0,28.09000015258789,4,7,396.0,3.32,0.0,0.0,0.0,0.0,0.0,0.0,0.0,0.0,0.0,0.0,0.0,0.0,0.0,0.0,0.0,0.0,0.0,0.0,428.41473388671875,2.791249990463257,65.4,439.0,156.0,286.0,0.0,0.0,0.0,0.0,0.0,0.0,393.2420349121094,2.509999990463257,68.8,404.0,65.0,365.0,395.7245788574219,3.322499990463257,64.8,495.0,64.0,286.0,324.4508056640625,3.509999990463257,66.7,365.0,70.0,239.0,0.0,0.0,0.0,0.0,0.0,0.0,57.978336334228516,0.7287499904632568,73.8,42.0,21.0,365.0,0.0,0.0,0.0,0.0,0.0,0.0,0.0,0.0,0.0,0.0,0.0,0.0,0.0,0.0,0.0,0.0,0.0,0.0
mckenzie2003,2.2,2.0,0.15,35.04999923706055,0.0,35.04999923706055,7,6,412.0,2.65,0.0,0.0,0.0,0.0,0.0,0.0,0.0,0.0,0.0,0.0,0.0,0.0,0.0,0.0,0.0,0.0,0.0,0.0,430.5679931640625,2.791249990463257,67.2,443.0,105.0,286.0,0.0,0.0,0.0,0.0,0.0,0.0,412.44329833984375,2.650624990463257,69.5,443.0,58.0,365.0,395.7245788574219,3.322499990463257,66.5,497.0,57.0,286.0,324.4508056640625,3.509999990463257,68.1,368.0,48.0,239.0,0.0,0.0,0.0,0.0,0.0,0.0,67.56084442138672,0.8068749904632568,74.9,50.0,25.0,365.0,0.0,0.0,0.0,0.0,0.0,0.0,0.0,0.0,0.0,0.0,0.0,0.0,0.0,0.0,0.0,0.0,0.0,0.0
mckenzie2003,2.2,2.0,0.2,45.95000076293945,0.0,45.95000076293945,7,6,430.0,2.85,0.0,0.0,0.0,0.0,0.0,0.0,0.0,0.0,0.0,0.0,0.0,0.0,0.0,0.0,0.0,0.0,0.0,0.0,430.5679931640625,2.791249990463257,69.3,443.0,63.0,286.0,0.0,0.0,0.0,0.0,0.0,0.0,429.9586486816406,2.853749990463257,70.5,471.0,57.0,365.0,395.7245788574219,3.322499990463257,68.7,498.0,53.0,286.0,324.4508056640625,3.509999990463257,70.1,370.0,46.0,239.0,0.0,0.0,0.0,0.0,0.0,0.0,81.14763641357422,1.0256249904632568,75.8,62.0,15.0,365.0,0.0,0.0,0.0,0.0,0.0,0.0,0.0,0.0,0.0,0.0,0.0,0.0,0.0,0.0,0.0,0.0,0.0,0.0
mckenzie2003,2.2,2.0,0.3,67.75,0.0,67.75,7,6,436.0,2.95,0.0,0.0,0.0,0.0,0.0,0.0,0.0,0.0,0.0,0.0,0.0,0.0,0.0,0.0,0.0,0.0,0.0,0.0,430.5679931640625,2.791249990463257,71.9,443.0,58.0,286.0,0.0,0.0,0.0,0.0,0.0,0.0,435.5014953613281,2.947499990463257,72.2,483.0,44.0,365.0,395.7245788574219,3.322499990463257,71.3,498.0,44.0,286.0,322.4305419921875,3.478749990463257,73.1,367.0,41.0,261.0,0.0,0.0,0.0,0.0,0.0,0.0,101.35478210449219,1.2599999904632568,77.5,80.0,14.0,365.0,0.0,0.0,0.0,0.0,0.0,0.0,0.0,0.0,0.0,0.0,0.0,0.0,0.0,0.0,0.0,0.0,0.0,0.0
mckenzie2003,2.2,2.0,0.5,67.75,41.400001525878906,109.1500015258789,7,6,437.0,2.96,0.0,0.0,0.0,0.0,0.0,0.0,0.0,0.0,0.0,0.0,0.0,0.0,0.0,0.0,0.0,0.0,0.0,0.0,430.5679931640625,2.791249990463257,74.1,443.0,1.0,286.0,0.0,0.0,0.0,0.0,0.0,0.0,436.7249450683594,2.963124990463257,73.4,483.0,0.0,365.0,395.7245788574219,3.322499990463257,72.8,498.0,3.0,286.0,322.4305419921875,3.478749990463257,74.3,367.0,12.0,261.0,0.0,0.0,0.0,0.0,0.0,0.0,125.47509765625,1.6037499904632568,77.6,105.0,0.0,365.0,0.0,0.0,0.0,0.0,0.0,0.0,0.0,0.0,0.0,0.0,0.0,0.0,0.0,0.0,0.0,0.0,0.0,0.0
mckenzie2003,2.2,2.0,1.5,67.75,230.8000030517578,298.54998779296875,7,6,437.0,2.96,0.0,0.0,0.0,0.0,0.0,0.0,0.0,0.0,0.0,0.0,0.0,0.0,0.0,0.0,0.0,0.0,0.0,0.0,430.5679931640625,2.791249990463257,75.2,443.0,0.0,286.0,0.0,0.0,0.0,0.0,0.0,0.0,436.7249450683594,2.963124990463257,73.9,483.0,0.0,365.0,395.7245788574219,3.322499990463257,73.3,498.0,0.0,286.0,322.4305419921875,3.478749990463257,74.6,367.0,5.0,261.0,0.0,0.0,0.0,0.0,0.0,0.0,152.95468139648438,1.9787499904632568,77.7,138.0,0.0,365.0,0.0,0.0,0.0,0.0,0.0,0.0,0.0,0.0,0.0,0.0,0.0,0.0,0.0,0.0,0.0,0.0,0.0,0.0
mckenzie2003,2.0,2.0,0.01,2.369999885559082,0.0,2.369999885559082,4,7,138.0,0.85,0.0,0.0,0.0,0.0,0.0,0.0,0.0,0.0,0.0,0.0,0.0,0.0,0.0,0.0,0.0,0.0,0.0,0.0,98.4181137084961,0.41624999046325684,57.1,67.0,36.0,286.0,0.0,0.0,0.0,0.0,0.0,0.0,86.73934936523438,0.38499999046325684,58.2,53.0,32.0,365.0,137.96255493164062,0.8537499904632568,56.3,113.0,50.0,286.0,0.0,0.0,0.0,0.0,0.0,0.0,0.0,0.0,0.0,0.0,0.0,0.0,9.385022163391113,0.10374999046325684,63.4,5.0,3.0,365.0,0.0,0.0,0.0,0.0,0.0,0.0,0.0,0.0,0.0,0.0,0.0,0.0,0.0,0.0,0.0,0.0,0.0,0.0
mckenzie2003,2.0,2.0,0.02,4.739999771118164,0.0,4.739999771118164,4,7,224.0,1.57,0.0,0.0,0.0,0.0,0.0,0.0,0.0,0.0,0.0,0.0,0.0,0.0,0.0,0.0,0.0,0.0,0.0,0.0,164.0914764404297,0.7756249904632568,59.5,129.0,60.0,286.0,0.0,0.0,0.0,0.0,0.0,0.0,145.1700897216797,0.7287499904632568,62.6,104.0,53.0,365.0,223.95925903320312,1.5724999904632568,58.7,214.0,82.0,286.0,0.0,0.0,0.0,0.0,0.0,0.0,0.0,0.0,0.0,0.0,0.0,0.0,14.887772560119629,0.16624999046325684,67.8,9.0,5.0,365.0,0.0,0.0,0.0,0.0,0.0,0.0,0.0,0.0,0.0,0.0,0.0,0.0,0.0,0.0,0.0,0.0,0.0,0.0
mckenzie2003,2.0,2.0,0.03,7.110000133514404,0.0,7.110000133514404,4,7,285.0,2.14,0.0,0.0,0.0,0.0,0.0,0.0,0.0,0.0,0.0,0.0,0.0,0.0,0.0,0.0,0.0,0.0,0.0,0.0,222.511962890625,1.1193749904632568,59.9,184.0,81.0,286.0,0.0,0.0,0.0,0.0,0.0,0.0,195.53729248046875,1.0256249904632568,64.3,149.0,71.0,365.0,284.7204284667969,2.134999990463257,59.1,303.0,104.0,286.0,0.0,0.0,0.0,0.0,0.0,0.0,0.0,0.0,0.0,0.0,0.0,0.0,20.14340591430664,0.24437499046325684,69.2,13.0,7.0,365.0,0.0,0.0,0.0,0.0,0.0,0.0,0.0,0.0,0.0,0.0,0.0,0.0,0.0,0.0,0.0,0.0,0.0,0.0
mckenzie2003,2.0,2.0,0.04,9.479999542236328,0.0,9.479999542236328,4,7,323.0,2.57,0.0,0.0,0.0,0.0,0.0,0.0,0.0,0.0,0.0,0.0,0.0,0.0,0.0,0.0,0.0,0.0,0.0,0.0,271.82452392578125,1.4787499904632568,60.2,233.0,99.0,286.0,0.0,0.0,0.0,0.0,0.0,0.0,238.03211975097656,1.3224999904632568,65.2,190.0,87.0,365.0,323.3150329589844,2.572499990463257,58.8,380.0,118.0,286.0,225.4554901123047,2.306874990463257,60.3,219.0,82.0,158.0,0.0,0.0,0.0,0.0,0.0,0.0,25.16207504272461,0.30687499046325684,70.3,17.0,9.0,365.0,0.0,0.0,0.0,0.0,0.0,0.0,0.0,0.0,0.0,0.0,0.0,0.0,0.0,0.0,0.0,0.0,0.0,0.0
mckenzie2003,2.0,2.0,0.05,11.850000381469727,0.0,11.850000381469727,4,7,351.0,2.85,0.0,0.0,0.0,0.0,0.0,0.0,0.0,0.0,0.0,0.0,0.0,0.0,0.0,0.0,0.0,0.0,0.0,0.0,311.575927734375,1.7912499904632568,60.3,278.0,114.0,286.0,0.0,0.0,0.0,0.0,0.0,0.0,273.131103515625,1.5881249904632568,65.8,227.0,100.0,365.0,351.415771484375,2.853749990463257,58.8,440.0,128.0,286.0,277.1534118652344,2.541249990463257,60.5,269.0,101.0,223.0,0.0,0.0,0.0,0.0,0.0,0.0,29.949010848999023,0.35374999046325684,70.9,21.0,11.0,365.0,0.0,0.0,0.0,0.0,0.0,0.0,0.0,0.0,0.0,0.0,0.0,0.0,0.0,0.0,0.0,0.0,0.0,0.0
mckenzie2003,2.0,2.0,0.06,14.170000076293945,0.0,14.170000076293945,4,7,383.0,3.17,0.0,0.0,0.0,0.0,0.0,0.0,0.0,0.0,0.0,0.0,0.0,0.0,0.0,0.0,0.0,0.0,0.0,0.0,342.9111022949219,2.056874990463257,60.9,317.0,125.0,286.0,0.0,0.0,0.0,0.0,0.0,0.0,302.0039367675781,1.7912499904632568,66.4,260.0,110.0,365.0,382.81640625,3.166249990463257,59.4,473.0,140.0,286.0,298.8948974609375,2.759999990463257,61.3,300.0,109.0,224.0,0.0,0.0,0.0,0.0,0.0,0.0,34.54366683959961,0.41624999046325684,71.5,24.0,13.0,365.0,0.0,0.0,0.0,0.0,0.0,0.0,0.0,0.0,0.0,0.0,0.0,0.0,0.0,0.0,0.0,0.0,0.0,0.0
mckenzie2003,2.0,2.0,0.08,18.809999465942383,0.0,18.809999465942383,4,7,393.0,3.28,0.0,0.0,0.0,0.0,0.0,0.0,0.0,0.0,0.0,0.0,0.0,0.0,0.0,0.0,0.0,0.0,0.0,0.0,386.12860107421875,2.353749990463257,62.7,383.0,141.0,286.0,0.0,0.0,0.0,0.0,0.0,0.0,344.93389892578125,2.134999990463257,67.2,319.0,124.0,365.0,393.3308410644531,3.275624990463257,61.5,490.0,141.0,286.0,324.96490478515625,3.353749990463257,63.5,350.0,119.0,228.0,0.0,0.0,0.0,0.0,0.0,0.0,43.036956787109375,0.5256249904632568,72.4,31.0,16.0,365.0,0.0,0.0,0.0,0.0,0.0,0.0,0.0,0.0,0.0,0.0,0.0,0.0,0.0,0.0,0.0,0.0,0.0,0.0
mckenzie2003,2.0,2.0,0.1,23.450000762939453,0.0,23.450000762939453,4,7,396.0,3.32,0.0,0.0,0.0,0.0,0.0,0.0,0.0,0.0,0.0,0.0,0.0,0.0,0.0,0.0,0.0,0.0,0.0,0.0,418.8018493652344,2.666249990463257,64.3,427.0,153.0,286.0,0.0,0.0,0.0,0.0,0.0,0.0,373.6950988769531,2.322499990463257,68.0,366.0,70.0,365.0,395.7245788574219,3.322499990463257,63.5,493.0,88.0,286.0,324.9008483886719,3.509999990463257,65.4,363.0,117.0,235.0,0.0,0.0,0.0,0.0,0.0,0.0,50.820343017578125,0.6349999904632568,73.2,37.0,19.0,365.0,0.0,0.0,0.0,0.0,0.0,0.0,0.0,0.0,0.0,0.0,0.0,0.0,0.0,0.0,0.0,0.0,0.0,0.0
mckenzie2003,2.0,2.0,0.12,28.09000015258789,0.0,28.09000015258789,4,7,396.0,3.32,0.0,0.0,0.0,0.0,0.0,0.0,0.0,0.0,0.0,0.0,0.0,0.0,0.0,0.0,0.0,0.0,0.0,0.0,428.41473388671875,2.791249990463257,65.4,439.0,156.0,286.0,0.0,0.0,0.0,0.0,0.0,0.0,393.2420349121094,2.509999990463257,68.8,404.0,65.0,365.0,395.7245788574219,3.322499990463257,64.8,495.0,64.0,286.0,324.4508056640625,3.509999990463257,66.7,365.0,70.0,239.0,0.0,0.0,0.0,0.0,0.0,0.0,57.978336334228516,0.7287499904632568,73.8,42.0,21.0,365.0,0.0,0.0,0.0,0.0,0.0,0.0,0.0,0.0,0.0,0.0,0.0,0.0,0.0,0.0,0.0,0.0,0.0,0.0
mckenzie2003,2.0,2.0,0.15,35.04999923706055,0.0,35.04999923706055,7,6,412.0,2.65,0.0,0.0,0.0,0.0,0.0,0.0,0.0,0.0,0.0,0.0,0.0,0.0,0.0,0.0,0.0,0.0,0.0,0.0,430.5679931640625,2.791249990463257,67.2,443.0,105.0,286.0,0.0,0.0,0.0,0.0,0.0,0.0,412.44329833984375,2.650624990463257,69.5,443.0,58.0,365.0,395.7245788574219,3.322499990463257,66.5,497.0,57.0,286.0,324.4508056640625,3.509999990463257,68.1,368.0,48.0,239.0,0.0,0.0,0.0,0.0,0.0,0.0,67.56084442138672,0.8068749904632568,74.9,50.0,25.0,365.0,0.0,0.0,0.0,0.0,0.0,0.0,0.0,0.0,0.0,0.0,0.0,0.0,0.0,0.0,0.0,0.0,0.0,0.0
mckenzie2003,2.0,2.0,0.2,45.95000076293945,0.0,45.95000076293945,7,6,430.0,2.85,0.0,0.0,0.0,0.0,0.0,0.0,0.0,0.0,0.0,0.0,0.0,0.0,0.0,0.0,0.0,0.0,0.0,0.0,430.5679931640625,2.791249990463257,69.3,443.0,63.0,286.0,0.0,0.0,0.0,0.0,0.0,0.0,429.9586486816406,2.853749990463257,70.5,471.0,57.0,365.0,395.7245788574219,3.322499990463257,68.7,498.0,53.0,286.0,324.4508056640625,3.509999990463257,70.1,370.0,46.0,239.0,0.0,0.0,0.0,0.0,0.0,0.0,81.14763641357422,1.0256249904632568,75.8,62.0,15.0,365.0,0.0,0.0,0.0,0.0,0.0,0.0,0.0,0.0,0.0,0.0,0.0,0.0,0.0,0.0,0.0,0.0,0.0,0.0
mckenzie2003,2.0,2.0,0.3,67.75,0.0,67.75,7,6,436.0,2.95,0.0,0.0,0.0,0.0,0.0,0.0,0.0,0.0,0.0,0.0,0.0,0.0,0.0,0.0,0.0,0.0,0.0,0.0,430.5679931640625,2.791249990463257,71.9,443.0,58.0,286.0,0.0,0.0,0.0,0.0,0.0,0.0,435.5014953613281,2.947499990463257,72.2,483.0,44.0,365.0,395.7245788574219,3.322499990463257,71.3,498.0,44.0,286.0,322.4305419921875,3.478749990463257,73.1,367.0,41.0,261.0,0.0,0.0,0.0,0.0,0.0,0.0,101.35478210449219,1.2599999904632568,77.5,80.0,14.0,365.0,0.0,0.0,0.0,0.0,0.0,0.0,0.0,0.0,0.0,0.0,0.0,0.0,0.0,0.0,0.0,0.0,0.0,0.0
mckenzie2003,2.0,2.0,0.5,67.75,41.400001525878906,109.1500015258789,7,6,437.0,2.96,0.0,0.0,0.0,0.0,0.0,0.0,0.0,0.0,0.0,0.0,0.0,0.0,0.0,0.0,0.0,0.0,0.0,0.0,430.5679931640625,2.791249990463257,74.1,443.0,1.0,286.0,0.0,0.0,0.0,0.0,0.0,0.0,436.7249450683594,2.963124990463257,73.4,483.0,0.0,365.0,395.7245788574219,3.322499990463257,72.8,498.0,3.0,286.0,322.4305419921875,3.478749990463257,74.3,367.0,12.0,261.0,0.0,0.0,0.0,0.0,0.0,0.0,125.47509765625,1.6037499904632568,77.6,105.0,0.0,365.0,0.0,0.0,0.0,0.0,0.0,0.0,0.0,0.0,0.0,0.0,0.0,0.0,0.0,0.0,0.0,0.0,0.0,0.0
mckenzie2003,2.0,2.0,1.5,67.75,230.8000030517578,298.54998779296875,7,6,437.0,2.96,0.0,0.0,0.0,0.0,0.0,0.0,0.0,0.0,0.0,0.0,0.0,0.0,0.0,0.0,0.0,0.0,0.0,0.0,430.5679931640625,2.791249990463257,75.2,443.0,0.0,286.0,0.0,0.0,0.0,0.0,0.0,0.0,436.7249450683594,2.963124990463257,73.9,483.0,0.0,365.0,395.7245788574219,3.322499990463257,73.3,498.0,0.0,286.0,322.4305419921875,3.478749990463257,74.6,367.0,5.0,261.0,0.0,0.0,0.0,0.0,0.0,0.0,152.95468139648438,1.9787499904632568,77.7,138.0,0.0,365.0,0.0,0.0,0.0,0.0,0.0,0.0,0.0,0.0,0.0,0.0,0.0,0.0,0.0,0.0,0.0,0.0,0.0,0.0
mckenzie2003,1.0,1.0,0.01,2.369999885559082,0.0,2.369999885559082,4,7,136.0,0.81,0.0,0.0,0.0,0.0,0.0,0.0,0.0,0.0,0.0,0.0,0.0,0.0,0.0,0.0,0.0,0.0,0.0,0.0,97.95046997070312,0.40062499046325684,56.3,66.0,36.0,286.0,0.0,0.0,0.0,0.0,0.0,0.0,86.55268859863281,0.36937499046325684,57.8,52.0,32.0,365.0,136.15966796875,0.8068749904632568,54.8,111.0,50.0,286.0,0.0,0.0,0.0,0.0,0.0,0.0,0.0,0.0,0.0,0.0,0.0,0.0,9.485807418823242,0.10374999046325684,58.2,5.0,3.0,365.0,0.0,0.0,0.0,0.0,0.0,0.0,0.0,0.0,0.0,0.0,0.0,0.0,0.0,0.0,0.0,0.0,0.0,0.0
mckenzie2003,1.0,1.0,0.02,4.739999771118164,0.0,4.739999771118164,4,7,225.0,1.51,0.0,0.0,0.0,0.0,0.0,0.0,0.0,0.0,0.0,0.0,0.0,0.0,0.0,0.0,0.0,0.0,0.0,0.0,164.96754455566406,0.7287499904632568,59.0,127.0,60.0,286.0,0.0,0.0,0.0,0.0,0.0,0.0,146.6762237548828,0.6974999904632568,62.0,104.0,54.0,365.0,224.98822021484375,1.5099999904632568,57.7,212.0,82.0,286.0,0.0,0.0,0.0,0.0,0.0,0.0,0.0,0.0,0.0,0.0,0.0,0.0,15.149617195129395,0.16624999046325684,67.3,9.0,6.0,365.0,0.0,0.0,0.0,0.0,0.0,0.0,0.0,0.0,0.0,0.0,0.0,0.0,0.0,0.0,0.0,0.0,0.0,0.0
mckenzie2003,1.0,1.0,0.03,7.110000133514404,0.0,7.110000133514404,4,7,289.0,2.12,0.0,0.0,0.0,0.0,0.0,0.0,0.0,0.0,0.0,0.0,0.0,0.0,0.0,0.0,0.0,0.0,0.0,0.0,225.3084259033203,1.1193749904632568,59.6,182.0,82.0,286.0,0.0,0.0,0.0,0.0,0.0,0.0,199.10899353027344,1.0412499904632568,63.8,150.0,73.0,365.0,288.7525634765625,2.119374990463257,58.3,301.0,105.0,286.0,0.0,0.0,0.0,0.0,0.0,0.0,0.0,0.0,0.0,0.0,0.0,0.0,20.55528450012207,0.24437499046325684,69.0,13.0,8.0,365.0,0.0,0.0,0.0,0.0,0.0,0.0,0.0,0.0,0.0,0.0,0.0,0.0,0.0,0.0,0.0,0.0,0.0,0.0
mckenzie2003,1.0,1.0,0.04,9.479999542236328,0.0,9.479999542236328,4,7,329.0,2.54,0.0,0.0,0.0,0.0,0.0,0.0,0.0,0.0,0.0,0.0,0.0,0.0,0.0,0.0,0.0,0.0,0.0,0.0,275.3666687011719,1.4787499904632568,59.5,231.0,101.0,286.0,0.0,0.0,0.0,0.0,0.0,0.0,242.29702758789062,1.2912499904632568,64.5,190.0,88.0,365.0,328.6615295410156,2.541249990463257,57.9,376.0,120.0,286.0,185.40769958496094,2.228749990463257,60.2,202.0,68.0,129.0,0.0,0.0,0.0,0.0,0.0,0.0,25.691316604614258,0.30687499046325684,69.9,17.0,9.0,365.0,0.0,0.0,0.0,0.0,0.0,0.0,0.0,0.0,0.0,0.0,0.0,0.0,0.0,0.0,0.0,0.0,0.0,0.0
mckenzie2003,1.0,1.0,0.05,11.850000381469727,0.0,11.850000381469727,4,7,357.0,2.82,0.0,0.0,0.0,0.0,0.0,0.0,0.0,0.0,0.0,0.0,0.0,0.0,0.0,0.0,0.0,0.0,0.0,0.0,316.1912536621094,1.7599999904632568,59.4,274.0,115.0,286.0,0.0,0.0,0.0,0.0,0.0,0.0,278.1725769042969,1.5724999904632568,64.9,227.0,102.0,365.0,357.1661376953125,2.822499990463257,57.7,438.0,130.0,286.0,286.9328308105469,2.603749990463257,59.4,270.0,105.0,208.0,0.0,0.0,0.0,0.0,0.0,0.0,30.585792541503906,0.35374999046325684,70.5,21.0,11.0,365.0,0.0,0.0,0.0,0.0,0.0,0.0,0.0,0.0,0.0,0.0,0.0,0.0,0.0,0.0,0.0,0.0,0.0,0.0
mckenzie2003,1.0,1.0,0.06,14.170000076293945,0.0,14.170000076293945,4,7,390.0,3.2,0.0,0.0,0.0,0.0,0.0,0.0,0.0,0.0,0.0,0.0,0.0,0.0,0.0,0.0,0.0,0.0,0.0,0.0,348.5158996582031,2.041249990463257,59.6,313.0,127.0,286.0,0.0,0.0,0.0,0.0,0.0,0.0,307.8115539550781,1.7599999904632568,65.3,260.0,112.0,365.0,390.3247985839844,3.197499990463257,57.7,469.0,142.0,286.0,308.462890625,2.822499990463257,59.8,302.0,113.0,226.0,0.0,0.0,0.0,0.0,0.0,0.0,35.22796630859375,0.41624999046325684,71.0,24.0,13.0,365.0,0.0,0.0,0.0,0.0,0.0,0.0,0.0,0.0,0.0,0.0,0.0,0.0,0.0,0.0,0.0,0.0,0.0,0.0
mckenzie2003,1.0,1.0,0.08,18.809999465942383,0.0,18.809999465942383,4,7,402.0,3.31,0.0,0.0,0.0,0.0,0.0,0.0,0.0,0.0,0.0,0.0,0.0,0.0,0.0,0.0,0.0,0.0,0.0,0.0,393.46282958984375,2.353749990463257,60.9,380.0,144.0,286.0,0.0,0.0,0.0,0.0,0.0,0.0,352.09698486328125,2.134999990463257,66.0,318.0,127.0,365.0,401.62811279296875,3.306874990463257,59.1,489.0,145.0,286.0,335.90966796875,3.322499990463257,61.6,351.0,123.0,230.0,0.0,0.0,0.0,0.0,0.0,0.0,43.94960021972656,0.5099999904632568,72.0,31.0,16.0,365.0,0.0,0.0,0.0,0.0,0.0,0.0,0.0,0.0,0.0,0.0,0.0,0.0,0.0,0.0,0.0,0.0,0.0,0.0
mckenzie2003,1.0,1.0,0.1,23.450000762939453,0.0,23.450000762939453,4,7,406.0,3.35,0.0,0.0,0.0,0.0,0.0,0.0,0.0,0.0,0.0,0.0,0.0,0.0,0.0,0.0,0.0,0.0,0.0,0.0,431.3168029785156,2.728749990463257,62.3,424.0,157.0,286.0,0.0,0.0,0.0,0.0,0.0,0.0,382.04913330078125,2.322499990463257,66.6,364.0,86.0,365.0,405.5538635253906,3.353749990463257,60.5,499.0,98.0,286.0,339.4845275878906,3.525624990463257,63.2,368.0,122.0,236.0,0.0,0.0,0.0,0.0,0.0,0.0,51.9510498046875,0.6193749904632568,72.7,37.0,19.0,365.0,0.0,0.0,0.0,0.0,0.0,0.0,0.0,0.0,0.0,0.0,0.0,0.0,0.0,0.0,0.0,0.0,0.0,0.0
mckenzie2003,1.0,1.0,0.12,28.09000015258789,0.0,28.09000015258789,4,7,409.0,3.37,0.0,0.0,0.0,0.0,0.0,0.0,0.0,0.0,0.0,0.0,0.0,0.0,0.0,0.0,0.0,0.0,0.0,0.0,437.45361328125,2.791249990463257,63.3,436.0,159.0,286.0,0.0,0.0,0.0,0.0,0.0,0.0,402.6287841796875,2.525624990463257,66.9,402.0,70.0,365.0,409.2990417480469,3.369374990463257,61.8,503.0,79.0,286.0,338.9970703125,3.572499990463257,64.6,374.0,80.0,242.0,0.0,0.0,0.0,0.0,0.0,0.0,59.25747299194336,0.6974999904632568,73.3,42.0,22.0,365.0,0.0,0.0,0.0,0.0,0.0,0.0,0.0,0.0,0.0,0.0,0.0,0.0,0.0,0.0,0.0,0.0,0.0,0.0
mckenzie2003,1.0,1.0,0.15,35.04999923706055,0.0,35.04999923706055,7,6,423.0,2.67,0.0,0.0,0.0,0.0,0.0,0.0,0.0,0.0,0.0,0.0,0.0,0.0,0.0,0.0,0.0,0.0,0.0,0.0,441.5326232910156,2.775624990463257,64.8,446.0,116.0,286.0,0.0,0.0,0.0,0.0,0.0,0.0,423.3197326660156,2.666249990463257,67.5,442.0,60.0,365.0,409.2990417480469,3.369374990463257,63.7,505.0,67.0,286.0,338.9970703125,3.572499990463257,66.1,377.0,58.0,242.0,0.0,0.0,0.0,0.0,0.0,0.0,69.09123992919922,0.8381249904632568,74.0,50.0,25.0,365.0,0.0,0.0,0.0,0.0,0.0,0.0,0.0,0.0,0.0,0.0,0.0,0.0,0.0,0.0,0.0,0.0,0.0,0.0
mckenzie2003,1.0,1.0,0.2,45.95000076293945,0.0,45.95000076293945,7,6,441.0,2.89,0.0,0.0,0.0,0.0,0.0,0.0,0.0,0.0,0.0,0.0,0.0,0.0,0.0,0.0,0.0,0.0,0.0,0.0,444.5859069824219,2.838124990463257,66.7,450.0,82.0,286.0,0.0,0.0,0.0,0.0,0.0,0.0,441.43072509765625,2.884999990463257,68.4,469.0,58.0,365.0,409.2990417480469,3.369374990463257,65.7,506.0,55.0,286.0,338.77667236328125,3.572499990463257,68.1,379.0,48.0,243.0,0.0,0.0,0.0,0.0,0.0,0.0,83.08336639404297,0.9943749904632568,75.0,62.0,19.0,365.0,0.0,0.0,0.0,0.0,0.0,0.0,0.0,0.0,0.0,0.0,0.0,0.0,0.0,0.0,0.0,0.0,0.0,0.0
mckenzie2003,1.0,1.0,0.3,67.75,0.0,67.75,7,6,448.0,2.93,0.0,0.0,0.0,0.0,0.0,0.0,0.0,0.0,0.0,0.0,0.0,0.0,0.0,0.0,0.0,0.0,0.0,0.0,444.5859069824219,2.838124990463257,69.4,450.0,59.0,286.0,0.0,0.0,0.0,0.0,0.0,0.0,447.96417236328125,2.931874990463257,69.7,484.0,46.0,365.0,409.2990417480469,3.369374990463257,68.3,506.0,46.0,286.0,336.8494873046875,3.541249990463257,71.1,375.0,42.0,265.0,0.0,0.0,0.0,0.0,0.0,0.0,103.98723602294922,1.2443749904632568,76.6,81.0,15.0,365.0,0.0,0.0,0.0,0.0,0.0,0.0,0.0,0.0,0.0,0.0,0.0,0.0,0.0,0.0,0.0,0.0,0.0,0.0
mckenzie2003,1.0,1.0,0.5,67.75,41.400001525878906,109.1500015258789,7,6,454.0,2.98,0.0,0.0,0.0,0.0,0.0,0.0,0.0,0.0,0.0,0.0,0.0,0.0,0.0,0.0,0.0,0.0,0.0,0.0,444.5859069824219,2.838124990463257,72.3,450.0,1.0,286.0,0.0,0.0,0.0,0.0,0.0,0.0,454.3393249511719,2.978749990463257,71.3,493.0,0.0,365.0,409.2990417480469,3.369374990463257,70.7,506.0,4.0,286.0,336.8494873046875,3.541249990463257,72.2,375.0,14.0,265.0,0.0,0.0,0.0,0.0,0.0,0.0,129.40614318847656,1.6037499904632568,76.6,106.0,0.0,365.0,0.0,0.0,0.0,0.0,0.0,0.0,0.0,0.0,0.0,0.0,0.0,0.0,0.0,0.0,0.0,0.0,0.0,0.0
mckenzie2003,1.0,1.0,1.5,67.75,230.8000030517578,298.54998779296875,7,6,454.0,2.98,0.0,0.0,0.0,0.0,0.0,0.0,0.0,0.0,0.0,0.0,0.0,0.0,0.0,0.0,0.0,0.0,0.0,0.0,444.5859069824219,2.838124990463257,73.5,450.0,0.0,286.0,0.0,0.0,0.0,0.0,0.0,0.0,454.3393249511719,2.978749990463257,71.8,493.0,0.0,365.0,409.2990417480469,3.369374990463257,71.3,506.0,0.0,286.0,336.8494873046875,3.541249990463257,72.9,375.0,6.0,265.0,0.0,0.0,0.0,0.0,0.0,0.0,158.31553649902344,2.009999990463257,76.6,140.0,0.0,365.0,0.0,0.0,0.0,0.0,0.0,0.0,0.0,0.0,0.0,0.0,0.0,0.0,0.0,0.0,0.0,0.0,0.0,0.0
mckenzie2003,0.0,0.0,0.01,2.369999885559082,0.0,2.369999885559082,4,7,155.0,0.85,0.0,0.0,0.0,0.0,0.0,0.0,0.0,0.0,0.0,0.0,0.0,0.0,0.0,0.0,0.0,0.0,0.0,0.0,111.21834564208984,0.40062499046325684,56.2,66.0,41.0,286.0,0.0,0.0,0.0,0.0,0.0,0.0,97.18739318847656,0.38499999046325684,56.5,52.0,35.0,365.0,155.04676818847656,0.8537499904632568,55.3,112.0,57.0,286.0,0.0,0.0,0.0,0.0,0.0,0.0,0.0,0.0,0.0,0.0,0.0,0.0,10.991326332092285,0.10374999046325684,57.0,5.0,4.0,365.0,0.0,0.0,0.0,0.0,0.0,0.0,0.0,0.0,0.0,0.0,0.0,0.0,0.0,0.0,0.0,0.0,0.0,0.0
mckenzie2003,0.0,0.0,0.02,4.739999771118164,0.0,4.739999771118164,4,7,258.0,1.65,0.0,0.0,0.0,0.0,0.0,0.0,0.0,0.0,0.0,0.0,0.0,0.0,0.0,0.0,0.0,0.0,0.0,0.0,189.3594207763672,0.7756249904632568,59.1,129.0,69.0,286.0,0.0,0.0,0.0,0.0,0.0,0.0,166.4402313232422,0.7443749904632568,61.9,104.0,61.0,365.0,257.89837646484375,1.6506249904632568,58.1,214.0,94.0,286.0,0.0,0.0,0.0,0.0,0.0,0.0,0.0,0.0,0.0,0.0,0.0,0.0,17.915250778198242,0.19749999046325684,67.3,9.0,7.0,365.0,0.0,0.0,0.0,0.0,0.0,0.0,0.0,0.0,0.0,0.0,0.0,0.0,0.0,0.0,0.0,0.0,0.0,0.0
mckenzie2003,0.0,0.0,0.03,7.110000133514404,0.0,7.110000133514404,4,7,330.0,2.34,0.0,0.0,0.0,0.0,0.0,0.0,0.0,0.0,0.0,0.0,0.0,0.0,0.0,0.0,0.0,0.0,0.0,0.0,259.8747253417969,1.1974999904632568,59.9,184.0,95.0,286.0,0.0,0.0,0.0,0.0,0.0,0.0,226.64718627929688,1.0881249904632568,63.4,150.0,83.0,365.0,329.6075134277344,2.338124990463257,58.6,304.0,120.0,286.0,0.0,0.0,0.0,0.0,0.0,0.0,0.0,0.0,0.0,0.0,0.0,0.0,24.52369499206543,0.25999999046325684,68.9,13.0,9.0,365.0,0.0,0.0,0.0,0.0,0.0,0.0,0.0,0.0,0.0,0.0,0.0,0.0,0.0,0.0,0.0,0.0,0.0,0.0
mckenzie2003,0.0,0.0,0.04,9.479999542236328,0.0,9.479999542236328,4,7,373.0,2.73,0.0,0.0,0.0,0.0,0.0,0.0,0.0,0.0,0.0,0.0,0.0,0.0,0.0,0.0,0.0,0.0,0.0,0.0,318.232666015625,1.5724999904632568,59.8,234.0,116.0,286.0,0.0,0.0,0.0,0.0,0.0,0.0,276.1329650878906,1.4162499904632568,64.0,191.0,101.0,365.0,372.8233642578125,2.728749990463257,58.3,380.0,136.0,286.0,230.47409057617188,2.447499990463257,60.2,210.0,84.0,134.0,0.0,0.0,0.0,0.0,0.0,0.0,30.785751342773438,0.32249999046325684,69.8,17.0,11.0,365.0,0.0,0.0,0.0,0.0,0.0,0.0,0.0,0.0,0.0,0.0,0.0,0.0,0.0,0.0,0.0,0.0,0.0,0.0
mckenzie2003,0.0,0.0,0.05,11.850000381469727,0.0,11.850000381469727,4,7,403.0,3.06,0.0,0.0,0.0,0.0,0.0,0.0,0.0,0.0,0.0,0.0,0.0,0.0,0.0,0.0,0.0,0.0,0.0,0.0,364.87213134765625,1.8849999904632568,59.8,278.0,133.0,286.0,0.0,0.0,0.0,0.0,0.0,0.0,316.90478515625,1.6818749904632568,64.7,228.0,116.0,365.0,402.9762268066406,3.056874990463257,57.9,441.0,147.0,286.0,331.927490234375,2.775624990463257,59.8,273.0,121.0,197.0,0.0,0.0,0.0,0.0,0.0,0.0,36.75163650512695,0.40062499046325684,70.3,21.0,13.0,365.0,0.0,0.0,0.0,0.0,0.0,0.0,0.0,0.0,0.0,0.0,0.0,0.0,0.0,0.0,0.0,0.0,0.0,0.0
mckenzie2003,0.0,0.0,0.06,14.170000076293945,0.0,14.170000076293945,4,7,433.0,3.35,0.0,0.0,0.0,0.0,0.0,0.0,0.0,0.0,0.0,0.0,0.0,0.0,0.0,0.0,0.0,0.0,0.0,0.0,400.8753356933594,2.181874990463257,60.0,318.0,146.0,286.0,0.0,0.0,0.0,0.0,0.0,0.0,349.8677978515625,1.9474999904632568,65.0,262.0,128.0,365.0,432.9808349609375,3.353749990463257,58.1,474.0,158.0,286.0,354.1533508300781,3.041249990463257,60.0,305.0,129.0,225.0,0.0,0.0,0.0,0.0,0.0,0.0,42.44268798828125,0.46312499046325684,71.0,25.0,15.0,365.0,0.0,0.0,0.0,0.0,0.0,0.0,0.0,0.0,0.0,0.0,0.0,0.0,0.0,0.0,0.0,0.0,0.0,0.0
mckenzie2003,0.0,0.0,0.08,18.809999465942383,0.0,18.809999465942383,4,7,445.0,3.45,0.0,0.0,0.0,0.0,0.0,0.0,0.0,0.0,0.0,0.0,0.0,0.0,0.0,0.0,0.0,0.0,0.0,0.0,448.62713623046875,2.509999990463257,61.3,386.0,164.0,286.0,0.0,0.0,0.0,0.0,0.0,0.0,398.1650695800781,2.275624990463257,65.8,320.0,143.0,365.0,445.2191467285156,3.447499990463257,59.4,494.0,160.0,286.0,383.659423828125,3.650624990463257,61.8,356.0,140.0,229.0,0.0,0.0,0.0,0.0,0.0,0.0,53.05189514160156,0.5881249904632568,71.7,31.0,19.0,365.0,0.0,0.0,0.0,0.0,0.0,0.0,0.0,0.0,0.0,0.0,0.0,0.0,0.0,0.0,0.0,0.0,0.0,0.0
mckenzie2003,0.0,0.0,0.1,23.450000762939453,0.0,23.450000762939453,4,7,449.0,3.45,0.0,0.0,0.0,0.0,0.0,0.0,0.0,0.0,0.0,0.0,0.0,0.0,0.0,0.0,0.0,0.0,0.0,0.0,484.2180480957031,2.853749990463257,62.6,429.0,177.0,286.0,0.0,0.0,0.0,0.0,0.0,0.0,429.7481689453125,2.525624990463257,66.5,367.0,96.0,365.0,448.8368835449219,3.447499990463257,61.0,505.0,106.0,286.0,386.1403503417969,4.025625228881836,63.3,377.0,139.0,236.0,0.0,0.0,0.0,0.0,0.0,0.0,62.7678108215332,0.6974999904632568,72.6,38.0,23.0,365.0,0.0,0.0,0.0,0.0,0.0,0.0,0.0,0.0,0.0,0.0,0.0,0.0,0.0,0.0,0.0,0.0,0.0,0.0
mckenzie2003,0.0,0.0,0.12,28.09000015258789,0.0,28.09000015258789,4,7,452.0,3.51,0.0,0.0,0.0,0.0,0.0,0.0,0.0,0.0,0.0,0.0,0.0,0.0,0.0,0.0,0.0,0.0,0.0,0.0,491.8943176269531,2.931874990463257,63.6,443.0,179.0,286.0,0.0,0.0,0.0,0.0,0.0,0.0,450.61553955078125,2.666249990463257,66.8,404.0,80.0,365.0,451.9903564453125,3.509999990463257,62.2,507.0,86.0,286.0,386.23760986328125,4.025625228881836,64.7,382.0,89.0,241.0,0.0,0.0,0.0,0.0,0.0,0.0,71.66239166259766,0.7912499904632568,73.3,44.0,26.0,365.0,0.0,0.0,0.0,0.0,0.0,0.0,0.0,0.0,0.0,0.0,0.0,0.0,0.0,0.0,0.0,0.0,0.0,0.0
mckenzie2003,0.0,0.0,0.15,35.04999923706055,0.0,35.04999923706055,7,6,470.0,2.82,0.0,0.0,0.0,0.0,0.0,0.0,0.0,0.0,0.0,0.0,0.0,0.0,0.0,0.0,0.0,0.0,0.0,0.0,495.7310485839844,2.947499990463257,64.9,454.0,127.0,286.0,0.0,0.0,0.0,0.0,0.0,0.0,470.3968811035156,2.822499990463257,67.6,442.0,66.0,365.0,451.9903564453125,3.509999990463257,63.8,510.0,65.0,286.0,386.23760986328125,4.025625228881836,65.9,385.0,65.0,241.0,0.0,0.0,0.0,0.0,0.0,0.0,83.5853271484375,0.9006249904632568,74.0,52.0,31.0,365.0,0.0,0.0,0.0,0.0,0.0,0.0,0.0,0.0,0.0,0.0,0.0,0.0,0.0,0.0,0.0,0.0,0.0,0.0
mckenzie2003,0.0,0.0,0.2,45.95000076293945,0.0,45.95000076293945,7,6,488.0,3.04,0.0,0.0,0.0,0.0,0.0,0.0,0.0,0.0,0.0,0.0,0.0,0.0,0.0,0.0,0.0,0.0,0.0,0.0,498.34619140625,2.947499990463257,67.1,457.0,89.0,286.0,0.0,0.0,0.0,0.0,0.0,0.0,487.5381774902344,3.041249990463257,68.5,472.0,64.0,365.0,451.9903564453125,3.509999990463257,65.9,512.0,61.0,286.0,386.23760986328125,4.025625228881836,67.8,388.0,55.0,241.0,0.0,0.0,0.0,0.0,0.0,0.0,100.4165267944336,1.1193749904632568,74.9,64.0,22.0,365.0,0.0,0.0,0.0,0.0,0.0,0.0,0.0,0.0,0.0,0.0,0.0,0.0,0.0,0.0,0.0,0.0,0.0,0.0
mckenzie2003,0.0,0.0,0.3,67.75,0.0,67.75,7,6,494.0,3.04,0.0,0.0,0.0,0.0,0.0,0.0,0.0,0.0,0.0,0.0,0.0,0.0,0.0,0.0,0.0,0.0,0.0,0.0,498.34619140625,2.947499990463257,69.6,457.0,66.0,286.0,0.0,0.0,0.0,0.0,0.0,0.0,493.9937438964844,3.041249990463257,70.0,486.0,51.0,365.0,451.9903564453125,3.509999990463257,68.6,512.0,50.0,286.0,384.1001281738281,4.025625228881836,70.8,387.0,48.0,258.0,0.0,0.0,0.0,0.0,0.0,0.0,125.47932434082031,1.4162499904632568,76.4,83.0,18.0,365.0,0.0,0.0,0.0,0.0,0.0,0.0,0.0,0.0,0.0,0.0,0.0,0.0,0.0,0.0,0.0,0.0,0.0,0.0
mckenzie2003,0.0,0.0,0.5,67.75,41.400001525878906,109.1500015258789,7,6,499.0,3.14,0.0,0.0,0.0,0.0,0.0,0.0,0.0,0.0,0.0,0.0,0.0,0.0,0.0,0.0,0.0,0.0,0.0,0.0,498.34619140625,2.947499990463257,72.5,457.0,4.0,286.0,0.0,0.0,0.0,0.0,0.0,0.0,499.1864013671875,3.134999990463257,71.4,495.0,1.0,365.0,451.9903564453125,3.509999990463257,70.7,512.0,6.0,286.0,383.60516357421875,4.025625228881836,72.4,386.0,18.0,264.0,0.0,0.0,0.0,0.0,0.0,0.0,155.5752410888672,1.7599999904632568,76.6,109.0,0.0,365.0,0.0,0.0,0.0,0.0,0.0,0.0,0.0,0.0,0.0,0.0,0.0,0.0,0.0,0.0,0.0,0.0,0.0,0.0
mckenzie2003,0.0,0.0,1.5,67.75,230.8000030517578,298.54998779296875,7,6,499.0,3.14,0.0,0.0,0.0,0.0,0.0,0.0,0.0,0.0,0.0,0.0,0.0,0.0,0.0,0.0,0.0,0.0,0.0,0.0,498.34619140625,2.947499990463257,73.6,457.0,0.0,286.0,0.0,0.0,0.0,0.0,0.0,0.0,499.1864013671875,3.134999990463257,72.1,495.0,0.0,365.0,451.9903564453125,3.509999990463257,71.3,512.0,0.0,286.0,383.60516357421875,4.025625228881836,72.9,386.0,9.0,264.0,0.0,0.0,0.0,0.0,0.0,0.0,189.2880096435547,2.244374990463257,76.6,144.0,0.0,365.0,0.0,0.0,0.0,0.0,0.0,0.0,0.0,0.0,0.0,0.0,0.0,0.0,0.0,0.0,0.0,0.0,0.0,0.0
