mode,source_csv,resolution_m,ka_bp,n_cells,area_m2,mean_elevation_m,sd_elevation_m,elevation_m_mean_sd,min_elevation_m,max_elevation_m,mean_soil_depth_m,sd_soil_depth_m,soil_depth_m_mean_sd,min_soil_depth_m,max_soil_depth_m,mean_slope,sd_slope,slope_mean_sd,min_slope,max_slope,mean_npp,sd_npp,npp_mean_sd,min_npp,max_npp,mean_eemt,sd_eemt,eemt_mean_sd,min_eemt,max_eemt,relief_m,dominant_vegetation_code,vegetation_class_richness,vegetation_min_code,vegetation_max_code,vegetation_class_counts,vegetation_nonvegetated_cell_count,vegetation_unclassified_cell_count,vegetation_unclassified_fraction,case,geomorph_dynamic,biome4_variant,pft_ibis_agb_mean_kg_m2,pft_ibis_agb_median_kg_m2,pft_ibis_agb_p05_kg_m2,pft_ibis_agb_p95_kg_m2,pft_ibis_agb_max_kg_m2,legacy_0010_agb_mean_kg_m2,legacy_0010_agb_median_kg_m2,legacy_0010_agb_p95_kg_m2,pft_ibis_to_legacy_ratio_mean,pft_ibis_to_legacy_ratio_median,pft_ibis_pft00_count,pft_ibis_pft00_agb_sum_kg_m2_cells,pft_ibis_pft04_count,pft_ibis_pft04_agb_sum_kg_m2_cells,pft_ibis_pft05_count,pft_ibis_pft05_agb_sum_kg_m2_cells,pft_ibis_pft06_count,pft_ibis_pft06_agb_sum_kg_m2_cells,pft_ibis_pft07_count,pft_ibis_pft07_agb_sum_kg_m2_cells,pft_ibis_pft10_count,pft_ibis_pft10_agb_sum_kg_m2_cells,geomorph_accepted_substeps_to_next,geomorph_rejected_substeps_to_next,geomorph_rejected_fluvial_trials_to_next,geomorph_min_dt_kyr_to_next,geomorph_max_dt_kyr_to_next,geomorph_fluvial_tolerance_m,geomorph_max_accepted_fluvial_change_m_to_next
static,model_static/summary_timeseries.csv,20,21.0,298,119200.0,1163.0774822875155,14.20121742195375,1163 ± 14.2,1136.41357421875,1211.7552490234375,1.940387676626244,0.0022496970965876,1.94 ± 0.00225,1.940000057220459,1.9574874639511108,0.3721090606572333,0.227557946985991,0.3721 ± 0.2276,0.0274833136904463,1.5032500055566438,270.0,0.0,270 ± 0,270.0,270.0,54.4341240953279,0.0033940222320541,54.43 ± 0.003394,54.42782974243164,54.43901824951172,75.3416748046875,0,1,0,0,0:298,0,0,0.0,model_static,False,mckenzie2003,8.829000473022461,8.829000473022461,8.829000473022461,8.829000473022461,8.829000473022461,2.7,2.7,2.7,3.270000175193503,3.270000175193504,0,0.0,0,0.0,0,0.0,298,2631.0421409606934,0,0.0,0,0.0,,,,,,,
static,model_static/summary_timeseries.csv,20,20.9,298,119200.0,1163.0774822875155,14.20121742195375,1163 ± 14.2,1136.41357421875,1211.7552490234375,1.940387676626244,0.0022496970965876,1.94 ± 0.00225,1.940000057220459,1.9574874639511108,0.3721090606572333,0.227557946985991,0.3721 ± 0.2276,0.0274833136904463,1.5032500055566438,284.0,0.0,284 ± 0,284.0,284.0,54.69596354593367,0.0016147713757334,54.7 ± 0.001615,54.69206619262695,54.69884490966797,75.3416748046875,0,1,0,0,0:298,0,0,0.0,model_static,False,mckenzie2003,9.286800384521484,9.286800384521484,9.286800384521484,9.286800384521484,9.286800384521484,2.84,2.84,2.84,3.2700001353948887,3.270000135394889,0,0.0,0,0.0,0,0.0,298,2767.4665145874023,0,0.0,0,0.0,,,,,,,
static,model_static/summary_timeseries.csv,20,20.8,298,119200.0,1163.0774822875155,14.20121742195375,1163 ± 14.2,1136.41357421875,1211.7552490234375,1.940387676626244,0.0022496970965876,1.94 ± 0.00225,1.940000057220459,1.9574874639511108,0.3721090606572333,0.227557946985991,0.3721 ± 0.2276,0.0274833136904463,1.5032500055566438,285.8489932885906,0.3580554210156793,285.8 ± 0.3581,285.0,286.0,54.80182807717547,0.0186462158953981,54.8 ± 0.01865,54.7552375793457,54.8132438659668,75.3416748046875,0,1,0,0,0:298,0,0,0.0,model_static,False,mckenzie2003,9.347261697653956,9.35219955444336,9.319499969482422,9.35219955444336,9.35219955444336,2.858489932885906,2.86,2.86,3.269999866119187,3.269999844210965,0,0.0,0,0.0,0,0.0,298,2785.483985900879,0,0.0,0,0.0,,,,,,,
static,model_static/summary_timeseries.csv,20,20.7,298,119200.0,1163.0774822875155,14.20121742195375,1163 ± 14.2,1136.41357421875,1211.7552490234375,1.940387676626244,0.0022496970965876,1.94 ± 0.00225,1.940000057220459,1.9574874639511108,0.3721090606572333,0.227557946985991,0.3721 ± 0.2276,0.0274833136904463,1.5032500055566438,282.3288590604027,0.4697986577181208,282.3 ± 0.4698,282.0,283.0,55.82393170043126,0.0204174134320504,55.82 ± 0.02042,55.8046760559082,55.85511016845703,75.3416748046875,0,1,0,0,0:298,0,0,0.0,model_static,False,mckenzie2003,9.232153815711104,9.221400260925291,9.221400260925291,9.25409984588623,9.25409984588623,2.823288590604027,2.82,2.83,3.270000044189725,3.2700000925267,0,0.0,0,0.0,0,0.0,298,2751.181837081909,0,0.0,0,0.0,,,,,,,
static,model_static/summary_timeseries.csv,20,20.6,298,119200.0,1163.0774822875155,14.20121742195375,1163 ± 14.2,1136.41357421875,1211.7552490234375,1.940387676626244,0.0022496970965876,1.94 ± 0.00225,1.940000057220459,1.9574874639511108,0.3721090606572333,0.227557946985991,0.3721 ± 0.2276,0.0274833136904463,1.5032500055566438,285.0,0.0,285 ± 0,285.0,285.0,55.60274312320172,0.0013309327213762,55.6 ± 0.001331,55.59366226196289,55.604713439941406,75.3416748046875,0,1,0,0,0:298,0,0,0.0,model_static,False,mckenzie2003,9.319499969482422,9.319499969482422,9.319499969482422,9.319499969482422,9.319499969482422,2.8500000000000005,2.85,2.85,3.269999989292078,3.269999989292078,0,0.0,0,0.0,0,0.0,298,2777.2109909057617,0,0.0,0,0.0,,,,,,,
static,model_static/summary_timeseries.csv,20,20.5,298,119200.0,1163.0774822875155,14.20121742195375,1163 ± 14.2,1136.41357421875,1211.7552490234375,1.940387676626244,0.0022496970965876,1.94 ± 0.00225,1.940000057220459,1.9574874639511108,0.3721090606572333,0.227557946985991,0.3721 ± 0.2276,0.0274833136904463,1.5032500055566438,287.98993288590606,0.0998286898029766,288 ± 0.09983,287.0,288.0,53.000161715001866,0.0051318571289294,53 ± 0.005132,52.950984954833984,53.0036506652832,75.3416748046875,0,1,0,0,0:298,0,0,0.0,model_static,False,mckenzie2003,9.417270487586924,9.41759967803955,9.41759967803955,9.41759967803955,9.41759967803955,2.87989932885906,2.88,2.88,3.26999988966009,3.2699998882081776,0,0.0,0,0.0,0,0.0,298,2806.346605300904,0,0.0,0,0.0,,,,,,,
static,model_static/summary_timeseries.csv,20,20.4,298,119200.0,1163.0774822875155,14.20121742195375,1163 ± 14.2,1136.41357421875,1211.7552490234375,1.940387676626244,0.0022496970965876,1.94 ± 0.00225,1.940000057220459,1.9574874639511108,0.3721090606572333,0.227557946985991,0.3721 ± 0.2276,0.0274833136904463,1.5032500055566438,281.0,0.0,281 ± 0,281.0,281.0,52.76498423326736,0.0029857690889273,52.76 ± 0.002986,52.76165390014648,52.771034240722656,75.3416748046875,0,1,0,0,0:298,0,0,0.0,model_static,False,mckenzie2003,9.18869972229004,9.18869972229004,9.18869972229004,9.18869972229004,9.18869972229004,2.81,2.81,2.81,3.2699999011708334,3.2699999011708325,0,0.0,0,0.0,0,0.0,298,2738.232517242432,0,0.0,0,0.0,,,,,,,
static,model_static/summary_timeseries.csv,20,20.3,298,119200.0,1163.0774822875155,14.20121742195375,1163 ± 14.2,1136.41357421875,1211.7552490234375,1.940387676626244,0.0022496970965876,1.94 ± 0.00225,1.940000057220459,1.9574874639511108,0.3721090606572333,0.227557946985991,0.3721 ± 0.2276,0.0274833136904463,1.5032500055566438,284.0,0.0,284 ± 0,284.0,284.0,54.54056342976205,0.0058339007013942,54.54 ± 0.005834,54.52579498291016,54.5452995300293,75.3416748046875,0,1,0,0,0:298,0,0,0.0,model_static,False,mckenzie2003,9.286800384521484,9.286800384521484,9.286800384521484,9.286800384521484,9.286800384521484,2.84,2.84,2.84,3.2700001353948887,3.270000135394889,0,0.0,0,0.0,0,0.0,298,2767.4665145874023,0,0.0,0,0.0,,,,,,,
static,model_static/summary_timeseries.csv,20,20.2,298,119200.0,1163.0774822875155,14.20121742195375,1163 ± 14.2,1136.41357421875,1211.7552490234375,1.940387676626244,0.0022496970965876,1.94 ± 0.00225,1.940000057220459,1.9574874639511108,0.3721090606572333,0.227557946985991,0.3721 ± 0.2276,0.0274833136904463,1.5032500055566438,284.0,0.0,284 ± 0,284.0,284.0,53.613964349631495,0.0015885004012996,53.61 ± 0.001589,53.6090087890625,53.616798400878906,75.3416748046875,0,1,0,0,0:298,0,0,0.0,model_static,False,mckenzie2003,9.286800384521484,9.286800384521484,9.286800384521484,9.286800384521484,9.286800384521484,2.84,2.84,2.84,3.2700001353948887,3.270000135394889,0,0.0,0,0.0,0,0.0,298,2767.4665145874023,0,0.0,0,0.0,,,,,,,
static,model_static/summary_timeseries.csv,20,20.1,298,119200.0,1163.0774822875155,14.20121742195375,1163 ± 14.2,1136.41357421875,1211.7552490234375,1.940387676626244,0.0022496970965876,1.94 ± 0.00225,1.940000057220459,1.9574874639511108,0.3721090606572333,0.227557946985991,0.3721 ± 0.2276,0.0274833136904463,1.5032500055566438,291.0,0.0,291 ± 0,291.0,291.0,57.57706256840853,0.0015332029326696,57.58 ± 0.001533,57.57209777832031,57.57999801635742,75.3416748046875,0,1,0,0,0:298,0,0,0.0,model_static,False,mckenzie2003,9.515700340270996,9.515700340270996,9.515700340270996,9.515700340270996,9.515700340270996,2.91,2.91,2.91,3.2700001169316133,3.2700001169316137,0,0.0,0,0.0,0,0.0,298,2835.678701400757,0,0.0,0,0.0,,,,,,,
static,model_static/summary_timeseries.csv,20,20.0,298,119200.0,1163.0774822875155,14.20121742195375,1163 ± 14.2,1136.41357421875,1211.7552490234375,1.940387676626244,0.0022496970965876,1.94 ± 0.00225,1.940000057220459,1.9574874639511108,0.3721090606572333,0.227557946985991,0.3721 ± 0.2276,0.0274833136904463,1.5032500055566438,293.0,0.0,293 ± 0,293.0,293.0,56.32850776262731,0.0009296688576866,56.33 ± 0.0009297,56.32661819458008,56.33053588867188,75.3416748046875,0,1,0,0,0:298,0,0,0.0,model_static,False,mckenzie2003,9.581100463867188,9.581100463867188,9.581100463867188,9.581100463867188,9.581100463867188,2.93,2.93,2.93,3.270000158316446,3.270000158316446,0,0.0,0,0.0,0,0.0,298,2855.167938232422,0,0.0,0,0.0,,,,,,,
static,model_static/summary_timeseries.csv,20,19.9,298,119200.0,1163.0774822875155,14.20121742195375,1163 ± 14.2,1136.41357421875,1211.7552490234375,1.940387676626244,0.0022496970965876,1.94 ± 0.00225,1.940000057220459,1.9574874639511108,0.3721090606572333,0.227557946985991,0.3721 ± 0.2276,0.0274833136904463,1.5032500055566438,294.4127516778523,0.4923288842658124,294.4 ± 0.4923,294.0,295.0,55.160477042998245,0.0238722506929254,55.16 ± 0.02387,55.13188171386719,55.19028854370117,75.3416748046875,0,1,0,0,0:298,0,0,0.0,model_static,False,mckenzie2003,9.627296857385828,9.613800048828123,9.613800048828123,9.646499633789062,9.646499633789062,2.944127516778524,2.94,2.95,3.2699999585144366,3.270000016608206,0,0.0,0,0.0,0,0.0,298,2868.934463500977,0,0.0,0,0.0,,,,,,,
static,model_static/summary_timeseries.csv,20,19.8,298,119200.0,1163.0774822875155,14.20121742195375,1163 ± 14.2,1136.41357421875,1211.7552490234375,1.940387676626244,0.0022496970965876,1.94 ± 0.00225,1.940000057220459,1.9574874639511108,0.3721090606572333,0.227557946985991,0.3721 ± 0.2276,0.0274833136904463,1.5032500055566438,291.0,0.0,291 ± 0,291.0,291.0,57.560314101660815,0.0012894305028946,57.56 ± 0.001289,57.5544548034668,57.56306076049805,75.3416748046875,0,1,0,0,0:298,0,0,0.0,model_static,False,mckenzie2003,9.515700340270996,9.515700340270996,9.515700340270996,9.515700340270996,9.515700340270996,2.91,2.91,2.91,3.2700001169316133,3.2700001169316137,0,0.0,0,0.0,0,0.0,298,2835.678701400757,0,0.0,0,0.0,,,,,,,
static,model_static/summary_timeseries.csv,20,19.7,298,119200.0,1163.0774822875155,14.20121742195375,1163 ± 14.2,1136.41357421875,1211.7552490234375,1.940387676626244,0.0022496970965876,1.94 ± 0.00225,1.940000057220459,1.9574874639511108,0.3721090606572333,0.227557946985991,0.3721 ± 0.2276,0.0274833136904463,1.5032500055566438,286.0,0.0,286 ± 0,286.0,286.0,56.821148776368005,0.0028349193426814,56.82 ± 0.002835,56.814937591552734,56.82730865478516,75.3416748046875,0,1,0,0,0:298,0,0,0.0,model_static,False,mckenzie2003,9.35219955444336,9.35219955444336,9.35219955444336,9.35219955444336,9.35219955444336,2.86,2.86,2.86,3.269999844210965,3.269999844210965,0,0.0,0,0.0,0,0.0,298,2786.955467224121,0,0.0,0,0.0,,,,,,,
static,model_static/summary_timeseries.csv,20,19.6,298,119200.0,1163.0774822875155,14.20121742195375,1163 ± 14.2,1136.41357421875,1211.7552490234375,1.940387676626244,0.0022496970965876,1.94 ± 0.00225,1.940000057220459,1.9574874639511108,0.3721090606572333,0.227557946985991,0.3721 ± 0.2276,0.0274833136904463,1.5032500055566438,241.0,0.0,241 ± 0,241.0,241.0,51.529473477562,0.0022374719544815,51.53 ± 0.002237,51.50986862182617,51.53253555297852,75.3416748046875,0,1,0,0,0:298,0,0,0.0,model_static,False,mckenzie2003,7.88070011138916,7.88070011138916,7.88070011138916,7.88070011138916,7.88070011138916,2.41,2.41,2.41,3.2700000462195686,3.270000046219568,0,0.0,0,0.0,0,0.0,298,2348.4486331939697,0,0.0,0,0.0,,,,,,,
static,model_static/summary_timeseries.csv,20,19.5,298,119200.0,1163.0774822875155,14.20121742195375,1163 ± 14.2,1136.41357421875,1211.7552490234375,1.940387676626244,0.0022496970965876,1.94 ± 0.00225,1.940000057220459,1.9574874639511108,0.3721090606572333,0.227557946985991,0.3721 ± 0.2276,0.0274833136904463,1.5032500055566438,287.0,0.0,287 ± 0,287.0,287.0,57.01937222320761,0.0031676553954912,57.02 ± 0.003168,57.00796508789063,57.02390670776367,75.3416748046875,0,1,0,0,0:298,0,0,0.0,model_static,False,mckenzie2003,9.384900093078612,9.384900093078612,9.384900093078612,9.384900093078612,9.384900093078612,2.870000000000001,2.87,2.87,3.270000032431573,3.270000032431573,0,0.0,0,0.0,0,0.0,298,2796.7002277374268,0,0.0,0,0.0,,,,,,,
static,model_static/summary_timeseries.csv,20,19.4,298,119200.0,1163.0774822875155,14.20121742195375,1163 ± 14.2,1136.41357421875,1211.7552490234375,1.940387676626244,0.0022496970965876,1.94 ± 0.00225,1.940000057220459,1.9574874639511108,0.3721090606572333,0.227557946985991,0.3721 ± 0.2276,0.0274833136904463,1.5032500055566438,286.0,0.0,286 ± 0,286.0,286.0,54.69555003531027,0.0009170485059634,54.7 ± 0.000917,54.69089126586914,54.69725799560547,75.3416748046875,0,1,0,0,0:298,0,0,0.0,model_static,False,mckenzie2003,9.35219955444336,9.35219955444336,9.35219955444336,9.35219955444336,9.35219955444336,2.86,2.86,2.86,3.269999844210965,3.269999844210965,0,0.0,0,0.0,0,0.0,298,2786.955467224121,0,0.0,0,0.0,,,,,,,
static,model_static/summary_timeseries.csv,20,19.3,298,119200.0,1163.0774822875155,14.20121742195375,1163 ± 14.2,1136.41357421875,1211.7552490234375,1.940387676626244,0.0022496970965876,1.94 ± 0.00225,1.940000057220459,1.9574874639511108,0.3721090606572333,0.227557946985991,0.3721 ± 0.2276,0.0274833136904463,1.5032500055566438,288.0,0.0,288 ± 0,288.0,288.0,57.69513578222902,0.0018022524318158,57.7 ± 0.001802,57.680755615234375,57.70053482055664,75.3416748046875,0,1,0,0,0:298,0,0,0.0,model_static,False,mckenzie2003,9.41759967803955,9.41759967803955,9.41759967803955,9.41759967803955,9.41759967803955,2.8799999999999994,2.88,2.88,3.2699998882081767,3.2699998882081776,0,0.0,0,0.0,0,0.0,298,2806.444704055786,0,0.0,0,0.0,,,,,,,
static,model_static/summary_timeseries.csv,20,19.2,298,119200.0,1163.0774822875155,14.20121742195375,1163 ± 14.2,1136.41357421875,1211.7552490234375,1.940387676626244,0.0022496970965876,1.94 ± 0.00225,1.940000057220459,1.9574874639511108,0.3721090606572333,0.227557946985991,0.3721 ± 0.2276,0.0274833136904463,1.5032500055566438,284.0,0.0,284 ± 0,284.0,284.0,56.75148732230167,0.0016461653967957,56.75 ± 0.001646,56.73729705810547,56.75465774536133,75.3416748046875,0,1,0,0,0:298,0,0,0.0,model_static,False,mckenzie2003,9.286800384521484,9.286800384521484,9.286800384521484,9.286800384521484,9.286800384521484,2.84,2.84,2.84,3.2700001353948887,3.270000135394889,0,0.0,0,0.0,0,0.0,298,2767.4665145874023,0,0.0,0,0.0,,,,,,,
static,model_static/summary_timeseries.csv,20,19.1,298,119200.0,1163.0774822875155,14.20121742195375,1163 ± 14.2,1136.41357421875,1211.7552490234375,1.940387676626244,0.0022496970965876,1.94 ± 0.00225,1.940000057220459,1.9574874639511108,0.3721090606572333,0.227557946985991,0.3721 ± 0.2276,0.0274833136904463,1.5032500055566438,284.0,0.0,284 ± 0,284.0,284.0,55.58279810655837,0.0073239715591837,55.58 ± 0.007324,55.56858444213867,55.5899658203125,75.3416748046875,0,1,0,0,0:298,0,0,0.0,model_static,False,mckenzie2003,9.286800384521484,9.286800384521484,9.286800384521484,9.286800384521484,9.286800384521484,2.84,2.84,2.84,3.2700001353948887,3.270000135394889,0,0.0,0,0.0,0,0.0,298,2767.4665145874023,0,0.0,0,0.0,,,,,,,
static,model_static/summary_timeseries.csv,20,19.0,298,119200.0,1163.0774822875155,14.20121742195375,1163 ± 14.2,1136.41357421875,1211.7552490234375,1.940387676626244,0.0022496970965876,1.94 ± 0.00225,1.940000057220459,1.9574874639511108,0.3721090606572333,0.227557946985991,0.3721 ± 0.2276,0.0274833136904463,1.5032500055566438,285.0,0.0,285 ± 0,285.0,285.0,56.96817111328944,0.001144296730716,56.97 ± 0.001144,56.95905303955078,56.97016143798828,75.3416748046875,0,1,0,0,0:298,0,0,0.0,model_static,False,mckenzie2003,9.319499969482422,9.319499969482422,9.319499969482422,9.319499969482422,9.319499969482422,2.8500000000000005,2.85,2.85,3.269999989292078,3.269999989292078,0,0.0,0,0.0,0,0.0,298,2777.2109909057617,0,0.0,0,0.0,,,,,,,
static,model_static/summary_timeseries.csv,20,18.9,298,119200.0,1163.0774822875155,14.20121742195375,1163 ± 14.2,1136.41357421875,1211.7552490234375,1.940387676626244,0.0022496970965876,1.94 ± 0.00225,1.940000057220459,1.9574874639511108,0.3721090606572333,0.227557946985991,0.3721 ± 0.2276,0.0274833136904463,1.5032500055566438,279.99328859060404,0.0816478191986338,280 ± 0.08165,279.0,280.0,55.13119012717433,0.0041141589267473,55.13 ± 0.004114,55.08603286743164,55.136417388916016,75.3416748046875,0,1,0,0,0:298,0,0,0.0,model_static,False,mckenzie2003,9.155780670626852,9.156000137329102,9.156000137329102,9.156000137329102,9.156000137329102,2.7999328859060406,2.8000000000000003,2.8000000000000003,3.270000047751588,3.270000049046107,0,0.0,0,0.0,0,0.0,298,2728.4226398468018,0,0.0,0,0.0,,,,,,,
static,model_static/summary_timeseries.csv,20,18.8,298,119200.0,1163.0774822875155,14.20121742195375,1163 ± 14.2,1136.41357421875,1211.7552490234375,1.940387676626244,0.0022496970965876,1.94 ± 0.00225,1.940000057220459,1.9574874639511108,0.3721090606572333,0.227557946985991,0.3721 ± 0.2276,0.0274833136904463,1.5032500055566438,282.0,0.0,282 ± 0,282.0,282.0,56.31886758740316,0.0019980284849167,56.32 ± 0.001998,56.31134414672852,56.32077407836914,75.3416748046875,0,1,0,0,0:298,0,0,0.0,model_static,False,mckenzie2003,9.221400260925291,9.221400260925291,9.221400260925291,9.221400260925291,9.221400260925291,2.82,2.82,2.82,3.2700000925267,3.2700000925267,0,0.0,0,0.0,0,0.0,298,2747.9772777557373,0,0.0,0,0.0,,,,,,,
static,model_static/summary_timeseries.csv,20,18.7,298,119200.0,1163.0774822875155,14.20121742195375,1163 ± 14.2,1136.41357421875,1211.7552490234375,1.940387676626244,0.0022496970965876,1.94 ± 0.00225,1.940000057220459,1.9574874639511108,0.3721090606572333,0.227557946985991,0.3721 ± 0.2276,0.0274833136904463,1.5032500055566438,281.996644295302,0.0578311675825976,282 ± 0.05783,281.0,282.0,57.41669621563598,0.0031983782055243,57.42 ± 0.003198,57.36689758300781,57.419315338134766,75.3416748046875,0,1,0,0,0:298,0,0,0.0,model_static,False,mckenzie2003,9.221290527574167,9.221400260925291,9.221400260925291,9.221400260925291,9.221400260925291,2.81996644295302,2.82,2.82,3.2700000918845658,3.2700000925267,0,0.0,0,0.0,0,0.0,298,2747.944577217102,0,0.0,0,0.0,,,,,,,
static,model_static/summary_timeseries.csv,20,18.6,298,119200.0,1163.0774822875155,14.20121742195375,1163 ± 14.2,1136.41357421875,1211.7552490234375,1.940387676626244,0.0022496970965876,1.94 ± 0.00225,1.940000057220459,1.9574874639511108,0.3721090606572333,0.227557946985991,0.3721 ± 0.2276,0.0274833136904463,1.5032500055566438,280.0,0.0,280 ± 0,280.0,280.0,59.29340018201994,0.0057665690378697,59.29 ± 0.005767,59.28556060791016,59.30112075805664,75.3416748046875,0,1,0,0,0:298,0,0,0.0,model_static,False,mckenzie2003,9.156000137329102,9.156000137329102,9.156000137329102,9.156000137329102,9.156000137329102,2.8000000000000003,2.8000000000000003,2.8000000000000003,3.270000049046107,3.270000049046107,0,0.0,0,0.0,0,0.0,298,2728.4880409240723,0,0.0,0,0.0,,,,,,,
static,model_static/summary_timeseries.csv,20,18.5,298,119200.0,1163.0774822875155,14.20121742195375,1163 ± 14.2,1136.41357421875,1211.7552490234375,1.940387676626244,0.0022496970965876,1.94 ± 0.00225,1.940000057220459,1.9574874639511108,0.3721090606572333,0.227557946985991,0.3721 ± 0.2276,0.0274833136904463,1.5032500055566438,276.39261744966444,0.4883328658644927,276.4 ± 0.4883,276.0,277.0,58.494966481356016,0.0212503682720993,58.49 ± 0.02125,58.47604370117188,58.523399353027344,75.3416748046875,0,1,0,0,0:298,0,0,0.0,model_static,False,mckenzie2003,9.038038692218343,9.02519989013672,9.02519989013672,9.057900428771973,9.057900428771973,2.763926174496645,2.76,2.77,3.2700000365965867,3.269999960194463,0,0.0,0,0.0,0,0.0,298,2693.335530281067,0,0.0,0,0.0,,,,,,,
static,model_static/summary_timeseries.csv,20,18.4,298,119200.0,1163.0774822875155,14.20121742195375,1163 ± 14.2,1136.41357421875,1211.7552490234375,1.940387676626244,0.0022496970965876,1.94 ± 0.00225,1.940000057220459,1.9574874639511108,0.3721090606572333,0.227557946985991,0.3721 ± 0.2276,0.0274833136904463,1.5032500055566438,278.0,0.0,278 ± 0,278.0,278.0,58.78113440699225,0.0010883710879877,58.78 ± 0.001088,58.77857208251953,58.78372573852539,75.3416748046875,0,1,0,0,0:298,0,0,0.0,model_static,False,mckenzie2003,9.09060001373291,9.09060001373291,9.09060001373291,9.09060001373291,9.09060001373291,2.780000000000001,2.78,2.78,3.270000004939896,3.270000004939896,0,0.0,0,0.0,0,0.0,298,2708.998804092407,0,0.0,0,0.0,,,,,,,
static,model_static/summary_timeseries.csv,20,18.3,298,119200.0,1163.0774822875155,14.20121742195375,1163 ± 14.2,1136.41357421875,1211.7552490234375,1.940387676626244,0.0022496970965876,1.94 ± 0.00225,1.940000057220459,1.9574874639511108,0.3721090606572333,0.227557946985991,0.3721 ± 0.2276,0.0274833136904463,1.5032500055566438,273.0,0.0,273 ± 0,273.0,273.0,57.180363520679855,0.0009517419748452,57.18 ± 0.0009517,57.17869567871094,57.18233871459961,75.3416748046875,0,1,0,0,0:298,0,0,0.0,model_static,False,mckenzie2003,8.92710018157959,8.92710018157959,8.92710018157959,8.92710018157959,8.92710018157959,2.73,2.73,2.73,3.2700000665126714,3.2700000665126705,0,0.0,0,0.0,0,0.0,298,2660.275854110718,0,0.0,0,0.0,,,,,,,
static,model_static/summary_timeseries.csv,20,18.2,298,119200.0,1163.0774822875155,14.20121742195375,1163 ± 14.2,1136.41357421875,1211.7552490234375,1.940387676626244,0.0022496970965876,1.94 ± 0.00225,1.940000057220459,1.9574874639511108,0.3721090606572333,0.227557946985991,0.3721 ± 0.2276,0.0274833136904463,1.5032500055566438,302.0,0.0,302 ± 0,302.0,302.0,63.71099195544352,0.0013758266757773,63.71 ± 0.001376,63.706241607666016,63.71355438232422,75.3416748046875,2,1,2,2,2:298,0,0,0.0,model_static,False,mckenzie2003,9.875399589538574,9.875399589538574,9.875399589538574,9.875399589538574,9.875399589538574,3.02,3.02,3.02,3.2699998640856203,3.2699998640856207,0,0.0,0,0.0,0,0.0,298,2942.869077682495,0,0.0,0,0.0,,,,,,,
static,model_static/summary_timeseries.csv,20,18.1,298,119200.0,1163.0774822875155,14.20121742195375,1163 ± 14.2,1136.41357421875,1211.7552490234375,1.940387676626244,0.0022496970965876,1.94 ± 0.00225,1.940000057220459,1.9574874639511108,0.3721090606572333,0.227557946985991,0.3721 ± 0.2276,0.0274833136904463,1.5032500055566438,336.0,0.0,336 ± 0,336.0,336.0,68.78065168137519,0.0007729778451279,68.78 ± 0.000773,68.77574920654297,68.78216552734375,75.3416748046875,1,1,1,1,1:298,0,0,0.0,model_static,False,mckenzie2003,10.987199783325195,10.987199783325195,10.987199783325195,10.987199783325195,10.987199783325195,3.36,3.36,3.36,3.2699999355134506,3.269999935513451,0,0.0,0,0.0,0,0.0,298,3274.185535430908,0,0.0,0,0.0,,,,,,,
static,model_static/summary_timeseries.csv,20,18.0,298,119200.0,1163.0774822875155,14.20121742195375,1163 ± 14.2,1136.41357421875,1211.7552490234375,1.940387676626244,0.0022496970965876,1.94 ± 0.00225,1.940000057220459,1.9574874639511108,0.3721090606572333,0.227557946985991,0.3721 ± 0.2276,0.0274833136904463,1.5032500055566438,299.0503355704698,0.2186364581108983,299.1 ± 0.2186,299.0,300.0,63.25986566479574,0.0104190525953637,63.26 ± 0.01042,63.25428771972656,63.304725646972656,75.3416748046875,2,1,2,2,2:298,0,0,0.0,model_static,False,mckenzie2003,9.77894588124832,9.777299880981444,9.777299880981444,9.782204961776731,9.8100004196167,2.9905033557046985,2.99,2.9915,3.269999969238645,3.269999960194463,0,0.0,0,0.0,0,0.0,298,2914.1258726119995,0,0.0,0,0.0,,,,,,,
static,model_static/summary_timeseries.csv,20,17.9,298,119200.0,1163.0774822875155,14.20121742195375,1163 ± 14.2,1136.41357421875,1211.7552490234375,1.940387676626244,0.0022496970965876,1.94 ± 0.00225,1.940000057220459,1.9574874639511108,0.3721090606572333,0.227557946985991,0.3721 ± 0.2276,0.0274833136904463,1.5032500055566438,271.0,0.0,271 ± 0,271.0,271.0,55.254335633860336,0.0014217814449091,55.25 ± 0.001422,55.24360656738281,55.25682067871094,75.3416748046875,0,1,0,0,0:298,0,0,0.0,model_static,False,mckenzie2003,8.861700057983398,8.861700057983398,8.861700057983398,8.861700057983398,8.861700057983398,2.7100000000000004,2.71,2.71,3.270000021396087,3.270000021396088,0,0.0,0,0.0,0,0.0,298,2640.7866172790527,0,0.0,0,0.0,,,,,,,
static,model_static/summary_timeseries.csv,20,17.8,298,119200.0,1163.0774822875155,14.20121742195375,1163 ± 14.2,1136.41357421875,1211.7552490234375,1.940387676626244,0.0022496970965876,1.94 ± 0.00225,1.940000057220459,1.9574874639511108,0.3721090606572333,0.227557946985991,0.3721 ± 0.2276,0.0274833136904463,1.5032500055566438,265.51006711409394,0.4998986429405658,265.5 ± 0.4999,265.0,266.0,57.31804799073495,0.0231078387667143,57.32 ± 0.02311,57.29275131225586,57.342716217041016,75.3416748046875,0,1,0,0,0:298,0,0,0.0,model_static,False,mckenzie2003,8.682179156565827,8.698200225830078,8.665499687194824,8.698200225830078,8.698200225830078,2.65510067114094,2.66,2.66,3.269999985472421,3.2700000848985256,0,0.0,0,0.0,0,0.0,298,2587.289388656616,0,0.0,0,0.0,,,,,,,
static,model_static/summary_timeseries.csv,20,17.7,298,119200.0,1163.0774822875155,14.20121742195375,1163 ± 14.2,1136.41357421875,1211.7552490234375,1.940387676626244,0.0022496970965876,1.94 ± 0.00225,1.940000057220459,1.9574874639511108,0.3721090606572333,0.227557946985991,0.3721 ± 0.2276,0.0274833136904463,1.5032500055566438,272.0,0.0,272 ± 0,272.0,272.0,53.983259930706666,0.0009784776114791,53.98 ± 0.0009785,53.98141479492188,53.98525238037109,75.3416748046875,0,1,0,0,0:298,0,0,0.0,model_static,False,mckenzie2003,8.894399642944336,8.894399642944336,8.894399642944336,8.894399642944336,8.894399642944336,2.72,2.72,2.72,3.2699998687295357,3.269999868729535,0,0.0,0,0.0,0,0.0,298,2650.531093597412,0,0.0,0,0.0,,,,,,,
static,model_static/summary_timeseries.csv,20,17.6,298,119200.0,1163.0774822875155,14.20121742195375,1163 ± 14.2,1136.41357421875,1211.7552490234375,1.940387676626244,0.0022496970965876,1.94 ± 0.00225,1.940000057220459,1.9574874639511108,0.3721090606572333,0.227557946985991,0.3721 ± 0.2276,0.0274833136904463,1.5032500055566438,273.0,0.0,273 ± 0,273.0,273.0,54.822740170779646,0.0040972443165056,54.82 ± 0.004097,54.81665802001953,54.830074310302734,75.3416748046875,0,1,0,0,0:298,0,0,0.0,model_static,False,mckenzie2003,8.92710018157959,8.92710018157959,8.92710018157959,8.92710018157959,8.92710018157959,2.73,2.73,2.73,3.2700000665126714,3.2700000665126705,0,0.0,0,0.0,0,0.0,298,2660.275854110718,0,0.0,0,0.0,,,,,,,
static,model_static/summary_timeseries.csv,20,17.5,298,119200.0,1163.0774822875155,14.20121742195375,1163 ± 14.2,1136.41357421875,1211.7552490234375,1.940387676626244,0.0022496970965876,1.94 ± 0.00225,1.940000057220459,1.9574874639511108,0.3721090606572333,0.227557946985991,0.3721 ± 0.2276,0.0274833136904463,1.5032500055566438,271.0,0.0,271 ± 0,271.0,271.0,56.10722727423546,0.001299934621276,56.11 ± 0.0013,56.10201644897461,56.10929107666016,75.3416748046875,0,1,0,0,0:298,0,0,0.0,model_static,False,mckenzie2003,8.861700057983398,8.861700057983398,8.861700057983398,8.861700057983398,8.861700057983398,2.7100000000000004,2.71,2.71,3.270000021396087,3.270000021396088,0,0.0,0,0.0,0,0.0,298,2640.7866172790527,0,0.0,0,0.0,,,,,,,
static,model_static/summary_timeseries.csv,20,17.4,298,119200.0,1163.0774822875155,14.20121742195375,1163 ± 14.2,1136.41357421875,1211.7552490234375,1.940387676626244,0.0022496970965876,1.94 ± 0.00225,1.940000057220459,1.9574874639511108,0.3721090606572333,0.227557946985991,0.3721 ± 0.2276,0.0274833136904463,1.5032500055566438,271.7013422818792,0.4576694063706672,271.7 ± 0.4577,271.0,272.0,55.53806504627202,0.0204377159222432,55.54 ± 0.02044,55.505279541015625,55.553070068359375,75.3416748046875,0,1,0,0,0:298,0,0,0.0,model_static,False,mckenzie2003,8.884633659516405,8.894399642944336,8.861700057983398,8.894399642944336,8.894399642944336,2.717013422818792,2.72,2.72,3.269999914324579,3.269999868729535,0,0.0,0,0.0,0,0.0,298,2647.6208305358887,0,0.0,0,0.0,,,,,,,
static,model_static/summary_timeseries.csv,20,17.3,298,119200.0,1163.0774822875155,14.20121742195375,1163 ± 14.2,1136.41357421875,1211.7552490234375,1.940387676626244,0.0022496970965876,1.94 ± 0.00225,1.940000057220459,1.9574874639511108,0.3721090606572333,0.227557946985991,0.3721 ± 0.2276,0.0274833136904463,1.5032500055566438,268.9865771812081,0.1150766993253842,269 ± 0.1151,268.0,269.0,57.08220029997346,0.0079600472711207,57.08 ± 0.00796,57.0269775390625,57.08854293823242,75.3416748046875,0,1,0,0,0:298,0,0,0.0,model_static,False,mckenzie2003,8.795861013783705,8.796299934387207,8.796299934387207,8.796299934387207,8.796299934387207,2.689865771812081,2.69,2.69,3.2699999776861346,3.269999975608627,0,0.0,0,0.0,0,0.0,298,2621.166582107544,0,0.0,0,0.0,,,,,,,
static,model_static/summary_timeseries.csv,20,17.2,298,119200.0,1163.0774822875155,14.20121742195375,1163 ± 14.2,1136.41357421875,1211.7552490234375,1.940387676626244,0.0022496970965876,1.94 ± 0.00225,1.940000057220459,1.9574874639511108,0.3721090606572333,0.227557946985991,0.3721 ± 0.2276,0.0274833136904463,1.5032500055566438,276.0,0.0,276 ± 0,276.0,276.0,54.77194167783596,0.0029828013589194,54.77 ± 0.002983,54.767608642578125,54.77589416503906,75.3416748046875,0,1,0,0,0:298,0,0,0.0,model_static,False,mckenzie2003,9.02519989013672,9.02519989013672,9.02519989013672,9.02519989013672,9.02519989013672,2.7600000000000007,2.76,2.76,3.269999960194462,3.269999960194463,0,0.0,0,0.0,0,0.0,298,2689.509567260742,0,0.0,0,0.0,,,,,,,
static,model_static/summary_timeseries.csv,20,17.1,298,119200.0,1163.0774822875155,14.20121742195375,1163 ± 14.2,1136.41357421875,1211.7552490234375,1.940387676626244,0.0022496970965876,1.94 ± 0.00225,1.940000057220459,1.9574874639511108,0.3721090606572333,0.227557946985991,0.3721 ± 0.2276,0.0274833136904463,1.5032500055566438,277.62080536912754,0.4851866267633151,277.6 ± 0.4852,277.0,278.0,57.24214154441885,0.0278545933843373,57.24 ± 0.02785,57.20499801635742,57.273250579833984,75.3416748046875,0,1,0,0,0:298,0,0,0.0,model_static,False,mckenzie2003,9.078200506683965,9.09060001373291,9.057900428771973,9.09060001373291,9.09060001373291,2.776208053691276,2.78,2.78,3.270000061762753,3.270000004939896,0,0.0,0,0.0,0,0.0,298,2705.3037509918213,0,0.0,0,0.0,,,,,,,
static,model_static/summary_timeseries.csv,20,17.0,298,119200.0,1163.0774822875155,14.20121742195375,1163 ± 14.2,1136.41357421875,1211.7552490234375,1.940387676626244,0.0022496970965876,1.94 ± 0.00225,1.940000057220459,1.9574874639511108,0.3721090606572333,0.227557946985991,0.3721 ± 0.2276,0.0274833136904463,1.5032500055566438,288.86241610738256,0.3444627194772748,288.9 ± 0.3445,288.0,289.0,60.47845096716145,0.0169357302955702,60.48 ± 0.01694,60.43663024902344,60.49953842163086,75.3416748046875,0,1,0,0,0:298,0,0,0.0,model_static,False,mckenzie2003,9.44580114927868,9.450300216674805,9.41759967803955,9.450300216674805,9.450300216674805,2.888624161073825,2.89,2.89,3.2700000492780155,3.270000074973981,0,0.0,0,0.0,0,0.0,298,2814.8487424850464,0,0.0,0,0.0,,,,,,,
static,model_static/summary_timeseries.csv,20,16.9,298,119200.0,1163.0774822875155,14.20121742195375,1163 ± 14.2,1136.41357421875,1211.7552490234375,1.940387676626244,0.0022496970965876,1.94 ± 0.00225,1.940000057220459,1.9574874639511108,0.3721090606572333,0.227557946985991,0.3721 ± 0.2276,0.0274833136904463,1.5032500055566438,286.0,0.0,286 ± 0,286.0,286.0,60.4013625279369,0.0017793262927544,60.4 ± 0.001779,60.39753341674805,60.404911041259766,75.3416748046875,0,1,0,0,0:298,0,0,0.0,model_static,False,mckenzie2003,9.35219955444336,9.35219955444336,9.35219955444336,9.35219955444336,9.35219955444336,2.86,2.86,2.86,3.269999844210965,3.269999844210965,0,0.0,0,0.0,0,0.0,298,2786.955467224121,0,0.0,0,0.0,,,,,,,
static,model_static/summary_timeseries.csv,20,16.8,298,119200.0,1163.0774822875155,14.20121742195375,1163 ± 14.2,1136.41357421875,1211.7552490234375,1.940387676626244,0.0022496970965876,1.94 ± 0.00225,1.940000057220459,1.9574874639511108,0.3721090606572333,0.227557946985991,0.3721 ± 0.2276,0.0274833136904463,1.5032500055566438,283.99328859060404,0.0816478191986338,284 ± 0.08165,283.0,284.0,58.58180921669774,0.003807295463676,58.58 ± 0.003807,58.53731536865234,58.58451843261719,75.3416748046875,0,1,0,0,0:298,0,0,0.0,model_static,False,mckenzie2003,9.286580917819236,9.286800384521484,9.286800384521484,9.286800384521484,9.286800384521484,2.83993288590604,2.84,2.84,3.2700001341207137,3.270000135394889,0,0.0,0,0.0,0,0.0,298,2767.401113510132,0,0.0,0,0.0,,,,,,,
static,model_static/summary_timeseries.csv,20,16.7,298,119200.0,1163.0774822875155,14.20121742195375,1163 ± 14.2,1136.41357421875,1211.7552490234375,1.940387676626244,0.0022496970965876,1.94 ± 0.00225,1.940000057220459,1.9574874639511108,0.3721090606572333,0.227557946985991,0.3721 ± 0.2276,0.0274833136904463,1.5032500055566438,294.8590604026846,0.3479592321292811,294.9 ± 0.348,294.0,295.0,58.16613426464516,0.0194221799181797,58.17 ± 0.01942,58.11684799194336,58.17990493774414,75.3416748046875,0,1,0,0,0:298,0,0,0.0,model_static,False,mckenzie2003,9.641890967452284,9.646499633789062,9.613800048828123,9.646499633789062,9.646499633789062,2.9485906040268453,2.95,2.95,3.269999895697596,3.269999875860699,0,0.0,0,0.0,0,0.0,298,2873.283508300781,0,0.0,0,0.0,,,,,,,
static,model_static/summary_timeseries.csv,20,16.6,298,119200.0,1163.0774822875155,14.20121742195375,1163 ± 14.2,1136.41357421875,1211.7552490234375,1.940387676626244,0.0022496970965876,1.94 ± 0.00225,1.940000057220459,1.9574874639511108,0.3721090606572333,0.227557946985991,0.3721 ± 0.2276,0.0274833136904463,1.5032500055566438,296.0,0.0,296 ± 0,296.0,296.0,60.01970885103981,0.0026718926800428,60.02 ± 0.002672,60.01148223876953,60.02468490600586,75.3416748046875,0,1,0,0,0:298,0,0,0.0,model_static,False,mckenzie2003,9.679200172424316,9.679200172424316,9.679200172424316,9.679200172424316,9.679200172424316,2.9600000000000004,2.96,2.96,3.270000058251459,3.2700000582514583,0,0.0,0,0.0,0,0.0,298,2884.4016513824463,0,0.0,0,0.0,,,,,,,
static,model_static/summary_timeseries.csv,20,16.5,298,119200.0,1163.0774822875155,14.20121742195375,1163 ± 14.2,1136.41357421875,1211.7552490234375,1.940387676626244,0.0022496970965876,1.94 ± 0.00225,1.940000057220459,1.9574874639511108,0.3721090606572333,0.227557946985991,0.3721 ± 0.2276,0.0274833136904463,1.5032500055566438,295.503355704698,0.4999887391191724,295.5 ± 0.5,295.0,296.0,59.12065390772467,0.0256783767380708,59.12 ± 0.02568,59.08221435546875,59.1507682800293,75.3416748046875,0,1,0,0,0:298,0,0,0.0,model_static,False,mckenzie2003,9.662959636457815,9.679200172424316,9.646499633789062,9.679200172424316,9.679200172424316,2.95503355704698,2.96,2.96,3.269999967668128,3.2700000582514583,0,0.0,0,0.0,0,0.0,298,2879.5619716644287,0,0.0,0,0.0,,,,,,,
static,model_static/summary_timeseries.csv,20,16.4,298,119200.0,1163.0774822875155,14.20121742195375,1163 ± 14.2,1136.41357421875,1211.7552490234375,1.940387676626244,0.0022496970965876,1.94 ± 0.00225,1.940000057220459,1.9574874639511108,0.3721090606572333,0.227557946985991,0.3721 ± 0.2276,0.0274833136904463,1.5032500055566438,300.99328859060404,0.0816478191986338,301 ± 0.08165,300.0,301.0,62.2829808228768,0.0044204313693663,62.28 ± 0.00442,62.23332977294922,62.28668975830078,75.3416748046875,0,1,0,0,0:298,0,0,0.0,model_static,False,mckenzie2003,9.842480544275883,9.842700004577637,9.842700004577637,9.842700004577637,9.842700004577637,3.0099328859060406,3.01,3.01,3.2700000024493425,3.2700000015208093,0,0.0,0,0.0,0,0.0,298,2933.059202194214,0,0.0,0,0.0,,,,,,,
static,model_static/summary_timeseries.csv,20,16.3,298,119200.0,1163.0774822875155,14.20121742195375,1163 ± 14.2,1136.41357421875,1211.7552490234375,1.940387676626244,0.0022496970965876,1.94 ± 0.00225,1.940000057220459,1.9574874639511108,0.3721090606572333,0.227557946985991,0.3721 ± 0.2276,0.0274833136904463,1.5032500055566438,308.0,0.0,308 ± 0,308.0,308.0,61.32671581498729,0.0008911972831162,61.33 ± 0.0008912,61.323951721191406,61.32841873168945,75.3416748046875,0,1,0,0,0:298,0,0,0.0,model_static,False,mckenzie2003,10.071599960327148,10.071599960327148,10.071599960327148,10.071599960327148,10.071599960327148,3.08,3.08,3.08,3.269999987119204,3.269999987119204,0,0.0,0,0.0,0,0.0,298,3001.3367881774902,0,0.0,0,0.0,,,,,,,
static,model_static/summary_timeseries.csv,20,16.2,298,119200.0,1163.0774822875155,14.20121742195375,1163 ± 14.2,1136.41357421875,1211.7552490234375,1.940387676626244,0.0022496970965876,1.94 ± 0.00225,1.940000057220459,1.9574874639511108,0.3721090606572333,0.227557946985991,0.3721 ± 0.2276,0.0274833136904463,1.5032500055566438,326.2852348993289,0.4515262467827475,326.3 ± 0.4515,326.0,327.0,65.66552588443628,0.0200237351367173,65.67 ± 0.02002,65.64742279052734,65.69857788085938,75.3416748046875,0,1,0,0,0:298,0,0,0.0,model_static,False,mckenzie2003,10.669527181842984,10.660200119018556,10.660200119018556,10.692899703979492,10.692899703979492,3.262852348993289,3.26,3.27,3.2700000002739693,3.2700000365087587,0,0.0,0,0.0,0,0.0,298,3179.519100189209,0,0.0,0,0.0,,,,,,,
static,model_static/summary_timeseries.csv,20,16.1,298,119200.0,1163.0774822875155,14.20121742195375,1163 ± 14.2,1136.41357421875,1211.7552490234375,1.940387676626244,0.0022496970965876,1.94 ± 0.00225,1.940000057220459,1.9574874639511108,0.3721090606572333,0.227557946985991,0.3721 ± 0.2276,0.0274833136904463,1.5032500055566438,328.0,0.0,328 ± 0,328.0,328.0,65.85393004449422,0.0049496347197344,65.85 ± 0.00495,65.84947204589844,65.86392974853516,75.3416748046875,0,1,0,0,0:298,0,0,0.0,model_static,False,mckenzie2003,10.725600242614746,10.725600242614746,10.725600242614746,10.725600242614746,10.725600242614746,3.28,3.28,3.28,3.27000007396791,3.27000007396791,0,0.0,0,0.0,0,0.0,298,3196.2288722991943,0,0.0,0,0.0,,,,,,,
static,model_static/summary_timeseries.csv,20,16.0,298,119200.0,1163.0774822875155,14.20121742195375,1163 ± 14.2,1136.41357421875,1211.7552490234375,1.940387676626244,0.0022496970965876,1.94 ± 0.00225,1.940000057220459,1.9574874639511108,0.3721090606572333,0.227557946985991,0.3721 ± 0.2276,0.0274833136904463,1.5032500055566438,326.0,0.0,326 ± 0,326.0,326.0,67.19709544853876,0.0010201306231294,67.2 ± 0.00102,67.19530487060547,67.1987533569336,75.3416748046875,0,1,0,0,0:298,0,0,0.0,model_static,False,mckenzie2003,10.660200119018556,10.660200119018556,10.660200119018556,10.660200119018556,10.660200119018556,3.2600000000000007,3.26,3.26,3.2700000365087587,3.2700000365087587,0,0.0,0,0.0,0,0.0,298,3176.7396354675293,0,0.0,0,0.0,,,,,,,
static,model_static/summary_timeseries.csv,20,15.9,298,119200.0,1163.0774822875155,14.20121742195375,1163 ± 14.2,1136.41357421875,1211.7552490234375,1.940387676626244,0.0022496970965876,1.94 ± 0.00225,1.940000057220459,1.9574874639511108,0.3721090606572333,0.227557946985991,0.3721 ± 0.2276,0.0274833136904463,1.5032500055566438,326.996644295302,0.0578311675825976,327 ± 0.05783,326.0,327.0,67.41061227273622,0.0027219191474322,67.41 ± 0.002722,67.3674087524414,67.41287994384766,75.3416748046875,2,1,2,2,2:298,0,0,0.0,model_static,False,mckenzie2003,10.692789973828615,10.692899703979492,10.692899703979492,10.692899703979492,10.692899703979492,3.26996644295302,3.27,3.27,3.2699999099001413,3.2699999094738508,0,0.0,0,0.0,0,0.0,298,3186.451412200928,0,0.0,0,0.0,,,,,,,
static,model_static/summary_timeseries.csv,20,15.8,298,119200.0,1163.0774822875155,14.20121742195375,1163 ± 14.2,1136.41357421875,1211.7552490234375,1.940387676626244,0.0022496970965876,1.94 ± 0.00225,1.940000057220459,1.9574874639511108,0.3721090606572333,0.227557946985991,0.3721 ± 0.2276,0.0274833136904463,1.5032500055566438,329.0,0.0,329 ± 0,329.0,329.0,68.4260581355767,0.0009905257303873,68.43 ± 0.0009905,68.42400360107422,68.42790222167969,75.3416748046875,2,1,2,2,2:298,0,0,0.0,model_static,False,mckenzie2003,10.758299827575684,10.758299827575684,10.758299827575684,10.758299827575684,10.758299827575684,3.29,3.29,3.29,3.269999947591393,3.269999947591393,0,0.0,0,0.0,0,0.0,298,3205.9733486175537,0,0.0,0,0.0,,,,,,,
static,model_static/summary_timeseries.csv,20,15.7,298,119200.0,1163.0774822875155,14.20121742195375,1163 ± 14.2,1136.41357421875,1211.7552490234375,1.940387676626244,0.0022496970965876,1.94 ± 0.00225,1.940000057220459,1.9574874639511108,0.3721090606572333,0.227557946985991,0.3721 ± 0.2276,0.0274833136904463,1.5032500055566438,326.16442953020135,0.3706648888134781,326.2 ± 0.3707,326.0,327.0,67.22253917207654,0.0192770117648179,67.22 ± 0.01928,67.2059555053711,67.26531982421875,75.3416748046875,2,1,2,2,2:298,0,0,0.0,model_static,False,mckenzie2003,10.66557689641146,10.660200119018556,10.660200119018556,10.692899703979492,10.692899703979492,3.2616442953020144,3.26,3.27,3.270000015620468,3.2700000365087587,0,0.0,0,0.0,0,0.0,298,3178.3419151306152,0,0.0,0,0.0,,,,,,,
static,model_static/summary_timeseries.csv,20,15.6,298,119200.0,1163.0774822875155,14.20121742195375,1163 ± 14.2,1136.41357421875,1211.7552490234375,1.940387676626244,0.0022496970965876,1.94 ± 0.00225,1.940000057220459,1.9574874639511108,0.3721090606572333,0.227557946985991,0.3721 ± 0.2276,0.0274833136904463,1.5032500055566438,329.0,0.0,329 ± 0,329.0,329.0,73.26659877188254,0.0016058314135144,73.27 ± 0.001606,73.26443481445312,73.27167510986328,75.3416748046875,2,1,2,2,2:298,0,0,0.0,model_static,False,mckenzie2003,10.758299827575684,10.758299827575684,10.758299827575684,10.758299827575684,10.758299827575684,3.29,3.29,3.29,3.269999947591393,3.269999947591393,0,0.0,0,0.0,0,0.0,298,3205.9733486175537,0,0.0,0,0.0,,,,,,,
static,model_static/summary_timeseries.csv,20,15.5,298,119200.0,1163.0774822875155,14.20121742195375,1163 ± 14.2,1136.41357421875,1211.7552490234375,1.940387676626244,0.0022496970965876,1.94 ± 0.00225,1.940000057220459,1.9574874639511108,0.3721090606572333,0.227557946985991,0.3721 ± 0.2276,0.0274833136904463,1.5032500055566438,333.9295302013423,0.2559371136331321,333.9 ± 0.2559,333.0,334.0,72.2953228790488,0.0121139534194899,72.3 ± 0.01211,72.23920440673828,72.30015563964844,75.3416748046875,2,1,2,2,2:298,0,0,0.0,model_static,False,mckenzie2003,10.919495326560616,10.921799659729004,10.889100074768066,10.921799659729004,10.921799659729004,3.3392953020134226,3.34,3.34,3.269999906883996,3.2699998981224563,0,0.0,0,0.0,0,0.0,298,3254.0096073150635,0,0.0,0,0.0,,,,,,,
static,model_static/summary_timeseries.csv,20,15.4,298,119200.0,1163.0774822875155,14.20121742195375,1163 ± 14.2,1136.41357421875,1211.7552490234375,1.940387676626244,0.0022496970965876,1.94 ± 0.00225,1.940000057220459,1.9574874639511108,0.3721090606572333,0.227557946985991,0.3721 ± 0.2276,0.0274833136904463,1.5032500055566438,336.17785234899327,0.3823884032640871,336.2 ± 0.3824,336.0,337.0,75.03854792550106,0.0184146131574769,75.04 ± 0.01841,75.01692199707031,75.07853698730469,75.3416748046875,2,1,2,2,2:298,0,0,0.0,model_static,False,mckenzie2003,10.99301565093482,10.987199783325195,10.987199783325195,11.01990032196045,11.01990032196045,3.361778523489933,3.36,3.37,3.2699999639740547,3.269999935513451,0,0.0,0,0.0,0,0.0,298,3275.9186639785767,0,0.0,0,0.0,,,,,,,
static,model_static/summary_timeseries.csv,20,15.3,298,119200.0,1163.0774822875155,14.20121742195375,1163 ± 14.2,1136.41357421875,1211.7552490234375,1.940387676626244,0.0022496970965876,1.94 ± 0.00225,1.940000057220459,1.9574874639511108,0.3721090606572333,0.227557946985991,0.3721 ± 0.2276,0.0274833136904463,1.5032500055566438,342.0,0.0,342 ± 0,342.0,342.0,77.97256229067808,0.0022715230568664,77.97 ± 0.002272,77.95943450927734,77.97502899169922,75.3416748046875,2,1,2,2,2:298,0,0,0.0,model_static,False,mckenzie2003,11.18340015411377,11.18340015411377,11.18340015411377,11.18340015411377,11.18340015411377,3.420000000000001,3.42,3.42,3.2700000450625057,3.2700000450625057,0,0.0,0,0.0,0,0.0,298,3332.653245925904,0,0.0,0,0.0,,,,,,,
static,model_static/summary_timeseries.csv,20,15.2,298,119200.0,1163.0774822875155,14.20121742195375,1163 ± 14.2,1136.41357421875,1211.7552490234375,1.940387676626244,0.0022496970965876,1.94 ± 0.00225,1.940000057220459,1.9574874639511108,0.3721090606572333,0.227557946985991,0.3721 ± 0.2276,0.0274833136904463,1.5032500055566438,347.16107382550337,0.3675990318826618,347.2 ± 0.3676,347.0,348.0,76.78568984678128,0.0159220959282266,76.79 ± 0.01592,76.77644348144531,76.82302856445312,75.3416748046875,1,1,1,1,1:298,0,0,0.0,model_static,False,mckenzie2003,11.35216703350912,11.34689998626709,11.34689998626709,11.379599571228027,11.379599571228027,3.4716107382550336,3.47,3.48,3.2699999768338968,3.269999996042389,0,0.0,0,0.0,0,0.0,298,3382.945775985718,0,0.0,0,0.0,,,,,,,
static,model_static/summary_timeseries.csv,20,15.1,298,119200.0,1163.0774822875155,14.20121742195375,1163 ± 14.2,1136.41357421875,1211.7552490234375,1.940387676626244,0.0022496970965876,1.94 ± 0.00225,1.940000057220459,1.9574874639511108,0.3721090606572333,0.227557946985991,0.3721 ± 0.2276,0.0274833136904463,1.5032500055566438,353.2751677852349,0.4465987854929967,353.3 ± 0.4466,353.0,354.0,76.25813936067108,0.0251586736701978,76.26 ± 0.02516,76.23745727539062,76.30030822753906,75.3416748046875,1,1,1,1,1:298,0,0,0.0,model_static,False,mckenzie2003,11.552098229427466,11.543100357055664,11.543100357055664,11.575799942016602,11.575799942016602,3.532751677852349,3.53,3.54,3.270000068808882,3.2700001011489133,0,0.0,0,0.0,0,0.0,298,3442.5252723693848,0,0.0,0,0.0,,,,,,,
static,model_static/summary_timeseries.csv,20,15.0,298,119200.0,1163.0774822875155,14.20121742195375,1163 ± 14.2,1136.41357421875,1211.7552490234375,1.940387676626244,0.0022496970965876,1.94 ± 0.00225,1.940000057220459,1.9574874639511108,0.3721090606572333,0.227557946985991,0.3721 ± 0.2276,0.0274833136904463,1.5032500055566438,350.9865771812081,0.1150766993253842,351 ± 0.1151,350.0,351.0,74.30377210066622,0.0052507687887743,74.3 ± 0.005251,74.258544921875,74.3063735961914,75.3416748046875,1,1,1,1,1:298,0,0,0.0,model_static,False,mckenzie2003,11.477261300054971,11.477700233459473,11.477700233459473,11.477700233459473,11.477700233459473,3.509865771812081,3.51,3.51,3.2700000644495053,3.27000006651267,0,0.0,0,0.0,0,0.0,298,3420.223867416382,0,0.0,0,0.0,,,,,,,
static,model_static/summary_timeseries.csv,20,14.9,298,119200.0,1163.0774822875155,14.20121742195375,1163 ± 14.2,1136.41357421875,1211.7552490234375,1.940387676626244,0.0022496970965876,1.94 ± 0.00225,1.940000057220459,1.9574874639511108,0.3721090606572333,0.227557946985991,0.3721 ± 0.2276,0.0274833136904463,1.5032500055566438,354.0,0.0,354 ± 0,354.0,354.0,71.38703624034088,0.0010924301651718,71.39 ± 0.001092,71.38465881347656,71.38955688476562,75.3416748046875,1,1,1,1,1:298,0,0,0.0,model_static,False,mckenzie2003,11.575799942016602,11.575799942016602,11.575799942016602,11.575799942016602,11.575799942016602,3.54,3.54,3.54,3.269999983620509,3.269999983620509,0,0.0,0,0.0,0,0.0,298,3449.5883827209477,0,0.0,0,0.0,,,,,,,
static,model_static/summary_timeseries.csv,20,14.8,298,119200.0,1163.0774822875155,14.20121742195375,1163 ± 14.2,1136.41357421875,1211.7552490234375,1.940387676626244,0.0022496970965876,1.94 ± 0.00225,1.940000057220459,1.9574874639511108,0.3721090606572333,0.227557946985991,0.3721 ± 0.2276,0.0274833136904463,1.5032500055566438,353.8993288590604,0.3008927754558375,353.9 ± 0.3009,353.0,354.0,73.96331113776904,0.0142573145331113,73.96 ± 0.01426,73.91561126708984,73.97119903564453,75.3416748046875,1,1,1,1,1:298,0,0,0.0,model_static,False,mckenzie2003,11.572508037490334,11.575799942016602,11.543100357055664,11.575799942016602,11.575799942016602,3.5389932885906035,3.54,3.54,3.2699999954522267,3.269999983620509,0,0.0,0,0.0,0,0.0,298,3448.607395172119,0,0.0,0,0.0,,,,,,,
static,model_static/summary_timeseries.csv,20,14.7,298,119200.0,1163.0774822875155,14.20121742195375,1163 ± 14.2,1136.41357421875,1211.7552490234375,1.940387676626244,0.0022496970965876,1.94 ± 0.00225,1.940000057220459,1.9574874639511108,0.3721090606572333,0.227557946985991,0.3721 ± 0.2276,0.0274833136904463,1.5032500055566438,359.0,0.0,359 ± 0,359.0,359.0,72.95094847199101,0.0032819815235321,72.95 ± 0.003282,72.94107818603516,72.95409393310547,75.3416748046875,1,1,1,1,1:298,0,0,0.0,model_static,False,mckenzie2003,11.739299774169922,11.739299774169922,11.739299774169922,11.739299774169922,11.739299774169922,3.5900000000000007,3.59,3.59,3.2699999370946853,3.2699999370946857,0,0.0,0,0.0,0,0.0,298,3498.3113327026367,0,0.0,0,0.0,,,,,,,
static,model_static/summary_timeseries.csv,20,14.6,298,119200.0,1163.0774822875155,14.20121742195375,1163 ± 14.2,1136.41357421875,1211.7552490234375,1.940387676626244,0.0022496970965876,1.94 ± 0.00225,1.940000057220459,1.9574874639511108,0.3721090606572333,0.227557946985991,0.3721 ± 0.2276,0.0274833136904463,1.5032500055566438,374.996644295302,0.0578311675825976,375 ± 0.05783,374.0,375.0,76.60315299834181,0.002747105692476,76.6 ± 0.002747,76.5606689453125,76.60565185546875,75.3416748046875,1,1,1,1,1:298,0,0,0.0,model_static,False,mckenzie2003,12.262390079114262,12.262499809265137,12.262499809265137,12.262499809265137,12.262499809265137,3.74996644295302,3.75,3.75,3.269999949509307,3.26999994913737,0,0.0,0,0.0,0,0.0,298,3654.19224357605,0,0.0,0,0.0,,,,,,,
static,model_static/summary_timeseries.csv,20,14.5,298,119200.0,1163.0774822875155,14.20121742195375,1163 ± 14.2,1136.41357421875,1211.7552490234375,1.940387676626244,0.0022496970965876,1.94 ± 0.00225,1.940000057220459,1.9574874639511108,0.3721090606572333,0.227557946985991,0.3721 ± 0.2276,0.0274833136904463,1.5032500055566438,385.0,0.0,385 ± 0,385.0,385.0,78.33054635988786,0.0006979201797939,78.33 ± 0.0006979,78.32930755615234,78.33158874511719,75.3416748046875,1,1,1,1,1:298,0,0,0.0,model_static,False,mckenzie2003,12.589500427246094,12.589500427246094,12.589500427246094,12.589500427246094,12.589500427246094,3.850000000000001,3.85,3.85,3.270000110973011,3.2700001109730112,0,0.0,0,0.0,0,0.0,298,3751.671127319336,0,0.0,0,0.0,,,,,,,
static,model_static/summary_timeseries.csv,20,14.4,298,119200.0,1163.0774822875155,14.20121742195375,1163 ± 14.2,1136.41357421875,1211.7552490234375,1.940387676626244,0.0022496970965876,1.94 ± 0.00225,1.940000057220459,1.9574874639511108,0.3721090606572333,0.227557946985991,0.3721 ± 0.2276,0.0274833136904463,1.5032500055566438,395.16442953020135,0.3706648888134781,395.2 ± 0.3707,395.0,396.0,78.1877420412614,0.0192329476004326,78.19 ± 0.01923,78.17488098144531,78.23141479492188,75.3416748046875,1,1,1,1,1:298,0,0,0.0,model_static,False,mckenzie2003,12.92187686894564,12.916500091552734,12.916500091552734,12.949199676513672,12.949199676513672,3.951644295302013,3.95,3.96,3.2700000059347785,3.270000023177907,0,0.0,0,0.0,0,0.0,298,3850.719306945801,0,0.0,0,0.0,,,,,,,
static,model_static/summary_timeseries.csv,20,14.3,298,119200.0,1163.0774822875155,14.20121742195375,1163 ± 14.2,1136.41357421875,1211.7552490234375,1.940387676626244,0.0022496970965876,1.94 ± 0.00225,1.940000057220459,1.9574874639511108,0.3721090606572333,0.227557946985991,0.3721 ± 0.2276,0.0274833136904463,1.5032500055566438,388.1107382550336,0.3138077339800278,388.1 ± 0.3138,388.0,389.0,78.62382386994842,0.0145247692311419,78.62 ± 0.01452,78.60943603515625,78.66458129882812,75.3416748046875,1,1,1,1,1:298,0,0,0.0,model_static,False,mckenzie2003,12.69122123078212,12.687600135803224,12.687600135803224,12.72029972076416,12.72029972076416,3.881107382550335,3.88,3.89,3.270000023175776,3.2700000350008307,0,0.0,0,0.0,0,0.0,298,3781.9839267730713,0,0.0,0,0.0,,,,,,,
static,model_static/summary_timeseries.csv,20,14.2,298,119200.0,1163.0774822875155,14.20121742195375,1163 ± 14.2,1136.41357421875,1211.7552490234375,1.940387676626244,0.0022496970965876,1.94 ± 0.00225,1.940000057220459,1.9574874639511108,0.3721090606572333,0.227557946985991,0.3721 ± 0.2276,0.0274833136904463,1.5032500055566438,377.0,0.0,377 ± 0,377.0,377.0,74.53836866033157,0.0011419786787783,74.54 ± 0.001142,74.52982330322266,74.54014587402344,75.3416748046875,1,1,1,1,1:298,0,0,0.0,model_static,False,mckenzie2003,12.327899932861328,12.327899932861328,12.327899932861328,12.327899932861328,12.327899932861328,3.77,3.77,3.77,3.269999982191333,3.269999982191334,0,0.0,0,0.0,0,0.0,298,3673.714179992676,0,0.0,0,0.0,,,,,,,
static,model_static/summary_timeseries.csv,20,14.1,298,119200.0,1163.0774822875155,14.20121742195375,1163 ± 14.2,1136.41357421875,1211.7552490234375,1.940387676626244,0.0022496970965876,1.94 ± 0.00225,1.940000057220459,1.9574874639511108,0.3721090606572333,0.227557946985991,0.3721 ± 0.2276,0.0274833136904463,1.5032500055566438,363.4127516778523,0.4923288842658124,363.4 ± 0.4923,363.0,364.0,74.9843937150584,0.0227010068184136,74.98 ± 0.0227,74.95230102539062,75.0160140991211,75.3416748046875,1,1,1,1,1:298,0,0,0.0,model_static,False,mckenzie2003,11.883596829920007,11.870100021362305,11.870100021362305,11.902799606323242,11.902799606323242,3.6341275167785234,3.63,3.64,3.2699999588156023,3.270000005884933,0,0.0,0,0.0,0,0.0,298,3541.311855316162,0,0.0,0,0.0,,,,,,,
static,model_static/summary_timeseries.csv,20,14.0,298,119200.0,1163.0774822875155,14.20121742195375,1163 ± 14.2,1136.41357421875,1211.7552490234375,1.940387676626244,0.0022496970965876,1.94 ± 0.00225,1.940000057220459,1.9574874639511108,0.3721090606572333,0.227557946985991,0.3721 ± 0.2276,0.0274833136904463,1.5032500055566438,362.5771812080537,0.4940071468343072,362.6 ± 0.494,362.0,363.0,72.92305420229098,0.0266581201239615,72.92 ± 0.02666,72.88883209228516,72.95549774169922,75.3416748046875,1,1,1,1,1:298,0,0,0.0,model_static,False,mckenzie2003,11.856274022351975,11.870100021362305,11.837400436401367,11.870100021362305,11.870100021362305,3.625771812080537,3.63,3.63,3.2700000543686887,3.270000005884933,0,0.0,0,0.0,0,0.0,298,3533.1696586608887,0,0.0,0,0.0,,,,,,,
static,model_static/summary_timeseries.csv,20,13.9,298,119200.0,1163.0774822875155,14.20121742195375,1163 ± 14.2,1136.41357421875,1211.7552490234375,1.940387676626244,0.0022496970965876,1.94 ± 0.00225,1.940000057220459,1.9574874639511108,0.3721090606572333,0.227557946985991,0.3721 ± 0.2276,0.0274833136904463,1.5032500055566438,379.0,0.0,379 ± 0,379.0,379.0,75.29663080817102,0.0025257355532865,75.3 ± 0.002526,75.29277038574219,75.30152130126953,75.3416748046875,1,1,1,1,1:298,0,0,0.0,model_static,False,mckenzie2003,12.39330005645752,12.39330005645752,12.39330005645752,12.39330005645752,12.39330005645752,3.79,3.79,3.79,3.2700000148964428,3.270000014896443,0,0.0,0,0.0,0,0.0,298,3693.203416824341,0,0.0,0,0.0,,,,,,,
static,model_static/summary_timeseries.csv,20,13.8,298,119200.0,1163.0774822875155,14.20121742195375,1163 ± 14.2,1136.41357421875,1211.7552490234375,1.940387676626244,0.0022496970965876,1.94 ± 0.00225,1.940000057220459,1.9574874639511108,0.3721090606572333,0.227557946985991,0.3721 ± 0.2276,0.0274833136904463,1.5032500055566438,391.993288590604,0.0816478191986338,392 ± 0.08165,391.0,392.0,76.77992683769072,0.0039098856170786,76.78 ± 0.00391,76.73423767089844,76.78296661376953,75.3416748046875,1,1,1,1,1:298,0,0,0.0,model_static,False,mckenzie2003,12.818180916293356,12.818400382995604,12.818400382995604,12.818400382995604,12.818400382995604,3.9199328859060407,3.92,3.92,3.2700000967800857,3.270000097702961,0,0.0,0,0.0,0,0.0,298,3819.81791305542,0,0.0,0,0.0,,,,,,,
static,model_static/summary_timeseries.csv,20,13.7,298,119200.0,1163.0774822875155,14.20121742195375,1163 ± 14.2,1136.41357421875,1211.7552490234375,1.940387676626244,0.0022496970965876,1.94 ± 0.00225,1.940000057220459,1.9574874639511108,0.3721090606572333,0.227557946985991,0.3721 ± 0.2276,0.0274833136904463,1.5032500055566438,398.993288590604,0.0816478191986338,399 ± 0.08165,398.0,399.0,80.32285198749312,0.0050281408865477,80.32 ± 0.005028,80.27689361572266,80.32960510253906,75.3416748046875,1,1,1,1,1:298,0,0,0.0,model_static,False,mckenzie2003,13.047080872042867,13.047300338745115,13.047300338745115,13.047300338745115,13.047300338745115,3.989932885906042,3.99,3.99,3.2700000839916656,3.2700000848985256,0,0.0,0,0.0,0,0.0,298,3888.0300998687744,0,0.0,0,0.0,,,,,,,
static,model_static/summary_timeseries.csv,20,13.6,298,119200.0,1163.0774822875155,14.20121742195375,1163 ± 14.2,1136.41357421875,1211.7552490234375,1.940387676626244,0.0022496970965876,1.94 ± 0.00225,1.940000057220459,1.9574874639511108,0.3721090606572333,0.227557946985991,0.3721 ± 0.2276,0.0274833136904463,1.5032500055566438,403.0,0.0,403 ± 0,403.0,403.0,78.10854659624547,0.0007273310630458,78.11 ± 0.0007273,78.1068344116211,78.10987854003906,75.3416748046875,1,1,1,1,1:298,0,0,0.0,model_static,False,mckenzie2003,13.178099632263184,13.178099632263184,13.178099632263184,13.178099632263184,13.178099632263184,4.03,4.03,4.03,3.269999908750169,3.269999908750169,0,0.0,0,0.0,0,0.0,298,3927.0736904144287,0,0.0,0,0.0,,,,,,,
static,model_static/summary_timeseries.csv,20,13.5,298,119200.0,1163.0774822875155,14.20121742195375,1163 ± 14.2,1136.41357421875,1211.7552490234375,1.940387676626244,0.0022496970965876,1.94 ± 0.00225,1.940000057220459,1.9574874639511108,0.3721090606572333,0.227557946985991,0.3721 ± 0.2276,0.0274833136904463,1.5032500055566438,398.993288590604,0.0816478191986338,399 ± 0.08165,398.0,399.0,79.8318582829213,0.0041761704056869,79.83 ± 0.004176,79.78620910644531,79.83619689941406,75.3416748046875,1,1,1,1,1:298,0,0,0.0,model_static,False,mckenzie2003,13.047080872042867,13.047300338745115,13.047300338745115,13.047300338745115,13.047300338745115,3.989932885906042,3.99,3.99,3.2700000839916656,3.2700000848985256,0,0.0,0,0.0,0,0.0,298,3888.0300998687744,0,0.0,0,0.0,,,,,,,
static,model_static/summary_timeseries.csv,20,13.4,298,119200.0,1163.0774822875155,14.20121742195375,1163 ± 14.2,1136.41357421875,1211.7552490234375,1.940387676626244,0.0022496970965876,1.94 ± 0.00225,1.940000057220459,1.9574874639511108,0.3721090606572333,0.227557946985991,0.3721 ± 0.2276,0.0274833136904463,1.5032500055566438,394.9395973154362,0.2382314006617295,394.9 ± 0.2382,394.0,395.0,76.68013292351026,0.0113649169217546,76.68 ± 0.01136,76.63334655761719,76.68467712402344,75.3416748046875,1,1,1,1,1:298,0,0,0.0,model_static,False,mckenzie2003,12.914524891232483,12.916500091552734,12.88379955291748,12.916500091552734,12.916500091552734,3.949395973154363,3.95,3.95,3.270000014923842,3.270000023177907,0,0.0,0,0.0,0,0.0,298,3848.52841758728,0,0.0,0,0.0,,,,,,,
static,model_static/summary_timeseries.csv,20,13.3,298,119200.0,1163.0774822875155,14.20121742195375,1163 ± 14.2,1136.41357421875,1211.7552490234375,1.940387676626244,0.0022496970965876,1.94 ± 0.00225,1.940000057220459,1.9574874639511108,0.3721090606572333,0.227557946985991,0.3721 ± 0.2276,0.0274833136904463,1.5032500055566438,393.8255033557047,0.379535986995938,393.8 ± 0.3795,393.0,394.0,78.32144252085845,0.0169080728719046,78.32 ± 0.01691,78.27758026123047,78.3313217163086,75.3416748046875,1,1,1,1,1:298,0,0,0.0,model_static,False,mckenzie2003,12.878093585071948,12.88379955291748,12.851099967956545,12.88379955291748,12.88379955291748,3.938255033557047,3.94,3.94,3.2699999049051214,3.2699998865272795,0,0.0,0,0.0,0,0.0,298,3837.67188835144,0,0.0,0,0.0,,,,,,,
static,model_static/summary_timeseries.csv,20,13.2,298,119200.0,1163.0774822875155,14.20121742195375,1163 ± 14.2,1136.41357421875,1211.7552490234375,1.940387676626244,0.0022496970965876,1.94 ± 0.00225,1.940000057220459,1.9574874639511108,0.3721090606572333,0.227557946985991,0.3721 ± 0.2276,0.0274833136904463,1.5032500055566438,390.9697986577181,0.1711409395973154,391 ± 0.1711,390.0,391.0,78.49020024754057,0.009078145090045,78.49 ± 0.009078,78.43960571289062,78.50276184082031,75.3416748046875,1,1,1,1,1:298,0,0,0.0,model_static,False,mckenzie2003,12.784712273002471,12.785699844360352,12.785699844360352,12.785699844360352,12.785699844360352,3.9096979865771817,3.91,3.91,3.269999963405416,3.269999960194464,0,0.0,0,0.0,0,0.0,298,3809.844257354736,0,0.0,0,0.0,,,,,,,
static,model_static/summary_timeseries.csv,20,13.1,298,119200.0,1163.0774822875155,14.20121742195375,1163 ± 14.2,1136.41357421875,1211.7552490234375,1.940387676626244,0.0022496970965876,1.94 ± 0.00225,1.940000057220459,1.9574874639511108,0.3721090606572333,0.227557946985991,0.3721 ± 0.2276,0.0274833136904463,1.5032500055566438,396.51006711409394,0.4998986429405658,396.5 ± 0.4999,396.0,397.0,78.48894290796062,0.024315506553272,78.49 ± 0.02432,78.45975494384766,78.5139389038086,75.3416748046875,1,1,1,1,1:298,0,0,0.0,model_static,False,mckenzie2003,12.965879145884674,12.981900215148926,12.949199676513672,12.981900215148926,12.981900215148926,3.9651006711409393,3.97,3.97,3.26999998762055,3.270000054193684,0,0.0,0,0.0,0,0.0,298,3863.831985473633,0,0.0,0,0.0,,,,,,,
static,model_static/summary_timeseries.csv,20,13.0,298,119200.0,1163.0774822875155,14.20121742195375,1163 ± 14.2,1136.41357421875,1211.7552490234375,1.940387676626244,0.0022496970965876,1.94 ± 0.00225,1.940000057220459,1.9574874639511108,0.3721090606572333,0.227557946985991,0.3721 ± 0.2276,0.0274833136904463,1.5032500055566438,396.0,0.0,396 ± 0,396.0,396.0,83.47464613946492,0.0050462556160124,83.47 ± 0.005046,83.4679183959961,83.48159790039062,75.3416748046875,1,1,1,1,1:298,0,0,0.0,model_static,False,mckenzie2003,12.949199676513672,12.949199676513672,12.949199676513672,12.949199676513672,12.949199676513672,3.96,3.96,3.96,3.269999918311534,3.2699999183115334,0,0.0,0,0.0,0,0.0,298,3858.861503601074,0,0.0,0,0.0,,,,,,,
static,model_static/summary_timeseries.csv,20,12.9,298,119200.0,1163.0774822875155,14.20121742195375,1163 ± 14.2,1136.41357421875,1211.7552490234375,1.940387676626244,0.0022496970965876,1.94 ± 0.00225,1.940000057220459,1.9574874639511108,0.3721090606572333,0.227557946985991,0.3721 ± 0.2276,0.0274833136904463,1.5032500055566438,384.0,0.0,384 ± 0,384.0,384.0,66.18049265714299,0.0008791224896329,66.18 ± 0.0008791,66.1787109375,66.18226623535156,75.3416748046875,1,1,1,1,1:298,0,0,0.0,model_static,False,mckenzie2003,12.55679988861084,12.55679988861084,12.55679988861084,12.55679988861084,12.55679988861084,3.8400000000000007,3.84,3.84,3.269999970992406,3.2699999709924064,0,0.0,0,0.0,0,0.0,298,3741.9263668060303,0,0.0,0,0.0,,,,,,,
static,model_static/summary_timeseries.csv,20,12.8,298,119200.0,1163.0774822875155,14.20121742195375,1163 ± 14.2,1136.41357421875,1211.7552490234375,1.940387676626244,0.0022496970965876,1.94 ± 0.00225,1.940000057220459,1.9574874639511108,0.3721090606572333,0.227557946985991,0.3721 ± 0.2276,0.0274833136904463,1.5032500055566438,385.0,0.0,385 ± 0,385.0,385.0,65.33120599529087,0.0049114644279703,65.33 ± 0.004911,65.31910705566406,65.33570861816406,75.3416748046875,1,1,1,1,1:298,0,0,0.0,model_static,False,mckenzie2003,12.589500427246094,12.589500427246094,12.589500427246094,12.589500427246094,12.589500427246094,3.850000000000001,3.85,3.85,3.270000110973011,3.2700001109730112,0,0.0,0,0.0,0,0.0,298,3751.671127319336,0,0.0,0,0.0,,,,,,,
static,model_static/summary_timeseries.csv,20,12.7,298,119200.0,1163.0774822875155,14.20121742195375,1163 ± 14.2,1136.41357421875,1211.7552490234375,1.940387676626244,0.0022496970965876,1.94 ± 0.00225,1.940000057220459,1.9574874639511108,0.3721090606572333,0.227557946985991,0.3721 ± 0.2276,0.0274833136904463,1.5032500055566438,388.0,0.0,388 ± 0,388.0,388.0,65.84216124259386,0.0018691465159907,65.84 ± 0.001869,65.83586883544922,65.84564208984375,75.3416748046875,1,1,1,1,1:298,0,0,0.0,model_static,False,mckenzie2003,12.687600135803224,12.687600135803224,12.687600135803224,12.687600135803224,12.687600135803224,3.88,3.88,3.88,3.2700000350008307,3.2700000350008307,0,0.0,0,0.0,0,0.0,298,3780.90484046936,0,0.0,0,0.0,,,,,,,
static,model_static/summary_timeseries.csv,20,12.6,298,119200.0,1163.0774822875155,14.20121742195375,1163 ± 14.2,1136.41357421875,1211.7552490234375,1.940387676626244,0.0022496970965876,1.94 ± 0.00225,1.940000057220459,1.9574874639511108,0.3721090606572333,0.227557946985991,0.3721 ± 0.2276,0.0274833136904463,1.5032500055566438,385.0,0.0,385 ± 0,385.0,385.0,63.31710321311183,0.0012098533060114,63.32 ± 0.00121,63.313323974609375,63.319942474365234,75.3416748046875,1,1,1,1,1:298,0,0,0.0,model_static,False,mckenzie2003,12.589500427246094,12.589500427246094,12.589500427246094,12.589500427246094,12.589500427246094,3.850000000000001,3.85,3.85,3.270000110973011,3.2700001109730112,0,0.0,0,0.0,0,0.0,298,3751.671127319336,0,0.0,0,0.0,,,,,,,
static,model_static/summary_timeseries.csv,20,12.5,298,119200.0,1163.0774822875155,14.20121742195375,1163 ± 14.2,1136.41357421875,1211.7552490234375,1.940387676626244,0.0022496970965876,1.94 ± 0.00225,1.940000057220459,1.9574874639511108,0.3721090606572333,0.227557946985991,0.3721 ± 0.2276,0.0274833136904463,1.5032500055566438,382.4395973154362,0.4963381062315194,382.4 ± 0.4963,382.0,383.0,63.25805273632075,0.0239553235117202,63.26 ± 0.02396,63.2320442199707,63.292179107666016,75.3416748046875,1,1,1,1,1:298,0,0,0.0,model_static,False,mckenzie2003,12.505774834012024,12.491399765014648,12.491399765014648,12.524100303649902,12.524100303649902,3.824395973154362,3.82,3.83,3.2700000003792504,3.2699999384855096,0,0.0,0,0.0,0,0.0,298,3726.720900535584,0,0.0,0,0.0,,,,,,,
static,model_static/summary_timeseries.csv,20,12.4,298,119200.0,1163.0774822875155,14.20121742195375,1163 ± 14.2,1136.41357421875,1211.7552490234375,1.940387676626244,0.0022496970965876,1.94 ± 0.00225,1.940000057220459,1.9574874639511108,0.3721090606572333,0.227557946985991,0.3721 ± 0.2276,0.0274833136904463,1.5032500055566438,384.0,0.0,384 ± 0,384.0,384.0,64.89962740392492,0.0017009553239246,64.9 ± 0.001701,64.89641571044922,64.90271759033203,75.3416748046875,1,1,1,1,1:298,0,0,0.0,model_static,False,mckenzie2003,12.55679988861084,12.55679988861084,12.55679988861084,12.55679988861084,12.55679988861084,3.8400000000000007,3.84,3.84,3.269999970992406,3.2699999709924064,0,0.0,0,0.0,0,0.0,298,3741.9263668060303,0,0.0,0,0.0,,,,,,,
static,model_static/summary_timeseries.csv,20,12.3,298,119200.0,1163.0774822875155,14.20121742195375,1163 ± 14.2,1136.41357421875,1211.7552490234375,1.940387676626244,0.0022496970965876,1.94 ± 0.00225,1.940000057220459,1.9574874639511108,0.3721090606572333,0.227557946985991,0.3721 ± 0.2276,0.0274833136904463,1.5032500055566438,381.0973154362416,0.2963868116342489,381.1 ± 0.2964,381.0,382.0,63.83537301441167,0.0153899164505939,63.84 ± 0.01539,63.82619857788086,63.88530731201172,75.3416748046875,1,1,1,1,1:298,0,0,0.0,model_static,False,mckenzie2003,12.461882354429104,12.458700180053713,12.458700180053713,12.491399765014648,12.491399765014648,3.810973154362416,3.81,3.82,3.270000036672931,3.270000047258192,0,0.0,0,0.0,0,0.0,298,3713.640941619873,0,0.0,0,0.0,,,,,,,
static,model_static/summary_timeseries.csv,20,12.2,298,119200.0,1163.0774822875155,14.20121742195375,1163 ± 14.2,1136.41357421875,1211.7552490234375,1.940387676626244,0.0022496970965876,1.94 ± 0.00225,1.940000057220459,1.9574874639511108,0.3721090606572333,0.227557946985991,0.3721 ± 0.2276,0.0274833136904463,1.5032500055566438,381.9832214765101,0.1284406658322459,382 ± 0.1284,381.0,382.0,61.685513157172494,0.0065546011615249,61.69 ± 0.006555,61.63603591918945,61.69000625610352,75.3416748046875,1,1,1,1,1:298,0,0,0.0,model_static,False,mckenzie2003,12.49085111426027,12.491399765014648,12.491399765014648,12.491399765014648,12.491399765014648,3.8198322147651007,3.82,3.82,3.269999940310554,3.2699999384855096,0,0.0,0,0.0,0,0.0,298,3722.273632049561,0,0.0,0,0.0,,,,,,,
static,model_static/summary_timeseries.csv,20,12.1,298,119200.0,1163.0774822875155,14.20121742195375,1163 ± 14.2,1136.41357421875,1211.7552490234375,1.940387676626244,0.0022496970965876,1.94 ± 0.00225,1.940000057220459,1.9574874639511108,0.3721090606572333,0.227557946985991,0.3721 ± 0.2276,0.0274833136904463,1.5032500055566438,388.6476510067114,0.4777019784521593,388.6 ± 0.4777,388.0,389.0,63.980107646660514,0.0226647812505687,63.98 ± 0.02266,63.944862365722656,63.99946594238281,75.3416748046875,1,1,1,1,1:298,0,0,0.0,model_static,False,mckenzie2003,12.708778054922218,12.72029972076416,12.687600135803224,12.72029972076416,12.72029972076416,3.8864765100671135,3.89,3.89,3.26999996584218,3.269999928217008,0,0.0,0,0.0,0,0.0,298,3787.215860366821,0,0.0,0,0.0,,,,,,,
static,model_static/summary_timeseries.csv,20,12.0,298,119200.0,1163.0774822875155,14.20121742195375,1163 ± 14.2,1136.41357421875,1211.7552490234375,1.940387676626244,0.0022496970965876,1.94 ± 0.00225,1.940000057220459,1.9574874639511108,0.3721090606572333,0.227557946985991,0.3721 ± 0.2276,0.0274833136904463,1.5032500055566438,393.0,0.0,393 ± 0,393.0,393.0,67.29708060962241,0.000860029222906,67.3 ± 0.00086,67.29510498046875,67.29889678955078,75.3416748046875,1,1,1,1,1:298,0,0,0.0,model_static,False,mckenzie2003,12.851099967956545,12.851099967956545,12.851099967956545,12.851099967956545,12.851099967956545,3.93,3.93,3.93,3.269999991846448,3.2699999918464484,0,0.0,0,0.0,0,0.0,298,3829.62779045105,0,0.0,0,0.0,,,,,,,
static,model_static/summary_timeseries.csv,20,11.9,298,119200.0,1163.0774822875155,14.20121742195375,1163 ± 14.2,1136.41357421875,1211.7552490234375,1.940387676626244,0.0022496970965876,1.94 ± 0.00225,1.940000057220459,1.9574874639511108,0.3721090606572333,0.227557946985991,0.3721 ± 0.2276,0.0274833136904463,1.5032500055566438,407.0,0.0,407 ± 0,407.0,407.0,68.78797198301994,0.0019762295426406,68.79 ± 0.001976,68.7818603515625,68.7920913696289,75.3416748046875,1,1,1,1,1:298,0,0,0.0,model_static,False,mckenzie2003,13.308899879455566,13.308899879455566,13.308899879455566,13.308899879455566,13.308899879455566,4.07,4.07,4.07,3.2699999703822025,3.269999970382203,0,0.0,0,0.0,0,0.0,298,3966.052164077759,0,0.0,0,0.0,,,,,,,
static,model_static/summary_timeseries.csv,20,11.8,298,119200.0,1163.0774822875155,14.20121742195375,1163 ± 14.2,1136.41357421875,1211.7552490234375,1.940387676626244,0.0022496970965876,1.94 ± 0.00225,1.940000057220459,1.9574874639511108,0.3721090606572333,0.227557946985991,0.3721 ± 0.2276,0.0274833136904463,1.5032500055566438,412.0,0.0,412 ± 0,412.0,412.0,69.69026685881134,0.001505321756287,69.69 ± 0.001505,69.68685150146484,69.6936264038086,75.3416748046875,1,1,1,1,1:298,0,0,0.0,model_static,False,mckenzie2003,13.472399711608888,13.472399711608888,13.472399711608888,13.472399711608888,13.472399711608888,4.12,4.12,4.12,3.2699999300021565,3.269999930002157,0,0.0,0,0.0,0,0.0,298,4014.775114059448,0,0.0,0,0.0,,,,,,,
static,model_static/summary_timeseries.csv,20,11.7,298,119200.0,1163.0774822875155,14.20121742195375,1163 ± 14.2,1136.41357421875,1211.7552490234375,1.940387676626244,0.0022496970965876,1.94 ± 0.00225,1.940000057220459,1.9574874639511108,0.3721090606572333,0.227557946985991,0.3721 ± 0.2276,0.0274833136904463,1.5032500055566438,412.0,0.0,412 ± 0,412.0,412.0,70.63084921100796,0.0035552892839691,70.63 ± 0.003555,70.61759948730469,70.63380432128906,75.3416748046875,1,1,1,1,1:298,0,0,0.0,model_static,False,mckenzie2003,13.472399711608888,13.472399711608888,13.472399711608888,13.472399711608888,13.472399711608888,4.12,4.12,4.12,3.2699999300021565,3.269999930002157,0,0.0,0,0.0,0,0.0,298,4014.775114059448,0,0.0,0,0.0,,,,,,,
static,model_static/summary_timeseries.csv,20,11.6,298,119200.0,1163.0774822875155,14.20121742195375,1163 ± 14.2,1136.41357421875,1211.7552490234375,1.940387676626244,0.0022496970965876,1.94 ± 0.00225,1.940000057220459,1.9574874639511108,0.3721090606572333,0.227557946985991,0.3721 ± 0.2276,0.0274833136904463,1.5032500055566438,420.0,0.0,420 ± 0,420.0,420.0,69.91844753290982,0.0039616086067572,69.92 ± 0.003962,69.9129638671875,69.92697143554688,75.3416748046875,1,1,1,1,1:298,0,0,0.0,model_static,False,mckenzie2003,13.734000205993652,13.734000205993652,13.734000205993652,13.734000205993652,13.734000205993652,4.2,4.2,4.2,3.270000049046108,3.270000049046108,0,0.0,0,0.0,0,0.0,298,4092.732061386109,0,0.0,0,0.0,,,,,,,
static,model_static/summary_timeseries.csv,20,11.5,298,119200.0,1163.0774822875155,14.20121742195375,1163 ± 14.2,1136.41357421875,1211.7552490234375,1.940387676626244,0.0022496970965876,1.94 ± 0.00225,1.940000057220459,1.9574874639511108,0.3721090606572333,0.227557946985991,0.3721 ± 0.2276,0.0274833136904463,1.5032500055566438,427.0,0.0,427 ± 0,427.0,427.0,73.9404312748237,0.0044420673638689,73.94 ± 0.004442,73.92516326904297,73.94540405273438,75.3416748046875,1,1,1,1,1:298,0,0,0.0,model_static,False,mckenzie2003,13.962900161743164,13.962900161743164,13.962900161743164,13.962900161743164,13.962900161743164,4.2700000000000005,4.2700000000000005,4.2700000000000005,3.2700000378789613,3.270000037878961,0,0.0,0,0.0,0,0.0,298,4160.944248199463,0,0.0,0,0.0,,,,,,,
static,model_static/summary_timeseries.csv,20,11.4,298,119200.0,1163.0774822875155,14.20121742195375,1163 ± 14.2,1136.41357421875,1211.7552490234375,1.940387676626244,0.0022496970965876,1.94 ± 0.00225,1.940000057220459,1.9574874639511108,0.3721090606572333,0.227557946985991,0.3721 ± 0.2276,0.0274833136904463,1.5032500055566438,434.1140939597315,0.3179253498611278,434.1 ± 0.3179,434.0,435.0,72.29382385663538,0.0141521487418474,72.29 ± 0.01415,72.28083038330078,72.33525085449219,75.3416748046875,1,1,1,1,1:298,0,0,0.0,model_static,False,mckenzie2003,14.195530942622447,14.191800117492676,14.191800117492676,14.224499702453612,14.224499702453612,4.341140939597316,4.34,4.3500000000000005,3.270000016179093,3.270000027072045,0,0.0,0,0.0,0,0.0,298,4230.268220901489,0,0.0,0,0.0,,,,,,,
static,model_static/summary_timeseries.csv,20,11.3,298,119200.0,1163.0774822875155,14.20121742195375,1163 ± 14.2,1136.41357421875,1211.7552490234375,1.940387676626244,0.0022496970965876,1.94 ± 0.00225,1.940000057220459,1.9574874639511108,0.3721090606572333,0.227557946985991,0.3721 ± 0.2276,0.0274833136904463,1.5032500055566438,433.0,0.0,433 ± 0,433.0,433.0,71.60035242170295,0.0036908845765884,71.6 ± 0.003691,71.5866470336914,71.6034164428711,75.3416748046875,1,1,1,1,1:298,0,0,0.0,model_static,False,mckenzie2003,14.159099578857422,14.159099578857422,14.159099578857422,14.159099578857422,14.159099578857422,4.329999999999999,4.33,4.33,3.2699999027384345,3.2699999027384345,0,0.0,0,0.0,0,0.0,298,4219.411674499512,0,0.0,0,0.0,,,,,,,
static,model_static/summary_timeseries.csv,20,11.2,298,119200.0,1163.0774822875155,14.20121742195375,1163 ± 14.2,1136.41357421875,1211.7552490234375,1.940387676626244,0.0022496970965876,1.94 ± 0.00225,1.940000057220459,1.9574874639511108,0.3721090606572333,0.227557946985991,0.3721 ± 0.2276,0.0274833136904463,1.5032500055566438,440.7953020134228,0.403480756503243,440.8 ± 0.4035,440.0,441.0,74.51066143880755,0.0166755192293238,74.51 ± 0.01668,74.46138000488281,74.52543640136719,75.3416748046875,1,1,1,1,1:298,0,0,0.0,model_static,False,mckenzie2003,14.414006338823562,14.420700073242188,14.387999534606934,14.420700073242188,14.420700073242188,4.4079530201342285,4.41,4.41,3.2699999915573974,3.270000016608205,0,0.0,0,0.0,0,0.0,298,4295.373888969421,0,0.0,0,0.0,,,,,,,
static,model_static/summary_timeseries.csv,20,11.1,298,119200.0,1163.0774822875155,14.20121742195375,1163 ± 14.2,1136.41357421875,1211.7552490234375,1.940387676626244,0.0022496970965876,1.94 ± 0.00225,1.940000057220459,1.9574874639511108,0.3721090606572333,0.227557946985991,0.3721 ± 0.2276,0.0274833136904463,1.5032500055566438,438.9261744966443,0.2614867079030625,438.9 ± 0.2615,438.0,439.0,76.63265753112384,0.0130770265932049,76.63 ± 0.01308,76.5846176147461,76.6388168334961,75.3416748046875,1,1,1,1,1:298,0,0,0.0,model_static,False,mckenzie2003,14.352885886326732,14.355299949645996,14.32260036468506,14.355299949645996,14.355299949645996,4.389261744966443,4.39,4.39,3.269999995523447,3.26999998852984,0,0.0,0,0.0,0,0.0,298,4277.159994125366,0,0.0,0,0.0,,,,,,,
static,model_static/summary_timeseries.csv,20,11.0,298,119200.0,1163.0774822875155,14.20121742195375,1163 ± 14.2,1136.41357421875,1211.7552490234375,1.940387676626244,0.0022496970965876,1.94 ± 0.00225,1.940000057220459,1.9574874639511108,0.3721090606572333,0.227557946985991,0.3721 ± 0.2276,0.0274833136904463,1.5032500055566438,443.0,0.0,443 ± 0,443.0,443.0,75.72748965064952,0.0011880434183616,75.73 ± 0.001188,75.72086334228516,75.73019409179688,75.3416748046875,1,1,1,1,1:298,0,0,0.0,model_static,False,mckenzie2003,14.48610019683838,14.48610019683838,14.48610019683838,14.48610019683838,14.48610019683838,4.43,4.43,4.43,3.2700000444330435,3.270000044433043,0,0.0,0,0.0,0,0.0,298,4316.857858657837,0,0.0,0,0.0,,,,,,,
static,model_static/summary_timeseries.csv,20,10.9,298,119200.0,1163.0774822875155,14.20121742195375,1163 ± 14.2,1136.41357421875,1211.7552490234375,1.940387676626244,0.0022496970965876,1.94 ± 0.00225,1.940000057220459,1.9574874639511108,0.3721090606572333,0.227557946985991,0.3721 ± 0.2276,0.0274833136904463,1.5032500055566438,441.6040268456376,0.4890587034157498,441.6 ± 0.4891,441.0,442.0,74.54286762211947,0.0218500358122533,74.54 ± 0.02185,74.51465606689453,74.56261444091797,75.3416748046875,1,1,1,1,1:298,0,0,0.0,model_static,False,mckenzie2003,14.4404515003998,14.453399658203123,14.420700073242188,14.453399658203123,14.453399658203123,4.416040268456376,4.42,4.42,3.269999959867244,3.26999992267039,0,0.0,0,0.0,0,0.0,298,4303.254547119141,0,0.0,0,0.0,,,,,,,
static,model_static/summary_timeseries.csv,20,10.8,298,119200.0,1163.0774822875155,14.20121742195375,1163 ± 14.2,1136.41357421875,1211.7552490234375,1.940387676626244,0.0022496970965876,1.94 ± 0.00225,1.940000057220459,1.9574874639511108,0.3721090606572333,0.227557946985991,0.3721 ± 0.2276,0.0274833136904463,1.5032500055566438,446.9832214765101,0.1284406658322459,447 ± 0.1284,446.0,447.0,74.78219386875229,0.0084392903306952,74.78 ± 0.008439,74.73194885253906,74.7937240600586,75.3416748046875,1,1,1,1,1:298,0,0,0.0,model_static,False,mckenzie2003,14.616351777275137,14.616900444030762,14.616900444030762,14.616900444030762,14.616900444030762,4.4698322147651,4.47,4.47,3.270000097313131,3.270000099335741,0,0.0,0,0.0,0,0.0,298,4355.672829627991,0,0.0,0,0.0,,,,,,,
static,model_static/summary_timeseries.csv,20,10.7,298,119200.0,1163.0774822875155,14.20121742195375,1163 ± 14.2,1136.41357421875,1211.7552490234375,1.940387676626244,0.0022496970965876,1.94 ± 0.00225,1.940000057220459,1.9574874639511108,0.3721090606572333,0.227557946985991,0.3721 ± 0.2276,0.0274833136904463,1.5032500055566438,441.1845637583893,0.3879432657986113,441.2 ± 0.3879,441.0,442.0,77.49072567728543,0.020820415332142,77.49 ± 0.02082,77.4735107421875,77.5429916381836,75.3416748046875,1,1,1,1,1:298,0,0,0.0,model_static,False,mckenzie2003,14.426735231540349,14.420700073242188,14.420700073242188,14.453399658203123,14.453399658203123,4.411845637583893,4.41,4.42,3.269999999270689,3.270000016608205,0,0.0,0,0.0,0,0.0,298,4299.167098999023,0,0.0,0,0.0,,,,,,,
static,model_static/summary_timeseries.csv,20,10.6,298,119200.0,1163.0774822875155,14.20121742195375,1163 ± 14.2,1136.41357421875,1211.7552490234375,1.940387676626244,0.0022496970965876,1.94 ± 0.00225,1.940000057220459,1.9574874639511108,0.3721090606572333,0.227557946985991,0.3721 ± 0.2276,0.0274833136904463,1.5032500055566438,441.0,0.0,441 ± 0,441.0,441.0,73.96290178746985,0.001294400997133,73.96 ± 0.001294,73.95745086669922,73.96484375,75.3416748046875,1,1,1,1,1:298,0,0,0.0,model_static,False,mckenzie2003,14.420700073242188,14.420700073242188,14.420700073242188,14.420700073242188,14.420700073242188,4.409999999999999,4.41,4.41,3.270000016608205,3.270000016608205,0,0.0,0,0.0,0,0.0,298,4297.368621826172,0,0.0,0,0.0,,,,,,,
static,model_static/summary_timeseries.csv,20,10.5,298,119200.0,1163.0774822875155,14.20121742195375,1163 ± 14.2,1136.41357421875,1211.7552490234375,1.940387676626244,0.0022496970965876,1.94 ± 0.00225,1.940000057220459,1.9574874639511108,0.3721090606572333,0.227557946985991,0.3721 ± 0.2276,0.0274833136904463,1.5032500055566438,441.9832214765101,0.1284406658322459,442 ± 0.1284,441.0,442.0,75.98992812393496,0.0060194852373719,75.99 ± 0.006019,75.94123840332031,75.99272155761719,75.3416748046875,1,1,1,1,1:298,0,0,0.0,model_static,False,mckenzie2003,14.452851007448746,14.453399658203123,14.453399658203123,14.453399658203123,14.453399658203123,4.419832214765101,4.42,4.42,3.269999924246528,3.26999992267039,0,0.0,0,0.0,0,0.0,298,4306.949600219727,0,0.0,0,0.0,,,,,,,
static,model_static/summary_timeseries.csv,20,10.4,298,119200.0,1163.0774822875155,14.20121742195375,1163 ± 14.2,1136.41357421875,1211.7552490234375,1.940387676626244,0.0022496970965876,1.94 ± 0.00225,1.940000057220459,1.9574874639511108,0.3721090606572333,0.227557946985991,0.3721 ± 0.2276,0.0274833136904463,1.5032500055566438,430.496644295302,0.4999887391191724,430.5 ± 0.5,430.0,431.0,73.93455973887603,0.0220415746419965,73.93 ± 0.02204,73.89900970458984,73.95804595947266,75.3416748046875,1,1,1,1,1:298,0,0,0.0,model_static,False,mckenzie2003,14.077240406266794,14.060999870300291,14.060999870300291,14.093700408935549,14.093700408935549,4.30496644295302,4.3,4.3100000000000005,3.270000031939349,3.269999969837277,0,0.0,0,0.0,0,0.0,298,4195.017641067505,0,0.0,0,0.0,,,,,,,
static,model_static/summary_timeseries.csv,20,10.3,298,119200.0,1163.0774822875155,14.20121742195375,1163 ± 14.2,1136.41357421875,1211.7552490234375,1.940387676626244,0.0022496970965876,1.94 ± 0.00225,1.940000057220459,1.9574874639511108,0.3721090606572333,0.227557946985991,0.3721 ± 0.2276,0.0274833136904463,1.5032500055566438,436.0,0.0,436 ± 0,436.0,436.0,76.36141012819022,0.0023161286754109,76.36 ± 0.002316,76.35801696777344,76.36761474609375,75.3416748046875,1,1,1,1,1:298,0,0,0.0,model_static,False,mckenzie2003,14.257200241088867,14.257200241088867,14.257200241088867,14.257200241088867,14.257200241088867,4.36,4.36,4.36,3.270000055295612,3.270000055295612,0,0.0,0,0.0,0,0.0,298,4248.645671844482,0,0.0,0,0.0,,,,,,,
static,model_static/summary_timeseries.csv,20,10.2,298,119200.0,1163.0774822875155,14.20121742195375,1163 ± 14.2,1136.41357421875,1211.7552490234375,1.940387676626244,0.0022496970965876,1.94 ± 0.00225,1.940000057220459,1.9574874639511108,0.3721090606572333,0.227557946985991,0.3721 ± 0.2276,0.0274833136904463,1.5032500055566438,436.0,0.0,436 ± 0,436.0,436.0,79.27316340504076,0.0013012756647745,79.27 ± 0.001301,79.2620620727539,79.2750473022461,75.3416748046875,1,1,1,1,1:298,0,0,0.0,model_static,False,mckenzie2003,14.257200241088867,14.257200241088867,14.257200241088867,14.257200241088867,14.257200241088867,4.36,4.36,4.36,3.270000055295612,3.270000055295612,0,0.0,0,0.0,0,0.0,298,4248.645671844482,0,0.0,0,0.0,,,,,,,
static,model_static/summary_timeseries.csv,20,10.1,298,119200.0,1163.0774822875155,14.20121742195375,1163 ± 14.2,1136.41357421875,1211.7552490234375,1.940387676626244,0.0022496970965876,1.94 ± 0.00225,1.940000057220459,1.9574874639511108,0.3721090606572333,0.227557946985991,0.3721 ± 0.2276,0.0274833136904463,1.5032500055566438,437.0,0.0,437 ± 0,437.0,437.0,76.66134200640172,0.0018487578311766,76.66 ± 0.001849,76.65371704101562,76.66504669189453,75.3416748046875,1,1,1,1,1:298,0,0,0.0,model_static,False,mckenzie2003,14.289899826049805,14.289899826049805,14.289899826049805,14.289899826049805,14.289899826049805,4.37,4.37,4.37,3.269999960194464,3.269999960194464,0,0.0,0,0.0,0,0.0,298,4258.390148162842,0,0.0,0,0.0,,,,,,,
static,model_static/summary_timeseries.csv,20,10.0,298,119200.0,1163.0774822875155,14.20121742195375,1163 ± 14.2,1136.41357421875,1211.7552490234375,1.940387676626244,0.0022496970965876,1.94 ± 0.00225,1.940000057220459,1.9574874639511108,0.3721090606572333,0.227557946985991,0.3721 ± 0.2276,0.0274833136904463,1.5032500055566438,434.9832214765101,0.1284406658322459,435 ± 0.1284,434.0,435.0,73.64363968612363,0.0074032654546276,73.64 ± 0.007403,73.59465789794922,73.65967559814453,75.3416748046875,1,1,1,1,1:298,0,0,0.0,model_static,False,mckenzie2003,14.223951051699236,14.224499702453612,14.224499702453612,14.224499702453612,14.224499702453612,4.349832214765102,4.3500000000000005,4.3500000000000005,3.2699999332004355,3.2699999315985315,0,0.0,0,0.0,0,0.0,298,4238.737413406372,0,0.0,0,0.0,,,,,,,
static,model_static/summary_timeseries.csv,20,9.9,298,119200.0,1163.0774822875155,14.20121742195375,1163 ± 14.2,1136.41357421875,1211.7552490234375,1.940387676626244,0.0022496970965876,1.94 ± 0.00225,1.940000057220459,1.9574874639511108,0.3721090606572333,0.227557946985991,0.3721 ± 0.2276,0.0274833136904463,1.5032500055566438,439.996644295302,0.0578311675825976,440 ± 0.05783,439.0,440.0,76.54821313947639,0.0035594267991358,76.55 ± 0.003559,76.49720764160156,76.5530014038086,75.3416748046875,1,1,1,1,1:298,0,0,0.0,model_static,False,mckenzie2003,14.38788980445606,14.387999534606934,14.387999534606934,14.387999534606934,14.387999534606934,4.399966442953019,4.4,4.4,3.2699998945452955,3.269999894228848,0,0.0,0,0.0,0,0.0,298,4287.591161727905,0,0.0,0,0.0,,,,,,,
static,model_static/summary_timeseries.csv,20,9.8,298,119200.0,1163.0774822875155,14.20121742195375,1163 ± 14.2,1136.41357421875,1211.7552490234375,1.940387676626244,0.0022496970965876,1.94 ± 0.00225,1.940000057220459,1.9574874639511108,0.3721090606572333,0.227557946985991,0.3721 ± 0.2276,0.0274833136904463,1.5032500055566438,439.0872483221477,0.2821986045856193,439.1 ± 0.2822,439.0,440.0,74.62531667107703,0.0126307075292932,74.63 ± 0.01263,74.6123275756836,74.66635131835938,75.3416748046875,1,1,1,1,1:298,0,0,0.0,model_static,False,mckenzie2003,14.358152933568762,14.355299949645996,14.355299949645996,14.387999534606934,14.387999534606934,4.390872483221477,4.39,4.4,3.2699999803022366,3.26999998852984,0,0.0,0,0.0,0,0.0,298,4278.729574203491,0,0.0,0,0.0,,,,,,,
static,model_static/summary_timeseries.csv,20,9.7,298,119200.0,1163.0774822875155,14.20121742195375,1163 ± 14.2,1136.41357421875,1211.7552490234375,1.940387676626244,0.0022496970965876,1.94 ± 0.00225,1.940000057220459,1.9574874639511108,0.3721090606572333,0.227557946985991,0.3721 ± 0.2276,0.0274833136904463,1.5032500055566438,441.0,0.0,441 ± 0,441.0,441.0,79.14093521937428,0.0010919582203112,79.14 ± 0.001092,79.13109588623047,79.1425552368164,75.3416748046875,1,1,1,1,1:298,0,0,0.0,model_static,False,mckenzie2003,14.420700073242188,14.420700073242188,14.420700073242188,14.420700073242188,14.420700073242188,4.409999999999999,4.41,4.41,3.270000016608205,3.270000016608205,0,0.0,0,0.0,0,0.0,298,4297.368621826172,0,0.0,0,0.0,,,,,,,
static,model_static/summary_timeseries.csv,20,9.6,298,119200.0,1163.0774822875155,14.20121742195375,1163 ± 14.2,1136.41357421875,1211.7552490234375,1.940387676626244,0.0022496970965876,1.94 ± 0.00225,1.940000057220459,1.9574874639511108,0.3721090606572333,0.227557946985991,0.3721 ± 0.2276,0.0274833136904463,1.5032500055566438,444.9463087248322,0.2254074580368679,444.9 ± 0.2254,444.0,445.0,79.91225604882976,0.0113791254715911,79.91 ± 0.01138,79.86445617675781,79.91793823242188,75.3416748046875,1,1,1,1,1:298,0,0,0.0,model_static,False,mckenzie2003,14.549744586816573,14.55150032043457,14.518799781799316,14.55150032043457,14.55150032043457,4.449463087248322,4.45,4.45,3.2700000655029595,3.2700000720077687,0,0.0,0,0.0,0,0.0,298,4335.823886871338,0,0.0,0,0.0,,,,,,,
static,model_static/summary_timeseries.csv,20,9.5,298,119200.0,1163.0774822875155,14.20121742195375,1163 ± 14.2,1136.41357421875,1211.7552490234375,1.940387676626244,0.0022496970965876,1.94 ± 0.00225,1.940000057220459,1.9574874639511108,0.3721090606572333,0.227557946985991,0.3721 ± 0.2276,0.0274833136904463,1.5032500055566438,435.0,0.0,435 ± 0,435.0,435.0,79.97820860587511,0.0033902787413215,79.98 ± 0.00339,79.9708251953125,79.9865951538086,75.3416748046875,1,1,1,1,1:298,0,0,0.0,model_static,False,mckenzie2003,14.224499702453612,14.224499702453612,14.224499702453612,14.224499702453612,14.224499702453612,4.3500000000000005,4.3500000000000005,4.3500000000000005,3.269999931598531,3.2699999315985315,0,0.0,0,0.0,0,0.0,298,4238.900911331177,0,0.0,0,0.0,,,,,,,
static,model_static/summary_timeseries.csv,20,9.4,298,119200.0,1163.0774822875155,14.20121742195375,1163 ± 14.2,1136.41357421875,1211.7552490234375,1.940387676626244,0.0022496970965876,1.94 ± 0.00225,1.940000057220459,1.9574874639511108,0.3721090606572333,0.227557946985991,0.3721 ± 0.2276,0.0274833136904463,1.5032500055566438,442.9530201342282,0.2115957418850261,443 ± 0.2116,442.0,443.0,77.52709648593161,0.0114143972012665,77.53 ± 0.01141,77.47755432128906,77.53577423095703,75.3416748046875,1,1,1,1,1:298,0,0,0.0,model_static,False,mckenzie2003,14.48456392992263,14.48610019683838,14.48610019683838,14.48610019683838,14.48610019683838,4.429530201342282,4.43,4.43,3.270000038712649,3.270000044433043,0,0.0,0,0.0,0,0.0,298,4316.400051116943,0,0.0,0,0.0,,,,,,,
static,model_static/summary_timeseries.csv,20,9.3,298,119200.0,1163.0774822875155,14.20121742195375,1163 ± 14.2,1136.41357421875,1211.7552490234375,1.940387676626244,0.0022496970965876,1.94 ± 0.00225,1.940000057220459,1.9574874639511108,0.3721090606572333,0.227557946985991,0.3721 ± 0.2276,0.0274833136904463,1.5032500055566438,444.9127516778523,0.2821986045856193,444.9 ± 0.2822,444.0,445.0,76.39460127145652,0.0159322166345408,76.39 ± 0.01593,76.34508514404297,76.40739440917969,75.3416748046875,1,1,1,1,1:298,0,0,0.0,model_static,False,mckenzie2003,14.54864725330532,14.55150032043457,14.518799781799316,14.55150032043457,14.55150032043457,4.449127516778524,4.45,4.45,3.2700000614374543,3.2700000720077687,0,0.0,0,0.0,0,0.0,298,4335.496881484985,0,0.0,0,0.0,,,,,,,
static,model_static/summary_timeseries.csv,20,9.2,298,119200.0,1163.0774822875155,14.20121742195375,1163 ± 14.2,1136.41357421875,1211.7552490234375,1.940387676626244,0.0022496970965876,1.94 ± 0.00225,1.940000057220459,1.9574874639511108,0.3721090606572333,0.227557946985991,0.3721 ± 0.2276,0.0274833136904463,1.5032500055566438,448.993288590604,0.0816478191986338,449 ± 0.08165,448.0,449.0,77.03323041672675,0.0037122810626761,77.03 ± 0.003712,76.98917388916016,77.03558349609375,75.3416748046875,1,1,1,1,1:298,0,0,0.0,model_static,False,mckenzie2003,14.682080153650883,14.682299613952637,14.682299613952637,14.682299613952637,14.682299613952637,4.4899328859060414,4.49,4.49,3.2699999146411054,3.2699999140206315,0,0.0,0,0.0,0,0.0,298,4375.259885787964,0,0.0,0,0.0,,,,,,,
static,model_static/summary_timeseries.csv,20,9.1,298,119200.0,1163.0774822875155,14.20121742195375,1163 ± 14.2,1136.41357421875,1211.7552490234375,1.940387676626244,0.0022496970965876,1.94 ± 0.00225,1.940000057220459,1.9574874639511108,0.3721090606572333,0.227557946985991,0.3721 ± 0.2276,0.0274833136904463,1.5032500055566438,448.9060402684564,0.291772686164888,448.9 ± 0.2918,448.0,449.0,78.04057698601844,0.0142529980611312,78.04 ± 0.01425,77.99512481689453,78.04731750488281,75.3416748046875,1,1,1,1,1:298,0,0,0.0,model_static,False,mckenzie2003,14.67922716972812,14.682299613952637,14.6496000289917,14.682299613952637,14.682299613952637,4.489060402684564,4.49,4.49,3.269999922707277,3.2699999140206315,0,0.0,0,0.0,0,0.0,298,4374.40969657898,0,0.0,0,0.0,,,,,,,
static,model_static/summary_timeseries.csv,20,9.0,298,119200.0,1163.0774822875155,14.20121742195375,1163 ± 14.2,1136.41357421875,1211.7552490234375,1.940387676626244,0.0022496970965876,1.94 ± 0.00225,1.940000057220459,1.9574874639511108,0.3721090606572333,0.227557946985991,0.3721 ± 0.2276,0.0274833136904463,1.5032500055566438,444.1711409395973,0.3766320729718374,444.2 ± 0.3766,444.0,445.0,79.33253432920316,0.0187289044399235,79.33 ± 0.01873,79.32159423828125,79.37466430664062,75.3416748046875,1,1,1,1,1:298,0,0,0.0,model_static,False,mckenzie2003,14.524396182706692,14.518799781799316,14.518799781799316,14.55150032043457,14.55150032043457,4.441711409395974,4.44,4.45,3.2699999715897805,3.2699999508557016,0,0.0,0,0.0,0,0.0,298,4328.270062446594,0,0.0,0,0.0,,,,,,,
static,model_static/summary_timeseries.csv,20,8.9,298,119200.0,1163.0774822875155,14.20121742195375,1163 ± 14.2,1136.41357421875,1211.7552490234375,1.940387676626244,0.0022496970965876,1.94 ± 0.00225,1.940000057220459,1.9574874639511108,0.3721090606572333,0.227557946985991,0.3721 ± 0.2276,0.0274833136904463,1.5032500055566438,433.0,0.0,433 ± 0,433.0,433.0,74.91018466821453,0.0008053697016993,74.91 ± 0.0008054,74.908447265625,74.91165924072266,75.3416748046875,1,1,1,1,1:298,0,0,0.0,model_static,False,mckenzie2003,14.159099578857422,14.159099578857422,14.159099578857422,14.159099578857422,14.159099578857422,4.329999999999999,4.33,4.33,3.2699999027384345,3.2699999027384345,0,0.0,0,0.0,0,0.0,298,4219.411674499512,0,0.0,0,0.0,,,,,,,
static,model_static/summary_timeseries.csv,20,8.8,298,119200.0,1163.0774822875155,14.20121742195375,1163 ± 14.2,1136.41357421875,1211.7552490234375,1.940387676626244,0.0022496970965876,1.94 ± 0.00225,1.940000057220459,1.9574874639511108,0.3721090606572333,0.227557946985991,0.3721 ± 0.2276,0.0274833136904463,1.5032500055566438,431.0,0.0,431 ± 0,431.0,431.0,74.98565420368374,0.0032708904536383,74.99 ± 0.003271,74.98193359375,74.99689483642578,75.3416748046875,1,1,1,1,1:298,0,0,0.0,model_static,False,mckenzie2003,14.093700408935549,14.093700408935549,14.093700408935549,14.093700408935549,14.093700408935549,4.310000000000002,4.3100000000000005,4.3100000000000005,3.2700000948806367,3.270000094880637,0,0.0,0,0.0,0,0.0,298,4199.922721862793,0,0.0,0,0.0,,,,,,,
static,model_static/summary_timeseries.csv,20,8.7,298,119200.0,1163.0774822875155,14.20121742195375,1163 ± 14.2,1136.41357421875,1211.7552490234375,1.940387676626244,0.0022496970965876,1.94 ± 0.00225,1.940000057220459,1.9574874639511108,0.3721090606572333,0.227557946985991,0.3721 ± 0.2276,0.0274833136904463,1.5032500055566438,443.0,0.0,443 ± 0,443.0,443.0,77.45202106757452,0.0028831373885861,77.45 ± 0.002883,77.44325256347656,77.45556640625,75.3416748046875,1,1,1,1,1:298,0,0,0.0,model_static,False,mckenzie2003,14.48610019683838,14.48610019683838,14.48610019683838,14.48610019683838,14.48610019683838,4.43,4.43,4.43,3.2700000444330435,3.270000044433043,0,0.0,0,0.0,0,0.0,298,4316.857858657837,0,0.0,0,0.0,,,,,,,
static,model_static/summary_timeseries.csv,20,8.6,298,119200.0,1163.0774822875155,14.20121742195375,1163 ± 14.2,1136.41357421875,1211.7552490234375,1.940387676626244,0.0022496970965876,1.94 ± 0.00225,1.940000057220459,1.9574874639511108,0.3721090606572333,0.227557946985991,0.3721 ± 0.2276,0.0274833136904463,1.5032500055566438,439.1946308724832,0.395916273926245,439.2 ± 0.3959,439.0,440.0,78.4162046701316,0.0177818220313583,78.42 ± 0.01778,78.40589904785156,78.45327758789062,75.3416748046875,1,1,1,1,1:298,0,0,0.0,model_static,False,mckenzie2003,14.361664298396782,14.355299949645996,14.355299949645996,14.387999534606934,14.387999534606934,4.391946308724833,4.39,4.4,3.269999970175956,3.26999998852984,0,0.0,0,0.0,0,0.0,298,4279.775960922241,0,0.0,0,0.0,,,,,,,
static,model_static/summary_timeseries.csv,20,8.5,298,119200.0,1163.0774822875155,14.20121742195375,1163 ± 14.2,1136.41357421875,1211.7552490234375,1.940387676626244,0.0022496970965876,1.94 ± 0.00225,1.940000057220459,1.9574874639511108,0.3721090606572333,0.227557946985991,0.3721 ± 0.2276,0.0274833136904463,1.5032500055566438,441.0,0.0,441 ± 0,441.0,441.0,79.60997833661585,0.0012274157585483,79.61 ± 0.001227,79.60508728027344,79.6119384765625,75.3416748046875,1,1,1,1,1:298,0,0,0.0,model_static,False,mckenzie2003,14.420700073242188,14.420700073242188,14.420700073242188,14.420700073242188,14.420700073242188,4.409999999999999,4.41,4.41,3.270000016608205,3.270000016608205,0,0.0,0,0.0,0,0.0,298,4297.368621826172,0,0.0,0,0.0,,,,,,,
static,model_static/summary_timeseries.csv,20,8.4,298,119200.0,1163.0774822875155,14.20121742195375,1163 ± 14.2,1136.41357421875,1211.7552490234375,1.940387676626244,0.0022496970965876,1.94 ± 0.00225,1.940000057220459,1.9574874639511108,0.3721090606572333,0.227557946985991,0.3721 ± 0.2276,0.0274833136904463,1.5032500055566438,446.993288590604,0.0816478191986338,447 ± 0.08165,446.0,447.0,80.4969180830373,0.0037859178842233,80.5 ± 0.003786,80.45159149169922,80.49887084960938,75.3416748046875,1,1,1,1,1:298,0,0,0.0,model_static,False,mckenzie2003,14.616680977328512,14.616900444030762,14.616900444030762,14.616900444030762,14.616900444030762,4.469932885906039,4.47,4.47,3.270000098526696,3.270000099335741,0,0.0,0,0.0,0,0.0,298,4355.7709312438965,0,0.0,0,0.0,,,,,,,
static,model_static/summary_timeseries.csv,20,8.3,298,119200.0,1163.0774822875155,14.20121742195375,1163 ± 14.2,1136.41357421875,1211.7552490234375,1.940387676626244,0.0022496970965876,1.94 ± 0.00225,1.940000057220459,1.9574874639511108,0.3721090606572333,0.227557946985991,0.3721 ± 0.2276,0.0274833136904463,1.5032500055566438,441.0,0.0,441 ± 0,441.0,441.0,78.58250726789436,0.0053527491238957,78.58 ± 0.005353,78.57156372070312,78.58753967285156,75.3416748046875,1,1,1,1,1:298,0,0,0.0,model_static,False,mckenzie2003,14.420700073242188,14.420700073242188,14.420700073242188,14.420700073242188,14.420700073242188,4.409999999999999,4.41,4.41,3.270000016608205,3.270000016608205,0,0.0,0,0.0,0,0.0,298,4297.368621826172,0,0.0,0,0.0,,,,,,,
static,model_static/summary_timeseries.csv,20,8.2,298,119200.0,1163.0774822875155,14.20121742195375,1163 ± 14.2,1136.41357421875,1211.7552490234375,1.940387676626244,0.0022496970965876,1.94 ± 0.00225,1.940000057220459,1.9574874639511108,0.3721090606572333,0.227557946985991,0.3721 ± 0.2276,0.0274833136904463,1.5032500055566438,441.0,0.0,441 ± 0,441.0,441.0,79.9455695952345,0.0014769074731337,79.95 ± 0.001477,79.93186950683594,79.94735717773438,75.3416748046875,1,1,1,1,1:298,0,0,0.0,model_static,False,mckenzie2003,14.420700073242188,14.420700073242188,14.420700073242188,14.420700073242188,14.420700073242188,4.409999999999999,4.41,4.41,3.270000016608205,3.270000016608205,0,0.0,0,0.0,0,0.0,298,4297.368621826172,0,0.0,0,0.0,,,,,,,
static,model_static/summary_timeseries.csv,20,8.1,298,119200.0,1163.0774822875155,14.20121742195375,1163 ± 14.2,1136.41357421875,1211.7552490234375,1.940387676626244,0.0022496970965876,1.94 ± 0.00225,1.940000057220459,1.9574874639511108,0.3721090606572333,0.227557946985991,0.3721 ± 0.2276,0.0274833136904463,1.5032500055566438,440.0771812080537,0.2668787537011219,440.1 ± 0.2669,440.0,441.0,79.61607819115555,0.0141710065076526,79.62 ± 0.01417,79.6046142578125,79.6697006225586,75.3416748046875,1,1,1,1,1:298,0,0,0.0,model_static,False,mckenzie2003,14.39052340168281,14.387999534606934,14.387999534606934,14.420700073242188,14.420700073242188,4.400771812080537,4.4,4.41,3.2699999036742358,3.269999894228848,0,0.0,0,0.0,0,0.0,298,4288.375973701477,0,0.0,0,0.0,,,,,,,
static,model_static/summary_timeseries.csv,20,8.0,298,119200.0,1163.0774822875155,14.20121742195375,1163 ± 14.2,1136.41357421875,1211.7552490234375,1.940387676626244,0.0022496970965876,1.94 ± 0.00225,1.940000057220459,1.9574874639511108,0.3721090606572333,0.227557946985991,0.3721 ± 0.2276,0.0274833136904463,1.5032500055566438,449.755033557047,0.4300673026166542,449.8 ± 0.4301,449.0,450.0,80.58612613549968,0.0192336859296991,80.59 ± 0.01923,80.5390853881836,80.59869384765625,75.3416748046875,1,1,1,1,1:298,0,0,0.0,model_static,False,mckenzie2003,14.706989617955765,14.71500015258789,14.682299613952637,14.71500015258789,14.71500015258789,4.49755033557047,4.5,4.5,3.2700000045399347,3.27000003390842,0,0.0,0,0.0,0,0.0,298,4382.682906150818,0,0.0,0,0.0,,,,,,,
static,model_static/summary_timeseries.csv,20,7.9,298,119200.0,1163.0774822875155,14.20121742195375,1163 ± 14.2,1136.41357421875,1211.7552490234375,1.940387676626244,0.0022496970965876,1.94 ± 0.00225,1.940000057220459,1.9574874639511108,0.3721090606572333,0.227557946985991,0.3721 ± 0.2276,0.0274833136904463,1.5032500055566438,449.9395973154362,0.2382314006617295,449.9 ± 0.2382,449.0,450.0,82.71262185525575,0.0106065087006453,82.71 ± 0.01061,82.67036437988281,82.71693420410156,75.3416748046875,1,1,1,1,1:298,0,0,0.0,model_static,False,mckenzie2003,14.71302495226764,14.71500015258789,14.682299613952637,14.71500015258789,14.71500015258789,4.499395973154363,4.5,4.5,3.270000026666876,3.27000003390842,0,0.0,0,0.0,0,0.0,298,4384.481435775757,0,0.0,0,0.0,,,,,,,
static,model_static/summary_timeseries.csv,20,7.8,298,119200.0,1163.0774822875155,14.20121742195375,1163 ± 14.2,1136.41357421875,1211.7552490234375,1.940387676626244,0.0022496970965876,1.94 ± 0.00225,1.940000057220459,1.9574874639511108,0.3721090606572333,0.227557946985991,0.3721 ± 0.2276,0.0274833136904463,1.5032500055566438,447.38926174496646,0.487582853340971,447.4 ± 0.4876,447.0,448.0,83.20938796485031,0.0219751582091117,83.21 ± 0.02198,83.18128204345703,83.23809814453125,75.3416748046875,1,1,1,1,1:298,0,0,0.0,model_static,False,mckenzie2003,14.629629141532334,14.616900444030762,14.616900444030762,14.6496000289917,14.6496000289917,4.473892617449664,4.47,4.48,3.2700000631871897,3.270000099335741,0,0.0,0,0.0,0,0.0,298,4359.629484176636,0,0.0,0,0.0,,,,,,,
static,model_static/summary_timeseries.csv,20,7.7,298,119200.0,1163.0774822875155,14.20121742195375,1163 ± 14.2,1136.41357421875,1211.7552490234375,1.940387676626244,0.0022496970965876,1.94 ± 0.00225,1.940000057220459,1.9574874639511108,0.3721090606572333,0.227557946985991,0.3721 ± 0.2276,0.0274833136904463,1.5032500055566438,448.0,0.0,448 ± 0,448.0,448.0,80.75469776127963,0.0008358740491309,80.75 ± 0.0008359,80.7529067993164,80.7567138671875,75.3416748046875,1,1,1,1,1:298,0,0,0.0,model_static,False,mckenzie2003,14.6496000289917,14.6496000289917,14.6496000289917,14.6496000289917,14.6496000289917,4.480000000000001,4.48,4.48,3.270000006471361,3.270000006471361,0,0.0,0,0.0,0,0.0,298,4365.580808639526,0,0.0,0,0.0,,,,,,,
static,model_static/summary_timeseries.csv,20,7.6,298,119200.0,1163.0774822875155,14.20121742195375,1163 ± 14.2,1136.41357421875,1211.7552490234375,1.940387676626244,0.0022496970965876,1.94 ± 0.00225,1.940000057220459,1.9574874639511108,0.3721090606572333,0.227557946985991,0.3721 ± 0.2276,0.0274833136904463,1.5032500055566438,447.4127516778523,0.4923288842658124,447.4 ± 0.4923,447.0,448.0,83.05100603551672,0.0223798913500398,83.05 ± 0.02238,83.02347564697266,83.07910919189453,75.3416748046875,1,1,1,1,1:298,0,0,0.0,model_static,False,mckenzie2003,14.630397252588464,14.616900444030762,14.616900444030762,14.6496000289917,14.6496000289917,4.474127516778523,4.47,4.48,3.2700000610058124,3.270000099335741,0,0.0,0,0.0,0,0.0,298,4359.858381271362,0,0.0,0,0.0,,,,,,,
static,model_static/summary_timeseries.csv,20,7.5,298,119200.0,1163.0774822875155,14.20121742195375,1163 ± 14.2,1136.41357421875,1211.7552490234375,1.940387676626244,0.0022496970965876,1.94 ± 0.00225,1.940000057220459,1.9574874639511108,0.3721090606572333,0.227557946985991,0.3721 ± 0.2276,0.0274833136904463,1.5032500055566438,446.0,0.0,446 ± 0,446.0,446.0,81.24094762098069,0.0018121760863538,81.24 ± 0.001812,81.23857116699219,81.24626159667969,75.3416748046875,1,1,1,1,1:298,0,0,0.0,model_static,False,mckenzie2003,14.584199905395508,14.584199905395508,14.584199905395508,14.584199905395508,14.584199905395508,4.46,4.46,4.46,3.269999978788231,3.2699999787882303,0,0.0,0,0.0,0,0.0,298,4346.091571807861,0,0.0,0,0.0,,,,,,,
static,model_static/summary_timeseries.csv,20,7.4,298,119200.0,1163.0774822875155,14.20121742195375,1163 ± 14.2,1136.41357421875,1211.7552490234375,1.940387676626244,0.0022496970965876,1.94 ± 0.00225,1.940000057220459,1.9574874639511108,0.3721090606572333,0.227557946985991,0.3721 ± 0.2276,0.0274833136904463,1.5032500055566438,449.993288590604,0.0816478191986338,450 ± 0.08165,449.0,450.0,82.13017756826926,0.0050115042975958,82.13 ± 0.005012,82.08234405517578,82.13590240478516,75.3416748046875,1,1,1,1,1:298,0,0,0.0,model_static,False,mckenzie2003,14.71478068588564,14.71500015258789,14.71500015258789,14.71500015258789,14.71500015258789,4.49993288590604,4.5,4.5,3.270000033103804,3.27000003390842,0,0.0,0,0.0,0,0.0,298,4385.004644393921,0,0.0,0,0.0,,,,,,,
static,model_static/summary_timeseries.csv,20,7.3,298,119200.0,1163.0774822875155,14.20121742195375,1163 ± 14.2,1136.41357421875,1211.7552490234375,1.940387676626244,0.0022496970965876,1.94 ± 0.00225,1.940000057220459,1.9574874639511108,0.3721090606572333,0.227557946985991,0.3721 ± 0.2276,0.0274833136904463,1.5032500055566438,452.0,0.0,452 ± 0,452.0,452.0,83.91374698101274,0.0012522319085839,83.91 ± 0.001252,83.90216827392578,83.915283203125,75.3416748046875,1,1,1,1,1:298,0,0,0.0,model_static,False,mckenzie2003,14.780400276184082,14.780400276184082,14.780400276184082,14.780400276184082,14.780400276184082,4.5200000000000005,4.5200000000000005,4.5200000000000005,3.270000061102672,3.2700000611026727,0,0.0,0,0.0,0,0.0,298,4404.559282302856,0,0.0,0,0.0,,,,,,,
static,model_static/summary_timeseries.csv,20,7.2,298,119200.0,1163.0774822875155,14.20121742195375,1163 ± 14.2,1136.41357421875,1211.7552490234375,1.940387676626244,0.0022496970965876,1.94 ± 0.00225,1.940000057220459,1.9574874639511108,0.3721090606572333,0.227557946985991,0.3721 ± 0.2276,0.0274833136904463,1.5032500055566438,452.9060402684564,0.291772686164888,452.9 ± 0.2918,452.0,453.0,82.71526024325583,0.0139393826295206,82.72 ± 0.01394,82.67170715332031,82.7263412475586,75.3416748046875,1,1,1,1,1:298,0,0,0.0,model_static,False,mckenzie2003,14.810027416920502,14.81309986114502,14.780400276184082,14.81309986114502,14.81309986114502,4.529060402684564,4.53,4.53,3.26999997796896,3.2699999693476864,0,0.0,0,0.0,0,0.0,298,4413.38817024231,0,0.0,0,0.0,,,,,,,
static,model_static/summary_timeseries.csv,20,7.1,298,119200.0,1163.0774822875155,14.20121742195375,1163 ± 14.2,1136.41357421875,1211.7552490234375,1.940387676626244,0.0022496970965876,1.94 ± 0.00225,1.940000057220459,1.9574874639511108,0.3721090606572333,0.227557946985991,0.3721 ± 0.2276,0.0274833136904463,1.5032500055566438,453.9295302013423,0.2559371136331321,453.9 ± 0.2559,453.0,454.0,84.63129343122444,0.0115677805840196,84.63 ± 0.01157,84.5783462524414,84.63653564453125,75.3416748046875,1,1,1,1,1:298,0,0,0.0,model_static,False,mckenzie2003,14.843495999406649,14.845800399780272,14.81309986114502,14.845800399780272,14.845800399780272,4.539295302013423,4.54,4.54,3.270000079691885,3.270000088057329,0,0.0,0,0.0,0,0.0,298,4423.361807823181,0,0.0,0,0.0,,,,,,,
static,model_static/summary_timeseries.csv,20,7.0,298,119200.0,1163.0774822875155,14.20121742195375,1163 ± 14.2,1136.41357421875,1211.7552490234375,1.940387676626244,0.0022496970965876,1.94 ± 0.00225,1.940000057220459,1.9574874639511108,0.3721090606572333,0.227557946985991,0.3721 ± 0.2276,0.0274833136904463,1.5032500055566438,454.0,0.0,454 ± 0,454.0,454.0,83.50216746490274,0.0014913894007288,83.5 ± 0.001491,83.49939727783203,83.50592041015625,75.3416748046875,1,1,1,1,1:298,0,0,0.0,model_static,False,mckenzie2003,14.845800399780272,14.845800399780272,14.845800399780272,14.845800399780272,14.845800399780272,4.54,4.54,4.54,3.270000088057329,3.270000088057329,0,0.0,0,0.0,0,0.0,298,4424.0485191345215,0,0.0,0,0.0,,,,,,,
static,model_static/summary_timeseries.csv,20,6.9,298,119200.0,1163.0774822875155,14.20121742195375,1163 ± 14.2,1136.41357421875,1211.7552490234375,1.940387676626244,0.0022496970965876,1.94 ± 0.00225,1.940000057220459,1.9574874639511108,0.3721090606572333,0.227557946985991,0.3721 ± 0.2276,0.0274833136904463,1.5032500055566438,451.48993288590606,0.4998986429405658,451.5 ± 0.4999,451.0,452.0,83.2379207483074,0.025892351669852,83.24 ± 0.02589,83.2056884765625,83.2660903930664,75.3416748046875,1,1,1,1,1:298,0,0,0.0,model_static,False,mckenzie2003,14.76372080681308,14.747699737548828,14.747699737548828,14.780400276184082,14.780400276184082,4.514899328859061,4.51,4.5200000000000005,3.270000000253789,3.2699999418068355,0,0.0,0,0.0,0,0.0,298,4399.588800430298,0,0.0,0,0.0,,,,,,,
static,model_static/summary_timeseries.csv,20,6.8,298,119200.0,1163.0774822875155,14.20121742195375,1163 ± 14.2,1136.41357421875,1211.7552490234375,1.940387676626244,0.0022496970965876,1.94 ± 0.00225,1.940000057220459,1.9574874639511108,0.3721090606572333,0.227557946985991,0.3721 ± 0.2276,0.0274833136904463,1.5032500055566438,451.9060402684564,0.291772686164888,451.9 ± 0.2918,451.0,452.0,81.31530690033163,0.0148351535785229,81.32 ± 0.01484,81.25785827636719,81.32194519042969,75.3416748046875,1,1,1,1,1:298,0,0,0.0,model_static,False,mckenzie2003,14.77732774235258,14.780400276184082,14.747699737548828,14.780400276184082,14.780400276184082,4.519060402684564,4.5200000000000005,4.5200000000000005,3.270000049893667,3.2700000611026727,0,0.0,0,0.0,0,0.0,298,4403.643667221069,0,0.0,0,0.0,,,,,,,
static,model_static/summary_timeseries.csv,20,6.7,298,119200.0,1163.0774822875155,14.20121742195375,1163 ± 14.2,1136.41357421875,1211.7552490234375,1.940387676626244,0.0022496970965876,1.94 ± 0.00225,1.940000057220459,1.9574874639511108,0.3721090606572333,0.227557946985991,0.3721 ± 0.2276,0.0274833136904463,1.5032500055566438,457.4026845637584,0.490438279367654,457.4 ± 0.4904,457.0,458.0,84.70242831851012,0.0232453703295616,84.7 ± 0.02325,84.67717742919922,84.73922729492188,75.3416748046875,1,1,1,1,1:298,0,0,0.0,model_static,False,mckenzie2003,14.957067726442478,14.943900108337402,14.943900108337402,14.97659969329834,14.97659969329834,4.574026845637584,4.57,4.58,3.269999987194144,3.270000023706215,0,0.0,0,0.0,0,0.0,298,4457.206182479858,0,0.0,0,0.0,,,,,,,
static,model_static/summary_timeseries.csv,20,6.6,298,119200.0,1163.0774822875155,14.20121742195375,1163 ± 14.2,1136.41357421875,1211.7552490234375,1.940387676626244,0.0022496970965876,1.94 ± 0.00225,1.940000057220459,1.9574874639511108,0.3721090606572333,0.227557946985991,0.3721 ± 0.2276,0.0274833136904463,1.5032500055566438,455.993288590604,0.0816478191986338,456 ± 0.08165,455.0,456.0,85.37118279373885,0.0038311868378713,85.37 ± 0.003831,85.3265151977539,85.37567138671875,75.3416748046875,1,1,1,1,1:298,0,0,0.0,model_static,False,mckenzie2003,14.910980109400397,14.911199569702148,14.911199569702148,14.911199569702148,14.911199569702148,4.559932885906042,4.5600000000000005,4.5600000000000005,3.269999906247241,3.2699999056364355,0,0.0,0,0.0,0,0.0,298,4443.472072601318,0,0.0,0,0.0,,,,,,,
static,model_static/summary_timeseries.csv,20,6.5,298,119200.0,1163.0774822875155,14.20121742195375,1163 ± 14.2,1136.41357421875,1211.7552490234375,1.940387676626244,0.0022496970965876,1.94 ± 0.00225,1.940000057220459,1.9574874639511108,0.3721090606572333,0.227557946985991,0.3721 ± 0.2276,0.0274833136904463,1.5032500055566438,458.9597315436242,0.1965881679983464,459 ± 0.1966,458.0,459.0,83.82574680507584,0.0095980697955675,83.83 ± 0.009598,83.77886962890625,83.83132934570312,75.3416748046875,1,1,1,1,1:298,0,0,0.0,model_static,False,mckenzie2003,15.007983431720094,15.009300231933594,15.009300231933594,15.009300231933594,15.009300231933594,4.589597315436242,4.59,4.59,3.2700000457988265,3.2700000505301947,0,0.0,0,0.0,0,0.0,298,4472.379062652588,0,0.0,0,0.0,,,,,,,
static,model_static/summary_timeseries.csv,20,6.4,298,119200.0,1163.0774822875155,14.20121742195375,1163 ± 14.2,1136.41357421875,1211.7552490234375,1.940387676626244,0.0022496970965876,1.94 ± 0.00225,1.940000057220459,1.9574874639511108,0.3721090606572333,0.227557946985991,0.3721 ± 0.2276,0.0274833136904463,1.5032500055566438,454.0,0.0,454 ± 0,454.0,454.0,85.7628501021622,0.0012303763693341,85.76 ± 0.00123,85.75776672363281,85.76551818847656,75.3416748046875,1,1,1,1,1:298,0,0,0.0,model_static,False,mckenzie2003,14.845800399780272,14.845800399780272,14.845800399780272,14.845800399780272,14.845800399780272,4.54,4.54,4.54,3.270000088057329,3.270000088057329,0,0.0,0,0.0,0,0.0,298,4424.0485191345215,0,0.0,0,0.0,,,,,,,
static,model_static/summary_timeseries.csv,20,6.3,298,119200.0,1163.0774822875155,14.20121742195375,1163 ± 14.2,1136.41357421875,1211.7552490234375,1.940387676626244,0.0022496970965876,1.94 ± 0.00225,1.940000057220459,1.9574874639511108,0.3721090606572333,0.227557946985991,0.3721 ± 0.2276,0.0274833136904463,1.5032500055566438,458.71140939597313,0.4531071256273355,458.7 ± 0.4531,458.0,459.0,80.37077357144963,0.0215238183405245,80.37 ± 0.02152,80.33354187011719,80.38719940185547,75.3416748046875,1,1,1,1,1:298,0,0,0.0,model_static,False,mckenzie2003,14.999863163736842,15.009300231933594,14.97659969329834,15.009300231933594,15.009300231933594,4.587114093959731,4.59,4.59,3.270000016622062,3.2700000505301947,0,0.0,0,0.0,0,0.0,298,4469.959222793579,0,0.0,0,0.0,,,,,,,
static,model_static/summary_timeseries.csv,20,6.2,298,119200.0,1163.0774822875155,14.20121742195375,1163 ± 14.2,1136.41357421875,1211.7552490234375,1.940387676626244,0.0022496970965876,1.94 ± 0.00225,1.940000057220459,1.9574874639511108,0.3721090606572333,0.227557946985991,0.3721 ± 0.2276,0.0274833136904463,1.5032500055566438,460.0,0.0,460 ± 0,460.0,460.0,83.20734743463913,0.0030501338788804,83.21 ± 0.00305,83.1997299194336,83.21295166015625,75.3416748046875,1,1,1,1,1:298,0,0,0.0,model_static,False,mckenzie2003,15.041999816894531,15.041999816894531,15.041999816894531,15.041999816894531,15.041999816894531,4.6000000000000005,4.6000000000000005,4.6000000000000005,3.269999960194462,3.269999960194463,0,0.0,0,0.0,0,0.0,298,4482.51594543457,0,0.0,0,0.0,,,,,,,
static,model_static/summary_timeseries.csv,20,6.1,298,119200.0,1163.0774822875155,14.20121742195375,1163 ± 14.2,1136.41357421875,1211.7552490234375,1.940387676626244,0.0022496970965876,1.94 ± 0.00225,1.940000057220459,1.9574874639511108,0.3721090606572333,0.227557946985991,0.3721 ± 0.2276,0.0274833136904463,1.5032500055566438,463.6677852348993,0.4710075529646813,463.7 ± 0.471,463.0,464.0,87.34761247058843,0.022550060380535,87.35 ± 0.02255,87.30596923828125,87.36478424072266,75.3416748046875,1,1,1,1,1:298,0,0,0.0,model_static,False,mckenzie2003,15.16193646232554,15.172800064086914,15.14009952545166,15.172800064086914,15.172800064086914,4.636677852348994,4.64,4.64,3.26999997517324,3.2700000138118352,0,0.0,0,0.0,0,0.0,298,4518.25706577301,0,0.0,0,0.0,,,,,,,
static,model_static/summary_timeseries.csv,20,6.0,298,119200.0,1163.0774822875155,14.20121742195375,1163 ± 14.2,1136.41357421875,1211.7552490234375,1.940387676626244,0.0022496970965876,1.94 ± 0.00225,1.940000057220459,1.9574874639511108,0.3721090606572333,0.227557946985991,0.3721 ± 0.2276,0.0274833136904463,1.5032500055566438,468.0,0.0,468 ± 0,468.0,468.0,87.13208760511155,0.0020010799624726,87.13 ± 0.002001,87.12744903564453,87.13597106933594,75.3416748046875,1,1,1,1,1:298,0,0,0.0,model_static,False,mckenzie2003,15.303600311279297,15.303600311279297,15.303600311279297,15.303600311279297,15.303600311279297,4.68,4.68,4.68,3.2700000665126714,3.2700000665126705,0,0.0,0,0.0,0,0.0,298,4560.472892761231,0,0.0,0,0.0,,,,,,,
static,model_static/summary_timeseries.csv,20,5.9,298,119200.0,1163.0774822875155,14.20121742195375,1163 ± 14.2,1136.41357421875,1211.7552490234375,1.940387676626244,0.0022496970965876,1.94 ± 0.00225,1.940000057220459,1.9574874639511108,0.3721090606572333,0.227557946985991,0.3721 ± 0.2276,0.0274833136904463,1.5032500055566438,463.0,0.0,463 ± 0,463.0,463.0,88.37474277675553,0.0009324344024903,88.37 ± 0.0009324,88.3652114868164,88.3763656616211,75.3416748046875,1,1,1,1,1:298,0,0,0.0,model_static,False,mckenzie2003,15.14009952545166,15.14009952545166,15.14009952545166,15.14009952545166,15.14009952545166,4.63,4.63,4.63,3.2699998975057585,3.269999897505758,0,0.0,0,0.0,0,0.0,298,4511.749658584595,0,0.0,0,0.0,,,,,,,
static,model_static/summary_timeseries.csv,20,5.8,298,119200.0,1163.0774822875155,14.20121742195375,1163 ± 14.2,1136.41357421875,1211.7552490234375,1.940387676626244,0.0022496970965876,1.94 ± 0.00225,1.940000057220459,1.9574874639511108,0.3721090606572333,0.227557946985991,0.3721 ± 0.2276,0.0274833136904463,1.5032500055566438,464.741610738255,0.4377490732826943,464.7 ± 0.4377,464.0,465.0,85.87685017937781,0.0222277108536877,85.88 ± 0.02223,85.83222198486328,85.8917236328125,75.3416748046875,1,1,1,1,1:298,0,0,0.0,model_static,False,mckenzie2003,15.197050427430428,15.205499649047852,15.172800064086914,15.205499649047852,15.205499649047852,4.64741610738255,4.65,4.65,3.2699999475968125,3.2699999245264197,0,0.0,0,0.0,0,0.0,298,4528.721027374268,0,0.0,0,0.0,,,,,,,
static,model_static/summary_timeseries.csv,20,5.7,298,119200.0,1163.0774822875155,14.20121742195375,1163 ± 14.2,1136.41357421875,1211.7552490234375,1.940387676626244,0.0022496970965876,1.94 ± 0.00225,1.940000057220459,1.9574874639511108,0.3721090606572333,0.227557946985991,0.3721 ± 0.2276,0.0274833136904463,1.5032500055566438,469.97986577181206,0.1404593928621231,470 ± 0.1405,469.0,470.0,87.56116518878297,0.0071446652823572,87.56 ± 0.007145,87.51127624511719,87.56586456298828,75.3416748046875,1,1,1,1,1:298,0,0,0.0,model_static,False,mckenzie2003,15.368342034768736,15.369000434875488,15.369000434875488,15.369000434875488,15.369000434875488,4.69979865771812,4.7,4.7,3.2700000902183044,3.2700000925267,0,0.0,0,0.0,0,0.0,298,4579.765926361084,0,0.0,0,0.0,,,,,,,
static,model_static/summary_timeseries.csv,20,5.6,298,119200.0,1163.0774822875155,14.20121742195375,1163 ± 14.2,1136.41357421875,1211.7552490234375,1.940387676626244,0.0022496970965876,1.94 ± 0.00225,1.940000057220459,1.9574874639511108,0.3721090606572333,0.227557946985991,0.3721 ± 0.2276,0.0274833136904463,1.5032500055566438,469.0,0.0,469 ± 0,469.0,469.0,88.56743178911657,0.003556488929556,88.57 ± 0.003556,88.56169891357422,88.57598876953125,75.3416748046875,1,1,1,1,1:298,0,0,0.0,model_static,False,mckenzie2003,15.336299896240234,15.336299896240234,15.336299896240234,15.336299896240234,15.336299896240234,4.69,4.69,4.69,3.269999977876382,3.2699999778763824,0,0.0,0,0.0,0,0.0,298,4570.21736907959,0,0.0,0,0.0,,,,,,,
static,model_static/summary_timeseries.csv,20,5.5,298,119200.0,1163.0774822875155,14.20121742195375,1163 ± 14.2,1136.41357421875,1211.7552490234375,1.940387676626244,0.0022496970965876,1.94 ± 0.00225,1.940000057220459,1.9574874639511108,0.3721090606572333,0.227557946985991,0.3721 ± 0.2276,0.0274833136904463,1.5032500055566438,467.0,0.0,467 ± 0,467.0,467.0,89.79195821365253,0.0063412405363916,89.79 ± 0.006341,89.78297424316406,89.8067626953125,75.3416748046875,1,1,1,1,1:298,0,0,0.0,model_static,False,mckenzie2003,15.270899772644045,15.270899772644045,15.270899772644045,15.270899772644045,15.270899772644045,4.670000000000001,4.67,4.67,3.269999951315641,3.269999951315641,0,0.0,0,0.0,0,0.0,298,4550.728132247925,0,0.0,0,0.0,,,,,,,
static,model_static/summary_timeseries.csv,20,5.4,298,119200.0,1163.0774822875155,14.20121742195375,1163 ± 14.2,1136.41357421875,1211.7552490234375,1.940387676626244,0.0022496970965876,1.94 ± 0.00225,1.940000057220459,1.9574874639511108,0.3721090606572333,0.227557946985991,0.3721 ± 0.2276,0.0274833136904463,1.5032500055566438,469.0771812080537,0.2668787537011219,469.1 ± 0.2669,469.0,470.0,91.29284836941918,0.0124139623640297,91.29 ± 0.01241,91.27752685546876,91.33512115478516,75.3416748046875,1,1,1,1,1:298,0,0,0.0,model_static,False,mckenzie2003,15.33882376331611,15.336299896240234,15.336299896240234,15.369000434875488,15.369000434875488,4.690771812080537,4.69,4.7,3.269999986725232,3.2699999778763824,0,0.0,0,0.0,0,0.0,298,4570.969481468201,0,0.0,0,0.0,,,,,,,
static,model_static/summary_timeseries.csv,20,5.3,298,119200.0,1163.0774822875155,14.20121742195375,1163 ± 14.2,1136.41357421875,1211.7552490234375,1.940387676626244,0.0022496970965876,1.94 ± 0.00225,1.940000057220459,1.9574874639511108,0.3721090606572333,0.227557946985991,0.3721 ± 0.2276,0.0274833136904463,1.5032500055566438,470.993288590604,0.0816478191986338,471 ± 0.08165,470.0,471.0,87.07168195071637,0.0036965982181138,87.07 ± 0.003697,87.02774047851562,87.07374572753906,75.3416748046875,1,1,1,1,1:298,0,0,0.0,model_static,False,mckenzie2003,15.401480559534674,15.401700019836426,15.401700019836426,15.401700019836426,15.401700019836426,4.70993288590604,4.71,4.71,3.270000004804275,3.270000004211556,0,0.0,0,0.0,0,0.0,298,4589.641206741333,0,0.0,0,0.0,,,,,,,
static,model_static/summary_timeseries.csv,20,5.2,298,119200.0,1163.0774822875155,14.20121742195375,1163 ± 14.2,1136.41357421875,1211.7552490234375,1.940387676626244,0.0022496970965876,1.94 ± 0.00225,1.940000057220459,1.9574874639511108,0.3721090606572333,0.227557946985991,0.3721 ± 0.2276,0.0274833136904463,1.5032500055566438,468.0,0.0,468 ± 0,468.0,468.0,87.7682098286264,0.003199039133508,87.77 ± 0.003199,87.76180267333984,87.77323913574219,75.3416748046875,1,1,1,1,1:298,0,0,0.0,model_static,False,mckenzie2003,15.303600311279297,15.303600311279297,15.303600311279297,15.303600311279297,15.303600311279297,4.68,4.68,4.68,3.2700000665126714,3.2700000665126705,0,0.0,0,0.0,0,0.0,298,4560.472892761231,0,0.0,0,0.0,,,,,,,
static,model_static/summary_timeseries.csv,20,5.1,298,119200.0,1163.0774822875155,14.20121742195375,1163 ± 14.2,1136.41357421875,1211.7552490234375,1.940387676626244,0.0022496970965876,1.94 ± 0.00225,1.940000057220459,1.9574874639511108,0.3721090606572333,0.227557946985991,0.3721 ± 0.2276,0.0274833136904463,1.5032500055566438,465.993288590604,0.0816478191986338,466 ± 0.08165,465.0,466.0,88.70547280535602,0.0040784329159597,88.71 ± 0.004078,88.6589126586914,88.70918273925781,75.3416748046875,1,1,1,1,1:298,0,0,0.0,model_static,False,mckenzie2003,15.237980720980856,15.238200187683104,15.238200187683104,15.238200187683104,15.238200187683104,4.65993288590604,4.66,4.66,3.2700000394985067,3.2700000402753444,0,0.0,0,0.0,0,0.0,298,4540.918254852295,0,0.0,0,0.0,,,,,,,
static,model_static/summary_timeseries.csv,20,5.0,298,119200.0,1163.0774822875155,14.20121742195375,1163 ± 14.2,1136.41357421875,1211.7552490234375,1.940387676626244,0.0022496970965876,1.94 ± 0.00225,1.940000057220459,1.9574874639511108,0.3721090606572333,0.227557946985991,0.3721 ± 0.2276,0.0274833136904463,1.5032500055566438,472.244966442953,0.4300673026166542,472.2 ± 0.4301,472.0,473.0,92.98010476643609,0.021256196681647,92.98 ± 0.02126,92.9577865600586,93.0195083618164,75.3416748046875,1,1,1,1,1:298,0,0,0.0,model_static,False,mckenzie2003,15.442410139429487,15.434399604797363,15.434399604797363,15.467100143432615,15.467100143432615,4.72244966442953,4.72,4.73,3.2699999442098817,3.269999916270628,0,0.0,0,0.0,0,0.0,298,4601.838221549988,0,0.0,0,0.0,,,,,,,
static,model_static/summary_timeseries.csv,20,4.9,298,119200.0,1163.0774822875155,14.20121742195375,1163 ± 14.2,1136.41357421875,1211.7552490234375,1.940387676626244,0.0022496970965876,1.94 ± 0.00225,1.940000057220459,1.9574874639511108,0.3721090606572333,0.227557946985991,0.3721 ± 0.2276,0.0274833136904463,1.5032500055566438,476.9597315436242,0.1965881679983464,477 ± 0.1966,476.0,477.0,87.29223138693995,0.0091345323180889,87.29 ± 0.009135,87.2479248046875,87.29761505126953,75.3416748046875,1,1,1,1,1:298,0,0,0.0,model_static,False,mckenzie2003,15.5965835904115,15.597900390625,15.597900390625,15.597900390625,15.597900390625,4.769597315436242,4.7700000000000005,4.7700000000000005,3.2700000773422357,3.270000081892033,0,0.0,0,0.0,0,0.0,298,4647.781909942627,0,0.0,0,0.0,,,,,,,
static,model_static/summary_timeseries.csv,20,4.8,298,119200.0,1163.0774822875155,14.20121742195375,1163 ± 14.2,1136.41357421875,1211.7552490234375,1.940387676626244,0.0022496970965876,1.94 ± 0.00225,1.940000057220459,1.9574874639511108,0.3721090606572333,0.227557946985991,0.3721 ± 0.2276,0.0274833136904463,1.5032500055566438,487.2919463087249,10.080481617199704,487.3 ± 10.08,482.0,508.0,89.87251898746362,0.9298271488725256,89.87 ± 0.9298,89.40149688720703,91.78510284423828,75.3416748046875,1,1,1,1,1:298,0,0,0.0,model_static,False,mckenzie2003,15.536058774730504,15.76140022277832,14.528800010681152,15.794099807739258,15.794099807739258,4.872919463087249,4.83,5.08,3.191577191565029,3.269999960194464,0,0.0,57,828.1416006088257,0,0.0,241,3801.603914260864,0,0.0,0,0.0,,,,,,,
static,model_static/summary_timeseries.csv,20,4.7,298,119200.0,1163.0774822875155,14.20121742195375,1163 ± 14.2,1136.41357421875,1211.7552490234375,1.940387676626244,0.0022496970965876,1.94 ± 0.00225,1.940000057220459,1.9574874639511108,0.3721090606572333,0.227557946985991,0.3721 ± 0.2276,0.0274833136904463,1.5032500055566438,503.1577181208054,12.68587800797784,503.2 ± 12.69,486.0,513.0,92.27454097158956,1.1757867044530208,92.27 ± 1.176,90.71720123291016,93.18937683105467,75.3416748046875,1,1,1,1,1:298,0,0,0.0,model_static,False,mckenzie2003,15.140459233482412,14.671799659729004,14.671799659729004,15.92490005493164,15.92490005493164,5.031577181208054,5.13,5.13,3.014093928590168,2.859999933670371,0,0.0,186,2728.9547367095947,0,0.0,112,1782.902114868164,0,0.0,0,0.0,,,,,,,
static,model_static/summary_timeseries.csv,20,4.6,298,119200.0,1163.0774822875155,14.20121742195375,1163 ± 14.2,1136.41357421875,1211.7552490234375,1.940387676626244,0.0022496970965876,1.94 ± 0.00225,1.940000057220459,1.9574874639511108,0.3721090606572333,0.227557946985991,0.3721 ± 0.2276,0.0274833136904463,1.5032500055566438,486.5335570469799,7.223229777685484,486.5 ± 7.223,483.0,507.0,90.11003192159151,0.7194197104749019,90.11 ± 0.7194,89.80440521240234,92.14892578125,75.3416748046875,1,1,1,1,1:298,0,0,0.0,model_static,False,mckenzie2003,15.67945603556281,15.826800346374512,14.500200271606444,15.826800346374512,15.826800346374512,4.865335570469799,4.84,5.07,3.224597383513728,3.270000071564982,0,0.0,33,478.5066089630127,0,0.0,265,4193.971289634705,0,0.0,0,0.0,,,,,,,
static,model_static/summary_timeseries.csv,20,4.5,298,119200.0,1163.0774822875155,14.20121742195375,1163 ± 14.2,1136.41357421875,1211.7552490234375,1.940387676626244,0.0022496970965876,1.94 ± 0.00225,1.940000057220459,1.9574874639511108,0.3721090606572333,0.227557946985991,0.3721 ± 0.2276,0.0274833136904463,1.5032500055566438,496.4295302013423,10.499763521502622,496.4 ± 10.5,486.0,507.0,90.17651116287948,1.099002483364788,90.18 ± 1.099,89.0748291015625,91.28455352783205,75.3416748046875,1,1,1,1,1:298,0,0,0.0,model_static,False,mckenzie2003,15.200871512393825,15.892200469970703,14.500200271606444,15.892200469970703,15.892200469970703,4.964295302013422,4.86,5.07,3.0663759142074483,3.2700000967017906,0,0.0,148,2146.029640197754,0,0.0,150,2383.830070495605,0,0.0,0,0.0,,,,,,,
static,model_static/summary_timeseries.csv,20,4.4,298,119200.0,1163.0774822875155,14.20121742195375,1163 ± 14.2,1136.41357421875,1211.7552490234375,1.940387676626244,0.0022496970965876,1.94 ± 0.00225,1.940000057220459,1.9574874639511108,0.3721090606572333,0.227557946985991,0.3721 ± 0.2276,0.0274833136904463,1.5032500055566438,484.0,0.0,484 ± 0,484.0,484.0,90.06550843923684,0.0020210949446824,90.07 ± 0.002021,90.058349609375,90.06940460205078,75.3416748046875,1,1,1,1,1:298,0,0,0.0,model_static,False,mckenzie2003,15.826800346374512,15.826800346374512,15.826800346374512,15.826800346374512,15.826800346374512,4.840000000000001,4.84,4.84,3.2700000715649824,3.270000071564982,0,0.0,0,0.0,0,0.0,298,4716.3865032196045,0,0.0,0,0.0,,,,,,,
static,model_static/summary_timeseries.csv,20,4.3,298,119200.0,1163.0774822875155,14.20121742195375,1163 ± 14.2,1136.41357421875,1211.7552490234375,1.940387676626244,0.0022496970965876,1.94 ± 0.00225,1.940000057220459,1.9574874639511108,0.3721090606572333,0.227557946985991,0.3721 ± 0.2276,0.0274833136904463,1.5032500055566438,507.493288590604,1.2349585993946597,507.5 ± 1.235,488.0,508.0,92.4621468102372,0.1262183919345604,92.46 ± 0.1262,90.32465362548828,92.4926528930664,75.3416748046875,2,1,2,2,2:298,0,0,0.0,model_static,False,mckenzie2003,14.52102227178996,14.528800010681152,14.500200271606444,14.528800010681152,15.957599639892578,5.07493288590604,5.08,5.08,2.8613758633995854,2.860000002102589,0,0.0,297,4311.307037353516,0,0.0,1,15.957599639892578,0,0.0,0,0.0,,,,,,,
static,model_static/summary_timeseries.csv,20,4.2,298,119200.0,1163.0774822875155,14.20121742195375,1163 ± 14.2,1136.41357421875,1211.7552490234375,1.940387676626244,0.0022496970965876,1.94 ± 0.00225,1.940000057220459,1.9574874639511108,0.3721090606572333,0.227557946985991,0.3721 ± 0.2276,0.0274833136904463,1.5032500055566438,488.8053691275168,3.931763359966928,488.8 ± 3.932,488.0,508.0,87.80756280886247,0.4229765260744517,87.81 ± 0.423,87.71839904785156,89.87338256835938,75.3416748046875,1,2,1,2,1:287; 2:11,0,0,0.0,model_static,False,mckenzie2003,15.900064084353865,15.957599639892578,15.957599639892578,15.957599639892578,15.957599639892578,4.888053691275167,4.88,4.88,3.25348986214958,3.2699999262074955,0,0.0,12,174.34560012817383,0,0.0,286,4563.873497009277,0,0.0,0,0.0,,,,,,,
static,model_static/summary_timeseries.csv,20,4.1,298,119200.0,1163.0774822875155,14.20121742195375,1163 ± 14.2,1136.41357421875,1211.7552490234375,1.940387676626244,0.0022496970965876,1.94 ± 0.00225,1.940000057220459,1.9574874639511108,0.3721090606572333,0.227557946985991,0.3721 ± 0.2276,0.0274833136904463,1.5032500055566438,488.0,0.0,488 ± 0,488.0,488.0,87.5911746185098,0.0039984099884102,87.59 ± 0.003998,87.58134460449219,87.5955581665039,75.3416748046875,2,1,2,2,2:298,0,0,0.0,model_static,False,mckenzie2003,15.957599639892578,15.957599639892578,15.957599639892578,15.957599639892578,15.957599639892578,4.88,4.88,4.88,3.269999926207496,3.2699999262074955,0,0.0,0,0.0,0,0.0,298,4755.364692687988,0,0.0,0,0.0,,,,,,,
static,model_static/summary_timeseries.csv,20,4.0,298,119200.0,1163.0774822875155,14.20121742195375,1163 ± 14.2,1136.41357421875,1211.7552490234375,1.940387676626244,0.0022496970965876,1.94 ± 0.00225,1.940000057220459,1.9574874639511108,0.3721090606572333,0.227557946985991,0.3721 ± 0.2276,0.0274833136904463,1.5032500055566438,495.78859060402687,1.7278620921752248,495.8 ± 1.728,495.0,516.0,88.70308925961488,0.1803676235390358,88.7 ± 0.1804,88.65570831298828,90.88046264648438,75.3416748046875,1,1,1,1,1:298,0,0,0.0,model_static,False,mckenzie2003,16.198088530726082,16.219200134277344,16.186500549316406,16.219200134277344,16.219200134277344,4.957885906040269,4.96,4.96,3.267248377817035,3.270000027072045,0,0.0,2,29.515199661254883,0,0.0,296,4797.515182495117,0,0.0,0,0.0,,,,,,,
static,model_static/summary_timeseries.csv,20,3.9,298,119200.0,1163.0774822875155,14.20121742195375,1163 ± 14.2,1136.41357421875,1211.7552490234375,1.940387676626244,0.0022496970965876,1.94 ± 0.00225,1.940000057220459,1.9574874639511108,0.3721090606572333,0.227557946985991,0.3721 ± 0.2276,0.0274833136904463,1.5032500055566438,506.3959731543624,9.043384464704602,506.4 ± 9.043,497.0,516.0,86.91951454725842,1.055260584356216,86.92 ± 1.055,85.87812042236328,88.04283905029297,75.3416748046875,2,1,2,2,2:298,0,0,0.0,model_static,False,mckenzie2003,15.56524185846316,16.25189971923828,14.75759983062744,16.28459930419922,16.28459930419922,5.063959731543624,4.98,5.16,3.077382465862794,3.2699998602809672,0,0.0,140,2066.063976287842,0,0.0,158,2572.37809753418,0,0.0,0,0.0,,,,,,,
static,model_static/summary_timeseries.csv,20,3.8,298,119200.0,1163.0774822875155,14.20121742195375,1163 ± 14.2,1136.41357421875,1211.7552490234375,1.940387676626244,0.0022496970965876,1.94 ± 0.00225,1.940000057220459,1.9574874639511108,0.3721090606572333,0.227557946985991,0.3721 ± 0.2276,0.0274833136904463,1.5032500055566438,499.738255033557,8.723489829617566,499.7 ± 8.723,494.0,513.0,88.00802169390172,0.9819606625276308,88.01 ± 0.982,87.36089324951172,89.50199127197266,75.3416748046875,2,1,2,2,2:298,0,0,0.0,model_static,False,mckenzie2003,15.70621534641957,16.153799057006836,14.671799659729004,16.153799057006836,16.153799057006836,4.997382550335571,4.94,5.13,3.1461743433736844,3.269999809110695,0,0.0,90,1320.4619693756104,0,0.0,208,3359.990203857422,0,0.0,0,0.0,,,,,,,
static,model_static/summary_timeseries.csv,20,3.7,298,119200.0,1163.0774822875155,14.20121742195375,1163 ± 14.2,1136.41357421875,1211.7552490234375,1.940387676626244,0.0022496970965876,1.94 ± 0.00225,1.940000057220459,1.9574874639511108,0.3721090606572333,0.227557946985991,0.3721 ± 0.2276,0.0274833136904463,1.5032500055566438,507.3154362416107,8.917660065919984,507.3 ± 8.918,496.0,515.0,89.65878577520384,1.0464977421740465,89.66 ± 1.046,88.3980712890625,90.56243896484376,75.3416748046875,2,1,2,2,2:298,0,0,0.0,model_static,False,mckenzie2003,15.377582153217904,14.729000091552734,14.729000091552734,16.25189971923828,16.25189971923828,5.073154362416108,5.15,5.15,3.0347315308716967,2.86000001777723,0,0.0,171,2518.6590156555176,0,0.0,127,2063.860466003418,0,0.0,0,0.0,,,,,,,
static,model_static/summary_timeseries.csv,20,3.6,298,119200.0,1163.0774822875155,14.20121742195375,1163 ± 14.2,1136.41357421875,1211.7552490234375,1.940387676626244,0.0022496970965876,1.94 ± 0.00225,1.940000057220459,1.9574874639511108,0.3721090606572333,0.227557946985991,0.3721 ± 0.2276,0.0274833136904463,1.5032500055566438,515.3221476510067,5.544534108006142,515.3 ± 5.545,497.0,517.0,90.28965001458288,0.6002357482478337,90.29 ± 0.6002,88.30565643310547,90.4745101928711,75.3416748046875,2,2,1,2,1:4; 2:294,0,0,0.0,model_static,False,mckenzie2003,14.9091609916431,14.786199569702148,14.786199569702148,16.25189971923828,16.25189971923828,5.153221476510068,5.17,5.17,2.894395892167764,2.8599999167702417,0,0.0,273,4036.632482528687,0,0.0,25,406.297492980957,0,0.0,0,0.0,,,,,,,
static,model_static/summary_timeseries.csv,20,3.5,298,119200.0,1163.0774822875155,14.20121742195375,1163 ± 14.2,1136.41357421875,1211.7552490234375,1.940387676626244,0.0022496970965876,1.94 ± 0.00225,1.940000057220459,1.9574874639511108,0.3721090606572333,0.227557946985991,0.3721 ± 0.2276,0.0274833136904463,1.5032500055566438,505.8053691275168,8.002665539445472,505.8 ± 8.003,501.0,520.0,89.7344804290157,0.937151903442208,89.73 ± 0.9372,89.17033386230469,91.34087371826172,75.3416748046875,2,1,2,2,2:298,0,0,0.0,model_static,False,mckenzie2003,15.975590235434922,16.382699966430664,14.84340000152588,16.382699966430664,16.382699966430664,5.058053691275167,5.01,5.19,3.1613087183021453,3.269999993299534,0,0.0,79,1172.9145975112915,0,0.0,219,3587.8112926483154,0,0.0,0,0.0,,,,,,,
static,model_static/summary_timeseries.csv,20,3.4,298,119200.0,1163.0774822875155,14.20121742195375,1163 ± 14.2,1136.41357421875,1211.7552490234375,1.940387676626244,0.0022496970965876,1.94 ± 0.00225,1.940000057220459,1.9574874639511108,0.3721090606572333,0.227557946985991,0.3721 ± 0.2276,0.0274833136904463,1.5032500055566438,506.7046979865772,9.030524935654954,506.7 ± 9.031,501.0,521.0,87.11625535696145,0.9958461700135788,87.12 ± 0.9958,86.48561096191406,88.69674682617188,75.3416748046875,2,1,2,2,2:298,0,0,0.0,model_static,False,mckenzie2003,15.95995345531694,16.382699966430664,14.90060043334961,16.382699966430664,16.382699966430664,5.067046979865771,5.01,5.21,3.153053710210752,3.269999993299534,0,0.0,85,1266.5510368347168,0,0.0,213,3489.5150928497314,0,0.0,0,0.0,,,,,,,
static,model_static/summary_timeseries.csv,20,3.3,298,119200.0,1163.0774822875155,14.20121742195375,1163 ± 14.2,1136.41357421875,1211.7552490234375,1.940387676626244,0.0022496970965876,1.94 ± 0.00225,1.940000057220459,1.9574874639511108,0.3721090606572333,0.227557946985991,0.3721 ± 0.2276,0.0274833136904463,1.5032500055566438,517.0,0.0,517 ± 0,517.0,517.0,90.2385550377353,0.0020150887961697,90.24 ± 0.002015,90.2323760986328,90.24227142333984,75.3416748046875,2,1,2,2,2:298,0,0,0.0,model_static,False,mckenzie2003,14.786199569702148,14.786199569702148,14.786199569702148,14.786199569702148,14.786199569702148,5.170000000000001,5.17,5.17,2.8599999167702417,2.8599999167702417,0,0.0,298,4406.28747177124,0,0.0,0,0.0,0,0.0,0,0.0,,,,,,,
static,model_static/summary_timeseries.csv,20,3.2,298,119200.0,1163.0774822875155,14.20121742195375,1163 ± 14.2,1136.41357421875,1211.7552490234375,1.940387676626244,0.0022496970965876,1.94 ± 0.00225,1.940000057220459,1.9574874639511108,0.3721090606572333,0.227557946985991,0.3721 ± 0.2276,0.0274833136904463,1.5032500055566438,523.3657718120805,0.4816459213653296,523.4 ± 0.4816,523.0,524.0,90.04486977494003,0.0227359884337867,90.04 ± 0.02274,90.024169921875,90.0767593383789,75.3416748046875,2,1,2,2,2:298,0,0,0.0,model_static,False,mckenzie2003,14.968260889885409,14.957799911499023,14.957799911499023,14.98639965057373,14.98639965057373,5.233657718120806,5.23,5.24,2.859999964876448,2.859999983078207,0,0.0,298,4460.541745185852,0,0.0,0,0.0,0,0.0,0,0.0,,,,,,,
static,model_static/summary_timeseries.csv,20,3.1,298,119200.0,1163.0774822875155,14.20121742195375,1163 ± 14.2,1136.41357421875,1211.7552490234375,1.940387676626244,0.0022496970965876,1.94 ± 0.00225,1.940000057220459,1.9574874639511108,0.3721090606572333,0.227557946985991,0.3721 ± 0.2276,0.0274833136904463,1.5032500055566438,508.7315436241611,7.431233624889899,508.7 ± 7.431,505.0,524.0,89.81255317534377,0.8530153548586648,89.81 ± 0.853,89.38265991210938,91.57159423828124,75.3416748046875,2,1,2,2,2:298,0,0,0.0,model_static,False,mckenzie2003,16.224585971576257,16.513500213623047,14.98639965057373,16.546199798583984,16.546199798583984,5.087315436241611,5.05,5.24,3.1915771946730414,3.2700000423015934,0,0.0,57,854.2247800827026,0,0.0,241,3980.7018394470215,0,0.0,0,0.0,,,,,,,
static,model_static/summary_timeseries.csv,20,3.0,298,119200.0,1163.0774822875155,14.20121742195375,1163 ± 14.2,1136.41357421875,1211.7552490234375,1.940387676626244,0.0022496970965876,1.94 ± 0.00225,1.940000057220459,1.9574874639511108,0.3721090606572333,0.227557946985991,0.3721 ± 0.2276,0.0274833136904463,1.5032500055566438,528.0,0.0,528 ± 0,528.0,528.0,90.99328487831474,0.0015508843617576,90.99 ± 0.001551,90.9882583618164,91.000244140625,75.3416748046875,2,1,2,2,2:298,0,0,0.0,model_static,False,mckenzie2003,15.100799560546877,15.100799560546877,15.100799560546877,15.100799560546877,15.100799560546877,5.28,5.28,5.28,2.8599999167702417,2.859999916770241,0,0.0,298,4500.038269042969,0,0.0,0,0.0,0,0.0,0,0.0,,,,,,,
static,model_static/summary_timeseries.csv,20,2.9,298,119200.0,1163.0774822875155,14.20121742195375,1163 ± 14.2,1136.41357421875,1211.7552490234375,1.940387676626244,0.0022496970965876,1.94 ± 0.00225,1.940000057220459,1.9574874639511108,0.3721090606572333,0.227557946985991,0.3721 ± 0.2276,0.0274833136904463,1.5032500055566438,530.6979865771812,0.4591310436640824,530.7 ± 0.4591,530.0,531.0,93.20744203401092,0.0203424497228036,93.21 ± 0.02034,93.1706085205078,93.22184753417967,75.3416748046875,2,1,2,2,2:298,0,0,0.0,model_static,False,mckenzie2003,15.177962226355636,15.186599731445312,15.157999992370604,15.186599731445312,15.186599731445312,5.306979865771813,5.3100000000000005,5.3100000000000005,2.8599999642643894,2.859999949424729,0,0.0,298,4523.03274345398,0,0.0,0,0.0,0,0.0,0,0.0,,,,,,,
static,model_static/summary_timeseries.csv,20,2.8,298,119200.0,1163.0774822875155,14.20121742195375,1163 ± 14.2,1136.41357421875,1211.7552490234375,1.940387676626244,0.0022496970965876,1.94 ± 0.00225,1.940000057220459,1.9574874639511108,0.3721090606572333,0.227557946985991,0.3721 ± 0.2276,0.0274833136904463,1.5032500055566438,522.2013422818792,7.659691291527409,522.2 ± 7.66,509.0,527.0,94.55717475942318,0.9496785648713452,94.56 ± 0.9497,92.99827575683594,95.1542510986328,75.3416748046875,2,1,2,2,2:298,0,0,0.0,model_static,False,mckenzie2003,15.524340155940727,15.072199821472168,15.072199821472168,16.677000045776367,16.677000045776367,5.222013422818793,5.2700000000000005,5.2700000000000005,2.975570448548865,2.859999966123751,0,0.0,214,3225.450761795044,0,0.0,84,1400.802604675293,0,0.0,0,0.0,,,,,,,
static,model_static/summary_timeseries.csv,20,2.7,298,119200.0,1163.0774822875155,14.20121742195375,1163 ± 14.2,1136.41357421875,1211.7552490234375,1.940387676626244,0.0022496970965876,1.94 ± 0.00225,1.940000057220459,1.9574874639511108,0.3721090606572333,0.227557946985991,0.3721 ± 0.2276,0.0274833136904463,1.5032500055566438,531.98322147651,0.1284406658322459,532 ± 0.1284,531.0,532.0,90.22590145648726,0.0061654393455918,90.23 ± 0.006165,90.17833709716795,90.22809600830078,75.3416748046875,2,1,2,2,2:298,0,0,0.0,model_static,False,mckenzie2003,15.214720546799215,15.215200424194336,15.215200424194336,15.215200424194336,15.215200424194336,5.319832214765101,5.32,5.32,2.86000007754935,2.8600000797357774,0,0.0,298,4533.986722946167,0,0.0,0,0.0,0,0.0,0,0.0,,,,,,,
static,model_static/summary_timeseries.csv,20,2.6,298,119200.0,1163.0774822875155,14.20121742195375,1163 ± 14.2,1136.41357421875,1211.7552490234375,1.940387676626244,0.0022496970965876,1.94 ± 0.00225,1.940000057220459,1.9574874639511108,0.3721090606572333,0.227557946985991,0.3721 ± 0.2276,0.0274833136904463,1.5032500055566438,526.0234899328859,5.800611970280758,526 ± 5.801,509.0,528.0,90.41516469148982,0.6587300299018796,90.42 ± 0.6587,88.48091888427734,90.6488800048828,75.3416748046875,2,1,2,2,2:298,0,0,0.0,model_static,False,mckenzie2003,15.261365090440584,15.100799560546877,15.100799560546877,16.64430046081543,16.64430046081543,5.260234899328859,5.28,5.28,2.902650941557693,2.859999916770241,0,0.0,267,4031.913482666016,0,0.0,31,515.9733142852783,0,0.0,0,0.0,,,,,,,
static,model_static/summary_timeseries.csv,20,2.5,298,119200.0,1163.0774822875155,14.20121742195375,1163 ± 14.2,1136.41357421875,1211.7552490234375,1.940387676626244,0.0022496970965876,1.94 ± 0.00225,1.940000057220459,1.9574874639511108,0.3721090606572333,0.227557946985991,0.3721 ± 0.2276,0.0274833136904463,1.5032500055566438,524.993288590604,0.0816478191986338,525 ± 0.08165,524.0,525.0,89.7391061462812,0.0041543804924304,89.74 ± 0.004154,89.69290161132812,89.74321746826172,75.3416748046875,2,1,2,2,2:298,0,0,0.0,model_static,False,mckenzie2003,15.014808392364706,15.015000343322754,15.015000343322754,15.015000343322754,15.015000343322754,5.24993288590604,5.25,5.25,2.8600000645083727,2.8600000653948103,0,0.0,298,4474.412900924683,0,0.0,0,0.0,0,0.0,0,0.0,,,,,,,
static,model_static/summary_timeseries.csv,20,2.4,298,119200.0,1163.0774822875155,14.20121742195375,1163 ± 14.2,1136.41357421875,1211.7552490234375,1.940387676626244,0.0022496970965876,1.94 ± 0.00225,1.940000057220459,1.9574874639511108,0.3721090606572333,0.227557946985991,0.3721 ± 0.2276,0.0274833136904463,1.5032500055566438,531.006711409396,6.402072487733326,531 ± 6.402,518.0,535.0,90.11816426731596,0.7648085821507495,90.12 ± 0.7648,88.56069946289062,90.53460693359376,75.3416748046875,2,1,2,2,2:298,0,0,0.0,model_static,False,mckenzie2003,15.600148988250115,15.27239990234375,15.27239990234375,16.938600540161133,16.938600540161133,5.31006711409396,5.34,5.3500000000000005,2.9397986573978625,2.859999981712313,0,0.0,240,3666.4055671691895,0,0.0,58,982.4388313293456,0,0.0,0,0.0,,,,,,,
static,model_static/summary_timeseries.csv,20,2.3,298,119200.0,1163.0774822875155,14.20121742195375,1163 ± 14.2,1136.41357421875,1211.7552490234375,1.940387676626244,0.0022496970965876,1.94 ± 0.00225,1.940000057220459,1.9574874639511108,0.3721090606572333,0.227557946985991,0.3721 ± 0.2276,0.0274833136904463,1.5032500055566438,531.9463087248322,0.9252986813215618,531.9 ± 0.9253,516.0,532.0,90.03221816504562,0.1205369446341416,90.03 ± 0.1205,87.9549789428711,90.04061889648438,75.3416748046875,2,1,2,2,2:298,0,0,0.0,model_static,False,mckenzie2003,15.220764179357746,15.215200424194336,15.215200424194336,15.215200424194336,16.873199462890625,5.319463087248323,5.32,5.32,2.8613759180450837,2.8600000797357774,0,0.0,297,4518.914525985718,0,0.0,1,16.873199462890625,0,0.0,0,0.0,,,,,,,
static,model_static/summary_timeseries.csv,20,2.2,298,119200.0,1163.0774822875155,14.20121742195375,1163 ± 14.2,1136.41357421875,1211.7552490234375,1.940387676626244,0.0022496970965876,1.94 ± 0.00225,1.940000057220459,1.9574874639511108,0.3721090606572333,0.227557946985991,0.3721 ± 0.2276,0.0274833136904463,1.5032500055566438,528.01677852349,1.0312501492902886,528 ± 1.031,516.0,529.0,92.7346575436176,0.1419977789525604,92.73 ± 0.142,91.01448059082033,92.78736114501952,75.3416748046875,2,1,2,2,2:298,0,0,0.0,model_static,False,mckenzie2003,15.11547815079657,15.100799560546877,15.100799560546877,15.129400253295898,16.873199462890625,5.2801677852349,5.28,5.29,2.8627516072417825,2.859999916770241,0,0.0,296,4470.666090011597,0,0.0,2,33.74639892578125,0,0.0,0,0.0,,,,,,,
static,model_static/summary_timeseries.csv,20,2.1,298,119200.0,1163.0774822875155,14.20121742195375,1163 ± 14.2,1136.41357421875,1211.7552490234375,1.940387676626244,0.0022496970965876,1.94 ± 0.00225,1.940000057220459,1.9574874639511108,0.3721090606572333,0.227557946985991,0.3721 ± 0.2276,0.0274833136904463,1.5032500055566438,527.9127516778524,1.0614216495822395,527.9 ± 1.061,515.0,528.0,88.6422809370412,0.1611087279029477,88.64 ± 0.1611,86.68181610107422,88.65716552734375,75.3416748046875,2,1,2,2,2:298,0,0,0.0,model_static,False,mckenzie2003,15.112475401603136,15.100799560546877,15.100799560546877,15.100799560546877,16.840499877929688,5.279127516778524,5.28,5.28,2.8627515950220994,2.859999916770241,0,0.0,296,4469.836669921875,0,0.0,2,33.680999755859375,0,0.0,0,0.0,,,,,,,
static,model_static/summary_timeseries.csv,20,2.0,298,119200.0,1163.0774822875155,14.20121742195375,1163 ± 14.2,1136.41357421875,1211.7552490234375,1.940387676626244,0.0022496970965876,1.94 ± 0.00225,1.940000057220459,1.9574874639511108,0.3721090606572333,0.227557946985991,0.3721 ± 0.2276,0.0274833136904463,1.5032500055566438,528.993288590604,0.0816478191986338,529 ± 0.08165,528.0,529.0,87.48803209138397,0.0045193851614356,87.49 ± 0.004519,87.4423828125,87.496337890625,75.3416748046875,2,1,2,2,2:298,0,0,0.0,model_static,False,mckenzie2003,15.129208302337853,15.129400253295898,15.129400253295898,15.129400253295898,15.129400253295898,5.28993288590604,5.29,5.29,2.8600000470020768,2.8600000478820222,0,0.0,298,4508.50407409668,0,0.0,0,0.0,0,0.0,0,0.0,,,,,,,
static,model_static/summary_timeseries.csv,20,1.9,298,119200.0,1163.0774822875155,14.20121742195375,1163 ± 14.2,1136.41357421875,1211.7552490234375,1.940387676626244,0.0022496970965876,1.94 ± 0.00225,1.940000057220459,1.9574874639511108,0.3721090606572333,0.227557946985991,0.3721 ± 0.2276,0.0274833136904463,1.5032500055566438,539.0,0.0,539 ± 0,539.0,539.0,89.5982863919047,0.0012417489459656,89.6 ± 0.001242,89.59554290771484,89.60157775878906,75.3416748046875,2,1,2,2,2:298,0,0,0.0,model_static,False,mckenzie2003,15.415399551391602,15.415399551391602,15.415399551391602,15.415399551391602,15.415399551391602,5.39,5.39,5.39,2.8599999167702417,2.8599999167702417,0,0.0,298,4593.789066314697,0,0.0,0,0.0,0,0.0,0,0.0,,,,,,,
static,model_static/summary_timeseries.csv,20,1.8,298,119200.0,1163.0774822875155,14.20121742195375,1163 ± 14.2,1136.41357421875,1211.7552490234375,1.940387676626244,0.0022496970965876,1.94 ± 0.00225,1.940000057220459,1.9574874639511108,0.3721090606572333,0.227557946985991,0.3721 ± 0.2276,0.0274833136904463,1.5032500055566438,541.996644295302,0.0578311675825976,542 ± 0.05783,541.0,542.0,89.68571047174851,0.0028558831022614,89.69 ± 0.002856,89.6388931274414,89.6877212524414,75.3416748046875,2,1,2,2,2:298,0,0,0.0,model_static,False,mckenzie2003,15.501103750011264,15.50119972229004,15.50119972229004,15.50119972229004,15.50119972229004,5.4199664429530205,5.42,5.42,2.859999948923528,2.859999948762,0,0.0,298,4619.328917503357,0,0.0,0,0.0,0,0.0,0,0.0,,,,,,,
static,model_static/summary_timeseries.csv,20,1.7,298,119200.0,1163.0774822875155,14.20121742195375,1163 ± 14.2,1136.41357421875,1211.7552490234375,1.940387676626244,0.0022496970965876,1.94 ± 0.00225,1.940000057220459,1.9574874639511108,0.3721090606572333,0.227557946985991,0.3721 ± 0.2276,0.0274833136904463,1.5032500055566438,538.996644295302,0.0578311675825976,539 ± 0.05783,538.0,539.0,89.69812677370622,0.0030785506846227,89.7 ± 0.003079,89.65201568603516,89.70134735107422,75.3416748046875,2,1,2,2,2:298,0,0,0.0,model_static,False,mckenzie2003,15.415303579112829,15.415399551391602,15.415399551391602,15.415399551391602,15.415399551391602,5.389966442953019,5.39,5.39,2.859999916932472,2.8599999167702417,0,0.0,298,4593.760466575623,0,0.0,0,0.0,0,0.0,0,0.0,,,,,,,
static,model_static/summary_timeseries.csv,20,1.6,298,119200.0,1163.0774822875155,14.20121742195375,1163 ± 14.2,1136.41357421875,1211.7552490234375,1.940387676626244,0.0022496970965876,1.94 ± 0.00225,1.940000057220459,1.9574874639511108,0.3721090606572333,0.227557946985991,0.3721 ± 0.2276,0.0274833136904463,1.5032500055566438,539.3053691275168,0.4605635933032701,539.3 ± 0.4606,539.0,540.0,88.68921904595906,0.0217683058584805,88.69 ± 0.02177,88.67144775390625,88.7232437133789,75.3416748046875,2,1,2,2,2:298,0,0,0.0,model_static,False,mckenzie2003,15.424133319982746,15.415399551391602,15.415399551391602,15.444000244140623,15.444000244140623,5.393053691275167,5.39,5.4,2.8599999559921536,2.8599999167702417,0,0.0,298,4596.391729354858,0,0.0,0,0.0,0,0.0,0,0.0,,,,,,,
static,model_static/summary_timeseries.csv,20,1.5,298,119200.0,1163.0774822875155,14.20121742195375,1163 ± 14.2,1136.41357421875,1211.7552490234375,1.940387676626244,0.0022496970965876,1.94 ± 0.00225,1.940000057220459,1.9574874639511108,0.3721090606572333,0.227557946985991,0.3721 ± 0.2276,0.0274833136904463,1.5032500055566438,536.0,0.0,536 ± 0,536.0,536.0,88.10578378254935,0.0017708054925309,88.11 ± 0.001771,88.1004638671875,88.10924530029297,75.3416748046875,2,1,2,2,2:298,0,0,0.0,model_static,False,mckenzie2003,15.32960033416748,15.32960033416748,15.32960033416748,15.32960033416748,15.32960033416748,5.36,5.36,5.36,2.860000062344678,2.860000062344679,0,0.0,298,4568.220899581909,0,0.0,0,0.0,0,0.0,0,0.0,,,,,,,
static,model_static/summary_timeseries.csv,20,1.4,298,119200.0,1163.0774822875155,14.20121742195375,1163 ± 14.2,1136.41357421875,1211.7552490234375,1.940387676626244,0.0022496970965876,1.94 ± 0.00225,1.940000057220459,1.9574874639511108,0.3721090606572333,0.227557946985991,0.3721 ± 0.2276,0.0274833136904463,1.5032500055566438,538.0,0.0,538 ± 0,538.0,538.0,87.6593901102975,0.0040574816863106,87.66 ± 0.004057,87.65099334716797,87.666259765625,75.3416748046875,2,1,2,2,2:298,0,0,0.0,model_static,False,mckenzie2003,15.386799812316896,15.386799812316896,15.386799812316896,15.386799812316896,15.386799812316896,5.380000000000001,5.38,5.38,2.8599999651146644,2.8599999651146644,0,0.0,298,4585.266344070435,0,0.0,0,0.0,0,0.0,0,0.0,,,,,,,
static,model_static/summary_timeseries.csv,20,1.3,298,119200.0,1163.0774822875155,14.20121742195375,1163 ± 14.2,1136.41357421875,1211.7552490234375,1.940387676626244,0.0022496970965876,1.94 ± 0.00225,1.940000057220459,1.9574874639511108,0.3721090606572333,0.227557946985991,0.3721 ± 0.2276,0.0274833136904463,1.5032500055566438,535.9865771812081,0.1150766993253842,536 ± 0.1151,535.0,536.0,90.48271002545452,0.0055537913482285,90.48 ± 0.005554,90.4322509765625,90.48673248291016,75.3416748046875,2,1,2,2,2:298,0,0,0.0,model_static,False,mckenzie2003,15.329216432251386,15.32960033416748,15.32960033416748,15.32960033416748,15.32960033416748,5.35986577181208,5.36,5.36,2.8600000606081784,2.860000062344679,0,0.0,298,4568.106496810913,0,0.0,0,0.0,0,0.0,0,0.0,,,,,,,
static,model_static/summary_timeseries.csv,20,1.2,298,119200.0,1163.0774822875155,14.20121742195375,1163 ± 14.2,1136.41357421875,1211.7552490234375,1.940387676626244,0.0022496970965876,1.94 ± 0.00225,1.940000057220459,1.9574874639511108,0.3721090606572333,0.227557946985991,0.3721 ± 0.2276,0.0274833136904463,1.5032500055566438,544.0,0.0,544 ± 0,544.0,544.0,90.7913251787224,0.0033511703760595,90.79 ± 0.003351,90.78722381591795,90.7985382080078,75.3416748046875,2,1,2,2,2:298,0,0,0.0,model_static,False,mckenzie2003,15.55840015411377,15.55840015411377,15.55840015411377,15.55840015411377,15.55840015411377,5.44,5.44,5.44,2.8600000283297367,2.8600000283297367,0,0.0,298,4636.403245925903,0,0.0,0,0.0,0,0.0,0,0.0,,,,,,,
static,model_static/summary_timeseries.csv,20,1.1,298,119200.0,1163.0774822875155,14.20121742195375,1163 ± 14.2,1136.41357421875,1211.7552490234375,1.940387676626244,0.0022496970965876,1.94 ± 0.00225,1.940000057220459,1.9574874639511108,0.3721090606572333,0.227557946985991,0.3721 ± 0.2276,0.0274833136904463,1.5032500055566438,542.993288590604,0.0816478191986338,543 ± 0.08165,542.0,543.0,90.5101775611007,0.0046714796422462,90.51 ± 0.004671,90.45374298095705,90.51238250732422,75.3416748046875,2,1,2,2,2:298,0,0,0.0,model_static,False,mckenzie2003,15.529608464081017,15.529800415039062,15.529800415039062,15.529800415039062,15.529800415039062,5.42993288590604,5.43,5.43,2.860000075577587,2.8600000764344498,0,0.0,298,4627.823322296143,0,0.0,0,0.0,0,0.0,0,0.0,,,,,,,
static,model_static/summary_timeseries.csv,20,1.0,298,119200.0,1163.0774822875155,14.20121742195375,1163 ± 14.2,1136.41357421875,1211.7552490234375,1.940387676626244,0.0022496970965876,1.94 ± 0.00225,1.940000057220459,1.9574874639511108,0.3721090606572333,0.227557946985991,0.3721 ± 0.2276,0.0274833136904463,1.5032500055566438,546.996644295302,0.0578311675825976,547 ± 0.05783,546.0,547.0,89.8959820382547,0.0032018487060001,89.9 ± 0.003202,89.85053253173828,89.89881134033203,75.3416748046875,2,1,2,2,2:298,0,0,0.0,model_static,False,mckenzie2003,15.644104349533183,15.644200325012209,15.644200325012209,15.644200325012209,15.644200325012209,5.46996644295302,5.47,5.47,2.860000058991826,2.8600000594172226,0,0.0,298,4661.943096160889,0,0.0,0,0.0,0,0.0,0,0.0,,,,,,,
static,model_static/summary_timeseries.csv,20,0.9,298,119200.0,1163.0774822875155,14.20121742195375,1163 ± 14.2,1136.41357421875,1211.7552490234375,1.940387676626244,0.0022496970965876,1.94 ± 0.00225,1.940000057220459,1.9574874639511108,0.3721090606572333,0.227557946985991,0.3721 ± 0.2276,0.0274833136904463,1.5032500055566438,546.0,0.0,546 ± 0,546.0,546.0,91.09030409947336,0.00181357839959,91.09 ± 0.001814,91.08050537109376,91.09243774414062,75.3416748046875,2,1,2,2,2:298,0,0,0.0,model_static,False,mckenzie2003,15.615599632263184,15.615599632263184,15.615599632263184,15.615599632263184,15.615599632263184,5.46,5.46,5.46,2.859999932648936,2.8599999326489347,0,0.0,298,4653.448690414429,0,0.0,0,0.0,0,0.0,0,0.0,,,,,,,
static,model_static/summary_timeseries.csv,20,0.8,298,119200.0,1163.0774822875155,14.20121742195375,1163 ± 14.2,1136.41357421875,1211.7552490234375,1.940387676626244,0.0022496970965876,1.94 ± 0.00225,1.940000057220459,1.9574874639511108,0.3721090606572333,0.227557946985991,0.3721 ± 0.2276,0.0274833136904463,1.5032500055566438,546.8087248322148,0.3933051969831636,546.8 ± 0.3933,546.0,547.0,88.35896178379954,0.0184763047190423,88.36 ± 0.01848,88.32038879394531,88.37102508544922,75.3416748046875,2,1,2,2,2:298,0,0,0.0,model_static,False,mckenzie2003,15.638729722707865,15.644200325012209,15.615599632263184,15.644200325012209,15.644200325012209,5.4680872483221465,5.47,5.47,2.8600000351695973,2.8600000594172226,0,0.0,298,4660.341457366943,0,0.0,0,0.0,0,0.0,0,0.0,,,,,,,
static,model_static/summary_timeseries.csv,20,0.7,298,119200.0,1163.0774822875155,14.20121742195375,1163 ± 14.2,1136.41357421875,1211.7552490234375,1.940387676626244,0.0022496970965876,1.94 ± 0.00225,1.940000057220459,1.9574874639511108,0.3721090606572333,0.227557946985991,0.3721 ± 0.2276,0.0274833136904463,1.5032500055566438,544.0973154362416,0.2963868116342489,544.1 ± 0.2964,544.0,545.0,90.01922085141176,0.0133617938878907,90.02 ± 0.01336,90.01060485839844,90.05976104736328,75.3416748046875,2,1,2,2,2:298,0,0,0.0,model_static,False,mckenzie2003,15.56118335019822,15.55840015411377,15.55840015411377,15.586999893188477,15.586999893188477,5.440973154362416,5.44,5.45,2.8600000236655845,2.8600000283297367,0,0.0,298,4637.23263835907,0,0.0,0,0.0,0,0.0,0,0.0,,,,,,,
static,model_static/summary_timeseries.csv,20,0.6,298,119200.0,1163.0774822875155,14.20121742195375,1163 ± 14.2,1136.41357421875,1211.7552490234375,1.940387676626244,0.0022496970965876,1.94 ± 0.00225,1.940000057220459,1.9574874639511108,0.3721090606572333,0.227557946985991,0.3721 ± 0.2276,0.0274833136904463,1.5032500055566438,542.6275167785235,0.4834661013918052,542.6 ± 0.4835,542.0,543.0,90.77909228945738,0.0211929293018339,90.78 ± 0.02119,90.74942779541016,90.79683685302734,75.3416748046875,2,1,2,2,2:298,0,0,0.0,model_static,False,mckenzie2003,15.519147136867446,15.529800415039062,15.50119972229004,15.529800415039062,15.529800415039062,5.426275167785236,5.43,5.43,2.8600000288786043,2.8600000764344498,0,0.0,298,4624.705846786499,0,0.0,0,0.0,0,0.0,0,0.0,,,,,,,
static,model_static/summary_timeseries.csv,20,0.5,298,119200.0,1163.0774822875155,14.20121742195375,1163 ± 14.2,1136.41357421875,1211.7552490234375,1.940387676626244,0.0022496970965876,1.94 ± 0.00225,1.940000057220459,1.9574874639511108,0.3721090606572333,0.227557946985991,0.3721 ± 0.2276,0.0274833136904463,1.5032500055566438,553.0335570469799,0.1800860116107213,553 ± 0.1801,553.0,554.0,89.86954511092013,0.0086272561253593,89.87 ± 0.008627,89.8576889038086,89.91280364990234,75.3416748046875,2,1,2,2,2:298,0,0,0.0,model_static,False,mckenzie2003,15.816759467925,15.815799713134766,15.815799713134766,15.815799713134766,15.844400405883787,5.530335570469799,5.53,5.53,2.8599999523249173,2.8599999481256355,0,0.0,298,4713.39432144165,0,0.0,0,0.0,0,0.0,0,0.0,,,,,,,
static,model_static/summary_timeseries.csv,20,0.4,298,119200.0,1163.0774822875155,14.20121742195375,1163 ± 14.2,1136.41357421875,1211.7552490234375,1.940387676626244,0.0022496970965876,1.94 ± 0.00225,1.940000057220459,1.9574874639511108,0.3721090606572333,0.227557946985991,0.3721 ± 0.2276,0.0274833136904463,1.5032500055566438,546.0973154362416,0.2963868116342489,546.1 ± 0.2964,546.0,547.0,83.57117935795112,0.0152840523601155,83.57 ± 0.01528,83.56153106689453,83.6166000366211,75.3416748046875,2,1,2,2,2:298,0,0,0.0,model_static,False,mckenzie2003,15.618382921154868,15.615599632263184,15.615599632263184,15.644200325012209,15.644200325012209,5.460973154362416,5.46,5.47,2.8599999449854465,2.8599999326489347,0,0.0,298,4654.27811050415,0,0.0,0,0.0,0,0.0,0,0.0,,,,,,,
static,model_static/summary_timeseries.csv,20,0.3,298,119200.0,1163.0774822875155,14.20121742195375,1163 ± 14.2,1136.41357421875,1211.7552490234375,1.940387676626244,0.0022496970965876,1.94 ± 0.00225,1.940000057220459,1.9574874639511108,0.3721090606572333,0.227557946985991,0.3721 ± 0.2276,0.0274833136904463,1.5032500055566438,535.2248322147651,3.012243607185402,535.2 ± 3.012,523.0,536.0,81.5695244961937,0.4098517801914296,81.57 ± 0.4099,79.90178680419922,81.67343139648438,75.3416748046875,2,1,2,2,2:298,0,0,0.0,model_static,False,mckenzie2003,15.429756353365494,15.32960033416748,15.32960033416748,17.102100372314453,17.102100372314453,5.352248322147651,5.36,5.36,2.8833893202528924,2.860000062344679,0,0.0,281,4307.331686973572,0,0.0,17,290.7357063293457,0,0.0,0,0.0,,,,,,,
static,model_static/summary_timeseries.csv,20,0.2,298,119200.0,1163.0774822875155,14.20121742195375,1163 ± 14.2,1136.41357421875,1211.7552490234375,1.940387676626244,0.0022496970965876,1.94 ± 0.00225,1.940000057220459,1.9574874639511108,0.3721090606572333,0.227557946985991,0.3721 ± 0.2276,0.0274833136904463,1.5032500055566438,537.4429530201343,4.876161090896206,537.4 ± 4.876,522.0,539.0,83.59371262108719,0.5518572160762228,83.59 ± 0.5519,81.84465789794922,83.77188873291016,75.3416748046875,2,1,2,2,2:298,0,0,0.0,model_static,False,mckenzie2003,15.56477886238354,15.415399551391602,15.415399551391602,17.069400787353516,17.069400787353516,5.374429530201342,5.39,5.39,2.8971475897952206,2.8599999167702417,0,0.0,271,4177.430279731751,0,0.0,27,460.8738212585449,0,0.0,0,0.0,,,,,,,
static,model_static/summary_timeseries.csv,20,0.1,298,119200.0,1163.0774822875155,14.20121742195375,1163 ± 14.2,1136.41357421875,1211.7552490234375,1.940387676626244,0.0022496970965876,1.94 ± 0.00225,1.940000057220459,1.9574874639511108,0.3721090606572333,0.227557946985991,0.3721 ± 0.2276,0.0274833136904463,1.5032500055566438,558.989932885906,0.0998286898029766,559 ± 0.09983,558.0,559.0,84.24952505738943,0.0056017867235764,84.25 ± 0.005602,84.20401000976562,84.25670623779297,75.3416748046875,2,1,2,2,2:298,0,0,0.0,model_static,False,mckenzie2003,15.987112138095318,15.98740005493164,15.98740005493164,15.98740005493164,15.98740005493164,5.58989932885906,5.59,5.59,2.860000010297693,2.860000009826769,0,0.0,298,4764.159417152405,0,0.0,0,0.0,0,0.0,0,0.0,,,,,,,
static,model_static/summary_timeseries.csv,20,0.0,298,119200.0,1163.0774822875155,14.20121742195375,1163 ± 14.2,1136.41357421875,1211.7552490234375,1.940387676626244,0.0022496970965876,1.94 ± 0.00225,1.940000057220459,1.9574874639511108,0.3721090606572333,0.227557946985991,0.3721 ± 0.2276,0.0274833136904463,1.5032500055566438,614.9798657718121,0.1404593928621231,615 ± 0.1405,614.0,615.0,93.32085805291295,0.0061648481198098,93.32 ± 0.006165,93.27745056152344,93.3244400024414,75.3416748046875,1,1,1,1,1:298,0,0,0.0,model_static,False,mckenzie2003,17.588424849030154,17.589000701904297,17.589000701904297,17.589000701904297,17.589000701904297,6.1497986577181205,6.15,6.15,2.860000111862867,2.86000011413078,0,0.0,298,5241.350605010986,0,0.0,0,0.0,0,0.0,0,0.0,,,,,,,
dynamic,model_dynamic/summary_timeseries.csv,20,21.0,298,119200.0,1163.0774822875155,14.20121742195375,1163 ± 14.2,1136.41357421875,1211.7552490234375,1.940387676626244,0.0022496970965876,1.94 ± 0.00225,1.940000057220459,1.9574874639511108,0.3721090606572333,0.227557946985991,0.3721 ± 0.2276,0.0274833136904463,1.5032500055566438,270.0,0.0,270 ± 0,270.0,270.0,54.4341240953279,0.0033940222320541,54.43 ± 0.003394,54.42782974243164,54.43901824951172,75.3416748046875,0,1,0,0,0:298,0,0,0.0,model_dynamic,True,mckenzie2003,8.829000473022461,8.829000473022461,8.829000473022461,8.829000473022461,8.829000473022461,2.7,2.7,2.7,3.270000175193503,3.270000175193504,0,0.0,0,0.0,0,0.0,298,2631.0421409606934,0,0.0,0,0.0,16.0,18.0,18.0,0.00625,0.0062500000000013,0.025,0.0184963292449345
dynamic,model_dynamic/summary_timeseries.csv,20,20.9,298,119200.0,1163.0802503523446,14.191601240495558,1163 ± 14.19,1136.437561774021,1211.630168485981,1.9237869644325445,0.0564971353461135,1.924 ± 0.0565,1.6453314203547091,2.090470368641634,0.3710844091881476,0.2262274306815646,0.3711 ± 0.2262,0.0330621877727968,1.492344563133321,284.0,0.0,284 ± 0,284.0,284.0,54.69596570930225,0.0016155879036428,54.7 ± 0.001616,54.69206619262695,54.69884490966797,75.1926067119598,0,1,0,0,0:298,0,0,0.0,model_dynamic,True,mckenzie2003,9.286800384521484,9.286800384521484,9.286800384521484,9.286800384521484,9.286800384521484,2.84,2.84,2.84,3.2700001353948887,3.270000135394889,0,0.0,0,0.0,0,0.0,298,2767.4665145874023,0,0.0,0,0.0,16.0,18.0,18.0,0.0062499999999998,0.0062499999999998,0.025,0.0179848556967442
dynamic,model_dynamic/summary_timeseries.csv,20,20.8,298,119200.0,1163.0832632599138,14.182404724251104,1163 ± 14.18,1136.4615883585418,1211.5114185047944,1.90751831874973,0.1114578453047317,1.908 ± 0.1115,1.3610865081197354,2.2292434365426703,0.3700835166105261,0.2249283731400018,0.3701 ± 0.2249,0.038530148617646,1.4816258815098209,285.8489932885906,0.3580554210156793,285.8 ± 0.3581,285.0,286.0,54.80181399607818,0.0186469259039841,54.8 ± 0.01865,54.7552375793457,54.8132438659668,75.04983014625259,0,1,0,0,0:298,0,0,0.0,model_dynamic,True,mckenzie2003,9.347261697653956,9.35219955444336,9.319499969482422,9.35219955444336,9.35219955444336,2.858489932885906,2.86,2.86,3.269999866119187,3.269999844210965,0,0.0,0,0.0,0,0.0,298,2785.483985900879,0,0.0,0,0.0,16.0,18.0,18.0,0.00625,0.0062500000000013,0.025,0.0175368334804776
dynamic,model_dynamic/summary_timeseries.csv,20,20.7,298,119200.0,1163.085558684501,14.174870953782836,1163 ± 14.17,1136.4856713665945,1211.40014997423,1.890569189732871,0.1659459337966221,1.891 ± 0.1659,1.0866672978002343,2.357666747589291,0.3691513348571799,0.2236789215242997,0.3692 ± 0.2237,0.038658333268137,1.47120479134839,282.3255033557047,0.4685626117496773,282.3 ± 0.4686,282.0,283.0,55.82378663952719,0.0203513015045709,55.82 ± 0.02035,55.8046760559082,55.85511016845703,74.9144786076356,0,1,0,0,0:298,0,0,0.0,model_dynamic,True,mckenzie2003,9.23204408556023,9.221400260925291,9.221400260925291,9.25409984588623,9.25409984588623,2.8232550335570465,2.82,2.83,3.27000004468296,3.2700000925267,0,0.0,0,0.0,0,0.0,298,2751.149137496948,0,0.0,0,0.0,16.0,18.0,18.0,0.0062499999999998,0.0062499999999998,0.025,0.016830927317854
dynamic,model_dynamic/summary_timeseries.csv,20,20.6,298,119200.0,1163.0884189350372,14.167611202676843,1163 ± 14.17,1136.5098567024484,1211.2944045637337,1.874254278506456,0.2189549270576302,1.874 ± 0.219,0.8269848033901545,2.479008718659389,0.3682357566570389,0.2224523310699559,0.3682 ± 0.2225,0.0387796037974763,1.4609714519506156,285.0,0.0,285 ± 0,285.0,285.0,55.60274311040072,0.0013422963422945,55.6 ± 0.001342,55.59366226196289,55.604713439941406,74.78454786128532,0,1,0,0,0:298,0,0,0.0,model_dynamic,True,mckenzie2003,9.319499969482422,9.319499969482422,9.319499969482422,9.319499969482422,9.319499969482422,2.8500000000000005,2.85,2.85,3.269999989292078,3.269999989292078,0,0.0,0,0.0,0,0.0,298,2777.2109909057617,0,0.0,0,0.0,16.0,18.0,18.0,0.00625,0.0062500000000013,0.025,0.0165181202157487
dynamic,model_dynamic/summary_timeseries.csv,20,20.5,298,119200.0,1163.0915219272392,14.160891422861294,1163 ± 14.16,1136.5340740661147,1211.1953353863291,1.8582380160332863,0.2706700389936519,1.858 ± 0.2707,0.5769186671855527,2.59313747413387,0.3673549327816481,0.2212572098590012,0.3674 ± 0.2213,0.0388931221397326,1.4510384155054994,287.98993288590606,0.0998286898029766,288 ± 0.09983,287.0,288.0,53.00015692742879,0.0051189711536685,53 ± 0.005119,52.9512939453125,53.0036506652832,74.66126132021441,0,1,0,0,0:298,0,0,0.0,model_dynamic,True,mckenzie2003,9.417270487586924,9.41759967803955,9.41759967803955,9.41759967803955,9.41759967803955,2.87989932885906,2.88,2.88,3.26999988966009,3.2699998882081776,0,0.0,0,0.0,0,0.0,298,2806.346605300904,0,0.0,0,0.0,16.0,18.0,18.0,0.00625,0.0062500000000013,0.025,0.0169461757722078
dynamic,model_dynamic/summary_timeseries.csv,20,20.4,298,119200.0,1163.0941820155028,14.154941673108544,1163 ± 14.15,1136.5581707121064,1211.1060629895585,1.8417898231446943,0.3202356722772238,1.842 ± 0.3202,0.3257238650018522,2.6975655687222706,0.3665818776685,0.2201241730028723,0.3666 ± 0.2201,0.0389958840336807,1.4417021207792773,281.0,0.0,281 ± 0,281.0,281.0,52.76508817736735,0.0030555552294587,52.77 ± 0.003056,52.76165390014648,52.771034240722656,74.54789227745187,0,1,0,0,0:298,0,0,0.0,model_dynamic,True,mckenzie2003,9.18869972229004,9.18869972229004,9.18869972229004,9.18869972229004,9.18869972229004,2.81,2.81,2.81,3.2699999011708334,3.2699999011708325,0,0.0,0,0.0,0,0.0,298,2738.232517242432,0,0.0,0,0.0,16.0,18.0,18.0,0.0062499999999998,0.0062499999999998,0.025,0.0166332937611319
dynamic,model_dynamic/summary_timeseries.csv,20,20.3,298,119200.0,1163.0971401160932,14.14946381102228,1163 ± 14.15,1136.5822700586882,1211.0228696111546,1.825724206388404,0.3684977021393449,1.826 ± 0.3685,0.0885730390954103,2.7946808919314217,0.3658497448371695,0.2190318874798424,0.3658 ± 0.219,0.0383203860885713,1.4326894936601926,283.93959731543623,1.0409610164867569,283.9 ± 1.041,266.0,284.0,54.53769082191006,0.0501488660315215,54.54 ± 0.05015,53.67932891845703,54.5452995300293,74.44059955246644,0,1,0,0,0:298,0,0,0.0,model_dynamic,True,mckenzie2003,9.293305080209002,9.286800384521484,9.286800384521484,9.286800384521484,11.225199699401855,2.8393959731543625,2.84,2.84,3.2731880540244127,3.270000135394889,0,0.0,0,0.0,0,0.0,297,2758.179714202881,1,11.225199699401855,0,0.0,11.0,12.0,12.0,0.00625,0.0125000000000013,0.025,0.0237206407386104
dynamic,model_dynamic/summary_timeseries.csv,20,20.2,298,119200.0,1163.1010885235028,14.143893561630426,1163 ± 14.14,1136.6065329246603,1210.9418233020117,1.810852937755743,0.4128479475636533,1.811 ± 0.4128,0.0,2.886076414368949,0.3651061743906254,0.2179838233858413,0.3651 ± 0.218,0.036908568641069,1.4236627961313968,283.0469798657718,16.424051593457715,283 ± 16.42,0.0,284.0,53.63815854219782,0.4170431559320174,53.64 ± 0.417,53.6090087890625,60.82529830932617,74.33529037735116,0,2,0,4,0:297; 4:1,1,0,0.0,model_dynamic,True,mckenzie2003,9.255636624841882,9.286800384521484,9.286800384521484,9.286800384521484,9.286800384521484,2.830469798657718,2.84,2.84,3.2700001353948887,3.270000135394889,1,0.0,0,0.0,0,0.0,297,2758.179714202881,0,0.0,0,0.0,8.0,9.0,9.0,0.0124999999999997,0.0124999999999997,0.025,0.0239257007209472
dynamic,model_dynamic/summary_timeseries.csv,20,20.1,298,119200.0,1163.1052829390114,14.139477179130395,1163 ± 14.14,1136.6307714508796,1210.8666504573716,1.796345730446551,0.4549978573214252,1.796 ± 0.455,0.0,2.978268996194082,0.364431882628255,0.2170030583542955,0.3644 ± 0.217,0.0355427185625557,1.4149753895324677,290.0234899328859,16.828869766535902,290 ± 16.83,0.0,291.0,57.60161320475124,0.423094473424825,57.6 ± 0.4231,57.572410583496094,64.8930435180664,74.23587900649204,0,2,0,4,0:297; 4:1,1,0,0.0,model_dynamic,True,mckenzie2003,9.483768459934517,9.515700340270996,9.515700340270996,9.515700340270996,9.515700340270996,2.900234899328859,2.91,2.91,3.2700001169316133,3.2700001169316137,1,0.0,0,0.0,0,0.0,297,2826.163001060486,0,0.0,0,0.0,8.0,9.0,9.0,0.0125,0.0125000000000014,0.025,0.0218293319127658
dynamic,model_dynamic/summary_timeseries.csv,20,20.0,298,119200.0,1163.1109451633392,14.13402773148442,1163 ± 14.13,1136.6553378113244,1210.790688080137,1.7835974983598668,0.4952332989813037,1.784 ± 0.4952,0.0,3.0727540285595305,0.3636874051911007,0.2159848827805009,0.3637 ± 0.216,0.0341165668022726,1.4060958296885788,291.8859060402685,17.011654197681864,291.9 ± 17.01,0.0,293.0,56.34724841021851,0.4323331897857938,56.35 ± 0.4323,55.431522369384766,63.692501068115234,74.13535026881254,0,2,0,4,0:297; 4:1,1,0,0.0,model_dynamic,True,mckenzie2003,9.56210750861456,9.581100463867188,9.581100463867188,9.581100463867188,11.562800407409668,2.9188590604026845,2.93,2.93,3.2763974645416085,3.270000158316446,1,0.0,0,0.0,0,0.0,295,2826.4246368408203,2,23.08340072631836,0,0.0,8.0,9.0,9.0,0.0125,0.0125000000000014,0.025,0.0218974628759246
dynamic,model_dynamic/summary_timeseries.csv,20,19.9,298,119200.0,1163.1165599253145,14.128763045933734,1163 ± 14.13,1136.6798645516574,1210.7205456499662,1.7709306339590951,0.5333674684299019,1.771 ± 0.5334,0.0,3.16250815610499,0.3630005981200543,0.2150152644369453,0.363 ± 0.215,0.0327425186546462,1.3982537796836387,291.4026845637584,29.399109574948508,291.4 ± 29.4,0.0,295.0,55.23246127647042,0.7192095962526837,55.23 ± 0.7192,55.08313751220703,62.36030578613281,74.04068109830882,0,2,0,4,0:295; 4:3,3,0,0.0,model_dynamic,True,mckenzie2003,9.528867667153378,9.613800048828123,9.613800048828123,9.646499633789062,9.646499633789062,2.914026845637584,2.94,2.95,3.269999959615591,3.270000016608206,3,0.0,0,0.0,0,0.0,295,2839.6025648117065,0,0.0,0,0.0,8.0,9.0,9.0,0.0124999999999997,0.0124999999999997,0.025,0.0221678262290249
dynamic,model_dynamic/summary_timeseries.csv,20,19.8,298,119200.0,1163.122751730603,14.124247310775134,1163 ± 14.12,1136.7043574852175,1210.655761641346,1.7590378967653495,0.568470996126223,1.759 ± 0.5685,0.0,3.24803404794322,0.3623495993249628,0.2140844090015017,0.3623 ± 0.2141,0.0314199729904262,1.390766980502972,286.7751677852349,33.66644198971754,286.8 ± 33.67,0.0,291.0,57.66447519135955,0.8491907026752569,57.66 ± 0.8492,57.30311965942383,64.90830993652344,73.95140415612855,0,3,0,4,0:294; 3:1; 4:3,3,0,0.0,model_dynamic,True,mckenzie2003,9.383222980281,9.515700340270996,9.515700340270996,9.515700340270996,9.515700340270996,2.867751677852349,2.91,2.91,3.2631018090108213,3.2700001169316137,3,0.0,0,0.0,0,0.0,293,2787.7404985427856,1,8.4399995803833,1,0.0199500005692243,8.0,9.0,9.0,0.0125,0.0125000000000014,0.025,0.0204653021954926
dynamic,model_dynamic/summary_timeseries.csv,20,19.7,298,119200.0,1163.1304486524646,14.11918533489084,1163 ± 14.12,1136.7290418245204,1210.5926558312867,1.7490288140355563,0.6002745303796713,1.749 ± 0.6003,0.0,3.3338379383859738,0.3616797324106036,0.2131566935263112,0.3617 ± 0.2132,0.0300836996466984,1.3832131100097995,280.8724832214765,36.97619197575978,280.9 ± 36.98,0.0,286.0,56.94572661227028,0.9559525528854368,56.95 ± 0.956,55.843360900878906,64.23521423339844,73.86361400676628,0,2,0,4,0:293; 4:5,5,0,0.0,model_dynamic,True,mckenzie2003,9.199704266234532,9.35219955444336,9.35219955444336,9.35219955444336,11.267399787902832,2.8087248322147653,2.86,2.86,3.276484488247259,3.269999844210965,5,0.0,0,0.0,0,0.0,291,2721.424671173096,2,20.08720016479492,0,0.0,8.0,9.0,9.0,0.0124999999999997,0.0124999999999997,0.025,0.0206273363631679
dynamic,model_dynamic/summary_timeseries.csv,20,19.6,298,119200.0,1163.138863458203,14.114060586471634,1163 ± 14.11,1136.7536982085412,1210.5343133813876,1.7399296502312227,0.6293908940959839,1.74 ± 0.6294,0.0,3.416205336566548,0.3610321139360631,0.2122686691694338,0.361 ± 0.2123,0.0287964818360055,1.3759744470351032,235.21812080536915,36.51113750034773,235.2 ± 36.51,0.0,241.0,51.66831203435091,0.9511336974047088,51.67 ± 0.9511,50.32891845703125,57.770355224609375,73.78061517284641,0,2,0,4,0:291; 4:7,7,0,0.0,model_dynamic,True,mckenzie2003,7.705850777210005,7.88070011138916,7.88070011138916,7.88070011138916,9.410599708557127,2.3521812080536915,2.41,2.41,3.2765292546256752,3.270000046219568,7,0.0,0,0.0,0,0.0,289,2277.5223321914677,2,18.821199417114254,0,0.0,8.0,9.0,9.0,0.0125,0.0125000000000014,0.025,0.0218918483574329
dynamic,model_dynamic/summary_timeseries.csv,20,19.5,298,119200.0,1163.1467420157624,14.110242411165029,1163 ± 14.11,1136.777881196041,1210.486679176232,1.730225906782529,0.6565500970079872,1.73 ± 0.6566,0.0,3.487994471944813,0.3605290683693914,0.2115089441245095,0.3605 ± 0.2115,0.0276781773619709,1.3697835345211382,278.0302013422819,49.11856386405087,278 ± 49.12,0.0,287.0,57.23805243216905,1.328728559520574,57.24 ± 1.329,56.12516403198242,64.74151611328125,73.70879798019064,0,2,0,4,0:289; 4:9,9,0,0.0,model_dynamic,True,mckenzie2003,9.134465188788088,9.384900093078612,9.384900093078612,9.384900093078612,11.351799964904783,2.78030201342282,2.87,2.87,3.286436017803923,3.270000032431573,9,0.0,0,0.0,0,0.0,284,2665.311626434326,5,56.758999824523926,0,0.0,8.0,9.0,9.0,0.0125,0.0125000000000014,0.025,0.0193590645194876
dynamic,model_dynamic/summary_timeseries.csv,20,19.4,298,119200.0,1163.1565643273111,14.104654616200538,1163 ± 14.1,1136.802625753678,1210.4347015318872,1.723007738636022,0.6818130875610325,1.723 ± 0.6818,0.0,3.5678626169738,0.359879269320722,0.2106689938586808,0.3599 ± 0.2107,0.0264470222035352,1.36287172405351,274.0,56.335821927214,274 ± 56.34,0.0,286.0,54.989711531056656,1.4711131096552497,54.99 ± 1.471,53.08419418334961,62.1518440246582,73.63207577820913,0,2,0,4,0:286; 4:12,12,0,0.0,model_dynamic,True,mckenzie2003,8.983039510330098,9.35219955444336,9.35219955444336,9.35219955444336,11.309599876403809,2.74,2.86,2.86,3.2799648809782758,3.269999844210965,12,0.0,0,0.0,0,0.0,283,2646.1819744110107,3,30.7637996673584,0,0.0,8.0,9.0,9.0,0.0124999999999997,0.0124999999999997,0.025,0.0196799325528672
dynamic,model_dynamic/summary_timeseries.csv,20,19.3,298,119200.0,1163.1668633263723,14.099385804311558,1163 ± 14.1,1136.827237605754,1210.3875988535483,1.7163622973642167,0.7046232651060497,1.716 ± 0.7046,0.0,3.6405488237530985,0.359265386437411,0.2098743574643532,0.3593 ± 0.2099,0.0252913174256858,1.3563830927424028,274.0704697986577,60.96972293314437,274.1 ± 60.97,0.0,288.0,58.0385700456248,1.608822718875105,58.04 ± 1.609,56.61346054077149,65.2699966430664,73.56036124779462,0,2,0,4,0:284; 4:14,14,0,0.0,model_dynamic,True,mckenzie2003,8.995194665537584,9.41759967803955,9.393074703216554,9.41759967803955,11.394000053405762,2.740704697986577,2.88,2.88,3.2833801721692883,3.2699998882081776,14,0.0,0,0.0,0,0.0,280,2636.764410018921,4,43.8036003112793,0,0.0,8.0,9.0,9.0,0.0125,0.0125000000000014,0.025,0.0183553337222054
dynamic,model_dynamic/summary_timeseries.csv,20,19.2,298,119200.0,1163.1778476401298,14.093775616439094,1163 ± 14.09,1136.852107200113,1210.3411338046274,1.7107840715407217,0.725965346653326,1.711 ± 0.726,0.0,3.6925014762012336,0.3586221343945771,0.2090737714892719,0.3586 ± 0.2091,0.0241166209212905,1.3497328844438297,268.3489932885906,64.12743459794761,268.3 ± 64.13,0.0,284.0,57.1581464933869,1.710180996041925,57.16 ± 1.71,55.834354400634766,64.31747436523438,73.48902660451404,0,2,0,4,0:282; 4:16,16,0,0.0,model_dynamic,True,mckenzie2003,8.798348010786428,9.286800384521484,0.0,9.286800384521484,11.267399787902832,2.683489932885906,2.84,2.84,3.280106517009329,3.270000135394889,16,0.0,0,0.0,0,0.0,279,2591.017307281494,3,30.890399932861328,0,0.0,8.0,9.0,9.0,0.0124999999999997,0.0124999999999997,0.025,0.0182327279858813
dynamic,model_dynamic/summary_timeseries.csv,20,19.1,298,119200.0,1163.189457443187,14.088019351732624,1163 ± 14.09,1136.8769321096056,1210.2982369801884,1.7059429814392797,0.7455548678684218,1.706 ± 0.7456,0.0,3.742895392642073,0.3579840310294333,0.2083264913444118,0.358 ± 0.2083,0.0229996135205391,1.3433566189941248,266.7718120805369,67.65096176892082,266.8 ± 67.65,0.0,284.0,56.03244355220923,1.792195244730037,56.03 ± 1.792,54.45318603515625,63.09620666503906,73.42130487058284,0,2,0,4,0:280; 4:18,18,0,0.0,model_dynamic,True,mckenzie2003,8.731790965035458,9.286800384521484,0.0,9.286800384521484,11.056400299072266,2.667718120805369,2.84,2.84,3.2733929924618703,3.270000135394889,18,0.0,0,0.0,0,0.0,279,2591.017307281494,1,11.056400299072266,0,0.0,8.0,9.0,9.0,0.0125,0.0125000000000014,0.025,0.0181452288331435
dynamic,model_dynamic/summary_timeseries.csv,20,19.0,298,119200.0,1163.2013550170493,14.082601121364714,1163 ± 14.08,1136.9017075680242,1210.2585664727671,1.7014275346842855,0.7640727980660404,1.701 ± 0.7641,0.0,3.7914997199874967,0.3573513640894035,0.2076132670818801,0.3574 ± 0.2076,0.0219418644083871,1.3372423091791577,267.4026845637584,67.98809799739352,267.4 ± 67.99,0.0,285.0,57.42884801058161,1.7958674837979718,57.43 ± 1.796,56.12155532836914,64.58625793457031,73.35685890474292,0,3,0,4,0:280; 3:1; 4:17,17,0,0.0,model_dynamic,True,mckenzie2003,8.757944434146777,9.319499969482422,0.0,9.319499969482422,11.267399787902832,2.6740268456375844,2.85,2.85,3.266138779298526,3.269999989292078,17,0.0,0,0.0,0,0.0,278,2590.8209915161133,2,19.03219985961914,1,0.0142500000074505,7.0,8.0,8.0,0.0125,0.025,0.025,0.0249935550879529
dynamic,model_dynamic/summary_timeseries.csv,20,18.9,298,119200.0,1163.2137919638042,14.076869073738674,1163 ± 14.08,1136.9266215694618,1210.2203481903912,1.6976384560427946,0.7821431907976286,1.698 ± 0.7821,0.0,3.8415326878508353,0.3566998318225528,0.2068943136560701,0.3567 ± 0.2069,0.0209041765067022,1.3311272659574034,263.4530201342282,65.27545769111718,263.5 ± 65.28,0.0,280.0,55.57452840613039,1.7809181353647456,55.57 ± 1.781,54.23867416381836,62.70753479003906,73.29372662092942,0,2,0,4,0:281; 4:17,17,0,0.0,model_dynamic,True,mckenzie2003,8.636336702628423,9.156000137329102,0.0,9.156000137329102,11.098600387573242,2.6345302013422818,2.8000000000000003,2.8000000000000003,3.2801423963799863,3.270000049046107,17,0.0,0,0.0,0,0.0,278,2545.2699365615845,3,28.35840082168579,0,0.0,8.0,9.0,9.0,0.0124999999999997,0.0124999999999997,0.025,0.0176083152131535
dynamic,model_dynamic/summary_timeseries.csv,20,18.8,298,119200.0,1163.225934507549,14.071503363727569,1163 ± 14.07,1136.9514195367435,1210.185614718881,1.693469909776031,0.7997457900868167,1.693 ± 0.7997,0.0,3.889062453899856,0.3560981905208777,0.206220809051416,0.3561 ± 0.2062,0.0199451019003382,1.3253470015440842,265.2953020134228,65.60886780745344,265.3 ± 65.61,0.0,282.0,56.751358787485415,1.7523198097451602,56.75 ± 1.752,55.39954376220703,63.80343246459961,73.23419518213746,0,2,0,4,0:281; 4:17,17,0,0.0,model_dynamic,True,mckenzie2003,8.705824402354708,9.221400260925291,0.0,9.221400260925291,11.18299961090088,2.652953020134228,2.82,2.82,3.283523222580736,3.2700000925267,17,0.0,0,0.0,0,0.0,277,2553.7392711639404,4,40.59640073776245,0,0.0,7.0,7.0,7.0,0.0125,0.025,0.025,0.0249968068497915
dynamic,model_dynamic/summary_timeseries.csv,20,18.7,298,119200.0,1163.238236750694,14.066140784251417,1163 ± 14.07,1136.976345732225,1210.152164737909,1.6896310720395131,0.8172015032057077,1.69 ± 0.8172,0.0,3.937695575069382,0.3554991502055178,0.2055467625430821,0.3555 ± 0.2055,0.0190167332862961,1.3195715793467109,264.68791946308727,67.14488932737517,264.7 ± 67.14,0.0,282.0,57.86427249524417,1.8174210032665812,57.86 ± 1.817,56.52819061279297,65.02176666259766,73.17581900568439,0,2,0,4,0:280; 4:18,18,0,0.0,model_dynamic,True,mckenzie2003,8.689023395512729,9.221400260925291,0.0,9.221400260925291,11.18299961090088,2.646879194630872,2.82,2.82,3.2835715195980493,3.2700000925267,18,0.0,0,0.0,0,0.0,276,2544.681371688843,4,44.6476001739502,0,0.0,5.0,5.0,5.0,0.0124999999999997,0.0249999999999994,0.025,0.0244634722110176
dynamic,model_dynamic/summary_timeseries.csv,20,18.6,298,119200.0,1163.2508367511723,14.060742873854096,1163 ± 14.06,1137.0013884401558,1210.1203172128644,1.6862774038381332,0.8345116831903648,1.686 ± 0.8345,0.0,3.9875510989136767,0.3548980452534255,0.2048748546231725,0.3549 ± 0.2049,0.0181286328784735,1.3138178178642637,262.6006711409396,66.70584228928323,262.6 ± 66.71,0.0,280.0,59.7597438249012,1.9145302059127605,59.76 ± 1.915,57.57297134399414,67.2930908203125,73.11892877270861,0,2,0,4,0:280; 4:18,18,0,0.0,model_dynamic,True,mckenzie2003,8.618761872285164,9.156000137329102,0.0,9.156000137329102,11.098600387573242,2.626006711409397,2.8000000000000003,2.8000000000000003,3.283571476933248,3.270000049046107,18,0.0,0,0.0,0,0.0,276,2526.4020376205444,4,41.98900032043457,0,0.0,5.0,5.0,5.0,0.0125,0.025,0.025,0.0235473607593806
dynamic,model_dynamic/summary_timeseries.csv,20,18.5,298,119200.0,1163.2639380130718,14.05510952797882,1163 ± 14.06,1137.0266031969795,1210.0878303934958,1.6836924810831346,0.8517337499215288,1.684 ± 0.8517,0.0,4.039971993539997,0.354284495736845,0.20418780670281,0.3543 ± 0.2042,0.0172801461245409,1.3080399796859177,258.1040268456376,67.74502570133431,258.1 ± 67.75,0.0,277.0,59.02932338586589,2.0423333953934137,59.03 ± 2.042,57.66958618164063,66.82843017578125,73.06122719651626,0,3,0,4,0:279; 3:1; 4:18,18,0,0.0,model_dynamic,True,mckenzie2003,8.468697732408225,9.02519989013672,0.0,9.057900428771973,10.929800033569336,2.581040268456376,2.76,2.77,3.272910745721532,3.269999960194463,18,0.0,0,0.0,0,0.0,275,2484.8730239868164,4,38.781800270080566,1,0.0171000007539987,5.0,5.0,5.0,0.0125000000000007,0.025,0.025,0.0237313972387878
dynamic,model_dynamic/summary_timeseries.csv,20,18.4,298,119200.0,1163.2771724501035,14.04960613626419,1163 ± 14.05,1137.0517855666835,1210.0575543699056,1.6812964170991194,0.8684698648460646,1.681 ± 0.8685,0.0,4.091295379558975,0.3536991129352986,0.2035204882220947,0.3537 ± 0.2035,0.016514512832142,1.3024606107528816,259.1040268456376,69.52725734548902,259.1 ± 69.53,0.0,278.0,59.330216234962414,2.096649713508528,59.33 ± 2.097,57.75068664550781,67.13800048828125,73.00576880322205,0,2,0,4,0:278; 4:20,20,0,0.0,model_dynamic,True,mckenzie2003,8.505887934025502,9.09060001373291,0.0,9.09060001373291,11.014200210571287,2.5910402684563767,2.78,2.78,3.283669070411065,3.270000004939896,20,0.0,0,0.0,0,0.0,274,2490.8244037628174,4,43.93020057678223,0,0.0,7.0,8.0,8.0,0.0124999999999997,0.0249999999999994,0.025,0.0234313184859518
dynamic,model_dynamic/summary_timeseries.csv,20,18.3,298,119200.0,1163.2902778243367,14.044555566786338,1163 ± 14.04,1137.0770288816386,1210.0288030974407,1.678898433212774,0.8844840198524934,1.679 ± 0.8845,0.0,4.146949281168636,0.353140834972093,0.2028599035311873,0.3531 ± 0.2029,0.0156051310724053,1.2969637602126298,253.4664429530201,69.80135199046227,253.5 ± 69.8,0.0,273.0,57.72791364528989,2.0475142411525957,57.73 ± 2.048,55.4884033203125,65.22504425048828,72.95177421580206,0,3,0,4,0:277; 3:1; 4:20,20,0,0.0,model_dynamic,True,mckenzie2003,8.310996305888157,8.92710018157959,0.0,8.92710018157959,10.845399856567385,2.534664429530201,2.73,2.73,3.269514453144501,3.2700000665126705,20,0.0,0,0.0,0,0.0,274,2446.025449752808,3,30.63719940185547,1,0.0142500000074505,6.0,7.0,7.0,0.0125,0.025,0.025,0.0239597143956858
dynamic,model_dynamic/summary_timeseries.csv,20,18.2,298,119200.0,1163.3034784588515,14.039728498555451,1163 ± 14.04,1137.1021673769278,1210.0027376647558,1.6765233042695569,0.9000967907921257,1.677 ± 0.9001,0.0,4.21942556466314,0.3526086225177974,0.2022337807649739,0.3526 ± 0.2022,0.0144397503988912,1.2914659564801878,279.18791946308727,78.17656569925815,279.2 ± 78.18,0.0,302.0,64.47271791240513,2.622522182363224,64.47 ± 2.623,63.62199401855469,73.79855346679688,72.90057028782803,2,3,1,4,1:5; 2:272; 4:21,21,0,0.0,model_dynamic,True,mckenzie2003,9.14493788008722,9.875399589538574,0.0,9.875399589538574,9.875399589538574,2.7918791946308725,3.02,3.02,3.2802886753005653,3.2699998640856207,21,0.0,0,0.0,0,0.0,274,2704.682288169861,3,20.50920009613037,0,0.0,5.0,5.0,5.0,0.0124999999999997,0.0249999999999994,0.025,0.0246992244347083
dynamic,model_dynamic/summary_timeseries.csv,20,18.1,298,119200.0,1163.317335312334,14.03443859663925,1163 ± 14.03,1137.1279518098083,1209.9784909186087,1.675775577583449,0.9160433894140392,1.676 ± 0.916,0.0,4.299700857074361,0.3519879374396228,0.2015350119278247,0.352 ± 0.2015,0.0130697348234393,1.2851139920909072,309.3758389261745,89.714309911071,309.4 ± 89.71,0.0,336.0,69.70781052352598,3.179646593219073,69.71 ± 3.18,67.89131164550781,80.7951889038086,72.85053910880038,1,3,1,4,1:275; 3:3; 4:20,20,0,0.0,model_dynamic,True,mckenzie2003,10.139994094301414,10.987199783325195,0.0,10.987199783325195,13.08199977874756,3.0937583892617453,3.36,3.36,3.2480395042233003,3.269999935513451,20,0.0,0,0.0,0,0.0,272,2988.027840614319,3,33.63339948654175,3,0.0570000009611249,6.0,7.0,7.0,0.0125,0.025,0.025,0.0244636667074103
dynamic,model_dynamic/summary_timeseries.csv,20,18.0,298,119200.0,1163.331573893846,14.028789564503878,1163 ± 14.03,1137.1543053886862,1209.956101678167,1.6764094563687992,0.9324664159189836,1.676 ± 0.9325,0.0,4.3863688586941,0.3512883471762805,0.2007938166296545,0.3513 ± 0.2008,0.0115244450430593,1.2784320348623472,278.02013422818794,73.18519946079405,278 ± 73.19,0.0,300.0,63.95447997278815,2.4514685938556786,63.95 ± 2.451,62.43103790283203,73.21985626220703,72.80179628948076,2,4,1,4,1:8; 2:272; 3:3; 4:15,15,0,0.0,model_dynamic,True,mckenzie2003,9.137082799009654,9.777299880981444,0.0096900001633912,9.777299880981444,11.731599807739258,2.78020134228188,2.99,2.99,3.265211984253729,3.269999960194463,15,0.0,0,0.0,0,0.0,272,2659.75257396698,8,63.04680013656616,3,0.0513000013306736,6.0,6.0,6.0,0.0125,0.025,0.025,0.0247777254318317
dynamic,model_dynamic/summary_timeseries.csv,20,17.9,298,119200.0,1163.3448639980568,14.024209842653828,1163 ± 14.02,1137.180139303865,1209.932634778751,1.6751012249496855,0.9492198898263542,1.675 ± 0.9492,0.0,4.465297191754202,0.3506899269404347,0.2001267577327545,0.3507 ± 0.2001,0.0101892408110131,1.2722958661401522,250.11409395973155,71.06836015262431,250.1 ± 71.07,0.0,271.0,55.84954448674349,2.043847331565784,55.85 ± 2.044,54.42274475097656,63.04253387451172,72.75249547488602,0,3,0,4,0:276; 3:6; 4:16,16,0,0.0,model_dynamic,True,mckenzie2003,8.201106259674335,8.861700057983398,0.0,8.861700057983398,10.76099967956543,2.501140939597316,2.71,2.71,3.2199645595395405,3.270000021396088,16,0.0,0,0.0,0,0.0,272,2410.3824157714844,4,33.464599609375,6,0.082650002092123,6.0,6.0,6.0,0.0124999999999997,0.0249999999999994,0.025,0.0242205724200328
dynamic,model_dynamic/summary_timeseries.csv,20,17.8,298,119200.0,1163.3574425229658,14.020512678577106,1163 ± 14.02,1137.20527222035,1209.912443256583,1.672203075487943,0.964656217687068,1.672 ± 0.9647,0.0,4.534395498314133,0.3502120190958327,0.1995685177692148,0.3502 ± 0.1996,0.0091198652010943,1.2668324366797676,243.9664429530201,72.13674710797937,244 ± 72.14,0.0,266.0,57.95876351938952,2.202585471781695,57.96 ± 2.203,56.101104736328125,65.41212463378906,72.70717103623292,0,3,0,4,0:274; 3:1; 4:23,23,0,0.0,model_dynamic,True,mckenzie2003,7.9927816585943905,8.665499687194824,0.0,8.698200225830078,10.59220027923584,2.439664429530201,2.65,2.66,3.2660545237223544,3.2699998819603118,23,0.0,0,0.0,0,0.0,272,2360.9399843215942,2,20.888999938964844,1,0.0199500005692243,7.0,8.0,8.0,0.0125,0.025,0.025,0.0232202525315516
dynamic,model_dynamic/summary_timeseries.csv,20,17.7,298,119200.0,1163.3703500005904,14.01689449010831,1163 ± 14.02,1137.2305852576746,1209.898887243539,1.6699740914069796,0.9798151832914505,1.67 ± 0.9798,0.0,4.604962882788287,0.3497312613374926,0.1990052742450582,0.3497 ± 0.199,0.0080119213730893,1.2613558355369765,249.78523489932888,73.1002404313373,249.8 ± 73.1,0.0,272.0,54.61723986888092,2.131928220707572,54.62 ± 2.132,53.16191482543945,61.82533645629883,72.66830198586467,0,2,0,4,0:275; 4:23,23,0,0.0,model_dynamic,True,mckenzie2003,8.200238605473666,8.894399642944336,0.0,8.894399642944336,10.803199768066406,2.4978523489932885,2.72,2.72,3.287272599789575,3.269999868729535,23,0.0,0,0.0,0,0.0,270,2400.96470451355,5,42.70639991760254,0,0.0,6.0,6.0,6.0,0.0124999999999997,0.0249999999999994,0.025,0.0249089908678772
dynamic,model_dynamic/summary_timeseries.csv,20,17.6,298,119200.0,1163.382980239342,14.013542135356964,1163 ± 14.01,1137.2556860767218,1209.8809513599483,1.6671822984068243,0.9946668632660862,1.667 ± 0.9947,0.0,4.672028305802321,0.3492921014813932,0.1984733621612051,0.3493 ± 0.1985,0.0069845392489639,1.256106318033726,248.9731543624161,76.84757390368425,249 ± 76.85,0.0,273.0,55.44517965124758,2.0579628663602083,55.45 ± 2.058,53.9524040222168,62.15582656860352,72.62526528322678,0,3,0,4,0:272; 3:2; 4:24,24,0,0.0,model_dynamic,True,mckenzie2003,8.172891939221412,8.92710018157959,0.0,8.92710018157959,10.845399856567385,2.489731543624161,2.73,2.73,3.26208035601528,3.2700000665126705,24,0.0,0,0.0,0,0.0,268,2392.103148460388,4,43.38159942626953,2,0.0370500013232231,8.0,9.0,9.0,0.0125,0.0125000000000014,0.025,0.0176179633166923
dynamic,model_dynamic/summary_timeseries.csv,20,17.5,298,119200.0,1163.3958336709284,14.010409601782724,1163 ± 14.01,1137.2808896150475,1209.8678961390367,1.6647983924540315,1.009259004046652,1.665 ± 1.009,0.0,4.740451428190016,0.3488550175913568,0.1979426025610501,0.3489 ± 0.1979,0.0059617216921324,1.2508782558975842,246.99328859060404,76.33144756810846,247 ± 76.33,0.0,271.0,56.7649419387715,2.1751695727507263,56.76 ± 2.175,55.21405792236328,63.91755294799805,72.5870065239892,0,3,0,4,0:272; 3:2; 4:24,24,0,0.0,model_dynamic,True,mckenzie2003,8.115113470912755,8.861700057983398,0.0,8.861700057983398,10.76099967956543,2.469932885906041,2.71,2.71,3.26554746455459,3.270000021396088,24,0.0,0,0.0,0,0.0,267,2366.0739154815674,5,52.201398849487305,2,0.0285000009462237,7.0,8.0,8.0,0.0125,0.025,0.025,0.0249109125477812
dynamic,model_dynamic/summary_timeseries.csv,20,17.4,298,119200.0,1163.4091305191423,14.007122716709905,1163 ± 14.01,1137.3062194922252,1209.8550213332933,1.6630945520596936,1.0237671267299142,1.663 ± 1.024,0.0,4.809752074482366,0.3484031750380812,0.1974058706225772,0.3484 ± 0.1974,0.0049166163421621,1.245649937670834,246.79194630872485,77.87516039327943,246.8 ± 77.88,0.0,272.0,56.208248740074616,2.170892012698239,56.21 ± 2.171,54.36111831665039,63.12197113037109,72.5488018410681,0,3,0,4,0:271; 3:1; 4:26,26,0,0.0,model_dynamic,True,mckenzie2003,8.101146941510773,8.894399642944336,0.0,8.894399642944336,10.803199768066406,2.4679194630872483,2.72,2.72,3.272996240531984,3.269999868729535,26,0.0,0,0.0,0,0.0,267,2372.09063911438,4,42.03119945526123,1,0.0199500005692243,8.0,9.0,9.0,0.0124999999999997,0.0124999999999997,0.025,0.0175336069304696
dynamic,model_dynamic/summary_timeseries.csv,20,17.3,298,119200.0,1163.4223480313483,14.004345979447454,1163 ± 14,1137.331540794666,1209.8422851413409,1.6613427279618147,1.0379189802156,1.661 ± 1.038,0.0,4.8782268098100845,0.3479722331243075,0.1968781953927232,0.348 ± 0.1969,0.0038952070903498,1.240516698772392,244.39261744966444,76.31190552832318,244.4 ± 76.31,0.0,269.0,57.74310661162306,2.101401718823761,57.74 ± 2.101,56.11418914794922,64.39260864257812,72.51074434667453,0,2,0,4,0:272; 4:26,26,0,0.0,model_dynamic,True,mckenzie2003,8.024856663390294,8.796299934387207,0.0,8.796299934387207,10.676600456237791,2.443926174496645,2.69,2.69,3.2874632162859228,3.269999975608627,26,0.0,0,0.0,0,0.0,267,2347.43488407135,5,43.97240161895752,0,0.0,7.0,8.0,8.0,0.0125,0.025,0.025,0.0249887163324312
dynamic,model_dynamic/summary_timeseries.csv,20,17.2,298,119200.0,1163.4359282718829,14.001351809044818,1163 ± 14,1137.3570071915383,1209.82561038739,1.6601967146088787,1.0519676770113118,1.66 ± 1.052,0.0,4.947738600479368,0.3475272921499635,0.1963401121497533,0.3475 ± 0.1963,0.0028594090341464,1.235368206952296,250.0335570469799,79.37646398648924,250 ± 79.38,0.0,276.0,55.43755450664751,2.1489838262010577,55.44 ± 2.149,53.37425231933594,62.20415496826172,72.46860319585176,0,3,0,4,0:271; 3:1; 4:26,26,0,0.0,model_dynamic,True,mckenzie2003,8.23682725698931,9.02519989013672,0.0,9.02519989013672,11.014200210571287,2.500335570469799,2.76,2.76,3.286966875653576,3.269999960194463,26,0.0,0,0.0,0,0.0,263,2373.235171318054,8,81.31940126419067,1,0.0199500005692243,7.0,7.0,7.0,0.0124999999999997,0.0249999999999994,0.025,0.0248818467477471
dynamic,model_dynamic/summary_timeseries.csv,20,17.1,298,119200.0,1163.4491614035303,13.99885773292362,1163 ± 14,1137.3823434740589,1209.8132174855443,1.658526280516606,1.0658054062384923,1.659 ± 1.066,0.0,5.015081862971702,0.3471263258344601,0.1958253982178389,0.3471 ± 0.1958,0.0018589895969997,1.230362330767235,249.93959731543623,82.11305254644698,249.9 ± 82.11,0.0,278.0,57.93322511967396,2.154136358359545,57.93 ± 2.154,56.29627227783203,64.56663513183594,72.43087401148546,0,3,0,4,0:269; 3:2; 4:27,27,0,0.0,model_dynamic,True,mckenzie2003,8.227388424520699,9.09060001373291,0.0,9.09060001373291,11.098600387573242,2.4993959731543627,2.78,2.78,3.272509292544233,3.270000004939896,27,0.0,0,0.0,0,0.0,262,2378.1729488372803,7,73.55460166931152,2,0.0342000005766749,7.0,7.0,7.0,0.0093750000000003,0.025,0.025,0.0238187877536952
dynamic,model_dynamic/summary_timeseries.csv,20,17.0,298,119200.0,1163.462770513991,13.996205486583085,1163 ± 14,1137.4079230915115,1209.8006976006827,1.657616717093834,1.0792807318956916,1.658 ± 1.079,0.0,5.08408700230321,0.346720239233306,0.1952968109430249,0.3467 ± 0.1953,0.0008322101401044,1.22528360124562,260.2013422818792,84.56973452836588,260.2 ± 84.57,0.0,289.0,61.21017114268053,2.244395060851476,61.21 ± 2.244,58.79396438598633,68.13400268554688,72.39277450917098,0,3,0,4,0:270; 3:2; 4:26,26,0,0.0,model_dynamic,True,mckenzie2003,8.566782007012641,9.450300216674805,0.0,9.450300216674805,11.478400230407717,2.6020134228187923,2.89,2.89,3.275992695331655,3.270000074973981,26,0.0,0,0.0,0,0.0,262,2474.507137298584,8,78.36540079116821,2,0.0285000000149011,8.0,9.0,9.0,0.0125,0.0125000000000014,0.025,0.0165070347362413
dynamic,model_dynamic/summary_timeseries.csv,20,16.9,298,119200.0,1163.4767247209993,13.993237563058107,1163 ± 13.99,1137.4338459554117,1209.7837020176112,1.6575713690053353,1.0929098231878782,1.658 ± 1.093,0.0,5.156702893872665,0.3462798428945737,0.1947421239960323,0.3463 ± 0.1947,0.0004288062907224,1.2200566445852448,257.7013422818792,82.88352827880367,257.7 ± 82.88,0.0,286.0,61.11893601385539,2.1699037272894204,61.12 ± 2.17,58.73643493652344,67.81439971923828,72.34985606219948,0,3,0,4,0:271; 3:1; 4:26,26,0,0.0,model_dynamic,True,mckenzie2003,8.495000451068774,9.35219955444336,0.0,9.35219955444336,11.394000053405762,2.577013422818792,2.86,2.86,3.293952057631456,3.269999844210965,26,0.0,0,0.0,0,0.0,261,2440.59708404541,10,90.8988003730774,1,0.0142500000074505,8.0,9.0,9.0,0.0124999999999997,0.0124999999999997,0.025,0.0164933226231365
dynamic,model_dynamic/summary_timeseries.csv,20,16.8,298,119200.0,1163.4905794685442,13.990207580592273,1163 ± 13.99,1137.4597858998084,1209.7667295164006,1.6574655854598848,1.106421177953686,1.657 ± 1.106,0.0,5.228951344251343,0.3458510611630426,0.1941937670614469,0.3459 ± 0.1942,0.0014604602392634,1.2148888463060337,255.68791946308724,82.32200600600409,255.7 ± 82.32,0.0,284.0,59.29475775341059,2.1280884656261763,59.29 ± 2.128,57.48134994506836,65.82727813720703,72.3069436165922,0,3,0,4,0:271; 3:1; 4:26,26,0,0.0,model_dynamic,True,mckenzie2003,8.426252178191488,9.286800384521484,0.0,9.286800384521484,11.309599876403809,2.5568791946308727,2.84,2.84,3.2939523336485106,3.270000135394889,26,0.0,0,0.0,0,0.0,261,2423.69139957428,10,87.3117995262146,1,0.0199500005692243,8.0,9.0,9.0,0.0125,0.0125000000000014,0.025,0.0173216900803043
dynamic,model_dynamic/summary_timeseries.csv,20,16.7,298,119200.0,1163.5041660630031,13.987647577417038,1164 ± 13.99,1137.4856010016344,1209.750009534093,1.656911663465826,1.1199061927149243,1.657 ± 1.12,0.0,5.299165412994058,0.3454541945554453,0.1936730489894766,0.3455 ± 0.1937,0.0024994959460883,1.2098514392058444,263.9228187919463,87.24553073748334,263.9 ± 87.25,0.0,295.0,58.943131005203966,2.195120162728021,58.94 ± 2.195,57.15548324584961,65.47579193115234,72.26440853245845,0,3,0,4,0:270; 3:2; 4:26,26,0,0.0,model_dynamic,True,mckenzie2003,8.683751241819646,9.646499633789062,0.0,9.646499633789062,11.731599807739258,2.6392281879194632,2.95,2.95,3.279485194564626,3.269999875860699,26,0.0,0,0.0,0,0.0,261,2515.4801206588745,9,72.24639940261841,2,0.0313500007614493,8.0,9.0,9.0,0.0124999999999997,0.0124999999999997,0.025,0.0176500419137552
dynamic,model_dynamic/summary_timeseries.csv,20,16.6,298,119200.0,1163.5181746832056,13.984805364897053,1164 ± 13.98,1137.5114584230992,1209.7337499684315,1.6568172706791051,1.1327605292596317,1.657 ± 1.133,0.0,5.369217411358046,0.3450562674133861,0.1931674684842204,0.3451 ± 0.1932,0.0035356545184813,1.204839959107405,264.8053691275168,87.60303064325959,264.8 ± 87.6,0.0,296.0,60.81010991294912,2.2576683659187395,60.81 ± 2.258,58.21421432495117,67.49016571044922,72.22229154533238,0,3,0,4,0:270; 3:2; 4:26,26,0,0.0,model_dynamic,True,mckenzie2003,8.720407865779013,9.679200172424316,0.0,9.679200172424316,11.731599807739258,2.648053691275168,2.96,2.96,3.282977996232109,3.2700000582514583,26,0.0,0,0.0,0,0.0,260,2515.67644405365,10,82.96519994735718,2,0.0399000011384487,8.0,9.0,9.0,0.0125,0.0125000000000014,0.025,0.0158449162627865
dynamic,model_dynamic/summary_timeseries.csv,20,16.5,298,119200.0,1163.532481098795,13.98185739562664,1164 ± 13.98,1137.537510591092,1209.7180087586091,1.657342082816375,1.1455085249417092,1.657 ± 1.146,0.0,5.440788104535206,0.3446456831008675,0.1926552966434971,0.3446 ± 0.1927,0.0046107143663962,1.1998002841308466,265.36241610738256,85.3867800752089,265.4 ± 85.39,0.0,296.0,59.89812029128107,2.242844777953683,59.9 ± 2.243,58.14889526367188,66.54609680175781,72.18049816751727,0,2,0,4,0:272; 4:26,26,0,0.0,model_dynamic,True,mckenzie2003,8.759344195359505,9.646499633789062,0.0,9.679200172424316,11.773799896240234,2.6536241610738256,2.95,2.96,3.315404374111296,3.269999875860699,26,0.0,0,0.0,0,0.0,259,2501.74617099762,13,108.53839921951294,0,0.0,8.0,9.0,9.0,0.0125,0.0125000000000014,0.025,0.0176403165395603
dynamic,model_dynamic/summary_timeseries.csv,20,16.4,298,119200.0,1163.546692571916,13.979096982651896,1164 ± 13.98,1137.563523919203,1209.7020691371984,1.6576699140393687,1.1582425991995673,1.658 ± 1.158,0.0,5.511307838705758,0.3442526342965855,0.1921597477539536,0.3443 ± 0.1922,0.0056527477510522,1.1948506429799626,269.741610738255,88.01260403992569,269.7 ± 88.01,0.0,301.0,63.099711258139386,2.341000161122077,63.1 ± 2.341,61.24892425537109,70.10120391845703,72.13854521799544,0,3,0,4,0:271; 3:1; 4:26,26,0,0.0,model_dynamic,True,mckenzie2003,8.90671578040284,9.842700004577637,0.0,9.842700004577637,11.94260025024414,2.697416107382551,3.01,3.01,3.304430150172992,3.2700000015208093,26,0.0,0,0.0,0,0.0,258,2539.0569009780884,13,115.12160158157349,1,0.0228000003844499,8.0,9.0,9.0,0.0124999999999997,0.0124999999999997,0.025,0.014676025585793
dynamic,model_dynamic/summary_timeseries.csv,20,16.3,298,119200.0,1163.5613798087852,13.976108344927448,1164 ± 13.98,1137.5898618635122,1209.6862655861692,1.6590432256675534,1.1710327521235229,1.659 ± 1.171,0.0,5.584826230084814,0.3438303628707395,0.1916375959765811,0.3438 ± 0.1916,0.0067600102989719,1.1896123222155075,276.93624161073825,88.20251614512415,276.9 ± 88.2,0.0,308.0,62.1317444999746,2.340461040260541,62.13 ± 2.34,60.03068542480469,69.36575317382812,72.09640372265699,0,3,0,4,0:272; 3:2; 4:24,24,0,0.0,model_dynamic,True,mckenzie2003,9.153383861186496,10.071599960327148,0.0,10.071599960327148,12.195799827575684,2.7693624161073824,3.08,3.08,3.296751814114224,3.269999987119204,24,0.0,0,0.0,0,0.0,258,2597.1974906921387,14,130.48239994049072,2,0.0285000009462237,8.0,9.0,9.0,0.0125,0.0125000000000014,0.025,0.0174404903791034
dynamic,model_dynamic/summary_timeseries.csv,20,16.2,298,119200.0,1163.5759524494,13.973228012238843,1164 ± 13.97,1137.6161822292515,1209.669346959974,1.6601659586155737,1.1839696084442848,1.66 ± 1.184,0.0,5.657601871864697,0.3434200580776331,0.1911291572488666,0.3434 ± 0.1911,0.0078431879172682,1.1844175307411584,293.66107382550337,92.2728440360321,293.7 ± 92.27,0.0,327.0,66.42325999112737,2.213031934850936,66.42 ± 2.213,64.09359741210938,73.30836486816406,72.05316473072253,0,3,0,4,0:273; 3:1; 4:24,24,0,0.0,model_dynamic,True,mckenzie2003,9.7100954782499,10.660200119018556,0.0,10.692899703979492,12.871000289916992,2.936610738255034,3.26,3.27,3.3111131411721715,3.2700000365087587,24,0.0,0,0.0,0,0.0,258,2750.789402961731,15,142.80479955673218,1,0.0142500000074505,8.0,9.0,9.0,0.0124999999999997,0.0124999999999997,0.025,0.0133921571296246
dynamic,model_dynamic/summary_timeseries.csv,20,16.1,298,119200.0,1163.5911605175231,13.96994519910713,1164 ± 13.97,1137.6429984629722,1209.6519438720993,1.6626854613799509,1.1969855833268788,1.663 ± 1.197,0.0,5.734968826794602,0.3429672134775657,0.1905826666039489,0.343 ± 0.1906,0.0090205067974611,1.1790308280839532,296.62080536912754,90.55941264243782,296.6 ± 90.56,0.0,328.0,66.56179525388167,2.1571002268000297,66.56 ± 2.157,64.60572052001953,73.615234375,72.00894540912714,0,3,0,4,0:274; 3:2; 4:22,22,0,0.0,model_dynamic,True,mckenzie2003,9.830068834594782,10.725600242614746,0.0,10.725600242614746,12.913200378417969,2.966208053691276,3.28,3.28,3.306884127524364,3.27000007396791,22,0.0,0,0.0,0,0.0,257,2755.3020610809326,17,174.0328016281128,2,0.0256500001996755,8.0,9.0,9.0,0.0125,0.0125000000000014,0.025,0.0131055675514411
dynamic,model_dynamic/summary_timeseries.csv,20,16.0,298,119200.0,1163.6063054109782,13.966762617767223,1164 ± 13.97,1137.6698758637,1209.6331536930743,1.665164296274937,1.210157525375303,1.665 ± 1.21,0.0,5.812399755216962,0.3425206630973081,0.1900397150350619,0.3425 ± 0.19,0.0102085725927192,1.1736572410648758,295.0637583892617,89.51850674001302,295.1 ± 89.52,0.0,326.0,67.88623917342832,2.1571541076332856,67.89 ± 2.157,66.05662536621094,75.04060363769531,71.96327782937419,0,3,0,4,0:274; 3:3; 4:21,21,0,0.0,model_dynamic,True,mckenzie2003,9.799592554569244,10.660200119018556,0.0,10.660200119018556,12.871000289916992,2.950637583892618,3.26,3.26,3.3028339696177733,3.2700000365087587,21,0.0,0,0.0,0,0.0,255,2718.3510303497314,19,201.8848009109497,3,0.0427500009536743,7.0,7.0,7.0,0.0124999999999999,0.0249999999999999,0.025,0.0249484804143595
dynamic,model_dynamic/summary_timeseries.csv,20,15.9,298,119200.0,1163.6215973229307,13.96364151351438,1164 ± 13.96,1137.6969061891548,1209.6140177141133,1.6680688138436872,1.2233958891840848,1.668 ± 1.223,0.0,5.89078599839297,0.3420711729039686,0.189491188676156,0.3421 ± 0.1895,0.0114376878755373,1.1682762219826333,296.56040268456377,88.64784815430198,296.6 ± 88.65,0.0,327.0,68.08321273086855,2.18780073250184,68.08 ± 2.188,65.44710540771484,75.33660888671875,71.9171115249585,2,4,1,4,1:20; 2:255; 3:4; 4:19,19,0,0.0,model_dynamic,True,mckenzie2003,9.85369706543275,10.692899703979492,0.0,10.692899703979492,12.871000289916992,2.9656040268456376,3.27,3.27,3.2953045775011542,3.2699999094738508,19,0.0,0,0.0,0,0.0,255,2726.6894245147705,20,209.649600982666,4,0.0627000015228986,4.0,4.0,4.0,0.0249999999999999,0.0249999999999999,0.025,0.0247111607635586
dynamic,model_dynamic/summary_timeseries.csv,20,15.8,298,119200.0,1163.636975479047,13.96047746876344,1164 ± 13.96,1137.7240015800298,1209.594047123698,1.6711143985664851,1.2365015733953115,1.671 ± 1.237,0.0,5.969133821415974,0.3416223021564409,0.1889496101451716,0.3416 ± 0.1889,0.0126785377891413,1.1628936473029785,299.17785234899327,87.74906209608909,299.2 ± 87.75,0.0,329.0,69.09224063438057,2.201597763881902,69.09 ± 2.202,67.0380859375,76.51298522949219,71.87004554366831,2,4,1,4,1:21; 2:255; 3:3; 4:19,19,0,0.0,model_dynamic,True,mckenzie2003,9.948159252505924,10.758299827575684,0.0,10.758299827575684,12.955400466918944,2.9917785234899323,3.29,3.29,3.309408555564703,3.269999947591393,19,0.0,0,0.0,0,0.0,255,2743.3664560317998,21,221.12800121307373,3,0.0570000018924474,4.0,4.0,4.0,0.025,0.0250000000000014,0.025,0.0239561754474833
dynamic,model_dynamic/summary_timeseries.csv,20,15.7,298,119200.0,1163.652466779563,13.957344324259124,1164 ± 13.96,1137.7512409556678,1209.573966075371,1.6745030176636675,1.249597677685777,1.675 ± 1.25,0.0,6.048165751909972,0.3411719679646589,0.1884041888277717,0.3412 ± 0.1884,0.0139520546691471,1.1574940324684475,297.59395973154363,85.18900953800022,297.6 ± 85.19,0.0,327.0,67.86974365439191,2.2143260153154056,67.87 ± 2.214,65.42272186279297,75.48455810546875,71.82272511970314,2,4,1,4,1:22; 2:255; 3:2; 4:19,19,0,0.0,model_dynamic,True,mckenzie2003,9.90502354463925,10.660200119018556,0.0,10.692899703979492,12.828800201416016,2.975939597315437,3.26,3.27,3.3235125629805733,3.2700000365087587,19,0.0,0,0.0,0,0.0,255,2719.593614578247,22,232.05780172348025,2,0.0456000007688999,4.0,4.0,4.0,0.0249999999999999,0.0249999999999999,0.025,0.0240060542482002
dynamic,model_dynamic/summary_timeseries.csv,20,15.6,298,119200.0,1163.6677078501657,13.95439958555671,1164 ± 13.95,1137.7784114721562,1209.5535842945667,1.6773992988404498,1.262950144245295,1.677 ± 1.263,0.0,6.125578128844083,0.3407411826171051,0.1878746012945194,0.3407 ± 0.1879,0.0151982999422912,1.1521582638605978,300.5134228187919,84.03759238532417,300.5 ± 84.04,0.0,329.0,73.95226595065738,2.272237861847943,73.95 ± 2.272,71.44721221923828,81.70381164550781,71.77517282241047,2,3,1,4,1:24; 2:255; 4:19,19,0,0.0,model_dynamic,True,mckenzie2003,10.00716126525162,10.758299827575684,0.0,10.758299827575684,12.955400466918944,3.005134228187919,3.29,3.29,3.3517203834885207,3.269999947591393,19,0.0,0,0.0,0,0.0,255,2743.3664560317998,24,238.7676010131836,0,0.0,8.0,9.0,9.0,0.0124999999999999,0.0124999999999999,0.025,0.0129629309597852
dynamic,model_dynamic/summary_timeseries.csv,20,15.5,298,119200.0,1163.6839814861007,13.951092031152283,1164 ± 13.95,1137.8061887274655,1209.534638617277,1.6827474838953258,1.275451191759617,1.683 ± 1.275,0.0,6.208292817786613,0.3402625085830476,0.1873117795614973,0.3403 ± 0.1873,0.0166279246739661,1.1467091796270692,308.16107382550337,80.98090479322134,308.2 ± 80.98,0.0,334.0,72.85261586848522,2.144216477182032,72.85 ± 2.144,70.3631591796875,81.04239654541016,71.7284498898116,2,4,1,4,1:25; 2:255; 3:5; 4:13,13,0,0.0,model_dynamic,True,mckenzie2003,10.286650737981944,10.921799659729004,0.0114000001922249,10.921799659729004,13.08199977874756,3.081610738255033,3.34,3.34,3.3009648288366145,3.2699998981224563,13,0.0,0,0.0,0,0.0,255,2784.470320701599,25,280.8831992149353,5,0.0684000020846724,6.0,6.0,6.0,0.0124999999999999,0.0249999999999999,0.025,0.024676456881266
dynamic,model_dynamic/summary_timeseries.csv,20,15.4,298,119200.0,1163.699711353261,13.948033540200258,1164 ± 13.95,1137.8339447213723,1209.5126261004457,1.6871508018477372,1.2887901271399425,1.687 ± 1.289,0.0,6.28985087550453,0.3397976019608957,0.1867513424544153,0.3398 ± 0.1868,0.0180447807961361,1.1412330159337816,310.52013422818794,81.21779442662555,310.5 ± 81.22,0.0,337.0,75.61842561248164,2.208237552898572,75.62 ± 2.208,73.49633026123047,84.14515686035156,71.67868137907294,2,4,1,4,1:25; 2:255; 3:4; 4:14,14,0,0.0,model_dynamic,True,mckenzie2003,10.36803663867657,10.987199783325195,0.0114000001922249,11.01990032196045,13.208600044250488,3.1052013422818794,3.36,3.37,3.3115844733955204,3.269999935513451,14,0.0,0,0.0,0,0.0,255,2803.2401695251465,25,286.3691987991333,4,0.0655500013381242,8.0,9.0,9.0,0.0124999999999999,0.0124999999999999,0.025,0.0131965063685201
dynamic,model_dynamic/summary_timeseries.csv,20,15.3,298,119200.0,1163.7160198018726,13.944816684637466,1164 ± 13.94,1137.8620242438071,1209.491053453781,1.692845828915435,1.3014888988775852,1.693 ± 1.301,0.0,6.373550288334642,0.3393104602470441,0.1861775656386061,0.3393 ± 0.1862,0.0195202395470287,1.135704412664173,318.4865771812081,76.59683624787411,318.5 ± 76.6,0.0,342.0,78.4565502653186,2.128562523459589,78.46 ± 2.129,76.04280853271484,87.1866226196289,71.62902920997385,2,4,1,4,1:29; 2:254; 3:8; 4:7,7,0,0.0,model_dynamic,True,mckenzie2003,10.6540526580253,11.18340015411377,4.522612656373538,11.37079000473022,13.377400398254396,3.184865771812081,3.42,3.42,3.279347121990788,3.2700000450625057,7,0.0,0,0.0,0,0.0,255,2851.17843914032,28,323.5896029472351,8,0.1396500039845705,8.0,9.0,9.0,0.0125,0.0125000000000014,0.025,0.0136138080584653
dynamic,model_dynamic/summary_timeseries.csv,20,15.2,298,119200.0,1163.7330528216771,13.941249057277815,1164 ± 13.94,1137.890452476898,1209.4686531996372,1.699906174234134,1.313761492005619,1.7 ± 1.314,0.0,6.459668818031332,0.3387957931550626,0.1855877521173469,0.3388 ± 0.1856,0.021041944572072,1.1300927544122177,329.2986577181208,61.88028113081866,329.3 ± 61.88,0.0,348.0,77.09495436905215,1.7890389045482875,77.09 ± 1.789,74.80056762695312,86.0157470703125,71.57820072273921,1,3,1,4,1:290; 3:3; 4:5,5,0,0.0,model_dynamic,True,mckenzie2003,11.072262345813217,11.34689998626709,9.362069606781006,12.37726020812988,13.58839988708496,3.292986577181208,3.47,3.48,3.352918067305351,3.269999996042389,5,0.0,0,0.0,0,0.0,255,2894.1461820602417,35,405.3309969902039,3,0.0570000018924474,8.0,9.0,9.0,0.0124999999999999,0.0124999999999999,0.025,0.0137349058139283
dynamic,model_dynamic/summary_timeseries.csv,20,15.1,298,119200.0,1163.749465761059,13.938000686905555,1164 ± 13.94,1137.9188517446123,1209.4443952340066,1.705721481588527,1.3271845351615088,1.706 ± 1.327,0.0,6.544472098354445,0.3383090080117935,0.1850062531816758,0.3383 ± 0.185,0.0225575102731019,1.1244319976832144,335.755033557047,61.121046075153366,335.8 ± 61.12,0.0,354.0,76.54688342305637,1.7592213430521402,76.55 ± 1.759,74.21041107177734,85.26167297363281,71.52554348939407,1,3,1,4,1:291; 3:2; 4:5,5,0,0.0,model_dynamic,True,mckenzie2003,11.295563826599976,11.543100357055664,9.06033992767334,12.908980226516718,13.799400329589844,3.35755033557047,3.53,3.54,3.366348191351741,3.2700001011489133,5,0.0,0,0.0,0,0.0,255,2945.5179653167725,36,420.5230050086975,2,0.0370500013232231,8.0,9.0,9.0,0.0124999999999999,0.0124999999999999,0.025,0.0138401444862581
dynamic,model_dynamic/summary_timeseries.csv,20,15.0,298,119200.0,1163.7657356366449,13.934780463163868,1164 ± 13.93,1137.9472813901373,1209.419757209143,1.7112186203644484,1.3409398779426958,1.711 ± 1.341,0.0,6.62854579267582,0.3378265468462795,0.184430004168374,0.3378 ± 0.1844,0.023808125012927,1.1187336638788576,332.6711409395973,63.61175685443418,332.7 ± 63.61,0.0,351.0,74.66360463392014,1.93331588730097,74.66 ± 1.933,72.233642578125,84.0887222290039,71.4724758190057,1,3,1,4,1:290; 3:3; 4:5,5,0,0.0,model_dynamic,True,mckenzie2003,11.161953388097627,11.477700233459473,8.56659984588623,12.39625010490417,13.71500015258789,3.326711409395973,3.51,3.51,3.3464335050109173,3.27000006651267,5,0.0,0,0.0,0,0.0,257,2948.2647590637207,33,377.9432005882263,3,0.0541500011458992,8.0,9.0,9.0,0.0124999999999999,0.0124999999999999,0.025,0.0140131681622627
dynamic,model_dynamic/summary_timeseries.csv,20,14.9,298,119200.0,1163.7815586731745,13.93193989773803,1164 ± 13.93,1137.9755611210337,1209.3953517996592,1.7158554389950609,1.35494222710683,1.716 ± 1.355,0.0,6.710233063948872,0.3373637568614621,0.1838631950043232,0.3374 ± 0.1839,0.0243012558837116,1.1130725456488113,333.1140939597315,71.05442948199152,333.1 ± 71.05,0.0,354.0,71.82149467212241,2.065457515548333,71.82 ± 2.065,69.46572875976562,81.13099670410156,71.41979067862576,1,3,1,4,1:287; 3:5; 4:6,6,0,0.0,model_dynamic,True,mckenzie2003,11.142760025252956,11.575799942016602,7.758470058441162,12.11139965057373,13.799400329589844,3.3311409395973155,3.54,3.54,3.313236289435546,3.269999983620509,6,0.0,0,0.0,0,0.0,258,2984.8232860565186,29,335.61660146713257,5,0.1026000017300248,8.0,9.0,9.0,0.0124999999999999,0.0124999999999999,0.025,0.0127706986578869
dynamic,model_dynamic/summary_timeseries.csv,20,14.8,298,119200.0,1163.7966305880752,13.929359652953698,1164 ± 13.93,1138.0036266256425,1209.3714115356647,1.7191624386569686,1.3693394468092994,1.719 ± 1.369,0.0,6.788863452119439,0.3369393664034493,0.1833217466608303,0.3369 ± 0.1833,0.0246849399488091,1.1074761505820514,329.6979865771812,78.59100693963053,329.7 ± 78.59,0.0,354.0,74.54844604082555,2.313900517461817,74.55 ± 2.314,72.60110473632812,84.02088928222656,71.36778491002246,1,3,1,4,1:284; 3:7; 4:7,7,0,0.0,model_dynamic,True,mckenzie2003,10.99791744192312,11.575799942016602,5.648469924926758,11.575799942016602,13.799400329589844,3.296979865771812,3.54,3.54,3.283075598884925,3.269999983620509,7,0.0,0,0.0,0,0.0,258,2984.169295310974,26,293.0790023803711,7,0.1311000017449259,8.0,9.0,9.0,0.0125,0.0125000000000014,0.025,0.0131631067865044
dynamic,model_dynamic/summary_timeseries.csv,20,14.7,298,119200.0,1163.8126119284773,13.926471152622318,1164 ± 13.93,1138.0319906857053,1209.3492879029077,1.7242214552011323,1.3825793685769707,1.724 ± 1.383,0.0,6.869282970933911,0.3364814379624265,0.1827709295506001,0.3365 ± 0.1828,0.0241519662225715,1.1018573956165632,336.91946308724835,72.98648553569808,336.9 ± 72.99,0.0,359.0,73.4745194607933,2.2025269620454617,73.47 ± 2.203,71.59518432617188,83.3605728149414,71.3172972172024,1,3,1,4,1:287; 3:4; 4:7,7,0,0.0,model_dynamic,True,mckenzie2003,11.262572785539415,11.739299774169922,8.12350001335144,11.739299774169922,14.01039981842041,3.369194630872483,3.59,3.59,3.3236425545389614,3.2699999370946857,7,0.0,0,0.0,0,0.0,258,3027.5948429107666,29,328.56919717788696,4,0.082650002092123,8.0,9.0,9.0,0.0124999999999999,0.0124999999999999,0.025,0.0129695374524609
dynamic,model_dynamic/summary_timeseries.csv,20,14.6,298,119200.0,1163.8280895570924,13.92391523476558,1164 ± 13.92,1138.060330264677,1209.3266277141684,1.7284502351624764,1.3964871317917371,1.728 ± 1.396,0.0,6.947649759177057,0.3360408909862626,0.1822292839159565,0.336 ± 0.1822,0.0232626878874499,1.0962500420899437,350.97986577181206,78.60413686866544,351 ± 78.6,0.0,375.0,77.1527806224439,2.262277820358948,77.15 ± 2.262,75.12313079833984,86.94738006591797,71.26629744949128,1,3,1,4,1:286; 3:5; 4:7,7,0,0.0,model_dynamic,True,mckenzie2003,11.722289095145197,12.262499809265137,7.95891981124878,12.262499809265137,14.516799926757812,3.509798657718121,3.75,3.75,3.310120229610238,3.26999994913737,7,0.0,0,0.0,0,0.0,258,3162.9074506759644,28,330.21499967575073,5,0.119700001552701,8.0,9.0,9.0,0.0124999999999999,0.0124999999999999,0.025,0.0135585652507607
dynamic,model_dynamic/summary_timeseries.csv,20,14.5,298,119200.0,1163.8450074587497,13.920549394242093,1164 ± 13.92,1138.0891503120088,1209.3043910743936,1.735104639921366,1.4089699733444594,1.735 ± 1.409,0.0,7.027887567254362,0.3355471303524088,0.1816772224045191,0.3355 ± 0.1817,0.0225384016751094,1.0905325326517352,366.8523489932886,62.55004716642904,366.9 ± 62.55,0.0,385.0,78.64286251196125,1.7933555693436354,78.64 ± 1.793,76.46830749511719,88.73643493652344,71.21524076238484,1,3,1,4,1:292; 3:3; 4:3,3,0,0.0,model_dynamic,True,mckenzie2003,12.312423507479838,12.589500427246094,10.862279891967772,12.92164025306701,14.896599769592283,3.668523489932887,3.85,3.85,3.349135685237441,3.2700001109730112,3,0.0,0,0.0,0,0.0,258,3247.8949089050293,34,421.15599632263184,3,0.0513000013306736,8.0,9.0,9.0,0.0124999999999999,0.0124999999999999,0.025,0.0139014100295676
dynamic,model_dynamic/summary_timeseries.csv,20,14.4,298,119200.0,1163.8620613817343,13.916950114295004,1164 ± 13.92,1138.1182428573927,1209.2809981664927,1.7420143540654944,1.421663107718846,1.742 ± 1.422,0.0,7.108011187514145,0.3350480770987493,0.1811168088889862,0.335 ± 0.1811,0.0219253231865883,1.0847514396604172,378.5939597315436,57.28692265377255,378.6 ± 57.29,0.0,396.0,78.44904644857317,1.7523984228624303,78.45 ± 1.752,75.90252685546875,89.5195541381836,71.16275530910002,1,3,1,4,1:294; 3:2; 4:2,2,0,0.0,model_dynamic,True,mckenzie2003,12.713351683916162,12.916500091552734,11.900400161743164,13.510329723358153,15.23419952392578,3.785939597315436,3.95,3.96,3.3621621635870462,3.270000023177907,2,0.0,0,0.0,0,0.0,259,3345.4389066696167,35,443.099995136261,2,0.0399000011384487,8.0,9.0,9.0,0.0124999999999999,0.0124999999999999,0.025,0.0141669855381399
dynamic,model_dynamic/summary_timeseries.csv,20,14.3,298,119200.0,1163.8791777333154,13.913339306724128,1164 ± 13.91,1138.1474342762144,1209.2564256445255,1.7488211466141852,1.4344350967539805,1.749 ± 1.434,0.0,7.186400561620632,0.3345403105069079,0.180556539005832,0.3345 ± 0.1806,0.0213925577815939,1.078921754474655,373.3859060402685,50.49010205364161,373.4 ± 50.49,0.0,389.0,78.87781583542792,1.6396227824175036,78.88 ± 1.64,76.30775451660156,89.74553680419922,71.10899136831108,1,2,1,4,1:296; 4:2,2,0,0.0,model_dynamic,True,mckenzie2003,12.51824603624792,12.687600135803224,11.631390047073364,13.4259295463562,14.938799858093262,3.733859060402684,3.88,3.89,3.3791216371765374,3.2700000350008307,2,0.0,0,0.0,0,0.0,262,3322.025722503662,34,408.4115962982178,0,0.0,8.0,9.0,9.0,0.0125,0.0125000000000014,0.025,0.014302390395965
dynamic,model_dynamic/summary_timeseries.csv,20,14.2,298,119200.0,1163.8964208392645,13.909748309962662,1164 ± 13.91,1138.1766970337458,1209.2319745214068,1.7558036876414902,1.447055962409297,1.756 ± 1.447,0.0,7.262848285257324,0.3340349778864915,0.1800031410261696,0.334 ± 0.18,0.020684844581139,1.0731223073661178,363.6946308724832,47.339457108847256,363.7 ± 47.34,0.0,377.0,74.74032188261916,1.4812054130991337,74.74 ± 1.481,72.3314437866211,84.67147827148438,71.05527748766099,1,2,1,4,1:296; 4:2,2,0,0.0,model_dynamic,True,mckenzie2003,12.18929087395636,12.327899932861328,11.73428988456726,13.054569721221917,14.559000015258787,3.636946308724832,3.77,3.77,3.375912143700846,3.269999982191334,2,0.0,0,0.0,0,0.0,263,3239.94868183136,33,392.4599986076355,0,0.0,8.0,9.0,9.0,0.0124999999999999,0.0124999999999999,0.025,0.0144169202802771
dynamic,model_dynamic/summary_timeseries.csv,20,14.1,298,119200.0,1163.912258556217,13.90685953447882,1164 ± 13.91,1138.2055502313626,1209.2070388697484,1.760217505050873,1.4610082981618184,1.76 ± 1.461,0.0,7.333008232970192,0.3335904992369541,0.1794800541956098,0.3336 ± 0.1795,0.0202465913652606,1.067431737698898,345.90939597315435,63.00278447269616,345.9 ± 63,0.0,364.0,75.36643454532495,1.9002501731300463,75.37 ± 1.9,73.24030303955078,84.97833251953125,71.00148863838581,1,3,1,4,1:291; 3:5; 4:2,2,0,0.0,model_dynamic,True,mckenzie2003,11.548095675307207,11.870100021362305,9.577290058135986,11.908769702911377,14.094799995422363,3.4590939597315438,3.63,3.64,3.30944253093326,3.270000005884933,2,0.0,0,0.0,0,0.0,263,3123.8636627197266,28,317.3861985206604,5,0.0826500011608004,8.0,9.0,9.0,0.0124999999999999,0.0124999999999999,0.025,0.0137901821908982
dynamic,model_dynamic/summary_timeseries.csv,20,14.0,298,119200.0,1163.928664086891,13.903833783730366,1164 ± 13.9,1138.2344453787605,1209.1837904708048,1.765568584928913,1.4737061319951943,1.766 ± 1.474,0.0,7.401060797777488,0.3331425608383233,0.1789709264106569,0.3331 ± 0.179,0.0199143940461142,1.0618234093723633,345.5134228187919,60.81853430599877,345.5 ± 60.82,0.0,363.0,73.29297374238904,1.8222672201656973,73.29 ± 1.822,70.77851867675781,82.69307708740234,70.9493450920445,1,3,1,4,1:292; 3:3; 4:3,3,0,0.0,model_dynamic,True,mckenzie2003,11.540111436167944,11.837400436401367,9.74820041656494,11.870100021362305,14.094799995422363,3.455134228187919,3.62,3.63,3.3330339528349566,3.270000120552864,3,0.0,0,0.0,0,0.0,263,3116.538957595825,29,322.3658003807068,3,0.048450001515448,8.0,9.0,9.0,0.0124999999999999,0.0124999999999999,0.025,0.0130948014917552
dynamic,model_dynamic/summary_timeseries.csv,20,13.9,298,119200.0,1163.9445132183482,13.901111183853295,1164 ± 13.9,1138.2631826778952,1209.1608408333907,1.769846955597361,1.4868360931284013,1.77 ± 1.487,0.0,7.465114602855473,0.3327223265520208,0.1784797998913075,0.3327 ± 0.1785,0.0196621229550878,1.0562839967832265,357.93959731543623,73.94154485952862,357.9 ± 73.94,0.0,379.0,75.78475703809086,2.117120681104096,75.78 ± 2.117,73.23609924316406,85.50812530517578,70.89765815549549,1,3,1,4,1:288; 3:6; 4:4,4,0,0.0,model_dynamic,True,mckenzie2003,11.923189661006177,12.39330005645752,8.722740173339844,12.39330005645752,14.727800369262695,3.579395973154362,3.79,3.79,3.2898639630920328,3.270000014896443,4,0.0,0,0.0,0,0.0,263,3258.097215652466,25,294.89360332489014,6,0.1197000024840235,8.0,9.0,9.0,0.0124999999999999,0.0124999999999999,0.025,0.0136405018114102
dynamic,model_dynamic/summary_timeseries.csv,20,13.8,298,119200.0,1163.961335488562,13.897890818889486,1164 ± 13.9,1138.2922845620176,1209.1386182698748,1.7758515830844035,1.498762892175198,1.776 ± 1.499,0.0,7.530393880150011,0.3322715386420036,0.1779781389119979,0.3323 ± 0.178,0.0198014971067852,1.050661015870722,373.28859060402687,65.89057384918328,373.3 ± 65.89,0.0,392.0,77.18235681521013,1.9400783246533508,77.18 ± 1.94,74.8167953491211,87.54505920410156,70.84633370785718,1,3,1,4,1:292; 3:2; 4:4,4,0,0.0,model_dynamic,True,mckenzie2003,12.465842958052187,12.818400382995604,10.729349756240843,12.818400382995604,15.107600212097168,3.7328859060402686,3.92,3.92,3.343401449168164,3.270000097702961,4,0.0,0,0.0,0,0.0,263,3369.6696996688843,29,345.1116018295288,2,0.0399000011384487,8.0,9.0,9.0,0.0125,0.0125000000000014,0.025,0.0135102477241287
dynamic,model_dynamic/summary_timeseries.csv,20,13.7,298,119200.0,1163.9783595041235,13.894600760372784,1164 ± 13.89,1138.3216548172147,1209.116120609437,1.7823092992513392,1.5107575254514825,1.782 ± 1.511,0.0,7.595839434399227,0.3318104563502508,0.1774713824446531,0.3318 ± 0.1775,0.0198218399789341,1.04498750030541,382.2818791946309,59.30725144803945,382.3 ± 59.31,0.0,399.0,80.63632048536468,1.7508564212202526,80.64 ± 1.751,78.15190124511719,91.16331481933594,70.79446579222235,1,3,1,4,1:294; 3:2; 4:2,2,0,0.0,model_dynamic,True,mckenzie2003,12.77467898914478,13.047300338745115,11.790679931640623,13.047300338745115,15.360799789428713,3.8228187919463097,3.99,3.99,3.3461149407677646,3.2700000848985256,2,0.0,0,0.0,0,0.0,264,3442.034789085388,30,364.7767996788025,2,0.0427500009536743,8.0,9.0,9.0,0.0124999999999999,0.0124999999999999,0.025,0.0142101736716099
dynamic,model_dynamic/summary_timeseries.csv,20,13.6,298,119200.0,1163.9963289013644,13.89099269891152,1164 ± 13.89,1138.3514826890694,1209.0936331825053,1.7905342596969511,1.5220674992248384,1.791 ± 1.522,0.0,7.663338530754434,0.3313173326359785,0.1769501030686252,0.3313 ± 0.177,0.0199691353023607,1.0392664326420609,390.56040268456377,45.90168267417946,390.6 ± 45.9,0.0,403.0,78.22778417600081,1.3544688992029317,78.23 ± 1.354,75.83924102783203,89.06178283691406,70.74215049343593,1,3,1,4,1:296; 3:1; 4:1,1,0,0.0,model_dynamic,True,mckenzie2003,13.090563271963507,13.178099632263184,12.766079807281494,14.155990123748776,15.571800231933594,3.905604026845638,4.03,4.03,3.362306318189732,3.269999908750169,1,0.0,0,0.0,0,0.0,264,3477.448703765869,32,423.5192012786865,1,0.0199500005692243,8.0,9.0,9.0,0.0124999999999999,0.0124999999999999,0.025,0.0144340748452895
dynamic,model_dynamic/summary_timeseries.csv,20,13.5,298,119200.0,1164.0133441850105,13.887641328767709,1164 ± 13.89,1138.381161146703,1209.0690894946013,1.7968440052665149,1.5348645055897523,1.797 ± 1.535,0.0,7.727198578787052,0.3308529490149242,0.1764428724093017,0.3309 ± 0.1764,0.020806443496022,1.0335411263450451,385.3187919463088,50.22649087003578,385.3 ± 50.23,0.0,399.0,80.05015819984794,1.619112118706847,80.05 ± 1.619,77.54559326171875,91.1590805053711,70.68792834789792,1,3,1,4,1:296; 3:1; 4:1,1,0,0.0,model_dynamic,True,mckenzie2003,12.902881999009432,13.047300338745115,12.457245206832884,14.016729831695557,15.360799789428713,3.853187919463089,3.99,3.99,3.3623064686951643,3.2700000848985256,1,0.0,0,0.0,0,0.0,264,3443.342788696289,32,401.7017970085144,1,0.0142500000074505,8.0,9.0,9.0,0.0124999999999999,0.0124999999999999,0.025,0.0140062552273956
dynamic,model_dynamic/summary_timeseries.csv,20,13.4,298,119200.0,1164.0312643707114,13.883910614430976,1164 ± 13.88,1138.4110610339385,1209.045337328358,1.804645506867757,1.546584513206792,1.805 ± 1.547,0.0,7.790898458306979,0.3303623308789354,0.1759385038445198,0.3304 ± 0.1759,0.0220517188263232,1.0278363018804886,382.9731543624161,45.13335145477157,383 ± 45.13,0.0,395.0,76.81343879955728,1.3983452998271255,76.81 ± 1.398,74.28507232666016,87.93328857421875,70.6342762944198,1,3,1,4,1:296; 3:1; 4:1,1,0,0.0,model_dynamic,True,mckenzie2003,12.837419173967769,12.916500091552734,12.675484991073608,14.221400260925291,15.23419952392578,3.829731543624161,3.95,3.95,3.362306408168064,3.270000023177907,1,0.0,0,0.0,0,0.0,264,3408.549916267395,32,416.9781975746155,1,0.0228000003844499,8.0,9.0,9.0,0.0124999999999999,0.0124999999999999,0.025,0.0144332543975032
dynamic,model_dynamic/summary_timeseries.csv,20,13.3,298,119200.0,1164.0478792205508,13.88078651191582,1164 ± 13.88,1138.440673156804,1209.020862075525,1.810128011308622,1.5596110638608962,1.81 ± 1.56,0.0,7.849591650269577,0.3299208520203234,0.1754545952723626,0.3299 ± 0.1755,0.0231402506279943,1.0221907966904873,379.6174496644296,52.08080934682775,379.6 ± 52.08,0.0,394.0,78.58411709574246,1.7315830606152178,78.58 ± 1.732,75.9072494506836,89.60407257080078,70.58018891872098,1,3,1,4,1:296; 3:1; 4:1,1,0,0.0,model_dynamic,True,mckenzie2003,12.70577250476364,12.88379955291748,11.982690334320068,13.818390226364134,15.19200038909912,3.796174496644296,3.94,3.94,3.362306317307985,3.2699998865272795,1,0.0,0,0.0,0,0.0,264,3398.870602607727,32,387.4382038116455,1,0.0114000001922249,8.0,9.0,9.0,0.0125,0.0125000000000014,0.025,0.014095510308364
dynamic,model_dynamic/summary_timeseries.csv,20,13.2,298,119200.0,1164.0653651101652,13.877305674254329,1164 ± 13.88,1138.470511473348,1208.997362291822,1.8170934809373145,1.5714625859806015,1.817 ± 1.571,0.0,7.908280381122854,0.329454443676498,0.1749720113928186,0.3295 ± 0.175,0.0244207642470819,1.016559159020359,378.21140939597313,47.20808148054744,378.2 ± 47.21,0.0,391.0,78.69066156476936,1.5175560347836603,78.69 ± 1.518,76.14723205566406,89.73980712890625,70.5268508184738,1,3,1,4,1:296; 3:1; 4:1,1,0,0.0,model_dynamic,True,mckenzie2003,12.658866150132786,12.785699844360352,12.25487995147705,13.453360271453846,15.065400123596191,3.782114093959732,3.91,3.91,3.359107710779063,3.269999960194464,1,0.0,0,0.0,0,0.0,265,3385.986864089966,31,386.3409986495972,1,0.0142500000074505,8.0,9.0,9.0,0.0124999999999999,0.0124999999999999,0.025,0.0140395081995885
dynamic,model_dynamic/summary_timeseries.csv,20,13.1,298,119200.0,1164.08279039144,13.873919133227842,1164 ± 13.87,1138.500412928265,1208.974056581487,1.8239152715278064,1.5834190027067483,1.824 ± 1.583,0.0,7.965466909528336,0.3289962541271334,0.174498156500253,0.329 ± 0.1745,0.0256966573748669,1.010958647067273,383.9127516778523,47.19407778878945,383.9 ± 47.19,0.0,397.0,78.67423829456304,1.4745146680235532,78.67 ± 1.475,76.0816421508789,89.51299285888672,70.4736436532221,1,3,1,4,1:296; 3:1; 4:1,1,0,0.0,model_dynamic,True,mckenzie2003,12.852627785095082,12.949199676513672,12.568425416946411,13.79096016883849,15.318599700927734,3.839127516778524,3.96,3.97,3.359107727581952,3.270000054193684,1,0.0,0,0.0,0,0.0,265,3433.892381668091,31,396.17359828948975,1,0.0171000007539987,8.0,9.0,9.0,0.0124999999999999,0.0124999999999999,0.025,0.0140549898274118
dynamic,model_dynamic/summary_timeseries.csv,20,13.0,298,119200.0,1164.10000813149,13.870418139310992,1164 ± 13.87,1138.5304053088294,1208.9504517642883,1.8304821308621335,1.595533171129515,1.83 ± 1.596,0.0,8.021394066054306,0.3285362973450317,0.1740224106454197,0.3285 ± 0.174,0.0269814394846088,1.0068040113511392,383.4832214765101,47.190049006041086,383.5 ± 47.19,0.0,396.0,83.67232682400902,1.4783354437423513,83.67 ± 1.478,81.11447143554688,94.53336334228516,70.42004645545899,1,3,1,4,1:296; 3:1; 4:1,1,0,0.0,model_dynamic,True,mckenzie2003,12.826722859217467,12.949199676513672,12.43634033203125,13.463909626007071,15.276399612426758,3.834832214765101,3.96,3.96,3.355909016135983,3.2699999183115334,1,0.0,0,0.0,0,0.0,266,3441.871114730835,30,380.47519731521606,1,0.0171000007539987,8.0,9.0,9.0,0.0124999999999999,0.0124999999999999,0.025,0.0220532546898914
dynamic,model_dynamic/summary_timeseries.csv,20,12.9,298,119200.0,1164.1189271142005,13.866442359507142,1164 ± 13.87,1138.5609868854656,1208.9283144658762,1.8401559614450975,1.6058709699890144,1.84 ± 1.606,0.0119748273709623,8.081051796313703,0.3280225739057308,0.1735294359286245,0.328 ± 0.1735,0.0282101402468336,1.0046998428795506,376.7986577181208,26.70406546374988,376.8 ± 26.7,134.0,384.0,66.18653393431798,0.8093602540013073,66.19 ± 0.8094,63.947898864746094,74.72791290283203,70.36732758041057,1,1,1,1,1:298,0,0,0.0,model_dynamic,True,mckenzie2003,12.6229888240763,12.55679988861084,12.55679988861084,14.782660341262815,14.896599769592283,3.767986577181208,3.84,3.84,3.365637557267162,3.2699999709924064,0,0.0,0,0.0,0,0.0,268,3362.312071800232,30,399.3385977745056,0,0.0,10.0,11.0,11.0,0.0062499999999999,0.0124999999999999,0.025,0.0176449877753236
dynamic,model_dynamic/summary_timeseries.csv,20,12.8,298,119200.0,1164.1321527973298,13.864840239255894,1164 ± 13.86,1138.5897254296074,1208.90403529101,1.839728856480296,1.6209810943816227,1.84 ± 1.621,0.0,8.12052468455933,0.3277132212644309,0.1731284807131698,0.3277 ± 0.1731,0.0296524095309664,1.0035863040987965,365.01006711409394,75.41627140486956,365 ± 75.42,0.0,385.0,65.75323651460994,2.0305191821744475,65.75 ± 2.031,63.41459655761719,74.92119598388672,70.31430986140253,1,3,1,4,1:288; 3:2; 4:8,8,0,0.0,model_dynamic,True,mckenzie2003,12.139091645898734,12.589500427246094,8.642560291290286,12.589500427246094,14.980999946594238,3.65010067114094,3.85,3.85,3.3214828573466337,3.2700001109730112,8,0.0,0,0.0,0,0.0,266,3346.485411643982,22,270.92399883270264,2,0.0399000011384487,7.0,7.0,7.0,0.00625,0.025,0.025,0.0241542243325054
dynamic,model_dynamic/summary_timeseries.csv,20,12.7,298,119200.0,1164.146474477419,13.862784322219923,1164 ± 13.86,1138.618423618604,1208.8813324513696,1.840804699239148,1.6338910821467991,1.841 ± 1.634,0.0,8.156853038630777,0.327379707848855,0.1727368244946154,0.3274 ± 0.1727,0.0310923530062883,1.0025760923740437,362.8523489932886,89.08855226957583,362.9 ± 89.09,0.0,388.0,66.33340640996127,2.1692081811622126,66.33 ± 2.169,63.94066619873047,75.07252502441406,70.26290883276579,1,3,1,4,1:282; 3:5; 4:11,11,0,0.0,model_dynamic,True,mckenzie2003,12.044406335388354,12.687600135803224,0.0171000007539987,12.687600135803224,15.065400123596191,3.628523489932885,3.88,3.88,3.2775784312934286,3.2700000350008307,11,0.0,0,0.0,0,0.0,264,3348.4473361968994,18,240.7088017463684,5,0.0769500024616718,7.0,7.0,7.0,0.0062499999999999,0.0249999999999999,0.025,0.0235364807368932
dynamic,model_dynamic/summary_timeseries.csv,20,12.6,298,119200.0,1164.1615172987272,13.860535260616956,1164 ± 13.86,1138.647235618204,1208.8611492123173,1.8428681523114487,1.6458882737615053,1.843 ± 1.646,0.0,8.1924743150376,0.3270298319860928,0.172360760981738,0.327 ± 0.1724,0.0322816595274168,1.0015789232535606,358.748322147651,90.79326254756158,358.7 ± 90.79,0.0,385.0,63.85131153644331,2.1769301422509013,63.85 ± 2.177,61.397727966308594,72.420166015625,70.21391359411314,1,3,1,4,1:281; 3:3; 4:14,14,0,0.0,model_dynamic,True,mckenzie2003,11.897912959949482,12.589500427246094,0.0138225000351667,12.589500427246094,14.980999946594238,3.5874832214765107,3.85,3.85,3.2953346097005323,3.2700001109730112,14,0.0,0,0.0,0,0.0,264,3322.4182119369507,17,223.1114001274109,3,0.0484500005841255,7.0,7.0,7.0,0.0062499999999999,0.0249999999999999,0.025,0.0243981465435862
dynamic,model_dynamic/summary_timeseries.csv,20,12.5,298,119200.0,1164.1761997760393,13.858678086289526,1164 ± 13.86,1138.6758037674642,1208.842886592143,1.8442086378472504,1.6575684563501163,1.844 ± 1.658,0.0,8.223651368276414,0.3267100054615103,0.172008487018098,0.3267 ± 0.172,0.033150306146145,1.0008260984912418,354.4026845637584,93.21584387774482,354.4 ± 93.22,0.0,383.0,63.868318327321305,2.263615505411146,63.87 ± 2.264,61.83815002441406,72.42547607421875,70.1670828246788,1,3,1,4,1:280; 3:1; 4:17,17,0,0.0,model_dynamic,True,mckenzie2003,11.738103332616788,12.491399765014648,0.0,12.524100303649902,14.896599769592283,3.544026845637584,3.82,3.83,3.3134697441727177,3.2699999384855096,17,0.0,0,0.0,0,0.0,264,3299.72429561615,16,198.2133975028992,1,0.0171000007539987,7.0,7.0,7.0,0.0062499999999999,0.0249999999999999,0.025,0.0241661238763263
dynamic,model_dynamic/summary_timeseries.csv,20,12.4,298,119200.0,1164.191078622228,13.8568037953631,1164 ± 13.86,1138.7044009302017,1208.8263511047871,1.8458618341885948,1.668678178625601,1.846 ± 1.669,0.0,8.274969326465147,0.3263970089502893,0.1716675057052294,0.3264 ± 0.1717,0.0337504147530452,1.0001414806054811,354.38255033557044,96.10994803669698,354.4 ± 96.11,0.0,384.0,65.55800389283455,2.301759297364761,65.56 ± 2.302,63.06970977783203,73.91400909423828,70.12195017458566,1,3,1,4,1:279; 3:1; 4:18,18,0,0.0,model_dynamic,True,mckenzie2003,11.723541010439948,12.55679988861084,0.0,12.55679988861084,14.938799858093262,3.5438255033557047,3.84,3.84,3.3102321164491086,3.2699999709924064,18,0.0,0,0.0,0,0.0,264,3313.6544713974,15,179.94079971313477,1,0.0199500005692243,8.0,9.0,9.0,0.0062499999999999,0.0249999999999999,0.025,0.0212307291561772
dynamic,model_dynamic/summary_timeseries.csv,20,12.3,298,119200.0,1164.2065913345427,13.85476866361663,1164 ± 13.85,1138.7332191043697,1208.8106283400523,1.8485363528471697,1.6792591395128431,1.849 ± 1.679,0.0,8.328710636104374,0.3260671302118579,0.1713123024364295,0.3261 ± 0.1713,0.034386025114905,0.9993829709560024,351.9228187919463,95.21972514392144,351.9 ± 95.22,0.0,382.0,64.44946536121752,2.1898320105108047,64.45 ± 2.19,61.61001968383789,72.41960144042969,70.07740923568281,1,3,1,4,1:279; 3:1; 4:18,18,0,0.0,model_dynamic,True,mckenzie2003,11.643454142171114,12.458700180053713,0.0,12.491399765014648,14.854399681091309,3.519228187919463,3.81,3.82,3.3102321743789243,3.270000047258192,18,0.0,0,0.0,0,0.0,264,3289.1949377059937,15,180.531596660614,1,0.0228000003844499,7.0,7.0,7.0,0.00625,0.025,0.025,0.0207543473343295
dynamic,model_dynamic/summary_timeseries.csv,20,12.2,298,119200.0,1164.2219605111063,13.852843613075883,1164 ± 13.85,1138.7619594165776,1208.79461301254,1.8508581647065936,1.6897102319593915,1.851 ± 1.69,0.0,8.380139340900515,0.32575083304262,0.1709728575031084,0.3258 ± 0.171,0.035149956436815,0.9987451006242886,351.8557046979866,97.02976079986615,351.9 ± 97.03,0.0,382.0,62.321702240297455,2.1786528225050503,62.32 ± 2.179,60.12122344970703,70.13961791992188,70.0326535959623,1,3,1,4,1:278; 3:2; 4:18,18,0,0.0,model_dynamic,True,mckenzie2003,11.63263368702825,12.491399765014648,0.0,12.491399765014648,14.854399681091309,3.5185570469798657,3.82,3.82,3.296178513843515,3.2699999384855096,18,0.0,0,0.0,0,0.0,264,3296.846640586853,14,169.64399814605713,2,0.0342000015079975,8.0,9.0,9.0,0.0062499999999999,0.0249999999999999,0.025,0.0196776688098155
dynamic,model_dynamic/summary_timeseries.csv,20,12.1,298,119200.0,1164.2368874189362,13.851327554931885,1164 ± 13.85,1138.7905042206696,1208.7789821870222,1.8524109056255755,1.7000020758066094,1.852 ± 1.7,0.0,8.42836064784774,0.3254670010473512,0.1706512546205898,0.3255 ± 0.1707,0.0353331006937389,0.998308612982982,357.02013422818794,99.7583301124654,357 ± 99.76,0.0,389.0,64.6421101461321,2.188721251861648,64.64 ± 2.189,61.7266731262207,72.12875366210938,69.98847796635255,1,2,1,4,1:278; 4:20,20,0,0.0,model_dynamic,True,mckenzie2003,11.784860303737974,12.72029972076416,0.0,12.72029972076416,15.107600212097168,3.5702013422818792,3.89,3.89,3.314424432739535,3.269999928217008,20,0.0,0,0.0,0,0.0,265,3365.876371383667,13,146.01199913024902,0,0.0,8.0,8.0,8.0,0.0062499999999999,0.0249999999999999,0.025,0.0205553517479543
dynamic,model_dynamic/summary_timeseries.csv,20,12.0,298,119200.0,1164.2524453052451,13.849445467545792,1164 ± 13.85,1138.819376118115,1208.7641027473708,1.855066160668216,1.7100725389665703,1.855 ± 1.71,0.0,8.478577326251136,0.3251551867591533,0.1703258679249698,0.3252 ± 0.1703,0.0363519417316808,0.997728181378328,360.9496644295302,100.79702917492868,360.9 ± 100.8,0.0,393.0,67.98141589580766,2.225421644836102,67.98 ± 2.225,64.99008178710938,75.65169525146484,69.94472662925568,1,2,1,4,1:278; 4:20,20,0,0.0,model_dynamic,True,mckenzie2003,11.91351541096732,12.851099967956545,0.0,12.851099967956545,15.276399612426758,3.6094966442953034,3.93,3.93,3.314424453383319,3.2699999918464484,20,0.0,0,0.0,0,0.0,265,3404.004592895508,13,146.2229995727539,0,0.0,7.0,8.0,8.0,0.0062499999999999,0.0249999999999999,0.025,0.0221273586680895
dynamic,model_dynamic/summary_timeseries.csv,20,11.9,298,119200.0,1164.268692721501,13.847351915963774,1164 ± 13.85,1138.8486723927524,1208.7492797607842,1.859104498209203,1.7198928089931582,1.859 ± 1.72,0.0,8.532903660906905,0.3248183805741087,0.1699924174659513,0.3248 ± 0.17,0.037329230857426,0.996946001309,374.77852348993287,102.8376152447601,374.8 ± 102.8,0.0,407.0,69.44605180881167,2.215990752241221,69.45 ± 2.216,66.61530303955078,77.57475280761719,69.90060736803184,1,3,1,4,1:278; 3:6; 4:14,14,0,0.0,model_dynamic,True,mckenzie2003,12.37510593508092,13.308899879455566,0.0125400000135414,13.308899879455566,15.78279972076416,3.747785234899329,4.07,4.07,3.250422508461454,3.269999970382203,14,0.0,0,0.0,0,0.0,265,3524.7983684539795,13,162.89200019836426,6,0.0912000017706304,9.0,10.0,10.0,0.0062499999999999,0.0187499999999999,0.025,0.0172337019376842
dynamic,model_dynamic/summary_timeseries.csv,20,11.8,298,119200.0,1164.2850498120072,13.845203332741002,1164 ± 13.85,1138.8782537313543,1208.7331693022395,1.8635441049858477,1.729692077742803,1.864 ± 1.73,0.0,8.589205553897088,0.3244743476561867,0.16965263452732,0.3245 ± 0.1697,0.0381403672782183,0.9960616583460172,382.6073825503356,95.56846984607124,382.6 ± 95.57,0.0,412.0,70.28371664981714,2.0997757636409755,70.28 ± 2.1,67.46575164794922,78.35470581054688,69.8549155708854,1,3,1,4,1:283; 3:5; 4:10,10,0,0.0,model_dynamic,True,mckenzie2003,12.664495887875482,13.472399711608888,4.772847372246914,13.472399711608888,15.90939998626709,3.826073825503356,4.12,4.12,3.2775520195713392,3.269999930002157,10,0.0,0,0.0,0,0.0,265,3568.0604248046875,18,205.8937997817993,5,0.0655500004068017,9.0,9.0,9.0,0.00625,0.025,0.025,0.0233907427385894
dynamic,model_dynamic/summary_timeseries.csv,20,11.7,298,119200.0,1164.301366889344,13.843068707728218,1164 ± 13.84,1138.9080083512044,1208.7161216511165,1.8680677990332468,1.7395846895017948,1.868 ± 1.74,0.0,8.64614639046477,0.3241326979754478,0.1693064547845539,0.3241 ± 0.1693,0.0389507853151857,0.9951255834628,383.62080536912754,93.4042982032482,383.6 ± 93.4,0.0,412.0,71.21107436826566,2.133759922946962,71.21 ± 2.134,68.43270111083984,79.83216857910156,69.80811329991207,1,3,1,4,1:283; 3:5; 4:10,10,0,0.0,model_dynamic,True,mckenzie2003,12.70654304561224,13.472399711608888,7.069810228329164,13.472399711608888,15.90939998626709,3.836208053691276,4.12,4.12,3.2775520235346987,3.269999930002157,10,0.0,0,0.0,0,0.0,265,3567.308325767517,18,219.1446018218994,5,0.0969000030308961,8.0,9.0,9.0,0.0062499999999999,0.0249999999999999,0.025,0.0241553257330678
dynamic,model_dynamic/summary_timeseries.csv,20,11.6,298,119200.0,1164.3180406592776,13.84063056069933,1164 ± 13.84,1138.937915150638,1208.6988996178388,1.8731336490939323,1.7492214097436034,1.873 ± 1.749,0.0,8.703427335652835,0.323777262440015,0.1689643723435001,0.3238 ± 0.169,0.0401593448049105,0.9941474887541464,394.31208053691273,86.53431597139836,394.3 ± 86.53,0.0,420.0,70.40964523417837,1.9639891380033403,70.41 ± 1.964,67.55805969238281,78.84050750732422,69.76098446720084,1,3,1,4,1:287; 3:3; 4:8,8,0,0.0,model_dynamic,True,mckenzie2003,13.09230335571822,13.734000205993652,9.990849733352665,13.734000205993652,16.246999740600586,3.9431208053691273,4.2,4.2,3.31118969519825,3.270000049046108,8,0.0,0,0.0,0,0.0,265,3636.436252593994,22,265.01599740982056,3,0.0541500002145767,9.0,9.0,9.0,0.0062499999999999,0.0249999999999999,0.025,0.0236525011598233
dynamic,model_dynamic/summary_timeseries.csv,20,11.5,298,119200.0,1164.3342020131242,13.838453351375726,1164 ± 13.84,1138.9678348045777,1208.6808368538616,1.877414708926328,1.7592882510162002,1.877 ± 1.759,0.0,8.759678852998512,0.3234393108888078,0.1686256535299755,0.3234 ± 0.1686,0.0412824692510921,0.9932056962700164,401.5436241610738,85.9280941175675,401.5 ± 85.93,0.0,427.0,74.40639017092302,1.8738566110792736,74.41 ± 1.874,71.4817123413086,82.39904022216797,69.71300204928389,1,3,1,4,1:288; 3:2; 4:8,8,0,0.0,model_dynamic,True,mckenzie2003,13.339977824366684,13.962900161743164,10.174419975280763,13.962900161743164,16.500200271606445,4.015436241610739,4.2700000000000005,4.2700000000000005,3.324758654388184,3.270000037878961,8,0.0,0,0.0,0,0.0,265,3696.767741203308,23,278.5200004577637,2,0.0256500001996755,8.0,9.0,9.0,0.0124999999999999,0.0124999999999999,0.025,0.0243693152608455
dynamic,model_dynamic/summary_timeseries.csv,20,11.4,298,119200.0,1164.3514513191724,13.835868848866015,1164 ± 13.84,1138.9982939235183,1208.6634375630192,1.883715884578284,1.7686346578251204,1.884 ± 1.769,0.0,8.817973186926528,0.3230650521616388,0.1682752552992836,0.3231 ± 0.1683,0.0423282005442984,0.9920387372951608,410.9865771812081,82.81547261467324,411 ± 82.82,0.0,435.0,72.64322350009176,1.7494525208976834,72.64 ± 1.749,69.85543060302734,80.93498992919922,69.66514363950068,1,3,1,4,1:288; 3:6; 4:4,4,0,0.0,model_dynamic,True,mckenzie2003,13.687427921689446,14.191800117492676,12.5840398311615,14.224499702453612,16.79560089111328,4.10986577181208,4.34,4.3500000000000005,3.286632669747784,3.270000027072045,4,0.0,0,0.0,0,0.0,264,3745.1964168548575,24,333.54880380630493,6,0.1083000022917985,5.0,5.0,5.0,0.0124999999999999,0.0249999999999999,0.025,0.0248601881078333
dynamic,model_dynamic/summary_timeseries.csv,20,11.3,298,119200.0,1164.367961951478,13.833512196185778,1164 ± 13.83,1139.028663395762,1208.644133233076,1.888698580738144,1.778775849365787,1.889 ± 1.779,0.0,8.874754357323663,0.3227110530483239,0.1679326838679797,0.3227 ± 0.1679,0.043589926311262,0.990931403184305,410.4496644295302,79.83430291989895,410.4 ± 79.83,0.0,433.0,71.95666578152036,1.75285659362632,71.96 ± 1.753,69.14537048339844,80.19609832763672,69.61546983731387,1,3,1,4,1:290; 3:2; 4:6,6,0,0.0,model_dynamic,True,mckenzie2003,13.677484375865342,14.159099578857422,12.010119724273682,14.159099578857422,16.711200714111328,4.104496644295302,4.33,4.33,3.334143751637589,3.2699999027384345,6,0.0,0,0.0,0,0.0,264,3735.81139087677,26,340.0476031303406,2,0.0313500007614493,7.0,8.0,8.0,0.00625,0.025,0.025,0.024410110539924
dynamic,model_dynamic/summary_timeseries.csv,20,11.2,298,119200.0,1164.384323470549,13.83112406900397,1164 ± 13.83,1139.0589903976097,1208.625148732416,1.8933787042472667,1.788478414552933,1.893 ± 1.788,0.0,8.932272255171405,0.3223670138477492,0.1675993016584704,0.3224 ± 0.1676,0.0443116212718691,0.989879929859021,416.8322147651007,84.1224660704819,416.8 ± 84.12,0.0,441.0,74.90173641947293,1.815339361380922,74.9 ± 1.815,72.18299102783203,83.21906280517578,69.56615833480646,1,3,1,4,1:289; 3:2; 4:7,7,0,0.0,model_dynamic,True,mckenzie2003,13.881567067907335,14.420700073242188,11.695730018615723,14.420700073242188,17.048799514770508,4.168322147651006,4.41,4.41,3.331099645967416,3.270000016608205,7,0.0,0,0.0,0,0.0,264,3802.617588043213,25,334.05519819259644,2,0.0342000005766749,8.0,9.0,9.0,0.0124999999999999,0.0124999999999999,0.025,0.0240444227506749
dynamic,model_dynamic/summary_timeseries.csv,20,11.1,298,119200.0,1164.4015668937743,13.828440227937012,1164 ± 13.83,1139.0897466129156,1208.6070403335316,1.8996865584674176,1.7972485119697743,1.9 ± 1.797,0.0,8.989312253821103,0.3220036360625754,0.1672564303404064,0.322 ± 0.1673,0.0443656597327674,0.9886696716569668,418.4530201342282,75.16674623263226,418.5 ± 75.17,0.0,439.0,76.90712469216162,1.6695221414945902,76.91 ± 1.67,74.27467346191406,85.53868103027344,69.51729372061595,1,3,1,4,1:291; 3:3; 4:4,4,0,0.0,model_dynamic,True,mckenzie2003,13.964010372151614,14.355299949645996,13.434369707107544,14.48092985153198,16.922199249267578,4.184530201342282,4.39,4.39,3.326785706374031,3.26999998852984,4,0.0,0,0.0,0,0.0,264,3786.856196403504,27,374.3561944961548,3,0.0627000015228986,8.0,9.0,9.0,0.0124999999999999,0.0124999999999999,0.025,0.0233284333112299
dynamic,model_dynamic/summary_timeseries.csv,20,11.0,298,119200.0,1164.4192221078567,13.825676731244195,1164 ± 13.83,1139.1207880633533,1208.5886765529217,1.906766265077484,1.8058563461701331,1.907 ± 1.806,0.0,9.049210664803056,0.3216279171047627,0.1669095432836967,0.3216 ± 0.1669,0.043594000769581,0.987354019091812,426.4295302013423,62.51118074849679,426.4 ± 62.51,0.0,443.0,75.89579964964182,1.449395707600112,75.9 ± 1.449,73.22498321533203,84.46650695800781,69.46788848956817,1,3,1,4,1:294; 3:1; 4:3,3,0,0.0,model_dynamic,True,mckenzie2003,14.267988237624223,14.48610019683838,14.07408037185669,15.240529537200926,17.090999603271484,4.264295302013422,4.43,4.43,3.356491559367412,3.270000044433043,3,0.0,0,0.0,0,0.0,264,3822.63005065918,30,429.216194152832,1,0.0142500000074505,8.0,9.0,9.0,0.0124999999999999,0.0124999999999999,0.025,0.0235623017260604
dynamic,model_dynamic/summary_timeseries.csv,20,10.9,298,119200.0,1164.4363284547817,13.823111319857858,1164 ± 13.82,1139.1518008615349,1208.5689408644048,1.91285966966233,1.815122038904938,1.913 ± 1.815,0.0,9.108090383878084,0.321268324633529,0.1665700285838477,0.3213 ± 0.1666,0.0427632254357436,0.9860622618724756,425.0268456375839,62.2052185286544,425 ± 62.21,0.0,442.0,74.71422323444546,1.4145731757763849,74.71 ± 1.415,72.03673553466797,82.96568298339844,69.41714000286993,1,2,1,4,1:294; 4:4,4,0,0.0,model_dynamic,True,mckenzie2003,14.221568982873189,14.453399658203123,13.988559913635257,14.822750282287585,17.048799514770508,4.250268456375839,4.41,4.42,3.3669387411277265,3.270000016608205,4,0.0,0,0.0,0,0.0,264,3810.203963279724,30,427.8235936164856,0,0.0,8.0,9.0,9.0,0.0124999999999999,0.0124999999999999,0.025,0.0238867213566391
dynamic,model_dynamic/summary_timeseries.csv,20,10.8,298,119200.0,1164.4531407878171,13.820663712793198,1164 ± 13.82,1139.182726110046,1208.5490492825318,1.918340504456628,1.824534655562207,1.918 ± 1.825,0.0,9.165277930602922,0.3209204169008405,0.1662407324841456,0.3209 ± 0.1662,0.0419323061650748,0.9848327124116976,429.2281879194631,65.46120535694006,429.2 ± 65.46,0.0,447.0,75.02252540332358,1.5339405356456337,75.02 ± 1.534,72.18898010253906,83.49646759033203,69.36632317248564,1,2,1,4,1:294; 4:4,4,0,0.0,model_dynamic,True,mckenzie2003,14.339762106837842,14.616900444030762,13.56940984725952,14.616900444030762,17.25979995727539,4.292281879194631,4.47,4.47,3.3637075642050696,3.270000099335741,4,0.0,0,0.0,0,0.0,265,3870.829911231994,29,402.4191966056824,0,0.0,8.0,9.0,9.0,0.0125,0.0125000000000014,0.025,0.023763634662414
dynamic,model_dynamic/summary_timeseries.csv,20,10.7,298,119200.0,1164.4700749930842,13.81816244998753,1164 ± 13.82,1139.210385799408,1208.5295039403811,1.924063573903065,1.8336359016890444,1.924 ± 1.834,0.0,9.22184746670475,0.3205686542485837,0.1659124043118965,0.3206 ± 0.1659,0.0411137743151329,0.9835842123563776,424.09060402684565,63.76215645882319,424.1 ± 63.76,0.0,442.0,77.72260893751312,1.4818053069935446,77.72 ± 1.482,74.90233612060547,85.98420715332031,69.31911814097316,1,2,1,4,1:294; 4:4,4,0,0.0,model_dynamic,True,mckenzie2003,14.158054670231454,14.420700073242188,13.48944969177246,14.453399658203123,17.048799514770508,4.240906040268456,4.41,4.42,3.360476183495126,3.270000016608205,4,0.0,0,0.0,0,0.0,266,3834.827097892761,28,384.27319383621216,0,0.0,8.0,9.0,9.0,0.0124999999999999,0.0124999999999999,0.025,0.0228877674122231
dynamic,model_dynamic/summary_timeseries.csv,20,10.6,298,119200.0,1164.4878340646208,13.8154528189097,1164 ± 13.82,1139.210385799408,1208.5108971317748,1.9312669715431845,1.8420279743588053,1.931 ± 1.842,0.0,9.279102163109464,0.3201951812853561,0.1655777039553283,0.3202 ± 0.1656,0.0403472646009204,0.9822184465606582,426.2684563758389,58.85833645372969,426.3 ± 58.86,0.0,441.0,74.10978089402985,1.3184685205554965,74.11 ± 1.318,71.65615844726562,82.77271270751953,69.3005113323668,1,3,1,4,1:294; 3:2; 4:2,2,0,0.0,model_dynamic,True,mckenzie2003,14.234949869572516,14.420700073242188,14.2936053276062,14.75312027931213,17.00659942626953,4.26268456375839,4.41,4.41,3.336486494069413,3.270000016608205,2,0.0,0,0.0,0,0.0,267,3848.4630184173584,27,393.5149927139282,2,0.0370500013232231,8.0,9.0,9.0,0.0124999999999999,0.0124999999999999,0.025,0.0239063586416036
dynamic,model_dynamic/summary_timeseries.csv,20,10.5,298,119200.0,1164.5044552295108,13.81312343811443,1165 ± 13.81,1139.210385799408,1208.4909740078035,1.9362688853770025,1.8515217645455184,1.936 ± 1.852,0.0,9.333769035406991,0.3198613247288878,0.1652654648173185,0.3199 ± 0.1653,0.0395545174730872,0.9810243430205128,425.1107382550336,64.15191035979119,425.1 ± 64.15,0.0,442.0,76.2360569486682,1.4728642518369246,76.24 ± 1.473,74.02027893066406,84.38431549072266,69.28058820839556,1,2,1,4,1:294; 4:4,4,0,0.0,model_dynamic,True,mckenzie2003,14.179362461870948,14.453399658203123,13.364740371704102,14.453399658203123,17.00659942626953,4.2511073825503365,4.42,4.42,3.357244832255608,3.26999992267039,4,0.0,0,0.0,0,0.0,267,3857.128415107727,27,368.3215985298157,0,0.0,8.0,9.0,9.0,0.0124999999999999,0.0124999999999999,0.025,0.0232233381141023
dynamic,model_dynamic/summary_timeseries.csv,20,10.4,298,119200.0,1164.5218347780965,13.810525931183529,1165 ± 13.81,1139.210385799408,1208.4721094256936,1.942646113762396,1.8600842860190248,1.943 ± 1.86,0.0,9.388560058367664,0.3195034573847951,0.1649457435605938,0.3195 ± 0.1649,0.0388025115268909,0.9797320556843202,415.33557046979865,59.459998480536775,415.3 ± 59.46,0.0,431.0,74.13617391394288,1.3653289103931736,74.14 ± 1.365,71.7667007446289,82.43489837646484,69.26172362628563,1,2,1,4,1:294; 4:4,4,0,0.0,model_dynamic,True,mckenzie2003,13.85184071047994,14.060999870300291,13.533539772033691,14.093700408935549,16.626800537109375,4.153355704697986,4.3,4.3100000000000005,3.3540136304533608,3.2700000214451093,4,0.0,0,0.0,0,0.0,268,3769.9503297805786,26,357.89820194244385,0,0.0,8.0,9.0,9.0,0.0124999999999999,0.0124999999999999,0.025,0.023819302304342
dynamic,model_dynamic/summary_timeseries.csv,20,10.3,298,119200.0,1164.5385483330642,13.808223341276932,1165 ± 13.81,1139.210385799408,1208.4531905870606,1.947756016507293,1.869118467962316,1.948 ± 1.869,0.0,9.441258401372927,0.3191733738452433,0.164645540750891,0.3192 ± 0.1646,0.0380596993056167,0.9785796749554676,419.4194630872484,63.29006853804671,419.4 ± 63.29,0.0,436.0,76.62627861483786,1.4900512790035352,76.63 ± 1.49,74.3841323852539,84.90442657470703,69.24280478765263,1,2,1,4,1:294; 4:4,4,0,0.0,model_dynamic,True,mckenzie2003,13.976649223558054,14.257200241088867,13.027139806747437,14.257200241088867,16.79560089111328,4.194194630872484,4.36,4.36,3.354013659175629,3.270000055295612,4,0.0,0,0.0,0,0.0,268,3818.706063270569,26,346.33540534973145,0,0.0,8.0,9.0,9.0,0.0125,0.0125000000000014,0.025,0.0230252155453073
dynamic,model_dynamic/summary_timeseries.csv,20,10.2,298,119200.0,1164.5561202854487,13.805581173977217,1165 ± 13.81,1139.210385799408,1208.4349940617328,1.954388309399539,1.8773951972897829,1.954 ± 1.877,0.0,9.494584665544478,0.3188106079253905,0.1643382494483669,0.3188 ± 0.1643,0.0373603068334967,0.9772949618695832,421.0302013422819,59.34465164176929,421 ± 59.34,0.0,436.0,79.46343131353392,1.358166378328176,79.46 ± 1.358,77.01311492919922,88.26251220703125,69.22460826232486,1,3,1,4,1:294; 3:1; 4:3,3,0,0.0,model_dynamic,True,mckenzie2003,14.043643353635058,14.257200241088867,13.78674030303955,14.257200241088867,16.79560089111328,4.210302013422819,4.36,4.36,3.343610224538602,3.270000055295612,3,0.0,0,0.0,0,0.0,268,3819.033061027527,26,365.9584083557129,1,0.0142500000074505,8.0,9.0,9.0,0.0124999999999999,0.0124999999999999,0.025,0.0221228255176854
dynamic,model_dynamic/summary_timeseries.csv,20,10.1,298,119200.0,1164.5744716226716,13.802712959577384,1165 ± 13.8,1139.210385799408,1208.417212975605,1.9624223296494352,1.885120734556183,1.962 ± 1.885,0.0,9.548993397132127,0.318425652587905,0.1640264044656458,0.3184 ± 0.164,0.0367163903206584,0.9758680237069188,425.28859060402687,48.33750128936651,425.3 ± 48.34,0.0,437.0,76.74075040881266,1.1581931562098535,76.74 ± 1.158,74.14830780029297,85.39314270019531,69.20682717619707,1,2,1,4,1:296; 4:2,2,0,0.0,model_dynamic,True,mckenzie2003,14.202042453241027,14.289899826049805,14.069175291061402,15.107600212097168,16.837799072265625,4.252885906040268,4.37,4.37,3.356655367207021,3.269999960194464,2,0.0,0,0.0,0,0.0,269,3841.5632553100586,27,390.6453957557678,0,0.0,8.0,9.0,9.0,0.0124999999999999,0.0124999999999999,0.025,0.0228322307769191
dynamic,model_dynamic/summary_timeseries.csv,20,10.0,298,119200.0,1164.5916495465235,13.800234840025317,1165 ± 13.8,1139.210385799408,1208.3981735919403,1.9683675267316356,1.8940051102570592,1.968 ± 1.894,0.0,9.601407685794475,0.318078838927307,0.1637316530732226,0.3181 ± 0.1637,0.0360544653457709,0.9745502057244124,422.1912751677853,51.15400150707691,422.2 ± 51.15,0.0,435.0,73.79372303597879,1.261763007822118,73.79 ± 1.262,71.23036193847656,82.39282989501953,69.18778779253239,1,2,1,4,1:296; 4:2,2,0,0.0,model_dynamic,True,mckenzie2003,14.088359157511052,14.224499702453612,14.060999870300291,14.354329586029053,16.753400802612305,4.221912751677854,4.3500000000000005,4.3500000000000005,3.356655350872954,3.2699999315985315,2,0.0,0,0.0,0,0.0,269,3824.101422309876,27,374.229606628418,0,0.0,8.0,9.0,9.0,0.0124999999999999,0.0124999999999999,0.025,0.0237035541515605
dynamic,model_dynamic/summary_timeseries.csv,20,9.9,298,119200.0,1164.6083424759845,13.797864089126774,1165 ± 13.8,1139.210385799408,1208.3788297308613,1.973163039744075,1.9029835270843447,1.973 ± 1.903,0.0,9.651234479369103,0.3177535266169398,0.1634614000595565,0.3178 ± 0.1635,0.0353891571472251,0.9734001811478068,425.26510067114094,57.82529975801215,425.3 ± 57.83,0.0,440.0,76.77371412955675,1.3983778179270778,76.77 ± 1.398,74.35072326660156,85.46614837646484,69.16844393145334,1,3,1,4,1:295; 3:1; 4:2,2,0,0.0,model_dynamic,True,mckenzie2003,14.174536654478777,14.387999534606934,13.255020141601562,14.387999534606934,16.922199249267578,4.2526510067114085,4.4,4.4,3.3433613892023324,3.269999894228848,2,0.0,0,0.0,0,0.0,269,3868.082878112793,26,355.914794921875,1,0.0142500000074505,8.0,9.0,9.0,0.0124999999999999,0.0124999999999999,0.025,0.0227649885690872
dynamic,model_dynamic/summary_timeseries.csv,20,9.8,298,119200.0,1164.62605799224,13.795131144719168,1165 ± 13.8,1139.210385799408,1208.3601803021973,1.979776941180784,1.910967244168068,1.98 ± 1.911,0.0,9.701729078762709,0.31739345110018,0.1631784566975901,0.3174 ± 0.1632,0.0347813237339418,0.9720985333805658,426.1073825503356,53.12125434907158,426.1 ± 53.12,0.0,440.0,74.77575691274349,1.2208573219761525,74.78 ± 1.221,72.54483795166016,83.74226379394531,69.14979450278929,1,3,1,4,1:295; 3:1; 4:2,2,0,0.0,model_dynamic,True,mckenzie2003,14.21778700045066,14.355299949645996,14.08213996887207,14.387999534606934,16.922199249267578,4.261073825503355,4.39,4.3915,3.34336146773946,3.26999998852984,2,0.0,0,0.0,0,0.0,269,3859.907980918884,26,376.97259521484375,1,0.0199500005692243,8.0,9.0,9.0,0.0125,0.0125000000000014,0.025,0.0232922816239116
dynamic,model_dynamic/summary_timeseries.csv,20,9.7,298,119200.0,1164.643080503948,13.79269101368754,1165 ± 13.79,1139.210385799408,1208.3413545678654,1.985087478169927,1.9195845049071167,1.985 ± 1.92,0.0,9.750588044560264,0.3170589177107976,0.1629068122567978,0.3171 ± 0.1629,0.0341824746136321,0.9709035371974852,427.1107382550336,55.69455727621178,427.1 ± 55.69,0.0,441.0,79.36708163575038,1.292486474034878,79.37 ± 1.292,77.03068542480469,88.02965545654297,69.13096876845748,1,3,1,4,1:295; 3:1; 4:2,2,0,0.0,model_dynamic,True,mckenzie2003,14.204668013707128,14.420700073242188,13.47867980003357,14.420700073242188,16.964399337768555,4.271107382550335,4.41,4.41,3.33373312225596,3.270000016608205,2,0.0,0,0.0,0,0.0,272,3917.0676193237305,23,315.9091987609863,1,0.0142500000074505,8.0,9.0,9.0,0.0124999999999999,0.0124999999999999,0.025,0.0219396102278151
dynamic,model_dynamic/summary_timeseries.csv,20,9.6,298,119200.0,1164.661605890047,13.789736549457036,1165 ± 13.79,1139.210385799408,1208.3236802935014,1.9931093071641808,1.9268759352201736,1.993 ± 1.927,0.0,9.801000405427514,0.3166768732427394,0.1626156070641674,0.3167 ± 0.1626,0.0336671192430401,0.969487236279752,434.238255033557,45.84743023005824,434.2 ± 45.85,0.0,445.0,79.9777172523857,1.0135405506828683,79.98 ± 1.014,77.79872131347656,88.81470489501953,69.11329449409345,1,3,1,4,1:296; 3:1; 4:1,1,0,0.0,model_dynamic,True,mckenzie2003,14.470004263393356,14.55150032043457,14.384475088119506,14.596935224533077,17.090999603271484,4.342382550335572,4.45,4.45,3.336717224756232,3.2700000720077687,1,0.0,0,0.0,0,0.0,272,3953.560875892639,24,358.4889945983887,1,0.0114000001922249,8.0,9.0,9.0,0.0124999999999999,0.0124999999999999,0.025,0.0216669084022486
dynamic,model_dynamic/summary_timeseries.csv,20,9.5,298,119200.0,1164.6800138429423,13.786845939303198,1165 ± 13.79,1139.210385799408,1208.305880745855,2.0009187818572896,1.9345369361646323,2.001 ± 1.935,0.0,9.851330069488618,0.3162975580132101,0.1623262385729045,0.3163 ± 0.1623,0.0331837089314493,0.9680132083940954,425.63422818791946,42.321442154244274,425.6 ± 42.32,0.0,435.0,80.01807792714779,0.9492551911006164,80.02 ± 0.9493,77.48668670654297,89.06527709960938,69.0954949464467,1,3,1,4,1:296; 3:1; 4:1,1,0,0.0,model_dynamic,True,mckenzie2003,14.17869220993438,14.224499702453612,14.159099578857422,14.23036479949951,16.753400802612305,4.256342281879196,4.3500000000000005,4.3500000000000005,3.333518463746021,3.2699999315985315,1,0.0,0,0.0,0,0.0,273,3879.527921676636,23,345.70240688323975,1,0.0199500005692243,8.0,9.0,9.0,0.0124999999999999,0.0124999999999999,0.025,0.0215927205005033
dynamic,model_dynamic/summary_timeseries.csv,20,9.4,298,119200.0,1164.698354104774,13.784020979729748,1165 ± 13.78,1139.210385799408,1208.288141219995,2.008559174403289,1.9422106367214036,2.009 ± 1.942,0.0,9.90046496454872,0.3159245689850377,0.1620424165350377,0.3159 ± 0.162,0.032868940288162,0.9665417870887903,434.1744966442953,38.55341131567337,434.2 ± 38.55,0.0,443.0,77.56085320287103,0.8943342635559913,77.56 ± 0.8943,75.27314758300781,86.19078826904297,69.07775542058698,1,2,1,4,1:297; 4:1,1,0,0.0,model_dynamic,True,mckenzie2003,14.457417249679564,14.48610019683838,14.33567991256714,14.490705156326293,17.00659942626953,4.3417449664429535,4.43,4.43,3.3435690538678635,3.270000044433043,1,0.0,0,0.0,0,0.0,274,3964.253745079041,23,344.05659532547,0,0.0,8.0,9.0,9.0,0.0124999999999999,0.0124999999999999,0.025,0.0222643128330683
dynamic,model_dynamic/summary_timeseries.csv,20,9.3,298,119200.0,1164.715835435892,13.781450374669545,1165 ± 13.78,1139.210385799408,1208.2692929796965,2.014635557051537,1.950671535162984,2.015 ± 1.951,0.0,9.947733306409608,0.3155752555324573,0.1617701811760258,0.3156 ± 0.1618,0.0325031934454684,0.9651510114579906,434.5234899328859,45.94351417994621,434.5 ± 45.94,0.0,445.0,76.48057469105561,1.0370853391170272,76.48 ± 1.037,73.81294250488281,85.28910064697266,69.05890718028832,1,3,1,4,1:296; 3:1; 4:1,1,0,0.0,model_dynamic,True,mckenzie2003,14.454105923321071,14.55150032043457,13.967404794692992,14.55150032043457,17.090999603271484,4.34523489932886,4.45,4.45,3.3303199144410867,3.2700000720077687,1,0.0,0,0.0,0,0.0,274,3981.9444704055786,22,325.3619947433472,1,0.0171000007539987,8.0,9.0,9.0,0.0125,0.0125000000000014,0.025,0.0224364563785285
dynamic,model_dynamic/summary_timeseries.csv,20,9.2,298,119200.0,1164.7330907963849,13.77894965177733,1165 ± 13.78,1139.210385799408,1208.2502703756024,2.02026288446737,1.9590950620064325,2.02 ± 1.959,0.0,9.993660913041271,0.3152333182537971,0.1615033270046678,0.3152 ± 0.1615,0.0321379861255878,0.963810341588712,437.63422818791946,48.90578296024552,437.6 ± 48.91,0.0,449.0,77.16349912809845,1.1090735783142922,77.16 ± 1.109,74.95236206054688,85.85862731933594,69.03988457619448,1,2,1,4,1:296; 4:2,2,0,0.0,model_dynamic,True,mckenzie2003,14.550848660053022,14.682299613952637,14.046284914016724,14.682299613952637,17.217599868774414,4.376342281879196,4.49,4.49,3.340608034002274,3.2699999140206315,2,0.0,0,0.0,0,0.0,274,4018.1758995056152,22,317.97700119018555,0,0.0,8.0,9.0,9.0,0.0124999999999999,0.0124999999999999,0.025,0.0219284896331969
dynamic,model_dynamic/summary_timeseries.csv,20,9.1,298,119200.0,1164.7506748551136,13.77632190182959,1165 ± 13.78,1139.210385799408,1208.2314196927175,2.026418391306836,1.9671556165636583,2.026 ± 1.967,0.0,10.039177821865714,0.3148809762340475,0.1612362861588362,0.3149 ± 0.1612,0.0318055379899335,0.9624283286296208,437.6140939597315,48.25438119711001,437.6 ± 48.25,0.0,449.0,78.14811253387656,1.096683860064043,78.15 ± 1.097,75.42170715332031,87.15314483642578,69.02103389330955,1,2,1,4,1:296; 4:2,2,0,0.0,model_dynamic,True,mckenzie2003,14.5638983553688,14.682299613952637,14.156565189361572,14.682299613952637,17.25979995727539,4.376140939597317,4.49,4.49,3.343817499768109,3.2699999140206315,2,0.0,0,0.0,0,0.0,273,4003.918709754944,23,336.1230001449585,0,0.0,8.0,9.0,9.0,0.0124999999999999,0.0124999999999999,0.025,0.0223878467522566
dynamic,model_dynamic/summary_timeseries.csv,20,9.0,298,119200.0,1164.7683450444592,13.773719952817409,1165 ± 13.77,1139.210385799408,1208.2129847430188,2.0328592435246446,1.975049800434214,2.033 ± 1.975,0.0,10.08444969299988,0.314528532208463,0.1609691814303018,0.3145 ± 0.161,0.0315139297253879,0.960995746262352,433.7013422818792,45.68422471116288,433.7 ± 45.68,0.0,445.0,79.4001771299631,0.9956345854708104,79.4 ± 0.9956,76.87419891357422,88.2214126586914,69.00259894361079,1,2,1,4,1:296; 4:2,2,0,0.0,model_dynamic,True,mckenzie2003,14.439617646620578,14.518799781799316,14.27329487800598,14.55150032043457,17.090999603271484,4.337013422818792,4.44,4.45,3.343817536059403,3.2699999508557016,2,0.0,0,0.0,0,0.0,273,3962.030062675476,23,340.97599601745605,0,0.0,8.0,9.0,9.0,0.0124999999999999,0.0124999999999999,0.025,0.0219638713123019
dynamic,model_dynamic/summary_timeseries.csv,20,8.9,298,119200.0,1164.786448923924,13.77095226929395,1165 ± 13.77,1139.210385799408,1208.1950658605722,2.03997434787024,1.9826003390380968,2.04 ± 1.983,0.0,10.129520054581349,0.3141666559573309,0.1607042188570298,0.3142 ± 0.1607,0.0312689147749164,0.959508583354666,423.751677852349,42.238203712865314,423.8 ± 42.24,0.0,433.0,74.93024915656787,0.9153921591311002,74.93 ± 0.9154,72.33517456054688,83.56932067871094,68.98468006116423,1,3,1,4,1:296; 3:1; 4:1,1,0,0.0,model_dynamic,True,mckenzie2003,14.11522446910932,14.159099578857422,14.154194641113282,14.25938019752502,16.66900062561035,4.2375167785234895,4.33,4.33,3.333518434825263,3.2699999027384345,1,0.0,0,0.0,0,0.0,273,3863.275986671448,23,343.0438051223755,1,0.0171000007539987,8.0,9.0,9.0,0.0124999999999999,0.0124999999999999,0.025,0.0232505408643836
dynamic,model_dynamic/summary_timeseries.csv,20,8.8,298,119200.0,1164.8030028945925,13.7688143239542,1165 ± 13.77,1139.210385799408,1208.176578002482,2.0443763358899067,1.9913266431610488,2.044 ± 1.991,0.0,10.17161046378207,0.3138616714045211,0.1604661988406112,0.3139 ± 0.1605,0.0310089999433818,0.9582600998225024,419.2080536912752,49.561198717944,419.2 ± 49.56,0.0,431.0,75.13020245340847,1.1317210687935235,75.13 ± 1.132,73.25354766845703,83.49333190917969,68.96619220307412,1,2,1,4,1:296; 4:2,2,0,0.0,model_dynamic,True,mckenzie2003,13.941969508292692,14.093700408935549,13.59829502105713,14.093700408935549,16.5846004486084,4.192080536912752,4.3100000000000005,4.3100000000000005,3.3438176576414147,3.270000094880637,2,0.0,0,0.0,0,0.0,273,3845.127709388733,23,309.579204082489,0,0.0,8.0,9.0,9.0,0.0125,0.0125000000000014,0.025,0.0225405532676469
dynamic,model_dynamic/summary_timeseries.csv,20,8.7,298,119200.0,1164.8197860636194,13.766552804143029,1165 ± 13.77,1139.210385799408,1208.1585127594362,2.049193699368107,1.999423610606496,2.049 ± 1.999,0.0,10.212949220655004,0.3135520560926476,0.1602264266316304,0.3136 ± 0.1602,0.0307941106147385,0.9570199496581576,429.8422818791946,55.08540005746544,429.8 ± 55.09,0.0,443.0,77.63945537285517,1.1755490040855772,77.64 ± 1.176,75.72264862060547,86.1727066040039,68.94812696002828,1,3,1,4,1:295; 3:1; 4:2,2,0,0.0,model_dynamic,True,mckenzie2003,14.285751174866602,14.48610019683838,13.805940341949464,14.48610019683838,17.048799514770508,4.298422818791946,4.43,4.43,3.3305236876567377,3.270000044433043,2,0.0,0,0.0,0,0.0,273,3951.729651451111,22,305.40139865875244,1,0.0228000003844499,8.0,9.0,9.0,0.0124999999999999,0.0124999999999999,0.025,0.021033176924362
dynamic,model_dynamic/summary_timeseries.csv,20,8.6,298,119200.0,1164.837373239615,13.763980646217506,1165 ± 13.76,1139.210385799408,1208.1407495767266,2.055451952619881,2.006831583059904,2.055 ± 2.007,0.0,10.254921901252008,0.3132134827033802,0.1599774431406064,0.3132 ± 0.16,0.0306451050385691,0.9556301055457648,427.8087248322148,48.25811811649683,427.8 ± 48.26,0.0,440.0,78.52999537423153,1.0644694523269032,78.53 ± 1.064,76.74615478515625,86.90135955810547,68.93036377731869,1,2,1,4,1:296; 4:2,2,0,0.0,model_dynamic,True,mckenzie2003,14.233762961906075,14.355299949645996,14.029334926605223,14.387999534606934,16.8799991607666,4.278087248322147,4.39,4.4,3.343817538521453,3.26999998852984,2,0.0,0,0.0,0,0.0,273,3918.113967895508,23,323.54739475250244,0,0.0,8.0,9.0,9.0,0.0124999999999999,0.0124999999999999,0.025,0.0198731594661849
dynamic,model_dynamic/summary_timeseries.csv,20,8.5,298,119200.0,1164.8550254113725,13.76146758464176,1165 ± 13.76,1139.210385799408,1208.1234465883315,2.0618856181049257,2.0141735288874503,2.062 ± 2.014,0.0,10.296664716493773,0.3128775104152439,0.1597332990724156,0.3129 ± 0.1597,0.0305480066992817,0.9542005645568185,430.4496644295302,45.93889087165976,430.4 ± 45.94,0.0,441.0,79.67915638661225,0.9963324310760112,79.68 ± 0.9963,77.3189697265625,88.12723541259766,68.91306078892376,1,2,1,4,1:296; 4:2,2,0,0.0,model_dynamic,True,mckenzie2003,14.32923931403448,14.420700073242188,14.30341534614563,14.420700073242188,16.964399337768555,4.304496644295302,4.41,4.41,3.3438175792365192,3.270000016608205,2,0.0,0,0.0,0,0.0,273,3934.496720314026,23,335.6165952682495,0,0.0,8.0,9.0,9.0,0.0124999999999999,0.0124999999999999,0.025,0.0197089055183161
dynamic,model_dynamic/summary_timeseries.csv,20,8.4,298,119200.0,1164.8728426330176,13.758904530456892,1165 ± 13.76,1139.210385799408,1208.1063235845154,2.068689050029,2.0213495677296587,2.069 ± 2.021,0.0,10.338304631119346,0.3125377026909429,0.1594893556372694,0.3125 ± 0.1595,0.0305033177321448,0.9527028734615994,436.7684563758389,46.82034145675672,436.8 ± 46.82,0.0,447.0,80.55606265996127,1.0412538997099732,80.56 ± 1.041,78.04740142822266,89.48392486572266,68.89593778510744,1,3,1,4,1:296; 3:1; 4:1,1,0,0.0,model_dynamic,True,mckenzie2003,14.529488474224388,14.616900444030762,14.55150032043457,14.68560028076172,17.175399780273438,4.367684563758389,4.47,4.47,3.3303199524623945,3.270000099335741,1,0.0,0,0.0,0,0.0,274,4001.662618637085,22,328.1049966812134,1,0.0199500005692243,8.0,9.0,9.0,0.0124999999999999,0.0124999999999999,0.025,0.0188446061211698
dynamic,model_dynamic/summary_timeseries.csv,20,8.3,298,119200.0,1164.890925350712,13.756208357627076,1165 ± 13.76,1139.210385799408,1208.089106246406,2.075917552093129,2.028343732151523,2.076 ± 2.028,0.0,10.379732618369346,0.3121873395784313,0.1592444728215807,0.3122 ± 0.1592,0.0305052602712095,0.9511392286542208,432.1912751677853,40.27123214706005,432.2 ± 40.27,0.0,441.0,78.61735253046022,0.9702051115474666,78.62 ± 0.9702,76.22513580322266,87.27998352050781,68.87872044699793,1,2,1,4,1:297; 4:1,1,0,0.0,model_dynamic,True,mckenzie2003,14.3759248688717,14.420700073242188,14.350395011901856,14.485755014419546,16.964399337768555,4.321912751677852,4.41,4.41,3.340370377900527,3.270000016608205,1,0.0,0,0.0,0,0.0,275,3961.997417449951,22,322.0281934738159,0,0.0,8.0,9.0,9.0,0.0125,0.0125000000000014,0.025,0.0192822051195169
dynamic,model_dynamic/summary_timeseries.csv,20,8.2,298,119200.0,1164.9082556197916,13.753841979008763,1165 ± 13.75,1139.210385799408,1208.0714433045907,2.0818133636790828,2.0359084744352907,2.082 ± 2.036,0.0,10.419564143777851,0.3118660625303582,0.1590163022598202,0.3119 ± 0.159,0.0305240327221576,0.9496647400897412,431.1275167785235,46.376745588899446,431.1 ± 46.38,0.0,441.0,80.01279062872766,1.0410572840517374,80.01 ± 1.041,77.87386322021484,88.71418762207031,68.86105750518277,1,3,1,4,1:296; 3:1; 4:1,1,0,0.0,model_dynamic,True,mckenzie2003,14.329763800187049,14.420700073242188,14.355299949645996,14.428785037994384,16.964399337768555,4.311275167785235,4.41,4.41,3.3271212212823853,3.270000016608205,1,0.0,0,0.0,0,0.0,275,3962.48791885376,21,307.7645936012268,1,0.0171000007539987,8.0,9.0,9.0,0.0124999999999999,0.0124999999999999,0.025,0.0188401163634843
dynamic,model_dynamic/summary_timeseries.csv,20,8.1,298,119200.0,1164.926035182733,13.751320856653088,1165 ± 13.75,1139.210385799408,1208.0541564562086,2.088520186334778,2.042929093094271,2.089 ± 2.043,0.0,10.45929326009232,0.3115290489685977,0.1587826044841055,0.3115 ± 0.1588,0.0305989173469241,0.9481224398151746,430.8322147651007,44.07511932391066,430.8 ± 44.08,0.0,441.0,79.64927117776551,0.9672651539549652,79.65 ± 0.9673,77.26141357421875,88.23934173583984,68.84377065680064,1,3,1,4,1:296; 3:1; 4:1,1,0,0.0,model_dynamic,True,mckenzie2003,14.32520309420015,14.387999534606934,14.32260036468506,14.4794250011444,16.922199249267578,4.308322147651007,4.4,4.4,3.3271211131972525,3.269999894228848,1,0.0,0,0.0,0,0.0,275,3954.247381210327,21,314.6431908607483,1,0.0199500005692243,8.0,9.0,9.0,0.0124999999999999,0.0124999999999999,0.025,0.0188900656222885
dynamic,model_dynamic/summary_timeseries.csv,20,8.0,298,119200.0,1164.943366939112,13.748969154829606,1165 ± 13.75,1139.210385799408,1208.036741388438,2.0946033919741183,2.0502226290338124,2.095 ± 2.05,0.0,10.49820016223749,0.3111950363966026,0.1585484819991124,0.3112 ± 0.1585,0.0307093140848872,0.9465883876826088,440.238255033557,45.48722380890042,440.2 ± 45.49,0.0,450.0,80.61976249746029,0.9985216237168196,80.62 ± 0.9985,78.08997344970703,89.3182601928711,68.82635558903007,1,3,1,4,1:296; 3:1; 4:1,1,0,0.0,model_dynamic,True,mckenzie2003,14.637020975445092,14.71500015258789,14.6496000289917,14.761230134963984,17.302000045776367,4.402382550335571,4.5,4.5,3.3271212124996508,3.27000003390842,1,0.0,0,0.0,0,0.0,275,4041.556500434876,21,320.2558002471924,1,0.0199500005692243,8.0,9.0,9.0,0.0124999999999999,0.0124999999999999,0.025,0.0186040876408151
dynamic,model_dynamic/summary_timeseries.csv,20,7.9,298,119200.0,1164.9609876204156,13.746521016338429,1165 ± 13.75,1139.210385799408,1208.0192090635103,2.101190845737347,2.057267980044761,2.101 ± 2.057,0.0,10.536999599170864,0.3108494163339438,0.1583122822313067,0.3108 ± 0.1583,0.0308670117531573,0.944978648879131,441.5134228187919,39.57612858853332,441.5 ± 39.58,0.0,450.0,82.72330835841646,0.935539567109319,82.72 ± 0.9355,80.27069854736328,91.39147186279295,68.80882326410256,1,2,1,4,1:297; 4:1,1,0,0.0,model_dynamic,True,mckenzie2003,14.689525938674109,14.71500015258789,14.6496000289917,14.818200111389144,17.25979995727539,4.415134228187919,4.5,4.5,3.340370392424852,3.27000003390842,1,0.0,0,0.0,0,0.0,275,4043.845531463623,22,333.633198261261,0,0.0,8.0,9.0,9.0,0.0125,0.0125000000000005,0.025,0.018286105985182
dynamic,model_dynamic/summary_timeseries.csv,20,7.8,298,119200.0,1164.979094862657,13.743975867840078,1165 ± 13.74,1139.210385799408,1208.002209753481,2.1087401435649533,2.063833381904276,2.109 ± 2.064,0.0043396295770702,10.57596575507996,0.310492819302173,0.1580747003503093,0.3105 ± 0.1581,0.0310863995799755,0.9432665087292772,439.6577181208054,40.55376277646675,439.7 ± 40.55,7.0,448.0,83.20286882643731,0.8784276397822162,83.2 ± 0.8784,80.82853698730469,91.9581069946289,68.79182395407315,1,2,1,3,1:296; 3:2,0,0,0.0,model_dynamic,True,mckenzie2003,14.618479631491155,14.616900444030762,14.611995363235474,14.787930059432965,17.217599868774414,4.396577181208053,4.47,4.48,3.313724892219694,3.270000099335741,0,0.0,0,0.0,0,0.0,276,4034.3625831604,20,321.90159702301025,2,0.0427500009536743,8.0,9.0,9.0,0.0124999999999999,0.0124999999999999,0.025,0.0179724955232272
dynamic,model_dynamic/summary_timeseries.csv,20,7.7,298,119200.0,1164.997277642803,13.741397118564288,1165 ± 13.74,1139.210385799408,1207.985119278121,2.116383886403026,2.070318434581782,2.116 ± 2.07,0.0038617575800179,10.614406000996416,0.3101360436763659,0.1578374266626692,0.3101 ± 0.1578,0.0313458942925223,0.9415220713599028,441.17785234899327,34.8996439389494,441.2 ± 34.9,6.0,448.0,80.75172603530372,0.8312538728744833,80.75 ± 0.8313,78.3826904296875,89.61796569824219,68.77473347871296,1,2,1,3,1:297; 3:1,0,0,0.0,model_dynamic,True,mckenzie2003,14.664243637796666,14.6496000289917,14.64469509124756,14.717250204086298,17.217599868774414,4.411778523489934,4.48,4.48,3.3237416135324405,3.270000006471361,0,0.0,0,0.0,0,0.0,277,4054.440307617188,20,315.4871964454651,1,0.0171000007539987,8.0,9.0,9.0,0.0125,0.0125000000000005,0.025,0.0184002628013836
dynamic,model_dynamic/summary_timeseries.csv,20,7.6,298,119200.0,1165.0148511516618,13.738913107058767,1165 ± 13.74,1139.210385799408,1207.9669992050174,2.1226960318563632,2.077291548917865,2.123 ± 2.077,0.0,10.651233966416433,0.3097846875827122,0.157604590652643,0.3098 ± 0.1576,0.0316132923413552,0.9398609633287442,439.63758389261744,42.19031899596419,439.6 ± 42.19,0.0,448.0,83.09057862966652,0.9214983203896736,83.09 ± 0.9215,81.08563232421875,91.74322509765624,68.75661340560941,1,3,1,4,1:296; 3:1; 4:1,1,0,0.0,model_dynamic,True,mckenzie2003,14.57675612204702,14.616900444030762,14.55150032043457,14.6496000289917,17.217599868774414,4.396375838926174,4.47,4.48,3.3143266547700065,3.270000099335741,1,0.0,0,0.0,0,0.0,279,4077.101477622986,17,266.7461967468262,1,0.0256500001996755,8.0,9.0,9.0,0.0124999999999999,0.0124999999999999,0.025,0.0138449328040475
dynamic,model_dynamic/summary_timeseries.csv,20,7.5,298,119200.0,1165.033209990644,13.73619124753026,1165 ± 13.74,1139.210385799408,1207.9495628588672,2.1304063778008824,2.0834378279432437,2.13 ± 2.083,0.0,10.688298668627931,0.3094133293721882,0.157362076302198,0.3094 ± 0.1574,0.0319412611231572,0.938097150386066,439.63422818791946,34.64465495602108,439.6 ± 34.64,0.0,446.0,81.27847666388391,0.8086878591508065,81.28 ± 0.8087,79.45454406738281,90.11034393310548,68.73917705945928,1,2,1,4,1:297; 4:1,1,0,0.0,model_dynamic,True,mckenzie2003,14.549398227025998,14.584199905395508,14.55150032043457,14.584199905395508,17.090999603271484,4.396342281879194,4.46,4.46,3.3179797762826384,3.2699999787882303,1,0.0,0,0.0,0,0.0,282,4106.237075805664,15,229.4835958480835,0,0.0,8.0,9.0,9.0,0.0124999999999999,0.0124999999999999,0.025,0.0140330393752822
dynamic,model_dynamic/summary_timeseries.csv,20,7.4,298,119200.0,1165.050889465884,13.733676859129057,1165 ± 13.73,1139.210385799408,1207.9314829629773,2.1368624062788517,2.090155047848363,2.137 ± 2.09,0.0,10.723979133426113,0.3090617574091145,0.1571313996568483,0.3091 ± 0.1571,0.0322838940979167,0.9364119472346444,443.244966442953,37.50002762637302,443.2 ± 37.5,0.0,450.0,82.1888438231193,0.869808711701755,82.19 ± 0.8698,80.28538513183594,90.63778686523438,68.72109716356931,1,2,1,4,1:297; 4:1,1,0,0.0,model_dynamic,True,mckenzie2003,14.651498119303044,14.71500015258789,14.662679719924927,14.71500015258789,17.25979995727539,4.43244966442953,4.5,4.5,3.314781174437976,3.27000003390842,1,0.0,0,0.0,0,0.0,283,4157.805040359497,14,208.3413991928101,0,0.0,8.0,9.0,9.0,0.0125,0.0125000000000005,0.025,0.0136314101719578
dynamic,model_dynamic/summary_timeseries.csv,20,7.3,298,119200.0,1165.0688573100254,13.731093481992348,1165 ± 13.73,1139.210385799408,1207.9174962593845,2.143819262139236,2.0965576963984707,2.144 ± 2.097,0.0,10.759440741131083,0.3087036694101985,0.1569007639466379,0.3087 ± 0.1569,0.0326700270292659,0.9346680777568148,445.6946308724832,35.99856500725919,445.7 ± 36,0.0,452.0,83.95051963857357,0.7916323263090693,83.95 ± 0.7916,82.09467315673828,92.09429931640624,68.70711045997655,1,2,1,4,1:297; 4:1,1,0,0.0,model_dynamic,True,mckenzie2003,14.735364014670353,14.780400276184082,14.72807984352112,14.780400276184082,17.344200134277344,4.456946308724833,4.5200000000000005,4.5200000000000005,3.314781201868441,3.2700000611026727,1,0.0,0,0.0,0,0.0,283,4177.817475318909,14,213.32100105285645,0,0.0,8.0,9.0,9.0,0.0124999999999999,0.0124999999999999,0.025,0.0140046841498001
dynamic,model_dynamic/summary_timeseries.csv,20,7.2,298,119200.0,1165.0871990700464,13.72836412711178,1165 ± 13.73,1139.210385799408,1207.9027868728597,2.1515210927306248,2.1025762326301,2.152 ± 2.103,0.0,10.794962410276764,0.3083366571837687,0.1566624933831747,0.3083 ± 0.1567,0.0331060806060601,0.932832213114422,447.2315436241611,33.382520819658644,447.2 ± 33.38,0.0,453.0,82.73378310747594,0.7224470436023482,82.73 ± 0.7224,80.91313171386719,91.0517807006836,68.69240107345149,1,2,1,4,1:297; 4:1,1,0,0.0,model_dynamic,True,mckenzie2003,14.777650919536615,14.81309986114502,14.73298478126526,14.81309986114502,17.344200134277344,4.472315436241611,4.53,4.53,3.311582472788996,3.2699999693476864,1,0.0,0,0.0,0,0.0,284,4200.968972206116,13,202.7710018157959,0,0.0,8.0,9.0,9.0,0.0125,0.0125000000000005,0.025,0.0139923952596875
dynamic,model_dynamic/summary_timeseries.csv,20,7.1,298,119200.0,1165.105072640603,13.725759262316924,1165 ± 13.73,1139.210385799408,1207.8865364895275,2.158323666345306,2.1090356571207343,2.158 ± 2.109,0.0,10.829432755213812,0.3079800244427493,0.15642839033484,0.308 ± 0.1564,0.0335604236886456,0.9310254021716232,448.006711409396,35.05594697115216,448 ± 35.06,0.0,454.0,84.67286124005413,0.7867708671299657,84.67 ± 0.7868,82.8685073852539,93.21929168701172,68.67615069011958,1,2,1,4,1:297; 4:1,1,0,0.0,model_dynamic,True,mckenzie2003,14.787155359383398,14.845800399780272,14.682299613952637,14.845800399780272,17.38640022277832,4.480067114093959,4.54,4.54,3.30838391018601,3.270000088057329,1,0.0,0,0.0,0,0.0,285,4224.774696350098,12,181.7976007461548,0,0.0,8.0,9.0,9.0,0.0124999999999999,0.0124999999999999,0.025,0.014392801586545
dynamic,model_dynamic/summary_timeseries.csv,20,7.0,298,119200.0,1165.1235178755378,13.723005183819806,1165 ± 13.72,1139.210385799408,1207.8703245992886,2.1661734713693432,2.1148506456181764,2.166 ± 2.115,0.0,10.86397813035892,0.3076078992578062,0.1561922984646934,0.3076 ± 0.1562,0.0340623264030351,0.929126366521575,448.9161073825503,32.043955899354,448.9 ± 32.04,0.0,454.0,83.52788991736085,0.6855621000225426,83.53 ± 0.6856,81.25459289550781,92.14097595214844,68.65993879988059,1,2,1,4,1:297; 4:1,1,0,0.0,model_dynamic,True,mckenzie2003,14.79645808431126,14.845800399780272,14.71500015258789,14.845800399780272,17.428600311279297,4.489161073825503,4.54,4.54,3.3019866129598983,3.270000088057329,1,0.0,0,0.0,0,0.0,287,4254.597108840942,10,154.74740028381348,0,0.0,8.0,9.0,9.0,0.0124999999999999,0.0124999999999999,0.025,0.0140654011074552
dynamic,model_dynamic/summary_timeseries.csv,20,6.9,298,119200.0,1165.141638361318,13.720233105058128,1165 ± 13.72,1139.210385799408,1207.8529894664025,2.1732784343333864,2.1209921553512148,2.173 ± 2.121,0.0,10.89758096398146,0.3072430245224384,0.1559567681923196,0.3072 ± 0.156,0.0345810820130673,0.9272555216521438,446.2684563758389,33.190346068004004,446.3 ± 33.19,0.0,452.0,83.27980102948695,0.7231413453501614,83.28 ± 0.7231,80.96328735351562,91.56623840332033,68.64260366699432,1,2,1,4,1:297; 4:1,1,0,0.0,model_dynamic,True,mckenzie2003,14.693429831690436,14.747699737548828,14.64469509124756,14.780400276184082,17.302000045776367,4.46268456375839,4.51,4.5200000000000005,3.29878787038332,3.2699999418068355,1,0.0,0,0.0,0,0.0,288,4245.669891357422,9,132.97219848632812,0,0.0,8.0,9.0,9.0,0.0125,0.0125000000000005,0.025,0.0138291341199562
dynamic,model_dynamic/summary_timeseries.csv,20,6.8,298,119200.0,1165.159667659202,13.71744436829176,1165 ± 13.72,1139.210385799408,1207.835481631785,2.180186879243961,2.127079452973787,2.18 ± 2.127,0.0,10.930469936124716,0.3068838582625843,0.1557281379575148,0.3069 ± 0.1557,0.0351236861626721,0.9253954492059384,446.83892617449663,33.34084040805443,446.8 ± 33.34,0.0,452.0,81.35192868533551,0.7166195586323928,81.35 ± 0.7166,78.98711395263672,89.55026245117188,68.62509583237693,1,2,1,4,1:297; 4:1,1,0,0.0,model_dynamic,True,mckenzie2003,14.711893158471025,14.780400276184082,14.6496000289917,14.780400276184082,17.302000045776367,4.468389261744967,4.5200000000000005,4.5200000000000005,3.298787924358521,3.2700000611026727,1,0.0,0,0.0,0,0.0,288,4251.42516040802,9,132.7190008163452,0,0.0,8.0,9.0,9.0,0.0124999999999999,0.0124999999999999,0.025,0.0141570995227476
dynamic,model_dynamic/summary_timeseries.csv,20,6.7,298,119200.0,1165.1770236869577,13.714880272112746,1165 ± 13.71,1139.210385799408,1207.8174072475094,2.1858897987825427,2.133640331208133,2.186 ± 2.134,0.0,10.962164416011555,0.3065453715599107,0.1555078017238544,0.3065 ± 0.1555,0.0356770280928954,0.9236115456680568,451.6006711409396,37.20411140707218,451.6 ± 37.2,0.0,458.0,84.7641383433502,0.837520874137024,84.76 ± 0.8375,82.73097229003906,93.25067901611328,68.60702144810148,1,2,1,4,1:297; 4:1,1,0,0.0,model_dynamic,True,mckenzie2003,14.86288386543325,14.943900108337402,14.780400276184082,14.97659969329834,17.555200576782227,4.516006711409396,4.57,4.58,3.298787872836213,3.270000023706215,1,0.0,0,0.0,0,0.0,288,4302.665990829468,9,126.47340106964111,0,0.0,8.0,9.0,9.0,0.0125,0.0125000000000005,0.025,0.014376595596141
dynamic,model_dynamic/summary_timeseries.csv,20,6.6,298,119200.0,1165.1954263042696,13.711975972450336,1165 ± 13.71,1139.210385799408,1207.800197110619,2.1935117542938776,2.13917091507205,2.194 ± 2.139,0.0,10.994457361251158,0.3061803891781823,0.1552758253600576,0.3062 ± 0.1553,0.0357490558730266,0.921676491606778,451.46308724832215,31.556176283096107,451.5 ± 31.56,0.0,456.0,85.38412583114317,0.6583534793910738,85.38 ± 0.6584,82.88561248779297,93.79591369628906,68.58981131121095,1,2,1,4,1:297; 4:1,1,0,0.0,model_dynamic,True,mckenzie2003,14.868203310358444,14.911199569702148,14.77884030342102,14.911199569702148,17.470800399780273,4.514630872483223,4.5600000000000005,4.5600000000000005,3.298787795231485,3.2699999056364355,1,0.0,0,0.0,0,0.0,288,4291.253584861755,9,139.47100162506104,0,0.0,8.0,9.0,9.0,0.0124999999999999,0.0124999999999999,0.025,0.0170307151979602
dynamic,model_dynamic/summary_timeseries.csv,20,6.5,298,119200.0,1165.2140015038829,13.70896199229829,1165 ± 13.71,1139.210385799408,1207.7829257839585,2.2013057463276864,2.144715676209058,2.201 ± 2.145,0.0097601324241666,11.02641775888342,0.3058088346549574,0.1550433174685461,0.3058 ± 0.155,0.0352667865901625,0.919705568921402,455.0771812080537,24.94969602323297,455.1 ± 24.95,135.0,459.0,83.84102049449946,0.6279522567819621,83.84 ± 0.628,81.51143646240234,92.09820556640624,68.5725399845503,1,1,1,1,1:298,0,0,0.0,model_dynamic,True,mckenzie2003,14.993366313460688,15.009300231933594,14.878499984741213,15.009300231933594,17.597400665283203,4.550771812080537,4.59,4.59,3.3018792395668357,3.2700000505301947,0,0.0,0,0.0,0,0.0,288,4319.310359954834,10,148.71280145645142,0,0.0,8.0,9.0,9.0,0.0124999999999999,0.0124999999999999,0.025,0.0172975211739258
dynamic,model_dynamic/summary_timeseries.csv,20,6.4,298,119200.0,1165.2320618270908,13.706083516663892,1165 ± 13.71,1139.210385799408,1207.7649078186146,2.2081079918971,2.1507383933261224,2.208 ± 2.151,0.013226439713799,11.057738894853538,0.3054491492568098,0.1548192427420159,0.3054 ± 0.1548,0.0347780535574252,0.9177770294297064,450.0536912751678,25.134212955076432,450.1 ± 25.13,168.0,454.0,85.793316809123,0.6645972781658813,85.79 ± 0.6646,83.8321304321289,93.36691284179688,68.55452201920662,1,1,1,1,1:298,0,0,0.0,model_dynamic,True,mckenzie2003,14.826452375258375,14.845800399780272,14.747699737548828,14.845800399780272,17.428600311279297,4.500536912751677,4.54,4.54,3.301879274555581,3.270000088057329,0,0.0,0,0.0,0,0.0,288,4273.072607040405,10,145.21020078659058,0,0.0,8.0,9.0,9.0,0.0125,0.0125000000000005,0.025,0.0170102339302157
dynamic,model_dynamic/summary_timeseries.csv,20,6.3,298,119200.0,1165.2507087773351,13.703114865754324,1165 ± 13.7,1139.210385799408,1207.7475216265411,2.2159710472919807,2.1561891345675512,2.216 ± 2.156,0.0048813593933922,11.0890222306572,0.3050770426303666,0.1545913414141043,0.3051 ± 0.1546,0.0343026449120736,0.9157794446710248,454.6140939597315,30.121154732747623,454.6 ± 30.12,7.0,459.0,80.39048459865903,0.6029064814205517,80.39 ± 0.6029,78.30184173583984,88.58354949951172,68.53713582713317,1,2,1,3,1:297; 3:1,0,0,0.0,model_dynamic,True,mckenzie2003,14.961901216992748,15.009300231933594,14.911199569702148,15.009300231933594,17.597400665283203,4.546140939597316,4.59,4.59,3.2854865862490223,3.2700000505301947,0,0.0,0,0.0,0,0.0,289,4330.591812133789,8,128.03480052947998,1,0.0199500005692243,8.0,9.0,9.0,0.0124999999999999,0.0124999999999999,0.025,0.0178678062467064
dynamic,model_dynamic/summary_timeseries.csv,20,6.2,298,119200.0,1165.2678366256362,13.700533623555684,1165 ± 13.7,1139.210385799408,1207.7284577537312,2.220910032267017,2.163035460062852,2.221 ± 2.163,0.0,11.118210098142008,0.3047413486000166,0.1543858369202969,0.3047 ± 0.1544,0.0337992282004526,0.9139887774044316,454.4395973154362,38.88010363795663,454.4 ± 38.88,0.0,460.0,83.27264701280018,0.8663035434805797,83.27 ± 0.8663,81.3480453491211,91.47428131103516,68.5180719543232,1,2,1,4,1:297; 4:1,1,0,0.0,model_dynamic,True,mckenzie2003,14.956386076523954,15.041999816894531,14.97659969329834,15.041999816894531,17.597400665283203,4.544395973154364,4.6000000000000005,4.6000000000000005,3.2987878433200124,3.269999960194463,1,0.0,0,0.0,0,0.0,288,4329.643447875977,9,127.35960292816162,0,0.0,8.0,9.0,9.0,0.0125,0.0125000000000005,0.025,0.0136880122996324
dynamic,model_dynamic/summary_timeseries.csv,20,6.1,298,119200.0,1165.2858045080886,13.69768634662571,1165 ± 13.7,1139.210385799408,1207.7103170599078,2.227453371670063,2.168868290542009,2.227 ± 2.169,0.0,11.147711229723589,0.3043836734784989,0.1541696668805554,0.3044 ± 0.1542,0.0333143794552259,0.912082628611386,458.88926174496646,33.767331897587425,458.9 ± 33.77,0.0,464.0,87.37974881165779,0.7145222400309935,87.38 ± 0.7145,85.46099853515625,95.6073989868164,68.4999312604998,1,2,1,4,1:297; 4:1,1,0,0.0,model_dynamic,True,mckenzie2003,15.110848177199395,15.172800064086914,15.107399940490724,15.172800064086914,17.766199111938477,4.588892617449664,4.64,4.64,3.2987878475378225,3.2700000138118352,1,0.0,0,0.0,0,0.0,288,4363.814957618713,9,139.21779918670654,0,0.0,8.0,9.0,9.0,0.0124999999999999,0.0124999999999999,0.025,0.0164264798063259
dynamic,model_dynamic/summary_timeseries.csv,20,6.0,298,119200.0,1165.3046697755117,13.694323406258125,1165 ± 13.69,1139.210385799408,1207.6933710230378,2.2358642392331136,2.173732041892127,2.236 ± 2.174,0.0241809220948469,11.177921612317084,0.3039880201450201,0.1539362029308874,0.304 ± 0.1539,0.0328542704133546,0.910005944738072,465.1107382550336,17.594933838193757,465.1 ± 17.59,260.0,468.0,87.13609216677263,0.4361281662643832,87.14 ± 0.4361,84.98361206054688,92.3397445678711,68.48298522362984,1,1,1,1,1:298,0,0,0.0,model_dynamic,True,mckenzie2003,15.305364707972378,15.303600311279297,15.238200187683104,15.303600311279297,17.892799377441406,4.651107382550335,4.68,4.68,3.295503415230861,3.2700000665126705,0,0.0,0,0.0,0,0.0,290,4433.596883773804,8,127.40179920196532,0,0.0,8.0,9.0,9.0,0.0124999999999999,0.0124999999999999,0.025,0.0169850136495664
dynamic,model_dynamic/summary_timeseries.csv,20,5.9,298,119200.0,1165.3233065626644,13.690970748142066,1165 ± 13.69,1139.210385799408,1207.6757924967496,2.2438029447825185,2.1789602098657896,2.244 ± 2.179,0.0268970711458738,11.207656503631004,0.3035919172224695,0.1537040388727442,0.3036 ± 0.1537,0.0323949448136732,0.9079088135816968,460.244966442953,17.392731399518212,460.2 ± 17.39,274.0,463.0,88.3765962331887,0.4080768481187855,88.38 ± 0.4081,86.07049560546875,92.9201431274414,68.46540669734168,1,1,1,1,1:298,0,0,0.0,model_dynamic,True,mckenzie2003,15.14500997850559,15.14009952545166,15.107399940490724,15.14009952545166,17.724000930786133,4.60244966442953,4.63,4.63,3.2955032646728237,3.269999897505758,0,0.0,0,0.0,0,0.0,290,4387.456969261169,8,125.7560043334961,0,0.0,8.0,9.0,9.0,0.0125,0.0125000000000005,0.025,0.0168257356473445
dynamic,model_dynamic/summary_timeseries.csv,20,5.8,298,119200.0,1165.342203651294,13.687578112128362,1165 ± 13.69,1139.210385799408,1207.6585056341244,2.2522387264524197,2.183872063316972,2.252 ± 2.184,0.0316377276549229,11.237188183044347,0.303193556125141,0.1534732732740902,0.3032 ± 0.1535,0.0319448589932577,0.905763987281304,462.3523489932886,14.805223474613184,462.4 ± 14.81,302.0,465.0,85.85768649722105,0.3037155339797897,85.86 ± 0.3037,84.00453186035156,89.04313659667969,68.44811983471641,1,1,1,1,1:298,0,0,0.0,model_dynamic,True,mckenzie2003,15.217332660751854,15.205499649047852,15.167894983291626,15.205499649047852,17.766199111938477,4.623523489932886,4.65,4.65,3.295503307024899,3.2699999245264197,0,0.0,0,0.0,0,0.0,290,4404.49373626709,8,130.2713966369629,0,0.0,8.0,9.0,9.0,0.0124999999999999,0.0124999999999999,0.025,0.0175044553583788
dynamic,model_dynamic/summary_timeseries.csv,20,5.7,298,119200.0,1165.3602624632313,13.68438631703704,1165 ± 13.68,1139.210385799408,1207.6399967321097,2.259040878180213,2.189631802441552,2.259 ± 2.19,0.0208900840571486,11.265536180105643,0.3028107198789183,0.1532517957021983,0.3028 ± 0.1533,0.031483973343317,0.9036873026265582,467.0704697986577,20.08100375628236,467.1 ± 20.08,238.0,470.0,87.56970796009038,0.5013877160581609,87.57 ± 0.5014,85.46466827392578,93.44890594482422,68.42961093270151,1,1,1,1,1:298,0,0,0.0,model_dynamic,True,mckenzie2003,15.36743964764896,15.369000434875488,15.336299896240234,15.369000434875488,17.97719955444336,4.670704697986577,4.7,4.7,3.2955034377298134,3.2700000925267,0,0.0,0,0.0,0,0.0,290,4454.753816604614,8,124.7431983947754,0,0.0,8.0,9.0,9.0,0.0125,0.0125000000000005,0.025,0.0166196043004079
dynamic,model_dynamic/summary_timeseries.csv,20,5.6,298,119200.0,1165.3789503492512,13.68119433261391,1165 ± 13.68,1139.210385799408,1207.6218275907272,2.2669001629033234,2.194833676492092,2.267 ± 2.195,0.0295050403345968,11.293914299727067,0.302417679099979,0.1530265675459151,0.3024 ± 0.153,0.0310344552463,0.9015313856157782,466.6107382550336,15.627677825578573,466.6 ± 15.63,294.0,469.0,88.5586966188162,0.3334824273181783,88.56 ± 0.3335,86.7509536743164,92.37448120117188,68.41144179131925,1,1,1,1,1:298,0,0,0.0,model_dynamic,True,mckenzie2003,15.35686902551843,15.336299896240234,15.303600311279297,15.336299896240234,17.97719955444336,4.666107382550336,4.69,4.69,3.2955033337709803,3.2699999778763824,0,0.0,0,0.0,0,0.0,290,4445.695771217346,8,130.651198387146,0,0.0,8.0,9.0,9.0,0.0124999999999999,0.0124999999999999,0.025,0.0167611513058729
dynamic,model_dynamic/summary_timeseries.csv,20,5.5,298,119200.0,1165.3978686272487,13.677967900085283,1165 ± 13.68,1139.210385799408,1207.6038766970676,2.275129711229247,2.199967128785875,2.275 ± 2.2,0.0316679543397449,11.32206070303964,0.3020165612568404,0.1528006134116822,0.302 ± 0.1528,0.0305929823751674,0.8993308299042367,464.7818791946309,14.579200748161906,464.8 ± 14.58,304.0,467.0,89.77575168993648,0.300889072442016,89.78 ± 0.3009,87.95818328857422,93.03824615478516,68.3934908976596,1,1,1,1,1:298,0,0,0.0,model_dynamic,True,mckenzie2003,15.2977346765915,15.270899772644045,15.265994834899905,15.270899772644045,17.892799377441406,4.647818791946309,4.67,4.67,3.2955033079731555,3.269999951315641,0,0.0,0,0.0,0,0.0,290,4427.187536239624,8,131.53739738464355,0,0.0,8.0,9.0,9.0,0.0124999999999999,0.0124999999999999,0.025,0.016587095356623
dynamic,model_dynamic/summary_timeseries.csv,20,5.4,298,119200.0,1165.417072683672,13.67468202911167,1165 ± 13.67,1139.210385799408,1207.5861136023036,2.283857883415774,2.204807098599017,2.284 ± 2.205,0.0358793971741408,11.350011678167288,0.301610870289868,0.152574525897996,0.3016 ± 0.1526,0.0301606907567734,0.8970777752494702,467.03691275167785,13.018390961273813,467 ± 13.02,325.0,470.0,91.27372908112189,0.2575146667418383,91.27 ± 0.2575,89.53955078125,93.31671905517578,68.37572780289565,1,1,1,1,1:298,0,0,0.0,model_dynamic,True,mckenzie2003,15.359997890139589,15.336299896240234,15.336299896240234,15.336299896240234,17.97719955444336,4.6703691275167785,4.69,4.69,3.292315415514972,3.2699999778763824,0,0.0,0,0.0,0,0.0,291,4460.933973312378,7,116.34539794921876,0,0.0,8.0,9.0,9.0,0.0125,0.0125000000000005,0.025,0.0164840484963499
dynamic,model_dynamic/summary_timeseries.csv,20,5.3,298,119200.0,1165.4367078530422,13.671222974061855,1165 ± 13.67,1139.210385799408,1207.568478422568,2.2933003577032487,2.2092764796065123,2.293 ± 2.209,0.0492237657490058,11.377897886253692,0.3011911632660846,0.1523419336466708,0.3012 ± 0.1523,0.0297387051727754,0.8947507264687523,469.4093959731544,9.828061059990928,469.4 ± 9.828,373.0,471.0,87.04055686285032,0.2877162698874397,87.04 ± 0.2877,84.8354721069336,89.15450286865234,68.35809262316002,1,1,1,1,1:298,0,0,0.0,model_dynamic,True,mckenzie2003,15.42753626036164,15.401700019836426,15.401700019836426,15.401700019836426,18.019399642944336,4.694093959731544,4.71,4.71,3.2891275207437447,3.270000004211556,0,0.0,0,0.0,0,0.0,292,4494.353405952454,6,103.05239963531494,0,0.0,8.0,9.0,9.0,0.0124999999999999,0.0124999999999999,0.025,0.0180832660195553
dynamic,model_dynamic/summary_timeseries.csv,20,5.2,298,119200.0,1165.454959065749,13.668199964811045,1165 ± 13.67,1139.210385799408,1207.5489024965752,2.300084191952053,2.2150935435835133,2.3 ± 2.215,0.0265296463159193,11.40391771795652,0.3008011869028679,0.1521255044520186,0.3008 ± 0.1521,0.0292977737057814,0.8925417374293186,465.8020134228188,16.204162899544908,465.8 ± 16.2,279.0,468.0,87.77967798629864,0.3559671561521695,87.78 ± 0.356,85.9977798461914,92.24488830566406,68.33851669716728,1,1,1,1,1:298,0,0,0.0,model_dynamic,True,mckenzie2003,15.302466056490903,15.303600311279297,15.29869523048401,15.303600311279297,17.934999465942383,4.658020134228188,4.68,4.68,3.289127577348172,3.2700000665126705,0,0.0,0,0.0,0,0.0,292,4466.49308681488,6,93.64179801940918,0,0.0,8.0,9.0,9.0,0.0125,0.0125000000000005,0.025,0.0165601088841852
dynamic,model_dynamic/summary_timeseries.csv,20,5.1,298,119200.0,1165.473563688974,13.66505904667402,1165 ± 13.67,1139.210385799408,1207.529745969022,2.3074175105709944,2.220448773480885,2.307 ± 2.22,0.0288131219741885,11.42959961427574,0.3004033315223595,0.1519062174182058,0.3004 ± 0.1519,0.0288637720912626,0.8903146765254295,463.9395973154362,14.986449444479472,463.9 ± 14.99,291.0,466.0,88.70785082106622,0.3002401837892517,88.71 ± 0.3002,86.93425750732422,92.51524353027344,68.31936016961413,1,1,1,1,1:298,0,0,0.0,model_dynamic,True,mckenzie2003,15.24233003270706,15.238200187683104,15.205499649047852,15.238200187683104,17.85059928894043,4.639395973154362,4.66,4.66,3.289127552526305,3.2700000402753444,0,0.0,0,0.0,0,0.0,292,4447.55975151062,6,94.65459823608398,0,0.0,8.0,9.0,9.0,0.0124999999999999,0.0124999999999999,0.025,0.016455894630753
dynamic,model_dynamic/summary_timeseries.csv,20,5.0,298,119200.0,1165.4924164262402,13.661819744631742,1165 ± 13.66,1139.210385799408,1207.5109921195226,2.315156112423236,2.225514662847792,2.315 ± 2.226,0.0404964094976338,11.455027530997995,0.3000010400499069,0.1516868169114488,0.3 ± 0.1517,0.0284377633273618,0.8880558900388988,470.48993288590606,11.915033338542658,470.5 ± 11.92,349.0,473.0,92.9583881045348,0.1911073711176988,92.96 ± 0.1911,91.20882415771484,93.7368621826172,68.30060632011464,1,1,1,1,1:298,0,0,0.0,model_dynamic,True,mckenzie2003,15.46063798866016,15.434399604797363,15.434399604797363,15.467100143432615,18.10379981994629,4.70489932885906,4.72,4.73,3.289127460431037,3.269999916270628,0,0.0,0,0.0,0,0.0,292,4507.171720504761,6,100.0984001159668,0,0.0,8.0,9.0,9.0,0.0124999999999999,0.0124999999999999,0.025,0.0164824084621452
dynamic,model_dynamic/summary_timeseries.csv,20,4.9,298,119200.0,1165.5124350475096,13.658285379458707,1166 ± 13.66,1139.210385799408,1207.4935489033262,2.325091064574204,2.2295241827501253,2.325 ± 2.23,0.0566460981059172,11.481095923083016,0.2995721492626774,0.1514559470940465,0.2996 ± 0.1515,0.0280361876312063,0.8856365533745335,475.744966442953,7.587657199518005,475.7 ± 7.588,401.0,477.0,87.2649118308253,0.269069336275852,87.26 ± 0.2691,85.01361083984375,89.27983093261719,68.28316310391824,1,1,1,1,1:298,0,0,0.0,model_dynamic,True,mckenzie2003,15.624221481732874,15.597900390625,15.565199851989746,15.597900390625,18.272600173950195,4.757449664429531,4.7700000000000005,4.7700000000000005,3.285939668534054,3.270000081892033,0,0.0,0,0.0,0,0.0,293,4566.849403381348,5,89.16859817504883,0,0.0,8.0,9.0,9.0,0.0125,0.0125000000000005,0.025,0.0177066987662113
dynamic,model_dynamic/summary_timeseries.csv,20,4.8,298,119200.0,1165.5307641789327,13.655252305255106,1166 ± 13.66,1139.210385799408,1207.4735360540851,2.331683860413078,2.235227603842989,2.332 ± 2.235,0.0351810863965864,11.505429425176969,0.2991785830335942,0.1512443236595356,0.2992 ± 0.1512,0.0276086137788552,0.8833705699741303,484.496644295302,16.88855065130404,484.5 ± 16.89,332.0,508.0,89.78269154593448,0.8880482780646578,89.78 ± 0.888,87.65247344970703,91.78467559814452,68.26315025467738,1,1,1,1,1:298,0,0,0.0,model_dynamic,True,mckenzie2003,15.583348047013253,15.76140022277832,14.528800010681152,15.794099807739258,18.48360061645508,4.84496644295302,4.82,5.08,3.222651019268069,3.270000046219568,0,0.0,46,668.324800491333,0,0.0,247,3893.687116622925,5,81.82580089569092,0,0.0,8.0,9.0,9.0,0.0124999999999999,0.0124999999999999,0.025,0.0164423405203042
dynamic,model_dynamic/summary_timeseries.csv,20,4.7,298,119200.0,1165.549880836654,13.651779591293016,1166 ± 13.65,1139.210385799408,1207.454187249716,2.339651062155026,2.240098087725259,2.34 ± 2.24,0.0442686640968221,11.52987904342196,0.2987641831162117,0.1510187295783314,0.2988 ± 0.151,0.0272083295640534,0.8810213419337786,498.7953020134228,18.530087398680763,498.8 ± 18.53,370.0,513.0,92.00804378842348,1.233828301002387,92.01 ± 1.234,88.98805236816406,93.1890640258789,68.24380145030818,1,1,1,1,1:298,0,0,0.0,model_dynamic,True,mckenzie2003,15.274066992254063,14.671799659729004,14.671799659729004,15.92490005493164,18.65239906311035,4.987953020134229,5.13,5.13,3.0708724599385837,2.859999933670371,0,0.0,154,2259.4571475982666,0,0.0,140,2225.4966173172,4,66.71819877624512,0,0.0,8.0,9.0,9.0,0.0125,0.0125000000000005,0.025,0.0168101908123263
dynamic,model_dynamic/summary_timeseries.csv,20,4.6,298,119200.0,1165.5695726731194,13.648133412364713,1166 ± 13.65,1139.210385799408,1207.435159120613,2.3486575350251213,2.244387946671421,2.349 ± 2.244,0.0489535567235508,11.554272088600891,0.2983370750116655,0.1507889583408269,0.2983 ± 0.1508,0.02681767749216,0.8785508581437804,483.9697986577181,11.12930833368844,484 ± 11.13,382.0,507.0,89.96551444546488,0.5768310677489102,89.97 ± 0.5768,87.8459243774414,92.14892578125,68.22477332120502,1,1,1,1,1:298,0,0,0.0,model_dynamic,True,mckenzie2003,15.758937218045228,15.826800346374512,14.500200271606444,15.826800346374512,18.52580070495605,4.839697986577181,4.84,5.07,3.259362478749808,3.270000071564982,0,0.0,17,246.5034046173096,0,0.0,277,4381.211487770081,4,68.44839859008789,0,0.0,8.0,9.0,9.0,0.0124999999999999,0.0124999999999999,0.025,0.0170490340922626
dynamic,model_dynamic/summary_timeseries.csv,20,4.5,298,119200.0,1165.5885688866404,13.64484213831158,1166 ± 13.64,1139.210385799408,1207.4157995941207,2.356324741715688,2.2494482822030792,2.356 ± 2.249,0.0458667193480256,11.57801804499252,0.2979264879109181,0.1505729945669471,0.2979 ± 0.1506,0.0264253116560464,0.8761680106975285,496.4865771812081,15.320561950713618,496.5 ± 15.32,375.0,507.0,90.28136254637032,1.1294613854915845,90.28 ± 1.129,87.21894073486328,91.28436279296876,68.20541379471274,1,1,1,1,1:298,0,0,0.0,model_dynamic,True,mckenzie2003,15.13554262634892,14.500200271606444,14.500200271606444,15.892200469970703,18.65239906311035,4.964865771812081,5.07,5.07,3.0557383245030167,2.860000053571291,0,0.0,165,2392.5330448150635,0,0.0,129,2049.8322591781616,4,68.02639865875244,0,0.0,8.0,9.0,9.0,0.0124999999999999,0.0124999999999999,0.025,0.0171126344199568
dynamic,model_dynamic/summary_timeseries.csv,20,4.4,298,119200.0,1165.607617396469,13.641793362133807,1166 ± 13.64,1139.210385799408,1207.396155012856,2.3641079302990136,2.254276698007774,2.364 ± 2.254,0.0431341134585453,11.60128960099629,0.2975259907270084,0.1503653290751696,0.2975 ± 0.1504,0.026019577581474,0.8738305360182149,482.6476510067114,10.874204955232589,482.6 ± 10.87,366.0,484.0,90.05035187894066,0.1512759926417126,90.05 ± 0.1513,88.31287384033203,90.21986389160156,68.18576921344811,1,1,1,1,1:298,0,0,0.0,model_dynamic,True,mckenzie2003,15.832852008358744,15.826800346374512,15.826800346374512,15.826800346374512,18.56800079345703,4.826476510067114,4.84,4.84,3.282751746112176,3.270000071564982,0,0.0,0,0.0,0,0.0,294,4651.640498161316,4,66.54940032958984,0,0.0,8.0,9.0,9.0,0.0125,0.0125000000000005,0.025,0.0168054713882881
dynamic,model_dynamic/summary_timeseries.csv,20,4.3,298,119200.0,1165.6265477530776,13.638491430540771,1166 ± 13.64,1139.210385799408,1207.3769869367777,2.371625557758509,2.2592601935344603,2.372 ± 2.259,0.046949152666565,11.624276706538533,0.2971183554566634,0.1501535334515897,0.2971 ± 0.1502,0.0256223359688656,0.8714243157141564,506.0436241610738,12.080606356996524,506 ± 12.08,381.0,508.0,92.4090425632144,0.442551241754186,92.41 ± 0.4426,88.4559097290039,92.49222564697266,68.16660113736953,2,2,1,2,1:13; 2:285,0,0,0.0,model_dynamic,True,mckenzie2003,14.553604167579804,14.500200271606444,14.500200271606444,14.528800010681152,18.736799240112305,5.060436241610738,5.07,5.08,2.879630900063132,2.860000053571291,0,0.0,293,4252.591242790222,0,0.0,1,15.892200469970703,4,68.49059867858887,0,0.0,8.0,9.0,9.0,0.0124999999999999,0.0124999999999999,0.025,0.0167578598490426
dynamic,model_dynamic/summary_timeseries.csv,20,4.2,298,119200.0,1165.6460735458495,13.635206337820328,1166 ± 13.64,1139.210385799408,1207.357814946774,2.3802207680651284,2.263537064358779,2.38 ± 2.264,0.0479479708081867,11.64697776897064,0.2967104064155302,0.149943884606142,0.2967 ± 0.1499,0.0252413737485666,0.8690353599086627,487.8557046979866,10.506117633306667,487.9 ± 10.51,383.0,508.0,87.80572307509864,0.5190091848734681,87.81 ± 0.519,85.49604034423828,89.87338256835938,68.14742914736598,1,2,1,2,1:286; 2:12,0,0,0.0,model_dynamic,True,mckenzie2003,15.900228525968206,15.957599639892578,15.40973987579346,15.957599639892578,18.694599151611328,4.878557046979866,4.88,4.909999999999996,3.262114025453707,3.2699999262074955,0,0.0,15,217.93200016021729,0,0.0,279,4451.254702568054,4,69.0813980102539,0,0.0,8.0,9.0,9.0,0.0125,0.0125000000000005,0.025,0.0172788976147222
dynamic,model_dynamic/summary_timeseries.csv,20,4.1,298,119200.0,1165.6641552133026,13.632268213760277,1166 ± 13.63,1139.210385799408,1207.3398270850214,2.386198674171153,2.269227497583473,2.386 ± 2.269,0.0321938304735647,11.668697774197144,0.2963259645051176,0.1497481390286176,0.2963 ± 0.1497,0.0248389478370404,0.8666878507551459,486.3691275167785,14.231710973222798,486.4 ± 14.23,322.0,488.0,87.59803152404376,0.2087754878331945,87.6 ± 0.2088,85.8326187133789,90.49237060546876,68.12944128561344,2,2,1,2,1:7; 2:291,0,0,0.0,model_dynamic,True,mckenzie2003,15.951833875387306,15.957599639892578,15.957599639892578,15.957599639892578,18.736799240112305,4.863691275167786,4.88,4.88,3.282751605324981,3.2699999262074955,0,0.0,0,0.0,0,0.0,294,4690.684096336365,4,62.962398529052734,0,0.0,8.0,9.0,9.0,0.0124999999999999,0.0124999999999999,0.025,0.016252418527283
dynamic,model_dynamic/summary_timeseries.csv,20,4.0,298,119200.0,1165.682313887574,13.629200013879318,1166 ± 13.63,1139.210385799408,1207.3198661316796,2.392224603730038,2.274726641701595,2.392 ± 2.275,0.0384338793225783,11.689964131039702,0.2959369387510391,0.1495488543591463,0.2959 ± 0.1495,0.024439291181472,0.8643581291077501,494.1006711409396,12.907905577405169,494.1 ± 12.91,356.0,516.0,88.6892531478165,0.1867400652476119,88.69 ± 0.1867,86.8619155883789,90.8801498413086,68.10948033227169,1,1,1,1,1:298,0,0,0.0,model_dynamic,True,mckenzie2003,16.199756337492257,16.219200134277344,16.186500549316406,16.219200134277344,18.989999771118164,4.941006711409396,4.96,4.96,3.281375898758174,3.270000027072045,0,0.0,1,14.75759983062744,0,0.0,293,4746.895589828491,4,65.87419891357422,0,0.0,8.0,9.0,9.0,0.0125,0.0125000000000001,0.025,0.0166037947766553
dynamic,model_dynamic/summary_timeseries.csv,20,3.9,298,119200.0,1165.700695782476,13.62613756708553,1166 ± 13.63,1139.210385799408,1207.3023215660166,2.398702927551889,2.280022858798381,2.399 ± 2.28,0.0343211800061544,11.711096922748432,0.2955460176302061,0.1493530227728587,0.2955 ± 0.1494,0.0240485748134766,0.8619821251038638,504.1409395973154,16.841750667911867,504.1 ± 16.84,339.0,516.0,86.83306828441236,1.063737072074534,86.83 ± 1.064,84.07972717285156,88.34367370605469,68.09193576660869,2,2,1,2,1:9; 2:289,0,0,0.0,model_dynamic,True,mckenzie2003,15.626298238767074,16.25189971923828,14.75759983062744,16.28459930419922,19.07439994812012,5.0414093959731545,4.98,5.16,3.106644211802257,3.2699998602809672,0,0.0,128,1888.9727783203125,0,0.0,166,2702.0008964538574,4,65.66320037841797,0,0.0,8.0,9.0,9.0,0.0125,0.0125000000000001,0.025,0.0165290204494884
dynamic,model_dynamic/summary_timeseries.csv,20,3.8,298,119200.0,1165.7185348167995,13.623285162517362,1166 ± 13.62,1139.210385799408,1207.28195851062,2.404185410534265,2.285566419824168,2.404 ± 2.286,0.0327639477542049,11.73130870083964,0.2951767662856214,0.1491682017220008,0.2952 ± 0.1492,0.0236480066710802,0.8597828900077161,499.748322147651,18.54308642680046,499.7 ± 18.54,327.0,513.0,88.21349641940738,1.0601683298146871,88.21 ± 1.06,85.47674560546875,90.17512512207033,68.07157271121218,2,2,1,2,1:11; 2:287,0,0,0.0,model_dynamic,True,mckenzie2003,15.563158377705005,16.153799057006836,14.671799659729004,16.153799057006836,18.863399505615234,4.99748322147651,4.94,5.13,3.121778386251872,3.269999809110695,0,0.0,117,1716.6005601882937,0,0.0,177,2858.764636993408,4,62.45599937438965,0,0.0,8.0,9.0,9.0,0.0124999999999999,0.0124999999999999,0.025,0.016503029548314
dynamic,model_dynamic/summary_timeseries.csv,20,3.7,298,119200.0,1165.7368309212172,13.620616117696674,1166 ± 13.62,1139.210385799408,1207.2644390642029,2.410472790902213,2.2906218859501486,2.41 ± 2.291,0.0304049288896916,11.751400356197417,0.2948042549013522,0.1489842392466588,0.2948 ± 0.149,0.0232592290552761,0.8574825921558888,506.4664429530201,18.606321040158107,506.5 ± 18.61,316.0,515.0,89.76684268208957,1.0443683476743857,89.77 ± 1.044,86.51886749267578,91.9564208984375,68.0540532647949,2,2,1,2,1:12; 2:286,0,0,0.0,model_dynamic,True,mckenzie2003,15.298281500003482,14.729000091552734,14.729000091552734,16.25189971923828,18.90559959411621,5.0646644295302,5.15,5.15,3.0282214673845806,2.86000001777723,0,0.0,185,2724.865016937256,0,0.0,109,1770.9338703155518,4,63.08899974822998,0,0.0,8.0,9.0,9.0,0.0125,0.0125000000000001,0.025,0.015764657811804
dynamic,model_dynamic/summary_timeseries.csv,20,3.6,298,119200.0,1165.755579216661,13.617814004226458,1166 ± 13.62,1139.210385799408,1207.2452174546552,2.417520742469585,2.295269018468492,2.418 ± 2.295,0.0353483689149181,11.77137317007547,0.2944191690009294,0.1487950509688842,0.2944 ± 0.1488,0.0228803012741298,0.8550713991360478,514.8590604026846,15.78038036570362,514.9 ± 15.78,342.0,517.0,90.3985756227634,0.4265017366114385,90.4 ± 0.4265,86.40274810791016,90.48553466796876,68.03483165524722,2,2,1,2,1:18; 2:280,0,0,0.0,model_dynamic,True,mckenzie2003,14.836734474105324,14.786199569702148,14.786199569702148,14.786199569702148,18.947799682617188,5.148590604026846,5.17,5.17,2.8865099845741224,2.8599999167702417,0,0.0,288,4258.425476074219,0,0.0,6,97.51139831542967,4,65.4099988937378,0,0.0,8.0,9.0,9.0,0.0125,0.0125000000000001,0.025,0.015963044375965
dynamic,model_dynamic/summary_timeseries.csv,20,3.5,298,119200.0,1165.7744566001536,13.614837466366833,1166 ± 13.61,1139.210385799408,1207.2281263711648,2.424744542762429,2.299680261238331,2.425 ± 2.3,0.0419073112881158,11.790993818697627,0.2940325208654245,0.1486034987184054,0.294 ± 0.1486,0.022518749932136,0.852648063851524,505.18791946308727,15.04774019356764,505.2 ± 15.05,373.0,520.0,89.81348216933692,0.996147673360842,89.81 ± 0.9961,87.24346923828125,91.34087371826172,68.0177405717568,2,2,1,2,1:11; 2:287,0,0,0.0,model_dynamic,True,mckenzie2003,15.91395736540724,16.382699966430664,14.84340000152588,16.382699966430664,19.07439994812012,5.051879194630873,5.01,5.19,3.156174493253848,3.269999993299534,0,0.0,92,1365.6213998794556,0,0.0,202,3308.8802947998047,4,67.85760021209717,0,0.0,8.0,9.0,9.0,0.0125,0.0125000000000001,0.025,0.0163849705433818
dynamic,model_dynamic/summary_timeseries.csv,20,3.4,298,119200.0,1165.7930504302224,13.612044479322453,1166 ± 13.61,1139.210385799408,1207.2111519060518,2.431547407880243,2.30445544665873,2.432 ± 2.304,0.0379824794953486,11.810402271025607,0.2936497156989778,0.1484168446667851,0.2936 ± 0.1484,0.0221583362965227,0.8502251466932879,504.72147651006713,15.79077576188706,504.7 ± 15.79,356.0,521.0,87.0503973992879,0.9818195907537892,87.05 ± 0.9818,84.61846923828125,88.6963119506836,68.00076610664382,2,2,1,2,1:11; 2:287,0,0,0.0,model_dynamic,True,mckenzie2003,16.003198748466954,16.382699966430664,14.90060043334961,16.382699966430664,19.15880012512207,5.04721476510067,5.01,5.21,3.1768120978880927,3.269999993299534,0,0.0,77,1147.34623336792,0,0.0,217,3554.4245929718018,4,67.18240070343018,0,0.0,8.0,9.0,9.0,0.0125,0.0125000000000001,0.025,0.0163034850032071
dynamic,model_dynamic/summary_timeseries.csv,20,3.3,298,119200.0,1165.8108994407453,13.60916898034064,1166 ± 13.61,1139.210385799408,1207.1932090001771,2.4368797208754964,2.309853991871995,2.437 ± 2.31,0.0355783318850551,11.82898474753578,0.2932751536799042,0.148230513647959,0.2933 ± 0.1482,0.0218040491774442,0.847809146021112,515.248322147651,15.724305146892718,515.2 ± 15.72,347.0,517.0,90.21438808569172,0.2615638099866074,90.21 ± 0.2616,86.33535766601562,90.24208068847656,67.98282320076919,2,2,1,2,1:5; 2:293,0,0,0.0,model_dynamic,True,mckenzie2003,14.80665729189879,14.786199569702148,14.786199569702148,14.786199569702148,19.116600036621094,5.152483221476511,5.17,5.17,2.878254951005032,2.8599999167702417,0,0.0,294,4347.142673492432,0,0.0,0,0.0,4,65.2411994934082,0,0.0,8.0,9.0,9.0,0.0124999999999999,0.0124999999999999,0.025,0.0162051852258115
dynamic,model_dynamic/summary_timeseries.csv,20,3.2,298,119200.0,1165.8295853006518,13.606285455124222,1166 ± 13.61,1139.210385799408,1207.1759768870047,2.4437651038265367,2.314277922256572,2.444 ± 2.314,0.0348516977804953,11.847499491682278,0.2928972489033999,0.1480479515538817,0.2929 ± 0.148,0.0214647798504551,0.8453905411842692,521.5604026845638,15.663557152085128,521.6 ± 15.66,346.0,524.0,90.01498515493918,0.2897310666767627,90.01 ± 0.2897,86.09673309326172,90.23741149902344,67.96559108759675,2,2,1,2,1:5; 2:293,0,0,0.0,model_dynamic,True,mckenzie2003,14.988460912000413,14.957799911499023,14.957799911499023,14.98639965057373,19.285400390625,5.215604026845639,5.23,5.24,2.878255002833102,2.859999983078207,0,0.0,294,4400.138550758362,0,0.0,0,0.0,4,66.42280101776123,0,0.0,8.0,9.0,9.0,0.0125,0.0125000000000001,0.025,0.0157722423758629
dynamic,model_dynamic/summary_timeseries.csv,20,3.1,298,119200.0,1165.848237669819,13.60336306390745,1166 ± 13.6,1139.210385799408,1207.1585284443631,2.450511468256249,2.318704610657471,2.451 ± 2.319,0.0412030156724721,11.865689407169931,0.2925152772211143,0.1478663266753827,0.2925 ± 0.1479,0.0211318497137518,0.8429606787216725,507.01006711409394,14.516245215732647,507 ± 14.52,373.0,524.0,89.76941435129051,0.8466123322799524,89.77 ± 0.8466,87.47920989990234,91.57159423828124,67.94814264495517,2,2,1,2,1:8; 2:290,0,0,0.0,model_dynamic,True,mckenzie2003,16.2486162057659,16.513500213623047,14.98639965057373,16.513500213623047,19.201000213623047,5.070100671140939,5.05,5.24,3.209832234798661,3.2700000423015934,0,0.0,53,794.2791814804077,0,0.0,241,3979.6554470062256,4,68.153000831604,0,0.0,8.0,9.0,9.0,0.0125,0.0125000000000001,0.025,0.0235287475359011
dynamic,model_dynamic/summary_timeseries.csv,20,3.0,298,119200.0,1165.8667769724489,13.60048927163754,1166 ± 13.6,1139.210385799408,1207.1415487482911,2.457118092015622,2.3232603805592937,2.457 ± 2.323,0.046689563421864,11.883795402812233,0.2921323947863856,0.1476893966812539,0.2921 ± 0.1477,0.0208027240244602,0.8414368180627593,526.5570469798657,12.678461655003346,526.6 ± 12.68,393.0,528.0,90.94264633383528,0.4371470258290398,90.94 ± 0.4371,86.74827575683594,90.99468994140624,67.93116294888318,2,2,1,2,1:11; 2:287,0,0,0.0,model_dynamic,True,mckenzie2003,15.13629352646386,15.100799560546877,15.100799560546877,15.100799560546877,19.327600479125977,5.265570469798658,5.28,5.28,2.8782549515077114,2.859999916770241,0,0.0,294,4439.635070800781,0,0.0,0,0.0,4,70.98040008544922,0,0.0,8.0,9.0,9.0,0.0125,0.0125000000000001,0.025,0.0231205851783319
dynamic,model_dynamic/summary_timeseries.csv,20,2.9,298,119200.0,1165.885232428673,13.597654215258244,1166 ± 13.6,1139.210385799408,1207.1242177779727,2.4637674084408827,2.3275828908424487,2.464 ± 2.328,0.0406895882841232,11.901513737581777,0.2917642189401873,0.1475169991099141,0.2918 ± 0.1475,0.02048776755056,0.8408320824357103,528.9429530201343,14.751183572277435,528.9 ± 14.75,374.0,531.0,93.16510590930912,0.349602439757283,93.17 ± 0.3496,89.07320404052734,93.22184753417967,67.91383197856476,2,2,1,2,1:11; 2:287,0,0,0.0,model_dynamic,True,mckenzie2003,15.202066280697816,15.186599731445312,15.157999992370604,15.186599731445312,19.496400833129883,5.289429530201343,5.3100000000000005,5.3100000000000005,2.878255002909029,2.859999949424729,0,0.0,294,4461.514151573181,0,0.0,0,0.0,4,68.70160007476807,0,0.0,8.0,9.0,9.0,0.0125,0.0125000000000001,0.025,0.0225506853152915
dynamic,model_dynamic/summary_timeseries.csv,20,2.8,298,119200.0,1165.9044586428802,13.594536765641775,1166 ± 13.59,1139.210385799408,1207.1075523588472,2.471686270590485,2.331243451440424,2.472 ± 2.331,0.05264175340197,11.919283171610322,0.2913751293146835,0.1473336516173181,0.2914 ± 0.1473,0.0201888321290146,0.8402453440099653,519.489932885906,12.716378198690853,519.5 ± 12.72,416.0,527.0,94.31584689761168,1.0894925113389449,94.32 ± 1.089,90.61116790771484,95.1542510986328,67.89716655943926,2,2,1,2,1:5; 2:293,0,0,0.0,model_dynamic,True,mckenzie2003,15.709077099025649,15.072199821472168,15.072199821472168,16.677000045776367,19.53860092163086,5.194899328859061,5.2700000000000005,5.2700000000000005,3.0295973002559258,2.859999966123751,0,0.0,184,2773.227567672729,0,0.0,110,1834.1430053710935,4,73.93440246582031,0,0.0,8.0,9.0,9.0,0.0124999999999999,0.0124999999999999,0.025,0.0220951908180316
dynamic,model_dynamic/summary_timeseries.csv,20,2.7,298,119200.0,1165.9238204426035,13.591210214426583,1166 ± 13.59,1139.210385799408,1207.0892667266935,2.4798924006376826,2.334813092487755,2.48 ± 2.335,0.0610136582253203,11.937111417581963,0.2909760417565025,0.1471458388840572,0.291 ± 0.1471,0.0198949207636832,0.8396489410165917,530.989932885906,8.40161573599754,531 ± 8.402,449.0,532.0,90.16976178572482,0.4749526562866171,90.17 ± 0.475,85.97502136230469,90.22809600830078,67.87888092728554,2,2,1,2,1:7; 2:291,0,0,0.0,model_dynamic,True,mckenzie2003,15.27014871891713,15.215200424194336,15.215200424194336,15.215200424194336,19.66519927978516,5.309899328859061,5.32,5.32,2.8782551081776395,2.8600000797357774,0,0.0,294,4472.9829177856445,0,0.0,0,0.0,4,77.52140045166016,0,0.0,8.0,9.0,9.0,0.0125,0.0125000000000001,0.025,0.0233164170251993
dynamic,model_dynamic/summary_timeseries.csv,20,2.6,298,119200.0,1165.9419440639192,13.588420849503336,1166 ± 13.59,1139.210385799408,1207.0713586303707,2.485785989635732,2.3394049353557222,2.486 ± 2.339,0.0494828609133498,11.95380091191126,0.2906125306302054,0.1469778013110926,0.2906 ± 0.147,0.0195942477547086,0.8390369261140933,526.2114093959732,10.737827697033833,526.2 ± 10.74,402.0,528.0,90.51464388034488,0.590073770535669,90.51 ± 0.5901,86.41646575927734,90.6488800048828,67.86097283096274,2,2,1,2,1:7; 2:291,0,0,0.0,model_dynamic,True,mckenzie2003,15.200408993151363,15.100799560546877,15.100799560546877,15.100799560546877,19.53860092163086,5.262114093959732,5.28,5.28,2.892013346568057,2.859999916770241,0,0.0,284,4288.6270751953125,0,0.0,10,166.4430046081543,4,74.65180015563965,0,0.0,8.0,9.0,9.0,0.0125,0.0125000000000001,0.025,0.0232204497410122
dynamic,model_dynamic/summary_timeseries.csv,20,2.5,298,119200.0,1165.960195029235,13.585640831730723,1166 ± 13.59,1139.210385799408,1207.0538317551911,2.4918819576633044,2.343823739970776,2.492 ± 2.344,0.0440521457455235,11.970218751591789,0.2902499970709657,0.1468123272105796,0.2902 ± 0.1468,0.0193013014357354,0.8384355743359403,523.771812080537,11.000988854496985,523.8 ± 11,388.0,525.0,89.69072907723036,0.4214678461137215,89.69 ± 0.4215,85.4261245727539,89.74279022216797,67.84344595578318,2,2,1,2,1:4; 2:294,0,0,0.0,model_dynamic,True,mckenzie2003,15.05914664428506,15.015000343322754,15.015000343322754,15.015000343322754,19.53860092163086,5.237718120805369,5.25,5.25,2.878255097558162,2.8600000653948103,0,0.0,294,4414.324298858643,0,0.0,0,0.0,4,73.30140113830566,0,0.0,8.0,9.0,9.0,0.0125,0.0125000000000001,0.025,0.0234384551478529
dynamic,model_dynamic/summary_timeseries.csv,20,2.4,298,119200.0,1165.9782806220126,13.582908212417564,1166 ± 13.58,1139.210385799408,1207.0362520630613,2.497592148367441,2.3483698332411715,2.498 ± 2.348,0.0410338948087236,11.986172215282584,0.2898916198491232,0.14664969768051,0.2899 ± 0.1466,0.0190104093062072,0.837833699941663,529.006711409396,14.008624689641698,529 ± 14.01,382.0,535.0,90.0063954295728,0.8700319083767426,90.01 ± 0.87,86.67117309570312,90.53460693359376,67.82586626365332,2,2,1,2,1:5; 2:293,0,0,0.0,model_dynamic,True,mckenzie2003,15.700023510312072,15.27239990234375,15.27239990234375,16.938600540161133,19.87619972229004,5.29006711409396,5.34,5.3500000000000005,2.9731879237235823,2.859999981712313,0,0.0,225,3437.0907707214355,0,0.0,69,1168.7634372711182,4,72.75279808044434,0,0.0,8.0,9.0,9.0,0.0125,0.0125000000000001,0.025,0.0232555454943147
dynamic,model_dynamic/summary_timeseries.csv,20,2.3,298,119200.0,1165.996380532868,13.580054817745296,1166 ± 13.58,1139.210385799408,1207.0188606845486,2.5034005280862672,2.3527714538043774,2.503 ± 2.353,0.0444690444038636,12.00199230112815,0.2895306419803413,0.1464858191420997,0.2895 ± 0.1465,0.0187289516014535,0.8372382108254858,530.5738255033557,12.00515491053434,530.6 ± 12.01,393.0,532.0,89.9797649255535,0.4324259725223963,89.98 ± 0.4324,86.06175231933594,90.04061889648438,67.80847488514064,2,2,1,2,1:5; 2:293,0,0,0.0,model_dynamic,True,mckenzie2003,15.267791684041889,15.215200424194336,15.215200424194336,15.215200424194336,19.79179954528809,5.305738255033558,5.32,5.32,2.881006788214931,2.8600000797357774,0,0.0,292,4442.838523864746,0,0.0,2,33.74639892578125,4,73.21699905395508,0,0.0,8.0,9.0,9.0,0.0124999999999999,0.0124999999999999,0.025,0.0233578031260342
dynamic,model_dynamic/summary_timeseries.csv,20,2.2,298,119200.0,1166.0144386476393,13.577337985392598,1166 ± 13.58,1139.210385799408,1207.0015178475542,2.509104050269581,2.357161427825329,2.509 ± 2.357,0.0422289999425916,12.017433608183865,0.289177133508303,0.1463280122229789,0.2892 ± 0.1463,0.0184508197022109,0.8366467720327141,526.6510067114094,12.094663626917333,526.7 ± 12.09,386.0,529.0,92.69934558228358,0.3526829313375415,92.7 ± 0.3527,89.05549621582031,92.78736114501952,67.79113204814621,2,2,1,2,1:4; 2:294,0,0,0.0,model_dynamic,True,mckenzie2003,15.147723063526538,15.100799560546877,15.100799560546877,15.100799560546877,19.707399368286133,5.266510067114094,5.28,5.28,2.8796307915732022,2.859999916770241,0,0.0,293,4424.648674011231,0,0.0,1,16.873199462890625,4,72.49959945678711,0,0.0,8.0,9.0,9.0,0.0125,0.0125000000000001,0.025,0.0226532076900766
dynamic,model_dynamic/summary_timeseries.csv,20,2.1,298,119200.0,1166.0332171073517,13.574410040623054,1166 ± 13.57,1139.210385799408,1206.983479894546,2.516135288809944,2.360780718248603,2.516 ± 2.361,0.0536735422433233,12.03296418878502,0.2888108767470804,0.1461648371244638,0.2888 ± 0.1462,0.018189547121005,0.8360820342434988,526.9127516778524,9.205654000810124,526.9 ± 9.206,424.0,528.0,88.59494049277082,0.4762782411778309,88.59 ± 0.4763,84.28883361816406,88.65716552734375,67.77309409513805,2,2,1,2,1:4; 2:294,0,0,0.0,model_dynamic,True,mckenzie2003,15.158983115381842,15.100799560546877,15.100799560546877,15.100799560546877,19.707399368286133,5.269127516778523,5.28,5.28,2.8796307885308017,2.859999916770241,0,0.0,293,4424.534271240234,0,0.0,1,16.840499877929688,4,76.002197265625,0,0.0,8.0,9.0,9.0,0.0125,0.0125000000000001,0.025,0.0237018001539491
dynamic,model_dynamic/summary_timeseries.csv,20,2.0,298,119200.0,1166.0508303034785,13.571872859554784,1166 ± 13.57,1139.210385799408,1206.9644935022795,2.5209985701991613,2.365465178393317,2.521 ± 2.365,0.0399194655625718,12.047620976036738,0.2884716614539283,0.1460173959385583,0.2885 ± 0.146,0.0179158026541003,0.8354907480342718,527.6342281879195,12.456788515062945,527.6 ± 12.46,377.0,529.0,87.44853133643234,0.358008426624542,87.45 ± 0.358,83.63082885742188,87.49568939208984,67.75410770287158,2,2,1,2,1:4; 2:294,0,0,0.0,model_dynamic,True,mckenzie2003,15.168470705915617,15.129400253295898,15.129400253295898,15.129400253295898,19.66519927978516,5.276342281879194,5.29,5.29,2.878255077958926,2.8600000478820222,0,0.0,294,4447.957872390747,0,0.0,0,0.0,4,72.24639797210693,0,0.0,8.0,9.0,9.0,0.0125,0.0125000000000001,0.025,0.02400370588484
dynamic,model_dynamic/summary_timeseries.csv,20,1.9,298,119200.0,1166.0681584697622,13.56945097835921,1166 ± 13.57,1139.210385799408,1206.9474856152628,2.525369045806197,2.370221607757688,2.525 ± 2.37,0.034066144836382,12.061831081508672,0.2881443168847167,0.1458770087187489,0.2881 ± 0.1459,0.017642482597924,0.834900603751219,537.2147651006711,16.188098933861053,537.2 ± 16.19,351.0,539.0,89.56946417789331,0.347893204647403,89.57 ± 0.3479,85.21234130859375,90.13501739501952,67.73709981585489,2,2,1,2,1:6; 2:292,0,0,0.0,model_dynamic,True,mckenzie2003,15.438457271396716,15.415399551391602,15.415399551391602,15.415399551391602,19.369800567626957,5.372147651006711,5.39,5.39,2.878254950347099,2.8599999167702417,0,0.0,294,4532.127468109131,0,0.0,0,0.0,4,68.53279876708984,0,0.0,8.0,9.0,9.0,0.0124999999999999,0.0124999999999999,0.025,0.0234237413438873
dynamic,model_dynamic/summary_timeseries.csv,20,1.8,298,119200.0,1166.086120862613,13.566833323061523,1166 ± 13.57,1139.210385799408,1206.9310886967162,2.5308453374456694,2.3744357559565943,2.531 ± 2.374,0.0425349515662085,12.076114828316266,0.2878006298285984,0.1457325297227182,0.2878 ± 0.1457,0.0173839651483241,0.8343275130720925,540.3355704697987,14.521038076605103,540.3 ± 14.52,390.0,542.0,89.64459842963507,0.3687250566852654,89.64 ± 0.3687,85.54851531982422,89.68750762939453,67.72070289730823,2,2,1,2,1:6; 2:292,0,0,0.0,model_dynamic,True,mckenzie2003,15.52994872419626,15.50119972229004,15.50119972229004,15.50119972229004,19.285400390625,5.403355704697987,5.42,5.42,2.878254984109924,2.859999948762,0,0.0,294,4557.324118614197,0,0.0,0,0.0,4,70.60060119628906,0,0.0,8.0,9.0,9.0,0.0125,0.0125000000000001,0.025,0.0233842213897974
dynamic,model_dynamic/summary_timeseries.csv,20,1.7,298,119200.0,1166.1040806085146,13.564243699217508,1166 ± 13.56,1139.210385799408,1206.9147683696517,2.536296449733568,2.3786715165123637,2.536 ± 2.379,0.0423574604535328,12.090155604251317,0.2874569763547328,0.1455925883394594,0.2875 ± 0.1456,0.0171308851051154,0.8337599687477736,537.3154362416108,14.67321316349071,537.3 ± 14.67,389.0,539.0,89.65993668729027,0.3448174524848293,89.66 ± 0.3448,85.42032623291016,89.7009048461914,67.70438257024375,2,2,1,2,1:6; 2:292,0,0,0.0,model_dynamic,True,mckenzie2003,15.44270559605336,15.415399551391602,15.415399551391602,15.415399551391602,18.989999771118164,5.373154362416107,5.39,5.39,2.878254951066304,2.8599999167702417,0,0.0,294,4532.127468109131,0,0.0,0,0.0,4,69.79879951477051,0,0.0,8.0,9.0,9.0,0.0124999999999999,0.0124999999999999,0.025,0.0233624240754337
dynamic,model_dynamic/summary_timeseries.csv,20,1.6,298,119200.0,1166.1220363229197,13.561678039928324,1166 ± 13.56,1139.210385799408,1206.8986767335743,2.5417304535539738,2.3828253694096344,2.542 ± 2.383,0.0427615851177657,12.103913965044496,0.2871167875294102,0.1454557172503104,0.2871 ± 0.1455,0.0168826921901536,0.8331998885513227,537.5671140939597,14.4845622190751,537.6 ± 14.48,393.0,540.0,88.64703927264118,0.3510566944609711,88.65 ± 0.3511,84.3289794921875,88.72322845458984,67.68829093416639,2,2,1,2,1:5; 2:293,0,0,0.0,model_dynamic,True,mckenzie2003,15.450177570317416,15.415399551391602,15.415399551391602,15.444000244140623,18.863399505615234,5.3756711409395965,5.39,5.4,2.8782549812706475,2.8599999167702417,0,0.0,294,4534.1009159088135,0,0.0,0,0.0,4,70.05200004577637,0,0.0,8.0,9.0,9.0,0.0125,0.0125000000000001,0.025,0.0236113355430453
dynamic,model_dynamic/summary_timeseries.csv,20,1.5,298,119200.0,1166.139717087858,13.559220271451114,1166 ± 13.56,1139.210385799408,1206.8824468373264,2.5466530247781343,2.387163672532243,2.547 ± 2.387,0.0393634324329965,12.117274166336315,0.2867854506461138,0.1453247510725214,0.2868 ± 0.1453,0.0166351492268909,0.8326399724734798,534.1946308724832,15.636679410429515,534.2 ± 15.64,379.0,536.0,88.07789924160745,0.2687953937166485,88.08 ± 0.2688,84.28938293457031,88.10924530029297,67.67206103791841,2,2,1,2,1:5; 2:293,0,0,0.0,model_dynamic,True,mckenzie2003,15.351260732484343,15.32960033416748,15.32960033416748,15.32960033416748,18.23040008544922,5.341946308724832,5.36,5.36,2.878255095100706,2.860000062344679,0,0.0,294,4506.902498245239,0,0.0,0,0.0,4,67.77320003509521,0,0.0,8.0,9.0,9.0,0.0125,0.0125000000000001,0.025,0.0237443261771704
dynamic,model_dynamic/summary_timeseries.csv,20,1.4,298,119200.0,1166.1572900250826,13.556778050603278,1166 ± 13.56,1139.210385799408,1206.8663687405387,2.5513582952413505,2.3914299912799404,2.551 ± 2.391,0.0377127103787805,12.130285091807934,0.286459756263734,0.1451957515664527,0.2865 ± 0.1452,0.0163897235598274,0.8320848341389709,536.1677852348994,16.334137959502193,536.2 ± 16.33,367.0,538.0,87.63440960365654,0.2537078286040324,87.63 ± 0.2537,83.80973815917969,87.666259765625,67.65598294113079,2,2,1,2,1:6; 2:292,0,0,0.0,model_dynamic,True,mckenzie2003,15.407692429203315,15.386799812316896,15.386799812316896,15.386799812316896,19.707399368286133,5.361677852348994,5.38,5.38,2.878254998435521,2.8599999651146644,0,0.0,294,4523.719144821167,0,0.0,0,0.0,4,67.7731990814209,0,0.0,8.0,9.0,9.0,0.0124999999999999,0.0124999999999999,0.025,0.0238448657924687
dynamic,model_dynamic/summary_timeseries.csv,20,1.3,298,119200.0,1166.1747419519186,13.554443485380505,1166 ± 13.55,1139.210385799408,1206.850386971786,2.555853586095039,2.395782339437717,2.556 ± 2.396,0.0359757422537791,12.14299476393448,0.2861409569084668,0.1450736777715415,0.2861 ± 0.1451,0.0161472371375971,0.8315341128667895,534.0771812080537,16.836683427353957,534.1 ± 16.84,361.0,536.0,90.46049056597204,0.255131557396535,90.46 ± 0.2551,86.35256958007812,90.48611450195312,67.6400011723781,2,2,1,2,1:5; 2:293,0,0,0.0,model_dynamic,True,mckenzie2003,15.34662380154501,15.32960033416748,15.32960033416748,15.32960033416748,19.285400390625,5.340771812080537,5.36,5.36,2.8782550914750376,2.860000062344679,0,0.0,294,4506.702293395996,0,0.0,0,0.0,4,66.5915994644165,0,0.0,8.0,9.0,9.0,0.0125,0.0125000000000001,0.025,0.0230718380660731
dynamic,model_dynamic/summary_timeseries.csv,20,1.2,298,119200.0,1166.1929103677733,13.55189863267576,1166 ± 13.55,1139.210385799408,1206.8354723095863,2.5616671175891,2.399363675589492,2.562 ± 2.399,0.0460745658815007,12.155803839778084,0.2858082152366053,0.1449456080501058,0.2858 ± 0.1449,0.015920914092926,0.8310099058655932,542.4765100671141,13.407192246244213,542.5 ± 13.41,407.0,544.0,90.74797529182176,0.3733474525623139,90.75 ± 0.3733,87.0426025390625,90.79800415039062,67.62508651017856,2,2,1,2,1:6; 2:292,0,0,0.0,model_dynamic,True,mckenzie2003,15.593416258792749,15.55840015411377,15.55840015411377,15.55840015411377,20.00279998779297,5.42476510067114,5.44,5.44,2.878255061360155,2.8600000283297367,0,0.0,294,4574.169645309448,0,0.0,0,0.0,4,72.66839981079102,0,0.0,8.0,9.0,9.0,0.0124999999999999,0.0124999999999999,0.025,0.0229938964705283
dynamic,model_dynamic/summary_timeseries.csv,20,1.1,298,119200.0,1166.211048599554,13.549390971518465,1166 ± 13.55,1139.210385799408,1206.8204527830458,2.5674415896834253,2.402971172306409,2.567 ± 2.403,0.0475206847199744,12.168455005355511,0.2854741126601816,0.1448188548062974,0.2855 ± 0.1448,0.0156952870282104,0.8304882292676617,541.5503355704698,12.732896801640152,541.6 ± 12.73,412.0,543.0,90.4642911053344,0.3986778690440062,90.46 ± 0.3987,86.60326385498047,90.51238250732422,67.61006698363781,2,2,1,2,1:5; 2:293,0,0,0.0,model_dynamic,True,mckenzie2003,15.56779504302364,15.529800415039062,15.529800415039062,15.529800415039062,20.08720016479492,5.415503355704698,5.43,5.43,2.8782551097106,2.8600000764344498,0,0.0,294,4565.732721328735,0,0.0,0,0.0,4,73.47020149230957,0,0.0,8.0,9.0,9.0,0.0125,0.0125000000000001,0.025,0.0230347528744843
dynamic,model_dynamic/summary_timeseries.csv,20,1.0,298,119200.0,1166.2291034397606,13.54688824627764,1166 ± 13.55,1139.210385799408,1206.805353509052,2.5730277828447257,2.406651063290267,2.573 ± 2.407,0.0467547328037591,12.180834998037188,0.2851435863396654,0.1446940563000728,0.2851 ± 0.1447,0.0154680162852699,0.8299684642200555,545.4765100671141,13.42520113086806,545.5 ± 13.43,409.0,547.0,89.8501849590532,0.3979655868544432,89.85 ± 0.398,85.87321472167969,89.89881134033203,67.59496770964392,2,2,1,2,1:6; 2:292,0,0,0.0,model_dynamic,True,mckenzie2003,15.679764081967758,15.644200325012209,15.644200325012209,15.644200325012209,20.1294002532959,5.454765100671141,5.47,5.47,2.878255092846836,2.8600000594172226,0,0.0,294,4599.394895553589,0,0.0,0,0.0,4,73.17480087280273,0,0.0,8.0,9.0,9.0,0.0124999999999999,0.0124999999999999,0.025,0.0231623648198542
dynamic,model_dynamic/summary_timeseries.csv,20,0.9,298,119200.0,1166.246924322236,13.54449790537114,1166 ± 13.54,1139.210385799408,1206.7900530708694,2.578217907832548,2.410519423615092,2.578 ± 2.411,0.0446127358436439,12.192930191122365,0.2848156485090956,0.1445738810519879,0.2848 ± 0.1446,0.0152433710056263,0.8294469149914786,544.4597315436241,13.65293890953624,544.5 ± 13.65,405.0,546.0,91.05057855900502,0.3520799253531831,91.05 ± 0.3521,87.24069213867188,91.09213256835938,67.5796672714614,2,2,1,2,1:5; 2:293,0,0,0.0,model_dynamic,True,mckenzie2003,15.650272791817684,15.615599632263184,15.615599632263184,15.615599632263184,20.298200607299805,5.4445973154362415,5.46,5.46,2.878254967104066,2.8599999326489347,0,0.0,294,4590.986291885376,0,0.0,0,0.0,4,72.79500007629395,0,0.0,8.0,9.0,9.0,0.0124999999999999,0.0124999999999999,0.025,0.0228276119868794
dynamic,model_dynamic/summary_timeseries.csv,20,0.8,298,119200.0,1166.2650888857395,13.542011220989616,1166 ± 13.54,1139.210385799408,1206.775228439708,2.5839980337288617,2.4140367835996788,2.584 ± 2.414,0.0492472755218612,12.204934782061176,0.2844776358419248,0.1444497236856813,0.2845 ± 0.1444,0.0150323789671622,0.8289389828899423,545.3926174496644,12.104281753706754,545.4 ± 12.1,422.0,547.0,88.30841294871081,0.4160097296882261,88.31 ± 0.416,84.27578735351562,88.37081146240234,67.56484264029996,2,2,1,2,1:5; 2:293,0,0,0.0,model_dynamic,True,mckenzie2003,15.679372640264114,15.644200325012209,15.615599632263184,15.644200325012209,20.38260078430176,5.453926174496644,5.47,5.47,2.8782550620113168,2.8600000594172226,0,0.0,294,4597.421447753906,0,0.0,0,0.0,4,75.0315990447998,0,0.0,8.0,9.0,9.0,0.0125,0.0125000000000001,0.025,0.0235283427579417
dynamic,model_dynamic/summary_timeseries.csv,20,0.7,298,119200.0,1166.2824381431406,13.539832331942089,1166 ± 13.54,1139.210385799408,1206.7596796177318,2.5883384586723013,2.4182262910756287,2.588 ± 2.418,0.0400215443087136,12.21639645732493,0.2841629434632793,0.1443392459451958,0.2842 ± 0.1443,0.0148183695518234,0.828416004357151,542.3389261744967,14.92360506408032,542.3 ± 14.92,388.0,545.0,89.98630851387178,0.2810932313931972,89.99 ± 0.2811,86.21591186523438,90.05976104736328,67.5492938183238,2,2,1,2,1:5; 2:293,0,0,0.0,model_dynamic,True,mckenzie2003,15.587518948036552,15.55840015411377,15.55840015411377,15.55840015411377,20.298200607299805,5.4233892617449655,5.44,5.44,2.87825506253654,2.8600000283297367,0,0.0,294,4574.226844787598,0,0.0,0,0.0,4,70.85380172729492,0,0.0,8.0,9.0,9.0,0.0124999999999999,0.0124999999999999,0.025,0.0230711824035873
dynamic,model_dynamic/summary_timeseries.csv,20,0.6,298,119200.0,1166.3003022061605,13.53745940980614,1166 ± 13.54,1139.210385799408,1206.7448683340808,2.593570666554906,2.4217968478450578,2.594 ± 2.422,0.0461244050792804,12.227816459013406,0.2838399639183095,0.1442223373703577,0.2838 ± 0.1442,0.0146191294775394,0.8279122677553633,540.9865771812081,13.473805846493764,541 ± 13.47,405.0,543.0,90.73143468767204,0.3702925239195065,90.73 ± 0.3703,86.97815704345703,90.79683685302734,67.53448253467286,2,2,1,2,1:6; 2:292,0,0,0.0,model_dynamic,True,mckenzie2003,15.550621544754746,15.529800415039062,15.50119972229004,15.529800415039062,20.256000518798828,5.409865771812081,5.42,5.43,2.878255045918967,2.8600000764344498,0,0.0,294,4561.585620880127,0,0.0,0,0.0,4,72.49959945678711,0,0.0,8.0,9.0,9.0,0.0124999999999999,0.0124999999999999,0.025,0.0228407338713925
dynamic,model_dynamic/summary_timeseries.csv,20,0.5,298,119200.0,1166.318268630324,13.535088775329456,1166 ± 13.54,1139.210385799408,1206.7304104647956,2.5990197368826533,2.4252467717006745,2.599 ± 2.425,0.048516993159204,12.239094710022057,0.2835174869681386,0.144107766380336,0.2835 ± 0.1441,0.0144309879933165,0.8274184143107197,551.5738255033557,12.63143992691526,551.6 ± 12.63,423.0,553.0,89.82001541444919,0.4097560758075701,89.82 ± 0.4098,85.72052764892578,89.87159729003906,67.52002466538761,2,2,1,2,1:5; 2:293,0,0,0.0,model_dynamic,True,mckenzie2003,15.856565481864363,15.815799713134766,15.815799713134766,15.815799713134766,20.720199584960938,5.515738255033558,5.53,5.53,2.878254980805533,2.8599999481256355,0,0.0,294,4649.845115661621,0,0.0,0,0.0,4,75.41139793395996,0,0.0,8.0,9.0,9.0,0.0124999999999999,0.0124999999999999,0.025,0.0230412063414945
dynamic,model_dynamic/summary_timeseries.csv,20,0.4,298,119200.0,1166.3359627340162,13.53279995198542,1166 ± 13.53,1139.210385799408,1206.7154774758594,2.603964289895335,2.4289489657335133,2.604 ± 2.429,0.0455619386470992,12.250112539948471,0.2831999239706694,0.1439966557400214,0.2832 ± 0.144,0.0142464918002494,0.8269176307912897,544.3590604026846,13.334944321471845,544.4 ± 13.33,412.0,547.0,83.51492921457995,0.4046425359848181,83.51 ± 0.4046,79.865966796875,83.61614227294922,67.50509167645146,2,2,1,2,1:5; 2:293,0,0,0.0,model_dynamic,True,mckenzie2003,15.67085132022832,15.615599632263184,15.615599632263184,15.615599632263184,20.55139923095703,5.443590604026846,5.46,5.46,2.8828187265606235,2.8599999326489347,0,0.0,293,4575.427893638611,0,0.0,0,0.0,5,94.48579978942873,0,0.0,8.0,9.0,9.0,0.0125,0.0125,0.025,0.0247436997055831
dynamic,model_dynamic/summary_timeseries.csv,20,0.3,298,119200.0,1166.3520103892458,13.531234850876528,1166 ± 13.53,1139.210385799408,1206.6995982242845,2.606043570656768,2.4339375647346864,2.606 ± 2.434,0.0245909369488445,12.260207639917796,0.2829348087064065,0.1439154978816232,0.2829 ± 0.1439,0.0140390444124246,0.8263919698095289,532.6711409395973,23.507514992324563,532.7 ± 23.51,292.0,536.0,81.59245494868131,0.5332928822800332,81.59 ± 0.5333,77.91767883300781,84.61692810058594,67.48921242487631,2,2,1,2,1:5; 2:293,0,0,0.0,model_dynamic,True,mckenzie2003,15.41332613861801,15.32960033416748,15.300999641418455,15.595475339889486,20.1294002532959,5.3267114093959735,5.36,5.36,2.900704754136546,2.860000062344679,0,0.0,280,4291.887683868408,0,0.0,13,222.3273048400879,5,78.95620059967041,0,0.0,11.0,12.0,12.0,0.0062499999999999,0.0124999999999999,0.025,0.0163007226749549
dynamic,model_dynamic/summary_timeseries.csv,20,0.2,298,119200.0,1166.3678297677222,13.529808745529843,1166 ± 13.53,1139.210385799408,1206.684306849372,2.607677366455696,2.4388795812214057,2.608 ± 2.439,0.0173299194866295,12.269839217757644,0.2826838007435363,0.1438419685027633,0.2827 ± 0.1438,0.0138272094205181,0.8258753279451359,533.5,30.253320856044745,533.5 ± 30.25,228.0,539.0,83.55936114420027,0.7973533910107797,83.56 ± 0.7974,79.5057373046875,87.96266174316406,67.47392104996402,2,2,1,2,1:7; 2:291,0,0,0.0,model_dynamic,True,mckenzie2003,15.577503053933984,15.415399551391602,15.415399551391602,17.069400787353516,19.74959945678711,5.335,5.39,5.39,2.929597259560706,2.8599999167702417,0,0.0,259,3992.3024864196777,0,0.0,34,580.1634254455566,5,69.62999820709229,0,0.0,8.0,9.0,9.0,0.0125,0.0125,0.025,0.024586009894145
dynamic,model_dynamic/summary_timeseries.csv,20,0.1,298,119200.0,1166.3842785323152,13.528067644083896,1166 ± 13.53,1139.210385799408,1206.6697929862742,2.6103464012966917,2.443242446992921,2.61 ± 2.443,0.0232813700918484,12.2794937288641,0.2824151460967205,0.143757215537798,0.2824 ± 0.1438,0.0136309311341772,0.8253592816409561,555.5671140939597,27.347082940650573,555.6 ± 27.35,289.0,559.0,84.25548919575327,0.3686943653795874,84.26 ± 0.3687,79.75214385986328,87.3567123413086,67.4594071868662,2,2,1,2,1:7; 2:291,0,0,0.0,model_dynamic,True,mckenzie2003,15.97036314970695,15.98740005493164,15.98740005493164,15.98740005493164,19.454200744628903,5.555671140939598,5.59,5.59,2.882818803301845,2.860000009826769,0,0.0,293,4684.1366176605225,0,0.0,0,0.0,5,75.03160095214844,0,0.0,8.0,9.0,9.0,0.0125,0.0125,0.025,0.024419173722158
dynamic,model_dynamic/summary_timeseries.csv,20,0.0,298,119200.0,1166.4010518398973,13.526378884944164,1166 ± 13.53,1139.210385799408,1206.6553169217573,2.613501756851527,2.4479755425296577,2.614 ± 2.448,0.026423384442587,12.28907789473483,0.2821333707882125,0.1436798356569101,0.2821 ± 0.1437,0.0134427983851251,0.8248683297566122,611.0704697986578,30.315096917568496,611.1 ± 30.32,349.0,615.0,93.33374553398798,0.2819338408689518,93.33 ± 0.2819,90.21834564208984,95.5363311767578,67.44493112234932,1,1,1,1,1:298,0,0,0.0,model_dynamic,True,mckenzie2003,17.56401207303041,17.589000701904297,17.584710597991943,17.589000701904297,19.580799102783203,6.110704697986576,6.15,6.15,2.8828188999167743,2.86000011413078,0,0.0,293,5153.26259803772,0,0.0,0,0.0,5,80.8129997253418,0,0.0,,,,,,,
