variant,target_age_ka,climate_age_ka,depth_m,whc_top_mm,whc_bottom_mm,whc_total_mm,biome_id,optpft,npp_gC_m2_yr,lai,pft01_npp,pft01_lai,pft01_wetness,pft01_aet,pft01_firedays,pft01_greendays,pft02_npp,pft02_lai,pft02_wetness,pft02_aet,pft02_firedays,pft02_greendays,pft03_npp,pft03_lai,pft03_wetness,pft03_aet,pft03_firedays,pft03_greendays,pft04_npp,pft04_lai,pft04_wetness,pft04_aet,pft04_firedays,pft04_greendays,pft05_npp,pft05_lai,pft05_wetness,pft05_aet,pft05_firedays,pft05_greendays,pft06_npp,pft06_lai,pft06_wetness,pft06_aet,pft06_firedays,pft06_greendays,pft07_npp,pft07_lai,pft07_wetness,pft07_aet,pft07_firedays,pft07_greendays,pft08_npp,pft08_lai,pft08_wetness,pft08_aet,pft08_firedays,pft08_greendays,pft09_npp,pft09_lai,pft09_wetness,pft09_aet,pft09_firedays,pft09_greendays,pft10_npp,pft10_lai,pft10_wetness,pft10_aet,pft10_firedays,pft10_greendays,pft11_npp,pft11_lai,pft11_wetness,pft11_aet,pft11_firedays,pft11_greendays,pft12_npp,pft12_lai,pft12_wetness,pft12_aet,pft12_firedays,pft12_greendays,pft13_npp,pft13_lai,pft13_wetness,pft13_aet,pft13_firedays,pft13_greendays
original,5.0,5.0,0.01,1.5,0.0,1.5,7,6,463.0,2.99,0.0,0.0,0.0,0.0,0.0,0.0,0.0,0.0,0.0,0.0,0.0,0.0,0.0,0.0,0.0,0.0,0.0,0.0,488.06097412109375,2.931874990463257,57.0,423.0,79.0,286.0,0.0,0.0,0.0,0.0,0.0,0.0,462.9736633300781,2.994374990463257,55.6,455.0,75.0,365.0,426.1163635253906,3.353749990463257,56.2,473.0,68.0,286.0,368.76031494140625,3.650624990463257,57.6,368.0,59.0,222.0,0.0,0.0,0.0,0.0,0.0,0.0,116.582763671875,1.3224999904632568,61.7,88.0,17.0,365.0,0.0,0.0,0.0,0.0,0.0,0.0,0.0,0.0,0.0,0.0,0.0,0.0,0.0,0.0,0.0,0.0,0.0,0.0
original,5.0,5.0,0.02,3.0,0.0,3.0,7,6,467.0,3.01,0.0,0.0,0.0,0.0,0.0,0.0,0.0,0.0,0.0,0.0,0.0,0.0,0.0,0.0,0.0,0.0,0.0,0.0,493.220458984375,2.931874990463257,61.2,459.0,68.0,286.0,0.0,0.0,0.0,0.0,0.0,0.0,466.5678405761719,3.009999990463257,59.7,481.0,64.0,365.0,428.9485778808594,3.353749990463257,61.0,511.0,56.0,286.0,384.9496154785156,4.025625228881836,61.4,396.0,52.0,241.0,0.0,0.0,0.0,0.0,0.0,0.0,116.66938018798828,1.3224999904632568,67.7,89.0,16.0,365.0,0.0,0.0,0.0,0.0,0.0,0.0,0.0,0.0,0.0,0.0,0.0,0.0,0.0,0.0,0.0,0.0,0.0,0.0
original,5.0,5.0,0.03,4.5,0.0,4.5,7,6,469.0,2.98,0.0,0.0,0.0,0.0,0.0,0.0,0.0,0.0,0.0,0.0,0.0,0.0,0.0,0.0,0.0,0.0,0.0,0.0,494.00262451171875,2.931874990463257,62.7,462.0,63.0,286.0,0.0,0.0,0.0,0.0,0.0,0.0,469.03082275390625,2.978749990463257,61.3,496.0,60.0,365.0,429.07244873046875,3.416249990463257,62.4,512.0,54.0,286.0,384.6632995605469,4.025625228881836,63.1,398.0,49.0,243.0,0.0,0.0,0.0,0.0,0.0,0.0,116.70156860351562,1.3224999904632568,69.8,89.0,15.0,365.0,0.0,0.0,0.0,0.0,0.0,0.0,0.0,0.0,0.0,0.0,0.0,0.0,0.0,0.0,0.0,0.0,0.0,0.0
original,5.0,5.0,0.04,6.0,0.0,6.0,7,6,471.0,2.99,0.0,0.0,0.0,0.0,0.0,0.0,0.0,0.0,0.0,0.0,0.0,0.0,0.0,0.0,0.0,0.0,0.0,0.0,494.00262451171875,2.931874990463257,63.3,462.0,63.0,286.0,0.0,0.0,0.0,0.0,0.0,0.0,471.375732421875,2.994374990463257,63.9,506.0,60.0,365.0,429.07244873046875,3.416249990463257,63.2,513.0,54.0,286.0,384.5201416015625,4.025625228881836,63.9,398.0,49.0,244.0,0.0,0.0,0.0,0.0,0.0,0.0,116.71224975585938,1.3224999904632568,71.1,89.0,15.0,365.0,0.0,0.0,0.0,0.0,0.0,0.0,0.0,0.0,0.0,0.0,0.0,0.0,0.0,0.0,0.0,0.0,0.0,0.0
original,5.0,5.0,0.05,7.5,0.0,7.5,7,6,471.0,3.01,0.0,0.0,0.0,0.0,0.0,0.0,0.0,0.0,0.0,0.0,0.0,0.0,0.0,0.0,0.0,0.0,0.0,0.0,494.00262451171875,2.931874990463257,63.8,463.0,63.0,286.0,0.0,0.0,0.0,0.0,0.0,0.0,471.4078063964844,3.009999990463257,64.8,506.0,59.0,365.0,429.07244873046875,3.416249990463257,63.6,513.0,54.0,286.0,383.8043212890625,4.025625228881836,64.6,399.0,49.0,249.0,0.0,0.0,0.0,0.0,0.0,0.0,116.7229232788086,1.3224999904632568,71.9,89.0,15.0,365.0,0.0,0.0,0.0,0.0,0.0,0.0,0.0,0.0,0.0,0.0,0.0,0.0,0.0,0.0,0.0,0.0,0.0,0.0
original,5.0,5.0,0.06,9.0,0.0,9.0,7,6,472.0,3.01,0.0,0.0,0.0,0.0,0.0,0.0,0.0,0.0,0.0,0.0,0.0,0.0,0.0,0.0,0.0,0.0,0.0,0.0,494.00262451171875,2.931874990463257,64.3,464.0,63.0,286.0,0.0,0.0,0.0,0.0,0.0,0.0,471.5008239746094,3.009999990463257,65.8,507.0,59.0,365.0,429.07244873046875,3.416249990463257,64.0,514.0,54.0,286.0,383.47845458984375,4.025625228881836,65.0,400.0,49.0,252.0,0.0,0.0,0.0,0.0,0.0,0.0,116.7229232788086,1.3224999904632568,72.6,89.0,15.0,365.0,0.0,0.0,0.0,0.0,0.0,0.0,0.0,0.0,0.0,0.0,0.0,0.0,0.0,0.0,0.0,0.0,0.0,0.0
original,5.0,5.0,0.08,12.0,0.0,12.0,7,6,471.0,3.01,0.0,0.0,0.0,0.0,0.0,0.0,0.0,0.0,0.0,0.0,0.0,0.0,0.0,0.0,0.0,0.0,0.0,0.0,494.00262451171875,2.931874990463257,64.8,465.0,63.0,286.0,0.0,0.0,0.0,0.0,0.0,0.0,471.4078063964844,3.009999990463257,67.3,508.0,58.0,365.0,429.07244873046875,3.416249990463257,64.7,516.0,54.0,286.0,383.50140380859375,4.025625228881836,65.7,401.0,49.0,253.0,0.0,0.0,0.0,0.0,0.0,0.0,116.73356628417969,1.3224999904632568,73.5,89.0,15.0,365.0,0.0,0.0,0.0,0.0,0.0,0.0,0.0,0.0,0.0,0.0,0.0,0.0,0.0,0.0,0.0,0.0,0.0,0.0
original,5.0,5.0,0.1,15.0,0.0,15.0,7,6,472.0,3.01,0.0,0.0,0.0,0.0,0.0,0.0,0.0,0.0,0.0,0.0,0.0,0.0,0.0,0.0,0.0,0.0,0.0,0.0,494.00262451171875,2.931874990463257,65.7,467.0,63.0,286.0,0.0,0.0,0.0,0.0,0.0,0.0,471.5008239746094,3.009999990463257,68.6,509.0,57.0,365.0,429.07244873046875,3.416249990463257,65.5,517.0,53.0,286.0,383.50140380859375,4.025625228881836,66.6,403.0,48.0,253.0,0.0,0.0,0.0,0.0,0.0,0.0,116.73356628417969,1.3224999904632568,74.2,89.0,15.0,365.0,0.0,0.0,0.0,0.0,0.0,0.0,0.0,0.0,0.0,0.0,0.0,0.0,0.0,0.0,0.0,0.0,0.0,0.0
original,5.0,5.0,0.12,18.0,0.0,18.0,7,6,472.0,2.99,0.0,0.0,0.0,0.0,0.0,0.0,0.0,0.0,0.0,0.0,0.0,0.0,0.0,0.0,0.0,0.0,0.0,0.0,494.00262451171875,2.931874990463257,66.9,468.0,63.0,286.0,0.0,0.0,0.0,0.0,0.0,0.0,471.51470947265625,2.994374990463257,69.7,510.0,57.0,365.0,429.07244873046875,3.416249990463257,66.7,519.0,52.0,286.0,383.50140380859375,4.025625228881836,67.7,404.0,48.0,253.0,0.0,0.0,0.0,0.0,0.0,0.0,116.73356628417969,1.3224999904632568,74.9,89.0,15.0,365.0,0.0,0.0,0.0,0.0,0.0,0.0,0.0,0.0,0.0,0.0,0.0,0.0,0.0,0.0,0.0,0.0,0.0,0.0
original,5.0,5.0,0.15,22.5,0.0,22.5,7,6,472.0,3.01,0.0,0.0,0.0,0.0,0.0,0.0,0.0,0.0,0.0,0.0,0.0,0.0,0.0,0.0,0.0,0.0,0.0,0.0,494.00262451171875,2.931874990463257,68.6,470.0,63.0,286.0,0.0,0.0,0.0,0.0,0.0,0.0,471.5472106933594,3.009999990463257,70.8,512.0,55.0,365.0,429.07244873046875,3.416249990463257,68.5,521.0,52.0,286.0,383.6033935546875,4.025625228881836,68.9,406.0,48.0,252.0,0.0,0.0,0.0,0.0,0.0,0.0,116.73356628417969,1.3224999904632568,75.7,89.0,15.0,365.0,0.0,0.0,0.0,0.0,0.0,0.0,0.0,0.0,0.0,0.0,0.0,0.0,0.0,0.0,0.0,0.0,0.0,0.0
original,5.0,5.0,0.2,30.0,0.0,30.0,7,6,472.0,3.04,0.0,0.0,0.0,0.0,0.0,0.0,0.0,0.0,0.0,0.0,0.0,0.0,0.0,0.0,0.0,0.0,0.0,0.0,494.00262451171875,2.931874990463257,70.7,473.0,63.0,286.0,0.0,0.0,0.0,0.0,0.0,0.0,471.5140075683594,3.041249990463257,72.7,514.0,53.0,365.0,429.07244873046875,3.416249990463257,70.4,524.0,51.0,286.0,383.6033935546875,4.025625228881836,70.7,409.0,47.0,252.0,0.0,0.0,0.0,0.0,0.0,0.0,116.73356628417969,1.3224999904632568,76.8,89.0,15.0,365.0,0.0,0.0,0.0,0.0,0.0,0.0,0.0,0.0,0.0,0.0,0.0,0.0,0.0,0.0,0.0,0.0,0.0,0.0
original,5.0,5.0,0.3,45.0,0.0,45.0,7,6,472.0,3.03,0.0,0.0,0.0,0.0,0.0,0.0,0.0,0.0,0.0,0.0,0.0,0.0,0.0,0.0,0.0,0.0,0.0,0.0,494.00262451171875,2.931874990463257,73.7,475.0,61.0,286.0,0.0,0.0,0.0,0.0,0.0,0.0,471.76409912109375,3.025624990463257,75.0,514.0,48.0,365.0,429.07244873046875,3.416249990463257,73.3,526.0,47.0,286.0,383.7054443359375,4.025625228881836,73.5,415.0,46.0,251.0,0.0,0.0,0.0,0.0,0.0,0.0,116.73356628417969,1.3224999904632568,78.3,89.0,15.0,365.0,0.0,0.0,0.0,0.0,0.0,0.0,0.0,0.0,0.0,0.0,0.0,0.0,0.0,0.0,0.0,0.0,0.0,0.0
original,5.0,5.0,0.5,45.0,30.0,75.0,7,6,472.0,3.01,0.0,0.0,0.0,0.0,0.0,0.0,0.0,0.0,0.0,0.0,0.0,0.0,0.0,0.0,0.0,0.0,0.0,0.0,494.00262451171875,2.931874990463257,76.5,475.0,0.0,286.0,0.0,0.0,0.0,0.0,0.0,0.0,472.4137878417969,3.009999990463257,76.2,513.0,1.0,365.0,429.07244873046875,3.416249990463257,75.3,526.0,7.0,286.0,381.15521240234375,4.025625228881836,75.6,412.0,20.0,276.0,0.0,0.0,0.0,0.0,0.0,0.0,181.27720642089844,2.072499990463257,78.3,157.0,0.0,365.0,0.0,0.0,0.0,0.0,0.0,0.0,0.0,0.0,0.0,0.0,0.0,0.0,0.0,0.0,0.0,0.0,0.0,0.0
original,5.0,5.0,1.5,45.0,180.0,225.0,7,6,472.0,3.01,0.0,0.0,0.0,0.0,0.0,0.0,0.0,0.0,0.0,0.0,0.0,0.0,0.0,0.0,0.0,0.0,0.0,0.0,494.00262451171875,2.931874990463257,76.5,475.0,0.0,286.0,0.0,0.0,0.0,0.0,0.0,0.0,472.4137878417969,3.009999990463257,76.2,513.0,1.0,365.0,429.07244873046875,3.416249990463257,75.3,526.0,7.0,286.0,381.15521240234375,4.025625228881836,75.6,412.0,20.0,276.0,0.0,0.0,0.0,0.0,0.0,0.0,181.27720642089844,2.072499990463257,78.3,157.0,0.0,365.0,0.0,0.0,0.0,0.0,0.0,0.0,0.0,0.0,0.0,0.0,0.0,0.0,0.0,0.0,0.0,0.0,0.0,0.0
original,4.0,4.0,0.01,1.5,0.0,1.5,7,6,484.0,3.07,0.0,0.0,0.0,0.0,0.0,0.0,0.0,0.0,0.0,0.0,0.0,0.0,0.0,0.0,0.0,0.0,0.0,0.0,508.86724853515625,2.963124990463257,56.7,425.0,83.0,286.0,0.0,0.0,0.0,0.0,0.0,0.0,484.2385559082031,3.072499990463257,55.3,458.0,79.0,365.0,446.4952697753906,3.463124990463257,55.7,476.0,73.0,286.0,376.80712890625,3.853749990463257,56.9,371.0,61.0,210.0,0.0,0.0,0.0,0.0,0.0,0.0,122.23829650878906,1.3068749904632568,61.8,89.0,18.0,365.0,0.0,0.0,0.0,0.0,0.0,0.0,0.0,0.0,0.0,0.0,0.0,0.0,0.0,0.0,0.0,0.0,0.0,0.0
original,4.0,4.0,0.02,3.0,0.0,3.0,7,6,488.0,3.04,0.0,0.0,0.0,0.0,0.0,0.0,0.0,0.0,0.0,0.0,0.0,0.0,0.0,0.0,0.0,0.0,0.0,0.0,512.5750732421875,2.963124990463257,60.2,448.0,74.0,286.0,0.0,0.0,0.0,0.0,0.0,0.0,488.1191711425781,3.041249990463257,60.0,486.0,69.0,365.0,448.26239013671875,3.478749990463257,60.1,505.0,61.0,286.0,402.2549133300781,4.025625228881836,61.2,400.0,54.0,242.0,0.0,0.0,0.0,0.0,0.0,0.0,122.45227813720703,1.3068749904632568,63.7,89.0,17.0,365.0,0.0,0.0,0.0,0.0,0.0,0.0,0.0,0.0,0.0,0.0,0.0,0.0,0.0,0.0,0.0,0.0,0.0,0.0
original,4.0,4.0,0.03,4.5,0.0,4.5,7,6,491.0,3.07,0.0,0.0,0.0,0.0,0.0,0.0,0.0,0.0,0.0,0.0,0.0,0.0,0.0,0.0,0.0,0.0,0.0,0.0,515.8668212890625,2.963124990463257,62.4,468.0,65.0,286.0,0.0,0.0,0.0,0.0,0.0,0.0,491.1138916015625,3.072499990463257,62.9,505.0,61.0,365.0,450.03643798828125,3.478749990463257,62.7,522.0,56.0,286.0,406.12152099609375,4.025625228881836,63.4,406.0,51.0,246.0,0.0,0.0,0.0,0.0,0.0,0.0,122.51789093017578,1.3068749904632568,65.9,90.0,15.0,365.0,0.0,0.0,0.0,0.0,0.0,0.0,0.0,0.0,0.0,0.0,0.0,0.0,0.0,0.0,0.0,0.0,0.0,0.0
original,4.0,4.0,0.04,6.0,0.0,6.0,7,6,494.0,3.07,0.0,0.0,0.0,0.0,0.0,0.0,0.0,0.0,0.0,0.0,0.0,0.0,0.0,0.0,0.0,0.0,0.0,0.0,515.9949340820312,2.963124990463257,63.4,471.0,66.0,286.0,0.0,0.0,0.0,0.0,0.0,0.0,493.5371398925781,3.072499990463257,64.2,516.0,62.0,365.0,450.16290283203125,3.478749990463257,63.2,523.0,56.0,286.0,405.687744140625,4.025625228881836,64.4,407.0,51.0,249.0,0.0,0.0,0.0,0.0,0.0,0.0,122.5569839477539,1.3068749904632568,70.8,90.0,15.0,365.0,0.0,0.0,0.0,0.0,0.0,0.0,0.0,0.0,0.0,0.0,0.0,0.0,0.0,0.0,0.0,0.0,0.0,0.0
original,4.0,4.0,0.05,7.5,0.0,7.5,7,6,494.0,3.07,0.0,0.0,0.0,0.0,0.0,0.0,0.0,0.0,0.0,0.0,0.0,0.0,0.0,0.0,0.0,0.0,0.0,0.0,515.9949340820312,2.963124990463257,64.0,472.0,65.0,286.0,0.0,0.0,0.0,0.0,0.0,0.0,493.58782958984375,3.072499990463257,64.9,517.0,61.0,365.0,450.16290283203125,3.478749990463257,63.7,524.0,55.0,286.0,405.2539367675781,4.025625228881836,64.8,408.0,51.0,252.0,0.0,0.0,0.0,0.0,0.0,0.0,122.5699691772461,1.3068749904632568,72.3,90.0,15.0,365.0,0.0,0.0,0.0,0.0,0.0,0.0,0.0,0.0,0.0,0.0,0.0,0.0,0.0,0.0,0.0,0.0,0.0,0.0
original,4.0,4.0,0.06,9.0,0.0,9.0,7,6,494.0,3.06,0.0,0.0,0.0,0.0,0.0,0.0,0.0,0.0,0.0,0.0,0.0,0.0,0.0,0.0,0.0,0.0,0.0,0.0,515.9949340820312,2.963124990463257,64.5,473.0,64.0,286.0,0.0,0.0,0.0,0.0,0.0,0.0,493.61322021484375,3.056874990463257,65.8,517.0,60.0,365.0,450.16290283203125,3.478749990463257,64.2,525.0,55.0,286.0,405.0270690917969,4.025625228881836,65.3,408.0,51.0,255.0,0.0,0.0,0.0,0.0,0.0,0.0,122.58292388916016,1.3068749904632568,72.9,90.0,15.0,365.0,0.0,0.0,0.0,0.0,0.0,0.0,0.0,0.0,0.0,0.0,0.0,0.0,0.0,0.0,0.0,0.0,0.0,0.0
original,4.0,4.0,0.08,12.0,0.0,12.0,7,6,494.0,3.06,0.0,0.0,0.0,0.0,0.0,0.0,0.0,0.0,0.0,0.0,0.0,0.0,0.0,0.0,0.0,0.0,0.0,0.0,515.9949340820312,2.963124990463257,65.2,474.0,64.0,286.0,0.0,0.0,0.0,0.0,0.0,0.0,493.53363037109375,3.056874990463257,67.2,519.0,59.0,365.0,450.16290283203125,3.478749990463257,64.8,526.0,55.0,286.0,405.0523376464844,4.025625228881836,65.9,410.0,50.0,256.0,0.0,0.0,0.0,0.0,0.0,0.0,122.58292388916016,1.3068749904632568,74.0,90.0,15.0,365.0,0.0,0.0,0.0,0.0,0.0,0.0,0.0,0.0,0.0,0.0,0.0,0.0,0.0,0.0,0.0,0.0,0.0,0.0
original,4.0,4.0,0.1,15.0,0.0,15.0,7,6,494.0,3.07,0.0,0.0,0.0,0.0,0.0,0.0,0.0,0.0,0.0,0.0,0.0,0.0,0.0,0.0,0.0,0.0,0.0,0.0,515.9949340820312,2.963124990463257,65.8,475.0,64.0,286.0,0.0,0.0,0.0,0.0,0.0,0.0,493.6089782714844,3.072499990463257,68.4,520.0,58.0,365.0,450.16290283203125,3.478749990463257,65.5,528.0,54.0,286.0,405.0523376464844,4.025625228881836,66.7,411.0,50.0,256.0,0.0,0.0,0.0,0.0,0.0,0.0,122.58292388916016,1.3068749904632568,74.8,90.0,15.0,365.0,0.0,0.0,0.0,0.0,0.0,0.0,0.0,0.0,0.0,0.0,0.0,0.0,0.0,0.0,0.0,0.0,0.0,0.0
original,4.0,4.0,0.12,18.0,0.0,18.0,7,6,494.0,3.06,0.0,0.0,0.0,0.0,0.0,0.0,0.0,0.0,0.0,0.0,0.0,0.0,0.0,0.0,0.0,0.0,0.0,0.0,515.9949340820312,2.963124990463257,66.9,477.0,64.0,286.0,0.0,0.0,0.0,0.0,0.0,0.0,493.73431396484375,3.056874990463257,69.3,521.0,58.0,365.0,450.16290283203125,3.478749990463257,66.6,529.0,54.0,286.0,405.0523376464844,4.025625228881836,67.7,412.0,49.0,256.0,0.0,0.0,0.0,0.0,0.0,0.0,122.58292388916016,1.3068749904632568,75.3,90.0,15.0,365.0,0.0,0.0,0.0,0.0,0.0,0.0,0.0,0.0,0.0,0.0,0.0,0.0,0.0,0.0,0.0,0.0,0.0,0.0
original,4.0,4.0,0.15,22.5,0.0,22.5,7,6,494.0,3.07,0.0,0.0,0.0,0.0,0.0,0.0,0.0,0.0,0.0,0.0,0.0,0.0,0.0,0.0,0.0,0.0,0.0,0.0,515.9949340820312,2.963124990463257,68.3,479.0,64.0,286.0,0.0,0.0,0.0,0.0,0.0,0.0,493.7944641113281,3.072499990463257,70.7,523.0,57.0,365.0,450.16290283203125,3.478749990463257,68.1,531.0,53.0,286.0,405.1598205566406,4.025625228881836,68.8,415.0,49.0,255.0,0.0,0.0,0.0,0.0,0.0,0.0,122.58292388916016,1.3068749904632568,76.1,90.0,15.0,365.0,0.0,0.0,0.0,0.0,0.0,0.0,0.0,0.0,0.0,0.0,0.0,0.0,0.0,0.0,0.0,0.0,0.0,0.0
original,4.0,4.0,0.2,30.0,0.0,30.0,7,6,494.0,3.06,0.0,0.0,0.0,0.0,0.0,0.0,0.0,0.0,0.0,0.0,0.0,0.0,0.0,0.0,0.0,0.0,0.0,0.0,515.9949340820312,2.963124990463257,70.5,482.0,64.0,286.0,0.0,0.0,0.0,0.0,0.0,0.0,493.96771240234375,3.056874990463257,72.5,524.0,54.0,365.0,450.16290283203125,3.478749990463257,70.2,535.0,52.0,286.0,405.1598205566406,4.025625228881836,70.4,418.0,49.0,255.0,0.0,0.0,0.0,0.0,0.0,0.0,122.58292388916016,1.3068749904632568,77.2,90.0,16.0,365.0,0.0,0.0,0.0,0.0,0.0,0.0,0.0,0.0,0.0,0.0,0.0,0.0,0.0,0.0,0.0,0.0,0.0,0.0
original,4.0,4.0,0.3,45.0,0.0,45.0,7,6,494.0,3.07,0.0,0.0,0.0,0.0,0.0,0.0,0.0,0.0,0.0,0.0,0.0,0.0,0.0,0.0,0.0,0.0,0.0,0.0,515.9949340820312,2.963124990463257,73.4,484.0,62.0,286.0,0.0,0.0,0.0,0.0,0.0,0.0,494.158935546875,3.072499990463257,74.8,525.0,49.0,365.0,450.16290283203125,3.478749990463257,73.3,537.0,48.0,286.0,405.2673645019531,4.025625228881836,73.2,424.0,48.0,254.0,0.0,0.0,0.0,0.0,0.0,0.0,122.58292388916016,1.3068749904632568,78.5,90.0,15.0,365.0,0.0,0.0,0.0,0.0,0.0,0.0,0.0,0.0,0.0,0.0,0.0,0.0,0.0,0.0,0.0,0.0,0.0,0.0
original,4.0,4.0,0.5,45.0,30.0,75.0,7,6,496.0,3.1,0.0,0.0,0.0,0.0,0.0,0.0,0.0,0.0,0.0,0.0,0.0,0.0,0.0,0.0,0.0,0.0,0.0,0.0,515.9949340820312,2.963124990463257,76.8,484.0,0.0,286.0,0.0,0.0,0.0,0.0,0.0,0.0,495.54656982421875,3.103749990463257,76.1,525.0,2.0,365.0,450.16290283203125,3.478749990463257,75.3,537.0,9.0,286.0,402.5794982910156,4.025625228881836,75.6,422.0,24.0,279.0,0.0,0.0,0.0,0.0,0.0,0.0,191.24838256835938,2.134999990463257,78.6,161.0,0.0,365.0,0.0,0.0,0.0,0.0,0.0,0.0,0.0,0.0,0.0,0.0,0.0,0.0,0.0,0.0,0.0,0.0,0.0,0.0
original,4.0,4.0,1.5,45.0,180.0,225.0,7,6,496.0,3.1,0.0,0.0,0.0,0.0,0.0,0.0,0.0,0.0,0.0,0.0,0.0,0.0,0.0,0.0,0.0,0.0,0.0,0.0,515.9949340820312,2.963124990463257,76.8,484.0,0.0,286.0,0.0,0.0,0.0,0.0,0.0,0.0,495.54656982421875,3.103749990463257,76.1,525.0,1.0,365.0,450.16290283203125,3.478749990463257,75.3,537.0,8.0,286.0,402.5794982910156,4.025625228881836,75.6,422.0,23.0,279.0,0.0,0.0,0.0,0.0,0.0,0.0,191.24838256835938,2.134999990463257,78.6,161.0,0.0,365.0,0.0,0.0,0.0,0.0,0.0,0.0,0.0,0.0,0.0,0.0,0.0,0.0,0.0,0.0,0.0,0.0,0.0,0.0
original,3.0,3.0,0.01,1.5,0.0,1.5,7,6,496.0,3.1,0.0,0.0,0.0,0.0,0.0,0.0,0.0,0.0,0.0,0.0,0.0,0.0,0.0,0.0,0.0,0.0,0.0,0.0,519.7579345703125,2.978749990463257,56.2,427.0,85.0,286.0,0.0,0.0,0.0,0.0,0.0,0.0,495.9125061035156,3.103749990463257,55.2,459.0,80.0,365.0,458.06927490234375,3.431874990463257,55.5,478.0,75.0,286.0,377.95257568359375,4.025625228881836,56.7,375.0,61.0,210.0,0.0,0.0,0.0,0.0,0.0,0.0,124.12973022460938,1.3224999904632568,61.7,89.0,18.0,365.0,0.0,0.0,0.0,0.0,0.0,0.0,0.0,0.0,0.0,0.0,0.0,0.0,0.0,0.0,0.0,0.0,0.0,0.0
original,3.0,3.0,0.02,3.0,0.0,3.0,7,4,524.0,3.04,0.0,0.0,0.0,0.0,0.0,0.0,0.0,0.0,0.0,0.0,0.0,0.0,0.0,0.0,0.0,0.0,0.0,0.0,523.9267578125,3.041249990463257,60.4,452.0,79.0,286.0,0.0,0.0,0.0,0.0,0.0,0.0,499.9757995605469,3.088124990463257,59.3,489.0,72.0,365.0,460.0002136230469,3.509999990463257,59.7,507.0,62.0,286.0,411.1991271972656,4.025625228881836,61.0,403.0,58.0,240.0,0.0,0.0,0.0,0.0,0.0,0.0,124.4013671875,1.3224999904632568,64.1,90.0,17.0,365.0,0.0,0.0,0.0,0.0,0.0,0.0,0.0,0.0,0.0,0.0,0.0,0.0,0.0,0.0,0.0,0.0,0.0,0.0
original,3.0,3.0,0.03,4.5,0.0,4.5,7,4,528.0,3.06,0.0,0.0,0.0,0.0,0.0,0.0,0.0,0.0,0.0,0.0,0.0,0.0,0.0,0.0,0.0,0.0,0.0,0.0,528.074462890625,3.056874990463257,63.2,476.0,65.0,286.0,0.0,0.0,0.0,0.0,0.0,0.0,503.23663330078125,3.088124990463257,61.9,509.0,62.0,365.0,462.0025939941406,3.509999990463257,62.3,527.0,57.0,286.0,417.9723205566406,4.025625228881836,63.0,411.0,51.0,243.0,0.0,0.0,0.0,0.0,0.0,0.0,124.47962951660156,1.3224999904632568,66.3,90.0,15.0,365.0,0.0,0.0,0.0,0.0,0.0,0.0,0.0,0.0,0.0,0.0,0.0,0.0,0.0,0.0,0.0,0.0,0.0,0.0
original,3.0,3.0,0.04,6.0,0.0,6.0,7,4,528.0,3.06,0.0,0.0,0.0,0.0,0.0,0.0,0.0,0.0,0.0,0.0,0.0,0.0,0.0,0.0,0.0,0.0,0.0,0.0,528.2144775390625,3.056874990463257,63.8,477.0,66.0,286.0,0.0,0.0,0.0,0.0,0.0,0.0,505.69110107421875,3.088124990463257,64.3,523.0,62.0,365.0,462.1336975097656,3.509999990463257,63.5,530.0,57.0,286.0,416.9277648925781,4.025625228881836,64.7,413.0,51.0,250.0,0.0,0.0,0.0,0.0,0.0,0.0,124.5262451171875,1.3224999904632568,71.3,91.0,15.0,365.0,0.0,0.0,0.0,0.0,0.0,0.0,0.0,0.0,0.0,0.0,0.0,0.0,0.0,0.0,0.0,0.0,0.0,0.0
original,3.0,3.0,0.05,7.5,0.0,7.5,7,4,528.0,3.06,0.0,0.0,0.0,0.0,0.0,0.0,0.0,0.0,0.0,0.0,0.0,0.0,0.0,0.0,0.0,0.0,0.0,0.0,528.2144775390625,3.056874990463257,64.2,478.0,65.0,286.0,0.0,0.0,0.0,0.0,0.0,0.0,505.7071228027344,3.072499990463257,65.2,523.0,61.0,365.0,462.1336975097656,3.509999990463257,64.1,531.0,56.0,286.0,416.33087158203125,4.025625228881836,65.1,414.0,51.0,254.0,0.0,0.0,0.0,0.0,0.0,0.0,124.55718994140625,1.3224999904632568,72.5,91.0,15.0,365.0,0.0,0.0,0.0,0.0,0.0,0.0,0.0,0.0,0.0,0.0,0.0,0.0,0.0,0.0,0.0,0.0,0.0,0.0
original,3.0,3.0,0.06,9.0,0.0,9.0,7,4,528.0,3.06,0.0,0.0,0.0,0.0,0.0,0.0,0.0,0.0,0.0,0.0,0.0,0.0,0.0,0.0,0.0,0.0,0.0,0.0,528.2144775390625,3.056874990463257,64.7,479.0,65.0,286.0,0.0,0.0,0.0,0.0,0.0,0.0,505.74420166015625,3.088124990463257,66.0,524.0,61.0,365.0,462.1336975097656,3.509999990463257,64.6,531.0,55.0,286.0,416.2030029296875,4.025625228881836,65.5,415.0,51.0,257.0,0.0,0.0,0.0,0.0,0.0,0.0,124.55718994140625,1.3224999904632568,73.3,91.0,15.0,365.0,0.0,0.0,0.0,0.0,0.0,0.0,0.0,0.0,0.0,0.0,0.0,0.0,0.0,0.0,0.0,0.0,0.0,0.0
original,3.0,3.0,0.08,12.0,0.0,12.0,7,4,528.0,3.06,0.0,0.0,0.0,0.0,0.0,0.0,0.0,0.0,0.0,0.0,0.0,0.0,0.0,0.0,0.0,0.0,0.0,0.0,528.2144775390625,3.056874990463257,65.4,480.0,65.0,286.0,0.0,0.0,0.0,0.0,0.0,0.0,505.7624206542969,3.056874990463257,67.3,525.0,60.0,365.0,462.1336975097656,3.509999990463257,65.2,533.0,55.0,286.0,416.22637939453125,4.025625228881836,66.2,416.0,51.0,258.0,0.0,0.0,0.0,0.0,0.0,0.0,124.55718994140625,1.3224999904632568,74.2,91.0,15.0,365.0,0.0,0.0,0.0,0.0,0.0,0.0,0.0,0.0,0.0,0.0,0.0,0.0,0.0,0.0,0.0,0.0,0.0,0.0
original,3.0,3.0,0.1,15.0,0.0,15.0,7,4,528.0,3.06,0.0,0.0,0.0,0.0,0.0,0.0,0.0,0.0,0.0,0.0,0.0,0.0,0.0,0.0,0.0,0.0,0.0,0.0,528.2144775390625,3.056874990463257,66.2,482.0,65.0,286.0,0.0,0.0,0.0,0.0,0.0,0.0,505.8653259277344,3.072499990463257,68.4,527.0,59.0,365.0,462.1336975097656,3.509999990463257,65.9,534.0,55.0,286.0,416.22637939453125,4.025625228881836,67.1,417.0,50.0,258.0,0.0,0.0,0.0,0.0,0.0,0.0,124.57261657714844,1.3224999904632568,74.8,91.0,15.0,365.0,0.0,0.0,0.0,0.0,0.0,0.0,0.0,0.0,0.0,0.0,0.0,0.0,0.0,0.0,0.0,0.0,0.0,0.0
original,3.0,3.0,0.12,18.0,0.0,18.0,7,4,528.0,3.06,0.0,0.0,0.0,0.0,0.0,0.0,0.0,0.0,0.0,0.0,0.0,0.0,0.0,0.0,0.0,0.0,0.0,0.0,528.2144775390625,3.056874990463257,67.2,483.0,65.0,286.0,0.0,0.0,0.0,0.0,0.0,0.0,505.8977966308594,3.103749990463257,69.4,528.0,58.0,365.0,462.1336975097656,3.509999990463257,67.0,536.0,54.0,286.0,416.22637939453125,4.025625228881836,67.9,419.0,50.0,258.0,0.0,0.0,0.0,0.0,0.0,0.0,124.57261657714844,1.3224999904632568,75.4,91.0,15.0,365.0,0.0,0.0,0.0,0.0,0.0,0.0,0.0,0.0,0.0,0.0,0.0,0.0,0.0,0.0,0.0,0.0,0.0,0.0
original,3.0,3.0,0.15,22.5,0.0,22.5,7,4,528.0,3.06,0.0,0.0,0.0,0.0,0.0,0.0,0.0,0.0,0.0,0.0,0.0,0.0,0.0,0.0,0.0,0.0,0.0,0.0,528.2144775390625,3.056874990463257,68.5,485.0,64.0,286.0,0.0,0.0,0.0,0.0,0.0,0.0,505.92681884765625,3.088124990463257,70.9,530.0,58.0,365.0,462.1336975097656,3.509999990463257,68.3,538.0,54.0,286.0,416.33502197265625,4.025625228881836,69.1,421.0,50.0,257.0,0.0,0.0,0.0,0.0,0.0,0.0,124.57261657714844,1.3224999904632568,76.2,91.0,15.0,365.0,0.0,0.0,0.0,0.0,0.0,0.0,0.0,0.0,0.0,0.0,0.0,0.0,0.0,0.0,0.0,0.0,0.0,0.0
original,3.0,3.0,0.2,30.0,0.0,30.0,7,4,528.0,3.06,0.0,0.0,0.0,0.0,0.0,0.0,0.0,0.0,0.0,0.0,0.0,0.0,0.0,0.0,0.0,0.0,0.0,0.0,528.2144775390625,3.056874990463257,70.6,488.0,64.0,286.0,0.0,0.0,0.0,0.0,0.0,0.0,506.0255432128906,3.103749990463257,72.5,531.0,55.0,365.0,462.1336975097656,3.509999990463257,70.3,541.0,52.0,286.0,416.33502197265625,4.025625228881836,70.6,424.0,49.0,257.0,0.0,0.0,0.0,0.0,0.0,0.0,124.57261657714844,1.3224999904632568,77.3,91.0,16.0,365.0,0.0,0.0,0.0,0.0,0.0,0.0,0.0,0.0,0.0,0.0,0.0,0.0,0.0,0.0,0.0,0.0,0.0,0.0
original,3.0,3.0,0.3,45.0,0.0,45.0,7,4,528.0,3.06,0.0,0.0,0.0,0.0,0.0,0.0,0.0,0.0,0.0,0.0,0.0,0.0,0.0,0.0,0.0,0.0,0.0,0.0,528.2144775390625,3.056874990463257,73.6,491.0,63.0,286.0,0.0,0.0,0.0,0.0,0.0,0.0,506.1864318847656,3.103749990463257,74.7,531.0,50.0,365.0,462.1336975097656,3.509999990463257,73.3,543.0,48.0,286.0,416.44366455078125,4.025625228881836,73.3,430.0,48.0,256.0,0.0,0.0,0.0,0.0,0.0,0.0,124.57261657714844,1.3224999904632568,78.7,91.0,15.0,365.0,0.0,0.0,0.0,0.0,0.0,0.0,0.0,0.0,0.0,0.0,0.0,0.0,0.0,0.0,0.0,0.0,0.0,0.0
original,3.0,3.0,0.5,45.0,30.0,75.0,7,4,528.0,3.06,0.0,0.0,0.0,0.0,0.0,0.0,0.0,0.0,0.0,0.0,0.0,0.0,0.0,0.0,0.0,0.0,0.0,0.0,528.2144775390625,3.056874990463257,76.8,491.0,0.0,286.0,0.0,0.0,0.0,0.0,0.0,0.0,508.4710693359375,3.088124990463257,76.1,532.0,2.0,365.0,462.1336975097656,3.509999990463257,75.4,543.0,9.0,286.0,413.79095458984375,4.025625228881836,75.7,428.0,25.0,281.0,0.0,0.0,0.0,0.0,0.0,0.0,195.0181884765625,2.166249990463257,78.8,162.0,0.0,365.0,0.0,0.0,0.0,0.0,0.0,0.0,0.0,0.0,0.0,0.0,0.0,0.0,0.0,0.0,0.0,0.0,0.0,0.0
original,3.0,3.0,1.5,45.0,180.0,225.0,7,4,528.0,3.06,0.0,0.0,0.0,0.0,0.0,0.0,0.0,0.0,0.0,0.0,0.0,0.0,0.0,0.0,0.0,0.0,0.0,0.0,528.2144775390625,3.056874990463257,76.8,491.0,0.0,286.0,0.0,0.0,0.0,0.0,0.0,0.0,508.4710693359375,3.088124990463257,76.1,532.0,1.0,365.0,462.1336975097656,3.509999990463257,75.4,543.0,9.0,286.0,413.79095458984375,4.025625228881836,75.7,428.0,24.0,281.0,0.0,0.0,0.0,0.0,0.0,0.0,195.0181884765625,2.166249990463257,78.8,162.0,0.0,365.0,0.0,0.0,0.0,0.0,0.0,0.0,0.0,0.0,0.0,0.0,0.0,0.0,0.0,0.0,0.0,0.0,0.0,0.0
original,2.7,2.7,0.01,1.5,0.0,1.5,7,4,523.0,3.04,0.0,0.0,0.0,0.0,0.0,0.0,0.0,0.0,0.0,0.0,0.0,0.0,0.0,0.0,0.0,0.0,0.0,0.0,523.4217529296875,3.041249990463257,56.7,428.0,85.0,286.0,0.0,0.0,0.0,0.0,0.0,0.0,500.5675354003906,3.119374990463257,55.2,461.0,82.0,365.0,462.21136474609375,3.509999990463257,55.8,480.0,76.0,286.0,387.5282287597656,3.900624990463257,57.3,376.0,62.0,212.0,0.0,0.0,0.0,0.0,0.0,0.0,125.85216522216797,1.3224999904632568,63.7,90.0,18.0,365.0,0.0,0.0,0.0,0.0,0.0,0.0,0.0,0.0,0.0,0.0,0.0,0.0,0.0,0.0,0.0,0.0,0.0,0.0
original,2.7,2.7,0.02,3.0,0.0,3.0,7,4,530.0,3.06,0.0,0.0,0.0,0.0,0.0,0.0,0.0,0.0,0.0,0.0,0.0,0.0,0.0,0.0,0.0,0.0,0.0,0.0,530.3864135742188,3.056874990463257,61.4,472.0,72.0,286.0,0.0,0.0,0.0,0.0,0.0,0.0,504.9840087890625,3.119374990463257,59.6,492.0,71.0,365.0,465.6567687988281,3.525624990463257,60.7,527.0,60.0,286.0,421.2647399902344,4.025625228881836,61.6,408.0,56.0,242.0,0.0,0.0,0.0,0.0,0.0,0.0,126.06214141845703,1.3537499904632568,68.2,91.0,17.0,365.0,0.0,0.0,0.0,0.0,0.0,0.0,0.0,0.0,0.0,0.0,0.0,0.0,0.0,0.0,0.0,0.0,0.0,0.0
original,2.7,2.7,0.03,4.5,0.0,4.5,7,4,532.0,3.04,0.0,0.0,0.0,0.0,0.0,0.0,0.0,0.0,0.0,0.0,0.0,0.0,0.0,0.0,0.0,0.0,0.0,0.0,531.728759765625,3.041249990463257,63.3,476.0,66.0,286.0,0.0,0.0,0.0,0.0,0.0,0.0,508.30108642578125,3.119374990463257,61.9,513.0,63.0,365.0,466.01806640625,3.525624990463257,62.4,528.0,57.0,286.0,420.53717041015625,4.025625228881836,63.7,412.0,52.0,247.0,0.0,0.0,0.0,0.0,0.0,0.0,126.12578582763672,1.3537499904632568,70.4,91.0,16.0,365.0,0.0,0.0,0.0,0.0,0.0,0.0,0.0,0.0,0.0,0.0,0.0,0.0,0.0,0.0,0.0,0.0,0.0,0.0
original,2.7,2.7,0.04,6.0,0.0,6.0,7,4,532.0,3.04,0.0,0.0,0.0,0.0,0.0,0.0,0.0,0.0,0.0,0.0,0.0,0.0,0.0,0.0,0.0,0.0,0.0,0.0,531.728759765625,3.041249990463257,64.0,477.0,66.0,286.0,0.0,0.0,0.0,0.0,0.0,0.0,510.5884704589844,3.088124990463257,64.4,523.0,63.0,365.0,466.01806640625,3.525624990463257,63.4,529.0,58.0,286.0,420.1006164550781,4.025625228881836,64.7,412.0,52.0,250.0,0.0,0.0,0.0,0.0,0.0,0.0,126.15741729736328,1.3537499904632568,71.7,91.0,16.0,365.0,0.0,0.0,0.0,0.0,0.0,0.0,0.0,0.0,0.0,0.0,0.0,0.0,0.0,0.0,0.0,0.0,0.0,0.0
original,2.7,2.7,0.05,7.5,0.0,7.5,7,4,532.0,3.04,0.0,0.0,0.0,0.0,0.0,0.0,0.0,0.0,0.0,0.0,0.0,0.0,0.0,0.0,0.0,0.0,0.0,0.0,531.728759765625,3.041249990463257,64.4,478.0,66.0,286.0,0.0,0.0,0.0,0.0,0.0,0.0,510.6961364746094,3.072499990463257,65.1,524.0,62.0,365.0,466.01806640625,3.525624990463257,64.2,530.0,57.0,286.0,419.6640930175781,4.025625228881836,65.0,413.0,52.0,253.0,0.0,0.0,0.0,0.0,0.0,0.0,126.1731948852539,1.3537499904632568,72.5,91.0,16.0,365.0,0.0,0.0,0.0,0.0,0.0,0.0,0.0,0.0,0.0,0.0,0.0,0.0,0.0,0.0,0.0,0.0,0.0,0.0
original,2.7,2.7,0.06,9.0,0.0,9.0,7,4,532.0,3.04,0.0,0.0,0.0,0.0,0.0,0.0,0.0,0.0,0.0,0.0,0.0,0.0,0.0,0.0,0.0,0.0,0.0,0.0,531.728759765625,3.041249990463257,64.7,478.0,66.0,286.0,0.0,0.0,0.0,0.0,0.0,0.0,510.6961364746094,3.072499990463257,65.8,524.0,62.0,365.0,466.01806640625,3.525624990463257,64.4,531.0,56.0,286.0,419.4364318847656,4.025625228881836,65.5,414.0,52.0,256.0,0.0,0.0,0.0,0.0,0.0,0.0,126.1889419555664,1.3537499904632568,73.2,91.0,16.0,365.0,0.0,0.0,0.0,0.0,0.0,0.0,0.0,0.0,0.0,0.0,0.0,0.0,0.0,0.0,0.0,0.0,0.0,0.0
original,2.7,2.7,0.08,12.0,0.0,12.0,7,4,532.0,3.04,0.0,0.0,0.0,0.0,0.0,0.0,0.0,0.0,0.0,0.0,0.0,0.0,0.0,0.0,0.0,0.0,0.0,0.0,531.728759765625,3.041249990463257,65.3,480.0,66.0,286.0,0.0,0.0,0.0,0.0,0.0,0.0,510.6961364746094,3.072499990463257,67.3,526.0,61.0,365.0,466.01806640625,3.525624990463257,65.2,533.0,56.0,286.0,419.4642333984375,4.025625228881836,66.2,415.0,52.0,257.0,0.0,0.0,0.0,0.0,0.0,0.0,126.1889419555664,1.3537499904632568,74.1,91.0,16.0,365.0,0.0,0.0,0.0,0.0,0.0,0.0,0.0,0.0,0.0,0.0,0.0,0.0,0.0,0.0,0.0,0.0,0.0,0.0
original,2.7,2.7,0.1,15.0,0.0,15.0,7,4,532.0,3.04,0.0,0.0,0.0,0.0,0.0,0.0,0.0,0.0,0.0,0.0,0.0,0.0,0.0,0.0,0.0,0.0,0.0,0.0,531.728759765625,3.041249990463257,66.1,481.0,66.0,286.0,0.0,0.0,0.0,0.0,0.0,0.0,510.7343444824219,3.119374990463257,68.4,527.0,60.0,365.0,466.01806640625,3.525624990463257,65.8,534.0,56.0,286.0,419.4642333984375,4.025625228881836,67.1,417.0,51.0,257.0,0.0,0.0,0.0,0.0,0.0,0.0,126.1889419555664,1.3537499904632568,74.9,91.0,16.0,365.0,0.0,0.0,0.0,0.0,0.0,0.0,0.0,0.0,0.0,0.0,0.0,0.0,0.0,0.0,0.0,0.0,0.0,0.0
original,2.7,2.7,0.12,18.0,0.0,18.0,7,4,532.0,3.04,0.0,0.0,0.0,0.0,0.0,0.0,0.0,0.0,0.0,0.0,0.0,0.0,0.0,0.0,0.0,0.0,0.0,0.0,531.728759765625,3.041249990463257,67.2,483.0,66.0,286.0,0.0,0.0,0.0,0.0,0.0,0.0,510.8684387207031,3.103749990463257,69.5,528.0,59.0,365.0,466.01806640625,3.525624990463257,66.9,536.0,55.0,286.0,419.4642333984375,4.025625228881836,67.9,418.0,51.0,257.0,0.0,0.0,0.0,0.0,0.0,0.0,126.1889419555664,1.3537499904632568,75.5,91.0,16.0,365.0,0.0,0.0,0.0,0.0,0.0,0.0,0.0,0.0,0.0,0.0,0.0,0.0,0.0,0.0,0.0,0.0,0.0,0.0
original,2.7,2.7,0.15,22.5,0.0,22.5,7,4,532.0,3.04,0.0,0.0,0.0,0.0,0.0,0.0,0.0,0.0,0.0,0.0,0.0,0.0,0.0,0.0,0.0,0.0,0.0,0.0,531.728759765625,3.041249990463257,68.6,485.0,66.0,286.0,0.0,0.0,0.0,0.0,0.0,0.0,510.8235778808594,3.119374990463257,70.9,530.0,58.0,365.0,466.01806640625,3.525624990463257,68.3,538.0,54.0,286.0,419.5742492675781,4.025625228881836,69.0,420.0,51.0,256.0,0.0,0.0,0.0,0.0,0.0,0.0,126.1889419555664,1.3537499904632568,76.2,91.0,16.0,365.0,0.0,0.0,0.0,0.0,0.0,0.0,0.0,0.0,0.0,0.0,0.0,0.0,0.0,0.0,0.0,0.0,0.0,0.0
original,2.7,2.7,0.2,30.0,0.0,30.0,7,4,532.0,3.04,0.0,0.0,0.0,0.0,0.0,0.0,0.0,0.0,0.0,0.0,0.0,0.0,0.0,0.0,0.0,0.0,0.0,0.0,531.728759765625,3.041249990463257,70.5,488.0,65.0,286.0,0.0,0.0,0.0,0.0,0.0,0.0,510.8747253417969,3.103749990463257,72.7,531.0,56.0,365.0,466.01806640625,3.525624990463257,70.4,541.0,53.0,286.0,419.68426513671875,4.025625228881836,70.8,424.0,50.0,255.0,0.0,0.0,0.0,0.0,0.0,0.0,126.1889419555664,1.3537499904632568,77.2,91.0,16.0,365.0,0.0,0.0,0.0,0.0,0.0,0.0,0.0,0.0,0.0,0.0,0.0,0.0,0.0,0.0,0.0,0.0,0.0,0.0
original,2.7,2.7,0.3,45.0,0.0,45.0,7,4,532.0,3.04,0.0,0.0,0.0,0.0,0.0,0.0,0.0,0.0,0.0,0.0,0.0,0.0,0.0,0.0,0.0,0.0,0.0,0.0,531.728759765625,3.041249990463257,73.5,490.0,64.0,286.0,0.0,0.0,0.0,0.0,0.0,0.0,511.0796203613281,3.134999990463257,74.9,532.0,50.0,365.0,466.01806640625,3.525624990463257,73.2,543.0,49.0,286.0,419.68426513671875,4.025625228881836,73.3,429.0,49.0,255.0,0.0,0.0,0.0,0.0,0.0,0.0,126.1889419555664,1.3537499904632568,78.8,91.0,16.0,365.0,0.0,0.0,0.0,0.0,0.0,0.0,0.0,0.0,0.0,0.0,0.0,0.0,0.0,0.0,0.0,0.0,0.0,0.0
original,2.7,2.7,0.5,45.0,30.0,75.0,7,4,532.0,3.04,0.0,0.0,0.0,0.0,0.0,0.0,0.0,0.0,0.0,0.0,0.0,0.0,0.0,0.0,0.0,0.0,0.0,0.0,531.728759765625,3.041249990463257,76.9,490.0,0.0,286.0,0.0,0.0,0.0,0.0,0.0,0.0,512.968505859375,3.119374990463257,76.2,532.0,2.0,365.0,466.01806640625,3.525624990463257,75.3,543.0,9.0,286.0,416.99957275390625,4.025625228881836,75.7,427.0,25.0,280.0,0.0,0.0,0.0,0.0,0.0,0.0,197.4332275390625,2.134999990463257,78.8,162.0,0.0,365.0,0.0,0.0,0.0,0.0,0.0,0.0,0.0,0.0,0.0,0.0,0.0,0.0,0.0,0.0,0.0,0.0,0.0,0.0
original,2.7,2.7,1.5,45.0,180.0,225.0,7,4,532.0,3.04,0.0,0.0,0.0,0.0,0.0,0.0,0.0,0.0,0.0,0.0,0.0,0.0,0.0,0.0,0.0,0.0,0.0,0.0,531.728759765625,3.041249990463257,76.9,490.0,0.0,286.0,0.0,0.0,0.0,0.0,0.0,0.0,512.968505859375,3.119374990463257,76.2,532.0,1.0,365.0,466.01806640625,3.525624990463257,75.4,543.0,9.0,286.0,416.99957275390625,4.025625228881836,75.7,427.0,24.0,280.0,0.0,0.0,0.0,0.0,0.0,0.0,197.4332275390625,2.134999990463257,78.8,162.0,0.0,365.0,0.0,0.0,0.0,0.0,0.0,0.0,0.0,0.0,0.0,0.0,0.0,0.0,0.0,0.0,0.0,0.0,0.0,0.0
original,2.5,2.5,0.01,1.5,0.0,1.5,7,6,499.0,3.09,0.0,0.0,0.0,0.0,0.0,0.0,0.0,0.0,0.0,0.0,0.0,0.0,0.0,0.0,0.0,0.0,0.0,0.0,517.9678955078125,2.947499990463257,56.9,431.0,84.0,286.0,0.0,0.0,0.0,0.0,0.0,0.0,498.630615234375,3.088124990463257,55.3,464.0,82.0,365.0,459.5820007324219,3.478749990463257,55.9,483.0,75.0,286.0,387.00433349609375,4.025625228881836,57.5,380.0,61.0,213.0,0.0,0.0,0.0,0.0,0.0,0.0,124.35743713378906,1.3381249904632568,63.2,89.0,18.0,365.0,0.0,0.0,0.0,0.0,0.0,0.0,0.0,0.0,0.0,0.0,0.0,0.0,0.0,0.0,0.0,0.0,0.0,0.0
original,2.5,2.5,0.02,3.0,0.0,3.0,7,4,522.0,3.03,0.0,0.0,0.0,0.0,0.0,0.0,0.0,0.0,0.0,0.0,0.0,0.0,0.0,0.0,0.0,0.0,0.0,0.0,521.765380859375,3.025624990463257,60.9,456.0,74.0,286.0,0.0,0.0,0.0,0.0,0.0,0.0,502.8670349121094,3.119374990463257,59.7,493.0,71.0,365.0,461.2838134765625,3.509999990463257,60.1,511.0,63.0,286.0,411.80535888671875,4.025625228881836,61.7,405.0,55.0,243.0,0.0,0.0,0.0,0.0,0.0,0.0,124.51603698730469,1.3381249904632568,64.0,90.0,17.0,365.0,0.0,0.0,0.0,0.0,0.0,0.0,0.0,0.0,0.0,0.0,0.0,0.0,0.0,0.0,0.0,0.0,0.0,0.0
original,2.5,2.5,0.03,4.5,0.0,4.5,7,6,505.0,3.1,0.0,0.0,0.0,0.0,0.0,0.0,0.0,0.0,0.0,0.0,0.0,0.0,0.0,0.0,0.0,0.0,0.0,0.0,524.6129760742188,2.978749990463257,63.2,473.0,66.0,286.0,0.0,0.0,0.0,0.0,0.0,0.0,505.3209533691406,3.103749990463257,61.8,509.0,63.0,365.0,462.8086853027344,3.525624990463257,62.3,525.0,58.0,286.0,413.67120361328125,4.025625228881836,63.7,409.0,52.0,246.0,0.0,0.0,0.0,0.0,0.0,0.0,124.55874633789062,1.3381249904632568,66.1,90.0,16.0,365.0,0.0,0.0,0.0,0.0,0.0,0.0,0.0,0.0,0.0,0.0,0.0,0.0,0.0,0.0,0.0,0.0,0.0,0.0
original,2.5,2.5,0.04,6.0,0.0,6.0,7,4,525.0,3.04,0.0,0.0,0.0,0.0,0.0,0.0,0.0,0.0,0.0,0.0,0.0,0.0,0.0,0.0,0.0,0.0,0.0,0.0,524.7597045898438,3.041249990463257,63.8,475.0,66.0,286.0,0.0,0.0,0.0,0.0,0.0,0.0,508.1875305175781,3.134999990463257,64.3,522.0,63.0,365.0,462.9366760253906,3.525624990463257,63.5,528.0,58.0,286.0,413.2313232421875,4.025625228881836,64.7,410.0,52.0,249.0,0.0,0.0,0.0,0.0,0.0,0.0,124.58708190917969,1.3381249904632568,70.9,90.0,16.0,365.0,0.0,0.0,0.0,0.0,0.0,0.0,0.0,0.0,0.0,0.0,0.0,0.0,0.0,0.0,0.0,0.0,0.0,0.0
original,2.5,2.5,0.05,7.5,0.0,7.5,7,4,525.0,3.04,0.0,0.0,0.0,0.0,0.0,0.0,0.0,0.0,0.0,0.0,0.0,0.0,0.0,0.0,0.0,0.0,0.0,0.0,524.7597045898438,3.041249990463257,64.3,476.0,66.0,286.0,0.0,0.0,0.0,0.0,0.0,0.0,508.0860900878906,3.134999990463257,65.1,523.0,62.0,365.0,462.9366760253906,3.525624990463257,64.1,529.0,57.0,286.0,412.79144287109375,4.025625228881836,65.0,410.0,52.0,252.0,0.0,0.0,0.0,0.0,0.0,0.0,124.6012191772461,1.3381249904632568,72.2,90.0,16.0,365.0,0.0,0.0,0.0,0.0,0.0,0.0,0.0,0.0,0.0,0.0,0.0,0.0,0.0,0.0,0.0,0.0,0.0,0.0
original,2.5,2.5,0.06,9.0,0.0,9.0,7,4,525.0,3.04,0.0,0.0,0.0,0.0,0.0,0.0,0.0,0.0,0.0,0.0,0.0,0.0,0.0,0.0,0.0,0.0,0.0,0.0,524.7597045898438,3.041249990463257,64.7,476.0,66.0,286.0,0.0,0.0,0.0,0.0,0.0,0.0,508.0306091308594,3.119374990463257,65.9,523.0,62.0,365.0,462.9366760253906,3.525624990463257,64.5,529.0,56.0,286.0,412.5611572265625,4.025625228881836,65.4,411.0,51.0,255.0,0.0,0.0,0.0,0.0,0.0,0.0,124.6012191772461,1.3381249904632568,72.9,91.0,16.0,365.0,0.0,0.0,0.0,0.0,0.0,0.0,0.0,0.0,0.0,0.0,0.0,0.0,0.0,0.0,0.0,0.0,0.0,0.0
original,2.5,2.5,0.08,12.0,0.0,12.0,7,4,525.0,3.04,0.0,0.0,0.0,0.0,0.0,0.0,0.0,0.0,0.0,0.0,0.0,0.0,0.0,0.0,0.0,0.0,0.0,0.0,524.7597045898438,3.041249990463257,65.4,478.0,66.0,286.0,0.0,0.0,0.0,0.0,0.0,0.0,508.0813293457031,3.119374990463257,67.2,525.0,61.0,365.0,462.9366760253906,3.525624990463257,65.2,531.0,56.0,286.0,412.5447692871094,4.025625228881836,66.3,413.0,51.0,257.0,0.0,0.0,0.0,0.0,0.0,0.0,124.61531829833984,1.3381249904632568,73.9,91.0,16.0,365.0,0.0,0.0,0.0,0.0,0.0,0.0,0.0,0.0,0.0,0.0,0.0,0.0,0.0,0.0,0.0,0.0,0.0,0.0
original,2.5,2.5,0.1,15.0,0.0,15.0,7,4,525.0,3.04,0.0,0.0,0.0,0.0,0.0,0.0,0.0,0.0,0.0,0.0,0.0,0.0,0.0,0.0,0.0,0.0,0.0,0.0,524.7597045898438,3.041249990463257,66.0,479.0,66.0,286.0,0.0,0.0,0.0,0.0,0.0,0.0,508.1319885253906,3.119374990463257,68.3,526.0,60.0,365.0,462.9366760253906,3.525624990463257,65.8,532.0,56.0,286.0,412.5447692871094,4.025625228881836,66.9,414.0,51.0,257.0,0.0,0.0,0.0,0.0,0.0,0.0,124.61531829833984,1.3381249904632568,74.7,91.0,16.0,365.0,0.0,0.0,0.0,0.0,0.0,0.0,0.0,0.0,0.0,0.0,0.0,0.0,0.0,0.0,0.0,0.0,0.0,0.0
original,2.5,2.5,0.12,18.0,0.0,18.0,7,4,525.0,3.04,0.0,0.0,0.0,0.0,0.0,0.0,0.0,0.0,0.0,0.0,0.0,0.0,0.0,0.0,0.0,0.0,0.0,0.0,524.7597045898438,3.041249990463257,67.2,481.0,65.0,286.0,0.0,0.0,0.0,0.0,0.0,0.0,508.2380676269531,3.134999990463257,69.3,527.0,59.0,365.0,462.9366760253906,3.525624990463257,66.9,534.0,55.0,286.0,412.5447692871094,4.025625228881836,67.7,415.0,50.0,257.0,0.0,0.0,0.0,0.0,0.0,0.0,124.61531829833984,1.3381249904632568,75.3,91.0,16.0,365.0,0.0,0.0,0.0,0.0,0.0,0.0,0.0,0.0,0.0,0.0,0.0,0.0,0.0,0.0,0.0,0.0,0.0,0.0
original,2.5,2.5,0.15,22.5,0.0,22.5,7,4,525.0,3.04,0.0,0.0,0.0,0.0,0.0,0.0,0.0,0.0,0.0,0.0,0.0,0.0,0.0,0.0,0.0,0.0,0.0,0.0,524.7597045898438,3.041249990463257,68.5,483.0,65.0,286.0,0.0,0.0,0.0,0.0,0.0,0.0,508.2655944824219,3.103749990463257,70.8,529.0,58.0,365.0,462.9366760253906,3.525624990463257,68.3,536.0,55.0,286.0,412.65386962890625,4.025625228881836,69.0,417.0,50.0,256.0,0.0,0.0,0.0,0.0,0.0,0.0,124.61531829833984,1.3381249904632568,76.1,91.0,16.0,365.0,0.0,0.0,0.0,0.0,0.0,0.0,0.0,0.0,0.0,0.0,0.0,0.0,0.0,0.0,0.0,0.0,0.0,0.0
original,2.5,2.5,0.2,30.0,0.0,30.0,7,4,525.0,3.04,0.0,0.0,0.0,0.0,0.0,0.0,0.0,0.0,0.0,0.0,0.0,0.0,0.0,0.0,0.0,0.0,0.0,0.0,524.7597045898438,3.041249990463257,70.6,486.0,65.0,286.0,0.0,0.0,0.0,0.0,0.0,0.0,508.3028259277344,3.119374990463257,72.8,530.0,56.0,365.0,462.9366760253906,3.525624990463257,70.5,539.0,53.0,286.0,412.65386962890625,4.025625228881836,70.8,421.0,49.0,256.0,0.0,0.0,0.0,0.0,0.0,0.0,124.61531829833984,1.3381249904632568,77.0,91.0,16.0,365.0,0.0,0.0,0.0,0.0,0.0,0.0,0.0,0.0,0.0,0.0,0.0,0.0,0.0,0.0,0.0,0.0,0.0,0.0
original,2.5,2.5,0.3,45.0,0.0,45.0,7,4,525.0,3.04,0.0,0.0,0.0,0.0,0.0,0.0,0.0,0.0,0.0,0.0,0.0,0.0,0.0,0.0,0.0,0.0,0.0,0.0,524.7597045898438,3.041249990463257,73.7,489.0,63.0,286.0,0.0,0.0,0.0,0.0,0.0,0.0,508.5177307128906,3.103749990463257,74.8,530.0,51.0,365.0,462.9366760253906,3.525624990463257,73.3,542.0,49.0,286.0,412.762939453125,4.025625228881836,73.3,427.0,48.0,255.0,0.0,0.0,0.0,0.0,0.0,0.0,124.61531829833984,1.3381249904632568,78.7,91.0,16.0,365.0,0.0,0.0,0.0,0.0,0.0,0.0,0.0,0.0,0.0,0.0,0.0,0.0,0.0,0.0,0.0,0.0,0.0,0.0
original,2.5,2.5,0.5,45.0,30.0,75.0,7,4,525.0,3.04,0.0,0.0,0.0,0.0,0.0,0.0,0.0,0.0,0.0,0.0,0.0,0.0,0.0,0.0,0.0,0.0,0.0,0.0,524.7597045898438,3.041249990463257,76.8,489.0,0.0,286.0,0.0,0.0,0.0,0.0,0.0,0.0,509.7164001464844,3.134999990463257,76.2,531.0,2.0,365.0,462.9366760253906,3.525624990463257,75.3,542.0,9.0,286.0,410.0357666015625,4.025625228881836,75.6,425.0,24.0,280.0,0.0,0.0,0.0,0.0,0.0,0.0,194.36026000976562,2.134999990463257,78.7,161.0,0.0,365.0,0.0,0.0,0.0,0.0,0.0,0.0,0.0,0.0,0.0,0.0,0.0,0.0,0.0,0.0,0.0,0.0,0.0,0.0
original,2.5,2.5,1.5,45.0,180.0,225.0,7,4,525.0,3.04,0.0,0.0,0.0,0.0,0.0,0.0,0.0,0.0,0.0,0.0,0.0,0.0,0.0,0.0,0.0,0.0,0.0,0.0,524.7597045898438,3.041249990463257,76.8,489.0,0.0,286.0,0.0,0.0,0.0,0.0,0.0,0.0,509.7164001464844,3.134999990463257,76.2,531.0,2.0,365.0,462.9366760253906,3.525624990463257,75.3,542.0,9.0,286.0,410.0357666015625,4.025625228881836,75.6,425.0,24.0,280.0,0.0,0.0,0.0,0.0,0.0,0.0,194.36026000976562,2.134999990463257,78.7,161.0,0.0,365.0,0.0,0.0,0.0,0.0,0.0,0.0,0.0,0.0,0.0,0.0,0.0,0.0,0.0,0.0,0.0,0.0,0.0,0.0
original,2.3,2.3,0.01,1.5,0.0,1.5,7,4,525.0,3.01,0.0,0.0,0.0,0.0,0.0,0.0,0.0,0.0,0.0,0.0,0.0,0.0,0.0,0.0,0.0,0.0,0.0,0.0,524.8968505859375,3.009999990463257,56.7,435.0,86.0,286.0,0.0,0.0,0.0,0.0,0.0,0.0,504.31158447265625,3.072499990463257,55.3,466.0,82.0,365.0,466.38787841796875,3.525624990463257,55.8,486.0,77.0,286.0,395.4333190917969,4.025625228881836,57.3,385.0,63.0,213.0,0.0,0.0,0.0,0.0,0.0,0.0,125.07974243164062,1.3381249904632568,63.2,90.0,18.0,365.0,0.0,0.0,0.0,0.0,0.0,0.0,0.0,0.0,0.0,0.0,0.0,0.0,0.0,0.0,0.0,0.0,0.0,0.0
original,2.3,2.3,0.02,3.0,0.0,3.0,7,4,531.0,3.06,0.0,0.0,0.0,0.0,0.0,0.0,0.0,0.0,0.0,0.0,0.0,0.0,0.0,0.0,0.0,0.0,0.0,0.0,530.999755859375,3.056874990463257,61.3,474.0,72.0,286.0,0.0,0.0,0.0,0.0,0.0,0.0,508.689453125,3.072499990463257,59.6,498.0,72.0,365.0,469.63922119140625,3.541249990463257,60.7,530.0,60.0,286.0,419.8910827636719,4.025625228881836,61.8,410.0,55.0,245.0,0.0,0.0,0.0,0.0,0.0,0.0,125.29435729980469,1.3381249904632568,68.2,90.0,17.0,365.0,0.0,0.0,0.0,0.0,0.0,0.0,0.0,0.0,0.0,0.0,0.0,0.0,0.0,0.0,0.0,0.0,0.0,0.0
original,2.3,2.3,0.03,4.5,0.0,4.5,7,4,532.0,3.03,0.0,0.0,0.0,0.0,0.0,0.0,0.0,0.0,0.0,0.0,0.0,0.0,0.0,0.0,0.0,0.0,0.0,0.0,532.0464477539062,3.025624990463257,63.2,478.0,66.0,286.0,0.0,0.0,0.0,0.0,0.0,0.0,511.7379150390625,3.134999990463257,62.0,516.0,63.0,365.0,469.84771728515625,3.541249990463257,62.4,530.0,58.0,286.0,419.595947265625,4.025625228881836,63.8,413.0,52.0,247.0,0.0,0.0,0.0,0.0,0.0,0.0,125.34725952148438,1.3381249904632568,70.3,91.0,16.0,365.0,0.0,0.0,0.0,0.0,0.0,0.0,0.0,0.0,0.0,0.0,0.0,0.0,0.0,0.0,0.0,0.0,0.0,0.0
original,2.3,2.3,0.04,6.0,0.0,6.0,7,4,532.0,3.03,0.0,0.0,0.0,0.0,0.0,0.0,0.0,0.0,0.0,0.0,0.0,0.0,0.0,0.0,0.0,0.0,0.0,0.0,532.0464477539062,3.025624990463257,64.0,478.0,66.0,286.0,0.0,0.0,0.0,0.0,0.0,0.0,513.8751831054688,3.150624990463257,64.3,527.0,64.0,365.0,469.84771728515625,3.541249990463257,63.5,532.0,58.0,286.0,419.15325927734375,4.025625228881836,64.8,414.0,52.0,250.0,0.0,0.0,0.0,0.0,0.0,0.0,125.38235473632812,1.3381249904632568,71.7,91.0,16.0,365.0,0.0,0.0,0.0,0.0,0.0,0.0,0.0,0.0,0.0,0.0,0.0,0.0,0.0,0.0,0.0,0.0,0.0,0.0
original,2.3,2.3,0.05,7.5,0.0,7.5,7,4,532.0,3.03,0.0,0.0,0.0,0.0,0.0,0.0,0.0,0.0,0.0,0.0,0.0,0.0,0.0,0.0,0.0,0.0,0.0,0.0,532.0464477539062,3.025624990463257,64.3,479.0,66.0,286.0,0.0,0.0,0.0,0.0,0.0,0.0,513.8892211914062,3.072499990463257,65.1,527.0,63.0,365.0,469.84771728515625,3.541249990463257,64.1,533.0,57.0,286.0,418.7105712890625,4.025625228881836,65.2,415.0,52.0,253.0,0.0,0.0,0.0,0.0,0.0,0.0,125.39985656738281,1.3381249904632568,72.5,91.0,16.0,365.0,0.0,0.0,0.0,0.0,0.0,0.0,0.0,0.0,0.0,0.0,0.0,0.0,0.0,0.0,0.0,0.0,0.0,0.0
original,2.3,2.3,0.06,9.0,0.0,9.0,7,4,532.0,3.03,0.0,0.0,0.0,0.0,0.0,0.0,0.0,0.0,0.0,0.0,0.0,0.0,0.0,0.0,0.0,0.0,0.0,0.0,532.0464477539062,3.025624990463257,64.8,480.0,66.0,286.0,0.0,0.0,0.0,0.0,0.0,0.0,514.0344848632812,3.134999990463257,65.9,528.0,62.0,365.0,469.84771728515625,3.541249990463257,64.5,534.0,57.0,286.0,418.4800720214844,4.025625228881836,65.6,415.0,52.0,256.0,0.0,0.0,0.0,0.0,0.0,0.0,125.41731262207031,1.3381249904632568,73.3,91.0,16.0,365.0,0.0,0.0,0.0,0.0,0.0,0.0,0.0,0.0,0.0,0.0,0.0,0.0,0.0,0.0,0.0,0.0,0.0,0.0
original,2.3,2.3,0.08,12.0,0.0,12.0,7,4,532.0,3.03,0.0,0.0,0.0,0.0,0.0,0.0,0.0,0.0,0.0,0.0,0.0,0.0,0.0,0.0,0.0,0.0,0.0,0.0,532.0464477539062,3.025624990463257,65.3,481.0,66.0,286.0,0.0,0.0,0.0,0.0,0.0,0.0,514.0365600585938,3.150624990463257,67.3,530.0,61.0,365.0,469.84771728515625,3.541249990463257,65.1,535.0,57.0,286.0,418.4655456542969,4.025625228881836,66.3,417.0,51.0,258.0,0.0,0.0,0.0,0.0,0.0,0.0,125.41731262207031,1.3381249904632568,74.1,91.0,16.0,365.0,0.0,0.0,0.0,0.0,0.0,0.0,0.0,0.0,0.0,0.0,0.0,0.0,0.0,0.0,0.0,0.0,0.0,0.0
original,2.3,2.3,0.1,15.0,0.0,15.0,7,4,532.0,3.03,0.0,0.0,0.0,0.0,0.0,0.0,0.0,0.0,0.0,0.0,0.0,0.0,0.0,0.0,0.0,0.0,0.0,0.0,532.0464477539062,3.025624990463257,66.2,483.0,66.0,286.0,0.0,0.0,0.0,0.0,0.0,0.0,514.0723876953125,3.119374990463257,68.6,531.0,60.0,365.0,469.84771728515625,3.541249990463257,65.8,537.0,56.0,286.0,418.4655456542969,4.025625228881836,67.1,418.0,51.0,258.0,0.0,0.0,0.0,0.0,0.0,0.0,125.41731262207031,1.3381249904632568,74.8,91.0,16.0,365.0,0.0,0.0,0.0,0.0,0.0,0.0,0.0,0.0,0.0,0.0,0.0,0.0,0.0,0.0,0.0,0.0,0.0,0.0
original,2.3,2.3,0.12,18.0,0.0,18.0,7,4,532.0,3.03,0.0,0.0,0.0,0.0,0.0,0.0,0.0,0.0,0.0,0.0,0.0,0.0,0.0,0.0,0.0,0.0,0.0,0.0,532.0464477539062,3.025624990463257,67.1,484.0,66.0,286.0,0.0,0.0,0.0,0.0,0.0,0.0,514.0880737304688,3.134999990463257,69.6,532.0,60.0,365.0,469.84771728515625,3.541249990463257,66.9,538.0,55.0,286.0,418.4655456542969,4.025625228881836,68.0,420.0,51.0,258.0,0.0,0.0,0.0,0.0,0.0,0.0,125.41731262207031,1.3381249904632568,75.5,91.0,16.0,365.0,0.0,0.0,0.0,0.0,0.0,0.0,0.0,0.0,0.0,0.0,0.0,0.0,0.0,0.0,0.0,0.0,0.0,0.0
original,2.3,2.3,0.15,22.5,0.0,22.5,7,4,532.0,3.03,0.0,0.0,0.0,0.0,0.0,0.0,0.0,0.0,0.0,0.0,0.0,0.0,0.0,0.0,0.0,0.0,0.0,0.0,532.0464477539062,3.025624990463257,68.6,486.0,66.0,286.0,0.0,0.0,0.0,0.0,0.0,0.0,514.1256713867188,3.119374990463257,70.9,533.0,59.0,365.0,469.84771728515625,3.541249990463257,68.4,540.0,55.0,286.0,418.5754699707031,4.025625228881836,69.1,422.0,51.0,257.0,0.0,0.0,0.0,0.0,0.0,0.0,125.41731262207031,1.3381249904632568,76.2,91.0,16.0,365.0,0.0,0.0,0.0,0.0,0.0,0.0,0.0,0.0,0.0,0.0,0.0,0.0,0.0,0.0,0.0,0.0,0.0,0.0
original,2.3,2.3,0.2,30.0,0.0,30.0,7,4,532.0,3.03,0.0,0.0,0.0,0.0,0.0,0.0,0.0,0.0,0.0,0.0,0.0,0.0,0.0,0.0,0.0,0.0,0.0,0.0,532.0464477539062,3.025624990463257,70.5,490.0,65.0,286.0,0.0,0.0,0.0,0.0,0.0,0.0,514.178955078125,3.119374990463257,72.8,535.0,56.0,365.0,469.84771728515625,3.541249990463257,70.3,544.0,54.0,286.0,418.6853942871094,4.025625228881836,70.7,425.0,50.0,256.0,0.0,0.0,0.0,0.0,0.0,0.0,125.41731262207031,1.3381249904632568,77.2,91.0,16.0,365.0,0.0,0.0,0.0,0.0,0.0,0.0,0.0,0.0,0.0,0.0,0.0,0.0,0.0,0.0,0.0,0.0,0.0,0.0
original,2.3,2.3,0.3,45.0,0.0,45.0,7,4,532.0,3.03,0.0,0.0,0.0,0.0,0.0,0.0,0.0,0.0,0.0,0.0,0.0,0.0,0.0,0.0,0.0,0.0,0.0,0.0,532.0464477539062,3.025624990463257,73.6,492.0,64.0,286.0,0.0,0.0,0.0,0.0,0.0,0.0,514.4500122070312,3.150624990463257,74.8,535.0,51.0,365.0,469.84771728515625,3.541249990463257,73.3,546.0,50.0,286.0,418.6853942871094,4.025625228881836,73.5,431.0,49.0,256.0,0.0,0.0,0.0,0.0,0.0,0.0,125.41731262207031,1.3381249904632568,78.7,91.0,16.0,365.0,0.0,0.0,0.0,0.0,0.0,0.0,0.0,0.0,0.0,0.0,0.0,0.0,0.0,0.0,0.0,0.0,0.0,0.0
original,2.3,2.3,0.5,45.0,30.0,75.0,7,4,532.0,3.03,0.0,0.0,0.0,0.0,0.0,0.0,0.0,0.0,0.0,0.0,0.0,0.0,0.0,0.0,0.0,0.0,0.0,0.0,532.0464477539062,3.025624990463257,76.8,492.0,0.0,286.0,0.0,0.0,0.0,0.0,0.0,0.0,515.9111938476562,3.150624990463257,76.2,536.0,2.0,365.0,469.84771728515625,3.541249990463257,75.5,546.0,10.0,286.0,416.0039367675781,4.025625228881836,75.7,429.0,24.0,281.0,0.0,0.0,0.0,0.0,0.0,0.0,196.51641845703125,2.134999990463257,78.8,162.0,0.0,365.0,0.0,0.0,0.0,0.0,0.0,0.0,0.0,0.0,0.0,0.0,0.0,0.0,0.0,0.0,0.0,0.0,0.0,0.0
original,2.3,2.3,1.5,45.0,180.0,225.0,7,4,532.0,3.03,0.0,0.0,0.0,0.0,0.0,0.0,0.0,0.0,0.0,0.0,0.0,0.0,0.0,0.0,0.0,0.0,0.0,0.0,532.0464477539062,3.025624990463257,76.8,492.0,0.0,286.0,0.0,0.0,0.0,0.0,0.0,0.0,515.9111938476562,3.150624990463257,76.2,536.0,1.0,365.0,469.84771728515625,3.541249990463257,75.5,546.0,9.0,286.0,416.0039367675781,4.025625228881836,75.7,429.0,24.0,281.0,0.0,0.0,0.0,0.0,0.0,0.0,196.51641845703125,2.134999990463257,78.8,162.0,0.0,365.0,0.0,0.0,0.0,0.0,0.0,0.0,0.0,0.0,0.0,0.0,0.0,0.0,0.0,0.0,0.0,0.0,0.0,0.0
original,2.2,2.2,0.01,1.5,0.0,1.5,7,4,520.0,3.04,0.0,0.0,0.0,0.0,0.0,0.0,0.0,0.0,0.0,0.0,0.0,0.0,0.0,0.0,0.0,0.0,0.0,0.0,519.9390258789062,3.041249990463257,56.5,437.0,85.0,286.0,0.0,0.0,0.0,0.0,0.0,0.0,503.3763427734375,3.088124990463257,55.2,462.0,83.0,365.0,465.9131164550781,3.525624990463257,55.6,479.0,77.0,286.0,382.36639404296875,3.884999990463257,57.0,374.0,62.0,210.0,0.0,0.0,0.0,0.0,0.0,0.0,124.49830627441406,1.3224999904632568,63.2,89.0,18.0,365.0,0.0,0.0,0.0,0.0,0.0,0.0,0.0,0.0,0.0,0.0,0.0,0.0,0.0,0.0,0.0,0.0,0.0,0.0
original,2.2,2.2,0.02,3.0,0.0,3.0,7,4,524.0,3.03,0.0,0.0,0.0,0.0,0.0,0.0,0.0,0.0,0.0,0.0,0.0,0.0,0.0,0.0,0.0,0.0,0.0,0.0,524.3245239257812,3.025624990463257,60.5,464.0,75.0,286.0,0.0,0.0,0.0,0.0,0.0,0.0,507.7080993652344,3.119374990463257,59.3,492.0,72.0,365.0,467.8809509277344,3.509999990463257,59.7,511.0,64.0,286.0,416.0433349609375,4.025625228881836,61.5,406.0,56.0,245.0,0.0,0.0,0.0,0.0,0.0,0.0,124.73676300048828,1.3381249904632568,68.1,90.0,17.0,365.0,0.0,0.0,0.0,0.0,0.0,0.0,0.0,0.0,0.0,0.0,0.0,0.0,0.0,0.0,0.0,0.0,0.0,0.0
original,2.2,2.2,0.03,4.5,0.0,4.5,7,4,528.0,3.04,0.0,0.0,0.0,0.0,0.0,0.0,0.0,0.0,0.0,0.0,0.0,0.0,0.0,0.0,0.0,0.0,0.0,0.0,528.2622680664062,3.041249990463257,63.2,486.0,66.0,286.0,0.0,0.0,0.0,0.0,0.0,0.0,510.79681396484375,3.103749990463257,61.8,511.0,64.0,365.0,469.9444580078125,3.541249990463257,62.3,530.0,58.0,286.0,415.748291015625,4.025625228881836,63.7,412.0,52.0,247.0,0.0,0.0,0.0,0.0,0.0,0.0,124.80599975585938,1.3224999904632568,66.3,90.0,15.0,365.0,0.0,0.0,0.0,0.0,0.0,0.0,0.0,0.0,0.0,0.0,0.0,0.0,0.0,0.0,0.0,0.0,0.0,0.0
original,2.2,2.2,0.04,6.0,0.0,6.0,7,4,528.0,3.04,0.0,0.0,0.0,0.0,0.0,0.0,0.0,0.0,0.0,0.0,0.0,0.0,0.0,0.0,0.0,0.0,0.0,0.0,528.3707885742188,3.041249990463257,63.7,487.0,66.0,286.0,0.0,0.0,0.0,0.0,0.0,0.0,513.8053588867188,3.119374990463257,64.3,525.0,64.0,365.0,470.07806396484375,3.541249990463257,63.3,532.0,58.0,286.0,415.30572509765625,4.025625228881836,64.7,412.0,51.0,250.0,0.0,0.0,0.0,0.0,0.0,0.0,124.85675811767578,1.3381249904632568,71.1,91.0,15.0,365.0,0.0,0.0,0.0,0.0,0.0,0.0,0.0,0.0,0.0,0.0,0.0,0.0,0.0,0.0,0.0,0.0,0.0,0.0
original,2.2,2.2,0.05,7.5,0.0,7.5,7,4,528.0,3.04,0.0,0.0,0.0,0.0,0.0,0.0,0.0,0.0,0.0,0.0,0.0,0.0,0.0,0.0,0.0,0.0,0.0,0.0,528.3707885742188,3.041249990463257,64.2,488.0,66.0,286.0,0.0,0.0,0.0,0.0,0.0,0.0,513.7227172851562,3.103749990463257,65.0,526.0,63.0,365.0,470.07806396484375,3.541249990463257,63.8,533.0,57.0,286.0,414.8631591796875,4.025625228881836,65.0,413.0,51.0,253.0,0.0,0.0,0.0,0.0,0.0,0.0,124.87378692626953,1.3381249904632568,72.5,91.0,15.0,365.0,0.0,0.0,0.0,0.0,0.0,0.0,0.0,0.0,0.0,0.0,0.0,0.0,0.0,0.0,0.0,0.0,0.0,0.0
original,2.2,2.2,0.06,9.0,0.0,9.0,7,4,528.0,3.04,0.0,0.0,0.0,0.0,0.0,0.0,0.0,0.0,0.0,0.0,0.0,0.0,0.0,0.0,0.0,0.0,0.0,0.0,528.3707885742188,3.041249990463257,64.6,488.0,66.0,286.0,0.0,0.0,0.0,0.0,0.0,0.0,513.7678833007812,3.134999990463257,65.8,527.0,62.0,365.0,470.07806396484375,3.541249990463257,64.3,533.0,57.0,286.0,414.6312255859375,4.025625228881836,65.4,414.0,51.0,256.0,0.0,0.0,0.0,0.0,0.0,0.0,124.87378692626953,1.3381249904632568,73.2,91.0,16.0,365.0,0.0,0.0,0.0,0.0,0.0,0.0,0.0,0.0,0.0,0.0,0.0,0.0,0.0,0.0,0.0,0.0,0.0,0.0
original,2.2,2.2,0.08,12.0,0.0,12.0,7,4,528.0,3.04,0.0,0.0,0.0,0.0,0.0,0.0,0.0,0.0,0.0,0.0,0.0,0.0,0.0,0.0,0.0,0.0,0.0,0.0,528.3707885742188,3.041249990463257,65.3,490.0,65.0,286.0,0.0,0.0,0.0,0.0,0.0,0.0,513.6976928710938,3.119374990463257,67.1,529.0,61.0,365.0,470.07806396484375,3.541249990463257,65.1,535.0,57.0,286.0,414.6161804199219,4.025625228881836,66.3,415.0,51.0,258.0,0.0,0.0,0.0,0.0,0.0,0.0,124.87378692626953,1.3381249904632568,74.2,91.0,16.0,365.0,0.0,0.0,0.0,0.0,0.0,0.0,0.0,0.0,0.0,0.0,0.0,0.0,0.0,0.0,0.0,0.0,0.0,0.0
original,2.2,2.2,0.1,15.0,0.0,15.0,7,4,528.0,3.04,0.0,0.0,0.0,0.0,0.0,0.0,0.0,0.0,0.0,0.0,0.0,0.0,0.0,0.0,0.0,0.0,0.0,0.0,528.3707885742188,3.041249990463257,66.1,491.0,65.0,286.0,0.0,0.0,0.0,0.0,0.0,0.0,513.8300170898438,3.103749990463257,68.4,530.0,60.0,365.0,470.07806396484375,3.541249990463257,65.8,536.0,56.0,286.0,414.6161804199219,4.025625228881836,67.1,416.0,51.0,258.0,0.0,0.0,0.0,0.0,0.0,0.0,124.87378692626953,1.3381249904632568,74.8,91.0,16.0,365.0,0.0,0.0,0.0,0.0,0.0,0.0,0.0,0.0,0.0,0.0,0.0,0.0,0.0,0.0,0.0,0.0,0.0,0.0
original,2.2,2.2,0.12,18.0,0.0,18.0,7,4,528.0,3.04,0.0,0.0,0.0,0.0,0.0,0.0,0.0,0.0,0.0,0.0,0.0,0.0,0.0,0.0,0.0,0.0,0.0,0.0,528.3707885742188,3.041249990463257,67.0,493.0,65.0,286.0,0.0,0.0,0.0,0.0,0.0,0.0,513.8756103515625,3.134999990463257,69.4,531.0,60.0,365.0,470.07806396484375,3.541249990463257,66.7,538.0,55.0,286.0,414.6161804199219,4.025625228881836,67.8,418.0,50.0,258.0,0.0,0.0,0.0,0.0,0.0,0.0,124.8907699584961,1.3381249904632568,75.5,91.0,16.0,365.0,0.0,0.0,0.0,0.0,0.0,0.0,0.0,0.0,0.0,0.0,0.0,0.0,0.0,0.0,0.0,0.0,0.0,0.0
original,2.2,2.2,0.15,22.5,0.0,22.5,7,4,528.0,3.04,0.0,0.0,0.0,0.0,0.0,0.0,0.0,0.0,0.0,0.0,0.0,0.0,0.0,0.0,0.0,0.0,0.0,0.0,528.3707885742188,3.041249990463257,68.4,495.0,65.0,286.0,0.0,0.0,0.0,0.0,0.0,0.0,513.954345703125,3.119374990463257,70.7,533.0,59.0,365.0,470.07806396484375,3.541249990463257,68.2,540.0,55.0,286.0,414.7277526855469,4.025625228881836,69.1,420.0,50.0,257.0,0.0,0.0,0.0,0.0,0.0,0.0,124.8907699584961,1.3381249904632568,76.2,91.0,16.0,365.0,0.0,0.0,0.0,0.0,0.0,0.0,0.0,0.0,0.0,0.0,0.0,0.0,0.0,0.0,0.0,0.0,0.0,0.0
original,2.2,2.2,0.2,30.0,0.0,30.0,7,4,528.0,3.04,0.0,0.0,0.0,0.0,0.0,0.0,0.0,0.0,0.0,0.0,0.0,0.0,0.0,0.0,0.0,0.0,0.0,0.0,528.3707885742188,3.041249990463257,70.3,498.0,65.0,286.0,0.0,0.0,0.0,0.0,0.0,0.0,514.1311645507812,3.134999990463257,72.5,534.0,56.0,365.0,470.07806396484375,3.541249990463257,70.1,543.0,54.0,286.0,414.7277526855469,4.025625228881836,70.6,423.0,50.0,257.0,0.0,0.0,0.0,0.0,0.0,0.0,124.8907699584961,1.3381249904632568,77.2,91.0,16.0,365.0,0.0,0.0,0.0,0.0,0.0,0.0,0.0,0.0,0.0,0.0,0.0,0.0,0.0,0.0,0.0,0.0,0.0,0.0
original,2.2,2.2,0.3,45.0,0.0,45.0,7,4,528.0,3.04,0.0,0.0,0.0,0.0,0.0,0.0,0.0,0.0,0.0,0.0,0.0,0.0,0.0,0.0,0.0,0.0,0.0,0.0,528.3707885742188,3.041249990463257,73.3,501.0,63.0,286.0,0.0,0.0,0.0,0.0,0.0,0.0,514.221435546875,3.119374990463257,74.6,534.0,51.0,365.0,470.07806396484375,3.541249990463257,73.1,546.0,50.0,286.0,414.8393859863281,4.025625228881836,73.2,429.0,48.0,256.0,0.0,0.0,0.0,0.0,0.0,0.0,124.8907699584961,1.3381249904632568,78.8,91.0,16.0,365.0,0.0,0.0,0.0,0.0,0.0,0.0,0.0,0.0,0.0,0.0,0.0,0.0,0.0,0.0,0.0,0.0,0.0,0.0
original,2.2,2.2,0.5,45.0,30.0,75.0,7,4,528.0,3.04,0.0,0.0,0.0,0.0,0.0,0.0,0.0,0.0,0.0,0.0,0.0,0.0,0.0,0.0,0.0,0.0,0.0,0.0,528.3707885742188,3.041249990463257,76.8,501.0,0.0,286.0,0.0,0.0,0.0,0.0,0.0,0.0,516.1062622070312,3.134999990463257,76.2,535.0,2.0,365.0,470.07806396484375,3.541249990463257,75.4,546.0,10.0,286.0,412.1169128417969,4.025625228881836,75.6,427.0,25.0,281.0,0.0,0.0,0.0,0.0,0.0,0.0,195.25914001464844,2.134999990463257,78.8,162.0,0.0,365.0,0.0,0.0,0.0,0.0,0.0,0.0,0.0,0.0,0.0,0.0,0.0,0.0,0.0,0.0,0.0,0.0,0.0,0.0
original,2.2,2.2,1.5,45.0,180.0,225.0,7,4,528.0,3.04,0.0,0.0,0.0,0.0,0.0,0.0,0.0,0.0,0.0,0.0,0.0,0.0,0.0,0.0,0.0,0.0,0.0,0.0,528.3707885742188,3.041249990463257,76.8,501.0,0.0,286.0,0.0,0.0,0.0,0.0,0.0,0.0,516.1062622070312,3.134999990463257,76.2,535.0,2.0,365.0,470.07806396484375,3.541249990463257,75.4,546.0,9.0,286.0,412.1169128417969,4.025625228881836,75.6,427.0,24.0,281.0,0.0,0.0,0.0,0.0,0.0,0.0,195.25914001464844,2.134999990463257,78.8,162.0,0.0,365.0,0.0,0.0,0.0,0.0,0.0,0.0,0.0,0.0,0.0,0.0,0.0,0.0,0.0,0.0,0.0,0.0,0.0,0.0
original,2.0,2.0,0.01,1.5,0.0,1.5,7,6,505.0,3.1,0.0,0.0,0.0,0.0,0.0,0.0,0.0,0.0,0.0,0.0,0.0,0.0,0.0,0.0,0.0,0.0,0.0,0.0,521.1113891601562,2.978749990463257,56.8,430.0,84.0,286.0,0.0,0.0,0.0,0.0,0.0,0.0,504.7869873046875,3.103749990463257,55.4,465.0,83.0,365.0,466.7846984863281,3.463124990463257,55.8,483.0,77.0,286.0,386.45550537109375,4.025625228881836,57.3,379.0,61.0,212.0,0.0,0.0,0.0,0.0,0.0,0.0,124.68340301513672,1.3224999904632568,63.2,89.0,18.0,365.0,0.0,0.0,0.0,0.0,0.0,0.0,0.0,0.0,0.0,0.0,0.0,0.0,0.0,0.0,0.0,0.0,0.0,0.0
original,2.0,2.0,0.02,3.0,0.0,3.0,7,6,509.0,3.09,0.0,0.0,0.0,0.0,0.0,0.0,0.0,0.0,0.0,0.0,0.0,0.0,0.0,0.0,0.0,0.0,0.0,0.0,524.890380859375,2.994374990463257,60.7,453.0,74.0,286.0,0.0,0.0,0.0,0.0,0.0,0.0,508.8456115722656,3.088124990463257,59.6,493.0,72.0,365.0,468.4908447265625,3.541249990463257,60.0,510.0,64.0,286.0,409.3740539550781,4.025625228881836,61.6,403.0,54.0,242.0,0.0,0.0,0.0,0.0,0.0,0.0,124.96800994873047,1.3224999904632568,68.1,90.0,17.0,365.0,0.0,0.0,0.0,0.0,0.0,0.0,0.0,0.0,0.0,0.0,0.0,0.0,0.0,0.0,0.0,0.0,0.0,0.0
original,2.0,2.0,0.03,4.5,0.0,4.5,7,4,529.0,3.03,0.0,0.0,0.0,0.0,0.0,0.0,0.0,0.0,0.0,0.0,0.0,0.0,0.0,0.0,0.0,0.0,0.0,0.0,528.6240234375,3.025624990463257,63.2,475.0,66.0,286.0,0.0,0.0,0.0,0.0,0.0,0.0,511.8126220703125,3.119374990463257,61.8,512.0,63.0,365.0,470.3929443359375,3.541249990463257,62.4,529.0,58.0,286.0,416.0466003417969,4.025625228881836,63.8,411.0,52.0,247.0,0.0,0.0,0.0,0.0,0.0,0.0,125.05001068115234,1.3224999904632568,66.3,90.0,16.0,365.0,0.0,0.0,0.0,0.0,0.0,0.0,0.0,0.0,0.0,0.0,0.0,0.0,0.0,0.0,0.0,0.0,0.0,0.0
original,2.0,2.0,0.04,6.0,0.0,6.0,7,4,529.0,3.06,0.0,0.0,0.0,0.0,0.0,0.0,0.0,0.0,0.0,0.0,0.0,0.0,0.0,0.0,0.0,0.0,0.0,0.0,528.75048828125,3.056874990463257,63.7,477.0,67.0,286.0,0.0,0.0,0.0,0.0,0.0,0.0,514.1131591796875,3.119374990463257,64.3,524.0,64.0,365.0,470.525390625,3.541249990463257,63.5,531.0,58.0,286.0,415.5998840332031,4.025625228881836,64.7,412.0,52.0,250.0,0.0,0.0,0.0,0.0,0.0,0.0,125.0988540649414,1.3224999904632568,71.0,90.0,16.0,365.0,0.0,0.0,0.0,0.0,0.0,0.0,0.0,0.0,0.0,0.0,0.0,0.0,0.0,0.0,0.0,0.0,0.0,0.0
original,2.0,2.0,0.05,7.5,0.0,7.5,7,4,529.0,3.06,0.0,0.0,0.0,0.0,0.0,0.0,0.0,0.0,0.0,0.0,0.0,0.0,0.0,0.0,0.0,0.0,0.0,0.0,528.75048828125,3.056874990463257,64.3,478.0,66.0,286.0,0.0,0.0,0.0,0.0,0.0,0.0,514.273681640625,3.119374990463257,65.1,525.0,63.0,365.0,470.525390625,3.541249990463257,64.0,532.0,57.0,286.0,415.1715393066406,4.056875228881836,65.0,413.0,51.0,252.0,0.0,0.0,0.0,0.0,0.0,0.0,125.13126373291016,1.3224999904632568,72.5,90.0,16.0,365.0,0.0,0.0,0.0,0.0,0.0,0.0,0.0,0.0,0.0,0.0,0.0,0.0,0.0,0.0,0.0,0.0,0.0,0.0
original,2.0,2.0,0.06,9.0,0.0,9.0,7,4,529.0,3.06,0.0,0.0,0.0,0.0,0.0,0.0,0.0,0.0,0.0,0.0,0.0,0.0,0.0,0.0,0.0,0.0,0.0,0.0,528.75048828125,3.056874990463257,64.7,478.0,66.0,286.0,0.0,0.0,0.0,0.0,0.0,0.0,514.2965698242188,3.103749990463257,65.9,526.0,62.0,365.0,470.525390625,3.541249990463257,64.5,533.0,57.0,286.0,414.91973876953125,4.025625228881836,65.4,413.0,51.0,256.0,0.0,0.0,0.0,0.0,0.0,0.0,125.13126373291016,1.3224999904632568,73.2,90.0,16.0,365.0,0.0,0.0,0.0,0.0,0.0,0.0,0.0,0.0,0.0,0.0,0.0,0.0,0.0,0.0,0.0,0.0,0.0,0.0
original,2.0,2.0,0.08,12.0,0.0,12.0,7,4,529.0,3.06,0.0,0.0,0.0,0.0,0.0,0.0,0.0,0.0,0.0,0.0,0.0,0.0,0.0,0.0,0.0,0.0,0.0,0.0,528.75048828125,3.056874990463257,65.3,480.0,66.0,286.0,0.0,0.0,0.0,0.0,0.0,0.0,514.22021484375,3.119374990463257,67.2,527.0,61.0,365.0,470.525390625,3.541249990463257,65.1,535.0,57.0,286.0,414.9046936035156,4.025625228881836,66.3,414.0,51.0,258.0,0.0,0.0,0.0,0.0,0.0,0.0,125.13126373291016,1.3224999904632568,74.2,90.0,16.0,365.0,0.0,0.0,0.0,0.0,0.0,0.0,0.0,0.0,0.0,0.0,0.0,0.0,0.0,0.0,0.0,0.0,0.0,0.0
original,2.0,2.0,0.1,15.0,0.0,15.0,7,4,529.0,3.06,0.0,0.0,0.0,0.0,0.0,0.0,0.0,0.0,0.0,0.0,0.0,0.0,0.0,0.0,0.0,0.0,0.0,0.0,528.75048828125,3.056874990463257,66.1,481.0,66.0,286.0,0.0,0.0,0.0,0.0,0.0,0.0,514.273681640625,3.119374990463257,68.3,529.0,60.0,365.0,470.525390625,3.541249990463257,65.8,536.0,56.0,286.0,414.9046936035156,4.025625228881836,67.1,416.0,51.0,258.0,0.0,0.0,0.0,0.0,0.0,0.0,125.13126373291016,1.3224999904632568,74.8,90.0,16.0,365.0,0.0,0.0,0.0,0.0,0.0,0.0,0.0,0.0,0.0,0.0,0.0,0.0,0.0,0.0,0.0,0.0,0.0,0.0
original,2.0,2.0,0.12,18.0,0.0,18.0,7,4,529.0,3.06,0.0,0.0,0.0,0.0,0.0,0.0,0.0,0.0,0.0,0.0,0.0,0.0,0.0,0.0,0.0,0.0,0.0,0.0,528.75048828125,3.056874990463257,67.0,483.0,66.0,286.0,0.0,0.0,0.0,0.0,0.0,0.0,514.4332275390625,3.119374990463257,69.4,530.0,60.0,365.0,470.525390625,3.541249990463257,66.7,537.0,55.0,286.0,414.9046936035156,4.025625228881836,67.8,417.0,50.0,258.0,0.0,0.0,0.0,0.0,0.0,0.0,125.13126373291016,1.3224999904632568,75.6,90.0,16.0,365.0,0.0,0.0,0.0,0.0,0.0,0.0,0.0,0.0,0.0,0.0,0.0,0.0,0.0,0.0,0.0,0.0,0.0,0.0
original,2.0,2.0,0.15,22.5,0.0,22.5,7,4,529.0,3.06,0.0,0.0,0.0,0.0,0.0,0.0,0.0,0.0,0.0,0.0,0.0,0.0,0.0,0.0,0.0,0.0,0.0,0.0,528.75048828125,3.056874990463257,68.5,485.0,65.0,286.0,0.0,0.0,0.0,0.0,0.0,0.0,514.5267333984375,3.119374990463257,70.7,532.0,59.0,365.0,470.525390625,3.541249990463257,68.3,539.0,55.0,286.0,415.0165100097656,4.025625228881836,69.1,419.0,50.0,257.0,0.0,0.0,0.0,0.0,0.0,0.0,125.13126373291016,1.3224999904632568,76.2,90.0,16.0,365.0,0.0,0.0,0.0,0.0,0.0,0.0,0.0,0.0,0.0,0.0,0.0,0.0,0.0,0.0,0.0,0.0,0.0,0.0
original,2.0,2.0,0.2,30.0,0.0,30.0,7,4,529.0,3.06,0.0,0.0,0.0,0.0,0.0,0.0,0.0,0.0,0.0,0.0,0.0,0.0,0.0,0.0,0.0,0.0,0.0,0.0,528.75048828125,3.056874990463257,70.4,488.0,65.0,286.0,0.0,0.0,0.0,0.0,0.0,0.0,514.57958984375,3.119374990463257,72.7,533.0,56.0,365.0,470.525390625,3.541249990463257,70.2,543.0,54.0,286.0,415.0165100097656,4.025625228881836,70.7,423.0,49.0,257.0,0.0,0.0,0.0,0.0,0.0,0.0,125.13126373291016,1.3224999904632568,77.2,90.0,16.0,365.0,0.0,0.0,0.0,0.0,0.0,0.0,0.0,0.0,0.0,0.0,0.0,0.0,0.0,0.0,0.0,0.0,0.0,0.0
original,2.0,2.0,0.3,45.0,0.0,45.0,7,4,529.0,3.06,0.0,0.0,0.0,0.0,0.0,0.0,0.0,0.0,0.0,0.0,0.0,0.0,0.0,0.0,0.0,0.0,0.0,0.0,528.75048828125,3.056874990463257,73.4,491.0,63.0,286.0,0.0,0.0,0.0,0.0,0.0,0.0,514.6673583984375,3.072499990463257,74.8,533.0,51.0,365.0,470.525390625,3.541249990463257,73.2,546.0,50.0,286.0,415.1282653808594,4.025625228881836,73.2,429.0,48.0,256.0,0.0,0.0,0.0,0.0,0.0,0.0,125.14742279052734,1.3224999904632568,78.8,90.0,16.0,365.0,0.0,0.0,0.0,0.0,0.0,0.0,0.0,0.0,0.0,0.0,0.0,0.0,0.0,0.0,0.0,0.0,0.0,0.0
original,2.0,2.0,0.5,45.0,30.0,75.0,7,4,529.0,3.06,0.0,0.0,0.0,0.0,0.0,0.0,0.0,0.0,0.0,0.0,0.0,0.0,0.0,0.0,0.0,0.0,0.0,0.0,528.75048828125,3.056874990463257,76.8,491.0,0.0,286.0,0.0,0.0,0.0,0.0,0.0,0.0,516.585693359375,3.119374990463257,76.2,534.0,2.0,365.0,470.525390625,3.541249990463257,75.4,546.0,10.0,286.0,412.4012145996094,4.025625228881836,75.7,427.0,25.0,281.0,0.0,0.0,0.0,0.0,0.0,0.0,195.54891967773438,2.134999990463257,78.9,161.0,0.0,365.0,0.0,0.0,0.0,0.0,0.0,0.0,0.0,0.0,0.0,0.0,0.0,0.0,0.0,0.0,0.0,0.0,0.0,0.0
original,2.0,2.0,1.5,45.0,180.0,225.0,7,4,529.0,3.06,0.0,0.0,0.0,0.0,0.0,0.0,0.0,0.0,0.0,0.0,0.0,0.0,0.0,0.0,0.0,0.0,0.0,0.0,528.75048828125,3.056874990463257,76.8,491.0,0.0,286.0,0.0,0.0,0.0,0.0,0.0,0.0,516.585693359375,3.119374990463257,76.2,534.0,2.0,365.0,470.525390625,3.541249990463257,75.4,546.0,9.0,286.0,412.4012145996094,4.025625228881836,75.7,427.0,24.0,281.0,0.0,0.0,0.0,0.0,0.0,0.0,195.54891967773438,2.134999990463257,78.9,161.0,0.0,365.0,0.0,0.0,0.0,0.0,0.0,0.0,0.0,0.0,0.0,0.0,0.0,0.0,0.0,0.0,0.0,0.0,0.0,0.0
mckenzie2003,5.0,5.0,0.01,2.369999885559082,0.0,2.369999885559082,4,7,144.0,0.82,0.0,0.0,0.0,0.0,0.0,0.0,0.0,0.0,0.0,0.0,0.0,0.0,0.0,0.0,0.0,0.0,0.0,0.0,107.1325454711914,0.40062499046325684,62.6,72.0,39.0,286.0,0.0,0.0,0.0,0.0,0.0,0.0,89.68722534179688,0.38499999046325684,62.7,57.0,33.0,365.0,143.5029296875,0.8224999904632568,62.5,125.0,52.0,286.0,0.0,0.0,0.0,0.0,0.0,0.0,0.0,0.0,0.0,0.0,0.0,0.0,10.705434799194336,0.10374999046325684,68.7,5.0,4.0,365.0,0.0,0.0,0.0,0.0,0.0,0.0,0.0,0.0,0.0,0.0,0.0,0.0,0.0,0.0,0.0,0.0,0.0,0.0
mckenzie2003,5.0,5.0,0.02,4.739999771118164,0.0,4.739999771118164,4,7,235.0,1.57,0.0,0.0,0.0,0.0,0.0,0.0,0.0,0.0,0.0,0.0,0.0,0.0,0.0,0.0,0.0,0.0,0.0,0.0,178.81285095214844,0.7599999904632568,63.7,133.0,65.0,286.0,0.0,0.0,0.0,0.0,0.0,0.0,150.0281524658203,0.7131249904632568,66.6,111.0,55.0,365.0,234.8820037841797,1.5724999904632568,63.4,230.0,86.0,286.0,0.0,0.0,0.0,0.0,0.0,0.0,0.0,0.0,0.0,0.0,0.0,0.0,16.864822387695312,0.16624999046325684,71.2,10.0,6.0,365.0,0.0,0.0,0.0,0.0,0.0,0.0,0.0,0.0,0.0,0.0,0.0,0.0,0.0,0.0,0.0,0.0,0.0,0.0
mckenzie2003,5.0,5.0,0.03,7.110000133514404,0.0,7.110000133514404,4,7,301.0,2.14,0.0,0.0,0.0,0.0,0.0,0.0,0.0,0.0,0.0,0.0,0.0,0.0,0.0,0.0,0.0,0.0,0.0,0.0,244.4495086669922,1.1506249904632568,64.9,192.0,89.0,286.0,0.0,0.0,0.0,0.0,0.0,0.0,202.79293823242188,1.0099999904632568,67.9,159.0,74.0,365.0,301.1156921386719,2.134999990463257,64.6,328.0,110.0,286.0,0.0,0.0,0.0,0.0,0.0,0.0,0.0,0.0,0.0,0.0,0.0,0.0,22.791101455688477,0.24437499046325684,72.4,14.0,8.0,365.0,0.0,0.0,0.0,0.0,0.0,0.0,0.0,0.0,0.0,0.0,0.0,0.0,0.0,0.0,0.0,0.0,0.0,0.0
mckenzie2003,5.0,5.0,0.04,9.479999542236328,0.0,9.479999542236328,20,8,278.0,2.29,0.0,0.0,0.0,0.0,0.0,0.0,0.0,0.0,0.0,0.0,0.0,0.0,0.0,0.0,0.0,0.0,0.0,0.0,301.4518127441406,1.4943749904632568,65.3,245.0,110.0,286.0,0.0,0.0,0.0,0.0,0.0,0.0,247.99072265625,1.3068749904632568,68.8,203.0,91.0,365.0,347.3428955078125,2.619374990463257,64.8,409.0,127.0,286.0,277.84295654296875,2.291249990463257,65.3,244.0,101.0,196.0,0.0,0.0,0.0,0.0,0.0,0.0,28.45061492919922,0.29124999046325684,73.2,18.0,10.0,365.0,0.0,0.0,0.0,0.0,0.0,0.0,0.0,0.0,0.0,0.0,0.0,0.0,0.0,0.0,0.0,0.0,0.0,0.0
mckenzie2003,5.0,5.0,0.05,11.850000381469727,0.0,11.850000381469727,20,8,322.0,2.73,0.0,0.0,0.0,0.0,0.0,0.0,0.0,0.0,0.0,0.0,0.0,0.0,0.0,0.0,0.0,0.0,0.0,0.0,348.9489440917969,1.8068749904632568,65.8,294.0,127.0,286.0,0.0,0.0,0.0,0.0,0.0,0.0,286.12286376953125,1.5568749904632568,69.7,244.0,104.0,365.0,377.9563293457031,2.916249990463257,65.2,470.0,138.0,286.0,322.39471435546875,2.728749990463257,65.7,289.0,118.0,235.0,0.0,0.0,0.0,0.0,0.0,0.0,33.88808059692383,0.36937499046325684,73.9,22.0,12.0,365.0,0.0,0.0,0.0,0.0,0.0,0.0,0.0,0.0,0.0,0.0,0.0,0.0,0.0,0.0,0.0,0.0,0.0,0.0
mckenzie2003,5.0,5.0,0.06,14.170000076293945,0.0,14.170000076293945,4,7,413.0,3.26,0.0,0.0,0.0,0.0,0.0,0.0,0.0,0.0,0.0,0.0,0.0,0.0,0.0,0.0,0.0,0.0,0.0,0.0,386.60302734375,2.088124990463257,66.4,339.0,141.0,286.0,0.0,0.0,0.0,0.0,0.0,0.0,318.046630859375,1.7756249904632568,70.3,280.0,116.0,365.0,413.22418212890625,3.259999990463257,65.5,505.0,151.0,286.0,348.4979248046875,2.916249990463257,66.4,323.0,127.0,236.0,0.0,0.0,0.0,0.0,0.0,0.0,39.07332229614258,0.41624999046325684,74.3,26.0,14.0,365.0,0.0,0.0,0.0,0.0,0.0,0.0,0.0,0.0,0.0,0.0,0.0,0.0,0.0,0.0,0.0,0.0,0.0,0.0
mckenzie2003,5.0,5.0,0.08,18.809999465942383,0.0,18.809999465942383,4,7,428.0,3.37,0.0,0.0,0.0,0.0,0.0,0.0,0.0,0.0,0.0,0.0,0.0,0.0,0.0,0.0,0.0,0.0,0.0,0.0,439.1260681152344,2.509999990463257,67.8,412.0,160.0,286.0,0.0,0.0,0.0,0.0,0.0,0.0,366.24859619140625,2.166249990463257,71.3,343.0,130.0,365.0,427.92266845703125,3.369374990463257,67.1,518.0,153.0,286.0,381.6349182128906,3.525624990463257,67.8,380.0,139.0,240.0,0.0,0.0,0.0,0.0,0.0,0.0,48.76783752441406,0.5256249904632568,75.2,33.0,18.0,365.0,0.0,0.0,0.0,0.0,0.0,0.0,0.0,0.0,0.0,0.0,0.0,0.0,0.0,0.0,0.0,0.0,0.0,0.0
mckenzie2003,5.0,5.0,0.1,23.450000762939453,0.0,23.450000762939453,4,7,429.0,3.42,0.0,0.0,0.0,0.0,0.0,0.0,0.0,0.0,0.0,0.0,0.0,0.0,0.0,0.0,0.0,0.0,0.0,0.0,480.57928466796875,2.853749990463257,69.3,458.0,175.0,286.0,0.0,0.0,0.0,0.0,0.0,0.0,399.07916259765625,2.369374990463257,72.4,393.0,53.0,365.0,429.07244873046875,3.416249990463257,68.8,521.0,65.0,286.0,383.926025390625,4.025625228881836,69.1,407.0,137.0,247.0,0.0,0.0,0.0,0.0,0.0,0.0,57.713043212890625,0.6349999904632568,76.1,40.0,21.0,365.0,0.0,0.0,0.0,0.0,0.0,0.0,0.0,0.0,0.0,0.0,0.0,0.0,0.0,0.0,0.0,0.0,0.0,0.0
mckenzie2003,5.0,5.0,0.12,28.09000015258789,0.0,28.09000015258789,4,7,429.0,3.42,0.0,0.0,0.0,0.0,0.0,0.0,0.0,0.0,0.0,0.0,0.0,0.0,0.0,0.0,0.0,0.0,0.0,0.0,491.82708740234375,2.931874990463257,70.3,470.0,179.0,286.0,0.0,0.0,0.0,0.0,0.0,0.0,421.8576965332031,2.541249990463257,73.2,433.0,56.0,365.0,429.07244873046875,3.416249990463257,70.1,523.0,57.0,286.0,383.80743408203125,4.025625228881836,70.2,409.0,57.0,250.0,0.0,0.0,0.0,0.0,0.0,0.0,65.88876342773438,0.7131249904632568,76.7,46.0,24.0,365.0,0.0,0.0,0.0,0.0,0.0,0.0,0.0,0.0,0.0,0.0,0.0,0.0,0.0,0.0,0.0,0.0,0.0,0.0
mckenzie2003,5.0,5.0,0.15,35.04999923706055,0.0,35.04999923706055,7,6,444.0,2.74,0.0,0.0,0.0,0.0,0.0,0.0,0.0,0.0,0.0,0.0,0.0,0.0,0.0,0.0,0.0,0.0,0.0,0.0,494.00262451171875,2.931874990463257,71.8,475.0,89.0,286.0,0.0,0.0,0.0,0.0,0.0,0.0,444.48370361328125,2.744374990463257,74.2,476.0,57.0,365.0,429.07244873046875,3.416249990463257,71.7,525.0,56.0,286.0,383.80743408203125,4.025625228881836,71.6,411.0,51.0,250.0,0.0,0.0,0.0,0.0,0.0,0.0,77.01480865478516,0.8537499904632568,77.5,55.0,28.0,365.0,0.0,0.0,0.0,0.0,0.0,0.0,0.0,0.0,0.0,0.0,0.0,0.0,0.0,0.0,0.0,0.0,0.0,0.0
mckenzie2003,5.0,5.0,0.2,45.95000076293945,0.0,45.95000076293945,7,6,466.0,3.01,0.0,0.0,0.0,0.0,0.0,0.0,0.0,0.0,0.0,0.0,0.0,0.0,0.0,0.0,0.0,0.0,0.0,0.0,494.00262451171875,2.931874990463257,73.8,475.0,66.0,286.0,0.0,0.0,0.0,0.0,0.0,0.0,466.1892395019531,3.009999990463257,75.2,506.0,55.0,365.0,429.07244873046875,3.416249990463257,73.6,526.0,52.0,286.0,383.80743408203125,4.025625228881836,73.6,415.0,49.0,250.0,0.0,0.0,0.0,0.0,0.0,0.0,92.82866668701172,1.0256249904632568,78.5,68.0,15.0,365.0,0.0,0.0,0.0,0.0,0.0,0.0,0.0,0.0,0.0,0.0,0.0,0.0,0.0,0.0,0.0,0.0,0.0,0.0
mckenzie2003,5.0,5.0,0.3,67.75,0.0,67.75,7,6,472.0,3.01,0.0,0.0,0.0,0.0,0.0,0.0,0.0,0.0,0.0,0.0,0.0,0.0,0.0,0.0,0.0,0.0,0.0,0.0,494.00262451171875,2.931874990463257,76.3,475.0,59.0,286.0,0.0,0.0,0.0,0.0,0.0,0.0,472.4137878417969,3.009999990463257,77.0,513.0,41.0,365.0,429.07244873046875,3.416249990463257,75.9,526.0,41.0,286.0,382.07330322265625,4.025625228881836,76.5,413.0,43.0,267.0,0.0,0.0,0.0,0.0,0.0,0.0,116.73356628417969,1.3224999904632568,79.8,89.0,15.0,365.0,0.0,0.0,0.0,0.0,0.0,0.0,0.0,0.0,0.0,0.0,0.0,0.0,0.0,0.0,0.0,0.0,0.0,0.0
mckenzie2003,5.0,5.0,0.5,67.75,41.400001525878906,109.1500015258789,7,6,472.0,3.01,0.0,0.0,0.0,0.0,0.0,0.0,0.0,0.0,0.0,0.0,0.0,0.0,0.0,0.0,0.0,0.0,0.0,0.0,494.00262451171875,2.931874990463257,77.8,475.0,5.0,286.0,0.0,0.0,0.0,0.0,0.0,0.0,472.4137878417969,3.009999990463257,77.8,513.0,1.0,365.0,429.07244873046875,3.416249990463257,77.2,526.0,6.0,286.0,381.15521240234375,4.025625228881836,77.5,412.0,21.0,276.0,0.0,0.0,0.0,0.0,0.0,0.0,145.46170043945312,1.6818749904632568,79.9,117.0,1.0,365.0,0.0,0.0,0.0,0.0,0.0,0.0,0.0,0.0,0.0,0.0,0.0,0.0,0.0,0.0,0.0,0.0,0.0,0.0
mckenzie2003,5.0,5.0,1.5,67.75,230.8000030517578,298.54998779296875,7,6,472.0,3.01,0.0,0.0,0.0,0.0,0.0,0.0,0.0,0.0,0.0,0.0,0.0,0.0,0.0,0.0,0.0,0.0,0.0,0.0,494.00262451171875,2.931874990463257,78.5,475.0,0.0,286.0,0.0,0.0,0.0,0.0,0.0,0.0,472.4137878417969,3.009999990463257,78.0,513.0,0.0,365.0,429.07244873046875,3.416249990463257,77.4,526.0,0.0,286.0,381.15521240234375,4.025625228881836,77.7,412.0,11.0,276.0,0.0,0.0,0.0,0.0,0.0,0.0,178.69871520996094,2.072499990463257,79.9,155.0,0.0,365.0,0.0,0.0,0.0,0.0,0.0,0.0,0.0,0.0,0.0,0.0,0.0,0.0,0.0,0.0,0.0,0.0,0.0,0.0
mckenzie2003,4.0,4.0,0.01,2.369999885559082,0.0,2.369999885559082,4,7,148.0,0.81,0.0,0.0,0.0,0.0,0.0,0.0,0.0,0.0,0.0,0.0,0.0,0.0,0.0,0.0,0.0,0.0,0.0,0.0,109.7405776977539,0.38499999046325684,63.3,72.0,40.0,286.0,0.0,0.0,0.0,0.0,0.0,0.0,92.53204345703125,0.38499999046325684,63.1,57.0,34.0,365.0,148.3162841796875,0.8068749904632568,62.5,125.0,54.0,286.0,0.0,0.0,0.0,0.0,0.0,0.0,0.0,0.0,0.0,0.0,0.0,0.0,11.06115436553955,0.10374999046325684,69.0,5.0,4.0,365.0,0.0,0.0,0.0,0.0,0.0,0.0,0.0,0.0,0.0,0.0,0.0,0.0,0.0,0.0,0.0,0.0,0.0,0.0
mckenzie2003,4.0,4.0,0.02,4.739999771118164,0.0,4.739999771118164,4,7,244.0,1.57,0.0,0.0,0.0,0.0,0.0,0.0,0.0,0.0,0.0,0.0,0.0,0.0,0.0,0.0,0.0,0.0,0.0,0.0,184.09141540527344,0.7599999904632568,64.2,134.0,67.0,286.0,0.0,0.0,0.0,0.0,0.0,0.0,155.32846069335938,0.7131249904632568,66.8,112.0,57.0,365.0,244.1070556640625,1.5724999904632568,63.8,232.0,89.0,286.0,0.0,0.0,0.0,0.0,0.0,0.0,0.0,0.0,0.0,0.0,0.0,0.0,17.48917007446289,0.16624999046325684,71.5,10.0,6.0,365.0,0.0,0.0,0.0,0.0,0.0,0.0,0.0,0.0,0.0,0.0,0.0,0.0,0.0,0.0,0.0,0.0,0.0,0.0
mckenzie2003,4.0,4.0,0.03,7.110000133514404,0.0,7.110000133514404,4,7,314.0,2.17,0.0,0.0,0.0,0.0,0.0,0.0,0.0,0.0,0.0,0.0,0.0,0.0,0.0,0.0,0.0,0.0,0.0,0.0,252.38296508789062,1.1506249904632568,65.5,193.0,92.0,286.0,0.0,0.0,0.0,0.0,0.0,0.0,210.4400634765625,0.9943749904632568,68.3,160.0,77.0,365.0,314.010986328125,2.166249990463257,65.0,331.0,115.0,286.0,0.0,0.0,0.0,0.0,0.0,0.0,0.0,0.0,0.0,0.0,0.0,0.0,23.666948318481445,0.24437499046325684,72.8,14.0,9.0,365.0,0.0,0.0,0.0,0.0,0.0,0.0,0.0,0.0,0.0,0.0,0.0,0.0,0.0,0.0,0.0,0.0,0.0,0.0
mckenzie2003,4.0,4.0,0.04,9.479999542236328,0.0,9.479999542236328,20,8,281.0,2.24,0.0,0.0,0.0,0.0,0.0,0.0,0.0,0.0,0.0,0.0,0.0,0.0,0.0,0.0,0.0,0.0,0.0,0.0,312.06097412109375,1.4787499904632568,65.9,247.0,114.0,286.0,0.0,0.0,0.0,0.0,0.0,0.0,257.7880859375,1.3224999904632568,69.0,206.0,94.0,365.0,362.56005859375,2.666249990463257,65.2,414.0,132.0,286.0,281.1854553222656,2.244374990463257,65.9,243.0,103.0,189.0,0.0,0.0,0.0,0.0,0.0,0.0,29.601776123046875,0.30687499046325684,73.7,18.0,11.0,365.0,0.0,0.0,0.0,0.0,0.0,0.0,0.0,0.0,0.0,0.0,0.0,0.0,0.0,0.0,0.0,0.0,0.0,0.0
mckenzie2003,4.0,4.0,0.05,11.850000381469727,0.0,11.850000381469727,20,8,339.0,2.68,0.0,0.0,0.0,0.0,0.0,0.0,0.0,0.0,0.0,0.0,0.0,0.0,0.0,0.0,0.0,0.0,0.0,0.0,361.93670654296875,1.8381249904632568,66.2,296.0,132.0,286.0,0.0,0.0,0.0,0.0,0.0,0.0,297.80810546875,1.5724999904632568,69.8,246.0,109.0,365.0,394.60198974609375,2.931874990463257,65.6,476.0,144.0,286.0,338.5379638671875,2.681874990463257,66.2,292.0,124.0,238.0,0.0,0.0,0.0,0.0,0.0,0.0,35.25986862182617,0.36937499046325684,74.3,22.0,13.0,365.0,0.0,0.0,0.0,0.0,0.0,0.0,0.0,0.0,0.0,0.0,0.0,0.0,0.0,0.0,0.0,0.0,0.0,0.0
mckenzie2003,4.0,4.0,0.06,14.170000076293945,0.0,14.170000076293945,4,7,433.0,3.32,0.0,0.0,0.0,0.0,0.0,0.0,0.0,0.0,0.0,0.0,0.0,0.0,0.0,0.0,0.0,0.0,0.0,0.0,401.586181640625,2.072499990463257,66.8,341.0,147.0,286.0,0.0,0.0,0.0,0.0,0.0,0.0,331.27667236328125,1.7912499904632568,70.3,284.0,121.0,365.0,433.48468017578125,3.322499990463257,65.8,514.0,158.0,286.0,365.9198913574219,3.009999990463257,66.8,329.0,134.0,239.0,0.0,0.0,0.0,0.0,0.0,0.0,40.68257141113281,0.41624999046325684,74.8,26.0,15.0,365.0,0.0,0.0,0.0,0.0,0.0,0.0,0.0,0.0,0.0,0.0,0.0,0.0,0.0,0.0,0.0,0.0,0.0,0.0
mckenzie2003,4.0,4.0,0.08,18.809999465942383,0.0,18.809999465942383,4,7,448.0,3.45,0.0,0.0,0.0,0.0,0.0,0.0,0.0,0.0,0.0,0.0,0.0,0.0,0.0,0.0,0.0,0.0,0.0,0.0,456.99957275390625,2.541249990463257,67.9,416.0,167.0,286.0,0.0,0.0,0.0,0.0,0.0,0.0,381.9767761230469,2.166249990463257,71.5,348.0,136.0,365.0,448.13885498046875,3.447499990463257,66.8,528.0,160.0,286.0,401.5184631347656,3.463124990463257,67.9,386.0,147.0,242.0,0.0,0.0,0.0,0.0,0.0,0.0,50.87395477294922,0.5412499904632568,75.7,33.0,19.0,365.0,0.0,0.0,0.0,0.0,0.0,0.0,0.0,0.0,0.0,0.0,0.0,0.0,0.0,0.0,0.0,0.0,0.0,0.0
mckenzie2003,4.0,4.0,0.1,23.450000762939453,0.0,23.450000762939453,4,7,450.0,3.48,0.0,0.0,0.0,0.0,0.0,0.0,0.0,0.0,0.0,0.0,0.0,0.0,0.0,0.0,0.0,0.0,0.0,0.0,501.370361328125,2.853749990463257,69.1,465.0,183.0,286.0,0.0,0.0,0.0,0.0,0.0,0.0,416.6455383300781,2.416249990463257,72.3,399.0,55.0,365.0,450.16290283203125,3.478749990463257,68.4,532.0,69.0,286.0,405.49822998046875,4.025625228881836,69.0,416.0,145.0,250.0,0.0,0.0,0.0,0.0,0.0,0.0,60.25630569458008,0.6193749904632568,76.3,40.0,22.0,365.0,0.0,0.0,0.0,0.0,0.0,0.0,0.0,0.0,0.0,0.0,0.0,0.0,0.0,0.0,0.0,0.0,0.0,0.0
mckenzie2003,4.0,4.0,0.12,28.09000015258789,0.0,28.09000015258789,4,7,450.0,3.48,0.0,0.0,0.0,0.0,0.0,0.0,0.0,0.0,0.0,0.0,0.0,0.0,0.0,0.0,0.0,0.0,0.0,0.0,513.28955078125,2.963124990463257,70.1,478.0,186.0,286.0,0.0,0.0,0.0,0.0,0.0,0.0,440.6696472167969,2.588124990463257,73.2,440.0,57.0,365.0,450.16290283203125,3.478749990463257,69.8,534.0,60.0,286.0,405.3748474121094,4.025625228881836,70.2,417.0,61.0,253.0,0.0,0.0,0.0,0.0,0.0,0.0,68.83568572998047,0.7287499904632568,76.9,46.0,25.0,365.0,0.0,0.0,0.0,0.0,0.0,0.0,0.0,0.0,0.0,0.0,0.0,0.0,0.0,0.0,0.0,0.0,0.0,0.0
mckenzie2003,4.0,4.0,0.15,35.04999923706055,0.0,35.04999923706055,7,6,465.0,2.78,0.0,0.0,0.0,0.0,0.0,0.0,0.0,0.0,0.0,0.0,0.0,0.0,0.0,0.0,0.0,0.0,0.0,0.0,515.9949340820312,2.963124990463257,71.5,484.0,100.0,286.0,0.0,0.0,0.0,0.0,0.0,0.0,464.6061096191406,2.775624990463257,74.1,483.0,58.0,365.0,450.16290283203125,3.478749990463257,71.4,536.0,58.0,286.0,405.3748474121094,4.025625228881836,71.5,420.0,53.0,253.0,0.0,0.0,0.0,0.0,0.0,0.0,80.58722686767578,0.8381249904632568,77.7,55.0,29.0,365.0,0.0,0.0,0.0,0.0,0.0,0.0,0.0,0.0,0.0,0.0,0.0,0.0,0.0,0.0,0.0,0.0,0.0,0.0
mckenzie2003,4.0,4.0,0.2,45.95000076293945,0.0,45.95000076293945,7,6,488.0,3.03,0.0,0.0,0.0,0.0,0.0,0.0,0.0,0.0,0.0,0.0,0.0,0.0,0.0,0.0,0.0,0.0,0.0,0.0,515.9949340820312,2.963124990463257,73.7,484.0,68.0,286.0,0.0,0.0,0.0,0.0,0.0,0.0,488.253662109375,3.025624990463257,75.0,515.0,56.0,365.0,450.16290283203125,3.478749990463257,73.4,537.0,53.0,286.0,405.3748474121094,4.025625228881836,73.4,424.0,51.0,253.0,0.0,0.0,0.0,0.0,0.0,0.0,97.26719665527344,1.0256249904632568,78.7,69.0,16.0,365.0,0.0,0.0,0.0,0.0,0.0,0.0,0.0,0.0,0.0,0.0,0.0,0.0,0.0,0.0,0.0,0.0,0.0,0.0
mckenzie2003,4.0,4.0,0.3,67.75,0.0,67.75,7,6,494.0,3.06,0.0,0.0,0.0,0.0,0.0,0.0,0.0,0.0,0.0,0.0,0.0,0.0,0.0,0.0,0.0,0.0,0.0,0.0,515.9949340820312,2.963124990463257,76.1,484.0,60.0,286.0,0.0,0.0,0.0,0.0,0.0,0.0,494.43939208984375,3.056874990463257,76.8,525.0,42.0,365.0,450.16290283203125,3.478749990463257,75.7,537.0,42.0,286.0,403.8696594238281,4.025625228881836,76.2,423.0,44.0,267.0,0.0,0.0,0.0,0.0,0.0,0.0,122.58292388916016,1.3068749904632568,80.2,90.0,15.0,365.0,0.0,0.0,0.0,0.0,0.0,0.0,0.0,0.0,0.0,0.0,0.0,0.0,0.0,0.0,0.0,0.0,0.0,0.0
mckenzie2003,4.0,4.0,0.5,67.75,41.400001525878906,109.1500015258789,7,6,496.0,3.1,0.0,0.0,0.0,0.0,0.0,0.0,0.0,0.0,0.0,0.0,0.0,0.0,0.0,0.0,0.0,0.0,0.0,0.0,515.9949340820312,2.963124990463257,77.8,484.0,6.0,286.0,0.0,0.0,0.0,0.0,0.0,0.0,495.54656982421875,3.103749990463257,77.7,525.0,2.0,365.0,450.16290283203125,3.478749990463257,77.0,537.0,8.0,286.0,402.5794982910156,4.025625228881836,77.3,422.0,23.0,279.0,0.0,0.0,0.0,0.0,0.0,0.0,153.13418579101562,1.6662499904632568,80.3,119.0,1.0,365.0,0.0,0.0,0.0,0.0,0.0,0.0,0.0,0.0,0.0,0.0,0.0,0.0,0.0,0.0,0.0,0.0,0.0,0.0
mckenzie2003,4.0,4.0,1.5,67.75,230.8000030517578,298.54998779296875,7,6,496.0,3.1,0.0,0.0,0.0,0.0,0.0,0.0,0.0,0.0,0.0,0.0,0.0,0.0,0.0,0.0,0.0,0.0,0.0,0.0,515.9949340820312,2.963124990463257,78.5,484.0,0.0,286.0,0.0,0.0,0.0,0.0,0.0,0.0,495.54656982421875,3.103749990463257,77.9,525.0,0.0,365.0,450.16290283203125,3.478749990463257,77.2,537.0,0.0,286.0,402.5794982910156,4.025625228881836,77.7,422.0,13.0,279.0,0.0,0.0,0.0,0.0,0.0,0.0,188.4633026123047,2.103749990463257,80.3,158.0,0.0,365.0,0.0,0.0,0.0,0.0,0.0,0.0,0.0,0.0,0.0,0.0,0.0,0.0,0.0,0.0,0.0,0.0,0.0,0.0
mckenzie2003,3.0,3.0,0.01,2.369999885559082,0.0,2.369999885559082,4,7,150.0,0.82,0.0,0.0,0.0,0.0,0.0,0.0,0.0,0.0,0.0,0.0,0.0,0.0,0.0,0.0,0.0,0.0,0.0,0.0,110.3899917602539,0.38499999046325684,63.4,72.0,40.0,286.0,0.0,0.0,0.0,0.0,0.0,0.0,93.39474487304688,0.38499999046325684,63.3,57.0,34.0,365.0,149.9163055419922,0.8224999904632568,62.6,125.0,55.0,286.0,0.0,0.0,0.0,0.0,0.0,0.0,0.0,0.0,0.0,0.0,0.0,0.0,11.158345222473145,0.10374999046325684,69.0,5.0,4.0,365.0,0.0,0.0,0.0,0.0,0.0,0.0,0.0,0.0,0.0,0.0,0.0,0.0,0.0,0.0,0.0,0.0,0.0,0.0
mckenzie2003,3.0,3.0,0.02,4.739999771118164,0.0,4.739999771118164,4,7,247.0,1.54,0.0,0.0,0.0,0.0,0.0,0.0,0.0,0.0,0.0,0.0,0.0,0.0,0.0,0.0,0.0,0.0,0.0,0.0,185.35067749023438,0.7443749904632568,64.6,135.0,68.0,286.0,0.0,0.0,0.0,0.0,0.0,0.0,156.9374542236328,0.7131249904632568,67.2,112.0,57.0,365.0,247.3092803955078,1.5412499904632568,64.2,233.0,90.0,286.0,0.0,0.0,0.0,0.0,0.0,0.0,0.0,0.0,0.0,0.0,0.0,0.0,17.65366554260254,0.16624999046325684,71.8,10.0,6.0,365.0,0.0,0.0,0.0,0.0,0.0,0.0,0.0,0.0,0.0,0.0,0.0,0.0,0.0,0.0,0.0,0.0,0.0,0.0
mckenzie2003,3.0,3.0,0.03,7.110000133514404,0.0,7.110000133514404,4,7,319.0,2.18,0.0,0.0,0.0,0.0,0.0,0.0,0.0,0.0,0.0,0.0,0.0,0.0,0.0,0.0,0.0,0.0,0.0,0.0,254.5472869873047,1.1193749904632568,66.0,194.0,93.0,286.0,0.0,0.0,0.0,0.0,0.0,0.0,212.89151000976562,1.0099999904632568,68.4,161.0,78.0,365.0,319.2474060058594,2.181874990463257,65.4,332.0,117.0,286.0,0.0,0.0,0.0,0.0,0.0,0.0,0.0,0.0,0.0,0.0,0.0,0.0,23.8978328704834,0.24437499046325684,73.1,14.0,9.0,365.0,0.0,0.0,0.0,0.0,0.0,0.0,0.0,0.0,0.0,0.0,0.0,0.0,0.0,0.0,0.0,0.0,0.0,0.0
mckenzie2003,3.0,3.0,0.04,9.479999542236328,0.0,9.479999542236328,20,8,285.0,2.28,0.0,0.0,0.0,0.0,0.0,0.0,0.0,0.0,0.0,0.0,0.0,0.0,0.0,0.0,0.0,0.0,0.0,0.0,315.23760986328125,1.5099999904632568,66.3,248.0,115.0,286.0,0.0,0.0,0.0,0.0,0.0,0.0,261.09173583984375,1.3068749904632568,69.3,206.0,95.0,365.0,369.12603759765625,2.603749990463257,65.7,416.0,135.0,286.0,285.0069580078125,2.275624990463257,66.4,244.0,104.0,190.0,0.0,0.0,0.0,0.0,0.0,0.0,29.894439697265625,0.29124999046325684,73.9,18.0,11.0,365.0,0.0,0.0,0.0,0.0,0.0,0.0,0.0,0.0,0.0,0.0,0.0,0.0,0.0,0.0,0.0,0.0,0.0,0.0
mckenzie2003,3.0,3.0,0.05,11.850000381469727,0.0,11.850000381469727,20,8,344.0,2.7,0.0,0.0,0.0,0.0,0.0,0.0,0.0,0.0,0.0,0.0,0.0,0.0,0.0,0.0,0.0,0.0,0.0,0.0,366.2098693847656,1.8068749904632568,66.7,297.0,134.0,286.0,0.0,0.0,0.0,0.0,0.0,0.0,302.02239990234375,1.5724999904632568,70.2,248.0,110.0,365.0,402.5993957519531,2.916249990463257,65.8,479.0,147.0,286.0,343.60052490234375,2.697499990463257,66.8,293.0,125.0,240.0,0.0,0.0,0.0,0.0,0.0,0.0,35.6442985534668,0.35374999046325684,74.5,22.0,13.0,365.0,0.0,0.0,0.0,0.0,0.0,0.0,0.0,0.0,0.0,0.0,0.0,0.0,0.0,0.0,0.0,0.0,0.0,0.0
mckenzie2003,3.0,3.0,0.06,14.170000076293945,0.0,14.170000076293945,4,7,442.0,3.37,0.0,0.0,0.0,0.0,0.0,0.0,0.0,0.0,0.0,0.0,0.0,0.0,0.0,0.0,0.0,0.0,0.0,0.0,407.1759948730469,2.134999990463257,67.0,343.0,149.0,286.0,0.0,0.0,0.0,0.0,0.0,0.0,336.27783203125,1.7912499904632568,70.6,285.0,123.0,365.0,442.3628845214844,3.369374990463257,66.2,518.0,161.0,286.0,372.6741027832031,3.041249990463257,67.0,330.0,136.0,241.0,0.0,0.0,0.0,0.0,0.0,0.0,41.13277053833008,0.41624999046325684,75.1,26.0,15.0,365.0,0.0,0.0,0.0,0.0,0.0,0.0,0.0,0.0,0.0,0.0,0.0,0.0,0.0,0.0,0.0,0.0,0.0,0.0
mckenzie2003,3.0,3.0,0.08,18.809999465942383,0.0,18.809999465942383,4,7,459.0,3.51,0.0,0.0,0.0,0.0,0.0,0.0,0.0,0.0,0.0,0.0,0.0,0.0,0.0,0.0,0.0,0.0,0.0,0.0,464.52508544921875,2.556874990463257,68.2,418.0,170.0,286.0,0.0,0.0,0.0,0.0,0.0,0.0,388.26025390625,2.119374990463257,71.7,349.0,138.0,365.0,459.3542175292969,3.509999990463257,67.3,535.0,164.0,286.0,409.4871520996094,3.431874990463257,68.2,387.0,149.0,245.0,0.0,0.0,0.0,0.0,0.0,0.0,51.463539123535156,0.5412499904632568,76.0,33.0,19.0,365.0,0.0,0.0,0.0,0.0,0.0,0.0,0.0,0.0,0.0,0.0,0.0,0.0,0.0,0.0,0.0,0.0,0.0,0.0
mckenzie2003,3.0,3.0,0.1,23.450000762939453,0.0,23.450000762939453,4,7,462.0,3.51,0.0,0.0,0.0,0.0,0.0,0.0,0.0,0.0,0.0,0.0,0.0,0.0,0.0,0.0,0.0,0.0,0.0,0.0,504.5065612792969,2.822499990463257,69.4,468.0,184.0,286.0,0.0,0.0,0.0,0.0,0.0,0.0,424.23089599609375,2.431874990463257,72.6,402.0,58.0,365.0,462.1336975097656,3.509999990463257,68.7,538.0,70.0,286.0,416.68017578125,4.025625228881836,69.2,421.0,149.0,252.0,0.0,0.0,0.0,0.0,0.0,0.0,61.01201629638672,0.6193749904632568,76.6,40.0,22.0,365.0,0.0,0.0,0.0,0.0,0.0,0.0,0.0,0.0,0.0,0.0,0.0,0.0,0.0,0.0,0.0,0.0,0.0,0.0
mckenzie2003,3.0,3.0,0.12,28.09000015258789,0.0,28.09000015258789,4,7,462.0,3.51,0.0,0.0,0.0,0.0,0.0,0.0,0.0,0.0,0.0,0.0,0.0,0.0,0.0,0.0,0.0,0.0,0.0,0.0,523.6380004882812,2.994374990463257,70.3,482.0,190.0,286.0,0.0,0.0,0.0,0.0,0.0,0.0,449.112060546875,2.572499990463257,73.2,442.0,57.0,365.0,462.1336975097656,3.509999990463257,69.9,540.0,62.0,286.0,416.55230712890625,4.025625228881836,70.2,424.0,63.0,255.0,0.0,0.0,0.0,0.0,0.0,0.0,69.74588775634766,0.7131249904632568,77.2,47.0,25.0,365.0,0.0,0.0,0.0,0.0,0.0,0.0,0.0,0.0,0.0,0.0,0.0,0.0,0.0,0.0,0.0,0.0,0.0,0.0
mckenzie2003,3.0,3.0,0.15,35.04999923706055,0.0,35.04999923706055,7,4,528.0,3.06,0.0,0.0,0.0,0.0,0.0,0.0,0.0,0.0,0.0,0.0,0.0,0.0,0.0,0.0,0.0,0.0,0.0,0.0,528.2144775390625,3.056874990463257,71.6,490.0,106.0,286.0,0.0,0.0,0.0,0.0,0.0,0.0,474.0569152832031,2.775624990463257,74.2,487.0,58.0,365.0,462.1336975097656,3.509999990463257,71.3,543.0,58.0,286.0,416.55230712890625,4.025625228881836,71.8,427.0,54.0,255.0,0.0,0.0,0.0,0.0,0.0,0.0,81.68462371826172,0.8537499904632568,77.8,56.0,30.0,365.0,0.0,0.0,0.0,0.0,0.0,0.0,0.0,0.0,0.0,0.0,0.0,0.0,0.0,0.0,0.0,0.0,0.0,0.0
mckenzie2003,3.0,3.0,0.2,45.95000076293945,0.0,45.95000076293945,7,4,528.0,3.06,0.0,0.0,0.0,0.0,0.0,0.0,0.0,0.0,0.0,0.0,0.0,0.0,0.0,0.0,0.0,0.0,0.0,0.0,528.2144775390625,3.056874990463257,73.7,491.0,69.0,286.0,0.0,0.0,0.0,0.0,0.0,0.0,499.6442565917969,3.056874990463257,75.2,521.0,56.0,365.0,462.1336975097656,3.509999990463257,73.4,543.0,54.0,286.0,416.55230712890625,4.025625228881836,73.3,430.0,52.0,255.0,0.0,0.0,0.0,0.0,0.0,0.0,98.6865234375,1.0256249904632568,78.8,69.0,16.0,365.0,0.0,0.0,0.0,0.0,0.0,0.0,0.0,0.0,0.0,0.0,0.0,0.0,0.0,0.0,0.0,0.0,0.0,0.0
mckenzie2003,3.0,3.0,0.3,67.75,0.0,67.75,7,4,528.0,3.06,0.0,0.0,0.0,0.0,0.0,0.0,0.0,0.0,0.0,0.0,0.0,0.0,0.0,0.0,0.0,0.0,0.0,0.0,528.2144775390625,3.056874990463257,76.2,491.0,60.0,286.0,0.0,0.0,0.0,0.0,0.0,0.0,506.5627136230469,3.103749990463257,76.7,532.0,42.0,365.0,462.1336975097656,3.509999990463257,75.7,543.0,42.0,286.0,415.09466552734375,4.025625228881836,76.2,429.0,45.0,269.0,0.0,0.0,0.0,0.0,0.0,0.0,124.57261657714844,1.3224999904632568,80.3,91.0,15.0,365.0,0.0,0.0,0.0,0.0,0.0,0.0,0.0,0.0,0.0,0.0,0.0,0.0,0.0,0.0,0.0,0.0,0.0,0.0
mckenzie2003,3.0,3.0,0.5,67.75,41.400001525878906,109.1500015258789,7,4,528.0,3.06,0.0,0.0,0.0,0.0,0.0,0.0,0.0,0.0,0.0,0.0,0.0,0.0,0.0,0.0,0.0,0.0,0.0,0.0,528.2144775390625,3.056874990463257,77.9,491.0,8.0,286.0,0.0,0.0,0.0,0.0,0.0,0.0,508.4710693359375,3.088124990463257,77.5,532.0,2.0,365.0,462.1336975097656,3.509999990463257,77.0,543.0,9.0,286.0,413.79095458984375,4.025625228881836,77.4,428.0,25.0,281.0,0.0,0.0,0.0,0.0,0.0,0.0,155.93458557128906,1.6818749904632568,80.3,120.0,2.0,365.0,0.0,0.0,0.0,0.0,0.0,0.0,0.0,0.0,0.0,0.0,0.0,0.0,0.0,0.0,0.0,0.0,0.0,0.0
mckenzie2003,3.0,3.0,1.5,67.75,230.8000030517578,298.54998779296875,7,4,528.0,3.06,0.0,0.0,0.0,0.0,0.0,0.0,0.0,0.0,0.0,0.0,0.0,0.0,0.0,0.0,0.0,0.0,0.0,0.0,528.2144775390625,3.056874990463257,78.6,491.0,0.0,286.0,0.0,0.0,0.0,0.0,0.0,0.0,508.4710693359375,3.088124990463257,77.9,532.0,0.0,365.0,462.1336975097656,3.509999990463257,77.4,543.0,0.0,286.0,413.79095458984375,4.025625228881836,77.7,428.0,14.0,281.0,0.0,0.0,0.0,0.0,0.0,0.0,192.25796508789062,2.119374990463257,80.3,159.0,0.0,365.0,0.0,0.0,0.0,0.0,0.0,0.0,0.0,0.0,0.0,0.0,0.0,0.0,0.0,0.0,0.0,0.0,0.0,0.0
mckenzie2003,2.7,2.7,0.01,2.369999885559082,0.0,2.369999885559082,4,7,152.0,0.84,0.0,0.0,0.0,0.0,0.0,0.0,0.0,0.0,0.0,0.0,0.0,0.0,0.0,0.0,0.0,0.0,0.0,0.0,111.384033203125,0.38499999046325684,63.7,73.0,41.0,286.0,0.0,0.0,0.0,0.0,0.0,0.0,94.56626892089844,0.38499999046325684,65.1,58.0,35.0,365.0,151.8812255859375,0.8381249904632568,63.2,126.0,55.0,286.0,0.0,0.0,0.0,0.0,0.0,0.0,0.0,0.0,0.0,0.0,0.0,0.0,11.263846397399902,0.10374999046325684,64.1,5.0,4.0,365.0,0.0,0.0,0.0,0.0,0.0,0.0,0.0,0.0,0.0,0.0,0.0,0.0,0.0,0.0,0.0,0.0,0.0,0.0
mckenzie2003,2.7,2.7,0.02,4.739999771118164,0.0,4.739999771118164,4,7,251.0,1.57,0.0,0.0,0.0,0.0,0.0,0.0,0.0,0.0,0.0,0.0,0.0,0.0,0.0,0.0,0.0,0.0,0.0,0.0,187.27691650390625,0.7287499904632568,65.3,136.0,68.0,286.0,0.0,0.0,0.0,0.0,0.0,0.0,159.0301971435547,0.7287499904632568,65.1,112.0,58.0,365.0,250.71240234375,1.5724999904632568,64.2,233.0,92.0,286.0,0.0,0.0,0.0,0.0,0.0,0.0,0.0,0.0,0.0,0.0,0.0,0.0,17.85134506225586,0.16624999046325684,69.4,10.0,7.0,365.0,0.0,0.0,0.0,0.0,0.0,0.0,0.0,0.0,0.0,0.0,0.0,0.0,0.0,0.0,0.0,0.0,0.0,0.0
mckenzie2003,2.7,2.7,0.03,7.110000133514404,0.0,7.110000133514404,4,7,323.0,2.2,0.0,0.0,0.0,0.0,0.0,0.0,0.0,0.0,0.0,0.0,0.0,0.0,0.0,0.0,0.0,0.0,0.0,0.0,257.3149108886719,1.1193749904632568,65.7,194.0,94.0,286.0,0.0,0.0,0.0,0.0,0.0,0.0,215.83917236328125,1.0256249904632568,68.3,162.0,79.0,365.0,323.3664245605469,2.197499990463257,65.3,332.0,118.0,286.0,0.0,0.0,0.0,0.0,0.0,0.0,0.0,0.0,0.0,0.0,0.0,0.0,24.18731117248535,0.24437499046325684,72.9,14.0,9.0,365.0,0.0,0.0,0.0,0.0,0.0,0.0,0.0,0.0,0.0,0.0,0.0,0.0,0.0,0.0,0.0,0.0,0.0,0.0
mckenzie2003,2.7,2.7,0.04,9.479999542236328,0.0,9.479999542236328,20,8,293.0,2.26,0.0,0.0,0.0,0.0,0.0,0.0,0.0,0.0,0.0,0.0,0.0,0.0,0.0,0.0,0.0,0.0,0.0,0.0,318.66705322265625,1.5256249904632568,66.3,248.0,116.0,286.0,0.0,0.0,0.0,0.0,0.0,0.0,264.7026672363281,1.3224999904632568,69.3,207.0,97.0,365.0,373.6856994628906,2.713124990463257,65.6,417.0,136.0,286.0,292.6687316894531,2.259999990463257,66.3,246.0,107.0,193.0,0.0,0.0,0.0,0.0,0.0,0.0,30.273391723632812,0.30687499046325684,73.8,18.0,11.0,365.0,0.0,0.0,0.0,0.0,0.0,0.0,0.0,0.0,0.0,0.0,0.0,0.0,0.0,0.0,0.0,0.0,0.0,0.0
mckenzie2003,2.7,2.7,0.05,11.850000381469727,0.0,11.850000381469727,20,8,347.0,2.68,0.0,0.0,0.0,0.0,0.0,0.0,0.0,0.0,0.0,0.0,0.0,0.0,0.0,0.0,0.0,0.0,0.0,0.0,370.0604248046875,1.8537499904632568,66.7,298.0,135.0,286.0,0.0,0.0,0.0,0.0,0.0,0.0,306.0504455566406,1.5724999904632568,70.0,248.0,112.0,365.0,407.105224609375,2.916249990463257,65.8,480.0,149.0,286.0,346.977294921875,2.681874990463257,66.6,293.0,127.0,239.0,0.0,0.0,0.0,0.0,0.0,0.0,36.079891204833984,0.35374999046325684,74.5,22.0,13.0,365.0,0.0,0.0,0.0,0.0,0.0,0.0,0.0,0.0,0.0,0.0,0.0,0.0,0.0,0.0,0.0,0.0,0.0,0.0
mckenzie2003,2.7,2.7,0.06,14.170000076293945,0.0,14.170000076293945,4,7,447.0,3.37,0.0,0.0,0.0,0.0,0.0,0.0,0.0,0.0,0.0,0.0,0.0,0.0,0.0,0.0,0.0,0.0,0.0,0.0,411.320068359375,2.134999990463257,67.1,343.0,150.0,286.0,0.0,0.0,0.0,0.0,0.0,0.0,340.6954650878906,1.8068749904632568,70.7,285.0,124.0,365.0,446.5919189453125,3.369374990463257,66.2,519.0,163.0,286.0,376.1539611816406,3.072499990463257,66.9,331.0,137.0,240.0,0.0,0.0,0.0,0.0,0.0,0.0,41.660072326660156,0.41624999046325684,75.0,26.0,15.0,365.0,0.0,0.0,0.0,0.0,0.0,0.0,0.0,0.0,0.0,0.0,0.0,0.0,0.0,0.0,0.0,0.0,0.0,0.0
mckenzie2003,2.7,2.7,0.08,18.809999465942383,0.0,18.809999465942383,4,7,464.0,3.53,0.0,0.0,0.0,0.0,0.0,0.0,0.0,0.0,0.0,0.0,0.0,0.0,0.0,0.0,0.0,0.0,0.0,0.0,468.6229248046875,2.541249990463257,68.3,418.0,171.0,286.0,0.0,0.0,0.0,0.0,0.0,0.0,393.2757568359375,2.166249990463257,71.5,350.0,140.0,365.0,463.6558532714844,3.525624990463257,67.3,535.0,166.0,286.0,412.9453430175781,3.478749990463257,68.1,388.0,151.0,244.0,0.0,0.0,0.0,0.0,0.0,0.0,52.121761322021484,0.5412499904632568,75.8,33.0,19.0,365.0,0.0,0.0,0.0,0.0,0.0,0.0,0.0,0.0,0.0,0.0,0.0,0.0,0.0,0.0,0.0,0.0,0.0,0.0
mckenzie2003,2.7,2.7,0.1,23.450000762939453,0.0,23.450000762939453,4,7,466.0,3.53,0.0,0.0,0.0,0.0,0.0,0.0,0.0,0.0,0.0,0.0,0.0,0.0,0.0,0.0,0.0,0.0,0.0,0.0,508.510009765625,2.822499990463257,69.3,469.0,186.0,286.0,0.0,0.0,0.0,0.0,0.0,0.0,429.3762512207031,2.447499990463257,72.4,402.0,56.0,365.0,466.01806640625,3.525624990463257,68.6,538.0,71.0,286.0,419.9175109863281,4.025625228881836,69.3,420.0,150.0,251.0,0.0,0.0,0.0,0.0,0.0,0.0,61.79168701171875,0.6193749904632568,76.6,40.0,23.0,365.0,0.0,0.0,0.0,0.0,0.0,0.0,0.0,0.0,0.0,0.0,0.0,0.0,0.0,0.0,0.0,0.0,0.0,0.0
mckenzie2003,2.7,2.7,0.12,28.09000015258789,0.0,28.09000015258789,4,7,466.0,3.53,0.0,0.0,0.0,0.0,0.0,0.0,0.0,0.0,0.0,0.0,0.0,0.0,0.0,0.0,0.0,0.0,0.0,0.0,527.8884887695312,2.994374990463257,70.3,483.0,192.0,286.0,0.0,0.0,0.0,0.0,0.0,0.0,454.32080078125,2.634999990463257,73.3,443.0,59.0,365.0,466.01806640625,3.525624990463257,70.0,540.0,61.0,286.0,419.79425048828125,4.025625228881836,70.3,423.0,63.0,254.0,0.0,0.0,0.0,0.0,0.0,0.0,70.68648529052734,0.7131249904632568,77.2,47.0,26.0,365.0,0.0,0.0,0.0,0.0,0.0,0.0,0.0,0.0,0.0,0.0,0.0,0.0,0.0,0.0,0.0,0.0,0.0,0.0
mckenzie2003,2.7,2.7,0.15,35.04999923706055,0.0,35.04999923706055,7,4,532.0,3.04,0.0,0.0,0.0,0.0,0.0,0.0,0.0,0.0,0.0,0.0,0.0,0.0,0.0,0.0,0.0,0.0,0.0,0.0,531.728759765625,3.041249990463257,71.7,490.0,100.0,286.0,0.0,0.0,0.0,0.0,0.0,0.0,479.21820068359375,2.806874990463257,74.2,487.0,60.0,365.0,466.01806640625,3.525624990463257,71.4,542.0,59.0,286.0,419.79425048828125,4.025625228881836,71.8,426.0,55.0,254.0,0.0,0.0,0.0,0.0,0.0,0.0,82.72450256347656,0.8381249904632568,77.9,56.0,30.0,365.0,0.0,0.0,0.0,0.0,0.0,0.0,0.0,0.0,0.0,0.0,0.0,0.0,0.0,0.0,0.0,0.0,0.0,0.0
mckenzie2003,2.7,2.7,0.2,45.95000076293945,0.0,45.95000076293945,7,4,532.0,3.04,0.0,0.0,0.0,0.0,0.0,0.0,0.0,0.0,0.0,0.0,0.0,0.0,0.0,0.0,0.0,0.0,0.0,0.0,531.728759765625,3.041249990463257,73.7,490.0,69.0,286.0,0.0,0.0,0.0,0.0,0.0,0.0,504.7085876464844,3.041249990463257,75.2,521.0,57.0,365.0,466.01806640625,3.525624990463257,73.5,543.0,55.0,286.0,419.79425048828125,4.025625228881836,73.3,429.0,52.0,254.0,0.0,0.0,0.0,0.0,0.0,0.0,100.00991821289062,1.0256249904632568,78.8,69.0,16.0,365.0,0.0,0.0,0.0,0.0,0.0,0.0,0.0,0.0,0.0,0.0,0.0,0.0,0.0,0.0,0.0,0.0,0.0,0.0
mckenzie2003,2.7,2.7,0.3,67.75,0.0,67.75,7,4,532.0,3.04,0.0,0.0,0.0,0.0,0.0,0.0,0.0,0.0,0.0,0.0,0.0,0.0,0.0,0.0,0.0,0.0,0.0,0.0,531.728759765625,3.041249990463257,76.2,490.0,61.0,286.0,0.0,0.0,0.0,0.0,0.0,0.0,511.4012756347656,3.134999990463257,76.9,532.0,43.0,365.0,466.01806640625,3.525624990463257,75.9,543.0,43.0,286.0,418.42962646484375,4.025625228881836,76.4,429.0,45.0,267.0,0.0,0.0,0.0,0.0,0.0,0.0,126.1889419555664,1.3537499904632568,80.3,91.0,16.0,365.0,0.0,0.0,0.0,0.0,0.0,0.0,0.0,0.0,0.0,0.0,0.0,0.0,0.0,0.0,0.0,0.0,0.0,0.0
mckenzie2003,2.7,2.7,0.5,67.75,41.400001525878906,109.1500015258789,7,4,532.0,3.04,0.0,0.0,0.0,0.0,0.0,0.0,0.0,0.0,0.0,0.0,0.0,0.0,0.0,0.0,0.0,0.0,0.0,0.0,531.728759765625,3.041249990463257,78.0,490.0,8.0,286.0,0.0,0.0,0.0,0.0,0.0,0.0,512.968505859375,3.119374990463257,77.7,532.0,2.0,365.0,466.01806640625,3.525624990463257,77.1,543.0,9.0,286.0,416.99957275390625,4.025625228881836,77.7,427.0,25.0,280.0,0.0,0.0,0.0,0.0,0.0,0.0,157.82835388183594,1.7131249904632568,80.3,120.0,2.0,365.0,0.0,0.0,0.0,0.0,0.0,0.0,0.0,0.0,0.0,0.0,0.0,0.0,0.0,0.0,0.0,0.0,0.0,0.0
mckenzie2003,2.7,2.7,1.5,67.75,230.8000030517578,298.54998779296875,7,4,532.0,3.04,0.0,0.0,0.0,0.0,0.0,0.0,0.0,0.0,0.0,0.0,0.0,0.0,0.0,0.0,0.0,0.0,0.0,0.0,531.728759765625,3.041249990463257,78.6,490.0,0.0,286.0,0.0,0.0,0.0,0.0,0.0,0.0,512.968505859375,3.119374990463257,77.9,532.0,0.0,365.0,466.01806640625,3.525624990463257,77.5,543.0,0.0,286.0,416.99957275390625,4.025625228881836,77.7,427.0,14.0,280.0,0.0,0.0,0.0,0.0,0.0,0.0,194.5906982421875,2.134999990463257,80.4,159.0,0.0,365.0,0.0,0.0,0.0,0.0,0.0,0.0,0.0,0.0,0.0,0.0,0.0,0.0,0.0,0.0,0.0,0.0,0.0,0.0
mckenzie2003,2.5,2.5,0.01,2.369999885559082,0.0,2.369999885559082,4,7,152.0,0.82,0.0,0.0,0.0,0.0,0.0,0.0,0.0,0.0,0.0,0.0,0.0,0.0,0.0,0.0,0.0,0.0,0.0,0.0,110.86224365234375,0.38499999046325684,63.5,73.0,40.0,286.0,0.0,0.0,0.0,0.0,0.0,0.0,94.45022583007812,0.38499999046325684,64.8,58.0,34.0,365.0,151.81326293945312,0.8224999904632568,63.0,126.0,55.0,286.0,0.0,0.0,0.0,0.0,0.0,0.0,0.0,0.0,0.0,0.0,0.0,0.0,11.18288516998291,0.10374999046325684,63.8,5.0,4.0,365.0,0.0,0.0,0.0,0.0,0.0,0.0,0.0,0.0,0.0,0.0,0.0,0.0,0.0,0.0,0.0,0.0,0.0,0.0
mckenzie2003,2.5,2.5,0.02,4.739999771118164,0.0,4.739999771118164,4,7,250.0,1.57,0.0,0.0,0.0,0.0,0.0,0.0,0.0,0.0,0.0,0.0,0.0,0.0,0.0,0.0,0.0,0.0,0.0,0.0,186.14927673339844,0.7599999904632568,64.9,136.0,68.0,286.0,0.0,0.0,0.0,0.0,0.0,0.0,158.89138793945312,0.7131249904632568,64.8,111.0,58.0,365.0,250.2855224609375,1.5724999904632568,63.9,233.0,91.0,286.0,0.0,0.0,0.0,0.0,0.0,0.0,0.0,0.0,0.0,0.0,0.0,0.0,17.696489334106445,0.16624999046325684,71.6,10.0,6.0,365.0,0.0,0.0,0.0,0.0,0.0,0.0,0.0,0.0,0.0,0.0,0.0,0.0,0.0,0.0,0.0,0.0,0.0,0.0
mckenzie2003,2.5,2.5,0.03,7.110000133514404,0.0,7.110000133514404,4,7,322.0,2.23,0.0,0.0,0.0,0.0,0.0,0.0,0.0,0.0,0.0,0.0,0.0,0.0,0.0,0.0,0.0,0.0,0.0,0.0,255.40957641601562,1.1662499904632568,65.7,194.0,93.0,286.0,0.0,0.0,0.0,0.0,0.0,0.0,215.4493865966797,1.0099999904632568,68.2,161.0,79.0,365.0,322.48065185546875,2.228749990463257,65.1,332.0,118.0,286.0,0.0,0.0,0.0,0.0,0.0,0.0,0.0,0.0,0.0,0.0,0.0,0.0,23.98508071899414,0.24437499046325684,72.8,14.0,9.0,365.0,0.0,0.0,0.0,0.0,0.0,0.0,0.0,0.0,0.0,0.0,0.0,0.0,0.0,0.0,0.0,0.0,0.0,0.0
mckenzie2003,2.5,2.5,0.04,9.479999542236328,0.0,9.479999542236328,20,8,291.0,2.32,0.0,0.0,0.0,0.0,0.0,0.0,0.0,0.0,0.0,0.0,0.0,0.0,0.0,0.0,0.0,0.0,0.0,0.0,316.1240539550781,1.5412499904632568,66.0,248.0,115.0,286.0,0.0,0.0,0.0,0.0,0.0,0.0,264.0945129394531,1.3224999904632568,69.0,206.0,96.0,365.0,372.3474426269531,2.697499990463257,65.4,417.0,136.0,286.0,291.23291015625,2.322499990463257,66.0,246.0,106.0,194.0,0.0,0.0,0.0,0.0,0.0,0.0,30.00370979309082,0.30687499046325684,73.7,18.0,11.0,365.0,0.0,0.0,0.0,0.0,0.0,0.0,0.0,0.0,0.0,0.0,0.0,0.0,0.0,0.0,0.0,0.0,0.0,0.0
mckenzie2003,2.5,2.5,0.05,11.850000381469727,0.0,11.850000381469727,20,8,343.0,2.71,0.0,0.0,0.0,0.0,0.0,0.0,0.0,0.0,0.0,0.0,0.0,0.0,0.0,0.0,0.0,0.0,0.0,0.0,366.9216613769531,1.8693749904632568,66.5,297.0,134.0,286.0,0.0,0.0,0.0,0.0,0.0,0.0,305.31591796875,1.6037499904632568,69.8,248.0,111.0,365.0,405.4925842285156,2.978749990463257,65.7,480.0,148.0,286.0,342.7172546386719,2.713124990463257,66.5,293.0,125.0,238.0,0.0,0.0,0.0,0.0,0.0,0.0,35.774070739746094,0.36937499046325684,74.3,22.0,13.0,365.0,0.0,0.0,0.0,0.0,0.0,0.0,0.0,0.0,0.0,0.0,0.0,0.0,0.0,0.0,0.0,0.0,0.0,0.0
mckenzie2003,2.5,2.5,0.06,14.170000076293945,0.0,14.170000076293945,4,7,445.0,3.39,0.0,0.0,0.0,0.0,0.0,0.0,0.0,0.0,0.0,0.0,0.0,0.0,0.0,0.0,0.0,0.0,0.0,0.0,407.5687255859375,2.134999990463257,66.9,343.0,149.0,286.0,0.0,0.0,0.0,0.0,0.0,0.0,339.834228515625,1.8224999904632568,70.4,285.0,124.0,365.0,444.9364318847656,3.384999990463257,66.1,519.0,162.0,286.0,371.0554504394531,3.041249990463257,66.8,330.0,135.0,239.0,0.0,0.0,0.0,0.0,0.0,0.0,41.26594161987305,0.43187499046325684,74.8,26.0,15.0,365.0,0.0,0.0,0.0,0.0,0.0,0.0,0.0,0.0,0.0,0.0,0.0,0.0,0.0,0.0,0.0,0.0,0.0,0.0
mckenzie2003,2.5,2.5,0.08,18.809999465942383,0.0,18.809999465942383,4,7,461.0,3.51,0.0,0.0,0.0,0.0,0.0,0.0,0.0,0.0,0.0,0.0,0.0,0.0,0.0,0.0,0.0,0.0,0.0,0.0,463.9004211425781,2.525624990463257,68.1,418.0,169.0,286.0,0.0,0.0,0.0,0.0,0.0,0.0,392.111328125,2.197499990463257,71.4,350.0,140.0,365.0,461.1302490234375,3.509999990463257,67.2,533.0,165.0,286.0,407.29168701171875,3.447499990463257,68.1,387.0,149.0,243.0,0.0,0.0,0.0,0.0,0.0,0.0,51.65859603881836,0.5256249904632568,75.7,33.0,19.0,365.0,0.0,0.0,0.0,0.0,0.0,0.0,0.0,0.0,0.0,0.0,0.0,0.0,0.0,0.0,0.0,0.0,0.0,0.0
mckenzie2003,2.5,2.5,0.1,23.450000762939453,0.0,23.450000762939453,4,7,463.0,3.53,0.0,0.0,0.0,0.0,0.0,0.0,0.0,0.0,0.0,0.0,0.0,0.0,0.0,0.0,0.0,0.0,0.0,0.0,503.1649169921875,2.791249990463257,69.3,468.0,184.0,286.0,0.0,0.0,0.0,0.0,0.0,0.0,427.8759460449219,2.384999990463257,72.4,401.0,56.0,365.0,462.9366760253906,3.525624990463257,68.6,536.0,69.0,286.0,412.9302673339844,4.025625228881836,69.2,418.0,147.0,251.0,0.0,0.0,0.0,0.0,0.0,0.0,61.14496994018555,0.6506249904632568,76.3,40.0,22.0,365.0,0.0,0.0,0.0,0.0,0.0,0.0,0.0,0.0,0.0,0.0,0.0,0.0,0.0,0.0,0.0,0.0,0.0,0.0
mckenzie2003,2.5,2.5,0.12,28.09000015258789,0.0,28.09000015258789,4,7,463.0,3.53,0.0,0.0,0.0,0.0,0.0,0.0,0.0,0.0,0.0,0.0,0.0,0.0,0.0,0.0,0.0,0.0,0.0,0.0,522.2927856445312,2.947499990463257,70.3,481.0,190.0,286.0,0.0,0.0,0.0,0.0,0.0,0.0,452.6830749511719,2.603749990463257,73.3,443.0,59.0,365.0,462.9366760253906,3.525624990463257,69.9,538.0,61.0,286.0,412.87200927734375,4.025625228881836,70.3,420.0,61.0,254.0,0.0,0.0,0.0,0.0,0.0,0.0,69.93462371826172,0.7443749904632568,77.1,47.0,26.0,365.0,0.0,0.0,0.0,0.0,0.0,0.0,0.0,0.0,0.0,0.0,0.0,0.0,0.0,0.0,0.0,0.0,0.0,0.0
mckenzie2003,2.5,2.5,0.15,35.04999923706055,0.0,35.04999923706055,7,4,525.0,3.04,0.0,0.0,0.0,0.0,0.0,0.0,0.0,0.0,0.0,0.0,0.0,0.0,0.0,0.0,0.0,0.0,0.0,0.0,524.7597045898438,3.041249990463257,71.7,488.0,98.0,286.0,0.0,0.0,0.0,0.0,0.0,0.0,477.30511474609375,2.791249990463257,74.2,487.0,60.0,365.0,462.9366760253906,3.525624990463257,71.4,541.0,59.0,286.0,412.87200927734375,4.025625228881836,71.8,423.0,54.0,254.0,0.0,0.0,0.0,0.0,0.0,0.0,81.8700942993164,0.8537499904632568,77.8,55.0,30.0,365.0,0.0,0.0,0.0,0.0,0.0,0.0,0.0,0.0,0.0,0.0,0.0,0.0,0.0,0.0,0.0,0.0,0.0,0.0
mckenzie2003,2.5,2.5,0.2,45.95000076293945,0.0,45.95000076293945,7,4,525.0,3.04,0.0,0.0,0.0,0.0,0.0,0.0,0.0,0.0,0.0,0.0,0.0,0.0,0.0,0.0,0.0,0.0,0.0,0.0,524.7597045898438,3.041249990463257,73.8,489.0,69.0,286.0,0.0,0.0,0.0,0.0,0.0,0.0,502.4322814941406,3.056874990463257,75.0,521.0,58.0,365.0,462.9366760253906,3.525624990463257,73.5,542.0,55.0,286.0,412.87200927734375,4.025625228881836,73.4,427.0,52.0,254.0,0.0,0.0,0.0,0.0,0.0,0.0,98.80315399169922,1.0412499904632568,78.9,69.0,16.0,365.0,0.0,0.0,0.0,0.0,0.0,0.0,0.0,0.0,0.0,0.0,0.0,0.0,0.0,0.0,0.0,0.0,0.0,0.0
mckenzie2003,2.5,2.5,0.3,67.75,0.0,67.75,7,4,525.0,3.04,0.0,0.0,0.0,0.0,0.0,0.0,0.0,0.0,0.0,0.0,0.0,0.0,0.0,0.0,0.0,0.0,0.0,0.0,524.7597045898438,3.041249990463257,76.2,489.0,61.0,286.0,0.0,0.0,0.0,0.0,0.0,0.0,509.0763854980469,3.119374990463257,76.8,531.0,43.0,365.0,462.9366760253906,3.525624990463257,75.8,542.0,43.0,286.0,411.56298828125,4.025625228881836,76.2,426.0,45.0,266.0,0.0,0.0,0.0,0.0,0.0,0.0,124.61531829833984,1.3381249904632568,80.3,91.0,16.0,365.0,0.0,0.0,0.0,0.0,0.0,0.0,0.0,0.0,0.0,0.0,0.0,0.0,0.0,0.0,0.0,0.0,0.0,0.0
mckenzie2003,2.5,2.5,0.5,67.75,41.400001525878906,109.1500015258789,7,4,525.0,3.04,0.0,0.0,0.0,0.0,0.0,0.0,0.0,0.0,0.0,0.0,0.0,0.0,0.0,0.0,0.0,0.0,0.0,0.0,524.7597045898438,3.041249990463257,78.0,489.0,8.0,286.0,0.0,0.0,0.0,0.0,0.0,0.0,509.7164001464844,3.134999990463257,77.7,531.0,3.0,365.0,462.9366760253906,3.525624990463257,76.9,542.0,9.0,286.0,410.0357666015625,4.025625228881836,77.4,425.0,24.0,280.0,0.0,0.0,0.0,0.0,0.0,0.0,155.64747619628906,1.6974999904632568,80.3,119.0,2.0,365.0,0.0,0.0,0.0,0.0,0.0,0.0,0.0,0.0,0.0,0.0,0.0,0.0,0.0,0.0,0.0,0.0,0.0,0.0
mckenzie2003,2.5,2.5,1.5,67.75,230.8000030517578,298.54998779296875,7,4,525.0,3.04,0.0,0.0,0.0,0.0,0.0,0.0,0.0,0.0,0.0,0.0,0.0,0.0,0.0,0.0,0.0,0.0,0.0,0.0,524.7597045898438,3.041249990463257,78.6,489.0,0.0,286.0,0.0,0.0,0.0,0.0,0.0,0.0,509.7164001464844,3.134999990463257,78.1,531.0,0.0,365.0,462.9366760253906,3.525624990463257,77.4,542.0,0.0,286.0,410.0357666015625,4.025625228881836,77.7,425.0,13.0,280.0,0.0,0.0,0.0,0.0,0.0,0.0,191.5737762451172,2.134999990463257,80.3,158.0,0.0,365.0,0.0,0.0,0.0,0.0,0.0,0.0,0.0,0.0,0.0,0.0,0.0,0.0,0.0,0.0,0.0,0.0,0.0,0.0
mckenzie2003,2.3,2.3,0.01,2.369999885559082,0.0,2.369999885559082,4,7,152.0,0.82,0.0,0.0,0.0,0.0,0.0,0.0,0.0,0.0,0.0,0.0,0.0,0.0,0.0,0.0,0.0,0.0,0.0,0.0,110.92973327636719,0.38499999046325684,63.2,72.0,40.0,286.0,0.0,0.0,0.0,0.0,0.0,0.0,94.72335052490234,0.38499999046325684,63.4,58.0,35.0,365.0,152.43531799316406,0.8224999904632568,62.9,126.0,56.0,286.0,0.0,0.0,0.0,0.0,0.0,0.0,0.0,0.0,0.0,0.0,0.0,0.0,11.191621780395508,0.10374999046325684,63.9,5.0,4.0,365.0,0.0,0.0,0.0,0.0,0.0,0.0,0.0,0.0,0.0,0.0,0.0,0.0,0.0,0.0,0.0,0.0,0.0,0.0
mckenzie2003,2.3,2.3,0.02,4.739999771118164,0.0,4.739999771118164,4,7,252.0,1.56,0.0,0.0,0.0,0.0,0.0,0.0,0.0,0.0,0.0,0.0,0.0,0.0,0.0,0.0,0.0,0.0,0.0,0.0,186.49351501464844,0.7287499904632568,64.6,135.0,68.0,286.0,0.0,0.0,0.0,0.0,0.0,0.0,159.11093139648438,0.6974999904632568,67.2,112.0,58.0,365.0,251.73330688476562,1.5568749904632568,64.7,235.0,92.0,286.0,0.0,0.0,0.0,0.0,0.0,0.0,0.0,0.0,0.0,0.0,0.0,0.0,17.71683692932129,0.16624999046325684,69.3,10.0,6.0,365.0,0.0,0.0,0.0,0.0,0.0,0.0,0.0,0.0,0.0,0.0,0.0,0.0,0.0,0.0,0.0,0.0,0.0,0.0
mckenzie2003,2.3,2.3,0.03,7.110000133514404,0.0,7.110000133514404,4,7,325.0,2.23,0.0,0.0,0.0,0.0,0.0,0.0,0.0,0.0,0.0,0.0,0.0,0.0,0.0,0.0,0.0,0.0,0.0,0.0,256.1947326660156,1.1037499904632568,65.8,194.0,94.0,286.0,0.0,0.0,0.0,0.0,0.0,0.0,215.92652893066406,1.0099999904632568,68.4,162.0,79.0,365.0,325.11834716796875,2.228749990463257,65.3,334.0,119.0,286.0,0.0,0.0,0.0,0.0,0.0,0.0,0.0,0.0,0.0,0.0,0.0,0.0,24.007980346679688,0.22874999046325684,73.0,14.0,9.0,365.0,0.0,0.0,0.0,0.0,0.0,0.0,0.0,0.0,0.0,0.0,0.0,0.0,0.0,0.0,0.0,0.0,0.0,0.0
mckenzie2003,2.3,2.3,0.04,9.479999542236328,0.0,9.479999542236328,20,8,294.0,2.29,0.0,0.0,0.0,0.0,0.0,0.0,0.0,0.0,0.0,0.0,0.0,0.0,0.0,0.0,0.0,0.0,0.0,0.0,317.5626220703125,1.4943749904632568,66.3,248.0,116.0,286.0,0.0,0.0,0.0,0.0,0.0,0.0,264.847412109375,1.2912499904632568,69.2,207.0,97.0,365.0,376.0989990234375,2.681874990463257,65.5,419.0,137.0,286.0,294.0358581542969,2.291249990463257,66.3,247.0,107.0,194.0,0.0,0.0,0.0,0.0,0.0,0.0,30.0407772064209,0.30687499046325684,73.8,18.0,11.0,365.0,0.0,0.0,0.0,0.0,0.0,0.0,0.0,0.0,0.0,0.0,0.0,0.0,0.0,0.0,0.0,0.0,0.0,0.0
mckenzie2003,2.3,2.3,0.05,11.850000381469727,0.0,11.850000381469727,4,7,410.0,3.03,0.0,0.0,0.0,0.0,0.0,0.0,0.0,0.0,0.0,0.0,0.0,0.0,0.0,0.0,0.0,0.0,0.0,0.0,369.21514892578125,1.8381249904632568,66.7,298.0,135.0,286.0,0.0,0.0,0.0,0.0,0.0,0.0,306.4412536621094,1.5724999904632568,69.9,248.0,112.0,365.0,410.0227355957031,3.025624990463257,65.8,483.0,150.0,286.0,345.65618896484375,2.759999990463257,66.6,295.0,126.0,238.0,0.0,0.0,0.0,0.0,0.0,0.0,35.81979751586914,0.35374999046325684,74.5,22.0,13.0,365.0,0.0,0.0,0.0,0.0,0.0,0.0,0.0,0.0,0.0,0.0,0.0,0.0,0.0,0.0,0.0,0.0,0.0,0.0
mckenzie2003,2.3,2.3,0.06,14.170000076293945,0.0,14.170000076293945,4,7,451.0,3.32,0.0,0.0,0.0,0.0,0.0,0.0,0.0,0.0,0.0,0.0,0.0,0.0,0.0,0.0,0.0,0.0,0.0,0.0,410.7378845214844,2.103749990463257,67.0,343.0,150.0,286.0,0.0,0.0,0.0,0.0,0.0,0.0,341.39642333984375,1.8224999904632568,70.6,286.0,125.0,365.0,450.7252502441406,3.322499990463257,66.0,523.0,165.0,286.0,375.05572509765625,3.009999990463257,67.0,331.0,137.0,240.0,0.0,0.0,0.0,0.0,0.0,0.0,41.35034942626953,0.41624999046325684,75.0,26.0,15.0,365.0,0.0,0.0,0.0,0.0,0.0,0.0,0.0,0.0,0.0,0.0,0.0,0.0,0.0,0.0,0.0,0.0,0.0,0.0
mckenzie2003,2.3,2.3,0.08,18.809999465942383,0.0,18.809999465942383,4,7,468.0,3.54,0.0,0.0,0.0,0.0,0.0,0.0,0.0,0.0,0.0,0.0,0.0,0.0,0.0,0.0,0.0,0.0,0.0,0.0,468.6839294433594,2.541249990463257,68.2,419.0,171.0,286.0,0.0,0.0,0.0,0.0,0.0,0.0,394.5518493652344,2.166249990463257,71.6,352.0,141.0,365.0,467.94610595703125,3.541249990463257,67.2,538.0,167.0,286.0,412.6982727050781,3.478749990463257,68.1,390.0,151.0,243.0,0.0,0.0,0.0,0.0,0.0,0.0,51.715328216552734,0.5256249904632568,75.9,33.0,19.0,365.0,0.0,0.0,0.0,0.0,0.0,0.0,0.0,0.0,0.0,0.0,0.0,0.0,0.0,0.0,0.0,0.0,0.0,0.0
mckenzie2003,2.3,2.3,0.1,23.450000762939453,0.0,23.450000762939453,4,7,470.0,3.54,0.0,0.0,0.0,0.0,0.0,0.0,0.0,0.0,0.0,0.0,0.0,0.0,0.0,0.0,0.0,0.0,0.0,0.0,508.7276916503906,2.822499990463257,69.3,472.0,186.0,286.0,0.0,0.0,0.0,0.0,0.0,0.0,431.0393981933594,2.463124990463257,72.3,405.0,56.0,365.0,469.84771728515625,3.541249990463257,68.7,541.0,70.0,286.0,418.961181640625,4.025625228881836,69.3,423.0,150.0,251.0,0.0,0.0,0.0,0.0,0.0,0.0,61.336666107177734,0.6193749904632568,76.5,40.0,22.0,365.0,0.0,0.0,0.0,0.0,0.0,0.0,0.0,0.0,0.0,0.0,0.0,0.0,0.0,0.0,0.0,0.0,0.0,0.0
mckenzie2003,2.3,2.3,0.12,28.09000015258789,0.0,28.09000015258789,4,7,470.0,3.54,0.0,0.0,0.0,0.0,0.0,0.0,0.0,0.0,0.0,0.0,0.0,0.0,0.0,0.0,0.0,0.0,0.0,0.0,529.0654296875,3.056874990463257,70.3,485.0,192.0,286.0,0.0,0.0,0.0,0.0,0.0,0.0,456.4192199707031,2.619374990463257,73.2,446.0,59.0,365.0,469.84771728515625,3.541249990463257,69.8,543.0,61.0,286.0,418.7952575683594,4.025625228881836,70.4,424.0,61.0,255.0,0.0,0.0,0.0,0.0,0.0,0.0,70.18950653076172,0.7131249904632568,77.2,46.0,26.0,365.0,0.0,0.0,0.0,0.0,0.0,0.0,0.0,0.0,0.0,0.0,0.0,0.0,0.0,0.0,0.0,0.0,0.0,0.0
mckenzie2003,2.3,2.3,0.15,35.04999923706055,0.0,35.04999923706055,7,4,532.0,3.03,0.0,0.0,0.0,0.0,0.0,0.0,0.0,0.0,0.0,0.0,0.0,0.0,0.0,0.0,0.0,0.0,0.0,0.0,532.0464477539062,3.025624990463257,71.8,491.0,102.0,286.0,0.0,0.0,0.0,0.0,0.0,0.0,481.8532409667969,2.822499990463257,74.2,491.0,60.0,365.0,469.84771728515625,3.541249990463257,71.4,545.0,60.0,286.0,418.7952575683594,4.025625228881836,71.8,427.0,54.0,255.0,0.0,0.0,0.0,0.0,0.0,0.0,82.17362976074219,0.8381249904632568,77.9,55.0,30.0,365.0,0.0,0.0,0.0,0.0,0.0,0.0,0.0,0.0,0.0,0.0,0.0,0.0,0.0,0.0,0.0,0.0,0.0,0.0
mckenzie2003,2.3,2.3,0.2,45.95000076293945,0.0,45.95000076293945,7,4,532.0,3.03,0.0,0.0,0.0,0.0,0.0,0.0,0.0,0.0,0.0,0.0,0.0,0.0,0.0,0.0,0.0,0.0,0.0,0.0,532.0464477539062,3.025624990463257,73.9,492.0,69.0,286.0,0.0,0.0,0.0,0.0,0.0,0.0,508.392822265625,3.072499990463257,75.3,526.0,58.0,365.0,469.84771728515625,3.541249990463257,73.6,546.0,55.0,286.0,418.7952575683594,4.025625228881836,73.5,431.0,52.0,255.0,0.0,0.0,0.0,0.0,0.0,0.0,99.34144592285156,1.0256249904632568,78.9,69.0,16.0,365.0,0.0,0.0,0.0,0.0,0.0,0.0,0.0,0.0,0.0,0.0,0.0,0.0,0.0,0.0,0.0,0.0,0.0,0.0
mckenzie2003,2.3,2.3,0.3,67.75,0.0,67.75,7,4,532.0,3.03,0.0,0.0,0.0,0.0,0.0,0.0,0.0,0.0,0.0,0.0,0.0,0.0,0.0,0.0,0.0,0.0,0.0,0.0,532.0464477539062,3.025624990463257,76.2,492.0,61.0,286.0,0.0,0.0,0.0,0.0,0.0,0.0,514.8939819335938,3.150624990463257,76.8,536.0,43.0,365.0,469.84771728515625,3.541249990463257,75.9,546.0,43.0,286.0,417.4327697753906,4.025625228881836,76.2,430.0,45.0,268.0,0.0,0.0,0.0,0.0,0.0,0.0,125.424560546875,1.3224999904632568,80.4,91.0,16.0,365.0,0.0,0.0,0.0,0.0,0.0,0.0,0.0,0.0,0.0,0.0,0.0,0.0,0.0,0.0,0.0,0.0,0.0,0.0
mckenzie2003,2.3,2.3,0.5,67.75,41.400001525878906,109.1500015258789,7,4,532.0,3.03,0.0,0.0,0.0,0.0,0.0,0.0,0.0,0.0,0.0,0.0,0.0,0.0,0.0,0.0,0.0,0.0,0.0,0.0,532.0464477539062,3.025624990463257,78.2,492.0,8.0,286.0,0.0,0.0,0.0,0.0,0.0,0.0,515.9111938476562,3.150624990463257,77.8,536.0,2.0,365.0,469.84771728515625,3.541249990463257,77.1,546.0,9.0,286.0,416.0039367675781,4.025625228881836,77.8,429.0,25.0,281.0,0.0,0.0,0.0,0.0,0.0,0.0,157.00076293945312,1.6818749904632568,80.4,120.0,2.0,365.0,0.0,0.0,0.0,0.0,0.0,0.0,0.0,0.0,0.0,0.0,0.0,0.0,0.0,0.0,0.0,0.0,0.0,0.0
mckenzie2003,2.3,2.3,1.5,67.75,230.8000030517578,298.54998779296875,7,4,532.0,3.03,0.0,0.0,0.0,0.0,0.0,0.0,0.0,0.0,0.0,0.0,0.0,0.0,0.0,0.0,0.0,0.0,0.0,0.0,532.0464477539062,3.025624990463257,78.7,492.0,0.0,286.0,0.0,0.0,0.0,0.0,0.0,0.0,515.9111938476562,3.150624990463257,78.0,536.0,0.0,365.0,469.84771728515625,3.541249990463257,77.4,546.0,0.0,286.0,416.0039367675781,4.025625228881836,77.9,429.0,13.0,281.0,0.0,0.0,0.0,0.0,0.0,0.0,193.66729736328125,2.150624990463257,80.4,159.0,0.0,365.0,0.0,0.0,0.0,0.0,0.0,0.0,0.0,0.0,0.0,0.0,0.0,0.0,0.0,0.0,0.0,0.0,0.0,0.0
mckenzie2003,2.2,2.2,0.01,2.369999885559082,0.0,2.369999885559082,4,7,153.0,0.82,0.0,0.0,0.0,0.0,0.0,0.0,0.0,0.0,0.0,0.0,0.0,0.0,0.0,0.0,0.0,0.0,0.0,0.0,110.78758239746094,0.38499999046325684,63.3,77.0,40.0,286.0,0.0,0.0,0.0,0.0,0.0,0.0,95.07173156738281,0.38499999046325684,65.2,58.0,35.0,365.0,152.94374084472656,0.8224999904632568,63.1,127.0,56.0,286.0,0.0,0.0,0.0,0.0,0.0,0.0,0.0,0.0,0.0,0.0,0.0,0.0,11.179081916809082,0.10374999046325684,64.1,5.0,4.0,365.0,0.0,0.0,0.0,0.0,0.0,0.0,0.0,0.0,0.0,0.0,0.0,0.0,0.0,0.0,0.0,0.0,0.0,0.0
mckenzie2003,2.2,2.2,0.02,4.739999771118164,0.0,4.739999771118164,4,7,252.0,1.57,0.0,0.0,0.0,0.0,0.0,0.0,0.0,0.0,0.0,0.0,0.0,0.0,0.0,0.0,0.0,0.0,0.0,0.0,186.17274475097656,0.7287499904632568,65.3,143.0,68.0,286.0,0.0,0.0,0.0,0.0,0.0,0.0,159.7080078125,0.7131249904632568,65.0,112.0,58.0,365.0,252.41250610351562,1.5724999904632568,64.1,234.0,92.0,286.0,0.0,0.0,0.0,0.0,0.0,0.0,0.0,0.0,0.0,0.0,0.0,0.0,17.711301803588867,0.16624999046325684,69.4,10.0,6.0,365.0,0.0,0.0,0.0,0.0,0.0,0.0,0.0,0.0,0.0,0.0,0.0,0.0,0.0,0.0,0.0,0.0,0.0,0.0
mckenzie2003,2.2,2.2,0.03,7.110000133514404,0.0,7.110000133514404,4,7,326.0,2.23,0.0,0.0,0.0,0.0,0.0,0.0,0.0,0.0,0.0,0.0,0.0,0.0,0.0,0.0,0.0,0.0,0.0,0.0,255.49818420410156,1.1037499904632568,65.7,202.0,93.0,286.0,0.0,0.0,0.0,0.0,0.0,0.0,216.69972229003906,1.0256249904632568,68.3,162.0,79.0,365.0,325.65606689453125,2.228749990463257,65.3,334.0,119.0,286.0,0.0,0.0,0.0,0.0,0.0,0.0,0.0,0.0,0.0,0.0,0.0,0.0,23.968994140625,0.24437499046325684,72.9,14.0,9.0,365.0,0.0,0.0,0.0,0.0,0.0,0.0,0.0,0.0,0.0,0.0,0.0,0.0,0.0,0.0,0.0,0.0,0.0,0.0
mckenzie2003,2.2,2.2,0.04,9.479999542236328,0.0,9.479999542236328,20,8,289.0,2.26,0.0,0.0,0.0,0.0,0.0,0.0,0.0,0.0,0.0,0.0,0.0,0.0,0.0,0.0,0.0,0.0,0.0,0.0,316.5410461425781,1.4943749904632568,66.2,256.0,116.0,286.0,0.0,0.0,0.0,0.0,0.0,0.0,265.7335205078125,1.3224999904632568,69.2,207.0,97.0,365.0,376.36102294921875,2.681874990463257,65.5,419.0,137.0,286.0,288.7230224609375,2.259999990463257,66.3,245.0,105.0,192.0,0.0,0.0,0.0,0.0,0.0,0.0,29.974092483520508,0.30687499046325684,73.8,18.0,11.0,365.0,0.0,0.0,0.0,0.0,0.0,0.0,0.0,0.0,0.0,0.0,0.0,0.0,0.0,0.0,0.0,0.0,0.0,0.0
mckenzie2003,2.2,2.2,0.05,11.850000381469727,0.0,11.850000381469727,4,7,410.0,3.01,0.0,0.0,0.0,0.0,0.0,0.0,0.0,0.0,0.0,0.0,0.0,0.0,0.0,0.0,0.0,0.0,0.0,0.0,367.5701904296875,1.8224999904632568,66.7,306.0,134.0,286.0,0.0,0.0,0.0,0.0,0.0,0.0,307.2823486328125,1.5568749904632568,69.9,248.0,112.0,365.0,410.0949401855469,3.009999990463257,65.8,482.0,150.0,286.0,343.0904846191406,2.744374990463257,66.6,293.0,125.0,239.0,0.0,0.0,0.0,0.0,0.0,0.0,35.75126266479492,0.35374999046325684,74.5,22.0,13.0,365.0,0.0,0.0,0.0,0.0,0.0,0.0,0.0,0.0,0.0,0.0,0.0,0.0,0.0,0.0,0.0,0.0,0.0,0.0
mckenzie2003,2.2,2.2,0.06,14.170000076293945,0.0,14.170000076293945,4,7,451.0,3.35,0.0,0.0,0.0,0.0,0.0,0.0,0.0,0.0,0.0,0.0,0.0,0.0,0.0,0.0,0.0,0.0,0.0,0.0,408.7030944824219,2.150624990463257,67.0,352.0,149.0,286.0,0.0,0.0,0.0,0.0,0.0,0.0,342.17108154296875,1.8068749904632568,70.5,286.0,125.0,365.0,450.544677734375,3.353749990463257,65.9,521.0,164.0,286.0,372.0372619628906,3.009999990463257,67.0,330.0,136.0,240.0,0.0,0.0,0.0,0.0,0.0,0.0,41.232784271240234,0.41624999046325684,75.0,26.0,15.0,365.0,0.0,0.0,0.0,0.0,0.0,0.0,0.0,0.0,0.0,0.0,0.0,0.0,0.0,0.0,0.0,0.0,0.0,0.0
mckenzie2003,2.2,2.2,0.08,18.809999465942383,0.0,18.809999465942383,4,7,468.0,3.54,0.0,0.0,0.0,0.0,0.0,0.0,0.0,0.0,0.0,0.0,0.0,0.0,0.0,0.0,0.0,0.0,0.0,0.0,465.7508850097656,2.556874990463257,68.1,428.0,170.0,286.0,0.0,0.0,0.0,0.0,0.0,0.0,395.1355895996094,2.181874990463257,71.4,352.0,141.0,365.0,467.71044921875,3.541249990463257,67.2,537.0,167.0,286.0,409.10546875,3.463124990463257,68.0,388.0,149.0,243.0,0.0,0.0,0.0,0.0,0.0,0.0,51.66815948486328,0.5256249904632568,75.8,33.0,19.0,365.0,0.0,0.0,0.0,0.0,0.0,0.0,0.0,0.0,0.0,0.0,0.0,0.0,0.0,0.0,0.0,0.0,0.0,0.0
mckenzie2003,2.2,2.2,0.1,23.450000762939453,0.0,23.450000762939453,4,7,470.0,3.54,0.0,0.0,0.0,0.0,0.0,0.0,0.0,0.0,0.0,0.0,0.0,0.0,0.0,0.0,0.0,0.0,0.0,0.0,505.4012451171875,2.822499990463257,69.1,479.0,184.0,286.0,0.0,0.0,0.0,0.0,0.0,0.0,431.406005859375,2.431874990463257,72.3,404.0,56.0,365.0,470.07806396484375,3.541249990463257,68.6,540.0,72.0,286.0,415.1197814941406,4.025625228881836,69.1,421.0,148.0,251.0,0.0,0.0,0.0,0.0,0.0,0.0,61.19734191894531,0.6193749904632568,76.5,40.0,22.0,365.0,0.0,0.0,0.0,0.0,0.0,0.0,0.0,0.0,0.0,0.0,0.0,0.0,0.0,0.0,0.0,0.0,0.0,0.0
mckenzie2003,2.2,2.2,0.12,28.09000015258789,0.0,28.09000015258789,4,7,470.0,3.54,0.0,0.0,0.0,0.0,0.0,0.0,0.0,0.0,0.0,0.0,0.0,0.0,0.0,0.0,0.0,0.0,0.0,0.0,524.8558959960938,3.041249990463257,70.0,493.0,191.0,286.0,0.0,0.0,0.0,0.0,0.0,0.0,456.59765625,2.603749990463257,73.3,445.0,59.0,365.0,470.07806396484375,3.541249990463257,69.8,542.0,61.0,286.0,414.9509582519531,4.025625228881836,70.2,423.0,62.0,255.0,0.0,0.0,0.0,0.0,0.0,0.0,70.00798797607422,0.7131249904632568,77.2,46.0,26.0,365.0,0.0,0.0,0.0,0.0,0.0,0.0,0.0,0.0,0.0,0.0,0.0,0.0,0.0,0.0,0.0,0.0,0.0,0.0
mckenzie2003,2.2,2.2,0.15,35.04999923706055,0.0,35.04999923706055,7,4,528.0,3.04,0.0,0.0,0.0,0.0,0.0,0.0,0.0,0.0,0.0,0.0,0.0,0.0,0.0,0.0,0.0,0.0,0.0,0.0,528.3707885742188,3.041249990463257,71.6,500.0,102.0,286.0,0.0,0.0,0.0,0.0,0.0,0.0,481.8303527832031,2.822499990463257,74.0,490.0,60.0,365.0,470.07806396484375,3.541249990463257,71.4,545.0,59.0,286.0,414.9509582519531,4.025625228881836,71.4,426.0,54.0,255.0,0.0,0.0,0.0,0.0,0.0,0.0,81.91634368896484,0.8537499904632568,77.9,55.0,30.0,365.0,0.0,0.0,0.0,0.0,0.0,0.0,0.0,0.0,0.0,0.0,0.0,0.0,0.0,0.0,0.0,0.0,0.0,0.0
mckenzie2003,2.2,2.2,0.2,45.95000076293945,0.0,45.95000076293945,7,4,528.0,3.04,0.0,0.0,0.0,0.0,0.0,0.0,0.0,0.0,0.0,0.0,0.0,0.0,0.0,0.0,0.0,0.0,0.0,0.0,528.3707885742188,3.041249990463257,73.5,501.0,69.0,286.0,0.0,0.0,0.0,0.0,0.0,0.0,507.5986328125,3.041249990463257,75.0,524.0,58.0,365.0,470.07806396484375,3.541249990463257,73.2,546.0,55.0,286.0,414.9509582519531,4.025625228881836,73.3,429.0,52.0,255.0,0.0,0.0,0.0,0.0,0.0,0.0,99.0156021118164,1.0412499904632568,78.8,69.0,16.0,365.0,0.0,0.0,0.0,0.0,0.0,0.0,0.0,0.0,0.0,0.0,0.0,0.0,0.0,0.0,0.0,0.0,0.0,0.0
mckenzie2003,2.2,2.2,0.3,67.75,0.0,67.75,7,4,528.0,3.04,0.0,0.0,0.0,0.0,0.0,0.0,0.0,0.0,0.0,0.0,0.0,0.0,0.0,0.0,0.0,0.0,0.0,0.0,528.3707885742188,3.041249990463257,76.1,501.0,61.0,286.0,0.0,0.0,0.0,0.0,0.0,0.0,514.5938110351562,3.103749990463257,76.7,535.0,43.0,365.0,470.07806396484375,3.541249990463257,75.7,546.0,43.0,286.0,413.6791076660156,4.025625228881836,76.2,429.0,45.0,267.0,0.0,0.0,0.0,0.0,0.0,0.0,124.8907699584961,1.3381249904632568,80.3,91.0,15.0,365.0,0.0,0.0,0.0,0.0,0.0,0.0,0.0,0.0,0.0,0.0,0.0,0.0,0.0,0.0,0.0,0.0,0.0,0.0
mckenzie2003,2.2,2.2,0.5,67.75,41.400001525878906,109.1500015258789,7,4,528.0,3.04,0.0,0.0,0.0,0.0,0.0,0.0,0.0,0.0,0.0,0.0,0.0,0.0,0.0,0.0,0.0,0.0,0.0,0.0,528.3707885742188,3.041249990463257,77.9,501.0,8.0,286.0,0.0,0.0,0.0,0.0,0.0,0.0,516.1062622070312,3.134999990463257,77.7,535.0,3.0,365.0,470.07806396484375,3.541249990463257,76.9,546.0,9.0,286.0,412.1169128417969,4.025625228881836,77.6,427.0,25.0,281.0,0.0,0.0,0.0,0.0,0.0,0.0,156.19036865234375,1.6818749904632568,80.3,120.0,2.0,365.0,0.0,0.0,0.0,0.0,0.0,0.0,0.0,0.0,0.0,0.0,0.0,0.0,0.0,0.0,0.0,0.0,0.0,0.0
mckenzie2003,2.2,2.2,1.5,67.75,230.8000030517578,298.54998779296875,7,4,528.0,3.04,0.0,0.0,0.0,0.0,0.0,0.0,0.0,0.0,0.0,0.0,0.0,0.0,0.0,0.0,0.0,0.0,0.0,0.0,528.3707885742188,3.041249990463257,78.6,501.0,0.0,286.0,0.0,0.0,0.0,0.0,0.0,0.0,516.1062622070312,3.134999990463257,77.8,535.0,0.0,365.0,470.07806396484375,3.541249990463257,77.3,546.0,0.0,286.0,412.1169128417969,4.025625228881836,77.8,427.0,14.0,281.0,0.0,0.0,0.0,0.0,0.0,0.0,192.43955993652344,2.134999990463257,80.3,159.0,0.0,365.0,0.0,0.0,0.0,0.0,0.0,0.0,0.0,0.0,0.0,0.0,0.0,0.0,0.0,0.0,0.0,0.0,0.0,0.0
mckenzie2003,2.0,2.0,0.01,2.369999885559082,0.0,2.369999885559082,4,7,153.0,0.82,0.0,0.0,0.0,0.0,0.0,0.0,0.0,0.0,0.0,0.0,0.0,0.0,0.0,0.0,0.0,0.0,0.0,0.0,110.91516876220703,0.38499999046325684,63.3,72.0,40.0,286.0,0.0,0.0,0.0,0.0,0.0,0.0,95.21334075927734,0.38499999046325684,65.1,58.0,35.0,365.0,153.11834716796875,0.8224999904632568,63.0,127.0,56.0,286.0,0.0,0.0,0.0,0.0,0.0,0.0,0.0,0.0,0.0,0.0,0.0,0.0,11.179055213928223,0.10374999046325684,64.0,5.0,4.0,365.0,0.0,0.0,0.0,0.0,0.0,0.0,0.0,0.0,0.0,0.0,0.0,0.0,0.0,0.0,0.0,0.0,0.0,0.0
mckenzie2003,2.0,2.0,0.02,4.739999771118164,0.0,4.739999771118164,4,7,253.0,1.57,0.0,0.0,0.0,0.0,0.0,0.0,0.0,0.0,0.0,0.0,0.0,0.0,0.0,0.0,0.0,0.0,0.0,0.0,186.5435028076172,0.7287499904632568,65.2,136.0,68.0,286.0,0.0,0.0,0.0,0.0,0.0,0.0,160.0228729248047,0.7287499904632568,65.0,112.0,58.0,365.0,253.0017852783203,1.5724999904632568,64.1,234.0,92.0,286.0,0.0,0.0,0.0,0.0,0.0,0.0,0.0,0.0,0.0,0.0,0.0,0.0,17.729976654052734,0.16624999046325684,69.3,10.0,6.0,365.0,0.0,0.0,0.0,0.0,0.0,0.0,0.0,0.0,0.0,0.0,0.0,0.0,0.0,0.0,0.0,0.0,0.0,0.0
mckenzie2003,2.0,2.0,0.03,7.110000133514404,0.0,7.110000133514404,4,7,327.0,2.2,0.0,0.0,0.0,0.0,0.0,0.0,0.0,0.0,0.0,0.0,0.0,0.0,0.0,0.0,0.0,0.0,0.0,0.0,256.1463317871094,1.1193749904632568,65.8,194.0,93.0,286.0,0.0,0.0,0.0,0.0,0.0,0.0,217.09913635253906,1.0412499904632568,68.2,162.0,79.0,365.0,326.5815124511719,2.197499990463257,65.3,333.0,119.0,286.0,0.0,0.0,0.0,0.0,0.0,0.0,0.0,0.0,0.0,0.0,0.0,0.0,24.02750015258789,0.22874999046325684,73.1,14.0,9.0,365.0,0.0,0.0,0.0,0.0,0.0,0.0,0.0,0.0,0.0,0.0,0.0,0.0,0.0,0.0,0.0,0.0,0.0,0.0
mckenzie2003,2.0,2.0,0.04,9.479999542236328,0.0,9.479999542236328,20,8,286.0,2.29,0.0,0.0,0.0,0.0,0.0,0.0,0.0,0.0,0.0,0.0,0.0,0.0,0.0,0.0,0.0,0.0,0.0,0.0,317.2346496582031,1.4943749904632568,66.2,248.0,116.0,286.0,0.0,0.0,0.0,0.0,0.0,0.0,266.3609313964844,1.3068749904632568,69.2,207.0,97.0,365.0,377.2933654785156,2.650624990463257,65.6,418.0,138.0,286.0,285.5082702636719,2.291249990463257,66.3,244.0,104.0,190.0,0.0,0.0,0.0,0.0,0.0,0.0,30.07330894470215,0.30687499046325684,73.8,18.0,11.0,365.0,0.0,0.0,0.0,0.0,0.0,0.0,0.0,0.0,0.0,0.0,0.0,0.0,0.0,0.0,0.0,0.0,0.0,0.0
mckenzie2003,2.0,2.0,0.05,11.850000381469727,0.0,11.850000381469727,20,8,344.0,2.71,0.0,0.0,0.0,0.0,0.0,0.0,0.0,0.0,0.0,0.0,0.0,0.0,0.0,0.0,0.0,0.0,0.0,0.0,368.3414001464844,1.8849999904632568,66.7,297.0,134.0,286.0,0.0,0.0,0.0,0.0,0.0,0.0,308.06298828125,1.6037499904632568,69.9,248.0,112.0,365.0,411.0804138183594,2.947499990463257,65.8,481.0,150.0,286.0,343.5828857421875,2.713124990463257,66.7,293.0,125.0,239.0,0.0,0.0,0.0,0.0,0.0,0.0,35.8191032409668,0.35374999046325684,74.5,22.0,13.0,365.0,0.0,0.0,0.0,0.0,0.0,0.0,0.0,0.0,0.0,0.0,0.0,0.0,0.0,0.0,0.0,0.0,0.0,0.0
mckenzie2003,2.0,2.0,0.06,14.170000076293945,0.0,14.170000076293945,4,7,452.0,3.42,0.0,0.0,0.0,0.0,0.0,0.0,0.0,0.0,0.0,0.0,0.0,0.0,0.0,0.0,0.0,0.0,0.0,0.0,409.5219421386719,2.119374990463257,67.1,342.0,149.0,286.0,0.0,0.0,0.0,0.0,0.0,0.0,342.9516906738281,1.8381249904632568,70.5,286.0,125.0,365.0,451.6202697753906,3.416249990463257,66.2,521.0,165.0,286.0,372.4873046875,2.963124990463257,67.0,329.0,136.0,240.0,0.0,0.0,0.0,0.0,0.0,0.0,41.37065505981445,0.43187499046325684,75.0,26.0,15.0,365.0,0.0,0.0,0.0,0.0,0.0,0.0,0.0,0.0,0.0,0.0,0.0,0.0,0.0,0.0,0.0,0.0,0.0,0.0
mckenzie2003,2.0,2.0,0.08,18.809999465942383,0.0,18.809999465942383,4,7,468.0,3.54,0.0,0.0,0.0,0.0,0.0,0.0,0.0,0.0,0.0,0.0,0.0,0.0,0.0,0.0,0.0,0.0,0.0,0.0,466.4230041503906,2.509999990463257,68.2,417.0,170.0,286.0,0.0,0.0,0.0,0.0,0.0,0.0,396.01531982421875,2.150624990463257,71.5,351.0,141.0,365.0,468.132080078125,3.541249990463257,67.2,536.0,167.0,286.0,409.4585266113281,3.478749990463257,68.0,387.0,149.0,244.0,0.0,0.0,0.0,0.0,0.0,0.0,51.7595100402832,0.5412499904632568,75.8,33.0,19.0,365.0,0.0,0.0,0.0,0.0,0.0,0.0,0.0,0.0,0.0,0.0,0.0,0.0,0.0,0.0,0.0,0.0,0.0,0.0
mckenzie2003,2.0,2.0,0.1,23.450000762939453,0.0,23.450000762939453,4,7,471.0,3.54,0.0,0.0,0.0,0.0,0.0,0.0,0.0,0.0,0.0,0.0,0.0,0.0,0.0,0.0,0.0,0.0,0.0,0.0,506.00341796875,2.822499990463257,69.3,469.0,185.0,286.0,0.0,0.0,0.0,0.0,0.0,0.0,432.31170654296875,2.416249990463257,72.5,403.0,56.0,365.0,470.525390625,3.541249990463257,68.6,540.0,71.0,286.0,415.40924072265625,4.025625228881836,69.2,421.0,148.0,251.0,0.0,0.0,0.0,0.0,0.0,0.0,61.29705810546875,0.6193749904632568,76.4,40.0,22.0,365.0,0.0,0.0,0.0,0.0,0.0,0.0,0.0,0.0,0.0,0.0,0.0,0.0,0.0,0.0,0.0,0.0,0.0,0.0
mckenzie2003,2.0,2.0,0.12,28.09000015258789,0.0,28.09000015258789,4,7,471.0,3.54,0.0,0.0,0.0,0.0,0.0,0.0,0.0,0.0,0.0,0.0,0.0,0.0,0.0,0.0,0.0,0.0,0.0,0.0,525.646728515625,2.978749990463257,70.2,482.0,191.0,286.0,0.0,0.0,0.0,0.0,0.0,0.0,457.3958435058594,2.666249990463257,73.3,445.0,59.0,365.0,470.525390625,3.541249990463257,69.8,542.0,63.0,286.0,415.2400817871094,4.025625228881836,70.2,422.0,62.0,255.0,0.0,0.0,0.0,0.0,0.0,0.0,70.12024688720703,0.7443749904632568,77.2,46.0,26.0,365.0,0.0,0.0,0.0,0.0,0.0,0.0,0.0,0.0,0.0,0.0,0.0,0.0,0.0,0.0,0.0,0.0,0.0,0.0
mckenzie2003,2.0,2.0,0.15,35.04999923706055,0.0,35.04999923706055,7,4,529.0,3.06,0.0,0.0,0.0,0.0,0.0,0.0,0.0,0.0,0.0,0.0,0.0,0.0,0.0,0.0,0.0,0.0,0.0,0.0,528.75048828125,3.056874990463257,71.7,490.0,100.0,286.0,0.0,0.0,0.0,0.0,0.0,0.0,482.63677978515625,2.806874990463257,74.3,489.0,60.0,365.0,470.525390625,3.541249990463257,71.5,544.0,59.0,286.0,415.2400817871094,4.025625228881836,71.6,425.0,54.0,255.0,0.0,0.0,0.0,0.0,0.0,0.0,82.12722778320312,0.8537499904632568,77.8,55.0,30.0,365.0,0.0,0.0,0.0,0.0,0.0,0.0,0.0,0.0,0.0,0.0,0.0,0.0,0.0,0.0,0.0,0.0,0.0,0.0
mckenzie2003,2.0,2.0,0.2,45.95000076293945,0.0,45.95000076293945,7,4,529.0,3.06,0.0,0.0,0.0,0.0,0.0,0.0,0.0,0.0,0.0,0.0,0.0,0.0,0.0,0.0,0.0,0.0,0.0,0.0,528.75048828125,3.056874990463257,73.7,491.0,69.0,286.0,0.0,0.0,0.0,0.0,0.0,0.0,508.5200500488281,3.088124990463257,75.0,524.0,58.0,365.0,470.525390625,3.541249990463257,73.3,546.0,55.0,286.0,415.2400817871094,4.025625228881836,73.3,429.0,52.0,255.0,0.0,0.0,0.0,0.0,0.0,0.0,99.1962890625,1.0412499904632568,78.8,69.0,16.0,365.0,0.0,0.0,0.0,0.0,0.0,0.0,0.0,0.0,0.0,0.0,0.0,0.0,0.0,0.0,0.0,0.0,0.0,0.0
mckenzie2003,2.0,2.0,0.3,67.75,0.0,67.75,7,4,529.0,3.06,0.0,0.0,0.0,0.0,0.0,0.0,0.0,0.0,0.0,0.0,0.0,0.0,0.0,0.0,0.0,0.0,0.0,0.0,528.75048828125,3.056874990463257,76.2,491.0,61.0,286.0,0.0,0.0,0.0,0.0,0.0,0.0,515.1026611328125,3.103749990463257,76.8,534.0,43.0,365.0,470.525390625,3.541249990463257,75.7,546.0,44.0,286.0,413.9663391113281,4.025625228881836,76.2,428.0,45.0,267.0,0.0,0.0,0.0,0.0,0.0,0.0,125.14742279052734,1.3224999904632568,80.3,90.0,15.0,365.0,0.0,0.0,0.0,0.0,0.0,0.0,0.0,0.0,0.0,0.0,0.0,0.0,0.0,0.0,0.0,0.0,0.0,0.0
mckenzie2003,2.0,2.0,0.5,67.75,41.400001525878906,109.1500015258789,7,4,529.0,3.06,0.0,0.0,0.0,0.0,0.0,0.0,0.0,0.0,0.0,0.0,0.0,0.0,0.0,0.0,0.0,0.0,0.0,0.0,528.75048828125,3.056874990463257,77.9,491.0,8.0,286.0,0.0,0.0,0.0,0.0,0.0,0.0,516.585693359375,3.119374990463257,77.8,534.0,3.0,365.0,470.525390625,3.541249990463257,77.0,546.0,9.0,286.0,412.4012145996094,4.025625228881836,77.6,427.0,25.0,281.0,0.0,0.0,0.0,0.0,0.0,0.0,156.44752502441406,1.7131249904632568,80.3,120.0,2.0,365.0,0.0,0.0,0.0,0.0,0.0,0.0,0.0,0.0,0.0,0.0,0.0,0.0,0.0,0.0,0.0,0.0,0.0,0.0
mckenzie2003,2.0,2.0,1.5,67.75,230.8000030517578,298.54998779296875,7,4,529.0,3.06,0.0,0.0,0.0,0.0,0.0,0.0,0.0,0.0,0.0,0.0,0.0,0.0,0.0,0.0,0.0,0.0,0.0,0.0,528.75048828125,3.056874990463257,78.7,491.0,0.0,286.0,0.0,0.0,0.0,0.0,0.0,0.0,516.585693359375,3.119374990463257,77.9,534.0,0.0,365.0,470.525390625,3.541249990463257,77.3,546.0,0.0,286.0,412.4012145996094,4.025625228881836,77.8,427.0,14.0,281.0,0.0,0.0,0.0,0.0,0.0,0.0,192.77781677246094,2.103749990463257,80.3,158.0,0.0,365.0,0.0,0.0,0.0,0.0,0.0,0.0,0.0,0.0,0.0,0.0,0.0,0.0,0.0,0.0,0.0,0.0,0.0,0.0
