variant,target_age_ka,climate_age_ka,depth_m,whc_top_mm,whc_bottom_mm,whc_total_mm,biome_id,optpft,npp_gC_m2_yr,lai,pft01_npp,pft01_lai,pft01_wetness,pft01_aet,pft01_firedays,pft01_greendays,pft02_npp,pft02_lai,pft02_wetness,pft02_aet,pft02_firedays,pft02_greendays,pft03_npp,pft03_lai,pft03_wetness,pft03_aet,pft03_firedays,pft03_greendays,pft04_npp,pft04_lai,pft04_wetness,pft04_aet,pft04_firedays,pft04_greendays,pft05_npp,pft05_lai,pft05_wetness,pft05_aet,pft05_firedays,pft05_greendays,pft06_npp,pft06_lai,pft06_wetness,pft06_aet,pft06_firedays,pft06_greendays,pft07_npp,pft07_lai,pft07_wetness,pft07_aet,pft07_firedays,pft07_greendays,pft08_npp,pft08_lai,pft08_wetness,pft08_aet,pft08_firedays,pft08_greendays,pft09_npp,pft09_lai,pft09_wetness,pft09_aet,pft09_firedays,pft09_greendays,pft10_npp,pft10_lai,pft10_wetness,pft10_aet,pft10_firedays,pft10_greendays,pft11_npp,pft11_lai,pft11_wetness,pft11_aet,pft11_firedays,pft11_greendays,pft12_npp,pft12_lai,pft12_wetness,pft12_aet,pft12_firedays,pft12_greendays,pft13_npp,pft13_lai,pft13_wetness,pft13_aet,pft13_firedays,pft13_greendays
original,5.0,5.0,0.01,1.5,0.0,1.5,7,6,463.0,2.99,0.0,0.0,0.0,0.0,0.0,0.0,0.0,0.0,0.0,0.0,0.0,0.0,0.0,0.0,0.0,0.0,0.0,0.0,488.06097412109375,2.931874990463257,57.0,423.0,79.0,286.0,0.0,0.0,0.0,0.0,0.0,0.0,462.9736633300781,2.994374990463257,55.6,455.0,75.0,365.0,426.1163635253906,3.353749990463257,56.2,473.0,68.0,286.0,368.76031494140625,3.650624990463257,57.6,368.0,59.0,222.0,0.0,0.0,0.0,0.0,0.0,0.0,116.582763671875,1.3224999904632568,61.7,88.0,17.0,365.0,0.0,0.0,0.0,0.0,0.0,0.0,0.0,0.0,0.0,0.0,0.0,0.0,0.0,0.0,0.0,0.0,0.0,0.0
original,5.0,5.0,0.02,3.0,0.0,3.0,7,6,467.0,3.01,0.0,0.0,0.0,0.0,0.0,0.0,0.0,0.0,0.0,0.0,0.0,0.0,0.0,0.0,0.0,0.0,0.0,0.0,493.220458984375,2.931874990463257,61.2,459.0,68.0,286.0,0.0,0.0,0.0,0.0,0.0,0.0,466.5678405761719,3.009999990463257,59.7,481.0,64.0,365.0,428.9485778808594,3.353749990463257,61.0,511.0,56.0,286.0,384.9496154785156,4.025625228881836,61.4,396.0,52.0,241.0,0.0,0.0,0.0,0.0,0.0,0.0,116.66938018798828,1.3224999904632568,67.7,89.0,16.0,365.0,0.0,0.0,0.0,0.0,0.0,0.0,0.0,0.0,0.0,0.0,0.0,0.0,0.0,0.0,0.0,0.0,0.0,0.0
original,5.0,5.0,0.03,4.5,0.0,4.5,7,6,469.0,2.98,0.0,0.0,0.0,0.0,0.0,0.0,0.0,0.0,0.0,0.0,0.0,0.0,0.0,0.0,0.0,0.0,0.0,0.0,494.00262451171875,2.931874990463257,62.7,462.0,63.0,286.0,0.0,0.0,0.0,0.0,0.0,0.0,469.03082275390625,2.978749990463257,61.3,496.0,60.0,365.0,429.07244873046875,3.416249990463257,62.4,512.0,54.0,286.0,384.6632995605469,4.025625228881836,63.1,398.0,49.0,243.0,0.0,0.0,0.0,0.0,0.0,0.0,116.70156860351562,1.3224999904632568,69.8,89.0,15.0,365.0,0.0,0.0,0.0,0.0,0.0,0.0,0.0,0.0,0.0,0.0,0.0,0.0,0.0,0.0,0.0,0.0,0.0,0.0
original,5.0,5.0,0.04,6.0,0.0,6.0,7,6,471.0,2.99,0.0,0.0,0.0,0.0,0.0,0.0,0.0,0.0,0.0,0.0,0.0,0.0,0.0,0.0,0.0,0.0,0.0,0.0,494.00262451171875,2.931874990463257,63.3,462.0,63.0,286.0,0.0,0.0,0.0,0.0,0.0,0.0,471.375732421875,2.994374990463257,63.9,506.0,60.0,365.0,429.07244873046875,3.416249990463257,63.2,513.0,54.0,286.0,384.5201416015625,4.025625228881836,63.9,398.0,49.0,244.0,0.0,0.0,0.0,0.0,0.0,0.0,116.71224975585938,1.3224999904632568,71.1,89.0,15.0,365.0,0.0,0.0,0.0,0.0,0.0,0.0,0.0,0.0,0.0,0.0,0.0,0.0,0.0,0.0,0.0,0.0,0.0,0.0
original,5.0,5.0,0.05,7.5,0.0,7.5,7,6,471.0,3.01,0.0,0.0,0.0,0.0,0.0,0.0,0.0,0.0,0.0,0.0,0.0,0.0,0.0,0.0,0.0,0.0,0.0,0.0,494.00262451171875,2.931874990463257,63.8,463.0,63.0,286.0,0.0,0.0,0.0,0.0,0.0,0.0,471.4078063964844,3.009999990463257,64.8,506.0,59.0,365.0,429.07244873046875,3.416249990463257,63.6,513.0,54.0,286.0,383.8043212890625,4.025625228881836,64.6,399.0,49.0,249.0,0.0,0.0,0.0,0.0,0.0,0.0,116.7229232788086,1.3224999904632568,71.9,89.0,15.0,365.0,0.0,0.0,0.0,0.0,0.0,0.0,0.0,0.0,0.0,0.0,0.0,0.0,0.0,0.0,0.0,0.0,0.0,0.0
original,5.0,5.0,0.06,9.0,0.0,9.0,7,6,472.0,3.01,0.0,0.0,0.0,0.0,0.0,0.0,0.0,0.0,0.0,0.0,0.0,0.0,0.0,0.0,0.0,0.0,0.0,0.0,494.00262451171875,2.931874990463257,64.3,464.0,63.0,286.0,0.0,0.0,0.0,0.0,0.0,0.0,471.5008239746094,3.009999990463257,65.8,507.0,59.0,365.0,429.07244873046875,3.416249990463257,64.0,514.0,54.0,286.0,383.47845458984375,4.025625228881836,65.0,400.0,49.0,252.0,0.0,0.0,0.0,0.0,0.0,0.0,116.7229232788086,1.3224999904632568,72.6,89.0,15.0,365.0,0.0,0.0,0.0,0.0,0.0,0.0,0.0,0.0,0.0,0.0,0.0,0.0,0.0,0.0,0.0,0.0,0.0,0.0
original,5.0,5.0,0.08,12.0,0.0,12.0,7,6,471.0,3.01,0.0,0.0,0.0,0.0,0.0,0.0,0.0,0.0,0.0,0.0,0.0,0.0,0.0,0.0,0.0,0.0,0.0,0.0,494.00262451171875,2.931874990463257,64.8,465.0,63.0,286.0,0.0,0.0,0.0,0.0,0.0,0.0,471.4078063964844,3.009999990463257,67.3,508.0,58.0,365.0,429.07244873046875,3.416249990463257,64.7,516.0,54.0,286.0,383.50140380859375,4.025625228881836,65.7,401.0,49.0,253.0,0.0,0.0,0.0,0.0,0.0,0.0,116.73356628417969,1.3224999904632568,73.5,89.0,15.0,365.0,0.0,0.0,0.0,0.0,0.0,0.0,0.0,0.0,0.0,0.0,0.0,0.0,0.0,0.0,0.0,0.0,0.0,0.0
original,5.0,5.0,0.1,15.0,0.0,15.0,7,6,472.0,3.01,0.0,0.0,0.0,0.0,0.0,0.0,0.0,0.0,0.0,0.0,0.0,0.0,0.0,0.0,0.0,0.0,0.0,0.0,494.00262451171875,2.931874990463257,65.7,467.0,63.0,286.0,0.0,0.0,0.0,0.0,0.0,0.0,471.5008239746094,3.009999990463257,68.6,509.0,57.0,365.0,429.07244873046875,3.416249990463257,65.5,517.0,53.0,286.0,383.50140380859375,4.025625228881836,66.6,403.0,48.0,253.0,0.0,0.0,0.0,0.0,0.0,0.0,116.73356628417969,1.3224999904632568,74.2,89.0,15.0,365.0,0.0,0.0,0.0,0.0,0.0,0.0,0.0,0.0,0.0,0.0,0.0,0.0,0.0,0.0,0.0,0.0,0.0,0.0
original,5.0,5.0,0.12,18.0,0.0,18.0,7,6,472.0,2.99,0.0,0.0,0.0,0.0,0.0,0.0,0.0,0.0,0.0,0.0,0.0,0.0,0.0,0.0,0.0,0.0,0.0,0.0,494.00262451171875,2.931874990463257,66.9,468.0,63.0,286.0,0.0,0.0,0.0,0.0,0.0,0.0,471.51470947265625,2.994374990463257,69.7,510.0,57.0,365.0,429.07244873046875,3.416249990463257,66.7,519.0,52.0,286.0,383.50140380859375,4.025625228881836,67.7,404.0,48.0,253.0,0.0,0.0,0.0,0.0,0.0,0.0,116.73356628417969,1.3224999904632568,74.9,89.0,15.0,365.0,0.0,0.0,0.0,0.0,0.0,0.0,0.0,0.0,0.0,0.0,0.0,0.0,0.0,0.0,0.0,0.0,0.0,0.0
original,5.0,5.0,0.15,22.5,0.0,22.5,7,6,472.0,3.01,0.0,0.0,0.0,0.0,0.0,0.0,0.0,0.0,0.0,0.0,0.0,0.0,0.0,0.0,0.0,0.0,0.0,0.0,494.00262451171875,2.931874990463257,68.6,470.0,63.0,286.0,0.0,0.0,0.0,0.0,0.0,0.0,471.5472106933594,3.009999990463257,70.8,512.0,55.0,365.0,429.07244873046875,3.416249990463257,68.5,521.0,52.0,286.0,383.6033935546875,4.025625228881836,68.9,406.0,48.0,252.0,0.0,0.0,0.0,0.0,0.0,0.0,116.73356628417969,1.3224999904632568,75.7,89.0,15.0,365.0,0.0,0.0,0.0,0.0,0.0,0.0,0.0,0.0,0.0,0.0,0.0,0.0,0.0,0.0,0.0,0.0,0.0,0.0
original,5.0,5.0,0.2,30.0,0.0,30.0,7,6,472.0,3.04,0.0,0.0,0.0,0.0,0.0,0.0,0.0,0.0,0.0,0.0,0.0,0.0,0.0,0.0,0.0,0.0,0.0,0.0,494.00262451171875,2.931874990463257,70.7,473.0,63.0,286.0,0.0,0.0,0.0,0.0,0.0,0.0,471.5140075683594,3.041249990463257,72.7,514.0,53.0,365.0,429.07244873046875,3.416249990463257,70.4,524.0,51.0,286.0,383.6033935546875,4.025625228881836,70.7,409.0,47.0,252.0,0.0,0.0,0.0,0.0,0.0,0.0,116.73356628417969,1.3224999904632568,76.8,89.0,15.0,365.0,0.0,0.0,0.0,0.0,0.0,0.0,0.0,0.0,0.0,0.0,0.0,0.0,0.0,0.0,0.0,0.0,0.0,0.0
original,5.0,5.0,0.3,45.0,0.0,45.0,7,6,472.0,3.03,0.0,0.0,0.0,0.0,0.0,0.0,0.0,0.0,0.0,0.0,0.0,0.0,0.0,0.0,0.0,0.0,0.0,0.0,494.00262451171875,2.931874990463257,73.7,475.0,61.0,286.0,0.0,0.0,0.0,0.0,0.0,0.0,471.76409912109375,3.025624990463257,75.0,514.0,48.0,365.0,429.07244873046875,3.416249990463257,73.3,526.0,47.0,286.0,383.7054443359375,4.025625228881836,73.5,415.0,46.0,251.0,0.0,0.0,0.0,0.0,0.0,0.0,116.73356628417969,1.3224999904632568,78.3,89.0,15.0,365.0,0.0,0.0,0.0,0.0,0.0,0.0,0.0,0.0,0.0,0.0,0.0,0.0,0.0,0.0,0.0,0.0,0.0,0.0
original,5.0,5.0,0.5,45.0,30.0,75.0,7,6,472.0,3.01,0.0,0.0,0.0,0.0,0.0,0.0,0.0,0.0,0.0,0.0,0.0,0.0,0.0,0.0,0.0,0.0,0.0,0.0,494.00262451171875,2.931874990463257,76.5,475.0,0.0,286.0,0.0,0.0,0.0,0.0,0.0,0.0,472.4137878417969,3.009999990463257,76.2,513.0,1.0,365.0,429.07244873046875,3.416249990463257,75.3,526.0,7.0,286.0,381.15521240234375,4.025625228881836,75.6,412.0,20.0,276.0,0.0,0.0,0.0,0.0,0.0,0.0,181.27720642089844,2.072499990463257,78.3,157.0,0.0,365.0,0.0,0.0,0.0,0.0,0.0,0.0,0.0,0.0,0.0,0.0,0.0,0.0,0.0,0.0,0.0,0.0,0.0,0.0
original,5.0,5.0,1.5,45.0,180.0,225.0,7,6,472.0,3.01,0.0,0.0,0.0,0.0,0.0,0.0,0.0,0.0,0.0,0.0,0.0,0.0,0.0,0.0,0.0,0.0,0.0,0.0,494.00262451171875,2.931874990463257,76.5,475.0,0.0,286.0,0.0,0.0,0.0,0.0,0.0,0.0,472.4137878417969,3.009999990463257,76.2,513.0,1.0,365.0,429.07244873046875,3.416249990463257,75.3,526.0,7.0,286.0,381.15521240234375,4.025625228881836,75.6,412.0,20.0,276.0,0.0,0.0,0.0,0.0,0.0,0.0,181.27720642089844,2.072499990463257,78.3,157.0,0.0,365.0,0.0,0.0,0.0,0.0,0.0,0.0,0.0,0.0,0.0,0.0,0.0,0.0,0.0,0.0,0.0,0.0,0.0,0.0
original,4.0,4.0,0.01,1.5,0.0,1.5,7,6,484.0,3.07,0.0,0.0,0.0,0.0,0.0,0.0,0.0,0.0,0.0,0.0,0.0,0.0,0.0,0.0,0.0,0.0,0.0,0.0,508.86724853515625,2.963124990463257,56.7,425.0,83.0,286.0,0.0,0.0,0.0,0.0,0.0,0.0,484.2385559082031,3.072499990463257,55.3,458.0,79.0,365.0,446.4952697753906,3.463124990463257,55.7,476.0,73.0,286.0,376.80712890625,3.853749990463257,56.9,371.0,61.0,210.0,0.0,0.0,0.0,0.0,0.0,0.0,122.23829650878906,1.3068749904632568,61.8,89.0,18.0,365.0,0.0,0.0,0.0,0.0,0.0,0.0,0.0,0.0,0.0,0.0,0.0,0.0,0.0,0.0,0.0,0.0,0.0,0.0
original,4.0,4.0,0.02,3.0,0.0,3.0,7,6,488.0,3.04,0.0,0.0,0.0,0.0,0.0,0.0,0.0,0.0,0.0,0.0,0.0,0.0,0.0,0.0,0.0,0.0,0.0,0.0,512.5750732421875,2.963124990463257,60.2,448.0,74.0,286.0,0.0,0.0,0.0,0.0,0.0,0.0,488.1191711425781,3.041249990463257,60.0,486.0,69.0,365.0,448.26239013671875,3.478749990463257,60.1,505.0,61.0,286.0,402.2549133300781,4.025625228881836,61.2,400.0,54.0,242.0,0.0,0.0,0.0,0.0,0.0,0.0,122.45227813720703,1.3068749904632568,63.7,89.0,17.0,365.0,0.0,0.0,0.0,0.0,0.0,0.0,0.0,0.0,0.0,0.0,0.0,0.0,0.0,0.0,0.0,0.0,0.0,0.0
original,4.0,4.0,0.03,4.5,0.0,4.5,7,6,491.0,3.07,0.0,0.0,0.0,0.0,0.0,0.0,0.0,0.0,0.0,0.0,0.0,0.0,0.0,0.0,0.0,0.0,0.0,0.0,515.8668212890625,2.963124990463257,62.4,468.0,65.0,286.0,0.0,0.0,0.0,0.0,0.0,0.0,491.1138916015625,3.072499990463257,62.9,505.0,61.0,365.0,450.03643798828125,3.478749990463257,62.7,522.0,56.0,286.0,406.12152099609375,4.025625228881836,63.4,406.0,51.0,246.0,0.0,0.0,0.0,0.0,0.0,0.0,122.51789093017578,1.3068749904632568,65.9,90.0,15.0,365.0,0.0,0.0,0.0,0.0,0.0,0.0,0.0,0.0,0.0,0.0,0.0,0.0,0.0,0.0,0.0,0.0,0.0,0.0
original,4.0,4.0,0.04,6.0,0.0,6.0,7,6,494.0,3.07,0.0,0.0,0.0,0.0,0.0,0.0,0.0,0.0,0.0,0.0,0.0,0.0,0.0,0.0,0.0,0.0,0.0,0.0,515.9949340820312,2.963124990463257,63.4,471.0,66.0,286.0,0.0,0.0,0.0,0.0,0.0,0.0,493.5371398925781,3.072499990463257,64.2,516.0,62.0,365.0,450.16290283203125,3.478749990463257,63.2,523.0,56.0,286.0,405.687744140625,4.025625228881836,64.4,407.0,51.0,249.0,0.0,0.0,0.0,0.0,0.0,0.0,122.5569839477539,1.3068749904632568,70.8,90.0,15.0,365.0,0.0,0.0,0.0,0.0,0.0,0.0,0.0,0.0,0.0,0.0,0.0,0.0,0.0,0.0,0.0,0.0,0.0,0.0
original,4.0,4.0,0.05,7.5,0.0,7.5,7,6,494.0,3.07,0.0,0.0,0.0,0.0,0.0,0.0,0.0,0.0,0.0,0.0,0.0,0.0,0.0,0.0,0.0,0.0,0.0,0.0,515.9949340820312,2.963124990463257,64.0,472.0,65.0,286.0,0.0,0.0,0.0,0.0,0.0,0.0,493.58782958984375,3.072499990463257,64.9,517.0,61.0,365.0,450.16290283203125,3.478749990463257,63.7,524.0,55.0,286.0,405.2539367675781,4.025625228881836,64.8,408.0,51.0,252.0,0.0,0.0,0.0,0.0,0.0,0.0,122.5699691772461,1.3068749904632568,72.3,90.0,15.0,365.0,0.0,0.0,0.0,0.0,0.0,0.0,0.0,0.0,0.0,0.0,0.0,0.0,0.0,0.0,0.0,0.0,0.0,0.0
original,4.0,4.0,0.06,9.0,0.0,9.0,7,6,494.0,3.06,0.0,0.0,0.0,0.0,0.0,0.0,0.0,0.0,0.0,0.0,0.0,0.0,0.0,0.0,0.0,0.0,0.0,0.0,515.9949340820312,2.963124990463257,64.5,473.0,64.0,286.0,0.0,0.0,0.0,0.0,0.0,0.0,493.61322021484375,3.056874990463257,65.8,517.0,60.0,365.0,450.16290283203125,3.478749990463257,64.2,525.0,55.0,286.0,405.0270690917969,4.025625228881836,65.3,408.0,51.0,255.0,0.0,0.0,0.0,0.0,0.0,0.0,122.58292388916016,1.3068749904632568,72.9,90.0,15.0,365.0,0.0,0.0,0.0,0.0,0.0,0.0,0.0,0.0,0.0,0.0,0.0,0.0,0.0,0.0,0.0,0.0,0.0,0.0
original,4.0,4.0,0.08,12.0,0.0,12.0,7,6,494.0,3.06,0.0,0.0,0.0,0.0,0.0,0.0,0.0,0.0,0.0,0.0,0.0,0.0,0.0,0.0,0.0,0.0,0.0,0.0,515.9949340820312,2.963124990463257,65.2,474.0,64.0,286.0,0.0,0.0,0.0,0.0,0.0,0.0,493.53363037109375,3.056874990463257,67.2,519.0,59.0,365.0,450.16290283203125,3.478749990463257,64.8,526.0,55.0,286.0,405.0523376464844,4.025625228881836,65.9,410.0,50.0,256.0,0.0,0.0,0.0,0.0,0.0,0.0,122.58292388916016,1.3068749904632568,74.0,90.0,15.0,365.0,0.0,0.0,0.0,0.0,0.0,0.0,0.0,0.0,0.0,0.0,0.0,0.0,0.0,0.0,0.0,0.0,0.0,0.0
original,4.0,4.0,0.1,15.0,0.0,15.0,7,6,494.0,3.07,0.0,0.0,0.0,0.0,0.0,0.0,0.0,0.0,0.0,0.0,0.0,0.0,0.0,0.0,0.0,0.0,0.0,0.0,515.9949340820312,2.963124990463257,65.8,475.0,64.0,286.0,0.0,0.0,0.0,0.0,0.0,0.0,493.6089782714844,3.072499990463257,68.4,520.0,58.0,365.0,450.16290283203125,3.478749990463257,65.5,528.0,54.0,286.0,405.0523376464844,4.025625228881836,66.7,411.0,50.0,256.0,0.0,0.0,0.0,0.0,0.0,0.0,122.58292388916016,1.3068749904632568,74.8,90.0,15.0,365.0,0.0,0.0,0.0,0.0,0.0,0.0,0.0,0.0,0.0,0.0,0.0,0.0,0.0,0.0,0.0,0.0,0.0,0.0
original,4.0,4.0,0.12,18.0,0.0,18.0,7,6,494.0,3.06,0.0,0.0,0.0,0.0,0.0,0.0,0.0,0.0,0.0,0.0,0.0,0.0,0.0,0.0,0.0,0.0,0.0,0.0,515.9949340820312,2.963124990463257,66.9,477.0,64.0,286.0,0.0,0.0,0.0,0.0,0.0,0.0,493.73431396484375,3.056874990463257,69.3,521.0,58.0,365.0,450.16290283203125,3.478749990463257,66.6,529.0,54.0,286.0,405.0523376464844,4.025625228881836,67.7,412.0,49.0,256.0,0.0,0.0,0.0,0.0,0.0,0.0,122.58292388916016,1.3068749904632568,75.3,90.0,15.0,365.0,0.0,0.0,0.0,0.0,0.0,0.0,0.0,0.0,0.0,0.0,0.0,0.0,0.0,0.0,0.0,0.0,0.0,0.0
original,4.0,4.0,0.15,22.5,0.0,22.5,7,6,494.0,3.07,0.0,0.0,0.0,0.0,0.0,0.0,0.0,0.0,0.0,0.0,0.0,0.0,0.0,0.0,0.0,0.0,0.0,0.0,515.9949340820312,2.963124990463257,68.3,479.0,64.0,286.0,0.0,0.0,0.0,0.0,0.0,0.0,493.7944641113281,3.072499990463257,70.7,523.0,57.0,365.0,450.16290283203125,3.478749990463257,68.1,531.0,53.0,286.0,405.1598205566406,4.025625228881836,68.8,415.0,49.0,255.0,0.0,0.0,0.0,0.0,0.0,0.0,122.58292388916016,1.3068749904632568,76.1,90.0,15.0,365.0,0.0,0.0,0.0,0.0,0.0,0.0,0.0,0.0,0.0,0.0,0.0,0.0,0.0,0.0,0.0,0.0,0.0,0.0
original,4.0,4.0,0.2,30.0,0.0,30.0,7,6,494.0,3.06,0.0,0.0,0.0,0.0,0.0,0.0,0.0,0.0,0.0,0.0,0.0,0.0,0.0,0.0,0.0,0.0,0.0,0.0,515.9949340820312,2.963124990463257,70.5,482.0,64.0,286.0,0.0,0.0,0.0,0.0,0.0,0.0,493.96771240234375,3.056874990463257,72.5,524.0,54.0,365.0,450.16290283203125,3.478749990463257,70.2,535.0,52.0,286.0,405.1598205566406,4.025625228881836,70.4,418.0,49.0,255.0,0.0,0.0,0.0,0.0,0.0,0.0,122.58292388916016,1.3068749904632568,77.2,90.0,16.0,365.0,0.0,0.0,0.0,0.0,0.0,0.0,0.0,0.0,0.0,0.0,0.0,0.0,0.0,0.0,0.0,0.0,0.0,0.0
original,4.0,4.0,0.3,45.0,0.0,45.0,7,6,494.0,3.07,0.0,0.0,0.0,0.0,0.0,0.0,0.0,0.0,0.0,0.0,0.0,0.0,0.0,0.0,0.0,0.0,0.0,0.0,515.9949340820312,2.963124990463257,73.4,484.0,62.0,286.0,0.0,0.0,0.0,0.0,0.0,0.0,494.158935546875,3.072499990463257,74.8,525.0,49.0,365.0,450.16290283203125,3.478749990463257,73.3,537.0,48.0,286.0,405.2673645019531,4.025625228881836,73.2,424.0,48.0,254.0,0.0,0.0,0.0,0.0,0.0,0.0,122.58292388916016,1.3068749904632568,78.5,90.0,15.0,365.0,0.0,0.0,0.0,0.0,0.0,0.0,0.0,0.0,0.0,0.0,0.0,0.0,0.0,0.0,0.0,0.0,0.0,0.0
original,4.0,4.0,0.5,45.0,30.0,75.0,7,6,496.0,3.1,0.0,0.0,0.0,0.0,0.0,0.0,0.0,0.0,0.0,0.0,0.0,0.0,0.0,0.0,0.0,0.0,0.0,0.0,515.9949340820312,2.963124990463257,76.8,484.0,0.0,286.0,0.0,0.0,0.0,0.0,0.0,0.0,495.54656982421875,3.103749990463257,76.1,525.0,2.0,365.0,450.16290283203125,3.478749990463257,75.3,537.0,9.0,286.0,402.5794982910156,4.025625228881836,75.6,422.0,24.0,279.0,0.0,0.0,0.0,0.0,0.0,0.0,191.24838256835938,2.134999990463257,78.6,161.0,0.0,365.0,0.0,0.0,0.0,0.0,0.0,0.0,0.0,0.0,0.0,0.0,0.0,0.0,0.0,0.0,0.0,0.0,0.0,0.0
original,4.0,4.0,1.5,45.0,180.0,225.0,7,6,496.0,3.1,0.0,0.0,0.0,0.0,0.0,0.0,0.0,0.0,0.0,0.0,0.0,0.0,0.0,0.0,0.0,0.0,0.0,0.0,515.9949340820312,2.963124990463257,76.8,484.0,0.0,286.0,0.0,0.0,0.0,0.0,0.0,0.0,495.54656982421875,3.103749990463257,76.1,525.0,1.0,365.0,450.16290283203125,3.478749990463257,75.3,537.0,8.0,286.0,402.5794982910156,4.025625228881836,75.6,422.0,23.0,279.0,0.0,0.0,0.0,0.0,0.0,0.0,191.24838256835938,2.134999990463257,78.6,161.0,0.0,365.0,0.0,0.0,0.0,0.0,0.0,0.0,0.0,0.0,0.0,0.0,0.0,0.0,0.0,0.0,0.0,0.0,0.0,0.0
original,3.0,3.0,0.01,1.5,0.0,1.5,7,6,496.0,3.1,0.0,0.0,0.0,0.0,0.0,0.0,0.0,0.0,0.0,0.0,0.0,0.0,0.0,0.0,0.0,0.0,0.0,0.0,519.7579345703125,2.978749990463257,56.2,427.0,85.0,286.0,0.0,0.0,0.0,0.0,0.0,0.0,495.9125061035156,3.103749990463257,55.2,459.0,80.0,365.0,458.06927490234375,3.431874990463257,55.5,478.0,75.0,286.0,377.95257568359375,4.025625228881836,56.7,375.0,61.0,210.0,0.0,0.0,0.0,0.0,0.0,0.0,124.12973022460938,1.3224999904632568,61.7,89.0,18.0,365.0,0.0,0.0,0.0,0.0,0.0,0.0,0.0,0.0,0.0,0.0,0.0,0.0,0.0,0.0,0.0,0.0,0.0,0.0
original,3.0,3.0,0.02,3.0,0.0,3.0,7,4,524.0,3.04,0.0,0.0,0.0,0.0,0.0,0.0,0.0,0.0,0.0,0.0,0.0,0.0,0.0,0.0,0.0,0.0,0.0,0.0,523.9267578125,3.041249990463257,60.4,452.0,79.0,286.0,0.0,0.0,0.0,0.0,0.0,0.0,499.9757995605469,3.088124990463257,59.3,489.0,72.0,365.0,460.0002136230469,3.509999990463257,59.7,507.0,62.0,286.0,411.1991271972656,4.025625228881836,61.0,403.0,58.0,240.0,0.0,0.0,0.0,0.0,0.0,0.0,124.4013671875,1.3224999904632568,64.1,90.0,17.0,365.0,0.0,0.0,0.0,0.0,0.0,0.0,0.0,0.0,0.0,0.0,0.0,0.0,0.0,0.0,0.0,0.0,0.0,0.0
original,3.0,3.0,0.03,4.5,0.0,4.5,7,4,528.0,3.06,0.0,0.0,0.0,0.0,0.0,0.0,0.0,0.0,0.0,0.0,0.0,0.0,0.0,0.0,0.0,0.0,0.0,0.0,528.074462890625,3.056874990463257,63.2,476.0,65.0,286.0,0.0,0.0,0.0,0.0,0.0,0.0,503.23663330078125,3.088124990463257,61.9,509.0,62.0,365.0,462.0025939941406,3.509999990463257,62.3,527.0,57.0,286.0,417.9723205566406,4.025625228881836,63.0,411.0,51.0,243.0,0.0,0.0,0.0,0.0,0.0,0.0,124.47962951660156,1.3224999904632568,66.3,90.0,15.0,365.0,0.0,0.0,0.0,0.0,0.0,0.0,0.0,0.0,0.0,0.0,0.0,0.0,0.0,0.0,0.0,0.0,0.0,0.0
original,3.0,3.0,0.04,6.0,0.0,6.0,7,4,528.0,3.06,0.0,0.0,0.0,0.0,0.0,0.0,0.0,0.0,0.0,0.0,0.0,0.0,0.0,0.0,0.0,0.0,0.0,0.0,528.2144775390625,3.056874990463257,63.8,477.0,66.0,286.0,0.0,0.0,0.0,0.0,0.0,0.0,505.69110107421875,3.088124990463257,64.3,523.0,62.0,365.0,462.1336975097656,3.509999990463257,63.5,530.0,57.0,286.0,416.9277648925781,4.025625228881836,64.7,413.0,51.0,250.0,0.0,0.0,0.0,0.0,0.0,0.0,124.5262451171875,1.3224999904632568,71.3,91.0,15.0,365.0,0.0,0.0,0.0,0.0,0.0,0.0,0.0,0.0,0.0,0.0,0.0,0.0,0.0,0.0,0.0,0.0,0.0,0.0
original,3.0,3.0,0.05,7.5,0.0,7.5,7,4,528.0,3.06,0.0,0.0,0.0,0.0,0.0,0.0,0.0,0.0,0.0,0.0,0.0,0.0,0.0,0.0,0.0,0.0,0.0,0.0,528.2144775390625,3.056874990463257,64.2,478.0,65.0,286.0,0.0,0.0,0.0,0.0,0.0,0.0,505.7071228027344,3.072499990463257,65.2,523.0,61.0,365.0,462.1336975097656,3.509999990463257,64.1,531.0,56.0,286.0,416.33087158203125,4.025625228881836,65.1,414.0,51.0,254.0,0.0,0.0,0.0,0.0,0.0,0.0,124.55718994140625,1.3224999904632568,72.5,91.0,15.0,365.0,0.0,0.0,0.0,0.0,0.0,0.0,0.0,0.0,0.0,0.0,0.0,0.0,0.0,0.0,0.0,0.0,0.0,0.0
original,3.0,3.0,0.06,9.0,0.0,9.0,7,4,528.0,3.06,0.0,0.0,0.0,0.0,0.0,0.0,0.0,0.0,0.0,0.0,0.0,0.0,0.0,0.0,0.0,0.0,0.0,0.0,528.2144775390625,3.056874990463257,64.7,479.0,65.0,286.0,0.0,0.0,0.0,0.0,0.0,0.0,505.74420166015625,3.088124990463257,66.0,524.0,61.0,365.0,462.1336975097656,3.509999990463257,64.6,531.0,55.0,286.0,416.2030029296875,4.025625228881836,65.5,415.0,51.0,257.0,0.0,0.0,0.0,0.0,0.0,0.0,124.55718994140625,1.3224999904632568,73.3,91.0,15.0,365.0,0.0,0.0,0.0,0.0,0.0,0.0,0.0,0.0,0.0,0.0,0.0,0.0,0.0,0.0,0.0,0.0,0.0,0.0
original,3.0,3.0,0.08,12.0,0.0,12.0,7,4,528.0,3.06,0.0,0.0,0.0,0.0,0.0,0.0,0.0,0.0,0.0,0.0,0.0,0.0,0.0,0.0,0.0,0.0,0.0,0.0,528.2144775390625,3.056874990463257,65.4,480.0,65.0,286.0,0.0,0.0,0.0,0.0,0.0,0.0,505.7624206542969,3.056874990463257,67.3,525.0,60.0,365.0,462.1336975097656,3.509999990463257,65.2,533.0,55.0,286.0,416.22637939453125,4.025625228881836,66.2,416.0,51.0,258.0,0.0,0.0,0.0,0.0,0.0,0.0,124.55718994140625,1.3224999904632568,74.2,91.0,15.0,365.0,0.0,0.0,0.0,0.0,0.0,0.0,0.0,0.0,0.0,0.0,0.0,0.0,0.0,0.0,0.0,0.0,0.0,0.0
original,3.0,3.0,0.1,15.0,0.0,15.0,7,4,528.0,3.06,0.0,0.0,0.0,0.0,0.0,0.0,0.0,0.0,0.0,0.0,0.0,0.0,0.0,0.0,0.0,0.0,0.0,0.0,528.2144775390625,3.056874990463257,66.2,482.0,65.0,286.0,0.0,0.0,0.0,0.0,0.0,0.0,505.8653259277344,3.072499990463257,68.4,527.0,59.0,365.0,462.1336975097656,3.509999990463257,65.9,534.0,55.0,286.0,416.22637939453125,4.025625228881836,67.1,417.0,50.0,258.0,0.0,0.0,0.0,0.0,0.0,0.0,124.57261657714844,1.3224999904632568,74.8,91.0,15.0,365.0,0.0,0.0,0.0,0.0,0.0,0.0,0.0,0.0,0.0,0.0,0.0,0.0,0.0,0.0,0.0,0.0,0.0,0.0
original,3.0,3.0,0.12,18.0,0.0,18.0,7,4,528.0,3.06,0.0,0.0,0.0,0.0,0.0,0.0,0.0,0.0,0.0,0.0,0.0,0.0,0.0,0.0,0.0,0.0,0.0,0.0,528.2144775390625,3.056874990463257,67.2,483.0,65.0,286.0,0.0,0.0,0.0,0.0,0.0,0.0,505.8977966308594,3.103749990463257,69.4,528.0,58.0,365.0,462.1336975097656,3.509999990463257,67.0,536.0,54.0,286.0,416.22637939453125,4.025625228881836,67.9,419.0,50.0,258.0,0.0,0.0,0.0,0.0,0.0,0.0,124.57261657714844,1.3224999904632568,75.4,91.0,15.0,365.0,0.0,0.0,0.0,0.0,0.0,0.0,0.0,0.0,0.0,0.0,0.0,0.0,0.0,0.0,0.0,0.0,0.0,0.0
original,3.0,3.0,0.15,22.5,0.0,22.5,7,4,528.0,3.06,0.0,0.0,0.0,0.0,0.0,0.0,0.0,0.0,0.0,0.0,0.0,0.0,0.0,0.0,0.0,0.0,0.0,0.0,528.2144775390625,3.056874990463257,68.5,485.0,64.0,286.0,0.0,0.0,0.0,0.0,0.0,0.0,505.92681884765625,3.088124990463257,70.9,530.0,58.0,365.0,462.1336975097656,3.509999990463257,68.3,538.0,54.0,286.0,416.33502197265625,4.025625228881836,69.1,421.0,50.0,257.0,0.0,0.0,0.0,0.0,0.0,0.0,124.57261657714844,1.3224999904632568,76.2,91.0,15.0,365.0,0.0,0.0,0.0,0.0,0.0,0.0,0.0,0.0,0.0,0.0,0.0,0.0,0.0,0.0,0.0,0.0,0.0,0.0
original,3.0,3.0,0.2,30.0,0.0,30.0,7,4,528.0,3.06,0.0,0.0,0.0,0.0,0.0,0.0,0.0,0.0,0.0,0.0,0.0,0.0,0.0,0.0,0.0,0.0,0.0,0.0,528.2144775390625,3.056874990463257,70.6,488.0,64.0,286.0,0.0,0.0,0.0,0.0,0.0,0.0,506.0255432128906,3.103749990463257,72.5,531.0,55.0,365.0,462.1336975097656,3.509999990463257,70.3,541.0,52.0,286.0,416.33502197265625,4.025625228881836,70.6,424.0,49.0,257.0,0.0,0.0,0.0,0.0,0.0,0.0,124.57261657714844,1.3224999904632568,77.3,91.0,16.0,365.0,0.0,0.0,0.0,0.0,0.0,0.0,0.0,0.0,0.0,0.0,0.0,0.0,0.0,0.0,0.0,0.0,0.0,0.0
original,3.0,3.0,0.3,45.0,0.0,45.0,7,4,528.0,3.06,0.0,0.0,0.0,0.0,0.0,0.0,0.0,0.0,0.0,0.0,0.0,0.0,0.0,0.0,0.0,0.0,0.0,0.0,528.2144775390625,3.056874990463257,73.6,491.0,63.0,286.0,0.0,0.0,0.0,0.0,0.0,0.0,506.1864318847656,3.103749990463257,74.7,531.0,50.0,365.0,462.1336975097656,3.509999990463257,73.3,543.0,48.0,286.0,416.44366455078125,4.025625228881836,73.3,430.0,48.0,256.0,0.0,0.0,0.0,0.0,0.0,0.0,124.57261657714844,1.3224999904632568,78.7,91.0,15.0,365.0,0.0,0.0,0.0,0.0,0.0,0.0,0.0,0.0,0.0,0.0,0.0,0.0,0.0,0.0,0.0,0.0,0.0,0.0
original,3.0,3.0,0.5,45.0,30.0,75.0,7,4,528.0,3.06,0.0,0.0,0.0,0.0,0.0,0.0,0.0,0.0,0.0,0.0,0.0,0.0,0.0,0.0,0.0,0.0,0.0,0.0,528.2144775390625,3.056874990463257,76.8,491.0,0.0,286.0,0.0,0.0,0.0,0.0,0.0,0.0,508.4710693359375,3.088124990463257,76.1,532.0,2.0,365.0,462.1336975097656,3.509999990463257,75.4,543.0,9.0,286.0,413.79095458984375,4.025625228881836,75.7,428.0,25.0,281.0,0.0,0.0,0.0,0.0,0.0,0.0,195.0181884765625,2.166249990463257,78.8,162.0,0.0,365.0,0.0,0.0,0.0,0.0,0.0,0.0,0.0,0.0,0.0,0.0,0.0,0.0,0.0,0.0,0.0,0.0,0.0,0.0
original,3.0,3.0,1.5,45.0,180.0,225.0,7,4,528.0,3.06,0.0,0.0,0.0,0.0,0.0,0.0,0.0,0.0,0.0,0.0,0.0,0.0,0.0,0.0,0.0,0.0,0.0,0.0,528.2144775390625,3.056874990463257,76.8,491.0,0.0,286.0,0.0,0.0,0.0,0.0,0.0,0.0,508.4710693359375,3.088124990463257,76.1,532.0,1.0,365.0,462.1336975097656,3.509999990463257,75.4,543.0,9.0,286.0,413.79095458984375,4.025625228881836,75.7,428.0,24.0,281.0,0.0,0.0,0.0,0.0,0.0,0.0,195.0181884765625,2.166249990463257,78.8,162.0,0.0,365.0,0.0,0.0,0.0,0.0,0.0,0.0,0.0,0.0,0.0,0.0,0.0,0.0,0.0,0.0,0.0,0.0,0.0,0.0
original,2.7,2.7,0.01,1.5,0.0,1.5,7,4,523.0,3.04,0.0,0.0,0.0,0.0,0.0,0.0,0.0,0.0,0.0,0.0,0.0,0.0,0.0,0.0,0.0,0.0,0.0,0.0,523.4217529296875,3.041249990463257,56.7,428.0,85.0,286.0,0.0,0.0,0.0,0.0,0.0,0.0,500.5675354003906,3.119374990463257,55.2,461.0,82.0,365.0,462.21136474609375,3.509999990463257,55.8,480.0,76.0,286.0,387.5282287597656,3.900624990463257,57.3,376.0,62.0,212.0,0.0,0.0,0.0,0.0,0.0,0.0,125.85216522216797,1.3224999904632568,63.7,90.0,18.0,365.0,0.0,0.0,0.0,0.0,0.0,0.0,0.0,0.0,0.0,0.0,0.0,0.0,0.0,0.0,0.0,0.0,0.0,0.0
original,2.7,2.7,0.02,3.0,0.0,3.0,7,4,530.0,3.06,0.0,0.0,0.0,0.0,0.0,0.0,0.0,0.0,0.0,0.0,0.0,0.0,0.0,0.0,0.0,0.0,0.0,0.0,530.3864135742188,3.056874990463257,61.4,472.0,72.0,286.0,0.0,0.0,0.0,0.0,0.0,0.0,504.9840087890625,3.119374990463257,59.6,492.0,71.0,365.0,465.6567687988281,3.525624990463257,60.7,527.0,60.0,286.0,421.2647399902344,4.025625228881836,61.6,408.0,56.0,242.0,0.0,0.0,0.0,0.0,0.0,0.0,126.06214141845703,1.3537499904632568,68.2,91.0,17.0,365.0,0.0,0.0,0.0,0.0,0.0,0.0,0.0,0.0,0.0,0.0,0.0,0.0,0.0,0.0,0.0,0.0,0.0,0.0
original,2.7,2.7,0.03,4.5,0.0,4.5,7,4,532.0,3.04,0.0,0.0,0.0,0.0,0.0,0.0,0.0,0.0,0.0,0.0,0.0,0.0,0.0,0.0,0.0,0.0,0.0,0.0,531.728759765625,3.041249990463257,63.3,476.0,66.0,286.0,0.0,0.0,0.0,0.0,0.0,0.0,508.30108642578125,3.119374990463257,61.9,513.0,63.0,365.0,466.01806640625,3.525624990463257,62.4,528.0,57.0,286.0,420.53717041015625,4.025625228881836,63.7,412.0,52.0,247.0,0.0,0.0,0.0,0.0,0.0,0.0,126.12578582763672,1.3537499904632568,70.4,91.0,16.0,365.0,0.0,0.0,0.0,0.0,0.0,0.0,0.0,0.0,0.0,0.0,0.0,0.0,0.0,0.0,0.0,0.0,0.0,0.0
original,2.7,2.7,0.04,6.0,0.0,6.0,7,4,532.0,3.04,0.0,0.0,0.0,0.0,0.0,0.0,0.0,0.0,0.0,0.0,0.0,0.0,0.0,0.0,0.0,0.0,0.0,0.0,531.728759765625,3.041249990463257,64.0,477.0,66.0,286.0,0.0,0.0,0.0,0.0,0.0,0.0,510.5884704589844,3.088124990463257,64.4,523.0,63.0,365.0,466.01806640625,3.525624990463257,63.4,529.0,58.0,286.0,420.1006164550781,4.025625228881836,64.7,412.0,52.0,250.0,0.0,0.0,0.0,0.0,0.0,0.0,126.15741729736328,1.3537499904632568,71.7,91.0,16.0,365.0,0.0,0.0,0.0,0.0,0.0,0.0,0.0,0.0,0.0,0.0,0.0,0.0,0.0,0.0,0.0,0.0,0.0,0.0
original,2.7,2.7,0.05,7.5,0.0,7.5,7,4,532.0,3.04,0.0,0.0,0.0,0.0,0.0,0.0,0.0,0.0,0.0,0.0,0.0,0.0,0.0,0.0,0.0,0.0,0.0,0.0,531.728759765625,3.041249990463257,64.4,478.0,66.0,286.0,0.0,0.0,0.0,0.0,0.0,0.0,510.6961364746094,3.072499990463257,65.1,524.0,62.0,365.0,466.01806640625,3.525624990463257,64.2,530.0,57.0,286.0,419.6640930175781,4.025625228881836,65.0,413.0,52.0,253.0,0.0,0.0,0.0,0.0,0.0,0.0,126.1731948852539,1.3537499904632568,72.5,91.0,16.0,365.0,0.0,0.0,0.0,0.0,0.0,0.0,0.0,0.0,0.0,0.0,0.0,0.0,0.0,0.0,0.0,0.0,0.0,0.0
original,2.7,2.7,0.06,9.0,0.0,9.0,7,4,532.0,3.04,0.0,0.0,0.0,0.0,0.0,0.0,0.0,0.0,0.0,0.0,0.0,0.0,0.0,0.0,0.0,0.0,0.0,0.0,531.728759765625,3.041249990463257,64.7,478.0,66.0,286.0,0.0,0.0,0.0,0.0,0.0,0.0,510.6961364746094,3.072499990463257,65.8,524.0,62.0,365.0,466.01806640625,3.525624990463257,64.4,531.0,56.0,286.0,419.4364318847656,4.025625228881836,65.5,414.0,52.0,256.0,0.0,0.0,0.0,0.0,0.0,0.0,126.1889419555664,1.3537499904632568,73.2,91.0,16.0,365.0,0.0,0.0,0.0,0.0,0.0,0.0,0.0,0.0,0.0,0.0,0.0,0.0,0.0,0.0,0.0,0.0,0.0,0.0
original,2.7,2.7,0.08,12.0,0.0,12.0,7,4,532.0,3.04,0.0,0.0,0.0,0.0,0.0,0.0,0.0,0.0,0.0,0.0,0.0,0.0,0.0,0.0,0.0,0.0,0.0,0.0,531.728759765625,3.041249990463257,65.3,480.0,66.0,286.0,0.0,0.0,0.0,0.0,0.0,0.0,510.6961364746094,3.072499990463257,67.3,526.0,61.0,365.0,466.01806640625,3.525624990463257,65.2,533.0,56.0,286.0,419.4642333984375,4.025625228881836,66.2,415.0,52.0,257.0,0.0,0.0,0.0,0.0,0.0,0.0,126.1889419555664,1.3537499904632568,74.1,91.0,16.0,365.0,0.0,0.0,0.0,0.0,0.0,0.0,0.0,0.0,0.0,0.0,0.0,0.0,0.0,0.0,0.0,0.0,0.0,0.0
original,2.7,2.7,0.1,15.0,0.0,15.0,7,4,532.0,3.04,0.0,0.0,0.0,0.0,0.0,0.0,0.0,0.0,0.0,0.0,0.0,0.0,0.0,0.0,0.0,0.0,0.0,0.0,531.728759765625,3.041249990463257,66.1,481.0,66.0,286.0,0.0,0.0,0.0,0.0,0.0,0.0,510.7343444824219,3.119374990463257,68.4,527.0,60.0,365.0,466.01806640625,3.525624990463257,65.8,534.0,56.0,286.0,419.4642333984375,4.025625228881836,67.1,417.0,51.0,257.0,0.0,0.0,0.0,0.0,0.0,0.0,126.1889419555664,1.3537499904632568,74.9,91.0,16.0,365.0,0.0,0.0,0.0,0.0,0.0,0.0,0.0,0.0,0.0,0.0,0.0,0.0,0.0,0.0,0.0,0.0,0.0,0.0
original,2.7,2.7,0.12,18.0,0.0,18.0,7,4,532.0,3.04,0.0,0.0,0.0,0.0,0.0,0.0,0.0,0.0,0.0,0.0,0.0,0.0,0.0,0.0,0.0,0.0,0.0,0.0,531.728759765625,3.041249990463257,67.2,483.0,66.0,286.0,0.0,0.0,0.0,0.0,0.0,0.0,510.8684387207031,3.103749990463257,69.5,528.0,59.0,365.0,466.01806640625,3.525624990463257,66.9,536.0,55.0,286.0,419.4642333984375,4.025625228881836,67.9,418.0,51.0,257.0,0.0,0.0,0.0,0.0,0.0,0.0,126.1889419555664,1.3537499904632568,75.5,91.0,16.0,365.0,0.0,0.0,0.0,0.0,0.0,0.0,0.0,0.0,0.0,0.0,0.0,0.0,0.0,0.0,0.0,0.0,0.0,0.0
original,2.7,2.7,0.15,22.5,0.0,22.5,7,4,532.0,3.04,0.0,0.0,0.0,0.0,0.0,0.0,0.0,0.0,0.0,0.0,0.0,0.0,0.0,0.0,0.0,0.0,0.0,0.0,531.728759765625,3.041249990463257,68.6,485.0,66.0,286.0,0.0,0.0,0.0,0.0,0.0,0.0,510.8235778808594,3.119374990463257,70.9,530.0,58.0,365.0,466.01806640625,3.525624990463257,68.3,538.0,54.0,286.0,419.5742492675781,4.025625228881836,69.0,420.0,51.0,256.0,0.0,0.0,0.0,0.0,0.0,0.0,126.1889419555664,1.3537499904632568,76.2,91.0,16.0,365.0,0.0,0.0,0.0,0.0,0.0,0.0,0.0,0.0,0.0,0.0,0.0,0.0,0.0,0.0,0.0,0.0,0.0,0.0
original,2.7,2.7,0.2,30.0,0.0,30.0,7,4,532.0,3.04,0.0,0.0,0.0,0.0,0.0,0.0,0.0,0.0,0.0,0.0,0.0,0.0,0.0,0.0,0.0,0.0,0.0,0.0,531.728759765625,3.041249990463257,70.5,488.0,65.0,286.0,0.0,0.0,0.0,0.0,0.0,0.0,510.8747253417969,3.103749990463257,72.7,531.0,56.0,365.0,466.01806640625,3.525624990463257,70.4,541.0,53.0,286.0,419.68426513671875,4.025625228881836,70.8,424.0,50.0,255.0,0.0,0.0,0.0,0.0,0.0,0.0,126.1889419555664,1.3537499904632568,77.2,91.0,16.0,365.0,0.0,0.0,0.0,0.0,0.0,0.0,0.0,0.0,0.0,0.0,0.0,0.0,0.0,0.0,0.0,0.0,0.0,0.0
original,2.7,2.7,0.3,45.0,0.0,45.0,7,4,532.0,3.04,0.0,0.0,0.0,0.0,0.0,0.0,0.0,0.0,0.0,0.0,0.0,0.0,0.0,0.0,0.0,0.0,0.0,0.0,531.728759765625,3.041249990463257,73.5,490.0,64.0,286.0,0.0,0.0,0.0,0.0,0.0,0.0,511.0796203613281,3.134999990463257,74.9,532.0,50.0,365.0,466.01806640625,3.525624990463257,73.2,543.0,49.0,286.0,419.68426513671875,4.025625228881836,73.3,429.0,49.0,255.0,0.0,0.0,0.0,0.0,0.0,0.0,126.1889419555664,1.3537499904632568,78.8,91.0,16.0,365.0,0.0,0.0,0.0,0.0,0.0,0.0,0.0,0.0,0.0,0.0,0.0,0.0,0.0,0.0,0.0,0.0,0.0,0.0
original,2.7,2.7,0.5,45.0,30.0,75.0,7,4,532.0,3.04,0.0,0.0,0.0,0.0,0.0,0.0,0.0,0.0,0.0,0.0,0.0,0.0,0.0,0.0,0.0,0.0,0.0,0.0,531.728759765625,3.041249990463257,76.9,490.0,0.0,286.0,0.0,0.0,0.0,0.0,0.0,0.0,512.968505859375,3.119374990463257,76.2,532.0,2.0,365.0,466.01806640625,3.525624990463257,75.3,543.0,9.0,286.0,416.99957275390625,4.025625228881836,75.7,427.0,25.0,280.0,0.0,0.0,0.0,0.0,0.0,0.0,197.4332275390625,2.134999990463257,78.8,162.0,0.0,365.0,0.0,0.0,0.0,0.0,0.0,0.0,0.0,0.0,0.0,0.0,0.0,0.0,0.0,0.0,0.0,0.0,0.0,0.0
original,2.7,2.7,1.5,45.0,180.0,225.0,7,4,532.0,3.04,0.0,0.0,0.0,0.0,0.0,0.0,0.0,0.0,0.0,0.0,0.0,0.0,0.0,0.0,0.0,0.0,0.0,0.0,531.728759765625,3.041249990463257,76.9,490.0,0.0,286.0,0.0,0.0,0.0,0.0,0.0,0.0,512.968505859375,3.119374990463257,76.2,532.0,1.0,365.0,466.01806640625,3.525624990463257,75.4,543.0,9.0,286.0,416.99957275390625,4.025625228881836,75.7,427.0,24.0,280.0,0.0,0.0,0.0,0.0,0.0,0.0,197.4332275390625,2.134999990463257,78.8,162.0,0.0,365.0,0.0,0.0,0.0,0.0,0.0,0.0,0.0,0.0,0.0,0.0,0.0,0.0,0.0,0.0,0.0,0.0,0.0,0.0
original,2.5,2.5,0.01,1.5,0.0,1.5,7,6,499.0,3.09,0.0,0.0,0.0,0.0,0.0,0.0,0.0,0.0,0.0,0.0,0.0,0.0,0.0,0.0,0.0,0.0,0.0,0.0,517.9678955078125,2.947499990463257,56.9,431.0,84.0,286.0,0.0,0.0,0.0,0.0,0.0,0.0,498.630615234375,3.088124990463257,55.3,464.0,82.0,365.0,459.5820007324219,3.478749990463257,55.9,483.0,75.0,286.0,387.00433349609375,4.025625228881836,57.5,380.0,61.0,213.0,0.0,0.0,0.0,0.0,0.0,0.0,124.35743713378906,1.3381249904632568,63.2,89.0,18.0,365.0,0.0,0.0,0.0,0.0,0.0,0.0,0.0,0.0,0.0,0.0,0.0,0.0,0.0,0.0,0.0,0.0,0.0,0.0
original,2.5,2.5,0.02,3.0,0.0,3.0,7,4,522.0,3.03,0.0,0.0,0.0,0.0,0.0,0.0,0.0,0.0,0.0,0.0,0.0,0.0,0.0,0.0,0.0,0.0,0.0,0.0,521.765380859375,3.025624990463257,60.9,456.0,74.0,286.0,0.0,0.0,0.0,0.0,0.0,0.0,502.8670349121094,3.119374990463257,59.7,493.0,71.0,365.0,461.2838134765625,3.509999990463257,60.1,511.0,63.0,286.0,411.80535888671875,4.025625228881836,61.7,405.0,55.0,243.0,0.0,0.0,0.0,0.0,0.0,0.0,124.51603698730469,1.3381249904632568,64.0,90.0,17.0,365.0,0.0,0.0,0.0,0.0,0.0,0.0,0.0,0.0,0.0,0.0,0.0,0.0,0.0,0.0,0.0,0.0,0.0,0.0
original,2.5,2.5,0.03,4.5,0.0,4.5,7,6,505.0,3.1,0.0,0.0,0.0,0.0,0.0,0.0,0.0,0.0,0.0,0.0,0.0,0.0,0.0,0.0,0.0,0.0,0.0,0.0,524.6129760742188,2.978749990463257,63.2,473.0,66.0,286.0,0.0,0.0,0.0,0.0,0.0,0.0,505.3209533691406,3.103749990463257,61.8,509.0,63.0,365.0,462.8086853027344,3.525624990463257,62.3,525.0,58.0,286.0,413.67120361328125,4.025625228881836,63.7,409.0,52.0,246.0,0.0,0.0,0.0,0.0,0.0,0.0,124.55874633789062,1.3381249904632568,66.1,90.0,16.0,365.0,0.0,0.0,0.0,0.0,0.0,0.0,0.0,0.0,0.0,0.0,0.0,0.0,0.0,0.0,0.0,0.0,0.0,0.0
original,2.5,2.5,0.04,6.0,0.0,6.0,7,4,525.0,3.04,0.0,0.0,0.0,0.0,0.0,0.0,0.0,0.0,0.0,0.0,0.0,0.0,0.0,0.0,0.0,0.0,0.0,0.0,524.7597045898438,3.041249990463257,63.8,475.0,66.0,286.0,0.0,0.0,0.0,0.0,0.0,0.0,508.1875305175781,3.134999990463257,64.3,522.0,63.0,365.0,462.9366760253906,3.525624990463257,63.5,528.0,58.0,286.0,413.2313232421875,4.025625228881836,64.7,410.0,52.0,249.0,0.0,0.0,0.0,0.0,0.0,0.0,124.58708190917969,1.3381249904632568,70.9,90.0,16.0,365.0,0.0,0.0,0.0,0.0,0.0,0.0,0.0,0.0,0.0,0.0,0.0,0.0,0.0,0.0,0.0,0.0,0.0,0.0
original,2.5,2.5,0.05,7.5,0.0,7.5,7,4,525.0,3.04,0.0,0.0,0.0,0.0,0.0,0.0,0.0,0.0,0.0,0.0,0.0,0.0,0.0,0.0,0.0,0.0,0.0,0.0,524.7597045898438,3.041249990463257,64.3,476.0,66.0,286.0,0.0,0.0,0.0,0.0,0.0,0.0,508.0860900878906,3.134999990463257,65.1,523.0,62.0,365.0,462.9366760253906,3.525624990463257,64.1,529.0,57.0,286.0,412.79144287109375,4.025625228881836,65.0,410.0,52.0,252.0,0.0,0.0,0.0,0.0,0.0,0.0,124.6012191772461,1.3381249904632568,72.2,90.0,16.0,365.0,0.0,0.0,0.0,0.0,0.0,0.0,0.0,0.0,0.0,0.0,0.0,0.0,0.0,0.0,0.0,0.0,0.0,0.0
original,2.5,2.5,0.06,9.0,0.0,9.0,7,4,525.0,3.04,0.0,0.0,0.0,0.0,0.0,0.0,0.0,0.0,0.0,0.0,0.0,0.0,0.0,0.0,0.0,0.0,0.0,0.0,524.7597045898438,3.041249990463257,64.7,476.0,66.0,286.0,0.0,0.0,0.0,0.0,0.0,0.0,508.0306091308594,3.119374990463257,65.9,523.0,62.0,365.0,462.9366760253906,3.525624990463257,64.5,529.0,56.0,286.0,412.5611572265625,4.025625228881836,65.4,411.0,51.0,255.0,0.0,0.0,0.0,0.0,0.0,0.0,124.6012191772461,1.3381249904632568,72.9,91.0,16.0,365.0,0.0,0.0,0.0,0.0,0.0,0.0,0.0,0.0,0.0,0.0,0.0,0.0,0.0,0.0,0.0,0.0,0.0,0.0
original,2.5,2.5,0.08,12.0,0.0,12.0,7,4,525.0,3.04,0.0,0.0,0.0,0.0,0.0,0.0,0.0,0.0,0.0,0.0,0.0,0.0,0.0,0.0,0.0,0.0,0.0,0.0,524.7597045898438,3.041249990463257,65.4,478.0,66.0,286.0,0.0,0.0,0.0,0.0,0.0,0.0,508.0813293457031,3.119374990463257,67.2,525.0,61.0,365.0,462.9366760253906,3.525624990463257,65.2,531.0,56.0,286.0,412.5447692871094,4.025625228881836,66.3,413.0,51.0,257.0,0.0,0.0,0.0,0.0,0.0,0.0,124.61531829833984,1.3381249904632568,73.9,91.0,16.0,365.0,0.0,0.0,0.0,0.0,0.0,0.0,0.0,0.0,0.0,0.0,0.0,0.0,0.0,0.0,0.0,0.0,0.0,0.0
original,2.5,2.5,0.1,15.0,0.0,15.0,7,4,525.0,3.04,0.0,0.0,0.0,0.0,0.0,0.0,0.0,0.0,0.0,0.0,0.0,0.0,0.0,0.0,0.0,0.0,0.0,0.0,524.7597045898438,3.041249990463257,66.0,479.0,66.0,286.0,0.0,0.0,0.0,0.0,0.0,0.0,508.1319885253906,3.119374990463257,68.3,526.0,60.0,365.0,462.9366760253906,3.525624990463257,65.8,532.0,56.0,286.0,412.5447692871094,4.025625228881836,66.9,414.0,51.0,257.0,0.0,0.0,0.0,0.0,0.0,0.0,124.61531829833984,1.3381249904632568,74.7,91.0,16.0,365.0,0.0,0.0,0.0,0.0,0.0,0.0,0.0,0.0,0.0,0.0,0.0,0.0,0.0,0.0,0.0,0.0,0.0,0.0
original,2.5,2.5,0.12,18.0,0.0,18.0,7,4,525.0,3.04,0.0,0.0,0.0,0.0,0.0,0.0,0.0,0.0,0.0,0.0,0.0,0.0,0.0,0.0,0.0,0.0,0.0,0.0,524.7597045898438,3.041249990463257,67.2,481.0,65.0,286.0,0.0,0.0,0.0,0.0,0.0,0.0,508.2380676269531,3.134999990463257,69.3,527.0,59.0,365.0,462.9366760253906,3.525624990463257,66.9,534.0,55.0,286.0,412.5447692871094,4.025625228881836,67.7,415.0,50.0,257.0,0.0,0.0,0.0,0.0,0.0,0.0,124.61531829833984,1.3381249904632568,75.3,91.0,16.0,365.0,0.0,0.0,0.0,0.0,0.0,0.0,0.0,0.0,0.0,0.0,0.0,0.0,0.0,0.0,0.0,0.0,0.0,0.0
original,2.5,2.5,0.15,22.5,0.0,22.5,7,4,525.0,3.04,0.0,0.0,0.0,0.0,0.0,0.0,0.0,0.0,0.0,0.0,0.0,0.0,0.0,0.0,0.0,0.0,0.0,0.0,524.7597045898438,3.041249990463257,68.5,483.0,65.0,286.0,0.0,0.0,0.0,0.0,0.0,0.0,508.2655944824219,3.103749990463257,70.8,529.0,58.0,365.0,462.9366760253906,3.525624990463257,68.3,536.0,55.0,286.0,412.65386962890625,4.025625228881836,69.0,417.0,50.0,256.0,0.0,0.0,0.0,0.0,0.0,0.0,124.61531829833984,1.3381249904632568,76.1,91.0,16.0,365.0,0.0,0.0,0.0,0.0,0.0,0.0,0.0,0.0,0.0,0.0,0.0,0.0,0.0,0.0,0.0,0.0,0.0,0.0
original,2.5,2.5,0.2,30.0,0.0,30.0,7,4,525.0,3.04,0.0,0.0,0.0,0.0,0.0,0.0,0.0,0.0,0.0,0.0,0.0,0.0,0.0,0.0,0.0,0.0,0.0,0.0,524.7597045898438,3.041249990463257,70.6,486.0,65.0,286.0,0.0,0.0,0.0,0.0,0.0,0.0,508.3028259277344,3.119374990463257,72.8,530.0,56.0,365.0,462.9366760253906,3.525624990463257,70.5,539.0,53.0,286.0,412.65386962890625,4.025625228881836,70.8,421.0,49.0,256.0,0.0,0.0,0.0,0.0,0.0,0.0,124.61531829833984,1.3381249904632568,77.0,91.0,16.0,365.0,0.0,0.0,0.0,0.0,0.0,0.0,0.0,0.0,0.0,0.0,0.0,0.0,0.0,0.0,0.0,0.0,0.0,0.0
original,2.5,2.5,0.3,45.0,0.0,45.0,7,4,525.0,3.04,0.0,0.0,0.0,0.0,0.0,0.0,0.0,0.0,0.0,0.0,0.0,0.0,0.0,0.0,0.0,0.0,0.0,0.0,524.7597045898438,3.041249990463257,73.7,489.0,63.0,286.0,0.0,0.0,0.0,0.0,0.0,0.0,508.5177307128906,3.103749990463257,74.8,530.0,51.0,365.0,462.9366760253906,3.525624990463257,73.3,542.0,49.0,286.0,412.762939453125,4.025625228881836,73.3,427.0,48.0,255.0,0.0,0.0,0.0,0.0,0.0,0.0,124.61531829833984,1.3381249904632568,78.7,91.0,16.0,365.0,0.0,0.0,0.0,0.0,0.0,0.0,0.0,0.0,0.0,0.0,0.0,0.0,0.0,0.0,0.0,0.0,0.0,0.0
original,2.5,2.5,0.5,45.0,30.0,75.0,7,4,525.0,3.04,0.0,0.0,0.0,0.0,0.0,0.0,0.0,0.0,0.0,0.0,0.0,0.0,0.0,0.0,0.0,0.0,0.0,0.0,524.7597045898438,3.041249990463257,76.8,489.0,0.0,286.0,0.0,0.0,0.0,0.0,0.0,0.0,509.7164001464844,3.134999990463257,76.2,531.0,2.0,365.0,462.9366760253906,3.525624990463257,75.3,542.0,9.0,286.0,410.0357666015625,4.025625228881836,75.6,425.0,24.0,280.0,0.0,0.0,0.0,0.0,0.0,0.0,194.36026000976562,2.134999990463257,78.7,161.0,0.0,365.0,0.0,0.0,0.0,0.0,0.0,0.0,0.0,0.0,0.0,0.0,0.0,0.0,0.0,0.0,0.0,0.0,0.0,0.0
original,2.5,2.5,1.5,45.0,180.0,225.0,7,4,525.0,3.04,0.0,0.0,0.0,0.0,0.0,0.0,0.0,0.0,0.0,0.0,0.0,0.0,0.0,0.0,0.0,0.0,0.0,0.0,524.7597045898438,3.041249990463257,76.8,489.0,0.0,286.0,0.0,0.0,0.0,0.0,0.0,0.0,509.7164001464844,3.134999990463257,76.2,531.0,2.0,365.0,462.9366760253906,3.525624990463257,75.3,542.0,9.0,286.0,410.0357666015625,4.025625228881836,75.6,425.0,24.0,280.0,0.0,0.0,0.0,0.0,0.0,0.0,194.36026000976562,2.134999990463257,78.7,161.0,0.0,365.0,0.0,0.0,0.0,0.0,0.0,0.0,0.0,0.0,0.0,0.0,0.0,0.0,0.0,0.0,0.0,0.0,0.0,0.0
original,2.3,2.3,0.01,1.5,0.0,1.5,7,4,525.0,3.01,0.0,0.0,0.0,0.0,0.0,0.0,0.0,0.0,0.0,0.0,0.0,0.0,0.0,0.0,0.0,0.0,0.0,0.0,524.8968505859375,3.009999990463257,56.7,435.0,86.0,286.0,0.0,0.0,0.0,0.0,0.0,0.0,504.31158447265625,3.072499990463257,55.3,466.0,82.0,365.0,466.38787841796875,3.525624990463257,55.8,486.0,77.0,286.0,395.4333190917969,4.025625228881836,57.3,385.0,63.0,213.0,0.0,0.0,0.0,0.0,0.0,0.0,125.07974243164062,1.3381249904632568,63.2,90.0,18.0,365.0,0.0,0.0,0.0,0.0,0.0,0.0,0.0,0.0,0.0,0.0,0.0,0.0,0.0,0.0,0.0,0.0,0.0,0.0
original,2.3,2.3,0.02,3.0,0.0,3.0,7,4,531.0,3.06,0.0,0.0,0.0,0.0,0.0,0.0,0.0,0.0,0.0,0.0,0.0,0.0,0.0,0.0,0.0,0.0,0.0,0.0,530.999755859375,3.056874990463257,61.3,474.0,72.0,286.0,0.0,0.0,0.0,0.0,0.0,0.0,508.689453125,3.072499990463257,59.6,498.0,72.0,365.0,469.63922119140625,3.541249990463257,60.7,530.0,60.0,286.0,419.8910827636719,4.025625228881836,61.8,410.0,55.0,245.0,0.0,0.0,0.0,0.0,0.0,0.0,125.29435729980469,1.3381249904632568,68.2,90.0,17.0,365.0,0.0,0.0,0.0,0.0,0.0,0.0,0.0,0.0,0.0,0.0,0.0,0.0,0.0,0.0,0.0,0.0,0.0,0.0
original,2.3,2.3,0.03,4.5,0.0,4.5,7,4,532.0,3.03,0.0,0.0,0.0,0.0,0.0,0.0,0.0,0.0,0.0,0.0,0.0,0.0,0.0,0.0,0.0,0.0,0.0,0.0,532.0464477539062,3.025624990463257,63.2,478.0,66.0,286.0,0.0,0.0,0.0,0.0,0.0,0.0,511.7379150390625,3.134999990463257,62.0,516.0,63.0,365.0,469.84771728515625,3.541249990463257,62.4,530.0,58.0,286.0,419.595947265625,4.025625228881836,63.8,413.0,52.0,247.0,0.0,0.0,0.0,0.0,0.0,0.0,125.34725952148438,1.3381249904632568,70.3,91.0,16.0,365.0,0.0,0.0,0.0,0.0,0.0,0.0,0.0,0.0,0.0,0.0,0.0,0.0,0.0,0.0,0.0,0.0,0.0,0.0
original,2.3,2.3,0.04,6.0,0.0,6.0,7,4,532.0,3.03,0.0,0.0,0.0,0.0,0.0,0.0,0.0,0.0,0.0,0.0,0.0,0.0,0.0,0.0,0.0,0.0,0.0,0.0,532.0464477539062,3.025624990463257,64.0,478.0,66.0,286.0,0.0,0.0,0.0,0.0,0.0,0.0,513.8751831054688,3.150624990463257,64.3,527.0,64.0,365.0,469.84771728515625,3.541249990463257,63.5,532.0,58.0,286.0,419.15325927734375,4.025625228881836,64.8,414.0,52.0,250.0,0.0,0.0,0.0,0.0,0.0,0.0,125.38235473632812,1.3381249904632568,71.7,91.0,16.0,365.0,0.0,0.0,0.0,0.0,0.0,0.0,0.0,0.0,0.0,0.0,0.0,0.0,0.0,0.0,0.0,0.0,0.0,0.0
original,2.3,2.3,0.05,7.5,0.0,7.5,7,4,532.0,3.03,0.0,0.0,0.0,0.0,0.0,0.0,0.0,0.0,0.0,0.0,0.0,0.0,0.0,0.0,0.0,0.0,0.0,0.0,532.0464477539062,3.025624990463257,64.3,479.0,66.0,286.0,0.0,0.0,0.0,0.0,0.0,0.0,513.8892211914062,3.072499990463257,65.1,527.0,63.0,365.0,469.84771728515625,3.541249990463257,64.1,533.0,57.0,286.0,418.7105712890625,4.025625228881836,65.2,415.0,52.0,253.0,0.0,0.0,0.0,0.0,0.0,0.0,125.39985656738281,1.3381249904632568,72.5,91.0,16.0,365.0,0.0,0.0,0.0,0.0,0.0,0.0,0.0,0.0,0.0,0.0,0.0,0.0,0.0,0.0,0.0,0.0,0.0,0.0
original,2.3,2.3,0.06,9.0,0.0,9.0,7,4,532.0,3.03,0.0,0.0,0.0,0.0,0.0,0.0,0.0,0.0,0.0,0.0,0.0,0.0,0.0,0.0,0.0,0.0,0.0,0.0,532.0464477539062,3.025624990463257,64.8,480.0,66.0,286.0,0.0,0.0,0.0,0.0,0.0,0.0,514.0344848632812,3.134999990463257,65.9,528.0,62.0,365.0,469.84771728515625,3.541249990463257,64.5,534.0,57.0,286.0,418.4800720214844,4.025625228881836,65.6,415.0,52.0,256.0,0.0,0.0,0.0,0.0,0.0,0.0,125.41731262207031,1.3381249904632568,73.3,91.0,16.0,365.0,0.0,0.0,0.0,0.0,0.0,0.0,0.0,0.0,0.0,0.0,0.0,0.0,0.0,0.0,0.0,0.0,0.0,0.0
original,2.3,2.3,0.08,12.0,0.0,12.0,7,4,532.0,3.03,0.0,0.0,0.0,0.0,0.0,0.0,0.0,0.0,0.0,0.0,0.0,0.0,0.0,0.0,0.0,0.0,0.0,0.0,532.0464477539062,3.025624990463257,65.3,481.0,66.0,286.0,0.0,0.0,0.0,0.0,0.0,0.0,514.0365600585938,3.150624990463257,67.3,530.0,61.0,365.0,469.84771728515625,3.541249990463257,65.1,535.0,57.0,286.0,418.4655456542969,4.025625228881836,66.3,417.0,51.0,258.0,0.0,0.0,0.0,0.0,0.0,0.0,125.41731262207031,1.3381249904632568,74.1,91.0,16.0,365.0,0.0,0.0,0.0,0.0,0.0,0.0,0.0,0.0,0.0,0.0,0.0,0.0,0.0,0.0,0.0,0.0,0.0,0.0
original,2.3,2.3,0.1,15.0,0.0,15.0,7,4,532.0,3.03,0.0,0.0,0.0,0.0,0.0,0.0,0.0,0.0,0.0,0.0,0.0,0.0,0.0,0.0,0.0,0.0,0.0,0.0,532.0464477539062,3.025624990463257,66.2,483.0,66.0,286.0,0.0,0.0,0.0,0.0,0.0,0.0,514.0723876953125,3.119374990463257,68.6,531.0,60.0,365.0,469.84771728515625,3.541249990463257,65.8,537.0,56.0,286.0,418.4655456542969,4.025625228881836,67.1,418.0,51.0,258.0,0.0,0.0,0.0,0.0,0.0,0.0,125.41731262207031,1.3381249904632568,74.8,91.0,16.0,365.0,0.0,0.0,0.0,0.0,0.0,0.0,0.0,0.0,0.0,0.0,0.0,0.0,0.0,0.0,0.0,0.0,0.0,0.0
original,2.3,2.3,0.12,18.0,0.0,18.0,7,4,532.0,3.03,0.0,0.0,0.0,0.0,0.0,0.0,0.0,0.0,0.0,0.0,0.0,0.0,0.0,0.0,0.0,0.0,0.0,0.0,532.0464477539062,3.025624990463257,67.1,484.0,66.0,286.0,0.0,0.0,0.0,0.0,0.0,0.0,514.0880737304688,3.134999990463257,69.6,532.0,60.0,365.0,469.84771728515625,3.541249990463257,66.9,538.0,55.0,286.0,418.4655456542969,4.025625228881836,68.0,420.0,51.0,258.0,0.0,0.0,0.0,0.0,0.0,0.0,125.41731262207031,1.3381249904632568,75.5,91.0,16.0,365.0,0.0,0.0,0.0,0.0,0.0,0.0,0.0,0.0,0.0,0.0,0.0,0.0,0.0,0.0,0.0,0.0,0.0,0.0
original,2.3,2.3,0.15,22.5,0.0,22.5,7,4,532.0,3.03,0.0,0.0,0.0,0.0,0.0,0.0,0.0,0.0,0.0,0.0,0.0,0.0,0.0,0.0,0.0,0.0,0.0,0.0,532.0464477539062,3.025624990463257,68.6,486.0,66.0,286.0,0.0,0.0,0.0,0.0,0.0,0.0,514.1256713867188,3.119374990463257,70.9,533.0,59.0,365.0,469.84771728515625,3.541249990463257,68.4,540.0,55.0,286.0,418.5754699707031,4.025625228881836,69.1,422.0,51.0,257.0,0.0,0.0,0.0,0.0,0.0,0.0,125.41731262207031,1.3381249904632568,76.2,91.0,16.0,365.0,0.0,0.0,0.0,0.0,0.0,0.0,0.0,0.0,0.0,0.0,0.0,0.0,0.0,0.0,0.0,0.0,0.0,0.0
original,2.3,2.3,0.2,30.0,0.0,30.0,7,4,532.0,3.03,0.0,0.0,0.0,0.0,0.0,0.0,0.0,0.0,0.0,0.0,0.0,0.0,0.0,0.0,0.0,0.0,0.0,0.0,532.0464477539062,3.025624990463257,70.5,490.0,65.0,286.0,0.0,0.0,0.0,0.0,0.0,0.0,514.178955078125,3.119374990463257,72.8,535.0,56.0,365.0,469.84771728515625,3.541249990463257,70.3,544.0,54.0,286.0,418.6853942871094,4.025625228881836,70.7,425.0,50.0,256.0,0.0,0.0,0.0,0.0,0.0,0.0,125.41731262207031,1.3381249904632568,77.2,91.0,16.0,365.0,0.0,0.0,0.0,0.0,0.0,0.0,0.0,0.0,0.0,0.0,0.0,0.0,0.0,0.0,0.0,0.0,0.0,0.0
original,2.3,2.3,0.3,45.0,0.0,45.0,7,4,532.0,3.03,0.0,0.0,0.0,0.0,0.0,0.0,0.0,0.0,0.0,0.0,0.0,0.0,0.0,0.0,0.0,0.0,0.0,0.0,532.0464477539062,3.025624990463257,73.6,492.0,64.0,286.0,0.0,0.0,0.0,0.0,0.0,0.0,514.4500122070312,3.150624990463257,74.8,535.0,51.0,365.0,469.84771728515625,3.541249990463257,73.3,546.0,50.0,286.0,418.6853942871094,4.025625228881836,73.5,431.0,49.0,256.0,0.0,0.0,0.0,0.0,0.0,0.0,125.41731262207031,1.3381249904632568,78.7,91.0,16.0,365.0,0.0,0.0,0.0,0.0,0.0,0.0,0.0,0.0,0.0,0.0,0.0,0.0,0.0,0.0,0.0,0.0,0.0,0.0
original,2.3,2.3,0.5,45.0,30.0,75.0,7,4,532.0,3.03,0.0,0.0,0.0,0.0,0.0,0.0,0.0,0.0,0.0,0.0,0.0,0.0,0.0,0.0,0.0,0.0,0.0,0.0,532.0464477539062,3.025624990463257,76.8,492.0,0.0,286.0,0.0,0.0,0.0,0.0,0.0,0.0,515.9111938476562,3.150624990463257,76.2,536.0,2.0,365.0,469.84771728515625,3.541249990463257,75.5,546.0,10.0,286.0,416.0039367675781,4.025625228881836,75.7,429.0,24.0,281.0,0.0,0.0,0.0,0.0,0.0,0.0,196.51641845703125,2.134999990463257,78.8,162.0,0.0,365.0,0.0,0.0,0.0,0.0,0.0,0.0,0.0,0.0,0.0,0.0,0.0,0.0,0.0,0.0,0.0,0.0,0.0,0.0
original,2.3,2.3,1.5,45.0,180.0,225.0,7,4,532.0,3.03,0.0,0.0,0.0,0.0,0.0,0.0,0.0,0.0,0.0,0.0,0.0,0.0,0.0,0.0,0.0,0.0,0.0,0.0,532.0464477539062,3.025624990463257,76.8,492.0,0.0,286.0,0.0,0.0,0.0,0.0,0.0,0.0,515.9111938476562,3.150624990463257,76.2,536.0,1.0,365.0,469.84771728515625,3.541249990463257,75.5,546.0,9.0,286.0,416.0039367675781,4.025625228881836,75.7,429.0,24.0,281.0,0.0,0.0,0.0,0.0,0.0,0.0,196.51641845703125,2.134999990463257,78.8,162.0,0.0,365.0,0.0,0.0,0.0,0.0,0.0,0.0,0.0,0.0,0.0,0.0,0.0,0.0,0.0,0.0,0.0,0.0,0.0,0.0
original,2.2,2.2,0.01,1.5,0.0,1.5,7,4,520.0,3.04,0.0,0.0,0.0,0.0,0.0,0.0,0.0,0.0,0.0,0.0,0.0,0.0,0.0,0.0,0.0,0.0,0.0,0.0,519.9390258789062,3.041249990463257,56.5,437.0,85.0,286.0,0.0,0.0,0.0,0.0,0.0,0.0,503.3763427734375,3.088124990463257,55.2,462.0,83.0,365.0,465.9131164550781,3.525624990463257,55.6,479.0,77.0,286.0,382.36639404296875,3.884999990463257,57.0,374.0,62.0,210.0,0.0,0.0,0.0,0.0,0.0,0.0,124.49830627441406,1.3224999904632568,63.2,89.0,18.0,365.0,0.0,0.0,0.0,0.0,0.0,0.0,0.0,0.0,0.0,0.0,0.0,0.0,0.0,0.0,0.0,0.0,0.0,0.0
original,2.2,2.2,0.02,3.0,0.0,3.0,7,4,524.0,3.03,0.0,0.0,0.0,0.0,0.0,0.0,0.0,0.0,0.0,0.0,0.0,0.0,0.0,0.0,0.0,0.0,0.0,0.0,524.3245239257812,3.025624990463257,60.5,464.0,75.0,286.0,0.0,0.0,0.0,0.0,0.0,0.0,507.7080993652344,3.119374990463257,59.3,492.0,72.0,365.0,467.8809509277344,3.509999990463257,59.7,511.0,64.0,286.0,416.0433349609375,4.025625228881836,61.5,406.0,56.0,245.0,0.0,0.0,0.0,0.0,0.0,0.0,124.73676300048828,1.3381249904632568,68.1,90.0,17.0,365.0,0.0,0.0,0.0,0.0,0.0,0.0,0.0,0.0,0.0,0.0,0.0,0.0,0.0,0.0,0.0,0.0,0.0,0.0
original,2.2,2.2,0.03,4.5,0.0,4.5,7,4,528.0,3.04,0.0,0.0,0.0,0.0,0.0,0.0,0.0,0.0,0.0,0.0,0.0,0.0,0.0,0.0,0.0,0.0,0.0,0.0,528.2622680664062,3.041249990463257,63.2,486.0,66.0,286.0,0.0,0.0,0.0,0.0,0.0,0.0,510.79681396484375,3.103749990463257,61.8,511.0,64.0,365.0,469.9444580078125,3.541249990463257,62.3,530.0,58.0,286.0,415.748291015625,4.025625228881836,63.7,412.0,52.0,247.0,0.0,0.0,0.0,0.0,0.0,0.0,124.80599975585938,1.3224999904632568,66.3,90.0,15.0,365.0,0.0,0.0,0.0,0.0,0.0,0.0,0.0,0.0,0.0,0.0,0.0,0.0,0.0,0.0,0.0,0.0,0.0,0.0
original,2.2,2.2,0.04,6.0,0.0,6.0,7,4,528.0,3.04,0.0,0.0,0.0,0.0,0.0,0.0,0.0,0.0,0.0,0.0,0.0,0.0,0.0,0.0,0.0,0.0,0.0,0.0,528.3707885742188,3.041249990463257,63.7,487.0,66.0,286.0,0.0,0.0,0.0,0.0,0.0,0.0,513.8053588867188,3.119374990463257,64.3,525.0,64.0,365.0,470.07806396484375,3.541249990463257,63.3,532.0,58.0,286.0,415.30572509765625,4.025625228881836,64.7,412.0,51.0,250.0,0.0,0.0,0.0,0.0,0.0,0.0,124.85675811767578,1.3381249904632568,71.1,91.0,15.0,365.0,0.0,0.0,0.0,0.0,0.0,0.0,0.0,0.0,0.0,0.0,0.0,0.0,0.0,0.0,0.0,0.0,0.0,0.0
original,2.2,2.2,0.05,7.5,0.0,7.5,7,4,528.0,3.04,0.0,0.0,0.0,0.0,0.0,0.0,0.0,0.0,0.0,0.0,0.0,0.0,0.0,0.0,0.0,0.0,0.0,0.0,528.3707885742188,3.041249990463257,64.2,488.0,66.0,286.0,0.0,0.0,0.0,0.0,0.0,0.0,513.7227172851562,3.103749990463257,65.0,526.0,63.0,365.0,470.07806396484375,3.541249990463257,63.8,533.0,57.0,286.0,414.8631591796875,4.025625228881836,65.0,413.0,51.0,253.0,0.0,0.0,0.0,0.0,0.0,0.0,124.87378692626953,1.3381249904632568,72.5,91.0,15.0,365.0,0.0,0.0,0.0,0.0,0.0,0.0,0.0,0.0,0.0,0.0,0.0,0.0,0.0,0.0,0.0,0.0,0.0,0.0
original,2.2,2.2,0.06,9.0,0.0,9.0,7,4,528.0,3.04,0.0,0.0,0.0,0.0,0.0,0.0,0.0,0.0,0.0,0.0,0.0,0.0,0.0,0.0,0.0,0.0,0.0,0.0,528.3707885742188,3.041249990463257,64.6,488.0,66.0,286.0,0.0,0.0,0.0,0.0,0.0,0.0,513.7678833007812,3.134999990463257,65.8,527.0,62.0,365.0,470.07806396484375,3.541249990463257,64.3,533.0,57.0,286.0,414.6312255859375,4.025625228881836,65.4,414.0,51.0,256.0,0.0,0.0,0.0,0.0,0.0,0.0,124.87378692626953,1.3381249904632568,73.2,91.0,16.0,365.0,0.0,0.0,0.0,0.0,0.0,0.0,0.0,0.0,0.0,0.0,0.0,0.0,0.0,0.0,0.0,0.0,0.0,0.0
original,2.2,2.2,0.08,12.0,0.0,12.0,7,4,528.0,3.04,0.0,0.0,0.0,0.0,0.0,0.0,0.0,0.0,0.0,0.0,0.0,0.0,0.0,0.0,0.0,0.0,0.0,0.0,528.3707885742188,3.041249990463257,65.3,490.0,65.0,286.0,0.0,0.0,0.0,0.0,0.0,0.0,513.6976928710938,3.119374990463257,67.1,529.0,61.0,365.0,470.07806396484375,3.541249990463257,65.1,535.0,57.0,286.0,414.6161804199219,4.025625228881836,66.3,415.0,51.0,258.0,0.0,0.0,0.0,0.0,0.0,0.0,124.87378692626953,1.3381249904632568,74.2,91.0,16.0,365.0,0.0,0.0,0.0,0.0,0.0,0.0,0.0,0.0,0.0,0.0,0.0,0.0,0.0,0.0,0.0,0.0,0.0,0.0
original,2.2,2.2,0.1,15.0,0.0,15.0,7,4,528.0,3.04,0.0,0.0,0.0,0.0,0.0,0.0,0.0,0.0,0.0,0.0,0.0,0.0,0.0,0.0,0.0,0.0,0.0,0.0,528.3707885742188,3.041249990463257,66.1,491.0,65.0,286.0,0.0,0.0,0.0,0.0,0.0,0.0,513.8300170898438,3.103749990463257,68.4,530.0,60.0,365.0,470.07806396484375,3.541249990463257,65.8,536.0,56.0,286.0,414.6161804199219,4.025625228881836,67.1,416.0,51.0,258.0,0.0,0.0,0.0,0.0,0.0,0.0,124.87378692626953,1.3381249904632568,74.8,91.0,16.0,365.0,0.0,0.0,0.0,0.0,0.0,0.0,0.0,0.0,0.0,0.0,0.0,0.0,0.0,0.0,0.0,0.0,0.0,0.0
original,2.2,2.2,0.12,18.0,0.0,18.0,7,4,528.0,3.04,0.0,0.0,0.0,0.0,0.0,0.0,0.0,0.0,0.0,0.0,0.0,0.0,0.0,0.0,0.0,0.0,0.0,0.0,528.3707885742188,3.041249990463257,67.0,493.0,65.0,286.0,0.0,0.0,0.0,0.0,0.0,0.0,513.8756103515625,3.134999990463257,69.4,531.0,60.0,365.0,470.07806396484375,3.541249990463257,66.7,538.0,55.0,286.0,414.6161804199219,4.025625228881836,67.8,418.0,50.0,258.0,0.0,0.0,0.0,0.0,0.0,0.0,124.8907699584961,1.3381249904632568,75.5,91.0,16.0,365.0,0.0,0.0,0.0,0.0,0.0,0.0,0.0,0.0,0.0,0.0,0.0,0.0,0.0,0.0,0.0,0.0,0.0,0.0
original,2.2,2.2,0.15,22.5,0.0,22.5,7,4,528.0,3.04,0.0,0.0,0.0,0.0,0.0,0.0,0.0,0.0,0.0,0.0,0.0,0.0,0.0,0.0,0.0,0.0,0.0,0.0,528.3707885742188,3.041249990463257,68.4,495.0,65.0,286.0,0.0,0.0,0.0,0.0,0.0,0.0,513.954345703125,3.119374990463257,70.7,533.0,59.0,365.0,470.07806396484375,3.541249990463257,68.2,540.0,55.0,286.0,414.7277526855469,4.025625228881836,69.1,420.0,50.0,257.0,0.0,0.0,0.0,0.0,0.0,0.0,124.8907699584961,1.3381249904632568,76.2,91.0,16.0,365.0,0.0,0.0,0.0,0.0,0.0,0.0,0.0,0.0,0.0,0.0,0.0,0.0,0.0,0.0,0.0,0.0,0.0,0.0
original,2.2,2.2,0.2,30.0,0.0,30.0,7,4,528.0,3.04,0.0,0.0,0.0,0.0,0.0,0.0,0.0,0.0,0.0,0.0,0.0,0.0,0.0,0.0,0.0,0.0,0.0,0.0,528.3707885742188,3.041249990463257,70.3,498.0,65.0,286.0,0.0,0.0,0.0,0.0,0.0,0.0,514.1311645507812,3.134999990463257,72.5,534.0,56.0,365.0,470.07806396484375,3.541249990463257,70.1,543.0,54.0,286.0,414.7277526855469,4.025625228881836,70.6,423.0,50.0,257.0,0.0,0.0,0.0,0.0,0.0,0.0,124.8907699584961,1.3381249904632568,77.2,91.0,16.0,365.0,0.0,0.0,0.0,0.0,0.0,0.0,0.0,0.0,0.0,0.0,0.0,0.0,0.0,0.0,0.0,0.0,0.0,0.0
original,2.2,2.2,0.3,45.0,0.0,45.0,7,4,528.0,3.04,0.0,0.0,0.0,0.0,0.0,0.0,0.0,0.0,0.0,0.0,0.0,0.0,0.0,0.0,0.0,0.0,0.0,0.0,528.3707885742188,3.041249990463257,73.3,501.0,63.0,286.0,0.0,0.0,0.0,0.0,0.0,0.0,514.221435546875,3.119374990463257,74.6,534.0,51.0,365.0,470.07806396484375,3.541249990463257,73.1,546.0,50.0,286.0,414.8393859863281,4.025625228881836,73.2,429.0,48.0,256.0,0.0,0.0,0.0,0.0,0.0,0.0,124.8907699584961,1.3381249904632568,78.8,91.0,16.0,365.0,0.0,0.0,0.0,0.0,0.0,0.0,0.0,0.0,0.0,0.0,0.0,0.0,0.0,0.0,0.0,0.0,0.0,0.0
original,2.2,2.2,0.5,45.0,30.0,75.0,7,4,528.0,3.04,0.0,0.0,0.0,0.0,0.0,0.0,0.0,0.0,0.0,0.0,0.0,0.0,0.0,0.0,0.0,0.0,0.0,0.0,528.3707885742188,3.041249990463257,76.8,501.0,0.0,286.0,0.0,0.0,0.0,0.0,0.0,0.0,516.1062622070312,3.134999990463257,76.2,535.0,2.0,365.0,470.07806396484375,3.541249990463257,75.4,546.0,10.0,286.0,412.1169128417969,4.025625228881836,75.6,427.0,25.0,281.0,0.0,0.0,0.0,0.0,0.0,0.0,195.25914001464844,2.134999990463257,78.8,162.0,0.0,365.0,0.0,0.0,0.0,0.0,0.0,0.0,0.0,0.0,0.0,0.0,0.0,0.0,0.0,0.0,0.0,0.0,0.0,0.0
original,2.2,2.2,1.5,45.0,180.0,225.0,7,4,528.0,3.04,0.0,0.0,0.0,0.0,0.0,0.0,0.0,0.0,0.0,0.0,0.0,0.0,0.0,0.0,0.0,0.0,0.0,0.0,528.3707885742188,3.041249990463257,76.8,501.0,0.0,286.0,0.0,0.0,0.0,0.0,0.0,0.0,516.1062622070312,3.134999990463257,76.2,535.0,2.0,365.0,470.07806396484375,3.541249990463257,75.4,546.0,9.0,286.0,412.1169128417969,4.025625228881836,75.6,427.0,24.0,281.0,0.0,0.0,0.0,0.0,0.0,0.0,195.25914001464844,2.134999990463257,78.8,162.0,0.0,365.0,0.0,0.0,0.0,0.0,0.0,0.0,0.0,0.0,0.0,0.0,0.0,0.0,0.0,0.0,0.0,0.0,0.0,0.0
original,2.0,2.0,0.01,1.5,0.0,1.5,7,6,505.0,3.1,0.0,0.0,0.0,0.0,0.0,0.0,0.0,0.0,0.0,0.0,0.0,0.0,0.0,0.0,0.0,0.0,0.0,0.0,521.1113891601562,2.978749990463257,56.8,430.0,84.0,286.0,0.0,0.0,0.0,0.0,0.0,0.0,504.7869873046875,3.103749990463257,55.4,465.0,83.0,365.0,466.7846984863281,3.463124990463257,55.8,483.0,77.0,286.0,386.45550537109375,4.025625228881836,57.3,379.0,61.0,212.0,0.0,0.0,0.0,0.0,0.0,0.0,124.68340301513672,1.3224999904632568,63.2,89.0,18.0,365.0,0.0,0.0,0.0,0.0,0.0,0.0,0.0,0.0,0.0,0.0,0.0,0.0,0.0,0.0,0.0,0.0,0.0,0.0
original,2.0,2.0,0.02,3.0,0.0,3.0,7,6,509.0,3.09,0.0,0.0,0.0,0.0,0.0,0.0,0.0,0.0,0.0,0.0,0.0,0.0,0.0,0.0,0.0,0.0,0.0,0.0,524.890380859375,2.994374990463257,60.7,453.0,74.0,286.0,0.0,0.0,0.0,0.0,0.0,0.0,508.8456115722656,3.088124990463257,59.6,493.0,72.0,365.0,468.4908447265625,3.541249990463257,60.0,510.0,64.0,286.0,409.3740539550781,4.025625228881836,61.6,403.0,54.0,242.0,0.0,0.0,0.0,0.0,0.0,0.0,124.96800994873047,1.3224999904632568,68.1,90.0,17.0,365.0,0.0,0.0,0.0,0.0,0.0,0.0,0.0,0.0,0.0,0.0,0.0,0.0,0.0,0.0,0.0,0.0,0.0,0.0
original,2.0,2.0,0.03,4.5,0.0,4.5,7,4,529.0,3.03,0.0,0.0,0.0,0.0,0.0,0.0,0.0,0.0,0.0,0.0,0.0,0.0,0.0,0.0,0.0,0.0,0.0,0.0,528.6240234375,3.025624990463257,63.2,475.0,66.0,286.0,0.0,0.0,0.0,0.0,0.0,0.0,511.8126220703125,3.119374990463257,61.8,512.0,63.0,365.0,470.3929443359375,3.541249990463257,62.4,529.0,58.0,286.0,416.0466003417969,4.025625228881836,63.8,411.0,52.0,247.0,0.0,0.0,0.0,0.0,0.0,0.0,125.05001068115234,1.3224999904632568,66.3,90.0,16.0,365.0,0.0,0.0,0.0,0.0,0.0,0.0,0.0,0.0,0.0,0.0,0.0,0.0,0.0,0.0,0.0,0.0,0.0,0.0
original,2.0,2.0,0.04,6.0,0.0,6.0,7,4,529.0,3.06,0.0,0.0,0.0,0.0,0.0,0.0,0.0,0.0,0.0,0.0,0.0,0.0,0.0,0.0,0.0,0.0,0.0,0.0,528.75048828125,3.056874990463257,63.7,477.0,67.0,286.0,0.0,0.0,0.0,0.0,0.0,0.0,514.1131591796875,3.119374990463257,64.3,524.0,64.0,365.0,470.525390625,3.541249990463257,63.5,531.0,58.0,286.0,415.5998840332031,4.025625228881836,64.7,412.0,52.0,250.0,0.0,0.0,0.0,0.0,0.0,0.0,125.0988540649414,1.3224999904632568,71.0,90.0,16.0,365.0,0.0,0.0,0.0,0.0,0.0,0.0,0.0,0.0,0.0,0.0,0.0,0.0,0.0,0.0,0.0,0.0,0.0,0.0
original,2.0,2.0,0.05,7.5,0.0,7.5,7,4,529.0,3.06,0.0,0.0,0.0,0.0,0.0,0.0,0.0,0.0,0.0,0.0,0.0,0.0,0.0,0.0,0.0,0.0,0.0,0.0,528.75048828125,3.056874990463257,64.3,478.0,66.0,286.0,0.0,0.0,0.0,0.0,0.0,0.0,514.273681640625,3.119374990463257,65.1,525.0,63.0,365.0,470.525390625,3.541249990463257,64.0,532.0,57.0,286.0,415.1715393066406,4.056875228881836,65.0,413.0,51.0,252.0,0.0,0.0,0.0,0.0,0.0,0.0,125.13126373291016,1.3224999904632568,72.5,90.0,16.0,365.0,0.0,0.0,0.0,0.0,0.0,0.0,0.0,0.0,0.0,0.0,0.0,0.0,0.0,0.0,0.0,0.0,0.0,0.0
original,2.0,2.0,0.06,9.0,0.0,9.0,7,4,529.0,3.06,0.0,0.0,0.0,0.0,0.0,0.0,0.0,0.0,0.0,0.0,0.0,0.0,0.0,0.0,0.0,0.0,0.0,0.0,528.75048828125,3.056874990463257,64.7,478.0,66.0,286.0,0.0,0.0,0.0,0.0,0.0,0.0,514.2965698242188,3.103749990463257,65.9,526.0,62.0,365.0,470.525390625,3.541249990463257,64.5,533.0,57.0,286.0,414.91973876953125,4.025625228881836,65.4,413.0,51.0,256.0,0.0,0.0,0.0,0.0,0.0,0.0,125.13126373291016,1.3224999904632568,73.2,90.0,16.0,365.0,0.0,0.0,0.0,0.0,0.0,0.0,0.0,0.0,0.0,0.0,0.0,0.0,0.0,0.0,0.0,0.0,0.0,0.0
original,2.0,2.0,0.08,12.0,0.0,12.0,7,4,529.0,3.06,0.0,0.0,0.0,0.0,0.0,0.0,0.0,0.0,0.0,0.0,0.0,0.0,0.0,0.0,0.0,0.0,0.0,0.0,528.75048828125,3.056874990463257,65.3,480.0,66.0,286.0,0.0,0.0,0.0,0.0,0.0,0.0,514.22021484375,3.119374990463257,67.2,527.0,61.0,365.0,470.525390625,3.541249990463257,65.1,535.0,57.0,286.0,414.9046936035156,4.025625228881836,66.3,414.0,51.0,258.0,0.0,0.0,0.0,0.0,0.0,0.0,125.13126373291016,1.3224999904632568,74.2,90.0,16.0,365.0,0.0,0.0,0.0,0.0,0.0,0.0,0.0,0.0,0.0,0.0,0.0,0.0,0.0,0.0,0.0,0.0,0.0,0.0
original,2.0,2.0,0.1,15.0,0.0,15.0,7,4,529.0,3.06,0.0,0.0,0.0,0.0,0.0,0.0,0.0,0.0,0.0,0.0,0.0,0.0,0.0,0.0,0.0,0.0,0.0,0.0,528.75048828125,3.056874990463257,66.1,481.0,66.0,286.0,0.0,0.0,0.0,0.0,0.0,0.0,514.273681640625,3.119374990463257,68.3,529.0,60.0,365.0,470.525390625,3.541249990463257,65.8,536.0,56.0,286.0,414.9046936035156,4.025625228881836,67.1,416.0,51.0,258.0,0.0,0.0,0.0,0.0,0.0,0.0,125.13126373291016,1.3224999904632568,74.8,90.0,16.0,365.0,0.0,0.0,0.0,0.0,0.0,0.0,0.0,0.0,0.0,0.0,0.0,0.0,0.0,0.0,0.0,0.0,0.0,0.0
original,2.0,2.0,0.12,18.0,0.0,18.0,7,4,529.0,3.06,0.0,0.0,0.0,0.0,0.0,0.0,0.0,0.0,0.0,0.0,0.0,0.0,0.0,0.0,0.0,0.0,0.0,0.0,528.75048828125,3.056874990463257,67.0,483.0,66.0,286.0,0.0,0.0,0.0,0.0,0.0,0.0,514.4332275390625,3.119374990463257,69.4,530.0,60.0,365.0,470.525390625,3.541249990463257,66.7,537.0,55.0,286.0,414.9046936035156,4.025625228881836,67.8,417.0,50.0,258.0,0.0,0.0,0.0,0.0,0.0,0.0,125.13126373291016,1.3224999904632568,75.6,90.0,16.0,365.0,0.0,0.0,0.0,0.0,0.0,0.0,0.0,0.0,0.0,0.0,0.0,0.0,0.0,0.0,0.0,0.0,0.0,0.0
original,2.0,2.0,0.15,22.5,0.0,22.5,7,4,529.0,3.06,0.0,0.0,0.0,0.0,0.0,0.0,0.0,0.0,0.0,0.0,0.0,0.0,0.0,0.0,0.0,0.0,0.0,0.0,528.75048828125,3.056874990463257,68.5,485.0,65.0,286.0,0.0,0.0,0.0,0.0,0.0,0.0,514.5267333984375,3.119374990463257,70.7,532.0,59.0,365.0,470.525390625,3.541249990463257,68.3,539.0,55.0,286.0,415.0165100097656,4.025625228881836,69.1,419.0,50.0,257.0,0.0,0.0,0.0,0.0,0.0,0.0,125.13126373291016,1.3224999904632568,76.2,90.0,16.0,365.0,0.0,0.0,0.0,0.0,0.0,0.0,0.0,0.0,0.0,0.0,0.0,0.0,0.0,0.0,0.0,0.0,0.0,0.0
original,2.0,2.0,0.2,30.0,0.0,30.0,7,4,529.0,3.06,0.0,0.0,0.0,0.0,0.0,0.0,0.0,0.0,0.0,0.0,0.0,0.0,0.0,0.0,0.0,0.0,0.0,0.0,528.75048828125,3.056874990463257,70.4,488.0,65.0,286.0,0.0,0.0,0.0,0.0,0.0,0.0,514.57958984375,3.119374990463257,72.7,533.0,56.0,365.0,470.525390625,3.541249990463257,70.2,543.0,54.0,286.0,415.0165100097656,4.025625228881836,70.7,423.0,49.0,257.0,0.0,0.0,0.0,0.0,0.0,0.0,125.13126373291016,1.3224999904632568,77.2,90.0,16.0,365.0,0.0,0.0,0.0,0.0,0.0,0.0,0.0,0.0,0.0,0.0,0.0,0.0,0.0,0.0,0.0,0.0,0.0,0.0
original,2.0,2.0,0.3,45.0,0.0,45.0,7,4,529.0,3.06,0.0,0.0,0.0,0.0,0.0,0.0,0.0,0.0,0.0,0.0,0.0,0.0,0.0,0.0,0.0,0.0,0.0,0.0,528.75048828125,3.056874990463257,73.4,491.0,63.0,286.0,0.0,0.0,0.0,0.0,0.0,0.0,514.6673583984375,3.072499990463257,74.8,533.0,51.0,365.0,470.525390625,3.541249990463257,73.2,546.0,50.0,286.0,415.1282653808594,4.025625228881836,73.2,429.0,48.0,256.0,0.0,0.0,0.0,0.0,0.0,0.0,125.14742279052734,1.3224999904632568,78.8,90.0,16.0,365.0,0.0,0.0,0.0,0.0,0.0,0.0,0.0,0.0,0.0,0.0,0.0,0.0,0.0,0.0,0.0,0.0,0.0,0.0
original,2.0,2.0,0.5,45.0,30.0,75.0,7,4,529.0,3.06,0.0,0.0,0.0,0.0,0.0,0.0,0.0,0.0,0.0,0.0,0.0,0.0,0.0,0.0,0.0,0.0,0.0,0.0,528.75048828125,3.056874990463257,76.8,491.0,0.0,286.0,0.0,0.0,0.0,0.0,0.0,0.0,516.585693359375,3.119374990463257,76.2,534.0,2.0,365.0,470.525390625,3.541249990463257,75.4,546.0,10.0,286.0,412.4012145996094,4.025625228881836,75.7,427.0,25.0,281.0,0.0,0.0,0.0,0.0,0.0,0.0,195.54891967773438,2.134999990463257,78.9,161.0,0.0,365.0,0.0,0.0,0.0,0.0,0.0,0.0,0.0,0.0,0.0,0.0,0.0,0.0,0.0,0.0,0.0,0.0,0.0,0.0
original,2.0,2.0,1.5,45.0,180.0,225.0,7,4,529.0,3.06,0.0,0.0,0.0,0.0,0.0,0.0,0.0,0.0,0.0,0.0,0.0,0.0,0.0,0.0,0.0,0.0,0.0,0.0,528.75048828125,3.056874990463257,76.8,491.0,0.0,286.0,0.0,0.0,0.0,0.0,0.0,0.0,516.585693359375,3.119374990463257,76.2,534.0,2.0,365.0,470.525390625,3.541249990463257,75.4,546.0,9.0,286.0,412.4012145996094,4.025625228881836,75.7,427.0,24.0,281.0,0.0,0.0,0.0,0.0,0.0,0.0,195.54891967773438,2.134999990463257,78.9,161.0,0.0,365.0,0.0,0.0,0.0,0.0,0.0,0.0,0.0,0.0,0.0,0.0,0.0,0.0,0.0,0.0,0.0,0.0,0.0,0.0
mckenzie2003,5.0,5.0,0.01,2.369999885559082,0.0,2.369999885559082,21,10,10.0,0.1,0.0,0.0,0.0,0.0,0.0,0.0,0.0,0.0,0.0,0.0,0.0,0.0,0.0,0.0,0.0,0.0,0.0,0.0,103.06947326660156,0.38499999046325684,62.6,68.0,38.0,286.0,0.0,0.0,0.0,0.0,0.0,0.0,71.57194519042969,0.29124999046325684,62.7,42.0,26.0,365.0,113.66496276855469,0.6193749904632568,62.7,93.0,41.0,286.0,0.0,0.0,0.0,0.0,0.0,0.0,0.0,0.0,0.0,0.0,0.0,0.0,10.455400466918945,0.10374999046325684,68.7,5.0,4.0,365.0,0.0,0.0,0.0,0.0,0.0,0.0,0.0,0.0,0.0,0.0,0.0,0.0,0.0,0.0,0.0,0.0,0.0,0.0
mckenzie2003,5.0,5.0,0.02,4.739999771118164,0.0,4.739999771118164,4,7,188.0,1.17,0.0,0.0,0.0,0.0,0.0,0.0,0.0,0.0,0.0,0.0,0.0,0.0,0.0,0.0,0.0,0.0,0.0,0.0,171.5247039794922,0.7131249904632568,64.4,128.0,63.0,286.0,0.0,0.0,0.0,0.0,0.0,0.0,117.62387084960938,0.5256249904632568,64.5,82.0,43.0,365.0,187.66171264648438,1.1662499904632568,64.2,175.0,68.0,286.0,0.0,0.0,0.0,0.0,0.0,0.0,0.0,0.0,0.0,0.0,0.0,0.0,16.4339599609375,0.16624999046325684,71.2,9.0,6.0,365.0,0.0,0.0,0.0,0.0,0.0,0.0,0.0,0.0,0.0,0.0,0.0,0.0,0.0,0.0,0.0,0.0,0.0,0.0
mckenzie2003,5.0,5.0,0.03,7.110000133514404,0.0,7.110000133514404,4,7,249.0,1.68,0.0,0.0,0.0,0.0,0.0,0.0,0.0,0.0,0.0,0.0,0.0,0.0,0.0,0.0,0.0,0.0,0.0,0.0,234.81224060058594,1.0724999904632568,64.9,184.0,86.0,286.0,0.0,0.0,0.0,0.0,0.0,0.0,160.3225555419922,0.7756249904632568,68.6,121.0,59.0,365.0,249.24612426757812,1.6818749904632568,64.7,251.0,91.0,286.0,0.0,0.0,0.0,0.0,0.0,0.0,0.0,0.0,0.0,0.0,0.0,0.0,22.179401397705078,0.22874999046325684,72.4,13.0,8.0,365.0,0.0,0.0,0.0,0.0,0.0,0.0,0.0,0.0,0.0,0.0,0.0,0.0,0.0,0.0,0.0,0.0,0.0,0.0
mckenzie2003,5.0,5.0,0.04,9.479999542236328,0.0,9.479999542236328,4,7,297.0,2.07,0.0,0.0,0.0,0.0,0.0,0.0,0.0,0.0,0.0,0.0,0.0,0.0,0.0,0.0,0.0,0.0,0.0,0.0,290.6519470214844,1.4006249904632568,65.5,235.0,106.0,286.0,0.0,0.0,0.0,0.0,0.0,0.0,199.4778289794922,0.9943749904632568,69.6,157.0,73.0,365.0,297.38775634765625,2.072499990463257,65.2,323.0,109.0,286.0,0.0,0.0,0.0,0.0,0.0,0.0,0.0,0.0,0.0,0.0,0.0,0.0,27.69866943359375,0.29124999046325684,73.2,17.0,10.0,365.0,0.0,0.0,0.0,0.0,0.0,0.0,0.0,0.0,0.0,0.0,0.0,0.0,0.0,0.0,0.0,0.0,0.0,0.0
mckenzie2003,5.0,5.0,0.05,11.850000381469727,0.0,11.850000381469727,20,8,307.0,2.54,0.0,0.0,0.0,0.0,0.0,0.0,0.0,0.0,0.0,0.0,0.0,0.0,0.0,0.0,0.0,0.0,0.0,0.0,338.1582336425781,1.7443749904632568,65.9,283.0,123.0,286.0,0.0,0.0,0.0,0.0,0.0,0.0,234.64712524414062,1.2131249904632568,70.3,191.0,86.0,365.0,334.40045166015625,2.478749990463257,65.5,388.0,122.0,286.0,307.1933898925781,2.541249990463257,65.9,270.0,112.0,234.0,0.0,0.0,0.0,0.0,0.0,0.0,33.02053451538086,0.35374999046325684,73.9,21.0,12.0,365.0,0.0,0.0,0.0,0.0,0.0,0.0,0.0,0.0,0.0,0.0,0.0,0.0,0.0,0.0,0.0,0.0,0.0,0.0
mckenzie2003,5.0,5.0,0.06,14.170000076293945,0.0,14.170000076293945,4,7,363.0,2.73,0.0,0.0,0.0,0.0,0.0,0.0,0.0,0.0,0.0,0.0,0.0,0.0,0.0,0.0,0.0,0.0,0.0,0.0,376.80615234375,2.041249990463257,66.4,327.0,138.0,286.0,0.0,0.0,0.0,0.0,0.0,0.0,266.2753601074219,1.4474999904632568,70.7,223.0,97.0,365.0,362.61163330078125,2.728749990463257,65.9,441.0,132.0,286.0,334.94183349609375,2.822499990463257,66.4,306.0,122.0,234.0,0.0,0.0,0.0,0.0,0.0,0.0,38.09841537475586,0.40062499046325684,74.3,25.0,14.0,365.0,0.0,0.0,0.0,0.0,0.0,0.0,0.0,0.0,0.0,0.0,0.0,0.0,0.0,0.0,0.0,0.0,0.0,0.0
mckenzie2003,5.0,5.0,0.08,18.809999465942383,0.0,18.809999465942383,4,7,413.0,3.24,0.0,0.0,0.0,0.0,0.0,0.0,0.0,0.0,0.0,0.0,0.0,0.0,0.0,0.0,0.0,0.0,0.0,0.0,431.51165771484375,2.384999990463257,67.9,400.0,158.0,286.0,0.0,0.0,0.0,0.0,0.0,0.0,318.92938232421875,1.7912499904632568,72.0,282.0,116.0,365.0,413.4871520996094,3.244374990463257,67.4,508.0,151.0,286.0,372.8333435058594,3.275624990463257,67.9,362.0,136.0,238.0,0.0,0.0,0.0,0.0,0.0,0.0,47.67820358276367,0.5099999904632568,75.2,32.0,17.0,365.0,0.0,0.0,0.0,0.0,0.0,0.0,0.0,0.0,0.0,0.0,0.0,0.0,0.0,0.0,0.0,0.0,0.0,0.0
mckenzie2003,5.0,5.0,0.1,23.450000762939453,0.0,23.450000762939453,4,7,427.0,3.34,0.0,0.0,0.0,0.0,0.0,0.0,0.0,0.0,0.0,0.0,0.0,0.0,0.0,0.0,0.0,0.0,0.0,0.0,468.4065246582031,2.681874990463257,69.3,453.0,171.0,286.0,0.0,0.0,0.0,0.0,0.0,0.0,359.2026672363281,2.041249990463257,72.8,333.0,129.0,365.0,427.32958984375,3.338124990463257,68.8,520.0,154.0,286.0,385.10784912109375,3.775624990463257,69.2,400.0,139.0,245.0,0.0,0.0,0.0,0.0,0.0,0.0,56.50357437133789,0.6193749904632568,76.1,39.0,21.0,365.0,0.0,0.0,0.0,0.0,0.0,0.0,0.0,0.0,0.0,0.0,0.0,0.0,0.0,0.0,0.0,0.0,0.0,0.0
mckenzie2003,5.0,5.0,0.12,28.09000015258789,0.0,28.09000015258789,4,7,429.0,3.42,0.0,0.0,0.0,0.0,0.0,0.0,0.0,0.0,0.0,0.0,0.0,0.0,0.0,0.0,0.0,0.0,0.0,0.0,490.65130615234375,2.931874990463257,70.3,469.0,179.0,286.0,0.0,0.0,0.0,0.0,0.0,0.0,389.69732666015625,2.291249990463257,73.7,379.0,58.0,365.0,429.07244873046875,3.416249990463257,70.1,523.0,68.0,286.0,383.80743408203125,4.025625228881836,70.2,409.0,72.0,250.0,0.0,0.0,0.0,0.0,0.0,0.0,64.72026824951172,0.7287499904632568,76.7,45.0,24.0,365.0,0.0,0.0,0.0,0.0,0.0,0.0,0.0,0.0,0.0,0.0,0.0,0.0,0.0,0.0,0.0,0.0,0.0,0.0
mckenzie2003,5.0,5.0,0.15,35.04999923706055,0.0,35.04999923706055,4,7,429.0,3.42,0.0,0.0,0.0,0.0,0.0,0.0,0.0,0.0,0.0,0.0,0.0,0.0,0.0,0.0,0.0,0.0,0.0,0.0,494.00262451171875,2.931874990463257,71.8,475.0,97.0,286.0,0.0,0.0,0.0,0.0,0.0,0.0,421.9949035644531,2.525624990463257,74.5,433.0,56.0,365.0,429.07244873046875,3.416249990463257,71.7,525.0,58.0,286.0,383.80743408203125,4.025625228881836,71.6,411.0,52.0,250.0,0.0,0.0,0.0,0.0,0.0,0.0,75.87004852294922,0.8381249904632568,77.5,54.0,28.0,365.0,0.0,0.0,0.0,0.0,0.0,0.0,0.0,0.0,0.0,0.0,0.0,0.0,0.0,0.0,0.0,0.0,0.0,0.0
mckenzie2003,5.0,5.0,0.2,45.95000076293945,0.0,45.95000076293945,7,6,454.0,2.81,0.0,0.0,0.0,0.0,0.0,0.0,0.0,0.0,0.0,0.0,0.0,0.0,0.0,0.0,0.0,0.0,0.0,0.0,494.00262451171875,2.931874990463257,73.8,475.0,67.0,286.0,0.0,0.0,0.0,0.0,0.0,0.0,454.0583190917969,2.806874990463257,75.5,495.0,56.0,365.0,429.07244873046875,3.416249990463257,73.6,526.0,54.0,286.0,383.80743408203125,4.025625228881836,73.6,415.0,50.0,250.0,0.0,0.0,0.0,0.0,0.0,0.0,91.94744110107422,1.0099999904632568,78.5,67.0,15.0,365.0,0.0,0.0,0.0,0.0,0.0,0.0,0.0,0.0,0.0,0.0,0.0,0.0,0.0,0.0,0.0,0.0,0.0,0.0
mckenzie2003,5.0,5.0,0.3,67.75,0.0,67.75,7,6,472.0,3.01,0.0,0.0,0.0,0.0,0.0,0.0,0.0,0.0,0.0,0.0,0.0,0.0,0.0,0.0,0.0,0.0,0.0,0.0,494.00262451171875,2.931874990463257,76.3,475.0,59.0,286.0,0.0,0.0,0.0,0.0,0.0,0.0,472.4137878417969,3.009999990463257,77.0,513.0,41.0,365.0,429.07244873046875,3.416249990463257,75.9,526.0,41.0,286.0,382.07330322265625,4.025625228881836,76.5,413.0,43.0,267.0,0.0,0.0,0.0,0.0,0.0,0.0,116.73356628417969,1.3224999904632568,79.8,89.0,15.0,365.0,0.0,0.0,0.0,0.0,0.0,0.0,0.0,0.0,0.0,0.0,0.0,0.0,0.0,0.0,0.0,0.0,0.0,0.0
mckenzie2003,5.0,5.0,0.5,67.75,41.400001525878906,109.1500015258789,7,6,472.0,3.01,0.0,0.0,0.0,0.0,0.0,0.0,0.0,0.0,0.0,0.0,0.0,0.0,0.0,0.0,0.0,0.0,0.0,0.0,494.00262451171875,2.931874990463257,77.8,475.0,5.0,286.0,0.0,0.0,0.0,0.0,0.0,0.0,472.4137878417969,3.009999990463257,77.8,513.0,1.0,365.0,429.07244873046875,3.416249990463257,77.2,526.0,6.0,286.0,381.15521240234375,4.025625228881836,77.5,412.0,21.0,276.0,0.0,0.0,0.0,0.0,0.0,0.0,145.46170043945312,1.6818749904632568,79.9,117.0,1.0,365.0,0.0,0.0,0.0,0.0,0.0,0.0,0.0,0.0,0.0,0.0,0.0,0.0,0.0,0.0,0.0,0.0,0.0,0.0
mckenzie2003,5.0,5.0,1.5,67.75,230.8000030517578,298.54998779296875,7,6,472.0,3.01,0.0,0.0,0.0,0.0,0.0,0.0,0.0,0.0,0.0,0.0,0.0,0.0,0.0,0.0,0.0,0.0,0.0,0.0,494.00262451171875,2.931874990463257,78.5,475.0,0.0,286.0,0.0,0.0,0.0,0.0,0.0,0.0,472.4137878417969,3.009999990463257,78.0,513.0,0.0,365.0,429.07244873046875,3.416249990463257,77.4,526.0,0.0,286.0,381.15521240234375,4.025625228881836,77.7,412.0,11.0,276.0,0.0,0.0,0.0,0.0,0.0,0.0,178.69871520996094,2.072499990463257,79.9,155.0,0.0,365.0,0.0,0.0,0.0,0.0,0.0,0.0,0.0,0.0,0.0,0.0,0.0,0.0,0.0,0.0,0.0,0.0,0.0,0.0
mckenzie2003,4.0,4.0,0.01,2.369999885559082,0.0,2.369999885559082,21,10,11.0,0.1,0.0,0.0,0.0,0.0,0.0,0.0,0.0,0.0,0.0,0.0,0.0,0.0,0.0,0.0,0.0,0.0,0.0,0.0,105.6452407836914,0.36937499046325684,63.4,69.0,39.0,286.0,0.0,0.0,0.0,0.0,0.0,0.0,73.73249816894531,0.29124999046325684,63.2,42.0,27.0,365.0,117.4073486328125,0.6193749904632568,62.9,93.0,43.0,286.0,0.0,0.0,0.0,0.0,0.0,0.0,0.0,0.0,0.0,0.0,0.0,0.0,10.797799110412598,0.10374999046325684,69.0,5.0,4.0,365.0,0.0,0.0,0.0,0.0,0.0,0.0,0.0,0.0,0.0,0.0,0.0,0.0,0.0,0.0,0.0,0.0,0.0,0.0
mckenzie2003,4.0,4.0,0.02,4.739999771118164,0.0,4.739999771118164,4,7,194.0,1.17,0.0,0.0,0.0,0.0,0.0,0.0,0.0,0.0,0.0,0.0,0.0,0.0,0.0,0.0,0.0,0.0,0.0,0.0,176.48814392089844,0.7131249904632568,64.2,128.0,64.0,286.0,0.0,0.0,0.0,0.0,0.0,0.0,121.66392517089844,0.5256249904632568,67.7,83.0,44.0,365.0,194.49520874023438,1.1662499904632568,64.7,176.0,71.0,286.0,0.0,0.0,0.0,0.0,0.0,0.0,0.0,0.0,0.0,0.0,0.0,0.0,17.029653549194336,0.16624999046325684,71.5,9.0,6.0,365.0,0.0,0.0,0.0,0.0,0.0,0.0,0.0,0.0,0.0,0.0,0.0,0.0,0.0,0.0,0.0,0.0,0.0,0.0
mckenzie2003,4.0,4.0,0.03,7.110000133514404,0.0,7.110000133514404,4,7,259.0,1.7,0.0,0.0,0.0,0.0,0.0,0.0,0.0,0.0,0.0,0.0,0.0,0.0,0.0,0.0,0.0,0.0,0.0,0.0,242.3588104248047,1.0724999904632568,65.6,185.0,88.0,286.0,0.0,0.0,0.0,0.0,0.0,0.0,166.2323760986328,0.7599999904632568,68.9,122.0,61.0,365.0,259.2998962402344,1.6974999904632568,65.3,253.0,95.0,286.0,0.0,0.0,0.0,0.0,0.0,0.0,0.0,0.0,0.0,0.0,0.0,0.0,23.03081512451172,0.22874999046325684,72.8,14.0,8.0,365.0,0.0,0.0,0.0,0.0,0.0,0.0,0.0,0.0,0.0,0.0,0.0,0.0,0.0,0.0,0.0,0.0,0.0,0.0
mckenzie2003,4.0,4.0,0.04,9.479999542236328,0.0,9.479999542236328,4,7,310.0,2.15,0.0,0.0,0.0,0.0,0.0,0.0,0.0,0.0,0.0,0.0,0.0,0.0,0.0,0.0,0.0,0.0,0.0,0.0,300.7947692871094,1.4474999904632568,66.0,237.0,110.0,286.0,0.0,0.0,0.0,0.0,0.0,0.0,207.03562927246094,1.0099999904632568,69.8,158.0,76.0,365.0,310.1571044921875,2.150624990463257,65.5,326.0,113.0,286.0,0.0,0.0,0.0,0.0,0.0,0.0,0.0,0.0,0.0,0.0,0.0,0.0,28.810592651367188,0.29124999046325684,73.7,18.0,11.0,365.0,0.0,0.0,0.0,0.0,0.0,0.0,0.0,0.0,0.0,0.0,0.0,0.0,0.0,0.0,0.0,0.0,0.0,0.0
mckenzie2003,4.0,4.0,0.05,11.850000381469727,0.0,11.850000381469727,20,8,320.0,2.51,0.0,0.0,0.0,0.0,0.0,0.0,0.0,0.0,0.0,0.0,0.0,0.0,0.0,0.0,0.0,0.0,0.0,0.0,350.55645751953125,1.7756249904632568,66.3,285.0,128.0,286.0,0.0,0.0,0.0,0.0,0.0,0.0,243.871337890625,1.2131249904632568,70.5,193.0,89.0,365.0,348.59051513671875,2.478749990463257,66.0,392.0,127.0,286.0,320.2535705566406,2.509999990463257,66.3,273.0,117.0,236.0,0.0,0.0,0.0,0.0,0.0,0.0,34.33826446533203,0.35374999046325684,74.3,21.0,13.0,365.0,0.0,0.0,0.0,0.0,0.0,0.0,0.0,0.0,0.0,0.0,0.0,0.0,0.0,0.0,0.0,0.0,0.0,0.0
mckenzie2003,4.0,4.0,0.06,14.170000076293945,0.0,14.170000076293945,4,7,379.0,2.81,0.0,0.0,0.0,0.0,0.0,0.0,0.0,0.0,0.0,0.0,0.0,0.0,0.0,0.0,0.0,0.0,0.0,0.0,391.3907470703125,2.072499990463257,66.8,329.0,143.0,286.0,0.0,0.0,0.0,0.0,0.0,0.0,277.00384521484375,1.4318749904632568,71.1,226.0,101.0,365.0,379.0203552246094,2.806874990463257,66.2,447.0,138.0,286.0,351.8355712890625,2.900624990463257,66.8,310.0,128.0,237.0,0.0,0.0,0.0,0.0,0.0,0.0,39.66490936279297,0.40062499046325684,74.8,25.0,14.0,365.0,0.0,0.0,0.0,0.0,0.0,0.0,0.0,0.0,0.0,0.0,0.0,0.0,0.0,0.0,0.0,0.0,0.0,0.0
mckenzie2003,4.0,4.0,0.08,18.809999465942383,0.0,18.809999465942383,4,7,434.0,3.31,0.0,0.0,0.0,0.0,0.0,0.0,0.0,0.0,0.0,0.0,0.0,0.0,0.0,0.0,0.0,0.0,0.0,0.0,448.97509765625,2.431874990463257,67.9,404.0,164.0,286.0,0.0,0.0,0.0,0.0,0.0,0.0,332.22003173828125,1.7912499904632568,71.9,286.0,121.0,365.0,433.9540100097656,3.306874990463257,67.3,517.0,158.0,286.0,391.5602111816406,3.322499990463257,67.8,368.0,143.0,241.0,0.0,0.0,0.0,0.0,0.0,0.0,49.70737075805664,0.5256249904632568,75.7,32.0,18.0,365.0,0.0,0.0,0.0,0.0,0.0,0.0,0.0,0.0,0.0,0.0,0.0,0.0,0.0,0.0,0.0,0.0,0.0,0.0
mckenzie2003,4.0,4.0,0.1,23.450000762939453,0.0,23.450000762939453,4,7,448.0,3.46,0.0,0.0,0.0,0.0,0.0,0.0,0.0,0.0,0.0,0.0,0.0,0.0,0.0,0.0,0.0,0.0,0.0,0.0,487.6188049316406,2.791249990463257,69.1,459.0,178.0,286.0,0.0,0.0,0.0,0.0,0.0,0.0,374.5335388183594,2.134999990463257,72.7,339.0,135.0,365.0,447.5274353027344,3.463124990463257,68.5,530.0,161.0,286.0,405.8285827636719,4.025625228881836,69.1,414.0,147.0,247.0,0.0,0.0,0.0,0.0,0.0,0.0,59.018699645996094,0.6193749904632568,76.3,39.0,22.0,365.0,0.0,0.0,0.0,0.0,0.0,0.0,0.0,0.0,0.0,0.0,0.0,0.0,0.0,0.0,0.0,0.0,0.0,0.0
mckenzie2003,4.0,4.0,0.12,28.09000015258789,0.0,28.09000015258789,4,7,450.0,3.48,0.0,0.0,0.0,0.0,0.0,0.0,0.0,0.0,0.0,0.0,0.0,0.0,0.0,0.0,0.0,0.0,0.0,0.0,512.1451416015625,2.963124990463257,70.1,476.0,187.0,286.0,0.0,0.0,0.0,0.0,0.0,0.0,406.7972717285156,2.353749990463257,73.6,384.0,66.0,365.0,450.16290283203125,3.478749990463257,69.8,534.0,73.0,286.0,405.3748474121094,4.025625228881836,70.2,417.0,79.0,253.0,0.0,0.0,0.0,0.0,0.0,0.0,67.61797332763672,0.7131249904632568,76.9,45.0,25.0,365.0,0.0,0.0,0.0,0.0,0.0,0.0,0.0,0.0,0.0,0.0,0.0,0.0,0.0,0.0,0.0,0.0,0.0,0.0
mckenzie2003,4.0,4.0,0.15,35.04999923706055,0.0,35.04999923706055,4,7,450.0,3.48,0.0,0.0,0.0,0.0,0.0,0.0,0.0,0.0,0.0,0.0,0.0,0.0,0.0,0.0,0.0,0.0,0.0,0.0,515.9949340820312,2.963124990463257,71.5,484.0,105.0,286.0,0.0,0.0,0.0,0.0,0.0,0.0,440.89764404296875,2.556874990463257,74.4,440.0,57.0,365.0,450.16290283203125,3.478749990463257,71.4,536.0,59.0,286.0,405.3748474121094,4.025625228881836,71.5,420.0,53.0,253.0,0.0,0.0,0.0,0.0,0.0,0.0,79.34622955322266,0.8537499904632568,77.7,55.0,29.0,365.0,0.0,0.0,0.0,0.0,0.0,0.0,0.0,0.0,0.0,0.0,0.0,0.0,0.0,0.0,0.0,0.0,0.0,0.0
mckenzie2003,4.0,4.0,0.2,45.95000076293945,0.0,45.95000076293945,7,6,475.0,2.84,0.0,0.0,0.0,0.0,0.0,0.0,0.0,0.0,0.0,0.0,0.0,0.0,0.0,0.0,0.0,0.0,0.0,0.0,515.9949340820312,2.963124990463257,73.7,484.0,68.0,286.0,0.0,0.0,0.0,0.0,0.0,0.0,475.173828125,2.838124990463257,75.4,503.0,57.0,365.0,450.16290283203125,3.478749990463257,73.4,537.0,56.0,286.0,405.3748474121094,4.025625228881836,73.4,424.0,51.0,253.0,0.0,0.0,0.0,0.0,0.0,0.0,96.3292236328125,1.0412499904632568,78.7,68.0,16.0,365.0,0.0,0.0,0.0,0.0,0.0,0.0,0.0,0.0,0.0,0.0,0.0,0.0,0.0,0.0,0.0,0.0,0.0,0.0
mckenzie2003,4.0,4.0,0.3,67.75,0.0,67.75,7,6,494.0,3.06,0.0,0.0,0.0,0.0,0.0,0.0,0.0,0.0,0.0,0.0,0.0,0.0,0.0,0.0,0.0,0.0,0.0,0.0,515.9949340820312,2.963124990463257,76.1,484.0,60.0,286.0,0.0,0.0,0.0,0.0,0.0,0.0,494.43939208984375,3.056874990463257,76.8,525.0,42.0,365.0,450.16290283203125,3.478749990463257,75.7,537.0,42.0,286.0,403.8696594238281,4.025625228881836,76.2,423.0,44.0,267.0,0.0,0.0,0.0,0.0,0.0,0.0,122.58292388916016,1.3068749904632568,80.2,90.0,15.0,365.0,0.0,0.0,0.0,0.0,0.0,0.0,0.0,0.0,0.0,0.0,0.0,0.0,0.0,0.0,0.0,0.0,0.0,0.0
mckenzie2003,4.0,4.0,0.5,67.75,41.400001525878906,109.1500015258789,7,6,496.0,3.1,0.0,0.0,0.0,0.0,0.0,0.0,0.0,0.0,0.0,0.0,0.0,0.0,0.0,0.0,0.0,0.0,0.0,0.0,515.9949340820312,2.963124990463257,77.8,484.0,6.0,286.0,0.0,0.0,0.0,0.0,0.0,0.0,495.54656982421875,3.103749990463257,77.7,525.0,2.0,365.0,450.16290283203125,3.478749990463257,77.0,537.0,8.0,286.0,402.5794982910156,4.025625228881836,77.3,422.0,23.0,279.0,0.0,0.0,0.0,0.0,0.0,0.0,153.13418579101562,1.6662499904632568,80.3,119.0,1.0,365.0,0.0,0.0,0.0,0.0,0.0,0.0,0.0,0.0,0.0,0.0,0.0,0.0,0.0,0.0,0.0,0.0,0.0,0.0
mckenzie2003,4.0,4.0,1.5,67.75,230.8000030517578,298.54998779296875,7,6,496.0,3.1,0.0,0.0,0.0,0.0,0.0,0.0,0.0,0.0,0.0,0.0,0.0,0.0,0.0,0.0,0.0,0.0,0.0,0.0,515.9949340820312,2.963124990463257,78.5,484.0,0.0,286.0,0.0,0.0,0.0,0.0,0.0,0.0,495.54656982421875,3.103749990463257,77.9,525.0,0.0,365.0,450.16290283203125,3.478749990463257,77.2,537.0,0.0,286.0,402.5794982910156,4.025625228881836,77.7,422.0,13.0,279.0,0.0,0.0,0.0,0.0,0.0,0.0,188.4633026123047,2.103749990463257,80.3,158.0,0.0,365.0,0.0,0.0,0.0,0.0,0.0,0.0,0.0,0.0,0.0,0.0,0.0,0.0,0.0,0.0,0.0,0.0,0.0,0.0
mckenzie2003,3.0,3.0,0.01,2.369999885559082,0.0,2.369999885559082,21,10,11.0,0.1,0.0,0.0,0.0,0.0,0.0,0.0,0.0,0.0,0.0,0.0,0.0,0.0,0.0,0.0,0.0,0.0,0.0,0.0,106.21614074707031,0.36937499046325684,63.4,69.0,39.0,286.0,0.0,0.0,0.0,0.0,0.0,0.0,74.4039535522461,0.29124999046325684,63.4,42.0,27.0,365.0,118.58043670654297,0.6037499904632568,63.2,94.0,43.0,286.0,0.0,0.0,0.0,0.0,0.0,0.0,0.0,0.0,0.0,0.0,0.0,0.0,10.900798797607422,0.10374999046325684,69.0,5.0,4.0,365.0,0.0,0.0,0.0,0.0,0.0,0.0,0.0,0.0,0.0,0.0,0.0,0.0,0.0,0.0,0.0,0.0,0.0,0.0
mckenzie2003,3.0,3.0,0.02,4.739999771118164,0.0,4.739999771118164,4,7,197.0,1.17,0.0,0.0,0.0,0.0,0.0,0.0,0.0,0.0,0.0,0.0,0.0,0.0,0.0,0.0,0.0,0.0,0.0,0.0,177.6835174560547,0.7131249904632568,64.6,128.0,65.0,286.0,0.0,0.0,0.0,0.0,0.0,0.0,122.91116333007812,0.5256249904632568,68.1,84.0,45.0,365.0,196.85549926757812,1.1662499904632568,64.9,177.0,72.0,286.0,0.0,0.0,0.0,0.0,0.0,0.0,0.0,0.0,0.0,0.0,0.0,0.0,17.20200538635254,0.16624999046325684,71.8,9.0,6.0,365.0,0.0,0.0,0.0,0.0,0.0,0.0,0.0,0.0,0.0,0.0,0.0,0.0,0.0,0.0,0.0,0.0,0.0,0.0
mckenzie2003,3.0,3.0,0.03,7.110000133514404,0.0,7.110000133514404,4,7,263.0,1.67,0.0,0.0,0.0,0.0,0.0,0.0,0.0,0.0,0.0,0.0,0.0,0.0,0.0,0.0,0.0,0.0,0.0,0.0,244.3688201904297,1.0568749904632568,66.0,185.0,89.0,286.0,0.0,0.0,0.0,0.0,0.0,0.0,168.05238342285156,0.7756249904632568,69.4,122.0,61.0,365.0,262.96905517578125,1.6662499904632568,65.7,255.0,96.0,286.0,0.0,0.0,0.0,0.0,0.0,0.0,0.0,0.0,0.0,0.0,0.0,0.0,23.275066375732422,0.22874999046325684,73.1,14.0,8.0,365.0,0.0,0.0,0.0,0.0,0.0,0.0,0.0,0.0,0.0,0.0,0.0,0.0,0.0,0.0,0.0,0.0,0.0,0.0
mckenzie2003,3.0,3.0,0.04,9.479999542236328,0.0,9.479999542236328,4,7,315.0,2.12,0.0,0.0,0.0,0.0,0.0,0.0,0.0,0.0,0.0,0.0,0.0,0.0,0.0,0.0,0.0,0.0,0.0,0.0,303.7566223144531,1.4318749904632568,66.3,238.0,111.0,286.0,0.0,0.0,0.0,0.0,0.0,0.0,209.3625946044922,0.9943749904632568,70.2,159.0,76.0,365.0,315.1629638671875,2.119374990463257,65.9,327.0,115.0,286.0,0.0,0.0,0.0,0.0,0.0,0.0,0.0,0.0,0.0,0.0,0.0,0.0,29.098581314086914,0.29124999046325684,73.9,18.0,11.0,365.0,0.0,0.0,0.0,0.0,0.0,0.0,0.0,0.0,0.0,0.0,0.0,0.0,0.0,0.0,0.0,0.0,0.0,0.0
mckenzie2003,3.0,3.0,0.05,11.850000381469727,0.0,11.850000381469727,4,7,355.0,2.51,0.0,0.0,0.0,0.0,0.0,0.0,0.0,0.0,0.0,0.0,0.0,0.0,0.0,0.0,0.0,0.0,0.0,0.0,354.6409606933594,1.7912499904632568,66.7,286.0,129.0,286.0,0.0,0.0,0.0,0.0,0.0,0.0,246.84925842285156,1.2131249904632568,70.8,194.0,90.0,365.0,354.64324951171875,2.509999990463257,66.2,394.0,129.0,286.0,324.9700927734375,2.509999990463257,66.7,274.0,119.0,238.0,0.0,0.0,0.0,0.0,0.0,0.0,34.7133674621582,0.35374999046325684,74.5,21.0,13.0,365.0,0.0,0.0,0.0,0.0,0.0,0.0,0.0,0.0,0.0,0.0,0.0,0.0,0.0,0.0,0.0,0.0,0.0,0.0
mckenzie2003,3.0,3.0,0.06,14.170000076293945,0.0,14.170000076293945,4,7,386.0,2.76,0.0,0.0,0.0,0.0,0.0,0.0,0.0,0.0,0.0,0.0,0.0,0.0,0.0,0.0,0.0,0.0,0.0,0.0,396.4996032714844,2.041249990463257,67.1,330.0,145.0,286.0,0.0,0.0,0.0,0.0,0.0,0.0,280.6495666503906,1.4318749904632568,71.2,227.0,102.0,365.0,386.4461364746094,2.759999990463257,66.6,449.0,141.0,286.0,357.5957336425781,2.884999990463257,67.1,312.0,131.0,239.0,0.0,0.0,0.0,0.0,0.0,0.0,40.101112365722656,0.41624999046325684,75.1,25.0,15.0,365.0,0.0,0.0,0.0,0.0,0.0,0.0,0.0,0.0,0.0,0.0,0.0,0.0,0.0,0.0,0.0,0.0,0.0,0.0
mckenzie2003,3.0,3.0,0.08,18.809999465942383,0.0,18.809999465942383,4,7,443.0,3.34,0.0,0.0,0.0,0.0,0.0,0.0,0.0,0.0,0.0,0.0,0.0,0.0,0.0,0.0,0.0,0.0,0.0,0.0,456.22979736328125,2.478749990463257,68.2,406.0,167.0,286.0,0.0,0.0,0.0,0.0,0.0,0.0,337.2183837890625,1.8068749904632568,72.2,287.0,123.0,365.0,442.94207763671875,3.338124990463257,67.7,521.0,162.0,286.0,399.33233642578125,3.338124990463257,68.3,370.0,146.0,243.0,0.0,0.0,0.0,0.0,0.0,0.0,50.293670654296875,0.5099999904632568,76.0,32.0,18.0,365.0,0.0,0.0,0.0,0.0,0.0,0.0,0.0,0.0,0.0,0.0,0.0,0.0,0.0,0.0,0.0,0.0,0.0,0.0
mckenzie2003,3.0,3.0,0.1,23.450000762939453,0.0,23.450000762939453,4,7,459.0,3.51,0.0,0.0,0.0,0.0,0.0,0.0,0.0,0.0,0.0,0.0,0.0,0.0,0.0,0.0,0.0,0.0,0.0,0.0,496.1999206542969,2.759999990463257,69.5,460.0,181.0,286.0,0.0,0.0,0.0,0.0,0.0,0.0,380.7099914550781,2.072499990463257,73.0,340.0,137.0,365.0,458.6474914550781,3.509999990463257,68.8,536.0,165.0,286.0,415.5918884277344,4.025625228881836,69.2,417.0,151.0,249.0,0.0,0.0,0.0,0.0,0.0,0.0,59.708438873291016,0.6193749904632568,76.6,39.0,22.0,365.0,0.0,0.0,0.0,0.0,0.0,0.0,0.0,0.0,0.0,0.0,0.0,0.0,0.0,0.0,0.0,0.0,0.0,0.0
mckenzie2003,3.0,3.0,0.12,28.09000015258789,0.0,28.09000015258789,4,7,462.0,3.51,0.0,0.0,0.0,0.0,0.0,0.0,0.0,0.0,0.0,0.0,0.0,0.0,0.0,0.0,0.0,0.0,0.0,0.0,522.525390625,2.947499990463257,70.3,480.0,191.0,286.0,0.0,0.0,0.0,0.0,0.0,0.0,413.8734130859375,2.338124990463257,73.7,387.0,69.0,365.0,462.1336975097656,3.509999990463257,69.9,540.0,77.0,286.0,416.55230712890625,4.025625228881836,70.2,424.0,83.0,255.0,0.0,0.0,0.0,0.0,0.0,0.0,68.45689392089844,0.6818749904632568,77.2,46.0,25.0,365.0,0.0,0.0,0.0,0.0,0.0,0.0,0.0,0.0,0.0,0.0,0.0,0.0,0.0,0.0,0.0,0.0,0.0,0.0
mckenzie2003,3.0,3.0,0.15,35.04999923706055,0.0,35.04999923706055,7,4,528.0,3.03,0.0,0.0,0.0,0.0,0.0,0.0,0.0,0.0,0.0,0.0,0.0,0.0,0.0,0.0,0.0,0.0,0.0,0.0,527.8110961914062,3.025624990463257,71.6,490.0,109.0,286.0,0.0,0.0,0.0,0.0,0.0,0.0,449.2840881347656,2.603749990463257,74.4,443.0,57.0,365.0,462.1336975097656,3.509999990463257,71.3,542.0,60.0,286.0,416.55230712890625,4.025625228881836,71.8,427.0,54.0,255.0,0.0,0.0,0.0,0.0,0.0,0.0,80.44745635986328,0.8381249904632568,77.8,55.0,29.0,365.0,0.0,0.0,0.0,0.0,0.0,0.0,0.0,0.0,0.0,0.0,0.0,0.0,0.0,0.0,0.0,0.0,0.0,0.0
mckenzie2003,3.0,3.0,0.2,45.95000076293945,0.0,45.95000076293945,7,4,528.0,3.06,0.0,0.0,0.0,0.0,0.0,0.0,0.0,0.0,0.0,0.0,0.0,0.0,0.0,0.0,0.0,0.0,0.0,0.0,528.2144775390625,3.056874990463257,73.7,491.0,70.0,286.0,0.0,0.0,0.0,0.0,0.0,0.0,484.9581604003906,2.853749990463257,75.4,506.0,58.0,365.0,462.1336975097656,3.509999990463257,73.4,543.0,56.0,286.0,416.55230712890625,4.025625228881836,73.3,430.0,52.0,255.0,0.0,0.0,0.0,0.0,0.0,0.0,97.75384521484375,1.0256249904632568,78.8,68.0,17.0,365.0,0.0,0.0,0.0,0.0,0.0,0.0,0.0,0.0,0.0,0.0,0.0,0.0,0.0,0.0,0.0,0.0,0.0,0.0
mckenzie2003,3.0,3.0,0.3,67.75,0.0,67.75,7,4,528.0,3.06,0.0,0.0,0.0,0.0,0.0,0.0,0.0,0.0,0.0,0.0,0.0,0.0,0.0,0.0,0.0,0.0,0.0,0.0,528.2144775390625,3.056874990463257,76.2,491.0,60.0,286.0,0.0,0.0,0.0,0.0,0.0,0.0,506.5627136230469,3.103749990463257,76.7,532.0,42.0,365.0,462.1336975097656,3.509999990463257,75.7,543.0,42.0,286.0,415.09466552734375,4.025625228881836,76.2,429.0,45.0,269.0,0.0,0.0,0.0,0.0,0.0,0.0,124.57261657714844,1.3224999904632568,80.3,91.0,15.0,365.0,0.0,0.0,0.0,0.0,0.0,0.0,0.0,0.0,0.0,0.0,0.0,0.0,0.0,0.0,0.0,0.0,0.0,0.0
mckenzie2003,3.0,3.0,0.5,67.75,41.400001525878906,109.1500015258789,7,4,528.0,3.06,0.0,0.0,0.0,0.0,0.0,0.0,0.0,0.0,0.0,0.0,0.0,0.0,0.0,0.0,0.0,0.0,0.0,0.0,528.2144775390625,3.056874990463257,77.9,491.0,8.0,286.0,0.0,0.0,0.0,0.0,0.0,0.0,508.4710693359375,3.088124990463257,77.5,532.0,2.0,365.0,462.1336975097656,3.509999990463257,77.0,543.0,9.0,286.0,413.79095458984375,4.025625228881836,77.4,428.0,25.0,281.0,0.0,0.0,0.0,0.0,0.0,0.0,155.93458557128906,1.6818749904632568,80.3,120.0,2.0,365.0,0.0,0.0,0.0,0.0,0.0,0.0,0.0,0.0,0.0,0.0,0.0,0.0,0.0,0.0,0.0,0.0,0.0,0.0
mckenzie2003,3.0,3.0,1.5,67.75,230.8000030517578,298.54998779296875,7,4,528.0,3.06,0.0,0.0,0.0,0.0,0.0,0.0,0.0,0.0,0.0,0.0,0.0,0.0,0.0,0.0,0.0,0.0,0.0,0.0,528.2144775390625,3.056874990463257,78.6,491.0,0.0,286.0,0.0,0.0,0.0,0.0,0.0,0.0,508.4710693359375,3.088124990463257,77.9,532.0,0.0,365.0,462.1336975097656,3.509999990463257,77.4,543.0,0.0,286.0,413.79095458984375,4.025625228881836,77.7,428.0,14.0,281.0,0.0,0.0,0.0,0.0,0.0,0.0,192.25796508789062,2.119374990463257,80.3,159.0,0.0,365.0,0.0,0.0,0.0,0.0,0.0,0.0,0.0,0.0,0.0,0.0,0.0,0.0,0.0,0.0,0.0,0.0,0.0,0.0
mckenzie2003,2.7,2.7,0.01,2.369999885559082,0.0,2.369999885559082,4,7,120.0,0.62,0.0,0.0,0.0,0.0,0.0,0.0,0.0,0.0,0.0,0.0,0.0,0.0,0.0,0.0,0.0,0.0,0.0,0.0,107.17401885986328,0.36937499046325684,63.8,69.0,39.0,286.0,0.0,0.0,0.0,0.0,0.0,0.0,75.2275161743164,0.29124999046325684,65.7,43.0,27.0,365.0,120.10800170898438,0.6193749904632568,63.1,94.0,44.0,286.0,0.0,0.0,0.0,0.0,0.0,0.0,0.0,0.0,0.0,0.0,0.0,0.0,11.00618839263916,0.10374999046325684,64.1,5.0,4.0,365.0,0.0,0.0,0.0,0.0,0.0,0.0,0.0,0.0,0.0,0.0,0.0,0.0,0.0,0.0,0.0,0.0,0.0,0.0
mckenzie2003,2.7,2.7,0.02,4.739999771118164,0.0,4.739999771118164,4,7,200.0,1.15,0.0,0.0,0.0,0.0,0.0,0.0,0.0,0.0,0.0,0.0,0.0,0.0,0.0,0.0,0.0,0.0,0.0,0.0,179.55935668945312,0.6974999904632568,65.3,129.0,66.0,286.0,0.0,0.0,0.0,0.0,0.0,0.0,124.3791275024414,0.5256249904632568,68.0,84.0,45.0,365.0,199.5311737060547,1.1506249904632568,64.4,176.0,73.0,286.0,0.0,0.0,0.0,0.0,0.0,0.0,0.0,0.0,0.0,0.0,0.0,0.0,17.388818740844727,0.16624999046325684,69.4,9.0,6.0,365.0,0.0,0.0,0.0,0.0,0.0,0.0,0.0,0.0,0.0,0.0,0.0,0.0,0.0,0.0,0.0,0.0,0.0,0.0
mckenzie2003,2.7,2.7,0.03,7.110000133514404,0.0,7.110000133514404,4,7,267.0,1.7,0.0,0.0,0.0,0.0,0.0,0.0,0.0,0.0,0.0,0.0,0.0,0.0,0.0,0.0,0.0,0.0,0.0,0.0,246.94210815429688,1.0724999904632568,65.8,185.0,90.0,286.0,0.0,0.0,0.0,0.0,0.0,0.0,170.33294677734375,0.7756249904632568,69.2,122.0,62.0,365.0,266.57318115234375,1.6974999904632568,65.7,255.0,97.0,286.0,0.0,0.0,0.0,0.0,0.0,0.0,0.0,0.0,0.0,0.0,0.0,0.0,23.547119140625,0.22874999046325684,73.0,14.0,9.0,365.0,0.0,0.0,0.0,0.0,0.0,0.0,0.0,0.0,0.0,0.0,0.0,0.0,0.0,0.0,0.0,0.0,0.0,0.0
mckenzie2003,2.7,2.7,0.04,9.479999542236328,0.0,9.479999542236328,4,7,319.0,2.2,0.0,0.0,0.0,0.0,0.0,0.0,0.0,0.0,0.0,0.0,0.0,0.0,0.0,0.0,0.0,0.0,0.0,0.0,307.06805419921875,1.4162499904632568,66.3,237.0,112.0,286.0,0.0,0.0,0.0,0.0,0.0,0.0,212.26385498046875,0.9943749904632568,70.2,159.0,77.0,365.0,319.3361511230469,2.197499990463257,65.9,328.0,117.0,286.0,0.0,0.0,0.0,0.0,0.0,0.0,0.0,0.0,0.0,0.0,0.0,0.0,29.44715118408203,0.29124999046325684,73.8,18.0,11.0,365.0,0.0,0.0,0.0,0.0,0.0,0.0,0.0,0.0,0.0,0.0,0.0,0.0,0.0,0.0,0.0,0.0,0.0,0.0
mckenzie2003,2.7,2.7,0.05,11.850000381469727,0.0,11.850000381469727,4,7,359.0,2.53,0.0,0.0,0.0,0.0,0.0,0.0,0.0,0.0,0.0,0.0,0.0,0.0,0.0,0.0,0.0,0.0,0.0,0.0,358.4761962890625,1.7756249904632568,66.7,286.0,131.0,286.0,0.0,0.0,0.0,0.0,0.0,0.0,250.23590087890625,1.2443749904632568,70.7,194.0,91.0,365.0,359.1142578125,2.525624990463257,66.2,394.0,131.0,286.0,329.5668640136719,2.478749990463257,66.7,274.0,120.0,238.0,0.0,0.0,0.0,0.0,0.0,0.0,35.15647506713867,0.35374999046325684,74.5,21.0,13.0,365.0,0.0,0.0,0.0,0.0,0.0,0.0,0.0,0.0,0.0,0.0,0.0,0.0,0.0,0.0,0.0,0.0,0.0,0.0
mckenzie2003,2.7,2.7,0.06,14.170000076293945,0.0,14.170000076293945,4,7,391.0,2.84,0.0,0.0,0.0,0.0,0.0,0.0,0.0,0.0,0.0,0.0,0.0,0.0,0.0,0.0,0.0,0.0,0.0,0.0,400.5528869628906,2.041249990463257,67.1,331.0,146.0,286.0,0.0,0.0,0.0,0.0,0.0,0.0,284.4662170410156,1.4162499904632568,71.3,227.0,104.0,365.0,391.009521484375,2.838124990463257,66.6,450.0,143.0,286.0,361.051025390625,2.916249990463257,67.1,312.0,132.0,238.0,0.0,0.0,0.0,0.0,0.0,0.0,40.617835998535156,0.40062499046325684,75.0,25.0,15.0,365.0,0.0,0.0,0.0,0.0,0.0,0.0,0.0,0.0,0.0,0.0,0.0,0.0,0.0,0.0,0.0,0.0,0.0,0.0
mckenzie2003,2.7,2.7,0.08,18.809999465942383,0.0,18.809999465942383,4,7,447.0,3.34,0.0,0.0,0.0,0.0,0.0,0.0,0.0,0.0,0.0,0.0,0.0,0.0,0.0,0.0,0.0,0.0,0.0,0.0,460.385986328125,2.478749990463257,68.3,407.0,168.0,286.0,0.0,0.0,0.0,0.0,0.0,0.0,341.670654296875,1.8068749904632568,72.2,287.0,125.0,365.0,447.1477355957031,3.338124990463257,67.8,521.0,163.0,286.0,402.7408447265625,3.384999990463257,68.2,371.0,147.0,242.0,0.0,0.0,0.0,0.0,0.0,0.0,50.92863464355469,0.5256249904632568,75.8,32.0,19.0,365.0,0.0,0.0,0.0,0.0,0.0,0.0,0.0,0.0,0.0,0.0,0.0,0.0,0.0,0.0,0.0,0.0,0.0,0.0
mckenzie2003,2.7,2.7,0.1,23.450000762939453,0.0,23.450000762939453,4,7,463.0,3.45,0.0,0.0,0.0,0.0,0.0,0.0,0.0,0.0,0.0,0.0,0.0,0.0,0.0,0.0,0.0,0.0,0.0,0.0,500.26263427734375,2.822499990463257,69.3,461.0,183.0,286.0,0.0,0.0,0.0,0.0,0.0,0.0,385.6032409667969,2.103749990463257,73.1,341.0,138.0,365.0,463.0310974121094,3.447499990463257,68.7,536.0,167.0,286.0,419.1953430175781,4.025625228881836,69.3,417.0,152.0,248.0,0.0,0.0,0.0,0.0,0.0,0.0,60.50830078125,0.6193749904632568,76.6,39.0,22.0,365.0,0.0,0.0,0.0,0.0,0.0,0.0,0.0,0.0,0.0,0.0,0.0,0.0,0.0,0.0,0.0,0.0,0.0,0.0
mckenzie2003,2.7,2.7,0.12,28.09000015258789,0.0,28.09000015258789,4,7,466.0,3.53,0.0,0.0,0.0,0.0,0.0,0.0,0.0,0.0,0.0,0.0,0.0,0.0,0.0,0.0,0.0,0.0,0.0,0.0,526.5822143554688,2.994374990463257,70.3,481.0,192.0,286.0,0.0,0.0,0.0,0.0,0.0,0.0,419.0091857910156,2.369374990463257,73.6,387.0,66.0,365.0,466.01806640625,3.525624990463257,70.0,540.0,76.0,286.0,419.79425048828125,4.025625228881836,70.3,423.0,82.0,254.0,0.0,0.0,0.0,0.0,0.0,0.0,69.38434600830078,0.7131249904632568,77.2,46.0,25.0,365.0,0.0,0.0,0.0,0.0,0.0,0.0,0.0,0.0,0.0,0.0,0.0,0.0,0.0,0.0,0.0,0.0,0.0,0.0
mckenzie2003,2.7,2.7,0.15,35.04999923706055,0.0,35.04999923706055,7,4,531.0,3.06,0.0,0.0,0.0,0.0,0.0,0.0,0.0,0.0,0.0,0.0,0.0,0.0,0.0,0.0,0.0,0.0,0.0,0.0,531.4933471679688,3.056874990463257,71.7,490.0,109.0,286.0,0.0,0.0,0.0,0.0,0.0,0.0,454.4279479980469,2.603749990463257,74.5,443.0,59.0,365.0,466.01806640625,3.525624990463257,71.4,542.0,61.0,286.0,419.79425048828125,4.025625228881836,71.8,426.0,55.0,254.0,0.0,0.0,0.0,0.0,0.0,0.0,81.49960327148438,0.8224999904632568,78.0,55.0,30.0,365.0,0.0,0.0,0.0,0.0,0.0,0.0,0.0,0.0,0.0,0.0,0.0,0.0,0.0,0.0,0.0,0.0,0.0,0.0
mckenzie2003,2.7,2.7,0.2,45.95000076293945,0.0,45.95000076293945,7,4,532.0,3.04,0.0,0.0,0.0,0.0,0.0,0.0,0.0,0.0,0.0,0.0,0.0,0.0,0.0,0.0,0.0,0.0,0.0,0.0,531.728759765625,3.041249990463257,73.7,490.0,70.0,286.0,0.0,0.0,0.0,0.0,0.0,0.0,490.09332275390625,2.853749990463257,75.5,507.0,59.0,365.0,466.01806640625,3.525624990463257,73.5,543.0,57.0,286.0,419.79425048828125,4.025625228881836,73.3,429.0,53.0,254.0,0.0,0.0,0.0,0.0,0.0,0.0,99.04702758789062,1.0412499904632568,78.8,68.0,16.0,365.0,0.0,0.0,0.0,0.0,0.0,0.0,0.0,0.0,0.0,0.0,0.0,0.0,0.0,0.0,0.0,0.0,0.0,0.0
mckenzie2003,2.7,2.7,0.3,67.75,0.0,67.75,7,4,532.0,3.04,0.0,0.0,0.0,0.0,0.0,0.0,0.0,0.0,0.0,0.0,0.0,0.0,0.0,0.0,0.0,0.0,0.0,0.0,531.728759765625,3.041249990463257,76.2,490.0,61.0,286.0,0.0,0.0,0.0,0.0,0.0,0.0,511.4012756347656,3.134999990463257,76.9,532.0,43.0,365.0,466.01806640625,3.525624990463257,75.9,543.0,43.0,286.0,418.42962646484375,4.025625228881836,76.4,429.0,45.0,267.0,0.0,0.0,0.0,0.0,0.0,0.0,126.1889419555664,1.3537499904632568,80.3,91.0,16.0,365.0,0.0,0.0,0.0,0.0,0.0,0.0,0.0,0.0,0.0,0.0,0.0,0.0,0.0,0.0,0.0,0.0,0.0,0.0
mckenzie2003,2.7,2.7,0.5,67.75,41.400001525878906,109.1500015258789,7,4,532.0,3.04,0.0,0.0,0.0,0.0,0.0,0.0,0.0,0.0,0.0,0.0,0.0,0.0,0.0,0.0,0.0,0.0,0.0,0.0,531.728759765625,3.041249990463257,78.0,490.0,8.0,286.0,0.0,0.0,0.0,0.0,0.0,0.0,512.968505859375,3.119374990463257,77.7,532.0,2.0,365.0,466.01806640625,3.525624990463257,77.1,543.0,9.0,286.0,416.99957275390625,4.025625228881836,77.7,427.0,25.0,280.0,0.0,0.0,0.0,0.0,0.0,0.0,157.82835388183594,1.7131249904632568,80.3,120.0,2.0,365.0,0.0,0.0,0.0,0.0,0.0,0.0,0.0,0.0,0.0,0.0,0.0,0.0,0.0,0.0,0.0,0.0,0.0,0.0
mckenzie2003,2.7,2.7,1.5,67.75,230.8000030517578,298.54998779296875,7,4,532.0,3.04,0.0,0.0,0.0,0.0,0.0,0.0,0.0,0.0,0.0,0.0,0.0,0.0,0.0,0.0,0.0,0.0,0.0,0.0,531.728759765625,3.041249990463257,78.6,490.0,0.0,286.0,0.0,0.0,0.0,0.0,0.0,0.0,512.968505859375,3.119374990463257,77.9,532.0,0.0,365.0,466.01806640625,3.525624990463257,77.5,543.0,0.0,286.0,416.99957275390625,4.025625228881836,77.7,427.0,14.0,280.0,0.0,0.0,0.0,0.0,0.0,0.0,194.5906982421875,2.134999990463257,80.4,159.0,0.0,365.0,0.0,0.0,0.0,0.0,0.0,0.0,0.0,0.0,0.0,0.0,0.0,0.0,0.0,0.0,0.0,0.0,0.0,0.0
mckenzie2003,2.5,2.5,0.01,2.369999885559082,0.0,2.369999885559082,21,10,11.0,0.1,0.0,0.0,0.0,0.0,0.0,0.0,0.0,0.0,0.0,0.0,0.0,0.0,0.0,0.0,0.0,0.0,0.0,0.0,106.57674407958984,0.36937499046325684,63.7,69.0,39.0,286.0,0.0,0.0,0.0,0.0,0.0,0.0,75.14726257324219,0.29124999046325684,63.4,42.0,27.0,365.0,119.90985870361328,0.6193749904632568,62.9,93.0,44.0,286.0,0.0,0.0,0.0,0.0,0.0,0.0,0.0,0.0,0.0,0.0,0.0,0.0,10.92026138305664,0.10374999046325684,63.8,5.0,4.0,365.0,0.0,0.0,0.0,0.0,0.0,0.0,0.0,0.0,0.0,0.0,0.0,0.0,0.0,0.0,0.0,0.0,0.0,0.0
mckenzie2003,2.5,2.5,0.02,4.739999771118164,0.0,4.739999771118164,4,7,199.0,1.15,0.0,0.0,0.0,0.0,0.0,0.0,0.0,0.0,0.0,0.0,0.0,0.0,0.0,0.0,0.0,0.0,0.0,0.0,178.53150939941406,0.7131249904632568,65.0,130.0,65.0,286.0,0.0,0.0,0.0,0.0,0.0,0.0,124.24708557128906,0.5412499904632568,67.7,84.0,45.0,365.0,199.17462158203125,1.1506249904632568,64.2,176.0,73.0,286.0,0.0,0.0,0.0,0.0,0.0,0.0,0.0,0.0,0.0,0.0,0.0,0.0,17.25050163269043,0.16624999046325684,71.6,9.0,6.0,365.0,0.0,0.0,0.0,0.0,0.0,0.0,0.0,0.0,0.0,0.0,0.0,0.0,0.0,0.0,0.0,0.0,0.0,0.0
mckenzie2003,2.5,2.5,0.03,7.110000133514404,0.0,7.110000133514404,4,7,266.0,1.7,0.0,0.0,0.0,0.0,0.0,0.0,0.0,0.0,0.0,0.0,0.0,0.0,0.0,0.0,0.0,0.0,0.0,0.0,245.22113037109375,1.0568749904632568,65.8,185.0,90.0,286.0,0.0,0.0,0.0,0.0,0.0,0.0,170.0170440673828,0.7756249904632568,69.0,122.0,62.0,365.0,265.87750244140625,1.6974999904632568,65.5,254.0,97.0,286.0,0.0,0.0,0.0,0.0,0.0,0.0,0.0,0.0,0.0,0.0,0.0,0.0,23.345989227294922,0.22874999046325684,72.8,14.0,9.0,365.0,0.0,0.0,0.0,0.0,0.0,0.0,0.0,0.0,0.0,0.0,0.0,0.0,0.0,0.0,0.0,0.0,0.0,0.0
mckenzie2003,2.5,2.5,0.04,9.479999542236328,0.0,9.479999542236328,4,7,318.0,2.18,0.0,0.0,0.0,0.0,0.0,0.0,0.0,0.0,0.0,0.0,0.0,0.0,0.0,0.0,0.0,0.0,0.0,0.0,304.754638671875,1.4474999904632568,66.0,237.0,111.0,286.0,0.0,0.0,0.0,0.0,0.0,0.0,211.87844848632812,1.0099999904632568,69.9,159.0,77.0,365.0,318.49310302734375,2.181874990463257,65.7,327.0,116.0,286.0,0.0,0.0,0.0,0.0,0.0,0.0,0.0,0.0,0.0,0.0,0.0,0.0,29.21784019470215,0.29124999046325684,73.7,18.0,11.0,365.0,0.0,0.0,0.0,0.0,0.0,0.0,0.0,0.0,0.0,0.0,0.0,0.0,0.0,0.0,0.0,0.0,0.0,0.0
mckenzie2003,2.5,2.5,0.05,11.850000381469727,0.0,11.850000381469727,4,7,358.0,2.54,0.0,0.0,0.0,0.0,0.0,0.0,0.0,0.0,0.0,0.0,0.0,0.0,0.0,0.0,0.0,0.0,0.0,0.0,355.4943542480469,1.7756249904632568,66.5,286.0,130.0,286.0,0.0,0.0,0.0,0.0,0.0,0.0,249.8009490966797,1.2287499904632568,70.4,194.0,91.0,365.0,357.91058349609375,2.541249990463257,66.2,394.0,131.0,286.0,325.7777404785156,2.478749990463257,66.5,274.0,119.0,237.0,0.0,0.0,0.0,0.0,0.0,0.0,34.8582878112793,0.35374999046325684,74.3,21.0,13.0,365.0,0.0,0.0,0.0,0.0,0.0,0.0,0.0,0.0,0.0,0.0,0.0,0.0,0.0,0.0,0.0,0.0,0.0,0.0
mckenzie2003,2.5,2.5,0.06,14.170000076293945,0.0,14.170000076293945,4,7,390.0,2.87,0.0,0.0,0.0,0.0,0.0,0.0,0.0,0.0,0.0,0.0,0.0,0.0,0.0,0.0,0.0,0.0,0.0,0.0,396.9638977050781,2.056874990463257,66.9,330.0,145.0,286.0,0.0,0.0,0.0,0.0,0.0,0.0,283.9013977050781,1.4474999904632568,71.1,227.0,104.0,365.0,389.53497314453125,2.869374990463257,66.5,450.0,142.0,286.0,356.58380126953125,2.900624990463257,66.8,311.0,130.0,237.0,0.0,0.0,0.0,0.0,0.0,0.0,40.23332977294922,0.41624999046325684,74.8,25.0,15.0,365.0,0.0,0.0,0.0,0.0,0.0,0.0,0.0,0.0,0.0,0.0,0.0,0.0,0.0,0.0,0.0,0.0,0.0,0.0
mckenzie2003,2.5,2.5,0.08,18.809999465942383,0.0,18.809999465942383,4,7,445.0,3.39,0.0,0.0,0.0,0.0,0.0,0.0,0.0,0.0,0.0,0.0,0.0,0.0,0.0,0.0,0.0,0.0,0.0,0.0,455.80712890625,2.463124990463257,68.2,406.0,166.0,286.0,0.0,0.0,0.0,0.0,0.0,0.0,340.8467712402344,1.8381249904632568,71.9,287.0,124.0,365.0,445.2757873535156,3.384999990463257,67.5,521.0,163.0,286.0,397.23529052734375,3.322499990463257,68.2,370.0,145.0,241.0,0.0,0.0,0.0,0.0,0.0,0.0,50.42741775512695,0.5099999904632568,75.7,32.0,18.0,365.0,0.0,0.0,0.0,0.0,0.0,0.0,0.0,0.0,0.0,0.0,0.0,0.0,0.0,0.0,0.0,0.0,0.0,0.0
mckenzie2003,2.5,2.5,0.1,23.450000762939453,0.0,23.450000762939453,4,7,460.0,3.51,0.0,0.0,0.0,0.0,0.0,0.0,0.0,0.0,0.0,0.0,0.0,0.0,0.0,0.0,0.0,0.0,0.0,0.0,495.1050720214844,2.759999990463257,69.3,461.0,181.0,286.0,0.0,0.0,0.0,0.0,0.0,0.0,384.4910583496094,2.088124990463257,73.0,340.0,138.0,365.0,460.4991455078125,3.509999990463257,68.8,535.0,166.0,286.0,413.2463073730469,4.025625228881836,69.3,417.0,150.0,247.0,0.0,0.0,0.0,0.0,0.0,0.0,59.91413497924805,0.6193749904632568,76.3,39.0,22.0,365.0,0.0,0.0,0.0,0.0,0.0,0.0,0.0,0.0,0.0,0.0,0.0,0.0,0.0,0.0,0.0,0.0,0.0,0.0
mckenzie2003,2.5,2.5,0.12,28.09000015258789,0.0,28.09000015258789,4,7,463.0,3.53,0.0,0.0,0.0,0.0,0.0,0.0,0.0,0.0,0.0,0.0,0.0,0.0,0.0,0.0,0.0,0.0,0.0,0.0,520.9099731445312,2.947499990463257,70.3,480.0,190.0,286.0,0.0,0.0,0.0,0.0,0.0,0.0,417.64208984375,2.384999990463257,73.5,387.0,66.0,365.0,462.9366760253906,3.525624990463257,69.9,538.0,74.0,286.0,412.87200927734375,4.025625228881836,70.3,420.0,79.0,254.0,0.0,0.0,0.0,0.0,0.0,0.0,68.64010620117188,0.7287499904632568,77.1,46.0,25.0,365.0,0.0,0.0,0.0,0.0,0.0,0.0,0.0,0.0,0.0,0.0,0.0,0.0,0.0,0.0,0.0,0.0,0.0,0.0
mckenzie2003,2.5,2.5,0.15,35.04999923706055,0.0,35.04999923706055,7,4,525.0,3.04,0.0,0.0,0.0,0.0,0.0,0.0,0.0,0.0,0.0,0.0,0.0,0.0,0.0,0.0,0.0,0.0,0.0,0.0,524.7597045898438,3.041249990463257,71.7,488.0,107.0,286.0,0.0,0.0,0.0,0.0,0.0,0.0,452.81787109375,2.588124990463257,74.3,443.0,59.0,365.0,462.9366760253906,3.525624990463257,71.4,540.0,61.0,286.0,412.87200927734375,4.025625228881836,71.8,423.0,54.0,254.0,0.0,0.0,0.0,0.0,0.0,0.0,80.58326721191406,0.8381249904632568,77.8,54.0,29.0,365.0,0.0,0.0,0.0,0.0,0.0,0.0,0.0,0.0,0.0,0.0,0.0,0.0,0.0,0.0,0.0,0.0,0.0,0.0
mckenzie2003,2.5,2.5,0.2,45.95000076293945,0.0,45.95000076293945,7,4,525.0,3.04,0.0,0.0,0.0,0.0,0.0,0.0,0.0,0.0,0.0,0.0,0.0,0.0,0.0,0.0,0.0,0.0,0.0,0.0,524.7597045898438,3.041249990463257,73.8,489.0,69.0,286.0,0.0,0.0,0.0,0.0,0.0,0.0,488.0699157714844,2.884999990463257,75.3,507.0,58.0,365.0,462.9366760253906,3.525624990463257,73.5,542.0,57.0,286.0,412.87200927734375,4.025625228881836,73.4,427.0,52.0,254.0,0.0,0.0,0.0,0.0,0.0,0.0,97.86528015136719,1.0256249904632568,78.9,68.0,16.0,365.0,0.0,0.0,0.0,0.0,0.0,0.0,0.0,0.0,0.0,0.0,0.0,0.0,0.0,0.0,0.0,0.0,0.0,0.0
mckenzie2003,2.5,2.5,0.3,67.75,0.0,67.75,7,4,525.0,3.04,0.0,0.0,0.0,0.0,0.0,0.0,0.0,0.0,0.0,0.0,0.0,0.0,0.0,0.0,0.0,0.0,0.0,0.0,524.7597045898438,3.041249990463257,76.2,489.0,61.0,286.0,0.0,0.0,0.0,0.0,0.0,0.0,509.0763854980469,3.119374990463257,76.8,531.0,43.0,365.0,462.9366760253906,3.525624990463257,75.8,542.0,43.0,286.0,411.56298828125,4.025625228881836,76.2,426.0,45.0,266.0,0.0,0.0,0.0,0.0,0.0,0.0,124.61531829833984,1.3381249904632568,80.3,91.0,16.0,365.0,0.0,0.0,0.0,0.0,0.0,0.0,0.0,0.0,0.0,0.0,0.0,0.0,0.0,0.0,0.0,0.0,0.0,0.0
mckenzie2003,2.5,2.5,0.5,67.75,41.400001525878906,109.1500015258789,7,4,525.0,3.04,0.0,0.0,0.0,0.0,0.0,0.0,0.0,0.0,0.0,0.0,0.0,0.0,0.0,0.0,0.0,0.0,0.0,0.0,524.7597045898438,3.041249990463257,78.0,489.0,8.0,286.0,0.0,0.0,0.0,0.0,0.0,0.0,509.7164001464844,3.134999990463257,77.7,531.0,3.0,365.0,462.9366760253906,3.525624990463257,76.9,542.0,9.0,286.0,410.0357666015625,4.025625228881836,77.4,425.0,24.0,280.0,0.0,0.0,0.0,0.0,0.0,0.0,155.64747619628906,1.6974999904632568,80.3,119.0,2.0,365.0,0.0,0.0,0.0,0.0,0.0,0.0,0.0,0.0,0.0,0.0,0.0,0.0,0.0,0.0,0.0,0.0,0.0,0.0
mckenzie2003,2.5,2.5,1.5,67.75,230.8000030517578,298.54998779296875,7,4,525.0,3.04,0.0,0.0,0.0,0.0,0.0,0.0,0.0,0.0,0.0,0.0,0.0,0.0,0.0,0.0,0.0,0.0,0.0,0.0,524.7597045898438,3.041249990463257,78.6,489.0,0.0,286.0,0.0,0.0,0.0,0.0,0.0,0.0,509.7164001464844,3.134999990463257,78.1,531.0,0.0,365.0,462.9366760253906,3.525624990463257,77.4,542.0,0.0,286.0,410.0357666015625,4.025625228881836,77.7,425.0,13.0,280.0,0.0,0.0,0.0,0.0,0.0,0.0,191.5737762451172,2.134999990463257,80.3,158.0,0.0,365.0,0.0,0.0,0.0,0.0,0.0,0.0,0.0,0.0,0.0,0.0,0.0,0.0,0.0,0.0,0.0,0.0,0.0,0.0
mckenzie2003,2.3,2.3,0.01,2.369999885559082,0.0,2.369999885559082,4,7,120.0,0.6,0.0,0.0,0.0,0.0,0.0,0.0,0.0,0.0,0.0,0.0,0.0,0.0,0.0,0.0,0.0,0.0,0.0,0.0,106.73574829101562,0.36937499046325684,63.2,68.0,39.0,286.0,0.0,0.0,0.0,0.0,0.0,0.0,75.39305877685547,0.29124999046325684,65.5,43.0,28.0,365.0,120.4461898803711,0.6037499904632568,63.3,94.0,44.0,286.0,0.0,0.0,0.0,0.0,0.0,0.0,0.0,0.0,0.0,0.0,0.0,0.0,10.931428909301758,0.10374999046325684,63.9,5.0,4.0,365.0,0.0,0.0,0.0,0.0,0.0,0.0,0.0,0.0,0.0,0.0,0.0,0.0,0.0,0.0,0.0,0.0,0.0,0.0
mckenzie2003,2.3,2.3,0.02,4.739999771118164,0.0,4.739999771118164,4,7,200.0,1.15,0.0,0.0,0.0,0.0,0.0,0.0,0.0,0.0,0.0,0.0,0.0,0.0,0.0,0.0,0.0,0.0,0.0,0.0,178.76109313964844,0.6974999904632568,64.6,128.0,65.0,286.0,0.0,0.0,0.0,0.0,0.0,0.0,124.51559448242188,0.5256249904632568,65.3,83.0,45.0,365.0,200.1796417236328,1.1506249904632568,64.9,178.0,73.0,286.0,0.0,0.0,0.0,0.0,0.0,0.0,0.0,0.0,0.0,0.0,0.0,0.0,17.260967254638672,0.16624999046325684,69.3,9.0,6.0,365.0,0.0,0.0,0.0,0.0,0.0,0.0,0.0,0.0,0.0,0.0,0.0,0.0,0.0,0.0,0.0,0.0,0.0,0.0
mckenzie2003,2.3,2.3,0.03,7.110000133514404,0.0,7.110000133514404,4,7,268.0,1.71,0.0,0.0,0.0,0.0,0.0,0.0,0.0,0.0,0.0,0.0,0.0,0.0,0.0,0.0,0.0,0.0,0.0,0.0,245.8473663330078,1.0412499904632568,65.8,185.0,90.0,286.0,0.0,0.0,0.0,0.0,0.0,0.0,170.33917236328125,0.7599999904632568,69.2,123.0,62.0,365.0,267.64990234375,1.7131249904632568,65.6,255.0,98.0,286.0,0.0,0.0,0.0,0.0,0.0,0.0,0.0,0.0,0.0,0.0,0.0,0.0,23.375431060791016,0.22874999046325684,73.0,14.0,9.0,365.0,0.0,0.0,0.0,0.0,0.0,0.0,0.0,0.0,0.0,0.0,0.0,0.0,0.0,0.0,0.0,0.0,0.0,0.0
mckenzie2003,2.3,2.3,0.04,9.479999542236328,0.0,9.479999542236328,4,7,321.0,2.17,0.0,0.0,0.0,0.0,0.0,0.0,0.0,0.0,0.0,0.0,0.0,0.0,0.0,0.0,0.0,0.0,0.0,0.0,305.99749755859375,1.4318749904632568,66.3,238.0,112.0,286.0,0.0,0.0,0.0,0.0,0.0,0.0,212.3563995361328,0.9943749904632568,70.1,159.0,78.0,365.0,320.93927001953125,2.166249990463257,65.8,329.0,117.0,286.0,0.0,0.0,0.0,0.0,0.0,0.0,0.0,0.0,0.0,0.0,0.0,0.0,29.24895668029785,0.29124999046325684,73.8,18.0,11.0,365.0,0.0,0.0,0.0,0.0,0.0,0.0,0.0,0.0,0.0,0.0,0.0,0.0,0.0,0.0,0.0,0.0,0.0,0.0
mckenzie2003,2.3,2.3,0.05,11.850000381469727,0.0,11.850000381469727,4,7,361.0,2.54,0.0,0.0,0.0,0.0,0.0,0.0,0.0,0.0,0.0,0.0,0.0,0.0,0.0,0.0,0.0,0.0,0.0,0.0,357.446044921875,1.7599999904632568,66.7,286.0,130.0,286.0,0.0,0.0,0.0,0.0,0.0,0.0,250.49484252929688,1.2287499904632568,70.6,194.0,91.0,365.0,361.3447265625,2.541249990463257,66.1,396.0,132.0,286.0,328.08819580078125,2.509999990463257,66.7,275.0,120.0,238.0,0.0,0.0,0.0,0.0,0.0,0.0,34.86056900024414,0.33812499046325684,74.5,21.0,13.0,365.0,0.0,0.0,0.0,0.0,0.0,0.0,0.0,0.0,0.0,0.0,0.0,0.0,0.0,0.0,0.0,0.0,0.0,0.0
mckenzie2003,2.3,2.3,0.06,14.170000076293945,0.0,14.170000076293945,4,7,394.0,2.85,0.0,0.0,0.0,0.0,0.0,0.0,0.0,0.0,0.0,0.0,0.0,0.0,0.0,0.0,0.0,0.0,0.0,0.0,399.85498046875,2.103749990463257,67.0,332.0,146.0,286.0,0.0,0.0,0.0,0.0,0.0,0.0,284.8288269042969,1.4162499904632568,71.2,227.0,104.0,365.0,393.729248046875,2.853749990463257,66.5,453.0,144.0,286.0,359.8020324707031,2.884999990463257,67.1,312.0,131.0,238.0,0.0,0.0,0.0,0.0,0.0,0.0,40.32258605957031,0.40062499046325684,75.0,25.0,15.0,365.0,0.0,0.0,0.0,0.0,0.0,0.0,0.0,0.0,0.0,0.0,0.0,0.0,0.0,0.0,0.0,0.0,0.0,0.0
mckenzie2003,2.3,2.3,0.08,18.809999465942383,0.0,18.809999465942383,4,7,451.0,3.4,0.0,0.0,0.0,0.0,0.0,0.0,0.0,0.0,0.0,0.0,0.0,0.0,0.0,0.0,0.0,0.0,0.0,0.0,460.2782287597656,2.478749990463257,68.2,408.0,168.0,286.0,0.0,0.0,0.0,0.0,0.0,0.0,342.39373779296875,1.8068749904632568,72.2,289.0,125.0,365.0,451.34307861328125,3.400624990463257,67.6,526.0,165.0,286.0,402.2507019042969,3.369374990463257,68.2,372.0,147.0,242.0,0.0,0.0,0.0,0.0,0.0,0.0,50.55716323852539,0.5099999904632568,75.9,32.0,18.0,365.0,0.0,0.0,0.0,0.0,0.0,0.0,0.0,0.0,0.0,0.0,0.0,0.0,0.0,0.0,0.0,0.0,0.0,0.0
mckenzie2003,2.3,2.3,0.1,23.450000762939453,0.0,23.450000762939453,4,7,467.0,3.53,0.0,0.0,0.0,0.0,0.0,0.0,0.0,0.0,0.0,0.0,0.0,0.0,0.0,0.0,0.0,0.0,0.0,0.0,500.61676025390625,2.775624990463257,69.4,464.0,183.0,286.0,0.0,0.0,0.0,0.0,0.0,0.0,386.88525390625,2.103749990463257,73.1,342.0,139.0,365.0,467.1756591796875,3.525624990463257,68.8,539.0,168.0,286.0,419.2977600097656,4.025625228881836,69.3,420.0,152.0,248.0,0.0,0.0,0.0,0.0,0.0,0.0,60.079383850097656,0.6037499904632568,76.5,39.0,22.0,365.0,0.0,0.0,0.0,0.0,0.0,0.0,0.0,0.0,0.0,0.0,0.0,0.0,0.0,0.0,0.0,0.0,0.0,0.0
mckenzie2003,2.3,2.3,0.12,28.09000015258789,0.0,28.09000015258789,4,7,470.0,3.54,0.0,0.0,0.0,0.0,0.0,0.0,0.0,0.0,0.0,0.0,0.0,0.0,0.0,0.0,0.0,0.0,0.0,0.0,527.9209594726562,3.056874990463257,70.3,484.0,193.0,286.0,0.0,0.0,0.0,0.0,0.0,0.0,420.654052734375,2.369374990463257,73.6,389.0,67.0,365.0,469.84771728515625,3.541249990463257,69.8,543.0,75.0,286.0,418.7952575683594,4.025625228881836,70.4,424.0,80.0,255.0,0.0,0.0,0.0,0.0,0.0,0.0,68.8764877319336,0.7131249904632568,77.2,46.0,25.0,365.0,0.0,0.0,0.0,0.0,0.0,0.0,0.0,0.0,0.0,0.0,0.0,0.0,0.0,0.0,0.0,0.0,0.0,0.0
mckenzie2003,2.3,2.3,0.15,35.04999923706055,0.0,35.04999923706055,7,4,532.0,3.03,0.0,0.0,0.0,0.0,0.0,0.0,0.0,0.0,0.0,0.0,0.0,0.0,0.0,0.0,0.0,0.0,0.0,0.0,532.0464477539062,3.025624990463257,71.8,491.0,110.0,286.0,0.0,0.0,0.0,0.0,0.0,0.0,456.5916442871094,2.603749990463257,74.6,446.0,59.0,365.0,469.84771728515625,3.541249990463257,71.5,545.0,62.0,286.0,418.7952575683594,4.025625228881836,71.8,427.0,55.0,255.0,0.0,0.0,0.0,0.0,0.0,0.0,80.9735107421875,0.8381249904632568,77.9,55.0,30.0,365.0,0.0,0.0,0.0,0.0,0.0,0.0,0.0,0.0,0.0,0.0,0.0,0.0,0.0,0.0,0.0,0.0,0.0,0.0
mckenzie2003,2.3,2.3,0.2,45.95000076293945,0.0,45.95000076293945,7,4,532.0,3.03,0.0,0.0,0.0,0.0,0.0,0.0,0.0,0.0,0.0,0.0,0.0,0.0,0.0,0.0,0.0,0.0,0.0,0.0,532.0464477539062,3.025624990463257,73.9,492.0,70.0,286.0,0.0,0.0,0.0,0.0,0.0,0.0,493.0234069824219,2.884999990463257,75.5,511.0,59.0,365.0,469.84771728515625,3.541249990463257,73.6,546.0,58.0,286.0,418.7952575683594,4.025625228881836,73.5,431.0,53.0,255.0,0.0,0.0,0.0,0.0,0.0,0.0,98.37579345703125,1.0099999904632568,78.9,68.0,16.0,365.0,0.0,0.0,0.0,0.0,0.0,0.0,0.0,0.0,0.0,0.0,0.0,0.0,0.0,0.0,0.0,0.0,0.0,0.0
mckenzie2003,2.3,2.3,0.3,67.75,0.0,67.75,7,4,532.0,3.03,0.0,0.0,0.0,0.0,0.0,0.0,0.0,0.0,0.0,0.0,0.0,0.0,0.0,0.0,0.0,0.0,0.0,0.0,532.0464477539062,3.025624990463257,76.2,492.0,61.0,286.0,0.0,0.0,0.0,0.0,0.0,0.0,514.8939819335938,3.150624990463257,76.8,536.0,43.0,365.0,469.84771728515625,3.541249990463257,75.9,546.0,43.0,286.0,417.4327697753906,4.025625228881836,76.2,430.0,45.0,268.0,0.0,0.0,0.0,0.0,0.0,0.0,125.424560546875,1.3224999904632568,80.4,91.0,16.0,365.0,0.0,0.0,0.0,0.0,0.0,0.0,0.0,0.0,0.0,0.0,0.0,0.0,0.0,0.0,0.0,0.0,0.0,0.0
mckenzie2003,2.3,2.3,0.5,67.75,41.400001525878906,109.1500015258789,7,4,532.0,3.03,0.0,0.0,0.0,0.0,0.0,0.0,0.0,0.0,0.0,0.0,0.0,0.0,0.0,0.0,0.0,0.0,0.0,0.0,532.0464477539062,3.025624990463257,78.2,492.0,8.0,286.0,0.0,0.0,0.0,0.0,0.0,0.0,515.9111938476562,3.150624990463257,77.8,536.0,2.0,365.0,469.84771728515625,3.541249990463257,77.1,546.0,9.0,286.0,416.0039367675781,4.025625228881836,77.8,429.0,25.0,281.0,0.0,0.0,0.0,0.0,0.0,0.0,157.00076293945312,1.6818749904632568,80.4,120.0,2.0,365.0,0.0,0.0,0.0,0.0,0.0,0.0,0.0,0.0,0.0,0.0,0.0,0.0,0.0,0.0,0.0,0.0,0.0,0.0
mckenzie2003,2.3,2.3,1.5,67.75,230.8000030517578,298.54998779296875,7,4,532.0,3.03,0.0,0.0,0.0,0.0,0.0,0.0,0.0,0.0,0.0,0.0,0.0,0.0,0.0,0.0,0.0,0.0,0.0,0.0,532.0464477539062,3.025624990463257,78.7,492.0,0.0,286.0,0.0,0.0,0.0,0.0,0.0,0.0,515.9111938476562,3.150624990463257,78.0,536.0,0.0,365.0,469.84771728515625,3.541249990463257,77.4,546.0,0.0,286.0,416.0039367675781,4.025625228881836,77.9,429.0,13.0,281.0,0.0,0.0,0.0,0.0,0.0,0.0,193.66729736328125,2.150624990463257,80.4,159.0,0.0,365.0,0.0,0.0,0.0,0.0,0.0,0.0,0.0,0.0,0.0,0.0,0.0,0.0,0.0,0.0,0.0,0.0,0.0,0.0
mckenzie2003,2.2,2.2,0.01,2.369999885559082,0.0,2.369999885559082,4,7,121.0,0.6,0.0,0.0,0.0,0.0,0.0,0.0,0.0,0.0,0.0,0.0,0.0,0.0,0.0,0.0,0.0,0.0,0.0,0.0,106.58844757080078,0.36937499046325684,63.7,74.0,39.0,286.0,0.0,0.0,0.0,0.0,0.0,0.0,75.69583129882812,0.29124999046325684,65.6,43.0,28.0,365.0,120.90367126464844,0.6037499904632568,63.2,94.0,44.0,286.0,0.0,0.0,0.0,0.0,0.0,0.0,0.0,0.0,0.0,0.0,0.0,0.0,10.920039176940918,0.10374999046325684,64.1,5.0,4.0,365.0,0.0,0.0,0.0,0.0,0.0,0.0,0.0,0.0,0.0,0.0,0.0,0.0,0.0,0.0,0.0,0.0,0.0,0.0
mckenzie2003,2.2,2.2,0.02,4.739999771118164,0.0,4.739999771118164,4,7,201.0,1.17,0.0,0.0,0.0,0.0,0.0,0.0,0.0,0.0,0.0,0.0,0.0,0.0,0.0,0.0,0.0,0.0,0.0,0.0,178.39129638671875,0.6974999904632568,65.3,137.0,65.0,286.0,0.0,0.0,0.0,0.0,0.0,0.0,125.04773712158203,0.5256249904632568,65.4,83.0,46.0,365.0,200.90174865722656,1.1662499904632568,64.4,176.0,73.0,286.0,0.0,0.0,0.0,0.0,0.0,0.0,0.0,0.0,0.0,0.0,0.0,0.0,17.262998580932617,0.16624999046325684,69.4,9.0,6.0,365.0,0.0,0.0,0.0,0.0,0.0,0.0,0.0,0.0,0.0,0.0,0.0,0.0,0.0,0.0,0.0,0.0,0.0,0.0
mckenzie2003,2.2,2.2,0.03,7.110000133514404,0.0,7.110000133514404,4,7,268.0,1.67,0.0,0.0,0.0,0.0,0.0,0.0,0.0,0.0,0.0,0.0,0.0,0.0,0.0,0.0,0.0,0.0,0.0,0.0,245.2950897216797,1.0724999904632568,65.7,194.0,90.0,286.0,0.0,0.0,0.0,0.0,0.0,0.0,170.9834442138672,0.7599999904632568,69.2,123.0,62.0,365.0,268.3734436035156,1.6662499904632568,65.6,255.0,98.0,286.0,0.0,0.0,0.0,0.0,0.0,0.0,0.0,0.0,0.0,0.0,0.0,0.0,23.33551025390625,0.22874999046325684,73.0,14.0,9.0,365.0,0.0,0.0,0.0,0.0,0.0,0.0,0.0,0.0,0.0,0.0,0.0,0.0,0.0,0.0,0.0,0.0,0.0,0.0
mckenzie2003,2.2,2.2,0.04,9.479999542236328,0.0,9.479999542236328,4,7,322.0,2.17,0.0,0.0,0.0,0.0,0.0,0.0,0.0,0.0,0.0,0.0,0.0,0.0,0.0,0.0,0.0,0.0,0.0,0.0,305.0592956542969,1.4162499904632568,66.3,246.0,111.0,286.0,0.0,0.0,0.0,0.0,0.0,0.0,213.11050415039062,0.9943749904632568,70.1,159.0,78.0,365.0,321.6136779785156,2.166249990463257,65.9,329.0,117.0,286.0,0.0,0.0,0.0,0.0,0.0,0.0,0.0,0.0,0.0,0.0,0.0,0.0,29.19552993774414,0.29124999046325684,73.8,18.0,11.0,365.0,0.0,0.0,0.0,0.0,0.0,0.0,0.0,0.0,0.0,0.0,0.0,0.0,0.0,0.0,0.0,0.0,0.0,0.0
mckenzie2003,2.2,2.2,0.05,11.850000381469727,0.0,11.850000381469727,4,7,362.0,2.57,0.0,0.0,0.0,0.0,0.0,0.0,0.0,0.0,0.0,0.0,0.0,0.0,0.0,0.0,0.0,0.0,0.0,0.0,356.0195007324219,1.7599999904632568,66.7,295.0,130.0,286.0,0.0,0.0,0.0,0.0,0.0,0.0,251.27963256835938,1.2287499904632568,70.7,194.0,92.0,365.0,361.77349853515625,2.572499990463257,66.2,396.0,132.0,286.0,326.0667724609375,2.478749990463257,66.7,274.0,119.0,238.0,0.0,0.0,0.0,0.0,0.0,0.0,34.83354568481445,0.35374999046325684,74.5,21.0,13.0,365.0,0.0,0.0,0.0,0.0,0.0,0.0,0.0,0.0,0.0,0.0,0.0,0.0,0.0,0.0,0.0,0.0,0.0,0.0
mckenzie2003,2.2,2.2,0.06,14.170000076293945,0.0,14.170000076293945,4,7,394.0,2.85,0.0,0.0,0.0,0.0,0.0,0.0,0.0,0.0,0.0,0.0,0.0,0.0,0.0,0.0,0.0,0.0,0.0,0.0,397.9422912597656,2.041249990463257,67.0,340.0,145.0,286.0,0.0,0.0,0.0,0.0,0.0,0.0,285.6814880371094,1.4631249904632568,71.0,228.0,104.0,365.0,393.9254455566406,2.853749990463257,66.6,452.0,144.0,286.0,357.09002685546875,2.869374990463257,67.0,311.0,130.0,238.0,0.0,0.0,0.0,0.0,0.0,0.0,40.260047912597656,0.41624999046325684,75.0,25.0,15.0,365.0,0.0,0.0,0.0,0.0,0.0,0.0,0.0,0.0,0.0,0.0,0.0,0.0,0.0,0.0,0.0,0.0,0.0,0.0
mckenzie2003,2.2,2.2,0.08,18.809999465942383,0.0,18.809999465942383,4,7,451.0,3.32,0.0,0.0,0.0,0.0,0.0,0.0,0.0,0.0,0.0,0.0,0.0,0.0,0.0,0.0,0.0,0.0,0.0,0.0,457.5255126953125,2.494374990463257,68.1,416.0,167.0,286.0,0.0,0.0,0.0,0.0,0.0,0.0,343.1506042480469,1.8068749904632568,72.1,289.0,125.0,365.0,450.921142578125,3.322499990463257,67.5,524.0,165.0,286.0,398.8238525390625,3.369374990463257,68.2,371.0,146.0,242.0,0.0,0.0,0.0,0.0,0.0,0.0,50.4307975769043,0.5099999904632568,75.8,32.0,18.0,365.0,0.0,0.0,0.0,0.0,0.0,0.0,0.0,0.0,0.0,0.0,0.0,0.0,0.0,0.0,0.0,0.0,0.0,0.0
mckenzie2003,2.2,2.2,0.1,23.450000762939453,0.0,23.450000762939453,4,7,467.0,3.51,0.0,0.0,0.0,0.0,0.0,0.0,0.0,0.0,0.0,0.0,0.0,0.0,0.0,0.0,0.0,0.0,0.0,0.0,497.0545654296875,2.822499990463257,69.2,471.0,181.0,286.0,0.0,0.0,0.0,0.0,0.0,0.0,387.4142150878906,2.119374990463257,72.9,342.0,139.0,365.0,466.8240661621094,3.509999990463257,68.6,538.0,168.0,286.0,415.26593017578125,4.025625228881836,69.1,418.0,150.0,248.0,0.0,0.0,0.0,0.0,0.0,0.0,59.915626525878906,0.6193749904632568,76.5,39.0,22.0,365.0,0.0,0.0,0.0,0.0,0.0,0.0,0.0,0.0,0.0,0.0,0.0,0.0,0.0,0.0,0.0,0.0,0.0,0.0
mckenzie2003,2.2,2.2,0.12,28.09000015258789,0.0,28.09000015258789,4,7,470.0,3.54,0.0,0.0,0.0,0.0,0.0,0.0,0.0,0.0,0.0,0.0,0.0,0.0,0.0,0.0,0.0,0.0,0.0,0.0,523.5067138671875,2.978749990463257,70.2,491.0,191.0,286.0,0.0,0.0,0.0,0.0,0.0,0.0,420.98291015625,2.369374990463257,73.5,389.0,66.0,365.0,470.07806396484375,3.541249990463257,69.8,542.0,77.0,286.0,414.9509582519531,4.025625228881836,70.2,423.0,82.0,255.0,0.0,0.0,0.0,0.0,0.0,0.0,68.7063980102539,0.6974999904632568,77.2,45.0,25.0,365.0,0.0,0.0,0.0,0.0,0.0,0.0,0.0,0.0,0.0,0.0,0.0,0.0,0.0,0.0,0.0,0.0,0.0,0.0
mckenzie2003,2.2,2.2,0.15,35.04999923706055,0.0,35.04999923706055,7,4,528.0,3.04,0.0,0.0,0.0,0.0,0.0,0.0,0.0,0.0,0.0,0.0,0.0,0.0,0.0,0.0,0.0,0.0,0.0,0.0,528.3707885742188,3.041249990463257,71.6,500.0,110.0,286.0,0.0,0.0,0.0,0.0,0.0,0.0,456.6199951171875,2.572499990463257,74.4,445.0,59.0,365.0,470.07806396484375,3.541249990463257,71.5,545.0,62.0,286.0,414.9509582519531,4.025625228881836,71.4,426.0,54.0,255.0,0.0,0.0,0.0,0.0,0.0,0.0,80.70743560791016,0.8224999904632568,77.9,54.0,29.0,365.0,0.0,0.0,0.0,0.0,0.0,0.0,0.0,0.0,0.0,0.0,0.0,0.0,0.0,0.0,0.0,0.0,0.0,0.0
mckenzie2003,2.2,2.2,0.2,45.95000076293945,0.0,45.95000076293945,7,4,528.0,3.04,0.0,0.0,0.0,0.0,0.0,0.0,0.0,0.0,0.0,0.0,0.0,0.0,0.0,0.0,0.0,0.0,0.0,0.0,528.3707885742188,3.041249990463257,73.5,501.0,69.0,286.0,0.0,0.0,0.0,0.0,0.0,0.0,492.7205810546875,2.916249990463257,75.2,510.0,59.0,365.0,470.07806396484375,3.541249990463257,73.2,546.0,58.0,286.0,414.9509582519531,4.025625228881836,73.3,429.0,52.0,255.0,0.0,0.0,0.0,0.0,0.0,0.0,98.05416870117188,1.0099999904632568,78.8,68.0,16.0,365.0,0.0,0.0,0.0,0.0,0.0,0.0,0.0,0.0,0.0,0.0,0.0,0.0,0.0,0.0,0.0,0.0,0.0,0.0
mckenzie2003,2.2,2.2,0.3,67.75,0.0,67.75,7,4,528.0,3.04,0.0,0.0,0.0,0.0,0.0,0.0,0.0,0.0,0.0,0.0,0.0,0.0,0.0,0.0,0.0,0.0,0.0,0.0,528.3707885742188,3.041249990463257,76.1,501.0,61.0,286.0,0.0,0.0,0.0,0.0,0.0,0.0,514.5938110351562,3.103749990463257,76.7,535.0,43.0,365.0,470.07806396484375,3.541249990463257,75.7,546.0,43.0,286.0,413.6791076660156,4.025625228881836,76.2,429.0,45.0,267.0,0.0,0.0,0.0,0.0,0.0,0.0,124.8907699584961,1.3381249904632568,80.3,91.0,15.0,365.0,0.0,0.0,0.0,0.0,0.0,0.0,0.0,0.0,0.0,0.0,0.0,0.0,0.0,0.0,0.0,0.0,0.0,0.0
mckenzie2003,2.2,2.2,0.5,67.75,41.400001525878906,109.1500015258789,7,4,528.0,3.04,0.0,0.0,0.0,0.0,0.0,0.0,0.0,0.0,0.0,0.0,0.0,0.0,0.0,0.0,0.0,0.0,0.0,0.0,528.3707885742188,3.041249990463257,77.9,501.0,8.0,286.0,0.0,0.0,0.0,0.0,0.0,0.0,516.1062622070312,3.134999990463257,77.7,535.0,3.0,365.0,470.07806396484375,3.541249990463257,76.9,546.0,9.0,286.0,412.1169128417969,4.025625228881836,77.6,427.0,25.0,281.0,0.0,0.0,0.0,0.0,0.0,0.0,156.19036865234375,1.6818749904632568,80.3,120.0,2.0,365.0,0.0,0.0,0.0,0.0,0.0,0.0,0.0,0.0,0.0,0.0,0.0,0.0,0.0,0.0,0.0,0.0,0.0,0.0
mckenzie2003,2.2,2.2,1.5,67.75,230.8000030517578,298.54998779296875,7,4,528.0,3.04,0.0,0.0,0.0,0.0,0.0,0.0,0.0,0.0,0.0,0.0,0.0,0.0,0.0,0.0,0.0,0.0,0.0,0.0,528.3707885742188,3.041249990463257,78.6,501.0,0.0,286.0,0.0,0.0,0.0,0.0,0.0,0.0,516.1062622070312,3.134999990463257,77.8,535.0,0.0,365.0,470.07806396484375,3.541249990463257,77.3,546.0,0.0,286.0,412.1169128417969,4.025625228881836,77.8,427.0,14.0,281.0,0.0,0.0,0.0,0.0,0.0,0.0,192.43955993652344,2.134999990463257,80.3,159.0,0.0,365.0,0.0,0.0,0.0,0.0,0.0,0.0,0.0,0.0,0.0,0.0,0.0,0.0,0.0,0.0,0.0,0.0,0.0,0.0
mckenzie2003,2.0,2.0,0.01,2.369999885559082,0.0,2.369999885559082,4,7,121.0,0.62,0.0,0.0,0.0,0.0,0.0,0.0,0.0,0.0,0.0,0.0,0.0,0.0,0.0,0.0,0.0,0.0,0.0,0.0,106.72456359863281,0.36937499046325684,63.7,69.0,39.0,286.0,0.0,0.0,0.0,0.0,0.0,0.0,75.69337463378906,0.29124999046325684,65.5,43.0,28.0,365.0,121.05684661865234,0.6193749904632568,63.1,93.0,44.0,286.0,0.0,0.0,0.0,0.0,0.0,0.0,0.0,0.0,0.0,0.0,0.0,0.0,10.92337703704834,0.10374999046325684,64.0,5.0,4.0,365.0,0.0,0.0,0.0,0.0,0.0,0.0,0.0,0.0,0.0,0.0,0.0,0.0,0.0,0.0,0.0,0.0,0.0,0.0
mckenzie2003,2.0,2.0,0.02,4.739999771118164,0.0,4.739999771118164,4,7,201.0,1.15,0.0,0.0,0.0,0.0,0.0,0.0,0.0,0.0,0.0,0.0,0.0,0.0,0.0,0.0,0.0,0.0,0.0,0.0,178.78451538085938,0.6974999904632568,65.2,130.0,65.0,286.0,0.0,0.0,0.0,0.0,0.0,0.0,125.2907943725586,0.5256249904632568,65.4,83.0,46.0,365.0,201.23095703125,1.1506249904632568,64.3,176.0,73.0,286.0,0.0,0.0,0.0,0.0,0.0,0.0,0.0,0.0,0.0,0.0,0.0,0.0,17.279531478881836,0.16624999046325684,69.3,9.0,6.0,365.0,0.0,0.0,0.0,0.0,0.0,0.0,0.0,0.0,0.0,0.0,0.0,0.0,0.0,0.0,0.0,0.0,0.0,0.0
mckenzie2003,2.0,2.0,0.03,7.110000133514404,0.0,7.110000133514404,4,7,269.0,1.7,0.0,0.0,0.0,0.0,0.0,0.0,0.0,0.0,0.0,0.0,0.0,0.0,0.0,0.0,0.0,0.0,0.0,0.0,245.8347930908203,1.0724999904632568,65.8,185.0,90.0,286.0,0.0,0.0,0.0,0.0,0.0,0.0,171.31661987304688,0.7599999904632568,69.2,123.0,63.0,365.0,269.0249328613281,1.6974999904632568,65.7,255.0,98.0,286.0,0.0,0.0,0.0,0.0,0.0,0.0,0.0,0.0,0.0,0.0,0.0,0.0,23.378562927246094,0.22874999046325684,73.1,13.0,9.0,365.0,0.0,0.0,0.0,0.0,0.0,0.0,0.0,0.0,0.0,0.0,0.0,0.0,0.0,0.0,0.0,0.0,0.0,0.0
mckenzie2003,2.0,2.0,0.04,9.479999542236328,0.0,9.479999542236328,4,7,322.0,2.17,0.0,0.0,0.0,0.0,0.0,0.0,0.0,0.0,0.0,0.0,0.0,0.0,0.0,0.0,0.0,0.0,0.0,0.0,305.7839050292969,1.4162499904632568,66.2,237.0,112.0,286.0,0.0,0.0,0.0,0.0,0.0,0.0,213.60235595703125,0.9787499904632568,70.0,159.0,78.0,365.0,322.4018249511719,2.166249990463257,65.8,328.0,118.0,286.0,0.0,0.0,0.0,0.0,0.0,0.0,0.0,0.0,0.0,0.0,0.0,0.0,29.253408432006836,0.29124999046325684,73.8,17.0,11.0,365.0,0.0,0.0,0.0,0.0,0.0,0.0,0.0,0.0,0.0,0.0,0.0,0.0,0.0,0.0,0.0,0.0,0.0,0.0
mckenzie2003,2.0,2.0,0.05,11.850000381469727,0.0,11.850000381469727,4,7,363.0,2.56,0.0,0.0,0.0,0.0,0.0,0.0,0.0,0.0,0.0,0.0,0.0,0.0,0.0,0.0,0.0,0.0,0.0,0.0,356.8311462402344,1.7599999904632568,66.7,286.0,130.0,286.0,0.0,0.0,0.0,0.0,0.0,0.0,251.83522033691406,1.2287499904632568,70.7,194.0,92.0,365.0,362.74029541015625,2.556874990463257,66.2,396.0,132.0,286.0,325.12884521484375,2.447499990463257,66.7,272.0,119.0,237.0,0.0,0.0,0.0,0.0,0.0,0.0,34.883888244628906,0.33812499046325684,74.5,21.0,13.0,365.0,0.0,0.0,0.0,0.0,0.0,0.0,0.0,0.0,0.0,0.0,0.0,0.0,0.0,0.0,0.0,0.0,0.0,0.0
mckenzie2003,2.0,2.0,0.06,14.170000076293945,0.0,14.170000076293945,4,7,395.0,2.85,0.0,0.0,0.0,0.0,0.0,0.0,0.0,0.0,0.0,0.0,0.0,0.0,0.0,0.0,0.0,0.0,0.0,0.0,398.8370056152344,2.025624990463257,67.1,330.0,146.0,286.0,0.0,0.0,0.0,0.0,0.0,0.0,286.28955078125,1.4162499904632568,71.2,227.0,104.0,365.0,394.939453125,2.853749990463257,66.6,452.0,144.0,286.0,357.5726318359375,2.900624990463257,67.0,311.0,131.0,238.0,0.0,0.0,0.0,0.0,0.0,0.0,40.31239318847656,0.41624999046325684,75.0,25.0,15.0,365.0,0.0,0.0,0.0,0.0,0.0,0.0,0.0,0.0,0.0,0.0,0.0,0.0,0.0,0.0,0.0,0.0,0.0,0.0
mckenzie2003,2.0,2.0,0.08,18.809999465942383,0.0,18.809999465942383,4,7,452.0,3.37,0.0,0.0,0.0,0.0,0.0,0.0,0.0,0.0,0.0,0.0,0.0,0.0,0.0,0.0,0.0,0.0,0.0,0.0,458.19171142578125,2.447499990463257,68.2,406.0,167.0,286.0,0.0,0.0,0.0,0.0,0.0,0.0,343.94171142578125,1.8381249904632568,72.1,289.0,126.0,365.0,452.2173767089844,3.369374990463257,67.6,524.0,165.0,286.0,399.29010009765625,3.338124990463257,68.2,370.0,146.0,242.0,0.0,0.0,0.0,0.0,0.0,0.0,50.55983352661133,0.5099999904632568,75.8,32.0,18.0,365.0,0.0,0.0,0.0,0.0,0.0,0.0,0.0,0.0,0.0,0.0,0.0,0.0,0.0,0.0,0.0,0.0,0.0,0.0
mckenzie2003,2.0,2.0,0.1,23.450000762939453,0.0,23.450000762939453,4,7,467.0,3.46,0.0,0.0,0.0,0.0,0.0,0.0,0.0,0.0,0.0,0.0,0.0,0.0,0.0,0.0,0.0,0.0,0.0,0.0,497.89361572265625,2.775624990463257,69.3,461.0,182.0,286.0,0.0,0.0,0.0,0.0,0.0,0.0,388.34503173828125,2.119374990463257,72.9,342.0,139.0,365.0,467.4450378417969,3.463124990463257,68.8,537.0,168.0,286.0,415.7492980957031,4.025625228881836,69.2,418.0,151.0,248.0,0.0,0.0,0.0,0.0,0.0,0.0,60.05027770996094,0.6037499904632568,76.4,39.0,22.0,365.0,0.0,0.0,0.0,0.0,0.0,0.0,0.0,0.0,0.0,0.0,0.0,0.0,0.0,0.0,0.0,0.0,0.0,0.0
mckenzie2003,2.0,2.0,0.12,28.09000015258789,0.0,28.09000015258789,4,7,471.0,3.54,0.0,0.0,0.0,0.0,0.0,0.0,0.0,0.0,0.0,0.0,0.0,0.0,0.0,0.0,0.0,0.0,0.0,0.0,524.4594116210938,2.994374990463257,70.2,481.0,191.0,286.0,0.0,0.0,0.0,0.0,0.0,0.0,421.9574890136719,2.353749990463257,73.6,388.0,67.0,365.0,470.525390625,3.541249990463257,69.8,542.0,76.0,286.0,415.2400817871094,4.025625228881836,70.2,422.0,80.0,255.0,0.0,0.0,0.0,0.0,0.0,0.0,68.87396240234375,0.7131249904632568,77.2,45.0,25.0,365.0,0.0,0.0,0.0,0.0,0.0,0.0,0.0,0.0,0.0,0.0,0.0,0.0,0.0,0.0,0.0,0.0,0.0,0.0
mckenzie2003,2.0,2.0,0.15,35.04999923706055,0.0,35.04999923706055,7,4,528.0,3.03,0.0,0.0,0.0,0.0,0.0,0.0,0.0,0.0,0.0,0.0,0.0,0.0,0.0,0.0,0.0,0.0,0.0,0.0,528.4444580078125,3.025624990463257,71.7,490.0,108.0,286.0,0.0,0.0,0.0,0.0,0.0,0.0,457.66546630859375,2.619374990463257,74.4,445.0,59.0,365.0,470.525390625,3.541249990463257,71.5,544.0,62.0,286.0,415.2400817871094,4.025625228881836,71.6,425.0,54.0,255.0,0.0,0.0,0.0,0.0,0.0,0.0,80.87281799316406,0.8537499904632568,77.8,54.0,30.0,365.0,0.0,0.0,0.0,0.0,0.0,0.0,0.0,0.0,0.0,0.0,0.0,0.0,0.0,0.0,0.0,0.0,0.0,0.0
mckenzie2003,2.0,2.0,0.2,45.95000076293945,0.0,45.95000076293945,7,4,529.0,3.06,0.0,0.0,0.0,0.0,0.0,0.0,0.0,0.0,0.0,0.0,0.0,0.0,0.0,0.0,0.0,0.0,0.0,0.0,528.75048828125,3.056874990463257,73.7,491.0,69.0,286.0,0.0,0.0,0.0,0.0,0.0,0.0,493.75347900390625,2.916249990463257,75.2,510.0,59.0,365.0,470.525390625,3.541249990463257,73.3,546.0,58.0,286.0,415.2400817871094,4.025625228881836,73.3,429.0,52.0,255.0,0.0,0.0,0.0,0.0,0.0,0.0,98.24938201904297,1.0099999904632568,78.8,68.0,17.0,365.0,0.0,0.0,0.0,0.0,0.0,0.0,0.0,0.0,0.0,0.0,0.0,0.0,0.0,0.0,0.0,0.0,0.0,0.0
mckenzie2003,2.0,2.0,0.3,67.75,0.0,67.75,7,4,529.0,3.06,0.0,0.0,0.0,0.0,0.0,0.0,0.0,0.0,0.0,0.0,0.0,0.0,0.0,0.0,0.0,0.0,0.0,0.0,528.75048828125,3.056874990463257,76.2,491.0,61.0,286.0,0.0,0.0,0.0,0.0,0.0,0.0,515.1026611328125,3.103749990463257,76.8,534.0,43.0,365.0,470.525390625,3.541249990463257,75.7,546.0,44.0,286.0,413.9663391113281,4.025625228881836,76.2,428.0,45.0,267.0,0.0,0.0,0.0,0.0,0.0,0.0,125.14742279052734,1.3224999904632568,80.3,90.0,15.0,365.0,0.0,0.0,0.0,0.0,0.0,0.0,0.0,0.0,0.0,0.0,0.0,0.0,0.0,0.0,0.0,0.0,0.0,0.0
mckenzie2003,2.0,2.0,0.5,67.75,41.400001525878906,109.1500015258789,7,4,529.0,3.06,0.0,0.0,0.0,0.0,0.0,0.0,0.0,0.0,0.0,0.0,0.0,0.0,0.0,0.0,0.0,0.0,0.0,0.0,528.75048828125,3.056874990463257,77.9,491.0,8.0,286.0,0.0,0.0,0.0,0.0,0.0,0.0,516.585693359375,3.119374990463257,77.8,534.0,3.0,365.0,470.525390625,3.541249990463257,77.0,546.0,9.0,286.0,412.4012145996094,4.025625228881836,77.6,427.0,25.0,281.0,0.0,0.0,0.0,0.0,0.0,0.0,156.44752502441406,1.7131249904632568,80.3,120.0,2.0,365.0,0.0,0.0,0.0,0.0,0.0,0.0,0.0,0.0,0.0,0.0,0.0,0.0,0.0,0.0,0.0,0.0,0.0,0.0
mckenzie2003,2.0,2.0,1.5,67.75,230.8000030517578,298.54998779296875,7,4,529.0,3.06,0.0,0.0,0.0,0.0,0.0,0.0,0.0,0.0,0.0,0.0,0.0,0.0,0.0,0.0,0.0,0.0,0.0,0.0,528.75048828125,3.056874990463257,78.7,491.0,0.0,286.0,0.0,0.0,0.0,0.0,0.0,0.0,516.585693359375,3.119374990463257,77.9,534.0,0.0,365.0,470.525390625,3.541249990463257,77.3,546.0,0.0,286.0,412.4012145996094,4.025625228881836,77.8,427.0,14.0,281.0,0.0,0.0,0.0,0.0,0.0,0.0,192.77781677246094,2.103749990463257,80.3,158.0,0.0,365.0,0.0,0.0,0.0,0.0,0.0,0.0,0.0,0.0,0.0,0.0,0.0,0.0,0.0,0.0,0.0,0.0,0.0,0.0
