mode,source_csv,resolution_m,ka_bp,n_cells,area_m2,mean_elevation_m,sd_elevation_m,elevation_m_mean_sd,min_elevation_m,max_elevation_m,mean_soil_depth_m,sd_soil_depth_m,soil_depth_m_mean_sd,min_soil_depth_m,max_soil_depth_m,mean_slope,sd_slope,slope_mean_sd,min_slope,max_slope,mean_npp,sd_npp,npp_mean_sd,min_npp,max_npp,mean_eemt,sd_eemt,eemt_mean_sd,min_eemt,max_eemt,relief_m,dominant_vegetation_code,vegetation_class_richness,vegetation_min_code,vegetation_max_code,vegetation_class_counts,vegetation_nonvegetated_cell_count,vegetation_unclassified_cell_count,vegetation_unclassified_fraction,case,geomorph_dynamic,biome4_variant,jules_lai_ndt_agb_mean_kg_m2,jules_lai_ndt_agb_median_kg_m2,jules_lai_ndt_agb_p05_kg_m2,jules_lai_ndt_agb_p95_kg_m2,jules_lai_ndt_agb_max_kg_m2,legacy_0010_agb_mean_kg_m2,legacy_0010_agb_median_kg_m2,legacy_0010_agb_p95_kg_m2,pft_ibis_to_legacy_ratio_mean,pft_ibis_to_legacy_ratio_median,pft_ibis_pft00_count,pft_ibis_pft00_agb_sum_kg_m2_cells,pft_ibis_pft04_count,pft_ibis_pft04_agb_sum_kg_m2_cells,pft_ibis_pft05_count,pft_ibis_pft05_agb_sum_kg_m2_cells,pft_ibis_pft06_count,pft_ibis_pft06_agb_sum_kg_m2_cells,pft_ibis_pft07_count,pft_ibis_pft07_agb_sum_kg_m2_cells,pft_ibis_pft10_count,pft_ibis_pft10_agb_sum_kg_m2_cells,geomorph_accepted_substeps_to_next,geomorph_rejected_substeps_to_next,geomorph_rejected_fluvial_trials_to_next,geomorph_min_dt_kyr_to_next,geomorph_max_dt_kyr_to_next,geomorph_fluvial_tolerance_m,geomorph_max_accepted_fluvial_change_m_to_next
static,model_static/summary_timeseries.csv,20,21.0,298,119200.0,1163.0774822875155,14.20121742195375,1163 ± 14.2,1136.41357421875,1211.7552490234375,1.940387676626244,0.0022496970965876,1.94 ± 0.00225,1.940000057220459,1.9574874639511108,0.3721090606572333,0.227557946985991,0.3721 ± 0.2276,0.0274833136904463,1.5032500055566438,270.0,0.0,270 ± 0,270.0,270.0,54.4341240953279,0.0033940222320541,54.43 ± 0.003394,54.42782974243164,54.43901824951172,75.3416748046875,0,1,0,0,0:298,0,0,0.0,model_static,False,mckenzie2003,4.855458160374789,4.832254886627197,4.832254886627197,4.895684719085693,4.895684719085693,2.7,2.7,2.7,1.798317837175847,1.789724032084147,0,0.0,0,0.0,0,0.0,298,1446.926531791687,0,0.0,0,0.0,,,,,,,
static,model_static/summary_timeseries.csv,20,20.9,298,119200.0,1163.0774822875155,14.20121742195375,1163 ± 14.2,1136.41357421875,1211.7552490234375,1.940387676626244,0.0022496970965876,1.94 ± 0.00225,1.940000057220459,1.9574874639511108,0.3721090606572333,0.227557946985991,0.3721 ± 0.2276,0.0274833136904463,1.5032500055566438,284.0,0.0,284 ± 0,284.0,284.0,54.69596354593367,0.0016147713757334,54.7 ± 0.001615,54.69206619262695,54.69884490966797,75.3416748046875,0,1,0,0,0:298,0,0,0.0,model_static,False,mckenzie2003,5.087467049592293,5.087899208068848,5.087899208068848,5.087899208068848,5.087899208068848,2.84,2.84,2.84,1.7913616371803849,1.791513805658045,0,0.0,0,0.0,0,0.0,298,1516.0651807785034,0,0.0,0,0.0,,,,,,,
static,model_static/summary_timeseries.csv,20,20.8,298,119200.0,1163.0774822875155,14.20121742195375,1163 ± 14.2,1136.41357421875,1211.7552490234375,1.940387676626244,0.0022496970965876,1.94 ± 0.00225,1.940000057220459,1.9574874639511108,0.3721090606572333,0.227557946985991,0.3721 ± 0.2276,0.0274833136904463,1.5032500055566438,285.8489932885906,0.3580554210156793,285.8 ± 0.3581,285.0,286.0,54.80182807717547,0.0186462158953981,54.8 ± 0.01865,54.7552375793457,54.8132438659668,75.3416748046875,0,1,0,0,0:298,0,0,0.0,model_static,False,mckenzie2003,5.020889907875317,4.991431713104248,4.991431713104248,5.087899208068848,5.087899208068848,2.858489932885906,2.86,2.86,1.7564985040753995,1.745255843742744,0,0.0,0,0.0,0,0.0,298,1496.2251925468445,0,0.0,0,0.0,,,,,,,
static,model_static/summary_timeseries.csv,20,20.7,298,119200.0,1163.0774822875155,14.20121742195375,1163 ± 14.2,1136.41357421875,1211.7552490234375,1.940387676626244,0.0022496970965876,1.94 ± 0.00225,1.940000057220459,1.9574874639511108,0.3721090606572333,0.227557946985991,0.3721 ± 0.2276,0.0274833136904463,1.5032500055566438,282.3288590604027,0.4697986577181208,282.3 ± 0.4698,282.0,283.0,55.82393170043126,0.0204174134320504,55.82 ± 0.02042,55.8046760559082,55.85511016845703,75.3416748046875,0,1,0,0,0:298,0,0,0.0,model_static,False,mckenzie2003,5.0389689311085135,5.023507595062256,4.991431713104248,5.087899208068848,5.087899208068848,2.823288590604027,2.82,2.83,1.7847750779409814,1.7813856720078922,0,0.0,0,0.0,0,0.0,298,1501.612741470337,0,0.0,0,0.0,,,,,,,
static,model_static/summary_timeseries.csv,20,20.6,298,119200.0,1163.0774822875155,14.20121742195375,1163 ± 14.2,1136.41357421875,1211.7552490234375,1.940387676626244,0.0022496970965876,1.94 ± 0.00225,1.940000057220459,1.9574874639511108,0.3721090606572333,0.227557946985991,0.3721 ± 0.2276,0.0274833136904463,1.5032500055566438,285.0,0.0,285 ± 0,285.0,285.0,55.60274312320172,0.0013309327213762,55.6 ± 0.001331,55.59366226196289,55.604713439941406,75.3416748046875,0,1,0,0,0:298,0,0,0.0,model_static,False,mckenzie2003,5.017175512825883,5.023507595062256,4.991431713104248,5.087899208068848,5.087899208068848,2.8500000000000005,2.85,2.85,1.7604124606406604,1.7626342438814933,0,0.0,0,0.0,0,0.0,298,1495.118302822113,0,0.0,0,0.0,,,,,,,
static,model_static/summary_timeseries.csv,20,20.5,298,119200.0,1163.0774822875155,14.20121742195375,1163 ± 14.2,1136.41357421875,1211.7552490234375,1.940387676626244,0.0022496970965876,1.94 ± 0.00225,1.940000057220459,1.9574874639511108,0.3721090606572333,0.227557946985991,0.3721 ± 0.2276,0.0274833136904463,1.5032500055566438,287.98993288590606,0.0998286898029766,288 ± 0.09983,287.0,288.0,53.000161715001866,0.0051318571289294,53 ± 0.005132,52.950984954833984,53.0036506652832,75.3416748046875,0,1,0,0,0:298,0,0,0.0,model_static,False,mckenzie2003,5.152609348297119,5.152609348297119,5.152609348297119,5.152609348297119,5.152609348297119,2.87989932885906,2.88,2.88,1.789163224529936,1.789100468158722,0,0.0,0,0.0,0,0.0,298,1535.4775857925415,0,0.0,0,0.0,,,,,,,
static,model_static/summary_timeseries.csv,20,20.4,298,119200.0,1163.0774822875155,14.20121742195375,1163 ± 14.2,1136.41357421875,1211.7552490234375,1.940387676626244,0.0022496970965876,1.94 ± 0.00225,1.940000057220459,1.9574874639511108,0.3721090606572333,0.227557946985991,0.3721 ± 0.2276,0.0274833136904463,1.5032500055566438,281.0,0.0,281 ± 0,281.0,281.0,52.76498423326736,0.0029857690889273,52.76 ± 0.002986,52.76165390014648,52.771034240722656,75.3416748046875,0,1,0,0,0:298,0,0,0.0,model_static,False,mckenzie2003,4.994178288734999,5.023507595062256,4.927520275115967,5.023507595062256,5.023507595062256,2.81,2.81,2.81,1.7772876472366543,1.7877251227979558,0,0.0,0,0.0,0,0.0,298,1488.2651300430298,0,0.0,0,0.0,,,,,,,
static,model_static/summary_timeseries.csv,20,20.3,298,119200.0,1163.0774822875155,14.20121742195375,1163 ± 14.2,1136.41357421875,1211.7552490234375,1.940387676626244,0.0022496970965876,1.94 ± 0.00225,1.940000057220459,1.9574874639511108,0.3721090606572333,0.227557946985991,0.3721 ± 0.2276,0.0274833136904463,1.5032500055566438,284.0,0.0,284 ± 0,284.0,284.0,54.54056342976205,0.0058339007013942,54.54 ± 0.005834,54.52579498291016,54.5452995300293,75.3416748046875,0,1,0,0,0:298,0,0,0.0,model_static,False,mckenzie2003,4.93929983625476,4.895684719085693,4.895684719085693,5.087899208068848,5.087899208068848,2.84,2.84,2.84,1.7391900831882958,1.7238326475653851,0,0.0,0,0.0,0,0.0,298,1471.9113512039185,0,0.0,0,0.0,,,,,,,
static,model_static/summary_timeseries.csv,20,20.2,298,119200.0,1163.0774822875155,14.20121742195375,1163 ± 14.2,1136.41357421875,1211.7552490234375,1.940387676626244,0.0022496970965876,1.94 ± 0.00225,1.940000057220459,1.9574874639511108,0.3721090606572333,0.227557946985991,0.3721 ± 0.2276,0.0274833136904463,1.5032500055566438,284.0,0.0,284 ± 0,284.0,284.0,53.613964349631495,0.0015885004012996,53.61 ± 0.001589,53.6090087890625,53.616798400878906,75.3416748046875,0,1,0,0,0:298,0,0,0.0,model_static,False,mckenzie2003,5.08768312883057,5.087899208068848,5.087899208068848,5.087899208068848,5.087899208068848,2.84,2.84,2.84,1.791437721419215,1.791513805658045,0,0.0,0,0.0,0,0.0,298,1516.12957239151,0,0.0,0,0.0,,,,,,,
static,model_static/summary_timeseries.csv,20,20.1,298,119200.0,1163.0774822875155,14.20121742195375,1163 ± 14.2,1136.41357421875,1211.7552490234375,1.940387676626244,0.0022496970965876,1.94 ± 0.00225,1.940000057220459,1.9574874639511108,0.3721090606572333,0.227557946985991,0.3721 ± 0.2276,0.0274833136904463,1.5032500055566438,291.0,0.0,291 ± 0,291.0,291.0,57.57706256840853,0.0015332029326696,57.58 ± 0.001533,57.57209777832031,57.57999801635742,75.3416748046875,0,1,0,0,0:298,0,0,0.0,model_static,False,mckenzie2003,5.152392200175548,5.152609348297119,5.152609348297119,5.152609348297119,5.152609348297119,2.91,2.91,2.91,1.770581512087817,1.770656133435436,0,0.0,0,0.0,0,0.0,298,1535.4128756523132,0,0.0,0,0.0,,,,,,,
static,model_static/summary_timeseries.csv,20,20.0,298,119200.0,1163.0774822875155,14.20121742195375,1163 ± 14.2,1136.41357421875,1211.7552490234375,1.940387676626244,0.0022496970965876,1.94 ± 0.00225,1.940000057220459,1.9574874639511108,0.3721090606572333,0.227557946985991,0.3721 ± 0.2276,0.0274833136904463,1.5032500055566438,293.0,0.0,293 ± 0,293.0,293.0,56.32850776262731,0.0009296688576866,56.33 ± 0.0009297,56.32661819458008,56.33053588867188,75.3416748046875,0,1,0,0,0:298,0,0,0.0,model_static,False,mckenzie2003,5.154925344774387,5.152609348297119,5.087899208068848,5.185083866119385,5.185083866119385,2.93,2.93,2.93,1.7593601859298245,1.7585697434461156,0,0.0,0,0.0,0,0.0,298,1536.167752742767,0,0.0,0,0.0,,,,,,,
static,model_static/summary_timeseries.csv,20,19.9,298,119200.0,1163.0774822875155,14.20121742195375,1163 ± 14.2,1136.41357421875,1211.7552490234375,1.940387676626244,0.0022496970965876,1.94 ± 0.00225,1.940000057220459,1.9574874639511108,0.3721090606572333,0.227557946985991,0.3721 ± 0.2276,0.0274833136904463,1.5032500055566438,294.4127516778523,0.4923288842658124,294.4 ± 0.4923,294.0,295.0,55.160477042998245,0.0238722506929254,55.16 ± 0.02387,55.13188171386719,55.19028854370117,75.3416748046875,0,1,0,0,0:298,0,0,0.0,model_static,False,mckenzie2003,5.09097300439873,5.087899208068848,5.023507595062256,5.185083866119385,5.185083866119385,2.944127516778524,2.94,2.95,1.7292036133266244,1.7247115959555417,0,0.0,0,0.0,0,0.0,298,1517.1099553108215,0,0.0,0,0.0,,,,,,,
static,model_static/summary_timeseries.csv,20,19.8,298,119200.0,1163.0774822875155,14.20121742195375,1163 ± 14.2,1136.41357421875,1211.7552490234375,1.940387676626244,0.0022496970965876,1.94 ± 0.00225,1.940000057220459,1.9574874639511108,0.3721090606572333,0.227557946985991,0.3721 ± 0.2276,0.0274833136904463,1.5032500055566438,291.0,0.0,291 ± 0,291.0,291.0,57.560314101660815,0.0012894305028946,57.56 ± 0.001289,57.5544548034668,57.56306076049805,75.3416748046875,0,1,0,0,0:298,0,0,0.0,model_static,False,mckenzie2003,5.143923423434264,5.152609348297119,5.087899208068848,5.152609348297119,5.152609348297119,2.91,2.91,2.91,1.7676712795306748,1.770656133435436,0,0.0,0,0.0,0,0.0,298,1532.8891801834106,0,0.0,0,0.0,,,,,,,
static,model_static/summary_timeseries.csv,20,19.7,298,119200.0,1163.0774822875155,14.20121742195375,1163 ± 14.2,1136.41357421875,1211.7552490234375,1.940387676626244,0.0022496970965876,1.94 ± 0.00225,1.940000057220459,1.9574874639511108,0.3721090606572333,0.227557946985991,0.3721 ± 0.2276,0.0274833136904463,1.5032500055566438,286.0,0.0,286 ± 0,286.0,286.0,56.821148776368005,0.0028349193426814,56.82 ± 0.002835,56.814937591552734,56.82730865478516,75.3416748046875,0,1,0,0,0:298,0,0,0.0,model_static,False,mckenzie2003,5.024942292463059,5.023507595062256,4.991431713104248,5.087899208068848,5.087899208068848,2.86,2.86,2.86,1.7569728295325382,1.756471187084705,0,0.0,0,0.0,0,0.0,298,1497.4328031539917,0,0.0,0,0.0,,,,,,,
static,model_static/summary_timeseries.csv,20,19.6,298,119200.0,1163.0774822875155,14.20121742195375,1163 ± 14.2,1136.41357421875,1211.7552490234375,1.940387676626244,0.0022496970965876,1.94 ± 0.00225,1.940000057220459,1.9574874639511108,0.3721090606572333,0.227557946985991,0.3721 ± 0.2276,0.0274833136904463,1.5032500055566438,241.0,0.0,241 ± 0,241.0,241.0,51.529473477562,0.0022374719544815,51.53 ± 0.002237,51.50986862182617,51.53253555297852,75.3416748046875,0,1,0,0,0:298,0,0,0.0,model_static,False,mckenzie2003,4.437959069373624,4.458476543426514,4.397322177886963,4.458476543426514,4.550822734832764,2.41,2.41,2.41,1.8414767922712127,1.849990266981956,0,0.0,0,0.0,0,0.0,298,1322.5118026733398,0,0.0,0,0.0,,,,,,,
static,model_static/summary_timeseries.csv,20,19.5,298,119200.0,1163.0774822875155,14.20121742195375,1163 ± 14.2,1136.41357421875,1211.7552490234375,1.940387676626244,0.0022496970965876,1.94 ± 0.00225,1.940000057220459,1.9574874639511108,0.3721090606572333,0.227557946985991,0.3721 ± 0.2276,0.0274833136904463,1.5032500055566438,287.0,0.0,287 ± 0,287.0,287.0,57.01937222320761,0.0031676553954912,57.02 ± 0.003168,57.00796508789063,57.02390670776367,75.3416748046875,0,1,0,0,0:298,0,0,0.0,model_static,False,mckenzie2003,4.98077683480794,4.991431713104248,4.927520275115967,5.087899208068848,5.087899208068848,2.870000000000001,2.87,2.87,1.73546231177977,1.739174812928309,0,0.0,0,0.0,0,0.0,298,1484.271496772766,0,0.0,0,0.0,,,,,,,
static,model_static/summary_timeseries.csv,20,19.4,298,119200.0,1163.0774822875155,14.20121742195375,1163 ± 14.2,1136.41357421875,1211.7552490234375,1.940387676626244,0.0022496970965876,1.94 ± 0.00225,1.940000057220459,1.9574874639511108,0.3721090606572333,0.227557946985991,0.3721 ± 0.2276,0.0274833136904463,1.5032500055566438,286.0,0.0,286 ± 0,286.0,286.0,54.69555003531027,0.0009170485059634,54.7 ± 0.000917,54.69089126586914,54.69725799560547,75.3416748046875,0,1,0,0,0:298,0,0,0.0,model_static,False,mckenzie2003,5.0443676926145615,5.023507595062256,4.991431713104248,5.087899208068848,5.087899208068848,2.86,2.86,2.86,1.763764927487609,1.756471187084705,0,0.0,0,0.0,0,0.0,298,1503.2215723991394,0,0.0,0,0.0,,,,,,,
static,model_static/summary_timeseries.csv,20,19.3,298,119200.0,1163.0774822875155,14.20121742195375,1163 ± 14.2,1136.41357421875,1211.7552490234375,1.940387676626244,0.0022496970965876,1.94 ± 0.00225,1.940000057220459,1.9574874639511108,0.3721090606572333,0.227557946985991,0.3721 ± 0.2276,0.0274833136904463,1.5032500055566438,288.0,0.0,288 ± 0,288.0,288.0,57.69513578222902,0.0018022524318158,57.7 ± 0.001802,57.680755615234375,57.70053482055664,75.3416748046875,0,1,0,0,0:298,0,0,0.0,model_static,False,mckenzie2003,4.9766476554358565,4.991431713104248,4.927520275115967,4.991431713104248,5.152609348297119,2.8799999999999994,2.88,2.88,1.7280026581374497,1.733136011494531,0,0.0,0,0.0,0,0.0,298,1483.0410013198853,0,0.0,0,0.0,,,,,,,
static,model_static/summary_timeseries.csv,20,19.2,298,119200.0,1163.0774822875155,14.20121742195375,1163 ± 14.2,1136.41357421875,1211.7552490234375,1.940387676626244,0.0022496970965876,1.94 ± 0.00225,1.940000057220459,1.9574874639511108,0.3721090606572333,0.227557946985991,0.3721 ± 0.2276,0.0274833136904463,1.5032500055566438,284.0,0.0,284 ± 0,284.0,284.0,56.75148732230167,0.0016461653967957,56.75 ± 0.001646,56.73729705810547,56.75465774536133,75.3416748046875,0,1,0,0,0:298,0,0,0.0,model_static,False,mckenzie2003,4.929030419996121,4.927520275115967,4.895684719085693,4.927520275115967,5.087899208068848,2.84,2.84,2.84,1.7355740915479303,1.7350423503929462,0,0.0,0,0.0,0,0.0,298,1468.851065158844,0,0.0,0,0.0,,,,,,,
static,model_static/summary_timeseries.csv,20,19.1,298,119200.0,1163.0774822875155,14.20121742195375,1163 ± 14.2,1136.41357421875,1211.7552490234375,1.940387676626244,0.0022496970965876,1.94 ± 0.00225,1.940000057220459,1.9574874639511108,0.3721090606572333,0.227557946985991,0.3721 ± 0.2276,0.0274833136904463,1.5032500055566438,284.0,0.0,284 ± 0,284.0,284.0,55.58279810655837,0.0073239715591837,55.58 ± 0.007324,55.56858444213867,55.5899658203125,75.3416748046875,0,1,0,0,0:298,0,0,0.0,model_static,False,mckenzie2003,4.955026104946264,4.895684719085693,4.895684719085693,5.087899208068848,5.087899208068848,2.84,2.84,2.84,1.7447275017416424,1.7238326475653851,0,0.0,0,0.0,0,0.0,298,1476.5977792739868,0,0.0,0,0.0,,,,,,,
static,model_static/summary_timeseries.csv,20,19.0,298,119200.0,1163.0774822875155,14.20121742195375,1163 ± 14.2,1136.41357421875,1211.7552490234375,1.940387676626244,0.0022496970965876,1.94 ± 0.00225,1.940000057220459,1.9574874639511108,0.3721090606572333,0.227557946985991,0.3721 ± 0.2276,0.0274833136904463,1.5032500055566438,285.0,0.0,285 ± 0,285.0,285.0,56.96817111328944,0.001144296730716,56.97 ± 0.001144,56.95905303955078,56.97016143798828,75.3416748046875,0,1,0,0,0:298,0,0,0.0,model_static,False,mckenzie2003,4.9258359838652135,4.927520275115967,4.895684719085693,4.991431713104248,4.991431713104248,2.8500000000000005,2.85,2.85,1.7283635031106008,1.7289544824968304,0,0.0,0,0.0,0,0.0,298,1467.8991231918335,0,0.0,0,0.0,,,,,,,
static,model_static/summary_timeseries.csv,20,18.9,298,119200.0,1163.0774822875155,14.20121742195375,1163 ± 14.2,1136.41357421875,1211.7552490234375,1.940387676626244,0.0022496970965876,1.94 ± 0.00225,1.940000057220459,1.9574874639511108,0.3721090606572333,0.227557946985991,0.3721 ± 0.2276,0.0274833136904463,1.5032500055566438,279.99328859060404,0.0816478191986338,280 ± 0.08165,279.0,280.0,55.13119012717433,0.0041141589267473,55.13 ± 0.004114,55.08603286743164,55.136417388916016,75.3416748046875,0,1,0,0,0:298,0,0,0.0,model_static,False,mckenzie2003,4.947271484656622,4.927520275115967,4.895684719085693,4.991431713104248,4.991431713104248,2.7999328859060406,2.8000000000000003,2.8000000000000003,1.7669247326723256,1.7598286696842738,0,0.0,0,0.0,0,0.0,298,1474.286902427673,0,0.0,0,0.0,,,,,,,
static,model_static/summary_timeseries.csv,20,18.8,298,119200.0,1163.0774822875155,14.20121742195375,1163 ± 14.2,1136.41357421875,1211.7552490234375,1.940387676626244,0.0022496970965876,1.94 ± 0.00225,1.940000057220459,1.9574874639511108,0.3721090606572333,0.227557946985991,0.3721 ± 0.2276,0.0274833136904463,1.5032500055566438,282.0,0.0,282 ± 0,282.0,282.0,56.31886758740316,0.0019980284849167,56.32 ± 0.001998,56.31134414672852,56.32077407836914,75.3416748046875,0,1,0,0,0:298,0,0,0.0,model_static,False,mckenzie2003,4.958410106249303,4.927520275115967,4.927520275115967,5.023507595062256,5.023507595062256,2.82,2.82,2.82,1.7583014561167745,1.74734761528935,0,0.0,0,0.0,0,0.0,298,1477.6062116622925,0,0.0,0,0.0,,,,,,,
static,model_static/summary_timeseries.csv,20,18.7,298,119200.0,1163.0774822875155,14.20121742195375,1163 ± 14.2,1136.41357421875,1211.7552490234375,1.940387676626244,0.0022496970965876,1.94 ± 0.00225,1.940000057220459,1.9574874639511108,0.3721090606572333,0.227557946985991,0.3721 ± 0.2276,0.0274833136904463,1.5032500055566438,281.996644295302,0.0578311675825976,282 ± 0.05783,281.0,282.0,57.41669621563598,0.0031983782055243,57.42 ± 0.003198,57.36689758300781,57.419315338134766,75.3416748046875,0,1,0,0,0:298,0,0,0.0,model_static,False,mckenzie2003,5.018879195987778,5.023507595062256,4.991431713104248,5.023507595062256,5.023507595062256,2.81996644295302,2.82,2.82,1.7797656690651458,1.7813856720078922,0,0.0,0,0.0,0,0.0,298,1495.626000404358,0,0.0,0,0.0,,,,,,,
static,model_static/summary_timeseries.csv,20,18.6,298,119200.0,1163.0774822875155,14.20121742195375,1163 ± 14.2,1136.41357421875,1211.7552490234375,1.940387676626244,0.0022496970965876,1.94 ± 0.00225,1.940000057220459,1.9574874639511108,0.3721090606572333,0.227557946985991,0.3721 ± 0.2276,0.0274833136904463,1.5032500055566438,280.0,0.0,280 ± 0,280.0,280.0,59.29340018201994,0.0057665690378697,59.29 ± 0.005767,59.28556060791016,59.30112075805664,75.3416748046875,0,1,0,0,0:298,0,0,0.0,model_static,False,mckenzie2003,4.961310287449984,5.023507595062256,4.895684719085693,5.023507595062256,5.023507595062256,2.8000000000000003,2.8000000000000003,2.8000000000000003,1.771896531232137,1.7941098553793768,0,0.0,0,0.0,0,0.0,298,1478.4704656600952,0,0.0,0,0.0,,,,,,,
static,model_static/summary_timeseries.csv,20,18.5,298,119200.0,1163.0774822875155,14.20121742195375,1163 ± 14.2,1136.41357421875,1211.7552490234375,1.940387676626244,0.0022496970965876,1.94 ± 0.00225,1.940000057220459,1.9574874639511108,0.3721090606572333,0.227557946985991,0.3721 ± 0.2276,0.0274833136904463,1.5032500055566438,276.39261744966444,0.4883328658644927,276.4 ± 0.4883,276.0,277.0,58.494966481356016,0.0212503682720993,58.49 ± 0.02125,58.47604370117188,58.523399353027344,75.3416748046875,0,1,0,0,0:298,0,0,0.0,model_static,False,mckenzie2003,4.852589114400365,4.832254886627197,4.800660610198975,4.895684719085693,4.895684719085693,2.763926174496645,2.76,2.77,1.7556739137149586,1.7508169879084046,0,0.0,0,0.0,0,0.0,298,1446.0715560913086,0,0.0,0,0.0,,,,,,,
static,model_static/summary_timeseries.csv,20,18.4,298,119200.0,1163.0774822875155,14.20121742195375,1163 ± 14.2,1136.41357421875,1211.7552490234375,1.940387676626244,0.0022496970965876,1.94 ± 0.00225,1.940000057220459,1.9574874639511108,0.3721090606572333,0.227557946985991,0.3721 ± 0.2276,0.0274833136904463,1.5032500055566438,278.0,0.0,278 ± 0,278.0,278.0,58.78113440699225,0.0010883710879877,58.78 ± 0.001088,58.77857208251953,58.78372573852539,75.3416748046875,0,1,0,0,0:298,0,0,0.0,model_static,False,mckenzie2003,4.97995808300556,4.991431713104248,4.927520275115967,4.991431713104248,4.991431713104248,2.780000000000001,2.78,2.78,1.7913518284192655,1.7954790334907365,0,0.0,0,0.0,0,0.0,298,1484.0275087356567,0,0.0,0,0.0,,,,,,,
static,model_static/summary_timeseries.csv,20,18.3,298,119200.0,1163.0774822875155,14.20121742195375,1163 ± 14.2,1136.41357421875,1211.7552490234375,1.940387676626244,0.0022496970965876,1.94 ± 0.00225,1.940000057220459,1.9574874639511108,0.3721090606572333,0.227557946985991,0.3721 ± 0.2276,0.0274833136904463,1.5032500055566438,273.0,0.0,273 ± 0,273.0,273.0,57.180363520679855,0.0009517419748452,57.18 ± 0.0009517,57.17869567871094,57.18233871459961,75.3416748046875,0,1,0,0,0:298,0,0,0.0,model_static,False,mckenzie2003,4.901045687246643,4.895684719085693,4.832254886627197,4.927520275115967,4.927520275115967,2.73,2.73,2.73,1.7952548304932756,1.7932911058921954,0,0.0,0,0.0,0,0.0,298,1460.5116147994995,0,0.0,0,0.0,,,,,,,
static,model_static/summary_timeseries.csv,20,18.2,298,119200.0,1163.0774822875155,14.20121742195375,1163 ± 14.2,1136.41357421875,1211.7552490234375,1.940387676626244,0.0022496970965876,1.94 ± 0.00225,1.940000057220459,1.9574874639511108,0.3721090606572333,0.227557946985991,0.3721 ± 0.2276,0.0274833136904463,1.5032500055566438,302.0,0.0,302 ± 0,302.0,302.0,63.71099195544352,0.0013758266757773,63.71 ± 0.001376,63.706241607666016,63.71355438232422,75.3416748046875,2,1,2,2,2:298,0,0,0.0,model_static,False,mckenzie2003,5.250270843505859,5.250270843505859,5.250270843505859,5.250270843505859,5.250270843505859,3.02,3.02,3.02,1.7385002793065762,1.738500279306576,0,0.0,0,0.0,0,0.0,298,1564.580711364746,0,0.0,0,0.0,,,,,,,
static,model_static/summary_timeseries.csv,20,18.1,298,119200.0,1163.0774822875155,14.20121742195375,1163 ± 14.2,1136.41357421875,1211.7552490234375,1.940387676626244,0.0022496970965876,1.94 ± 0.00225,1.940000057220459,1.9574874639511108,0.3721090606572333,0.227557946985991,0.3721 ± 0.2276,0.0274833136904463,1.5032500055566438,336.0,0.0,336 ± 0,336.0,336.0,68.78065168137519,0.0007729778451279,68.78 ± 0.000773,68.77574920654297,68.78216552734375,75.3416748046875,1,1,1,1,1:298,0,0,0.0,model_static,False,mckenzie2003,5.435558274288305,5.447729587554932,5.381594657897949,5.51417875289917,5.51417875289917,3.36,3.36,3.36,1.6177256768715194,1.621348091534206,0,0.0,0,0.0,0,0.0,298,1619.796365737915,0,0.0,0,0.0,,,,,,,
static,model_static/summary_timeseries.csv,20,18.0,298,119200.0,1163.0774822875155,14.20121742195375,1163 ± 14.2,1136.41357421875,1211.7552490234375,1.940387676626244,0.0022496970965876,1.94 ± 0.00225,1.940000057220459,1.9574874639511108,0.3721090606572333,0.227557946985991,0.3721 ± 0.2276,0.0274833136904463,1.5032500055566438,299.0503355704698,0.2186364581108983,299.1 ± 0.2186,299.0,300.0,63.25986566479574,0.0104190525953637,63.26 ± 0.01042,63.25428771972656,63.304725646972656,75.3416748046875,2,1,2,2,2:298,0,0,0.0,model_static,False,mckenzie2003,5.184865916335343,5.185083866119385,5.185083866119385,5.185083866119385,5.185083866119385,2.9905033557046985,2.99,2.9915,1.7337779049568205,1.7341417612439414,0,0.0,0,0.0,0,0.0,298,1545.090043067932,0,0.0,0,0.0,,,,,,,
static,model_static/summary_timeseries.csv,20,17.9,298,119200.0,1163.0774822875155,14.20121742195375,1163 ± 14.2,1136.41357421875,1211.7552490234375,1.940387676626244,0.0022496970965876,1.94 ± 0.00225,1.940000057220459,1.9574874639511108,0.3721090606572333,0.227557946985991,0.3721 ± 0.2276,0.0274833136904463,1.5032500055566438,271.0,0.0,271 ± 0,271.0,271.0,55.254335633860336,0.0014217814449091,55.25 ± 0.001422,55.24360656738281,55.25682067871094,75.3416748046875,0,1,0,0,0:298,0,0,0.0,model_static,False,mckenzie2003,4.821342813888652,4.832254886627197,4.800660610198975,4.832254886627197,4.895684719085693,2.7100000000000004,2.71,2.71,1.779093289257805,1.7831198843642797,0,0.0,0,0.0,0,0.0,298,1436.7601585388184,0,0.0,0,0.0,,,,,,,
static,model_static/summary_timeseries.csv,20,17.8,298,119200.0,1163.0774822875155,14.20121742195375,1163 ± 14.2,1136.41357421875,1211.7552490234375,1.940387676626244,0.0022496970965876,1.94 ± 0.00225,1.940000057220459,1.9574874639511108,0.3721090606572333,0.227557946985991,0.3721 ± 0.2276,0.0274833136904463,1.5032500055566438,265.51006711409394,0.4998986429405658,265.5 ± 0.4999,265.0,266.0,57.31804799073495,0.0231078387667143,57.32 ± 0.02311,57.29275131225586,57.342716217041016,75.3416748046875,0,1,0,0,0:298,0,0,0.0,model_static,False,mckenzie2003,4.8297103811430455,4.832254886627197,4.800660610198975,4.832254886627197,4.832254886627197,2.65510067114094,2.66,2.66,1.819035589558039,1.8166371754237585,0,0.0,0,0.0,0,0.0,298,1439.2536935806274,0,0.0,0,0.0,,,,,,,
static,model_static/summary_timeseries.csv,20,17.7,298,119200.0,1163.0774822875155,14.20121742195375,1163 ± 14.2,1136.41357421875,1211.7552490234375,1.940387676626244,0.0022496970965876,1.94 ± 0.00225,1.940000057220459,1.9574874639511108,0.3721090606572333,0.227557946985991,0.3721 ± 0.2276,0.0274833136904463,1.5032500055566438,272.0,0.0,272 ± 0,272.0,272.0,53.983259930706666,0.0009784776114791,53.98 ± 0.0009785,53.98141479492188,53.98525238037109,75.3416748046875,0,1,0,0,0:298,0,0,0.0,model_static,False,mckenzie2003,4.855143335841646,4.832254886627197,4.800660610198975,4.895684719085693,4.895684719085693,2.72,2.72,2.72,1.7849791675888402,1.7765642965541164,0,0.0,0,0.0,0,0.0,298,1446.8327140808103,0,0.0,0,0.0,,,,,,,
static,model_static/summary_timeseries.csv,20,17.6,298,119200.0,1163.0774822875155,14.20121742195375,1163 ± 14.2,1136.41357421875,1211.7552490234375,1.940387676626244,0.0022496970965876,1.94 ± 0.00225,1.940000057220459,1.9574874639511108,0.3721090606572333,0.227557946985991,0.3721 ± 0.2276,0.0274833136904463,1.5032500055566438,273.0,0.0,273 ± 0,273.0,273.0,54.822740170779646,0.0040972443165056,54.82 ± 0.004097,54.81665802001953,54.830074310302734,75.3416748046875,0,1,0,0,0:298,0,0,0.0,model_static,False,mckenzie2003,4.846762813977747,4.832254886627197,4.800660610198975,4.895684719085693,4.895684719085693,2.73,2.73,2.73,1.7753709941310425,1.7700567350282774,0,0.0,0,0.0,0,0.0,298,1444.3353185653689,0,0.0,0,0.0,,,,,,,
static,model_static/summary_timeseries.csv,20,17.5,298,119200.0,1163.0774822875155,14.20121742195375,1163 ± 14.2,1136.41357421875,1211.7552490234375,1.940387676626244,0.0022496970965876,1.94 ± 0.00225,1.940000057220459,1.9574874639511108,0.3721090606572333,0.227557946985991,0.3721 ± 0.2276,0.0274833136904463,1.5032500055566438,271.0,0.0,271 ± 0,271.0,271.0,56.10722727423546,0.001299934621276,56.11 ± 0.0013,56.10201644897461,56.10929107666016,75.3416748046875,0,1,0,0,0:298,0,0,0.0,model_static,False,mckenzie2003,4.769509009866907,4.800660610198975,4.737714767456055,4.800660610198975,4.832254886627197,2.7100000000000004,2.71,2.71,1.7599664243051316,1.771461479778219,0,0.0,0,0.0,0,0.0,298,1421.313684940338,0,0.0,0,0.0,,,,,,,
static,model_static/summary_timeseries.csv,20,17.4,298,119200.0,1163.0774822875155,14.20121742195375,1163 ± 14.2,1136.41357421875,1211.7552490234375,1.940387676626244,0.0022496970965876,1.94 ± 0.00225,1.940000057220459,1.9574874639511108,0.3721090606572333,0.227557946985991,0.3721 ± 0.2276,0.0274833136904463,1.5032500055566438,271.7013422818792,0.4576694063706672,271.7 ± 0.4577,271.0,272.0,55.53806504627202,0.0204377159222432,55.54 ± 0.02044,55.505279541015625,55.553070068359375,75.3416748046875,0,1,0,0,0:298,0,0,0.0,model_static,False,mckenzie2003,4.852271051214846,4.832254886627197,4.800660610198975,4.895684719085693,4.895684719085693,2.717013422818792,2.72,2.72,1.7858781808603814,1.7831198843642797,0,0.0,0,0.0,0,0.0,298,1445.976773262024,0,0.0,0,0.0,,,,,,,
static,model_static/summary_timeseries.csv,20,17.3,298,119200.0,1163.0774822875155,14.20121742195375,1163 ± 14.2,1136.41357421875,1211.7552490234375,1.940387676626244,0.0022496970965876,1.94 ± 0.00225,1.940000057220459,1.9574874639511108,0.3721090606572333,0.227557946985991,0.3721 ± 0.2276,0.0274833136904463,1.5032500055566438,268.9865771812081,0.1150766993253842,269 ± 0.1151,268.0,269.0,57.08220029997346,0.0079600472711207,57.08 ± 0.00796,57.0269775390625,57.08854293823242,75.3416748046875,0,1,0,0,0:298,0,0,0.0,model_static,False,mckenzie2003,4.827768865047685,4.800660610198975,4.800660610198975,4.895684719085693,4.895684719085693,2.689865771812081,2.69,2.69,1.7948007680763831,1.7846321970999903,0,0.0,0,0.0,0,0.0,298,1438.6751217842102,0,0.0,0,0.0,,,,,,,
static,model_static/summary_timeseries.csv,20,17.2,298,119200.0,1163.0774822875155,14.20121742195375,1163 ± 14.2,1136.41357421875,1211.7552490234375,1.940387676626244,0.0022496970965876,1.94 ± 0.00225,1.940000057220459,1.9574874639511108,0.3721090606572333,0.227557946985991,0.3721 ± 0.2276,0.0274833136904463,1.5032500055566438,276.0,0.0,276 ± 0,276.0,276.0,54.77194167783596,0.0029828013589194,54.77 ± 0.002983,54.767608642578125,54.77589416503906,75.3416748046875,0,1,0,0,0:298,0,0,0.0,model_static,False,mckenzie2003,4.848145955360976,4.832254886627197,4.800660610198975,4.895684719085693,4.895684719085693,2.7600000000000007,2.76,2.76,1.7565746215076,1.7508169879084046,0,0.0,0,0.0,0,0.0,298,1444.7474946975708,0,0.0,0,0.0,,,,,,,
static,model_static/summary_timeseries.csv,20,17.1,298,119200.0,1163.0774822875155,14.20121742195375,1163 ± 14.2,1136.41357421875,1211.7552490234375,1.940387676626244,0.0022496970965876,1.94 ± 0.00225,1.940000057220459,1.9574874639511108,0.3721090606572333,0.227557946985991,0.3721 ± 0.2276,0.0274833136904463,1.5032500055566438,277.62080536912754,0.4851866267633151,277.6 ± 0.4852,277.0,278.0,57.24214154441885,0.0278545933843373,57.24 ± 0.02785,57.20499801635742,57.273250579833984,75.3416748046875,0,1,0,0,0:298,0,0,0.0,model_static,False,mckenzie2003,4.925442333989495,4.991431713104248,4.800660610198975,4.991431713104248,4.991431713104248,2.776208053691276,2.78,2.78,1.7741991814731843,1.7954790334907365,0,0.0,0,0.0,0,0.0,298,1467.7818155288696,0,0.0,0,0.0,,,,,,,
static,model_static/summary_timeseries.csv,20,17.0,298,119200.0,1163.0774822875155,14.20121742195375,1163 ± 14.2,1136.41357421875,1211.7552490234375,1.940387676626244,0.0022496970965876,1.94 ± 0.00225,1.940000057220459,1.9574874639511108,0.3721090606572333,0.227557946985991,0.3721 ± 0.2276,0.0274833136904463,1.5032500055566438,288.86241610738256,0.3444627194772748,288.9 ± 0.3445,288.0,289.0,60.47845096716145,0.0169357302955702,60.48 ± 0.01694,60.43663024902344,60.49953842163086,75.3416748046875,0,1,0,0,0:298,0,0,0.0,model_static,False,mckenzie2003,5.10433866673668,5.152609348297119,4.927520275115967,5.152609348297119,5.152609348297119,2.888624161073825,2.89,2.89,1.767047670174907,1.7829098090993492,0,0.0,0,0.0,0,0.0,298,1521.0929226875303,0,0.0,0,0.0,,,,,,,
static,model_static/summary_timeseries.csv,20,16.9,298,119200.0,1163.0774822875155,14.20121742195375,1163 ± 14.2,1136.41357421875,1211.7552490234375,1.940387676626244,0.0022496970965876,1.94 ± 0.00225,1.940000057220459,1.9574874639511108,0.3721090606572333,0.227557946985991,0.3721 ± 0.2276,0.0274833136904463,1.5032500055566438,286.0,0.0,286 ± 0,286.0,286.0,60.4013625279369,0.0017793262927544,60.4 ± 0.001779,60.39753341674805,60.404911041259766,75.3416748046875,0,1,0,0,0:298,0,0,0.0,model_static,False,mckenzie2003,5.08703489111574,5.087899208068848,5.087899208068848,5.087899208068848,5.087899208068848,2.86,2.86,2.86,1.778683528362146,1.7789857370870097,0,0.0,0,0.0,0,0.0,298,1515.9363975524902,0,0.0,0,0.0,,,,,,,
static,model_static/summary_timeseries.csv,20,16.8,298,119200.0,1163.0774822875155,14.20121742195375,1163 ± 14.2,1136.41357421875,1211.7552490234375,1.940387676626244,0.0022496970965876,1.94 ± 0.00225,1.940000057220459,1.9574874639511108,0.3721090606572333,0.227557946985991,0.3721 ± 0.2276,0.0274833136904463,1.5032500055566438,283.99328859060404,0.0816478191986338,284 ± 0.08165,283.0,284.0,58.58180921669774,0.003807295463676,58.58 ± 0.003807,58.53731536865234,58.58451843261719,75.3416748046875,0,1,0,0,0:298,0,0,0.0,model_static,False,mckenzie2003,5.062079751251528,5.087899208068848,5.023507595062256,5.087899208068848,5.087899208068848,2.83993288590604,2.84,2.84,1.7824641282360538,1.791513805658045,0,0.0,0,0.0,0,0.0,298,1508.499765872955,0,0.0,0,0.0,,,,,,,
static,model_static/summary_timeseries.csv,20,16.7,298,119200.0,1163.0774822875155,14.20121742195375,1163 ± 14.2,1136.41357421875,1211.7552490234375,1.940387676626244,0.0022496970965876,1.94 ± 0.00225,1.940000057220459,1.9574874639511108,0.3721090606572333,0.227557946985991,0.3721 ± 0.2276,0.0274833136904463,1.5032500055566438,294.8590604026846,0.3479592321292811,294.9 ± 0.348,294.0,295.0,58.16613426464516,0.0194221799181797,58.17 ± 0.01942,58.11684799194336,58.17990493774414,75.3416748046875,0,1,0,0,0:298,0,0,0.0,model_static,False,mckenzie2003,5.080842107734425,5.087899208068848,4.991431713104248,5.185083866119385,5.185083866119385,2.9485906040268453,2.95,2.95,1.7231594426494643,1.7247115959555417,0,0.0,0,0.0,0,0.0,298,1514.0909481048584,0,0.0,0,0.0,,,,,,,
static,model_static/summary_timeseries.csv,20,16.6,298,119200.0,1163.0774822875155,14.20121742195375,1163 ± 14.2,1136.41357421875,1211.7552490234375,1.940387676626244,0.0022496970965876,1.94 ± 0.00225,1.940000057220459,1.9574874639511108,0.3721090606572333,0.227557946985991,0.3721 ± 0.2276,0.0274833136904463,1.5032500055566438,296.0,0.0,296 ± 0,296.0,296.0,60.01970885103981,0.0026718926800428,60.02 ± 0.002672,60.01148223876953,60.02468490600586,75.3416748046875,0,1,0,0,0:298,0,0,0.0,model_static,False,mckenzie2003,5.0514040249306085,5.023507595062256,4.991431713104248,5.087899208068848,5.152609348297119,2.9600000000000004,2.96,2.96,1.7065554138279084,1.697130944277789,0,0.0,0,0.0,0,0.0,298,1505.3183994293213,0,0.0,0,0.0,,,,,,,
static,model_static/summary_timeseries.csv,20,16.5,298,119200.0,1163.0774822875155,14.20121742195375,1163 ± 14.2,1136.41357421875,1211.7552490234375,1.940387676626244,0.0022496970965876,1.94 ± 0.00225,1.940000057220459,1.9574874639511108,0.3721090606572333,0.227557946985991,0.3721 ± 0.2276,0.0274833136904463,1.5032500055566438,295.503355704698,0.4999887391191724,295.5 ± 0.5,295.0,296.0,59.12065390772467,0.0256783767380708,59.12 ± 0.02568,59.08221435546875,59.1507682800293,75.3416748046875,0,1,0,0,0:298,0,0,0.0,model_static,False,mckenzie2003,5.043855233480467,5.023507595062256,4.991431713104248,5.087899208068848,5.185083866119385,2.95503355704698,2.96,2.96,1.7068918000046254,1.697130944277789,0,0.0,0,0.0,0,0.0,298,1503.068859577179,0,0.0,0,0.0,,,,,,,
static,model_static/summary_timeseries.csv,20,16.4,298,119200.0,1163.0774822875155,14.20121742195375,1163 ± 14.2,1136.41357421875,1211.7552490234375,1.940387676626244,0.0022496970965876,1.94 ± 0.00225,1.940000057220459,1.9574874639511108,0.3721090606572333,0.227557946985991,0.3721 ± 0.2276,0.0274833136904463,1.5032500055566438,300.99328859060404,0.0816478191986338,301 ± 0.08165,300.0,301.0,62.2829808228768,0.0044204313693663,62.28 ± 0.00442,62.23332977294922,62.28668975830078,75.3416748046875,0,1,0,0,0:298,0,0,0.0,model_static,False,mckenzie2003,5.250270843505859,5.250270843505859,5.250270843505859,5.250270843505859,5.250270843505859,3.0099328859060406,3.01,3.01,1.7443150495778827,1.7442760277428102,0,0.0,0,0.0,0,0.0,298,1564.580711364746,0,0.0,0,0.0,,,,,,,
static,model_static/summary_timeseries.csv,20,16.3,298,119200.0,1163.0774822875155,14.20121742195375,1163 ± 14.2,1136.41357421875,1211.7552490234375,1.940387676626244,0.0022496970965876,1.94 ± 0.00225,1.940000057220459,1.9574874639511108,0.3721090606572333,0.227557946985991,0.3721 ± 0.2276,0.0274833136904463,1.5032500055566438,308.0,0.0,308 ± 0,308.0,308.0,61.32671581498729,0.0008911972831162,61.33 ± 0.0008912,61.323951721191406,61.32841873168945,75.3416748046875,0,1,0,0,0:298,0,0,0.0,model_static,False,mckenzie2003,5.297322231651153,5.282983303070068,5.250270843505859,5.348645210266113,5.348645210266113,3.08,3.08,3.08,1.7199098154711536,1.7152543191785936,0,0.0,0,0.0,0,0.0,298,1578.6020250320437,0,0.0,0,0.0,,,,,,,
static,model_static/summary_timeseries.csv,20,16.2,298,119200.0,1163.0774822875155,14.20121742195375,1163 ± 14.2,1136.41357421875,1211.7552490234375,1.940387676626244,0.0022496970965876,1.94 ± 0.00225,1.940000057220459,1.9574874639511108,0.3721090606572333,0.227557946985991,0.3721 ± 0.2276,0.0274833136904463,1.5032500055566438,326.2852348993289,0.4515262467827475,326.3 ± 0.4515,326.0,327.0,65.66552588443628,0.0200237351367173,65.67 ± 0.02002,65.64742279052734,65.69857788085938,75.3416748046875,0,1,0,0,0:298,0,0,0.0,model_static,False,mckenzie2003,5.5239293255261925,5.51417875289917,5.447729587554932,5.547520637512207,5.547520637512207,3.262852348993289,3.26,3.27,1.692972498598994,1.6914658751224447,0,0.0,0,0.0,0,0.0,298,1646.1309390068054,0,0.0,0,0.0,,,,,,,
static,model_static/summary_timeseries.csv,20,16.1,298,119200.0,1163.0774822875155,14.20121742195375,1163 ± 14.2,1136.41357421875,1211.7552490234375,1.940387676626244,0.0022496970965876,1.94 ± 0.00225,1.940000057220459,1.9574874639511108,0.3721090606572333,0.227557946985991,0.3721 ± 0.2276,0.0274833136904463,1.5032500055566438,328.0,0.0,328 ± 0,328.0,328.0,65.85393004449422,0.0049496347197344,65.85 ± 0.00495,65.84947204589844,65.86392974853516,75.3416748046875,0,1,0,0,0:298,0,0,0.0,model_static,False,mckenzie2003,5.503056033345677,5.547520637512207,5.381594657897949,5.547520637512207,5.547520637512207,3.28,3.28,3.28,1.677760985776121,1.6913172675342094,0,0.0,0,0.0,0,0.0,298,1639.9106979370115,0,0.0,0,0.0,,,,,,,
static,model_static/summary_timeseries.csv,20,16.0,298,119200.0,1163.0774822875155,14.20121742195375,1163 ± 14.2,1136.41357421875,1211.7552490234375,1.940387676626244,0.0022496970965876,1.94 ± 0.00225,1.940000057220459,1.9574874639511108,0.3721090606572333,0.227557946985991,0.3721 ± 0.2276,0.0274833136904463,1.5032500055566438,326.0,0.0,326 ± 0,326.0,326.0,67.19709544853876,0.0010201306231294,67.2 ± 0.00102,67.19530487060547,67.1987533569336,75.3416748046875,0,1,0,0,0:298,0,0,0.0,model_static,False,mckenzie2003,5.403576750083258,5.381594657897949,5.348645210266113,5.447729587554932,5.447729587554932,3.2600000000000007,3.26,3.26,1.6575388803936373,1.650795907330659,0,0.0,0,0.0,0,0.0,298,1610.2658715248108,0,0.0,0,0.0,,,,,,,
static,model_static/summary_timeseries.csv,20,15.9,298,119200.0,1163.0774822875155,14.20121742195375,1163 ± 14.2,1136.41357421875,1211.7552490234375,1.940387676626244,0.0022496970965876,1.94 ± 0.00225,1.940000057220459,1.9574874639511108,0.3721090606572333,0.227557946985991,0.3721 ± 0.2276,0.0274833136904463,1.5032500055566438,326.996644295302,0.0578311675825976,327 ± 0.05783,326.0,327.0,67.41061227273622,0.0027219191474322,67.41 ± 0.002722,67.3674087524414,67.41287994384766,75.3416748046875,2,1,2,2,2:298,0,0,0.0,model_static,False,mckenzie2003,5.454915421121073,5.447729587554932,5.381594657897949,5.51417875289917,5.51417875289917,3.26996644295302,3.27,3.27,1.66818669045546,1.66597235093423,0,0.0,0,0.0,0,0.0,298,1625.5647954940796,0,0.0,0,0.0,,,,,,,
static,model_static/summary_timeseries.csv,20,15.8,298,119200.0,1163.0774822875155,14.20121742195375,1163 ± 14.2,1136.41357421875,1211.7552490234375,1.940387676626244,0.0022496970965876,1.94 ± 0.00225,1.940000057220459,1.9574874639511108,0.3721090606572333,0.227557946985991,0.3721 ± 0.2276,0.0274833136904463,1.5032500055566438,329.0,0.0,329 ± 0,329.0,329.0,68.4260581355767,0.0009905257303873,68.43 ± 0.0009905,68.42400360107422,68.42790222167969,75.3416748046875,2,1,2,2,2:298,0,0,0.0,model_static,False,mckenzie2003,5.413449823456323,5.381594657897949,5.381594657897949,5.447729587554932,5.51417875289917,3.29,3.29,3.29,1.6454254782542013,1.6357430571118388,0,0.0,0,0.0,0,0.0,298,1613.208047389984,0,0.0,0,0.0,,,,,,,
static,model_static/summary_timeseries.csv,20,15.7,298,119200.0,1163.0774822875155,14.20121742195375,1163 ± 14.2,1136.41357421875,1211.7552490234375,1.940387676626244,0.0022496970965876,1.94 ± 0.00225,1.940000057220459,1.9574874639511108,0.3721090606572333,0.227557946985991,0.3721 ± 0.2276,0.0274833136904463,1.5032500055566438,326.16442953020135,0.3706648888134781,326.2 ± 0.3707,326.0,327.0,67.22253917207654,0.0192770117648179,67.22 ± 0.01928,67.2059555053711,67.26531982421875,75.3416748046875,2,1,2,2,2:298,0,0,0.0,model_static,False,mckenzie2003,5.428460009146057,5.381594657897949,5.381594657897949,5.547520637512207,5.547520637512207,3.2616442953020144,3.26,3.27,1.664341691440525,1.650795907330659,0,0.0,0,0.0,0,0.0,298,1617.681082725525,0,0.0,0,0.0,,,,,,,
static,model_static/summary_timeseries.csv,20,15.6,298,119200.0,1163.0774822875155,14.20121742195375,1163 ± 14.2,1136.41357421875,1211.7552490234375,1.940387676626244,0.0022496970965876,1.94 ± 0.00225,1.940000057220459,1.9574874639511108,0.3721090606572333,0.227557946985991,0.3721 ± 0.2276,0.0274833136904463,1.5032500055566438,329.0,0.0,329 ± 0,329.0,329.0,73.26659877188254,0.0016058314135144,73.27 ± 0.001606,73.26443481445312,73.27167510986328,75.3416748046875,2,1,2,2,2:298,0,0,0.0,model_static,False,mckenzie2003,5.483635247953786,5.51417875289917,5.447729587554932,5.51417875289917,5.51417875289917,3.29,3.29,3.29,1.6667584340285069,1.6760421741334863,0,0.0,0,0.0,0,0.0,298,1634.1233038902285,0,0.0,0,0.0,,,,,,,
static,model_static/summary_timeseries.csv,20,15.5,298,119200.0,1163.0774822875155,14.20121742195375,1163 ± 14.2,1136.41357421875,1211.7552490234375,1.940387676626244,0.0022496970965876,1.94 ± 0.00225,1.940000057220459,1.9574874639511108,0.3721090606572333,0.227557946985991,0.3721 ± 0.2276,0.0274833136904463,1.5032500055566438,333.9295302013423,0.2559371136331321,333.9 ± 0.2559,333.0,334.0,72.2953228790488,0.0121139534194899,72.3 ± 0.01211,72.23920440673828,72.30015563964844,75.3416748046875,2,1,2,2,2:298,0,0,0.0,model_static,False,mckenzie2003,5.452031106756838,5.447729587554932,5.381594657897949,5.51417875289917,5.614439964294434,3.3392953020134226,3.34,3.34,1.632688428442557,1.6310567627409975,0,0.0,0,0.0,0,0.0,298,1624.7052698135376,0,0.0,0,0.0,,,,,,,
static,model_static/summary_timeseries.csv,20,15.4,298,119200.0,1163.0774822875155,14.20121742195375,1163 ± 14.2,1136.41357421875,1211.7552490234375,1.940387676626244,0.0022496970965876,1.94 ± 0.00225,1.940000057220459,1.9574874639511108,0.3721090606572333,0.227557946985991,0.3721 ± 0.2276,0.0274833136904463,1.5032500055566438,336.17785234899327,0.3823884032640871,336.2 ± 0.3824,336.0,337.0,75.03854792550106,0.0184146131574769,75.04 ± 0.01841,75.01692199707031,75.07853698730469,75.3416748046875,2,1,2,2,2:298,0,0,0.0,model_static,False,mckenzie2003,5.479143576333986,5.447729587554932,5.447729587554932,5.614439964294434,5.614439964294434,3.361778523489933,3.36,3.37,1.6298353250460187,1.621348091534206,0,0.0,0,0.0,0,0.0,298,1632.784785747528,0,0.0,0,0.0,,,,,,,
static,model_static/summary_timeseries.csv,20,15.3,298,119200.0,1163.0774822875155,14.20121742195375,1163 ± 14.2,1136.41357421875,1211.7552490234375,1.940387676626244,0.0022496970965876,1.94 ± 0.00225,1.940000057220459,1.9574874639511108,0.3721090606572333,0.227557946985991,0.3721 ± 0.2276,0.0274833136904463,1.5032500055566438,342.0,0.0,342 ± 0,342.0,342.0,77.97256229067808,0.0022715230568664,77.97 ± 0.002272,77.95943450927734,77.97502899169922,75.3416748046875,2,1,2,2,2:298,0,0,0.0,model_static,False,mckenzie2003,5.534668029554738,5.51417875289917,5.51417875289917,5.614439964294434,5.648016929626465,3.420000000000001,3.42,3.42,1.6183239852499236,1.6123329686839678,0,0.0,0,0.0,0,0.0,298,1649.331072807312,0,0.0,0,0.0,,,,,,,
static,model_static/summary_timeseries.csv,20,15.2,298,119200.0,1163.0774822875155,14.20121742195375,1163 ± 14.2,1136.41357421875,1211.7552490234375,1.940387676626244,0.0022496970965876,1.94 ± 0.00225,1.940000057220459,1.9574874639511108,0.3721090606572333,0.227557946985991,0.3721 ± 0.2276,0.0274833136904463,1.5032500055566438,347.16107382550337,0.3675990318826618,347.2 ± 0.3676,347.0,348.0,76.78568984678128,0.0159220959282266,76.79 ± 0.01592,76.77644348144531,76.82302856445312,75.3416748046875,1,1,1,1,1:298,0,0,0.0,model_static,False,mckenzie2003,5.649520906025932,5.648016929626465,5.614439964294434,5.715404510498047,5.715404510498047,3.4716107382550336,3.47,3.48,1.6273416420121725,1.627670584906762,0,0.0,0,0.0,0,0.0,298,1683.5572299957275,0,0.0,0,0.0,,,,,,,
static,model_static/summary_timeseries.csv,20,15.1,298,119200.0,1163.0774822875155,14.20121742195375,1163 ± 14.2,1136.41357421875,1211.7552490234375,1.940387676626244,0.0022496970965876,1.94 ± 0.00225,1.940000057220459,1.9574874639511108,0.3721090606572333,0.227557946985991,0.3721 ± 0.2276,0.0274833136904463,1.5032500055566438,353.2751677852349,0.4465987854929967,353.3 ± 0.4466,353.0,354.0,76.25813936067108,0.0251586736701978,76.26 ± 0.02516,76.23745727539062,76.30030822753906,75.3416748046875,1,1,1,1,1:298,0,0,0.0,model_static,False,mckenzie2003,5.7743956130623015,5.817069053649902,5.648016929626465,5.817069053649902,5.817069053649902,3.532751677852349,3.53,3.54,1.6345593464065804,1.6478949160481309,0,0.0,0,0.0,0,0.0,298,1720.769892692566,0,0.0,0,0.0,,,,,,,
static,model_static/summary_timeseries.csv,20,15.0,298,119200.0,1163.0774822875155,14.20121742195375,1163 ± 14.2,1136.41357421875,1211.7552490234375,1.940387676626244,0.0022496970965876,1.94 ± 0.00225,1.940000057220459,1.9574874639511108,0.3721090606572333,0.227557946985991,0.3721 ± 0.2276,0.0274833136904463,1.5032500055566438,350.9865771812081,0.1150766993253842,351 ± 0.1151,350.0,351.0,74.30377210066622,0.0052507687887743,74.3 ± 0.005251,74.258544921875,74.3063735961914,75.3416748046875,1,1,1,1,1:298,0,0,0.0,model_static,False,mckenzie2003,5.684435266776373,5.715404510498047,5.648016929626465,5.720476031303405,5.74921464920044,3.509865771812081,3.51,3.51,1.6195585714139102,1.6283203733612668,0,0.0,0,0.0,0,0.0,298,1693.9617094993591,0,0.0,0,0.0,,,,,,,
static,model_static/summary_timeseries.csv,20,14.9,298,119200.0,1163.0774822875155,14.20121742195375,1163 ± 14.2,1136.41357421875,1211.7552490234375,1.940387676626244,0.0022496970965876,1.94 ± 0.00225,1.940000057220459,1.9574874639511108,0.3721090606572333,0.227557946985991,0.3721 ± 0.2276,0.0274833136904463,1.5032500055566438,354.0,0.0,354 ± 0,354.0,354.0,71.38703624034088,0.0010924301651718,71.39 ± 0.001092,71.38465881347656,71.38955688476562,75.3416748046875,1,1,1,1,1:298,0,0,0.0,model_static,False,mckenzie2003,5.800675486558236,5.817069053649902,5.74921464920044,5.817069053649902,5.817069053649902,3.54,3.54,3.54,1.6386088945079762,1.6432398456638142,0,0.0,0,0.0,0,0.0,298,1728.6012949943542,0,0.0,0,0.0,,,,,,,
static,model_static/summary_timeseries.csv,20,14.8,298,119200.0,1163.0774822875155,14.20121742195375,1163 ± 14.2,1136.41357421875,1211.7552490234375,1.940387676626244,0.0022496970965876,1.94 ± 0.00225,1.940000057220459,1.9574874639511108,0.3721090606572333,0.227557946985991,0.3721 ± 0.2276,0.0274833136904463,1.5032500055566438,353.8993288590604,0.3008927754558375,353.9 ± 0.3009,353.0,354.0,73.96331113776904,0.0142573145331113,73.96 ± 0.01426,73.91561126708984,73.97119903564453,75.3416748046875,1,1,1,1,1:298,0,0,0.0,model_static,False,mckenzie2003,5.708320760086879,5.715404510498047,5.648016929626465,5.74921464920044,5.74921464920044,3.5389932885906035,3.54,3.54,1.6129785337019564,1.61452104816329,0,0.0,0,0.0,0,0.0,298,1701.07958650589,0,0.0,0,0.0,,,,,,,
static,model_static/summary_timeseries.csv,20,14.7,298,119200.0,1163.0774822875155,14.20121742195375,1163 ± 14.2,1136.41357421875,1211.7552490234375,1.940387676626244,0.0022496970965876,1.94 ± 0.00225,1.940000057220459,1.9574874639511108,0.3721090606572333,0.227557946985991,0.3721 ± 0.2276,0.0274833136904463,1.5032500055566438,359.0,0.0,359 ± 0,359.0,359.0,72.95094847199101,0.0032819815235321,72.95 ± 0.003282,72.94107818603516,72.95409393310547,75.3416748046875,1,1,1,1,1:298,0,0,0.0,model_static,False,mckenzie2003,5.742680506418215,5.715404510498047,5.715404510498047,5.817069053649902,5.817069053649902,3.5900000000000007,3.59,3.59,1.599632453041286,1.5920346825899854,0,0.0,0,0.0,0,0.0,298,1711.3187909126282,0,0.0,0,0.0,,,,,,,
static,model_static/summary_timeseries.csv,20,14.6,298,119200.0,1163.0774822875155,14.20121742195375,1163 ± 14.2,1136.41357421875,1211.7552490234375,1.940387676626244,0.0022496970965876,1.94 ± 0.00225,1.940000057220459,1.9574874639511108,0.3721090606572333,0.227557946985991,0.3721 ± 0.2276,0.0274833136904463,1.5032500055566438,374.996644295302,0.0578311675825976,375 ± 0.05783,374.0,375.0,76.60315299834181,0.002747105692476,76.6 ± 0.002747,76.5606689453125,76.60565185546875,75.3416748046875,1,1,1,1,1:298,0,0,0.0,model_static,False,mckenzie2003,5.939612790242138,5.919431209564209,5.851112365722656,5.988058567047119,5.988058567047119,3.74996644295302,3.75,3.75,1.5839106623290635,1.5785149892171224,0,0.0,0,0.0,0,0.0,298,1770.004611492157,0,0.0,0,0.0,,,,,,,
static,model_static/summary_timeseries.csv,20,14.5,298,119200.0,1163.0774822875155,14.20121742195375,1163 ± 14.2,1136.41357421875,1211.7552490234375,1.940387676626244,0.0022496970965876,1.94 ± 0.00225,1.940000057220459,1.9574874639511108,0.3721090606572333,0.227557946985991,0.3721 ± 0.2276,0.0274833136904463,1.5032500055566438,385.0,0.0,385 ± 0,385.0,385.0,78.33054635988786,0.0006979201797939,78.33 ± 0.0006979,78.32930755615234,78.33158874511719,75.3416748046875,1,1,1,1,1:298,0,0,0.0,model_static,False,mckenzie2003,6.040709274727226,6.022488117218018,5.988058567047119,6.091578006744385,6.091578006744385,3.850000000000001,3.85,3.85,1.569015396033046,1.5642826278488358,0,0.0,0,0.0,0,0.0,298,1800.1313638687134,0,0.0,0,0.0,,,,,,,
static,model_static/summary_timeseries.csv,20,14.4,298,119200.0,1163.0774822875155,14.20121742195375,1163 ± 14.2,1136.41357421875,1211.7552490234375,1.940387676626244,0.0022496970965876,1.94 ± 0.00225,1.940000057220459,1.9574874639511108,0.3721090606572333,0.227557946985991,0.3721 ± 0.2276,0.0274833136904463,1.5032500055566438,395.16442953020135,0.3706648888134781,395.2 ± 0.3707,395.0,396.0,78.1877420412614,0.0192329476004326,78.19 ± 0.01923,78.17488098144531,78.23141479492188,75.3416748046875,1,1,1,1,1:298,0,0,0.0,model_static,False,mckenzie2003,6.11078070794176,6.126237869262695,6.022488117218018,6.1957879066467285,6.1957879066467285,3.951644295302013,3.95,3.96,1.5464000034862415,1.5509462960158722,0,0.0,0,0.0,0,0.0,298,1821.0126509666443,0,0.0,0,0.0,,,,,,,
static,model_static/summary_timeseries.csv,20,14.3,298,119200.0,1163.0774822875155,14.20121742195375,1163 ± 14.2,1136.41357421875,1211.7552490234375,1.940387676626244,0.0022496970965876,1.94 ± 0.00225,1.940000057220459,1.9574874639511108,0.3721090606572333,0.227557946985991,0.3721 ± 0.2276,0.0274833136904463,1.5032500055566438,388.1107382550336,0.3138077339800278,388.1 ± 0.3138,388.0,389.0,78.62382386994842,0.0145247692311419,78.62 ± 0.01452,78.60943603515625,78.66458129882812,75.3416748046875,1,1,1,1,1:298,0,0,0.0,model_static,False,mckenzie2003,5.951447400470708,5.919431209564209,5.919431209564209,5.988058567047119,6.022488117218018,3.881107382550335,3.88,3.89,1.5334388543359605,1.525626600403147,0,0.0,0,0.0,0,0.0,298,1773.531325340271,0,0.0,0,0.0,,,,,,,
static,model_static/summary_timeseries.csv,20,14.2,298,119200.0,1163.0774822875155,14.20121742195375,1163 ± 14.2,1136.41357421875,1211.7552490234375,1.940387676626244,0.0022496970965876,1.94 ± 0.00225,1.940000057220459,1.9574874639511108,0.3721090606572333,0.227557946985991,0.3721 ± 0.2276,0.0274833136904463,1.5032500055566438,377.0,0.0,377 ± 0,377.0,377.0,74.53836866033157,0.0011419786787783,74.54 ± 0.001142,74.52982330322266,74.54014587402344,75.3416748046875,1,1,1,1,1:298,0,0,0.0,model_static,False,mckenzie2003,5.980715626838223,5.988058567047119,5.919431209564209,6.022488117218018,6.022488117218018,3.77,3.77,3.77,1.5863967179942235,1.5883444474926045,0,0.0,0,0.0,0,0.0,298,1782.2532567977903,0,0.0,0,0.0,,,,,,,
static,model_static/summary_timeseries.csv,20,14.1,298,119200.0,1163.0774822875155,14.20121742195375,1163 ± 14.2,1136.41357421875,1211.7552490234375,1.940387676626244,0.0022496970965876,1.94 ± 0.00225,1.940000057220459,1.9574874639511108,0.3721090606572333,0.227557946985991,0.3721 ± 0.2276,0.0274833136904463,1.5032500055566438,363.4127516778523,0.4923288842658124,363.4 ± 0.4923,363.0,364.0,74.9843937150584,0.0227010068184136,74.98 ± 0.0227,74.95230102539062,75.0160140991211,75.3416748046875,1,1,1,1,1:298,0,0,0.0,model_static,False,mckenzie2003,5.724546029263695,5.715404510498047,5.648016929626465,5.817069053649902,5.851112365722656,3.6341275167785234,3.63,3.64,1.5752214511873466,1.5744916006881673,0,0.0,0,0.0,0,0.0,298,1705.914716720581,0,0.0,0,0.0,,,,,,,
static,model_static/summary_timeseries.csv,20,14.0,298,119200.0,1163.0774822875155,14.20121742195375,1163 ± 14.2,1136.41357421875,1211.7552490234375,1.940387676626244,0.0022496970965876,1.94 ± 0.00225,1.940000057220459,1.9574874639511108,0.3721090606572333,0.227557946985991,0.3721 ± 0.2276,0.0274833136904463,1.5032500055566438,362.5771812080537,0.4940071468343072,362.6 ± 0.494,362.0,363.0,72.92305420229098,0.0266581201239615,72.92 ± 0.02666,72.88883209228516,72.95549774169922,75.3416748046875,1,1,1,1,1:298,0,0,0.0,model_static,False,mckenzie2003,5.795489202409783,5.851112365722656,5.614439964294434,5.851112365722656,5.851112365722656,3.625771812080537,3.63,3.63,1.5984360967498106,1.6118766847720816,0,0.0,0,0.0,0,0.0,298,1727.0557823181152,0,0.0,0,0.0,,,,,,,
static,model_static/summary_timeseries.csv,20,13.9,298,119200.0,1163.0774822875155,14.20121742195375,1163 ± 14.2,1136.41357421875,1211.7552490234375,1.940387676626244,0.0022496970965876,1.94 ± 0.00225,1.940000057220459,1.9574874639511108,0.3721090606572333,0.227557946985991,0.3721 ± 0.2276,0.0274833136904463,1.5032500055566438,379.0,0.0,379 ± 0,379.0,379.0,75.29663080817102,0.0025257355532865,75.3 ± 0.002526,75.29277038574219,75.30152130126953,75.3416748046875,1,1,1,1,1:298,0,0,0.0,model_static,False,mckenzie2003,5.84879828299452,5.851112365722656,5.74921464920044,5.919431209564209,5.919431209564209,3.79,3.79,3.79,1.5432185443257307,1.5438291202434449,0,0.0,0,0.0,0,0.0,298,1742.941888332367,0,0.0,0,0.0,,,,,,,
static,model_static/summary_timeseries.csv,20,13.8,298,119200.0,1163.0774822875155,14.20121742195375,1163 ± 14.2,1136.41357421875,1211.7552490234375,1.940387676626244,0.0022496970965876,1.94 ± 0.00225,1.940000057220459,1.9574874639511108,0.3721090606572333,0.227557946985991,0.3721 ± 0.2276,0.0274833136904463,1.5032500055566438,391.993288590604,0.0816478191986338,392 ± 0.08165,391.0,392.0,76.77992683769072,0.0039098856170786,76.78 ± 0.00391,76.73423767089844,76.78296661376953,75.3416748046875,1,1,1,1,1:298,0,0,0.0,model_static,False,mckenzie2003,6.113680433106903,6.126237869262695,6.091578006744385,6.126237869262695,6.126237869262695,3.9199328859060407,3.92,3.92,1.5596387264002136,1.5628157829751774,0,0.0,0,0.0,0,0.0,298,1821.876769065857,0,0.0,0,0.0,,,,,,,
static,model_static/summary_timeseries.csv,20,13.7,298,119200.0,1163.0774822875155,14.20121742195375,1163 ± 14.2,1136.41357421875,1211.7552490234375,1.940387676626244,0.0022496970965876,1.94 ± 0.00225,1.940000057220459,1.9574874639511108,0.3721090606572333,0.227557946985991,0.3721 ± 0.2276,0.0274833136904463,1.5032500055566438,398.993288590604,0.0816478191986338,399 ± 0.08165,398.0,399.0,80.32285198749312,0.0050281408865477,80.32 ± 0.005028,80.27689361572266,80.32960510253906,75.3416748046875,1,1,1,1,1:298,0,0,0.0,model_static,False,mckenzie2003,6.091412489846249,6.126237869262695,6.022488117218018,6.126237869262695,6.126237869262695,3.989932885906042,3.99,3.99,1.5266952496455612,1.5353979622212268,0,0.0,0,0.0,0,0.0,298,1815.240921974182,0,0.0,0,0.0,,,,,,,
static,model_static/summary_timeseries.csv,20,13.6,298,119200.0,1163.0774822875155,14.20121742195375,1163 ± 14.2,1136.41357421875,1211.7552490234375,1.940387676626244,0.0022496970965876,1.94 ± 0.00225,1.940000057220459,1.9574874639511108,0.3721090606572333,0.227557946985991,0.3721 ± 0.2276,0.0274833136904463,1.5032500055566438,403.0,0.0,403 ± 0,403.0,403.0,78.10854659624547,0.0007273310630458,78.11 ± 0.0007273,78.1068344116211,78.10987854003906,75.3416748046875,1,1,1,1,1:298,0,0,0.0,model_static,False,mckenzie2003,6.16826722765929,6.1957879066467285,6.091578006744385,6.230677604675293,6.230677604675293,4.03,4.03,4.03,1.5305874014042902,1.5374163540066323,0,0.0,0,0.0,0,0.0,298,1838.1436338424685,0,0.0,0,0.0,,,,,,,
static,model_static/summary_timeseries.csv,20,13.5,298,119200.0,1163.0774822875155,14.20121742195375,1163 ± 14.2,1136.41357421875,1211.7552490234375,1.940387676626244,0.0022496970965876,1.94 ± 0.00225,1.940000057220459,1.9574874639511108,0.3721090606572333,0.227557946985991,0.3721 ± 0.2276,0.0274833136904463,1.5032500055566438,398.993288590604,0.0816478191986338,399 ± 0.08165,398.0,399.0,79.8318582829213,0.0041761704056869,79.83 ± 0.004176,79.78620910644531,79.83619689941406,75.3416748046875,1,1,1,1,1:298,0,0,0.0,model_static,False,mckenzie2003,6.091514164969425,6.091578006744385,6.022488117218018,6.126237869262695,6.126237869262695,3.989932885906042,3.99,3.99,1.5267206593781977,1.526711279885811,0,0.0,0,0.0,0,0.0,298,1815.271221160889,0,0.0,0,0.0,,,,,,,
static,model_static/summary_timeseries.csv,20,13.4,298,119200.0,1163.0774822875155,14.20121742195375,1163 ± 14.2,1136.41357421875,1211.7552490234375,1.940387676626244,0.0022496970965876,1.94 ± 0.00225,1.940000057220459,1.9574874639511108,0.3721090606572333,0.227557946985991,0.3721 ± 0.2276,0.0274833136904463,1.5032500055566438,394.9395973154362,0.2382314006617295,394.9 ± 0.2382,394.0,395.0,76.68013292351026,0.0113649169217546,76.68 ± 0.01136,76.63334655761719,76.68467712402344,75.3416748046875,1,1,1,1,1:298,0,0,0.0,model_static,False,mckenzie2003,6.054949549220552,6.022488117218018,6.022488117218018,6.091578006744385,6.126237869262695,3.949395973154363,3.95,3.95,1.5331334074941725,1.5246805360045614,0,0.0,0,0.0,0,0.0,298,1804.3749656677248,0,0.0,0,0.0,,,,,,,
static,model_static/summary_timeseries.csv,20,13.3,298,119200.0,1163.0774822875155,14.20121742195375,1163 ± 14.2,1136.41357421875,1211.7552490234375,1.940387676626244,0.0022496970965876,1.94 ± 0.00225,1.940000057220459,1.9574874639511108,0.3721090606572333,0.227557946985991,0.3721 ± 0.2276,0.0274833136904463,1.5032500055566438,393.8255033557047,0.379535986995938,393.8 ± 0.3795,393.0,394.0,78.32144252085845,0.0169080728719046,78.32 ± 0.01691,78.27758026123047,78.3313217163086,75.3416748046875,1,1,1,1,1:298,0,0,0.0,model_static,False,mckenzie2003,6.076292415593295,6.091578006744385,6.022488117218018,6.126237869262695,6.126237869262695,3.938255033557047,3.94,3.94,1.542885715005958,1.5460857885138033,0,0.0,0,0.0,0,0.0,298,1810.7351398468015,0,0.0,0,0.0,,,,,,,
static,model_static/summary_timeseries.csv,20,13.2,298,119200.0,1163.0774822875155,14.20121742195375,1163 ± 14.2,1136.41357421875,1211.7552490234375,1.940387676626244,0.0022496970965876,1.94 ± 0.00225,1.940000057220459,1.9574874639511108,0.3721090606572333,0.227557946985991,0.3721 ± 0.2276,0.0274833136904463,1.5032500055566438,390.9697986577181,0.1711409395973154,391 ± 0.1711,390.0,391.0,78.49020024754057,0.009078145090045,78.49 ± 0.009078,78.43960571289062,78.50276184082031,75.3416748046875,1,1,1,1,1:298,0,0,0.0,model_static,False,mckenzie2003,6.023800653099213,6.022488117218018,5.851112365722656,6.126237869262695,6.126237869262695,3.9096979865771817,3.91,3.91,1.5407334882841648,1.5402782908485977,0,0.0,0,0.0,0,0.0,298,1795.0925946235657,0,0.0,0,0.0,,,,,,,
static,model_static/summary_timeseries.csv,20,13.1,298,119200.0,1163.0774822875155,14.20121742195375,1163 ± 14.2,1136.41357421875,1211.7552490234375,1.940387676626244,0.0022496970965876,1.94 ± 0.00225,1.940000057220459,1.9574874639511108,0.3721090606572333,0.227557946985991,0.3721 ± 0.2276,0.0274833136904463,1.5032500055566438,396.51006711409394,0.4998986429405658,396.5 ± 0.4999,396.0,397.0,78.48894290796062,0.024315506553272,78.49 ± 0.02432,78.45975494384766,78.5139389038086,75.3416748046875,1,1,1,1,1:298,0,0,0.0,model_static,False,mckenzie2003,6.061117733884978,6.022488117218018,6.022488117218018,6.126237869262695,6.126237869262695,3.9651006711409393,3.97,3.97,1.528623501653549,1.5208303326308126,0,0.0,0,0.0,0,0.0,298,1806.2130846977236,0,0.0,0,0.0,,,,,,,
static,model_static/summary_timeseries.csv,20,13.0,298,119200.0,1163.0774822875155,14.20121742195375,1163 ± 14.2,1136.41357421875,1211.7552490234375,1.940387676626244,0.0022496970965876,1.94 ± 0.00225,1.940000057220459,1.9574874639511108,0.3721090606572333,0.227557946985991,0.3721 ± 0.2276,0.0274833136904463,1.5032500055566438,396.0,0.0,396 ± 0,396.0,396.0,83.47464613946492,0.0050462556160124,83.47 ± 0.005046,83.4679183959961,83.48159790039062,75.3416748046875,1,1,1,1,1:298,0,0,0.0,model_static,False,mckenzie2003,6.113430621639994,6.1957879066467285,6.022488117218018,6.1957879066467285,6.1957879066467285,3.96,3.96,3.96,1.5437956115252511,1.5645929057188708,0,0.0,0,0.0,0,0.0,298,1821.8023252487185,0,0.0,0,0.0,,,,,,,
static,model_static/summary_timeseries.csv,20,12.9,298,119200.0,1163.0774822875155,14.20121742195375,1163 ± 14.2,1136.41357421875,1211.7552490234375,1.940387676626244,0.0022496970965876,1.94 ± 0.00225,1.940000057220459,1.9574874639511108,0.3721090606572333,0.227557946985991,0.3721 ± 0.2276,0.0274833136904463,1.5032500055566438,384.0,0.0,384 ± 0,384.0,384.0,66.18049265714299,0.0008791224896329,66.18 ± 0.0008791,66.1787109375,66.18226623535156,75.3416748046875,1,1,1,1,1:298,0,0,0.0,model_static,False,mckenzie2003,6.0167407925496965,6.022488117218018,5.988058567047119,6.091578006744385,6.091578006744385,3.8400000000000007,3.84,3.84,1.5668595813931503,1.5683562805255256,0,0.0,0,0.0,0,0.0,298,1792.9887561798096,0,0.0,0,0.0,,,,,,,
static,model_static/summary_timeseries.csv,20,12.8,298,119200.0,1163.0774822875155,14.20121742195375,1163 ± 14.2,1136.41357421875,1211.7552490234375,1.940387676626244,0.0022496970965876,1.94 ± 0.00225,1.940000057220459,1.9574874639511108,0.3721090606572333,0.227557946985991,0.3721 ± 0.2276,0.0274833136904463,1.5032500055566438,385.0,0.0,385 ± 0,385.0,385.0,65.33120599529087,0.0049114644279703,65.33 ± 0.004911,65.31910705566406,65.33570861816406,75.3416748046875,1,1,1,1,1:298,0,0,0.0,model_static,False,mckenzie2003,5.975877256201418,5.919431209564209,5.919431209564209,6.091578006744385,6.091578006744385,3.850000000000001,3.85,3.85,1.5521759107016668,1.5375145998868074,0,0.0,0,0.0,0,0.0,298,1780.8114223480225,0,0.0,0,0.0,,,,,,,
static,model_static/summary_timeseries.csv,20,12.7,298,119200.0,1163.0774822875155,14.20121742195375,1163 ± 14.2,1136.41357421875,1211.7552490234375,1.940387676626244,0.0022496970965876,1.94 ± 0.00225,1.940000057220459,1.9574874639511108,0.3721090606572333,0.227557946985991,0.3721 ± 0.2276,0.0274833136904463,1.5032500055566438,388.0,0.0,388 ± 0,388.0,388.0,65.84216124259386,0.0018691465159907,65.84 ± 0.001869,65.83586883544922,65.84564208984375,75.3416748046875,1,1,1,1,1:298,0,0,0.0,model_static,False,mckenzie2003,6.126237869262695,6.126237869262695,6.126237869262695,6.126237869262695,6.126237869262695,3.88,3.88,3.88,1.5789272858924477,1.5789272858924472,0,0.0,0,0.0,0,0.0,298,1825.6188850402832,0,0.0,0,0.0,,,,,,,
static,model_static/summary_timeseries.csv,20,12.6,298,119200.0,1163.0774822875155,14.20121742195375,1163 ± 14.2,1136.41357421875,1211.7552490234375,1.940387676626244,0.0022496970965876,1.94 ± 0.00225,1.940000057220459,1.9574874639511108,0.3721090606572333,0.227557946985991,0.3721 ± 0.2276,0.0274833136904463,1.5032500055566438,385.0,0.0,385 ± 0,385.0,385.0,63.31710321311183,0.0012098533060114,63.32 ± 0.00121,63.313323974609375,63.319942474365234,75.3416748046875,1,1,1,1,1:298,0,0,0.0,model_static,False,mckenzie2003,6.114141809860332,6.126237869262695,6.091578006744385,6.126237869262695,6.126237869262695,3.850000000000001,3.85,3.85,1.5880887817819045,1.591230615392908,0,0.0,0,0.0,0,0.0,298,1822.014259338379,0,0.0,0,0.0,,,,,,,
static,model_static/summary_timeseries.csv,20,12.5,298,119200.0,1163.0774822875155,14.20121742195375,1163 ± 14.2,1136.41357421875,1211.7552490234375,1.940387676626244,0.0022496970965876,1.94 ± 0.00225,1.940000057220459,1.9574874639511108,0.3721090606572333,0.227557946985991,0.3721 ± 0.2276,0.0274833136904463,1.5032500055566438,382.4395973154362,0.4963381062315194,382.4 ± 0.4963,382.0,383.0,63.25805273632075,0.0239553235117202,63.26 ± 0.02396,63.2320442199707,63.292179107666016,75.3416748046875,1,1,1,1,1:298,0,0,0.0,model_static,False,mckenzie2003,6.084630393341884,6.091578006744385,5.988058567047119,6.091578006744385,6.091578006744385,3.824395973154362,3.82,3.83,1.591009628398568,1.5946539284671164,0,0.0,0,0.0,0,0.0,298,1813.2198572158811,0,0.0,0,0.0,,,,,,,
static,model_static/summary_timeseries.csv,20,12.4,298,119200.0,1163.0774822875155,14.20121742195375,1163 ± 14.2,1136.41357421875,1211.7552490234375,1.940387676626244,0.0022496970965876,1.94 ± 0.00225,1.940000057220459,1.9574874639511108,0.3721090606572333,0.227557946985991,0.3721 ± 0.2276,0.0274833136904463,1.5032500055566438,384.0,0.0,384 ± 0,384.0,384.0,64.89962740392492,0.0017009553239246,64.9 ± 0.001701,64.89641571044922,64.90271759033203,75.3416748046875,1,1,1,1,1:298,0,0,0.0,model_static,False,mckenzie2003,6.08891217340559,6.091578006744385,6.091578006744385,6.091578006744385,6.091578006744385,3.8400000000000007,3.84,3.84,1.5856542118243722,1.5863484392563505,0,0.0,0,0.0,0,0.0,298,1814.4958276748655,0,0.0,0,0.0,,,,,,,
static,model_static/summary_timeseries.csv,20,12.3,298,119200.0,1163.0774822875155,14.20121742195375,1163 ± 14.2,1136.41357421875,1211.7552490234375,1.940387676626244,0.0022496970965876,1.94 ± 0.00225,1.940000057220459,1.9574874639511108,0.3721090606572333,0.227557946985991,0.3721 ± 0.2276,0.0274833136904463,1.5032500055566438,381.0973154362416,0.2963868116342489,381.1 ± 0.2964,381.0,382.0,63.83537301441167,0.0153899164505939,63.84 ± 0.01539,63.82619857788086,63.88530731201172,75.3416748046875,1,1,1,1,1:298,0,0,0.0,model_static,False,mckenzie2003,6.085208844818525,6.091578006744385,5.988058567047119,6.091578006744385,6.091578006744385,3.810973154362416,3.81,3.82,1.5967644251287894,1.5988393718489198,0,0.0,0,0.0,0,0.0,298,1813.3922357559204,0,0.0,0,0.0,,,,,,,
static,model_static/summary_timeseries.csv,20,12.2,298,119200.0,1163.0774822875155,14.20121742195375,1163 ± 14.2,1136.41357421875,1211.7552490234375,1.940387676626244,0.0022496970965876,1.94 ± 0.00225,1.940000057220459,1.9574874639511108,0.3721090606572333,0.227557946985991,0.3721 ± 0.2276,0.0274833136904463,1.5032500055566438,381.9832214765101,0.1284406658322459,382 ± 0.1284,381.0,382.0,61.685513157172494,0.0065546011615249,61.69 ± 0.006555,61.63603591918945,61.69000625610352,75.3416748046875,1,1,1,1,1:298,0,0,0.0,model_static,False,mckenzie2003,6.091578006744385,6.091578006744385,6.091578006744385,6.091578006744385,6.091578006744385,3.8198322147651007,3.82,3.82,1.5947241540272137,1.5946539284671164,0,0.0,0,0.0,0,0.0,298,1815.290246009827,0,0.0,0,0.0,,,,,,,
static,model_static/summary_timeseries.csv,20,12.1,298,119200.0,1163.0774822875155,14.20121742195375,1163 ± 14.2,1136.41357421875,1211.7552490234375,1.940387676626244,0.0022496970965876,1.94 ± 0.00225,1.940000057220459,1.9574874639511108,0.3721090606572333,0.227557946985991,0.3721 ± 0.2276,0.0274833136904463,1.5032500055566438,388.6476510067114,0.4777019784521593,388.6 ± 0.4777,388.0,389.0,63.980107646660514,0.0226647812505687,63.98 ± 0.02266,63.944862365722656,63.99946594238281,75.3416748046875,1,1,1,1,1:298,0,0,0.0,model_static,False,mckenzie2003,6.126237869262695,6.126237869262695,6.126237869262695,6.126237869262695,6.126237869262695,3.8864765100671135,3.89,3.89,1.5762985099381226,1.574868346854163,0,0.0,0,0.0,0,0.0,298,1825.6188850402832,0,0.0,0,0.0,,,,,,,
static,model_static/summary_timeseries.csv,20,12.0,298,119200.0,1163.0774822875155,14.20121742195375,1163 ± 14.2,1136.41357421875,1211.7552490234375,1.940387676626244,0.0022496970965876,1.94 ± 0.00225,1.940000057220459,1.9574874639511108,0.3721090606572333,0.227557946985991,0.3721 ± 0.2276,0.0274833136904463,1.5032500055566438,393.0,0.0,393 ± 0,393.0,393.0,67.29708060962241,0.000860029222906,67.3 ± 0.00086,67.29510498046875,67.29889678955078,75.3416748046875,1,1,1,1,1:298,0,0,0.0,model_static,False,mckenzie2003,6.129426876170523,6.126237869262695,6.091578006744385,6.1957879066467285,6.1957879066467285,3.93,3.93,3.93,1.559650604623543,1.5588391524841465,0,0.0,0,0.0,0,0.0,298,1826.569209098816,0,0.0,0,0.0,,,,,,,
static,model_static/summary_timeseries.csv,20,11.9,298,119200.0,1163.0774822875155,14.20121742195375,1163 ± 14.2,1136.41357421875,1211.7552490234375,1.940387676626244,0.0022496970965876,1.94 ± 0.00225,1.940000057220459,1.9574874639511108,0.3721090606572333,0.227557946985991,0.3721 ± 0.2276,0.0274833136904463,1.5032500055566438,407.0,0.0,407 ± 0,407.0,407.0,68.78797198301994,0.0019762295426406,68.79 ± 0.001976,68.7818603515625,68.7920913696289,75.3416748046875,1,1,1,1,1:298,0,0,0.0,model_static,False,mckenzie2003,6.300451905935403,6.300686836242676,6.300686836242676,6.300686836242676,6.300686836242676,4.07,4.07,4.07,1.5480225813109096,1.5480803037451292,0,0.0,0,0.0,0,0.0,298,1877.53466796875,0,0.0,0,0.0,,,,,,,
static,model_static/summary_timeseries.csv,20,11.8,298,119200.0,1163.0774822875155,14.20121742195375,1163 ± 14.2,1136.41357421875,1211.7552490234375,1.940387676626244,0.0022496970965876,1.94 ± 0.00225,1.940000057220459,1.9574874639511108,0.3721090606572333,0.227557946985991,0.3721 ± 0.2276,0.0274833136904463,1.5032500055566438,412.0,0.0,412 ± 0,412.0,412.0,69.69026685881134,0.001505321756287,69.69 ± 0.001505,69.68685150146484,69.6936264038086,75.3416748046875,1,1,1,1,1:298,0,0,0.0,model_static,False,mckenzie2003,6.356373358092852,6.371000289916992,6.300686836242676,6.371000289916992,6.371000289916992,4.12,4.12,4.12,1.542809067498265,1.5463592936691728,0,0.0,0,0.0,0,0.0,298,1894.19926071167,0,0.0,0,0.0,,,,,,,
static,model_static/summary_timeseries.csv,20,11.7,298,119200.0,1163.0774822875155,14.20121742195375,1163 ± 14.2,1136.41357421875,1211.7552490234375,1.940387676626244,0.0022496970965876,1.94 ± 0.00225,1.940000057220459,1.9574874639511108,0.3721090606572333,0.227557946985991,0.3721 ± 0.2276,0.0274833136904463,1.5032500055566438,412.0,0.0,412 ± 0,412.0,412.0,70.63084921100796,0.0035552892839691,70.63 ± 0.003555,70.61759948730469,70.63380432128906,75.3416748046875,1,1,1,1,1:298,0,0,0.0,model_static,False,mckenzie2003,6.235100853363139,6.230677604675293,6.1957879066467285,6.371000289916992,6.371000289916992,4.12,4.12,4.12,1.5133739935347428,1.5123003894842943,0,0.0,0,0.0,0,0.0,298,1858.060054302216,0,0.0,0,0.0,,,,,,,
static,model_static/summary_timeseries.csv,20,11.6,298,119200.0,1163.0774822875155,14.20121742195375,1163 ± 14.2,1136.41357421875,1211.7552490234375,1.940387676626244,0.0022496970965876,1.94 ± 0.00225,1.940000057220459,1.9574874639511108,0.3721090606572333,0.227557946985991,0.3721 ± 0.2276,0.0274833136904463,1.5032500055566438,420.0,0.0,420 ± 0,420.0,420.0,69.91844753290982,0.0039616086067572,69.92 ± 0.003962,69.9129638671875,69.92697143554688,75.3416748046875,1,1,1,1,1:298,0,0,0.0,model_static,False,mckenzie2003,6.455571593854251,6.477041244506836,6.371000289916992,6.477041244506836,6.477041244506836,4.2,4.2,4.2,1.5370408556795836,1.5421526772635323,0,0.0,0,0.0,0,0.0,298,1923.760334968567,0,0.0,0,0.0,,,,,,,
static,model_static/summary_timeseries.csv,20,11.5,298,119200.0,1163.0774822875155,14.20121742195375,1163 ± 14.2,1136.41357421875,1211.7552490234375,1.940387676626244,0.0022496970965876,1.94 ± 0.00225,1.940000057220459,1.9574874639511108,0.3721090606572333,0.227557946985991,0.3721 ± 0.2276,0.0274833136904463,1.5032500055566438,427.0,0.0,427 ± 0,427.0,427.0,73.9404312748237,0.0044420673638689,73.94 ± 0.004442,73.92516326904297,73.94540405273438,75.3416748046875,1,1,1,1,1:298,0,0,0.0,model_static,False,mckenzie2003,6.370712094658973,6.371000289916992,6.230677604675293,6.477041244506836,6.512539863586426,4.2700000000000005,4.2700000000000005,4.2700000000000005,1.4919700455875815,1.4920375386222462,0,0.0,0,0.0,0,0.0,298,1898.472204208374,0,0.0,0,0.0,,,,,,,
static,model_static/summary_timeseries.csv,20,11.4,298,119200.0,1163.0774822875155,14.20121742195375,1163 ± 14.2,1136.41357421875,1211.7552490234375,1.940387676626244,0.0022496970965876,1.94 ± 0.00225,1.940000057220459,1.9574874639511108,0.3721090606572333,0.227557946985991,0.3721 ± 0.2276,0.0274833136904463,1.5032500055566438,434.1140939597315,0.3179253498611278,434.1 ± 0.3179,434.0,435.0,72.29382385663538,0.0141521487418474,72.29 ± 0.01415,72.28083038330078,72.33525085449219,75.3416748046875,1,1,1,1,1:298,0,0,0.0,model_static,False,mckenzie2003,6.509837363390314,6.512539863586426,6.477041244506836,6.58376407623291,6.58376407623291,4.341140939597316,4.34,4.3500000000000005,1.4995647673970105,1.5005852220245222,0,0.0,0,0.0,0,0.0,298,1939.9315342903135,0,0.0,0,0.0,,,,,,,
static,model_static/summary_timeseries.csv,20,11.3,298,119200.0,1163.0774822875155,14.20121742195375,1163 ± 14.2,1136.41357421875,1211.7552490234375,1.940387676626244,0.0022496970965876,1.94 ± 0.00225,1.940000057220459,1.9574874639511108,0.3721090606572333,0.227557946985991,0.3721 ± 0.2276,0.0274833136904463,1.5032500055566438,433.0,0.0,433 ± 0,433.0,433.0,71.60035242170295,0.0036908845765884,71.6 ± 0.003691,71.5866470336914,71.6034164428711,75.3416748046875,1,1,1,1,1:298,0,0,0.0,model_static,False,mckenzie2003,6.414210612341861,6.406271457672119,6.371000289916992,6.58376407623291,6.58376407623291,4.329999999999999,4.33,4.33,1.481341942804125,1.479508419785709,0,0.0,0,0.0,0,0.0,298,1911.4347624778748,0,0.0,0,0.0,,,,,,,
static,model_static/summary_timeseries.csv,20,11.2,298,119200.0,1163.0774822875155,14.20121742195375,1163 ± 14.2,1136.41357421875,1211.7552490234375,1.940387676626244,0.0022496970965876,1.94 ± 0.00225,1.940000057220459,1.9574874639511108,0.3721090606572333,0.227557946985991,0.3721 ± 0.2276,0.0274833136904463,1.5032500055566438,440.7953020134228,0.403480756503243,440.8 ± 0.4035,440.0,441.0,74.51066143880755,0.0166755192293238,74.51 ± 0.01668,74.46138000488281,74.52543640136719,75.3416748046875,1,1,1,1,1:298,0,0,0.0,model_static,False,mckenzie2003,6.500072197626101,6.512539863586426,6.371000289916992,6.58376407623291,6.619489669799805,4.4079530201342285,4.41,4.41,1.474614364839263,1.4767664089765138,0,0.0,0,0.0,0,0.0,298,1937.021514892578,0,0.0,0,0.0,,,,,,,
static,model_static/summary_timeseries.csv,20,11.1,298,119200.0,1163.0774822875155,14.20121742195375,1163 ± 14.2,1136.41357421875,1211.7552490234375,1.940387676626244,0.0022496970965876,1.94 ± 0.00225,1.940000057220459,1.9574874639511108,0.3721090606572333,0.227557946985991,0.3721 ± 0.2276,0.0274833136904463,1.5032500055566438,438.9261744966443,0.2614867079030625,438.9 ± 0.2615,438.0,439.0,76.63265753112384,0.0130770265932049,76.63 ± 0.01308,76.5846176147461,76.6388168334961,75.3416748046875,1,1,1,1,1:298,0,0,0.0,model_static,False,mckenzie2003,6.6029456029802365,6.619489669799805,6.58376407623291,6.619489669799805,6.619489669799805,4.389261744966443,4.39,4.39,1.504341925597629,1.5078564168108897,0,0.0,0,0.0,0,0.0,298,1967.6777896881104,0,0.0,0,0.0,,,,,,,
static,model_static/summary_timeseries.csv,20,11.0,298,119200.0,1163.0774822875155,14.20121742195375,1163 ± 14.2,1136.41357421875,1211.7552490234375,1.940387676626244,0.0022496970965876,1.94 ± 0.00225,1.940000057220459,1.9574874639511108,0.3721090606572333,0.227557946985991,0.3721 ± 0.2276,0.0274833136904463,1.5032500055566438,443.0,0.0,443 ± 0,443.0,443.0,75.72748965064952,0.0011880434183616,75.73 ± 0.001188,75.72086334228516,75.73019409179688,75.3416748046875,1,1,1,1,1:298,0,0,0.0,model_static,False,mckenzie2003,6.632013788159262,6.619489669799805,6.58376407623291,6.691166877746582,6.691166877746582,4.43,4.43,4.43,1.497068575205251,1.4942414604514234,0,0.0,0,0.0,0,0.0,298,1976.34010887146,0,0.0,0,0.0,,,,,,,
static,model_static/summary_timeseries.csv,20,10.9,298,119200.0,1163.0774822875155,14.20121742195375,1163 ± 14.2,1136.41357421875,1211.7552490234375,1.940387676626244,0.0022496970965876,1.94 ± 0.00225,1.940000057220459,1.9574874639511108,0.3721090606572333,0.227557946985991,0.3721 ± 0.2276,0.0274833136904463,1.5032500055566438,441.6040268456376,0.4890587034157498,441.6 ± 0.4891,441.0,442.0,74.54286762211947,0.0218500358122533,74.54 ± 0.02185,74.51465606689453,74.56261444091797,75.3416748046875,1,1,1,1,1:298,0,0,0.0,model_static,False,mckenzie2003,6.5976904862679095,6.619489669799805,6.512539863586426,6.619489669799805,6.619489669799805,4.416040268456376,4.42,4.42,1.4940245451252434,1.497622097239775,0,0.0,0,0.0,0,0.0,298,1966.111764907837,0,0.0,0,0.0,,,,,,,
static,model_static/summary_timeseries.csv,20,10.8,298,119200.0,1163.0774822875155,14.20121742195375,1163 ± 14.2,1136.41357421875,1211.7552490234375,1.940387676626244,0.0022496970965876,1.94 ± 0.00225,1.940000057220459,1.9574874639511108,0.3721090606572333,0.227557946985991,0.3721 ± 0.2276,0.0274833136904463,1.5032500055566438,446.9832214765101,0.1284406658322459,447 ± 0.1284,446.0,447.0,74.78219386875229,0.0084392903306952,74.78 ± 0.008439,74.73194885253906,74.7937240600586,75.3416748046875,1,1,1,1,1:298,0,0,0.0,model_static,False,mckenzie2003,6.644267962282936,6.691166877746582,6.477041244506836,6.691166877746582,6.691166877746582,4.4698322147651,4.47,4.47,1.486469486674359,1.496905341777759,0,0.0,0,0.0,0,0.0,298,1979.991852760315,0,0.0,0,0.0,,,,,,,
static,model_static/summary_timeseries.csv,20,10.7,298,119200.0,1163.0774822875155,14.20121742195375,1163 ± 14.2,1136.41357421875,1211.7552490234375,1.940387676626244,0.0022496970965876,1.94 ± 0.00225,1.940000057220459,1.9574874639511108,0.3721090606572333,0.227557946985991,0.3721 ± 0.2276,0.0274833136904463,1.5032500055566438,441.1845637583893,0.3879432657986113,441.2 ± 0.3879,441.0,442.0,77.49072567728543,0.020820415332142,77.49 ± 0.02082,77.4735107421875,77.5429916381836,75.3416748046875,1,1,1,1,1:298,0,0,0.0,model_static,False,mckenzie2003,6.57958693472331,6.58376407623291,6.371000289916992,6.619489669799805,6.619489669799805,4.411845637583893,4.41,4.42,1.4913537485148485,1.4929170240890952,0,0.0,0,0.0,0,0.0,298,1960.7169065475464,0,0.0,0,0.0,,,,,,,
static,model_static/summary_timeseries.csv,20,10.6,298,119200.0,1163.0774822875155,14.20121742195375,1163 ± 14.2,1136.41357421875,1211.7552490234375,1.940387676626244,0.0022496970965876,1.94 ± 0.00225,1.940000057220459,1.9574874639511108,0.3721090606572333,0.227557946985991,0.3721 ± 0.2276,0.0274833136904463,1.5032500055566438,441.0,0.0,441 ± 0,441.0,441.0,73.96290178746985,0.001294400997133,73.96 ± 0.001294,73.95745086669922,73.96484375,75.3416748046875,1,1,1,1,1:298,0,0,0.0,model_static,False,mckenzie2003,6.446073820126936,6.477041244506836,6.371000289916992,6.512539863586426,6.512539863586426,4.409999999999999,4.41,4.41,1.4616947437929562,1.4687168354890785,0,0.0,0,0.0,0,0.0,298,1920.9299983978271,0,0.0,0,0.0,,,,,,,
static,model_static/summary_timeseries.csv,20,10.5,298,119200.0,1163.0774822875155,14.20121742195375,1163 ± 14.2,1136.41357421875,1211.7552490234375,1.940387676626244,0.0022496970965876,1.94 ± 0.00225,1.940000057220459,1.9574874639511108,0.3721090606572333,0.227557946985991,0.3721 ± 0.2276,0.0274833136904463,1.5032500055566438,441.9832214765101,0.1284406658322459,442 ± 0.1284,441.0,442.0,75.98992812393496,0.0060194852373719,75.99 ± 0.006019,75.94123840332031,75.99272155761719,75.3416748046875,1,1,1,1,1:298,0,0,0.0,model_static,False,mckenzie2003,6.496261198248639,6.512539863586426,6.406271457672119,6.58376407623291,6.58376407623291,4.419832214765101,4.42,4.42,1.4697977402082871,1.4734253085037163,0,0.0,0,0.0,0,0.0,298,1935.8858370780945,0,0.0,0,0.0,,,,,,,
static,model_static/summary_timeseries.csv,20,10.4,298,119200.0,1163.0774822875155,14.20121742195375,1163 ± 14.2,1136.41357421875,1211.7552490234375,1.940387676626244,0.0022496970965876,1.94 ± 0.00225,1.940000057220459,1.9574874639511108,0.3721090606572333,0.227557946985991,0.3721 ± 0.2276,0.0274833136904463,1.5032500055566438,430.496644295302,0.4999887391191724,430.5 ± 0.5,430.0,431.0,73.93455973887603,0.0220415746419965,73.93 ± 0.02204,73.89900970458984,73.95804595947266,75.3416748046875,1,1,1,1,1:298,0,0,0.0,model_static,False,mckenzie2003,6.399079002790003,6.406271457672119,6.371000289916992,6.477041244506836,6.512539863586426,4.30496644295302,4.3,4.3100000000000005,1.4864369368727022,1.4863738880909787,0,0.0,0,0.0,0,0.0,298,1906.925542831421,0,0.0,0,0.0,,,,,,,
static,model_static/summary_timeseries.csv,20,10.3,298,119200.0,1163.0774822875155,14.20121742195375,1163 ± 14.2,1136.41357421875,1211.7552490234375,1.940387676626244,0.0022496970965876,1.94 ± 0.00225,1.940000057220459,1.9574874639511108,0.3721090606572333,0.227557946985991,0.3721 ± 0.2276,0.0274833136904463,1.5032500055566438,436.0,0.0,436 ± 0,436.0,436.0,76.36141012819022,0.0023161286754109,76.36 ± 0.002316,76.35801696777344,76.36761474609375,75.3416748046875,1,1,1,1,1:298,0,0,0.0,model_static,False,mckenzie2003,6.562732184493302,6.58376407623291,6.512539863586426,6.58376407623291,6.58376407623291,4.36,4.36,4.36,1.5052138037828673,1.5100376321635114,0,0.0,0,0.0,0,0.0,298,1955.694190979004,0,0.0,0,0.0,,,,,,,
static,model_static/summary_timeseries.csv,20,10.2,298,119200.0,1163.0774822875155,14.20121742195375,1163 ± 14.2,1136.41357421875,1211.7552490234375,1.940387676626244,0.0022496970965876,1.94 ± 0.00225,1.940000057220459,1.9574874639511108,0.3721090606572333,0.227557946985991,0.3721 ± 0.2276,0.0274833136904463,1.5032500055566438,436.0,0.0,436 ± 0,436.0,436.0,79.27316340504076,0.0013012756647745,79.27 ± 0.001301,79.2620620727539,79.2750473022461,75.3416748046875,1,1,1,1,1:298,0,0,0.0,model_static,False,mckenzie2003,6.497336350831409,6.512539863586426,6.406271457672119,6.58376407623291,6.58376407623291,4.36,4.36,4.36,1.490214759365002,1.493701803574868,0,0.0,0,0.0,0,0.0,298,1936.20623254776,0,0.0,0,0.0,,,,,,,
static,model_static/summary_timeseries.csv,20,10.1,298,119200.0,1163.0774822875155,14.20121742195375,1163 ± 14.2,1136.41357421875,1211.7552490234375,1.940387676626244,0.0022496970965876,1.94 ± 0.00225,1.940000057220459,1.9574874639511108,0.3721090606572333,0.227557946985991,0.3721 ± 0.2276,0.0274833136904463,1.5032500055566438,437.0,0.0,437 ± 0,437.0,437.0,76.66134200640172,0.0018487578311766,76.66 ± 0.001849,76.65371704101562,76.66504669189453,75.3416748046875,1,1,1,1,1:298,0,0,0.0,model_static,False,mckenzie2003,6.577788890608205,6.58376407623291,6.512539863586426,6.58376407623291,6.58376407623291,4.37,4.37,4.37,1.5052148491094293,1.50658216847435,0,0.0,0,0.0,0,0.0,298,1960.181089401245,0,0.0,0,0.0,,,,,,,
static,model_static/summary_timeseries.csv,20,10.0,298,119200.0,1163.0774822875155,14.20121742195375,1163 ± 14.2,1136.41357421875,1211.7552490234375,1.940387676626244,0.0022496970965876,1.94 ± 0.00225,1.940000057220459,1.9574874639511108,0.3721090606572333,0.227557946985991,0.3721 ± 0.2276,0.0274833136904463,1.5032500055566438,434.9832214765101,0.1284406658322459,435 ± 0.1284,434.0,435.0,73.64363968612363,0.0074032654546276,73.64 ± 0.007403,73.59465789794922,73.65967559814453,75.3416748046875,1,1,1,1,1:298,0,0,0.0,model_static,False,mckenzie2003,6.572576474823408,6.58376407623291,6.491308927536011,6.58376407623291,6.58376407623291,4.349832214765102,4.3500000000000005,4.3500000000000005,1.510995379998259,1.513508983042048,0,0.0,0,0.0,0,0.0,298,1958.6277894973755,0,0.0,0,0.0,,,,,,,
static,model_static/summary_timeseries.csv,20,9.9,298,119200.0,1163.0774822875155,14.20121742195375,1163 ± 14.2,1136.41357421875,1211.7552490234375,1.940387676626244,0.0022496970965876,1.94 ± 0.00225,1.940000057220459,1.9574874639511108,0.3721090606572333,0.227557946985991,0.3721 ± 0.2276,0.0274833136904463,1.5032500055566438,439.996644295302,0.0578311675825976,440 ± 0.05783,439.0,440.0,76.54821313947639,0.0035594267991358,76.55 ± 0.003559,76.49720764160156,76.5530014038086,75.3416748046875,1,1,1,1,1:298,0,0,0.0,model_static,False,mckenzie2003,6.619489669799805,6.619489669799805,6.619489669799805,6.619489669799805,6.619489669799805,4.399966442953019,4.4,4.4,1.504440970229187,1.5044294704090464,0,0.0,0,0.0,0,0.0,298,1972.6079216003416,0,0.0,0,0.0,,,,,,,
static,model_static/summary_timeseries.csv,20,9.8,298,119200.0,1163.0774822875155,14.20121742195375,1163 ± 14.2,1136.41357421875,1211.7552490234375,1.940387676626244,0.0022496970965876,1.94 ± 0.00225,1.940000057220459,1.9574874639511108,0.3721090606572333,0.227557946985991,0.3721 ± 0.2276,0.0274833136904463,1.5032500055566438,439.0872483221477,0.2821986045856193,439.1 ± 0.2822,439.0,440.0,74.62531667107703,0.0126307075292932,74.63 ± 0.01263,74.6123275756836,74.66635131835938,75.3416748046875,1,1,1,1,1:298,0,0,0.0,model_static,False,mckenzie2003,6.524278647147569,6.512539863586426,6.477041244506836,6.58376407623291,6.58376407623291,4.390872483221477,4.39,4.4,1.4858708751169307,1.4834942741654729,0,0.0,0,0.0,0,0.0,298,1944.235036849976,0,0.0,0,0.0,,,,,,,
static,model_static/summary_timeseries.csv,20,9.7,298,119200.0,1163.0774822875155,14.20121742195375,1163 ± 14.2,1136.41357421875,1211.7552490234375,1.940387676626244,0.0022496970965876,1.94 ± 0.00225,1.940000057220459,1.9574874639511108,0.3721090606572333,0.227557946985991,0.3721 ± 0.2276,0.0274833136904463,1.5032500055566438,441.0,0.0,441 ± 0,441.0,441.0,79.14093521937428,0.0010919582203112,79.14 ± 0.001092,79.13109588623047,79.1425552368164,75.3416748046875,1,1,1,1,1:298,0,0,0.0,model_static,False,mckenzie2003,6.572438262453015,6.58376407623291,6.512539863586426,6.619489669799805,6.619489669799805,4.409999999999999,4.41,4.41,1.4903488123476225,1.4929170240890952,0,0.0,0,0.0,0,0.0,298,1958.5866022109983,0,0.0,0,0.0,,,,,,,
static,model_static/summary_timeseries.csv,20,9.6,298,119200.0,1163.0774822875155,14.20121742195375,1163 ± 14.2,1136.41357421875,1211.7552490234375,1.940387676626244,0.0022496970965876,1.94 ± 0.00225,1.940000057220459,1.9574874639511108,0.3721090606572333,0.227557946985991,0.3721 ± 0.2276,0.0274833136904463,1.5032500055566438,444.9463087248322,0.2254074580368679,444.9 ± 0.2254,444.0,445.0,79.91225604882976,0.0113791254715911,79.91 ± 0.01138,79.86445617675781,79.91793823242188,75.3416748046875,1,1,1,1,1:298,0,0,0.0,model_static,False,mckenzie2003,6.589797115965977,6.58376407623291,6.512539863586426,6.619489669799805,6.691166877746582,4.449463087248322,4.45,4.45,1.4810329227614418,1.4794975452208787,0,0.0,0,0.0,0,0.0,298,1963.759540557861,0,0.0,0,0.0,,,,,,,
static,model_static/summary_timeseries.csv,20,9.5,298,119200.0,1163.0774822875155,14.20121742195375,1163 ± 14.2,1136.41357421875,1211.7552490234375,1.940387676626244,0.0022496970965876,1.94 ± 0.00225,1.940000057220459,1.9574874639511108,0.3721090606572333,0.227557946985991,0.3721 ± 0.2276,0.0274833136904463,1.5032500055566438,435.0,0.0,435 ± 0,435.0,435.0,79.97820860587511,0.0033902787413215,79.98 ± 0.00339,79.9708251953125,79.9865951538086,75.3416748046875,1,1,1,1,1:298,0,0,0.0,model_static,False,mckenzie2003,6.563816476988312,6.58376407623291,6.477041244506836,6.58376407623291,6.58376407623291,4.3500000000000005,4.3500000000000005,4.3500000000000005,1.50892332804329,1.513508983042048,0,0.0,0,0.0,0,0.0,298,1956.017310142517,0,0.0,0,0.0,,,,,,,
static,model_static/summary_timeseries.csv,20,9.4,298,119200.0,1163.0774822875155,14.20121742195375,1163 ± 14.2,1136.41357421875,1211.7552490234375,1.940387676626244,0.0022496970965876,1.94 ± 0.00225,1.940000057220459,1.9574874639511108,0.3721090606572333,0.227557946985991,0.3721 ± 0.2276,0.0274833136904463,1.5032500055566438,442.9530201342282,0.2115957418850261,443 ± 0.2116,442.0,443.0,77.52709648593161,0.0114143972012665,77.53 ± 0.01141,77.47755432128906,77.53577423095703,75.3416748046875,1,1,1,1,1:298,0,0,0.0,model_static,False,mckenzie2003,6.568975320598423,6.58376407623291,6.512539863586426,6.619489669799805,6.619489669799805,4.429530201342282,4.43,4.43,1.4829973722314864,1.4861769923776322,0,0.0,0,0.0,0,0.0,298,1957.55464553833,0,0.0,0,0.0,,,,,,,
static,model_static/summary_timeseries.csv,20,9.3,298,119200.0,1163.0774822875155,14.20121742195375,1163 ± 14.2,1136.41357421875,1211.7552490234375,1.940387676626244,0.0022496970965876,1.94 ± 0.00225,1.940000057220459,1.9574874639511108,0.3721090606572333,0.227557946985991,0.3721 ± 0.2276,0.0274833136904463,1.5032500055566438,444.9127516778523,0.2821986045856193,444.9 ± 0.2822,444.0,445.0,76.39460127145652,0.0159322166345408,76.39 ± 0.01593,76.34508514404297,76.40739440917969,75.3416748046875,1,1,1,1,1:298,0,0,0.0,model_static,False,mckenzie2003,6.5825197072637165,6.512539863586426,6.477041244506836,6.691166877746582,6.691166877746582,4.449127516778524,4.45,4.45,1.4795122878633933,1.4634921041767248,0,0.0,0,0.0,0,0.0,298,1961.5908727645876,0,0.0,0,0.0,,,,,,,
static,model_static/summary_timeseries.csv,20,9.2,298,119200.0,1163.0774822875155,14.20121742195375,1163 ± 14.2,1136.41357421875,1211.7552490234375,1.940387676626244,0.0022496970965876,1.94 ± 0.00225,1.940000057220459,1.9574874639511108,0.3721090606572333,0.227557946985991,0.3721 ± 0.2276,0.0274833136904463,1.5032500055566438,448.993288590604,0.0816478191986338,449 ± 0.08165,448.0,449.0,77.03323041672675,0.0037122810626761,77.03 ± 0.003712,76.98917388916016,77.03558349609375,75.3416748046875,1,1,1,1,1:298,0,0,0.0,model_static,False,mckenzie2003,6.586685459085759,6.58376407623291,6.512539863586426,6.619489669799805,6.691166877746582,4.4899328859060414,4.49,4.49,1.466989418820537,1.4663171661988663,0,0.0,0,0.0,0,0.0,298,1962.832266807556,0,0.0,0,0.0,,,,,,,
static,model_static/summary_timeseries.csv,20,9.1,298,119200.0,1163.0774822875155,14.20121742195375,1163 ± 14.2,1136.41357421875,1211.7552490234375,1.940387676626244,0.0022496970965876,1.94 ± 0.00225,1.940000057220459,1.9574874639511108,0.3721090606572333,0.227557946985991,0.3721 ± 0.2276,0.0274833136904463,1.5032500055566438,448.9060402684564,0.291772686164888,448.9 ± 0.2918,448.0,449.0,78.04057698601844,0.0142529980611312,78.04 ± 0.01425,77.99512481689453,78.04731750488281,75.3416748046875,1,1,1,1,1:298,0,0,0.0,model_static,False,mckenzie2003,6.603674021343257,6.619489669799805,6.58376407623291,6.619489669799805,6.691166877746582,4.489060402684564,4.49,4.49,1.471059999696311,1.474273868552295,0,0.0,0,0.0,0,0.0,298,1967.8948583602903,0,0.0,0,0.0,,,,,,,
static,model_static/summary_timeseries.csv,20,9.0,298,119200.0,1163.0774822875155,14.20121742195375,1163 ± 14.2,1136.41357421875,1211.7552490234375,1.940387676626244,0.0022496970965876,1.94 ± 0.00225,1.940000057220459,1.9574874639511108,0.3721090606572333,0.227557946985991,0.3721 ± 0.2276,0.0274833136904463,1.5032500055566438,444.1711409395973,0.3766320729718374,444.2 ± 0.3766,444.0,445.0,79.33253432920316,0.0187289044399235,79.33 ± 0.01873,79.32159423828125,79.37466430664062,75.3416748046875,1,1,1,1,1:298,0,0,0.0,model_static,False,mckenzie2003,6.561298139943372,6.58376407623291,6.512539863586426,6.58376407623291,6.58376407623291,4.441711409395974,4.44,4.45,1.4772057445507547,1.482829746899304,0,0.0,0,0.0,0,0.0,298,1955.266845703125,0,0.0,0,0.0,,,,,,,
static,model_static/summary_timeseries.csv,20,8.9,298,119200.0,1163.0774822875155,14.20121742195375,1163 ± 14.2,1136.41357421875,1211.7552490234375,1.940387676626244,0.0022496970965876,1.94 ± 0.00225,1.940000057220459,1.9574874639511108,0.3721090606572333,0.227557946985991,0.3721 ± 0.2276,0.0274833136904463,1.5032500055566438,433.0,0.0,433 ± 0,433.0,433.0,74.91018466821453,0.0008053697016993,74.91 ± 0.0008054,74.908447265625,74.91165924072266,75.3416748046875,1,1,1,1,1:298,0,0,0.0,model_static,False,mckenzie2003,6.497925103910817,6.512539863586426,6.406271457672119,6.58376407623291,6.58376407623291,4.329999999999999,4.33,4.33,1.500675543628364,1.5040507768097982,0,0.0,0,0.0,0,0.0,298,1936.381680965424,0,0.0,0,0.0,,,,,,,
static,model_static/summary_timeseries.csv,20,8.8,298,119200.0,1163.0774822875155,14.20121742195375,1163 ± 14.2,1136.41357421875,1211.7552490234375,1.940387676626244,0.0022496970965876,1.94 ± 0.00225,1.940000057220459,1.9574874639511108,0.3721090606572333,0.227557946985991,0.3721 ± 0.2276,0.0274833136904463,1.5032500055566438,431.0,0.0,431 ± 0,431.0,431.0,74.98565420368374,0.0032708904536383,74.99 ± 0.003271,74.98193359375,74.99689483642578,75.3416748046875,1,1,1,1,1:298,0,0,0.0,model_static,False,mckenzie2003,6.496372734940292,6.512539863586426,6.371000289916992,6.512539863586426,6.512539863586426,4.310000000000002,4.3100000000000005,4.3100000000000005,1.507279056830694,1.5110301307625116,0,0.0,0,0.0,0,0.0,298,1935.919075012207,0,0.0,0,0.0,,,,,,,
static,model_static/summary_timeseries.csv,20,8.7,298,119200.0,1163.0774822875155,14.20121742195375,1163 ± 14.2,1136.41357421875,1211.7552490234375,1.940387676626244,0.0022496970965876,1.94 ± 0.00225,1.940000057220459,1.9574874639511108,0.3721090606572333,0.227557946985991,0.3721 ± 0.2276,0.0274833136904463,1.5032500055566438,443.0,0.0,443 ± 0,443.0,443.0,77.45202106757452,0.0028831373885861,77.45 ± 0.002883,77.44325256347656,77.45556640625,75.3416748046875,1,1,1,1,1:298,0,0,0.0,model_static,False,mckenzie2003,6.544223961414107,6.512539863586426,6.477041244506836,6.619489669799805,6.619489669799805,4.43,4.43,4.43,1.4772514585584895,1.4700992920059652,0,0.0,0,0.0,0,0.0,298,1950.178740501404,0,0.0,0,0.0,,,,,,,
static,model_static/summary_timeseries.csv,20,8.6,298,119200.0,1163.0774822875155,14.20121742195375,1163 ± 14.2,1136.41357421875,1211.7552490234375,1.940387676626244,0.0022496970965876,1.94 ± 0.00225,1.940000057220459,1.9574874639511108,0.3721090606572333,0.227557946985991,0.3721 ± 0.2276,0.0274833136904463,1.5032500055566438,439.1946308724832,0.395916273926245,439.2 ± 0.3959,439.0,440.0,78.4162046701316,0.0177818220313583,78.42 ± 0.01778,78.40589904785156,78.45327758789062,75.3416748046875,1,1,1,1,1:298,0,0,0.0,model_static,False,mckenzie2003,6.588471563070413,6.58376407623291,6.512539863586426,6.619489669799805,6.619489669799805,4.391946308724833,4.39,4.4,1.5001237992861642,1.4997184683901847,0,0.0,0,0.0,0,0.0,298,1963.364525794983,0,0.0,0,0.0,,,,,,,
static,model_static/summary_timeseries.csv,20,8.5,298,119200.0,1163.0774822875155,14.20121742195375,1163 ± 14.2,1136.41357421875,1211.7552490234375,1.940387676626244,0.0022496970965876,1.94 ± 0.00225,1.940000057220459,1.9574874639511108,0.3721090606572333,0.227557946985991,0.3721 ± 0.2276,0.0274833136904463,1.5032500055566438,441.0,0.0,441 ± 0,441.0,441.0,79.60997833661585,0.0012274157585483,79.61 ± 0.001227,79.60508728027344,79.6119384765625,75.3416748046875,1,1,1,1,1:298,0,0,0.0,model_static,False,mckenzie2003,6.51221905618706,6.512539863586426,6.477041244506836,6.58376407623291,6.58376407623291,4.409999999999999,4.41,4.41,1.476693663534481,1.4767664089765138,0,0.0,0,0.0,0,0.0,298,1940.641278743744,0,0.0,0,0.0,,,,,,,
static,model_static/summary_timeseries.csv,20,8.4,298,119200.0,1163.0774822875155,14.20121742195375,1163 ± 14.2,1136.41357421875,1211.7552490234375,1.940387676626244,0.0022496970965876,1.94 ± 0.00225,1.940000057220459,1.9574874639511108,0.3721090606572333,0.227557946985991,0.3721 ± 0.2276,0.0274833136904463,1.5032500055566438,446.993288590604,0.0816478191986338,447 ± 0.08165,446.0,447.0,80.4969180830373,0.0037859178842233,80.5 ± 0.003786,80.45159149169922,80.49887084960938,75.3416748046875,1,1,1,1,1:298,0,0,0.0,model_static,False,mckenzie2003,6.627584902232125,6.619489669799805,6.58376407623291,6.691166877746582,6.691166877746582,4.469932885906039,4.47,4.47,1.482703110280174,1.4808701722147215,0,0.0,0,0.0,0,0.0,298,1975.020300865173,0,0.0,0,0.0,,,,,,,
static,model_static/summary_timeseries.csv,20,8.3,298,119200.0,1163.0774822875155,14.20121742195375,1163 ± 14.2,1136.41357421875,1211.7552490234375,1.940387676626244,0.0022496970965876,1.94 ± 0.00225,1.940000057220459,1.9574874639511108,0.3721090606572333,0.227557946985991,0.3721 ± 0.2276,0.0274833136904463,1.5032500055566438,441.0,0.0,441 ± 0,441.0,441.0,78.58250726789436,0.0053527491238957,78.58 ± 0.005353,78.57156372070312,78.58753967285156,75.3416748046875,1,1,1,1,1:298,0,0,0.0,model_static,False,mckenzie2003,6.49628004771751,6.477041244506836,6.406271457672119,6.619489669799805,6.619489669799805,4.409999999999999,4.41,4.41,1.4730793758996623,1.4687168354890785,0,0.0,0,0.0,0,0.0,298,1935.891454219818,0,0.0,0,0.0,,,,,,,
static,model_static/summary_timeseries.csv,20,8.2,298,119200.0,1163.0774822875155,14.20121742195375,1163 ± 14.2,1136.41357421875,1211.7552490234375,1.940387676626244,0.0022496970965876,1.94 ± 0.00225,1.940000057220459,1.9574874639511108,0.3721090606572333,0.227557946985991,0.3721 ± 0.2276,0.0274833136904463,1.5032500055566438,441.0,0.0,441 ± 0,441.0,441.0,79.9455695952345,0.0014769074731337,79.95 ± 0.001477,79.93186950683594,79.94735717773438,75.3416748046875,1,1,1,1,1:298,0,0,0.0,model_static,False,mckenzie2003,6.476967147532726,6.477041244506836,6.406271457672119,6.512539863586426,6.619489669799805,4.409999999999999,4.41,4.41,1.468700033454133,1.4687168354890785,0,0.0,0,0.0,0,0.0,298,1930.136209964752,0,0.0,0,0.0,,,,,,,
static,model_static/summary_timeseries.csv,20,8.1,298,119200.0,1163.0774822875155,14.20121742195375,1163 ± 14.2,1136.41357421875,1211.7552490234375,1.940387676626244,0.0022496970965876,1.94 ± 0.00225,1.940000057220459,1.9574874639511108,0.3721090606572333,0.227557946985991,0.3721 ± 0.2276,0.0274833136904463,1.5032500055566438,440.0771812080537,0.2668787537011219,440.1 ± 0.2669,440.0,441.0,79.61607819115555,0.0141710065076526,79.62 ± 0.01417,79.6046142578125,79.6697006225586,75.3416748046875,1,1,1,1,1:298,0,0,0.0,model_static,False,mckenzie2003,6.540578384527424,6.58376407623291,6.477041244506836,6.619489669799805,6.619489669799805,4.400771812080537,4.4,4.41,1.4862371477606464,1.4963100173256614,0,0.0,0,0.0,0,0.0,298,1949.0923585891724,0,0.0,0,0.0,,,,,,,
static,model_static/summary_timeseries.csv,20,8.0,298,119200.0,1163.0774822875155,14.20121742195375,1163 ± 14.2,1136.41357421875,1211.7552490234375,1.940387676626244,0.0022496970965876,1.94 ± 0.00225,1.940000057220459,1.9574874639511108,0.3721090606572333,0.227557946985991,0.3721 ± 0.2276,0.0274833136904463,1.5032500055566438,449.755033557047,0.4300673026166542,449.8 ± 0.4301,449.0,450.0,80.58612613549968,0.0192336859296991,80.59 ± 0.01923,80.5390853881836,80.59869384765625,75.3416748046875,1,1,1,1,1:298,0,0,0.0,model_static,False,mckenzie2003,6.530369140957826,6.512539863586426,6.477041244506836,6.58376407623291,6.691166877746582,4.49755033557047,4.5,4.5,1.451980312589475,1.4472310807969837,0,0.0,0,0.0,0,0.0,298,1946.050004005432,0,0.0,0,0.0,,,,,,,
static,model_static/summary_timeseries.csv,20,7.9,298,119200.0,1163.0774822875155,14.20121742195375,1163 ± 14.2,1136.41357421875,1211.7552490234375,1.940387676626244,0.0022496970965876,1.94 ± 0.00225,1.940000057220459,1.9574874639511108,0.3721090606572333,0.227557946985991,0.3721 ± 0.2276,0.0274833136904463,1.5032500055566438,449.9395973154362,0.2382314006617295,449.9 ± 0.2382,449.0,450.0,82.71262185525575,0.0106065087006453,82.71 ± 0.01061,82.67036437988281,82.71693420410156,75.3416748046875,1,1,1,1,1:298,0,0,0.0,model_static,False,mckenzie2003,6.53287987100998,6.512539863586426,6.477041244506836,6.58376407623291,6.619489669799805,4.499395973154363,4.5,4.5,1.4519444779993405,1.4472310807969837,0,0.0,0,0.0,0,0.0,298,1946.798201560974,0,0.0,0,0.0,,,,,,,
static,model_static/summary_timeseries.csv,20,7.8,298,119200.0,1163.0774822875155,14.20121742195375,1163 ± 14.2,1136.41357421875,1211.7552490234375,1.940387676626244,0.0022496970965876,1.94 ± 0.00225,1.940000057220459,1.9574874639511108,0.3721090606572333,0.227557946985991,0.3721 ± 0.2276,0.0274833136904463,1.5032500055566438,447.38926174496646,0.487582853340971,447.4 ± 0.4876,447.0,448.0,83.20938796485031,0.0219751582091117,83.21 ± 0.02198,83.18128204345703,83.23809814453125,75.3416748046875,1,1,1,1,1:298,0,0,0.0,model_static,False,mckenzie2003,6.472573333138588,6.477041244506836,6.406271457672119,6.512539863586426,6.619489669799805,4.473892617449664,4.47,4.48,1.4467390843683283,1.4490025155496278,0,0.0,0,0.0,0,0.0,298,1928.826853275299,0,0.0,0,0.0,,,,,,,
static,model_static/summary_timeseries.csv,20,7.7,298,119200.0,1163.0774822875155,14.20121742195375,1163 ± 14.2,1136.41357421875,1211.7552490234375,1.940387676626244,0.0022496970965876,1.94 ± 0.00225,1.940000057220459,1.9574874639511108,0.3721090606572333,0.227557946985991,0.3721 ± 0.2276,0.0274833136904463,1.5032500055566438,448.0,0.0,448 ± 0,448.0,448.0,80.75469776127963,0.0008358740491309,80.75 ± 0.0008359,80.7529067993164,80.7567138671875,75.3416748046875,1,1,1,1,1:298,0,0,0.0,model_static,False,mckenzie2003,6.645484095451816,6.619489669799805,6.58376407623291,6.691166877746582,6.691166877746582,4.480000000000001,4.48,4.48,1.4833669855919231,1.4775646584374562,0,0.0,0,0.0,0,0.0,298,1980.354260444641,0,0.0,0,0.0,,,,,,,
static,model_static/summary_timeseries.csv,20,7.6,298,119200.0,1163.0774822875155,14.20121742195375,1163 ± 14.2,1136.41357421875,1211.7552490234375,1.940387676626244,0.0022496970965876,1.94 ± 0.00225,1.940000057220459,1.9574874639511108,0.3721090606572333,0.227557946985991,0.3721 ± 0.2276,0.0274833136904463,1.5032500055566438,447.4127516778523,0.4923288842658124,447.4 ± 0.4923,447.0,448.0,83.05100603551672,0.0223798913500398,83.05 ± 0.02238,83.02347564697266,83.07910919189453,75.3416748046875,1,1,1,1,1:298,0,0,0.0,model_static,False,mckenzie2003,6.507075444163892,6.512539863586426,6.477041244506836,6.58376407623291,6.58376407623291,4.474127516778523,4.47,4.48,1.454377234191946,1.4536919338362555,0,0.0,0,0.0,0,0.0,298,1939.10848236084,0,0.0,0,0.0,,,,,,,
static,model_static/summary_timeseries.csv,20,7.5,298,119200.0,1163.0774822875155,14.20121742195375,1163 ± 14.2,1136.41357421875,1211.7552490234375,1.940387676626244,0.0022496970965876,1.94 ± 0.00225,1.940000057220459,1.9574874639511108,0.3721090606572333,0.227557946985991,0.3721 ± 0.2276,0.0274833136904463,1.5032500055566438,446.0,0.0,446 ± 0,446.0,446.0,81.24094762098069,0.0018121760863538,81.24 ± 0.001812,81.23857116699219,81.24626159667969,75.3416748046875,1,1,1,1,1:298,0,0,0.0,model_static,False,mckenzie2003,6.65774720467177,6.691166877746582,6.58376407623291,6.691166877746582,6.691166877746582,4.46,4.46,4.46,1.4927684315407557,1.5002616317817448,0,0.0,0,0.0,0,0.0,298,1984.0086669921875,0,0.0,0,0.0,,,,,,,
static,model_static/summary_timeseries.csv,20,7.4,298,119200.0,1163.0774822875155,14.20121742195375,1163 ± 14.2,1136.41357421875,1211.7552490234375,1.940387676626244,0.0022496970965876,1.94 ± 0.00225,1.940000057220459,1.9574874639511108,0.3721090606572333,0.227557946985991,0.3721 ± 0.2276,0.0274833136904463,1.5032500055566438,449.993288590604,0.0816478191986338,450 ± 0.08165,449.0,450.0,82.13017756826926,0.0050115042975958,82.13 ± 0.005012,82.08234405517578,82.13590240478516,75.3416748046875,1,1,1,1,1:298,0,0,0.0,model_static,False,mckenzie2003,6.614486374310999,6.619489669799805,6.58376407623291,6.691166877746582,6.691166877746582,4.49993288590604,4.5,4.5,1.4699077299686814,1.4709977043999567,0,0.0,0,0.0,0,0.0,298,1971.1169395446775,0,0.0,0,0.0,,,,,,,
static,model_static/summary_timeseries.csv,20,7.3,298,119200.0,1163.0774822875155,14.20121742195375,1163 ± 14.2,1136.41357421875,1211.7552490234375,1.940387676626244,0.0022496970965876,1.94 ± 0.00225,1.940000057220459,1.9574874639511108,0.3721090606572333,0.227557946985991,0.3721 ± 0.2276,0.0274833136904463,1.5032500055566438,452.0,0.0,452 ± 0,452.0,452.0,83.91374698101274,0.0012522319085839,83.91 ± 0.001252,83.90216827392578,83.915283203125,75.3416748046875,1,1,1,1,1:298,0,0,0.0,model_static,False,mckenzie2003,6.634787818729477,6.619489669799805,6.58376407623291,6.691166877746582,6.727118492126465,4.5200000000000005,4.5200000000000005,4.5200000000000005,1.4678734112233358,1.4644888649999566,0,0.0,0,0.0,0,0.0,298,1977.1667699813845,0,0.0,0,0.0,,,,,,,
static,model_static/summary_timeseries.csv,20,7.2,298,119200.0,1163.0774822875155,14.20121742195375,1163 ± 14.2,1136.41357421875,1211.7552490234375,1.940387676626244,0.0022496970965876,1.94 ± 0.00225,1.940000057220459,1.9574874639511108,0.3721090606572333,0.227557946985991,0.3721 ± 0.2276,0.0274833136904463,1.5032500055566438,452.9060402684564,0.291772686164888,452.9 ± 0.2918,452.0,453.0,82.71526024325583,0.0139393826295206,82.72 ± 0.01394,82.67170715332031,82.7263412475586,75.3416748046875,1,1,1,1,1:298,0,0,0.0,model_static,False,mckenzie2003,6.660321661289906,6.691166877746582,6.58376407623291,6.727118492126465,6.727118492126465,4.529060402684564,4.53,4.53,1.4705734421134555,1.4770787809595105,0,0.0,0,0.0,0,0.0,298,1984.775855064392,0,0.0,0,0.0,,,,,,,
static,model_static/summary_timeseries.csv,20,7.1,298,119200.0,1163.0774822875155,14.20121742195375,1163 ± 14.2,1136.41357421875,1211.7552490234375,1.940387676626244,0.0022496970965876,1.94 ± 0.00225,1.940000057220459,1.9574874639511108,0.3721090606572333,0.227557946985991,0.3721 ± 0.2276,0.0274833136904463,1.5032500055566438,453.9295302013423,0.2559371136331321,453.9 ± 0.2559,453.0,454.0,84.63129343122444,0.0115677805840196,84.63 ± 0.01157,84.5783462524414,84.63653564453125,75.3416748046875,1,1,1,1,1:298,0,0,0.0,model_static,False,mckenzie2003,6.6151116422358776,6.619489669799805,6.512539863586426,6.691166877746582,6.727118492126465,4.539295302013423,4.54,4.54,1.457297016676994,1.4580373722026,0,0.0,0,0.0,0,0.0,298,1971.3032693862915,0,0.0,0,0.0,,,,,,,
static,model_static/summary_timeseries.csv,20,7.0,298,119200.0,1163.0774822875155,14.20121742195375,1163 ± 14.2,1136.41357421875,1211.7552490234375,1.940387676626244,0.0022496970965876,1.94 ± 0.00225,1.940000057220459,1.9574874639511108,0.3721090606572333,0.227557946985991,0.3721 ± 0.2276,0.0274833136904463,1.5032500055566438,454.0,0.0,454 ± 0,454.0,454.0,83.50216746490274,0.0014913894007288,83.5 ± 0.001491,83.49939727783203,83.50592041015625,75.3416748046875,1,1,1,1,1:298,0,0,0.0,model_static,False,mckenzie2003,6.71481897366927,6.727118492126465,6.691166877746582,6.727118492126465,6.727118492126465,4.54,4.54,4.54,1.4790350162267112,1.4817441612613358,0,0.0,0,0.0,0,0.0,298,2001.0160541534424,0,0.0,0,0.0,,,,,,,
static,model_static/summary_timeseries.csv,20,6.9,298,119200.0,1163.0774822875155,14.20121742195375,1163 ± 14.2,1136.41357421875,1211.7552490234375,1.940387676626244,0.0022496970965876,1.94 ± 0.00225,1.940000057220459,1.9574874639511108,0.3721090606572333,0.227557946985991,0.3721 ± 0.2276,0.0274833136904463,1.5032500055566438,451.48993288590606,0.4998986429405658,451.5 ± 0.4999,451.0,452.0,83.2379207483074,0.025892351669852,83.24 ± 0.02589,83.2056884765625,83.2660903930664,75.3416748046875,1,1,1,1,1:298,0,0,0.0,model_static,False,mckenzie2003,6.567768580161485,6.512539863586426,6.477041244506836,6.727118492126465,6.727118492126465,4.514899328859061,4.51,4.5200000000000005,1.4546993043842154,1.4408274034483242,0,0.0,0,0.0,0,0.0,298,1957.1950368881223,0,0.0,0,0.0,,,,,,,
static,model_static/summary_timeseries.csv,20,6.8,298,119200.0,1163.0774822875155,14.20121742195375,1163 ± 14.2,1136.41357421875,1211.7552490234375,1.940387676626244,0.0022496970965876,1.94 ± 0.00225,1.940000057220459,1.9574874639511108,0.3721090606572333,0.227557946985991,0.3721 ± 0.2276,0.0274833136904463,1.5032500055566438,451.9060402684564,0.291772686164888,451.9 ± 0.2918,451.0,452.0,81.31530690033163,0.0148351535785229,81.32 ± 0.01484,81.25785827636719,81.32194519042969,75.3416748046875,1,1,1,1,1:298,0,0,0.0,model_static,False,mckenzie2003,6.511514206060627,6.512539863586426,6.477041244506836,6.58376407623291,6.727118492126465,4.519060402684564,4.5200000000000005,4.5200000000000005,1.4409030142977275,1.4408274034483242,0,0.0,0,0.0,0,0.0,298,1940.431233406067,0,0.0,0,0.0,,,,,,,
static,model_static/summary_timeseries.csv,20,6.7,298,119200.0,1163.0774822875155,14.20121742195375,1163 ± 14.2,1136.41357421875,1211.7552490234375,1.940387676626244,0.0022496970965876,1.94 ± 0.00225,1.940000057220459,1.9574874639511108,0.3721090606572333,0.227557946985991,0.3721 ± 0.2276,0.0274833136904463,1.5032500055566438,457.4026845637584,0.490438279367654,457.4 ± 0.4904,457.0,458.0,84.70242831851012,0.0232453703295616,84.7 ± 0.02325,84.67717742919922,84.73922729492188,75.3416748046875,1,1,1,1,1:298,0,0,0.0,model_static,False,mckenzie2003,6.713075252187332,6.727118492126465,6.58376407623291,6.7992472648620605,6.7992472648620605,4.574026845637584,4.57,4.58,1.4676519491067042,1.468803164219752,0,0.0,0,0.0,0,0.0,298,2000.496425151825,0,0.0,0,0.0,,,,,,,
static,model_static/summary_timeseries.csv,20,6.6,298,119200.0,1163.0774822875155,14.20121742195375,1163 ± 14.2,1136.41357421875,1211.7552490234375,1.940387676626244,0.0022496970965876,1.94 ± 0.00225,1.940000057220459,1.9574874639511108,0.3721090606572333,0.227557946985991,0.3721 ± 0.2276,0.0274833136904463,1.5032500055566438,455.993288590604,0.0816478191986338,456 ± 0.08165,455.0,456.0,85.37118279373885,0.0038311868378713,85.37 ± 0.003831,85.3265151977539,85.37567138671875,75.3416748046875,1,1,1,1,1:298,0,0,0.0,model_static,False,mckenzie2003,6.689519590979455,6.691166877746582,6.619489669799805,6.727118492126465,6.727118492126465,4.559932885906042,4.5600000000000005,4.5600000000000005,1.4670212069750015,1.467361157400566,0,0.0,0,0.0,0,0.0,298,1993.4768381118772,0,0.0,0,0.0,,,,,,,
static,model_static/summary_timeseries.csv,20,6.5,298,119200.0,1163.0774822875155,14.20121742195375,1163 ± 14.2,1136.41357421875,1211.7552490234375,1.940387676626244,0.0022496970965876,1.94 ± 0.00225,1.940000057220459,1.9574874639511108,0.3721090606572333,0.227557946985991,0.3721 ± 0.2276,0.0274833136904463,1.5032500055566438,458.9597315436242,0.1965881679983464,459 ± 0.1966,458.0,459.0,83.82574680507584,0.0095980697955675,83.83 ± 0.009598,83.77886962890625,83.83132934570312,75.3416748046875,1,1,1,1,1:298,0,0,0.0,model_static,False,mckenzie2003,6.798763179139003,6.7992472648620605,6.7992472648620605,6.7992472648620605,6.7992472648620605,4.589597315436242,4.59,4.59,1.4813420323048083,1.4813174868980523,0,0.0,0,0.0,0,0.0,298,2026.0314273834229,0,0.0,0,0.0,,,,,,,
static,model_static/summary_timeseries.csv,20,6.4,298,119200.0,1163.0774822875155,14.20121742195375,1163 ± 14.2,1136.41357421875,1211.7552490234375,1.940387676626244,0.0022496970965876,1.94 ± 0.00225,1.940000057220459,1.9574874639511108,0.3721090606572333,0.227557946985991,0.3721 ± 0.2276,0.0274833136904463,1.5032500055566438,454.0,0.0,454 ± 0,454.0,454.0,85.7628501021622,0.0012303763693341,85.76 ± 0.00123,85.75776672363281,85.76551818847656,75.3416748046875,1,1,1,1,1:298,0,0,0.0,model_static,False,mckenzie2003,6.713131488569631,6.727118492126465,6.691166877746582,6.727118492126465,6.727118492126465,4.54,4.54,4.54,1.478663323473487,1.4817441612613358,0,0.0,0,0.0,0,0.0,298,2000.51318359375,0,0.0,0,0.0,,,,,,,
static,model_static/summary_timeseries.csv,20,6.3,298,119200.0,1163.0774822875155,14.20121742195375,1163 ± 14.2,1136.41357421875,1211.7552490234375,1.940387676626244,0.0022496970965876,1.94 ± 0.00225,1.940000057220459,1.9574874639511108,0.3721090606572333,0.227557946985991,0.3721 ± 0.2276,0.0274833136904463,1.5032500055566438,458.71140939597313,0.4531071256273355,458.7 ± 0.4531,458.0,459.0,80.37077357144963,0.0215238183405245,80.37 ± 0.02152,80.33354187011719,80.38719940185547,75.3416748046875,1,1,1,1,1:298,0,0,0.0,model_static,False,mckenzie2003,6.799005222000532,6.7992472648620605,6.7992472648620605,6.7992472648620605,6.7992472648620605,4.587114093959731,4.59,4.59,1.482198032797936,1.4813174868980523,0,0.0,0,0.0,0,0.0,298,2026.1035561561584,0,0.0,0,0.0,,,,,,,
static,model_static/summary_timeseries.csv,20,6.2,298,119200.0,1163.0774822875155,14.20121742195375,1163 ± 14.2,1136.41357421875,1211.7552490234375,1.940387676626244,0.0022496970965876,1.94 ± 0.00225,1.940000057220459,1.9574874639511108,0.3721090606572333,0.227557946985991,0.3721 ± 0.2276,0.0274833136904463,1.5032500055566438,460.0,0.0,460 ± 0,460.0,460.0,83.20734743463913,0.0030501338788804,83.21 ± 0.00305,83.1997299194336,83.21295166015625,75.3416748046875,1,1,1,1,1:298,0,0,0.0,model_static,False,mckenzie2003,6.779399750216696,6.7992472648620605,6.727118492126465,6.7992472648620605,6.7992472648620605,4.6000000000000005,4.6000000000000005,4.6000000000000005,1.4737825543949337,1.4780972314917522,0,0.0,0,0.0,0,0.0,298,2020.2611255645752,0,0.0,0,0.0,,,,,,,
static,model_static/summary_timeseries.csv,20,6.1,298,119200.0,1163.0774822875155,14.20121742195375,1163 ± 14.2,1136.41357421875,1211.7552490234375,1.940387676626244,0.0022496970965876,1.94 ± 0.00225,1.940000057220459,1.9574874639511108,0.3721090606572333,0.227557946985991,0.3721 ± 0.2276,0.0274833136904463,1.5032500055566438,463.6677852348993,0.4710075529646813,463.7 ± 0.471,463.0,464.0,87.34761247058843,0.022550060380535,87.35 ± 0.02255,87.30596923828125,87.36478424072266,75.3416748046875,1,1,1,1,1:298,0,0,0.0,model_static,False,mckenzie2003,6.733366319797183,6.727118492126465,6.691166877746582,6.871675968170166,6.871675968170166,4.636677852348994,4.64,4.64,1.4521994287720246,1.4498100198548416,0,0.0,0,0.0,0,0.0,298,2006.5431632995603,0,0.0,0,0.0,,,,,,,
static,model_static/summary_timeseries.csv,20,6.0,298,119200.0,1163.0774822875155,14.20121742195375,1163 ± 14.2,1136.41357421875,1211.7552490234375,1.940387676626244,0.0022496970965876,1.94 ± 0.00225,1.940000057220459,1.9574874639511108,0.3721090606572333,0.227557946985991,0.3721 ± 0.2276,0.0274833136904463,1.5032500055566438,468.0,0.0,468 ± 0,468.0,468.0,87.13208760511155,0.0020010799624726,87.13 ± 0.002001,87.12744903564453,87.13597106933594,75.3416748046875,1,1,1,1,1:298,0,0,0.0,model_static,False,mckenzie2003,6.871189869490246,6.871675968170166,6.871675968170166,6.871675968170166,6.871675968170166,4.68,4.68,4.68,1.468202963566292,1.468306830805591,0,0.0,0,0.0,0,0.0,298,2047.6145811080933,0,0.0,0,0.0,,,,,,,
static,model_static/summary_timeseries.csv,20,5.9,298,119200.0,1163.0774822875155,14.20121742195375,1163 ± 14.2,1136.41357421875,1211.7552490234375,1.940387676626244,0.0022496970965876,1.94 ± 0.00225,1.940000057220459,1.9574874639511108,0.3721090606572333,0.227557946985991,0.3721 ± 0.2276,0.0274833136904463,1.5032500055566438,463.0,0.0,463 ± 0,463.0,463.0,88.37474277675553,0.0009324344024903,88.37 ± 0.0009324,88.3652114868164,88.3763656616211,75.3416748046875,1,1,1,1,1:298,0,0,0.0,model_static,False,mckenzie2003,6.783085765454593,6.7992472648620605,6.691166877746582,6.871675968170166,6.871675968170166,4.63,4.63,4.63,1.4650293229923528,1.468519927615996,0,0.0,0,0.0,0,0.0,298,2021.3595581054688,0,0.0,0,0.0,,,,,,,
static,model_static/summary_timeseries.csv,20,5.8,298,119200.0,1163.0774822875155,14.20121742195375,1163 ± 14.2,1136.41357421875,1211.7552490234375,1.940387676626244,0.0022496970965876,1.94 ± 0.00225,1.940000057220459,1.9574874639511108,0.3721090606572333,0.227557946985991,0.3721 ± 0.2276,0.0274833136904463,1.5032500055566438,464.741610738255,0.4377490732826943,464.7 ± 0.4377,464.0,465.0,85.87685017937781,0.0222277108536877,85.88 ± 0.02223,85.83222198486328,85.8917236328125,75.3416748046875,1,1,1,1,1:298,0,0,0.0,model_static,False,mckenzie2003,6.736896207668638,6.727118492126465,6.691166877746582,6.871675968170166,6.871675968170166,4.64741610738255,4.65,4.65,1.4496088357953862,1.446692148844401,0,0.0,0,0.0,0,0.0,298,2007.595069885254,0,0.0,0,0.0,,,,,,,
static,model_static/summary_timeseries.csv,20,5.7,298,119200.0,1163.0774822875155,14.20121742195375,1163 ± 14.2,1136.41357421875,1211.7552490234375,1.940387676626244,0.0022496970965876,1.94 ± 0.00225,1.940000057220459,1.9574874639511108,0.3721090606572333,0.227557946985991,0.3721 ± 0.2276,0.0274833136904463,1.5032500055566438,469.97986577181206,0.1404593928621231,470 ± 0.1405,469.0,470.0,87.56116518878297,0.0071446652823572,87.56 ± 0.007145,87.51127624511719,87.56586456298828,75.3416748046875,1,1,1,1,1:298,0,0,0.0,model_static,False,mckenzie2003,6.908002853393555,6.908002853393555,6.908002853393555,6.908002853393555,6.908002853393555,4.69979865771812,4.7,4.7,1.4698509393219386,1.4697878411475649,0,0.0,0,0.0,0,0.0,298,2058.5848503112798,0,0.0,0,0.0,,,,,,,
static,model_static/summary_timeseries.csv,20,5.6,298,119200.0,1163.0774822875155,14.20121742195375,1163 ± 14.2,1136.41357421875,1211.7552490234375,1.940387676626244,0.0022496970965876,1.94 ± 0.00225,1.940000057220459,1.9574874639511108,0.3721090606572333,0.227557946985991,0.3721 ± 0.2276,0.0274833136904463,1.5032500055566438,469.0,0.0,469 ± 0,469.0,469.0,88.56743178911657,0.003556488929556,88.57 ± 0.003556,88.56169891357422,88.57598876953125,75.3416748046875,1,1,1,1,1:298,0,0,0.0,model_static,False,mckenzie2003,6.889509956308659,6.908002853393555,6.7992472648620605,6.908002853393555,6.908002853393555,4.69,4.69,4.69,1.4689786687225288,1.4729217171414828,0,0.0,0,0.0,0,0.0,298,2053.0739669799805,0,0.0,0,0.0,,,,,,,
static,model_static/summary_timeseries.csv,20,5.5,298,119200.0,1163.0774822875155,14.20121742195375,1163 ± 14.2,1136.41357421875,1211.7552490234375,1.940387676626244,0.0022496970965876,1.94 ± 0.00225,1.940000057220459,1.9574874639511108,0.3721090606572333,0.227557946985991,0.3721 ± 0.2276,0.0274833136904463,1.5032500055566438,467.0,0.0,467 ± 0,467.0,467.0,89.79195821365253,0.0063412405363916,89.79 ± 0.006341,89.78297424316406,89.8067626953125,75.3416748046875,1,1,1,1,1:298,0,0,0.0,model_static,False,mckenzie2003,6.818617111884508,6.871675968170166,6.58376407623291,6.871675968170166,6.871675968170166,4.670000000000001,4.67,4.67,1.4600893173200231,1.47145095678162,0,0.0,0,0.0,0,0.0,298,2031.9478993415837,0,0.0,0,0.0,,,,,,,
static,model_static/summary_timeseries.csv,20,5.4,298,119200.0,1163.0774822875155,14.20121742195375,1163 ± 14.2,1136.41357421875,1211.7552490234375,1.940387676626244,0.0022496970965876,1.94 ± 0.00225,1.940000057220459,1.9574874639511108,0.3721090606572333,0.227557946985991,0.3721 ± 0.2276,0.0274833136904463,1.5032500055566438,469.0771812080537,0.2668787537011219,469.1 ± 0.2669,469.0,470.0,91.29284836941918,0.0124139623640297,91.29 ± 0.01241,91.27752685546876,91.33512115478516,75.3416748046875,1,1,1,1,1:298,0,0,0.0,model_static,False,mckenzie2003,6.737475750430319,6.727118492126465,6.691166877746582,6.871675968170166,6.871675968170166,4.690771812080537,4.69,4.7,1.4363239253207327,1.4343536230546832,0,0.0,0,0.0,0,0.0,298,2007.7677736282349,0,0.0,0,0.0,,,,,,,
static,model_static/summary_timeseries.csv,20,5.3,298,119200.0,1163.0774822875155,14.20121742195375,1163 ± 14.2,1136.41357421875,1211.7552490234375,1.940387676626244,0.0022496970965876,1.94 ± 0.00225,1.940000057220459,1.9574874639511108,0.3721090606572333,0.227557946985991,0.3721 ± 0.2276,0.0274833136904463,1.5032500055566438,470.993288590604,0.0816478191986338,471 ± 0.08165,470.0,471.0,87.07168195071637,0.0036965982181138,87.07 ± 0.003697,87.02774047851562,87.07374572753906,75.3416748046875,1,1,1,1,1:298,0,0,0.0,model_static,False,mckenzie2003,6.829065730907773,6.7992472648620605,6.727118492126465,6.908002853393555,6.908002853393555,4.70993288590604,4.71,4.71,1.4499280845132163,1.4435769139834524,0,0.0,0,0.0,0,0.0,298,2035.0615878105164,0,0.0,0,0.0,,,,,,,
static,model_static/summary_timeseries.csv,20,5.2,298,119200.0,1163.0774822875155,14.20121742195375,1163 ± 14.2,1136.41357421875,1211.7552490234375,1.940387676626244,0.0022496970965876,1.94 ± 0.00225,1.940000057220459,1.9574874639511108,0.3721090606572333,0.227557946985991,0.3721 ± 0.2276,0.0274833136904463,1.5032500055566438,468.0,0.0,468 ± 0,468.0,468.0,87.7682098286264,0.003199039133508,87.77 ± 0.003199,87.76180267333984,87.77323913574219,75.3416748046875,1,1,1,1,1:298,0,0,0.0,model_static,False,mckenzie2003,6.842266998034996,6.871675968170166,6.7992472648620605,6.871675968170166,6.871675968170166,4.68,4.68,4.68,1.4620228628279908,1.468306830805591,0,0.0,0,0.0,0,0.0,298,2038.9955654144287,0,0.0,0,0.0,,,,,,,
static,model_static/summary_timeseries.csv,20,5.1,298,119200.0,1163.0774822875155,14.20121742195375,1163 ± 14.2,1136.41357421875,1211.7552490234375,1.940387676626244,0.0022496970965876,1.94 ± 0.00225,1.940000057220459,1.9574874639511108,0.3721090606572333,0.227557946985991,0.3721 ± 0.2276,0.0274833136904463,1.5032500055566438,465.993288590604,0.0816478191986338,466 ± 0.08165,465.0,466.0,88.70547280535602,0.0040784329159597,88.71 ± 0.004078,88.6589126586914,88.70918273925781,75.3416748046875,1,1,1,1,1:298,0,0,0.0,model_static,False,mckenzie2003,6.8371669878095584,6.871675968170166,6.7992472648620605,6.871675968170166,6.871675968170166,4.65993288590604,4.66,4.66,1.4672240517687485,1.4746085768605506,0,0.0,0,0.0,0,0.0,298,2037.4757623672483,0,0.0,0,0.0,,,,,,,
static,model_static/summary_timeseries.csv,20,5.0,298,119200.0,1163.0774822875155,14.20121742195375,1163 ± 14.2,1136.41357421875,1211.7552490234375,1.940387676626244,0.0022496970965876,1.94 ± 0.00225,1.940000057220459,1.9574874639511108,0.3721090606572333,0.227557946985991,0.3721 ± 0.2276,0.0274833136904463,1.5032500055566438,472.244966442953,0.4300673026166542,472.2 ± 0.4301,472.0,473.0,92.98010476643609,0.021256196681647,92.98 ± 0.02126,92.9577865600586,93.0195083618164,75.3416748046875,1,1,1,1,1:298,0,0,0.0,model_static,False,mckenzie2003,6.823982834015917,6.7992472648620605,6.727118492126465,6.908002853393555,6.908002853393555,4.72244966442953,4.72,4.73,1.4450122543237938,1.4405184883182331,0,0.0,0,0.0,0,0.0,298,2033.5468845367432,0,0.0,0,0.0,,,,,,,
static,model_static/summary_timeseries.csv,20,4.9,298,119200.0,1163.0774822875155,14.20121742195375,1163 ± 14.2,1136.41357421875,1211.7552490234375,1.940387676626244,0.0022496970965876,1.94 ± 0.00225,1.940000057220459,1.9574874639511108,0.3721090606572333,0.227557946985991,0.3721 ± 0.2276,0.0274833136904463,1.5032500055566438,476.9597315436242,0.1965881679983464,477 ± 0.1966,476.0,477.0,87.29223138693995,0.0091345323180889,87.29 ± 0.009135,87.2479248046875,87.29761505126953,75.3416748046875,1,1,1,1,1:298,0,0,0.0,model_static,False,mckenzie2003,6.974522579436334,6.980880260467529,6.908002853393555,6.980880260467529,6.980880260467529,4.769597315436242,4.7700000000000005,4.7700000000000005,1.4622864712130446,1.4634969099512638,0,0.0,0,0.0,0,0.0,298,2078.407728672028,0,0.0,0,0.0,,,,,,,
static,model_static/summary_timeseries.csv,20,4.8,298,119200.0,1163.0774822875155,14.20121742195375,1163 ± 14.2,1136.41357421875,1211.7552490234375,1.940387676626244,0.0022496970965876,1.94 ± 0.00225,1.940000057220459,1.9574874639511108,0.3721090606572333,0.227557946985991,0.3721 ± 0.2276,0.0274833136904463,1.5032500055566438,487.2919463087249,10.080481617199704,487.3 ± 10.08,482.0,508.0,89.87251898746362,0.9298271488725256,89.87 ± 0.9298,89.40149688720703,91.78510284423828,75.3416748046875,1,1,1,1,1:298,0,0,0.0,model_static,False,mckenzie2003,7.057797843177847,6.980880260467529,6.871675968170166,7.589424133300781,7.589424133300781,4.872919463087249,4.83,5.08,1.4479029671936017,1.44531682411336,0,0.0,57,432.5971755981445,0,0.0,241,1670.6265816688538,0,0.0,0,0.0,,,,,,,
static,model_static/summary_timeseries.csv,20,4.7,298,119200.0,1163.0774822875155,14.20121742195375,1163 ± 14.2,1136.41357421875,1211.7552490234375,1.940387676626244,0.0022496970965876,1.94 ± 0.00225,1.940000057220459,1.9574874639511108,0.3721090606572333,0.227557946985991,0.3721 ± 0.2276,0.0274833136904463,1.5032500055566438,503.1577181208054,12.68587800797784,503.2 ± 12.69,486.0,513.0,92.27454097158956,1.1757867044530208,92.27 ± 1.176,90.71720123291016,93.18937683105467,75.3416748046875,1,1,1,1,1:298,0,0,0.0,model_static,False,mckenzie2003,7.340418370778129,7.589424133300781,6.908002853393555,7.589424133300781,7.589424133300781,5.031577181208054,5.13,5.13,1.458183078464787,1.4794199090254934,0,0.0,186,1411.6328887939453,0,0.0,112,775.811785697937,0,0.0,0,0.0,,,,,,,
static,model_static/summary_timeseries.csv,20,4.6,298,119200.0,1163.0774822875155,14.20121742195375,1163 ± 14.2,1136.41357421875,1211.7552490234375,1.940387676626244,0.0022496970965876,1.94 ± 0.00225,1.940000057220459,1.9574874639511108,0.3721090606572333,0.227557946985991,0.3721 ± 0.2276,0.0274833136904463,1.5032500055566438,486.5335570469799,7.223229777685484,486.5 ± 7.223,483.0,507.0,90.11003192159151,0.7194197104749019,90.11 ± 0.7194,89.80440521240234,92.14892578125,75.3416748046875,1,1,1,1,1:298,0,0,0.0,model_static,False,mckenzie2003,7.040636269038155,6.980880260467529,6.7992472648620605,7.589424133300781,7.589424133300781,4.865335570469799,4.84,5.07,1.4468395280825528,1.442330632328002,0,0.0,33,250.45099639892575,0,0.0,265,1847.6586117744448,0,0.0,0,0.0,,,,,,,
static,model_static/summary_timeseries.csv,20,4.5,298,119200.0,1163.0774822875155,14.20121742195375,1163 ± 14.2,1136.41357421875,1211.7552490234375,1.940387676626244,0.0022496970965876,1.94 ± 0.00225,1.940000057220459,1.9574874639511108,0.3721090606572333,0.227557946985991,0.3721 ± 0.2276,0.0274833136904463,1.5032500055566438,496.4295302013423,10.499763521502622,496.4 ± 10.5,486.0,507.0,90.17651116287948,1.099002483364788,90.18 ± 1.099,89.0748291015625,91.28455352783205,75.3416748046875,1,1,1,1,1:298,0,0,0.0,model_static,False,mckenzie2003,7.290469364831911,7.017431259155273,6.980880260467529,7.589424133300781,7.589424133300781,4.964295302013422,4.86,5.07,1.4679725975279108,1.4439158969455297,0,0.0,148,1123.2347717285156,0,0.0,150,1049.325098991394,0,0.0,0,0.0,,,,,,,
static,model_static/summary_timeseries.csv,20,4.4,298,119200.0,1163.0774822875155,14.20121742195375,1163 ± 14.2,1136.41357421875,1211.7552490234375,1.940387676626244,0.0022496970965876,1.94 ± 0.00225,1.940000057220459,1.9574874639511108,0.3721090606572333,0.227557946985991,0.3721 ± 0.2276,0.0274833136904463,1.5032500055566438,484.0,0.0,484 ± 0,484.0,484.0,90.06550843923684,0.0020210949446824,90.07 ± 0.002021,90.058349609375,90.06940460205078,75.3416748046875,1,1,1,1,1:298,0,0,0.0,model_static,False,mckenzie2003,7.016940641723223,7.017431259155273,7.017431259155273,7.017431259155273,7.017431259155273,4.840000000000001,4.84,4.84,1.44978112432298,1.449882491561007,0,0.0,0,0.0,0,0.0,298,2091.0483112335205,0,0.0,0,0.0,,,,,,,
static,model_static/summary_timeseries.csv,20,4.3,298,119200.0,1163.0774822875155,14.20121742195375,1163 ± 14.2,1136.41357421875,1211.7552490234375,1.940387676626244,0.0022496970965876,1.94 ± 0.00225,1.940000057220459,1.9574874639511108,0.3721090606572333,0.227557946985991,0.3721 ± 0.2276,0.0274833136904463,1.5032500055566438,507.493288590604,1.2349585993946597,507.5 ± 1.235,488.0,508.0,92.4621468102372,0.1262183919345604,92.46 ± 0.1262,90.32465362548828,92.4926528930664,75.3416748046875,2,1,2,2,2:298,0,0,0.0,model_static,False,mckenzie2003,7.587750751700177,7.589424133300781,7.589424133300781,7.589424133300781,7.589424133300781,5.07493288590604,5.08,5.08,1.495139053165598,1.493981128602516,0,0.0,297,2254.058967590332,0,0.0,1,7.090756416320801,0,0.0,0,0.0,,,,,,,
static,model_static/summary_timeseries.csv,20,4.2,298,119200.0,1163.0774822875155,14.20121742195375,1163 ± 14.2,1136.41357421875,1211.7552490234375,1.940387676626244,0.0022496970965876,1.94 ± 0.00225,1.940000057220459,1.9574874639511108,0.3721090606572333,0.227557946985991,0.3721 ± 0.2276,0.0274833136904463,1.5032500055566438,488.8053691275168,3.931763359966928,488.8 ± 3.932,488.0,508.0,87.80756280886247,0.4229765260744517,87.81 ± 0.423,87.71839904785156,89.87338256835938,75.3416748046875,1,2,1,2,1:287; 2:11,0,0,0.0,model_static,False,mckenzie2003,7.06103318169613,7.017431259155273,6.980880260467529,7.090756416320801,7.589424133300781,4.888053691275167,4.88,4.88,1.4444674424007045,1.437998208843294,0,0.0,12,91.07308959960938,0,0.0,286,2013.1147985458372,0,0.0,0,0.0,,,,,,,
static,model_static/summary_timeseries.csv,20,4.1,298,119200.0,1163.0774822875155,14.20121742195375,1163 ± 14.2,1136.41357421875,1211.7552490234375,1.940387676626244,0.0022496970965876,1.94 ± 0.00225,1.940000057220459,1.9574874639511108,0.3721090606572333,0.227557946985991,0.3721 ± 0.2276,0.0274833136904463,1.5032500055566438,488.0,0.0,488 ± 0,488.0,488.0,87.5911746185098,0.0039984099884102,87.59 ± 0.003998,87.58134460449219,87.5955581665039,75.3416748046875,2,1,2,2,2:298,0,0,0.0,model_static,False,mckenzie2003,7.027079175782684,7.017431259155273,6.980880260467529,7.090756416320801,7.090756416320801,4.88,4.88,4.88,1.4399752409390745,1.437998208843294,0,0.0,0,0.0,0,0.0,298,2094.06959438324,0,0.0,0,0.0,,,,,,,
static,model_static/summary_timeseries.csv,20,4.0,298,119200.0,1163.0774822875155,14.20121742195375,1163 ± 14.2,1136.41357421875,1211.7552490234375,1.940387676626244,0.0022496970965876,1.94 ± 0.00225,1.940000057220459,1.9574874639511108,0.3721090606572333,0.227557946985991,0.3721 ± 0.2276,0.0274833136904463,1.5032500055566438,495.78859060402687,1.7278620921752248,495.8 ± 1.728,495.0,516.0,88.70308925961488,0.1803676235390358,88.7 ± 0.1804,88.65570831298828,90.88046264648438,75.3416748046875,1,1,1,1,1:298,0,0,0.0,model_static,False,mckenzie2003,7.124214313174254,7.127530574798584,7.090756416320801,7.127530574798584,7.589424133300781,4.957885906040269,4.96,4.96,1.4369381399023866,1.4370021320158437,0,0.0,2,15.178848266601562,0,0.0,296,2107.837017059326,0,0.0,0,0.0,,,,,,,
static,model_static/summary_timeseries.csv,20,3.9,298,119200.0,1163.0774822875155,14.20121742195375,1163 ± 14.2,1136.41357421875,1211.7552490234375,1.940387676626244,0.0022496970965876,1.94 ± 0.00225,1.940000057220459,1.9574874639511108,0.3721090606572333,0.227557946985991,0.3721 ± 0.2276,0.0274833136904463,1.5032500055566438,506.3959731543624,9.043384464704602,506.4 ± 9.043,497.0,516.0,86.91951454725842,1.055260584356216,86.92 ± 1.055,85.87812042236328,88.04283905029297,75.3416748046875,2,1,2,2,2:298,0,0,0.0,model_static,False,mckenzie2003,7.326035038736842,7.127530574798584,7.017431259155273,7.589424133300781,7.589424133300781,5.063959731543624,4.98,5.16,1.4462877352406454,1.431231039116181,0,0.0,140,1062.5193786621094,0,0.0,158,1120.6390628814695,0,0.0,0,0.0,,,,,,,
static,model_static/summary_timeseries.csv,20,3.8,298,119200.0,1163.0774822875155,14.20121742195375,1163 ± 14.2,1136.41357421875,1211.7552490234375,1.940387676626244,0.0022496970965876,1.94 ± 0.00225,1.940000057220459,1.9574874639511108,0.3721090606572333,0.227557946985991,0.3721 ± 0.2276,0.0274833136904463,1.5032500055566438,499.738255033557,8.723489829617566,499.7 ± 8.723,494.0,513.0,88.00802169390172,0.9819606625276308,88.01 ± 0.982,87.36089324951172,89.50199127197266,75.3416748046875,2,1,2,2,2:298,0,0,0.0,model_static,False,mckenzie2003,7.228262091643058,7.017431259155273,7.017431259155273,7.672553062438965,7.672553062438965,4.997382550335571,4.94,5.13,1.4458421080708703,1.420532643553699,0,0.0,90,690.3635177612305,0,0.0,208,1463.6585855484009,0,0.0,0,0.0,,,,,,,
static,model_static/summary_timeseries.csv,20,3.7,298,119200.0,1163.0774822875155,14.20121742195375,1163 ± 14.2,1136.41357421875,1211.7552490234375,1.940387676626244,0.0022496970965876,1.94 ± 0.00225,1.940000057220459,1.9574874639511108,0.3721090606572333,0.227557946985991,0.3721 ± 0.2276,0.0274833136904463,1.5032500055566438,507.3154362416107,8.917660065919984,507.3 ± 8.918,496.0,515.0,89.65878577520384,1.0464977421740465,89.66 ± 1.046,88.3980712890625,90.56243896484376,75.3416748046875,2,1,2,2,2:298,0,0,0.0,model_static,False,mckenzie2003,7.411309687083199,7.589424133300781,7.017431259155273,7.672553062438965,7.672553062438965,5.073154362416108,5.15,5.15,1.4603598768768566,1.4736745889904428,0,0.0,171,1308.847674369812,0,0.0,127,899.7226123809814,0,0.0,0,0.0,,,,,,,
static,model_static/summary_timeseries.csv,20,3.6,298,119200.0,1163.0774822875155,14.20121742195375,1163 ± 14.2,1136.41357421875,1211.7552490234375,1.940387676626244,0.0022496970965876,1.94 ± 0.00225,1.940000057220459,1.9574874639511108,0.3721090606572333,0.227557946985991,0.3721 ± 0.2276,0.0274833136904463,1.5032500055566438,515.3221476510067,5.544534108006142,515.3 ± 5.545,497.0,517.0,90.28965001458288,0.6002357482478337,90.29 ± 0.6002,88.30565643310547,90.4745101928711,75.3416748046875,2,2,1,2,1:4; 2:294,0,0,0.0,model_static,False,mckenzie2003,7.623465662834628,7.672553062438965,7.090756416320801,7.672553062438965,7.672553062438965,5.153221476510068,5.17,5.17,1.479188351282968,1.4840528167193356,0,0.0,273,2094.523857116699,0,0.0,25,177.26891040802002,0,0.0,0,0.0,,,,,,,
static,model_static/summary_timeseries.csv,20,3.5,298,119200.0,1163.0774822875155,14.20121742195375,1163 ± 14.2,1136.41357421875,1211.7552490234375,1.940387676626244,0.0022496970965876,1.94 ± 0.00225,1.940000057220459,1.9574874639511108,0.3721090606572333,0.227557946985991,0.3721 ± 0.2276,0.0274833136904463,1.5032500055566438,505.8053691275168,8.002665539445472,505.8 ± 8.003,501.0,520.0,89.7344804290157,0.937151903442208,89.73 ± 0.9372,89.17033386230469,91.34087371826172,75.3416748046875,2,1,2,2,2:298,0,0,0.0,model_static,False,mckenzie2003,7.269526062395749,7.127530574798584,7.090756416320801,7.672553062438965,7.672553062438965,5.058053691275167,5.01,5.19,1.436853440568613,1.422660793372971,0,0.0,79,605.0510158538818,0,0.0,219,1561.2677507400513,0,0.0,0,0.0,,,,,,,
static,model_static/summary_timeseries.csv,20,3.4,298,119200.0,1163.0774822875155,14.20121742195375,1163 ± 14.2,1136.41357421875,1211.7552490234375,1.940387676626244,0.0022496970965876,1.94 ± 0.00225,1.940000057220459,1.9574874639511108,0.3721090606572333,0.227557946985991,0.3721 ± 0.2276,0.0274833136904463,1.5032500055566438,506.7046979865772,9.030524935654954,506.7 ± 9.031,501.0,521.0,87.11625535696145,0.9958461700135788,87.12 ± 0.9958,86.48561096191406,88.69674682617188,75.3416748046875,2,1,2,2,2:298,0,0,0.0,model_static,False,mckenzie2003,7.2557837563073075,7.127530574798584,7.090756416320801,7.714252948760986,7.714252948760986,5.067046979865771,5.01,5.21,1.4316026884660211,1.422660793372971,0,0.0,85,647.8472852706909,0,0.0,213,1514.3762741088867,0,0.0,0,0.0,,,,,,,
static,model_static/summary_timeseries.csv,20,3.3,298,119200.0,1163.0774822875155,14.20121742195375,1163 ± 14.2,1136.41357421875,1211.7552490234375,1.940387676626244,0.0022496970965876,1.94 ± 0.00225,1.940000057220459,1.9574874639511108,0.3721090606572333,0.227557946985991,0.3721 ± 0.2276,0.0274833136904463,1.5032500055566438,517.0,0.0,517 ± 0,517.0,517.0,90.2385550377353,0.0020150887961697,90.24 ± 0.002015,90.2323760986328,90.24227142333984,75.3416748046875,2,1,2,2,2:298,0,0,0.0,model_static,False,mckenzie2003,7.672274106300917,7.672553062438965,7.672553062438965,7.672553062438965,7.672553062438965,5.170000000000001,5.17,5.17,1.48399886001952,1.4840528167193356,0,0.0,298,2286.3376836776733,0,0.0,0,0.0,0,0.0,0,0.0,,,,,,,
static,model_static/summary_timeseries.csv,20,3.2,298,119200.0,1163.0774822875155,14.20121742195375,1163 ± 14.2,1136.41357421875,1211.7552490234375,1.940387676626244,0.0022496970965876,1.94 ± 0.00225,1.940000057220459,1.9574874639511108,0.3721090606572333,0.227557946985991,0.3721 ± 0.2276,0.0274833136904463,1.5032500055566438,523.3657718120805,0.4816459213653296,523.4 ± 0.4816,523.0,524.0,90.04486977494003,0.0227359884337867,90.04 ± 0.02274,90.024169921875,90.0767593383789,75.3416748046875,2,1,2,2,2:298,0,0,0.0,model_static,False,mckenzie2003,7.713973083752114,7.714252948760986,7.714252948760986,7.714252948760986,7.714252948760986,5.233657718120806,5.23,5.24,1.4739174461803568,1.475000563816632,0,0.0,298,2298.76397895813,0,0.0,0,0.0,0,0.0,0,0.0,,,,,,,
static,model_static/summary_timeseries.csv,20,3.1,298,119200.0,1163.0774822875155,14.20121742195375,1163 ± 14.2,1136.41357421875,1211.7552490234375,1.940387676626244,0.0022496970965876,1.94 ± 0.00225,1.940000057220459,1.9574874639511108,0.3721090606572333,0.227557946985991,0.3721 ± 0.2276,0.0274833136904463,1.5032500055566438,508.7315436241611,7.431233624889899,508.7 ± 7.431,505.0,524.0,89.81255317534377,0.8530153548586648,89.81 ± 0.853,89.38265991210938,91.57159423828124,75.3416748046875,2,1,2,2,2:298,0,0,0.0,model_static,False,mckenzie2003,7.198411527096025,7.090756416320801,7.017431259155273,7.714252948760986,7.714252948760986,5.087315436241611,5.05,5.24,1.4146335918691757,1.4041101814496637,0,0.0,57,436.7996554374695,0,0.0,241,1708.326979637146,0,0.0,0,0.0,,,,,,,
static,model_static/summary_timeseries.csv,20,3.0,298,119200.0,1163.0774822875155,14.20121742195375,1163 ± 14.2,1136.41357421875,1211.7552490234375,1.940387676626244,0.0022496970965876,1.94 ± 0.00225,1.940000057220459,1.9574874639511108,0.3721090606572333,0.227557946985991,0.3721 ± 0.2276,0.0274833136904463,1.5032500055566438,528.0,0.0,528 ± 0,528.0,528.0,90.99328487831474,0.0015508843617576,90.99 ± 0.001551,90.9882583618164,91.000244140625,75.3416748046875,2,1,2,2,2:298,0,0,0.0,model_static,False,mckenzie2003,7.750355907734608,7.7979207038879395,7.672553062438965,7.7979207038879395,7.7979207038879395,5.28,5.28,5.28,1.4678704370709483,1.4768789211908977,0,0.0,298,2309.6060605049133,0,0.0,0,0.0,0,0.0,0,0.0,,,,,,,
static,model_static/summary_timeseries.csv,20,2.9,298,119200.0,1163.0774822875155,14.20121742195375,1163 ± 14.2,1136.41357421875,1211.7552490234375,1.940387676626244,0.0022496970965876,1.94 ± 0.00225,1.940000057220459,1.9574874639511108,0.3721090606572333,0.227557946985991,0.3721 ± 0.2276,0.0274833136904463,1.5032500055566438,530.6979865771812,0.4591310436640824,530.7 ± 0.4591,530.0,531.0,93.20744203401092,0.0203424497228036,93.21 ± 0.02034,93.1706085205078,93.22184753417967,75.3416748046875,2,1,2,2,2:298,0,0,0.0,model_static,False,mckenzie2003,7.681591152344774,7.672553062438965,7.589424133300781,7.7979207038879395,7.7979207038879395,5.306979865771813,5.3100000000000005,5.3100000000000005,1.447444908923749,1.4462883841892729,0,0.0,298,2289.1141633987427,0,0.0,0,0.0,0,0.0,0,0.0,,,,,,,
static,model_static/summary_timeseries.csv,20,2.8,298,119200.0,1163.0774822875155,14.20121742195375,1163 ± 14.2,1136.41357421875,1211.7552490234375,1.940387676626244,0.0022496970965876,1.94 ± 0.00225,1.940000057220459,1.9574874639511108,0.3721090606572333,0.227557946985991,0.3721 ± 0.2276,0.0274833136904463,1.5032500055566438,522.2013422818792,7.659691291527409,522.2 ± 7.66,509.0,527.0,94.55717475942318,0.9496785648713452,94.56 ± 0.9497,92.99827575683594,95.1542510986328,75.3416748046875,2,1,2,2,2:298,0,0,0.0,model_static,False,mckenzie2003,7.496547761379472,7.589424133300781,7.127530574798584,7.672553062438965,7.714252948760986,5.222013422818793,5.2700000000000005,5.2700000000000005,1.435343198771568,1.440118431366372,0,0.0,214,1629.4995284080503,0,0.0,84,604.4717044830322,0,0.0,0,0.0,,,,,,,
static,model_static/summary_timeseries.csv,20,2.7,298,119200.0,1163.0774822875155,14.20121742195375,1163 ± 14.2,1136.41357421875,1211.7552490234375,1.940387676626244,0.0022496970965876,1.94 ± 0.00225,1.940000057220459,1.9574874639511108,0.3721090606572333,0.227557946985991,0.3721 ± 0.2276,0.0274833136904463,1.5032500055566438,531.98322147651,0.1284406658322459,532 ± 0.1284,531.0,532.0,90.22590145648726,0.0061654393455918,90.23 ± 0.006165,90.17833709716795,90.22809600830078,75.3416748046875,2,1,2,2,2:298,0,0,0.0,model_static,False,mckenzie2003,7.725802063141893,7.714252948760986,7.672553062438965,7.7979207038879395,7.7979207038879395,5.319832214765101,5.32,5.32,1.452264004130737,1.450047546759584,0,0.0,298,2302.289014816284,0,0.0,0,0.0,0,0.0,0,0.0,,,,,,,
static,model_static/summary_timeseries.csv,20,2.6,298,119200.0,1163.0774822875155,14.20121742195375,1163 ± 14.2,1136.41357421875,1211.7552490234375,1.940387676626244,0.0022496970965876,1.94 ± 0.00225,1.940000057220459,1.9574874639511108,0.3721090606572333,0.227557946985991,0.3721 ± 0.2276,0.0274833136904463,1.5032500055566438,526.0234899328859,5.800611970280758,526 ± 5.801,509.0,528.0,90.41516469148982,0.6587300299018796,90.42 ± 0.6587,88.48091888427734,90.6488800048828,75.3416748046875,2,1,2,2,2:298,0,0,0.0,model_static,False,mckenzie2003,7.714784959818693,7.7979207038879395,7.2013020515441895,7.7979207038879395,7.7979207038879395,5.260234899328859,5.28,5.28,1.4664086399143268,1.4768789211908977,0,0.0,267,2076.650812149048,0,0.0,31,222.3551058769226,0,0.0,0,0.0,,,,,,,
static,model_static/summary_timeseries.csv,20,2.5,298,119200.0,1163.0774822875155,14.20121742195375,1163 ± 14.2,1136.41357421875,1211.7552490234375,1.940387676626244,0.0022496970965876,1.94 ± 0.00225,1.940000057220459,1.9574874639511108,0.3721090606572333,0.227557946985991,0.3721 ± 0.2276,0.0274833136904463,1.5032500055566438,524.993288590604,0.0816478191986338,525 ± 0.08165,524.0,525.0,89.7391061462812,0.0041543804924304,89.74 ± 0.004154,89.69290161132812,89.74321746826172,75.3416748046875,2,1,2,2,2:298,0,0,0.0,model_static,False,mckenzie2003,7.711875913927219,7.714252948760986,7.714252948760986,7.714252948760986,7.714252948760986,5.24993288590604,5.25,5.25,1.4689472608616143,1.4693815140497115,0,0.0,298,2298.1390223503117,0,0.0,0,0.0,0,0.0,0,0.0,,,,,,,
static,model_static/summary_timeseries.csv,20,2.4,298,119200.0,1163.0774822875155,14.20121742195375,1163 ± 14.2,1136.41357421875,1211.7552490234375,1.940387676626244,0.0022496970965876,1.94 ± 0.00225,1.940000057220459,1.9574874639511108,0.3721090606572333,0.227557946985991,0.3721 ± 0.2276,0.0274833136904463,1.5032500055566438,531.006711409396,6.402072487733326,531 ± 6.402,518.0,535.0,90.11816426731596,0.7648085821507495,90.12 ± 0.7648,88.56069946289062,90.53460693359376,75.3416748046875,2,1,2,2,2:298,0,0,0.0,model_static,False,mckenzie2003,7.567750730770546,7.589424133300781,7.312514781951904,7.672553062438965,7.714252948760986,5.31006711409396,5.34,5.3500000000000005,1.4250905471287865,1.4212404744008953,0,0.0,240,1831.0638604164124,0,0.0,58,424.1258573532105,0,0.0,0,0.0,,,,,,,
static,model_static/summary_timeseries.csv,20,2.3,298,119200.0,1163.0774822875155,14.20121742195375,1163 ± 14.2,1136.41357421875,1211.7552490234375,1.940387676626244,0.0022496970965876,1.94 ± 0.00225,1.940000057220459,1.9574874639511108,0.3721090606572333,0.227557946985991,0.3721 ± 0.2276,0.0274833136904463,1.5032500055566438,531.9463087248322,0.9252986813215618,531.9 ± 0.9253,516.0,532.0,90.03221816504562,0.1205369446341416,90.03 ± 0.1205,87.9549789428711,90.04061889648438,75.3416748046875,2,1,2,2,2:298,0,0,0.0,model_static,False,mckenzie2003,7.678718174863982,7.672553062438965,7.589424133300781,7.7979207038879395,7.7979207038879395,5.319463087248323,5.32,5.32,1.4435103755403509,1.4422092222629632,0,0.0,297,2280.982646465301,0,0.0,1,7.275369644165039,0,0.0,0,0.0,,,,,,,
static,model_static/summary_timeseries.csv,20,2.2,298,119200.0,1163.0774822875155,14.20121742195375,1163 ± 14.2,1136.41357421875,1211.7552490234375,1.940387676626244,0.0022496970965876,1.94 ± 0.00225,1.940000057220459,1.9574874639511108,0.3721090606572333,0.227557946985991,0.3721 ± 0.2276,0.0274833136904463,1.5032500055566438,528.01677852349,1.0312501492902886,528 ± 1.031,516.0,529.0,92.7346575436176,0.1419977789525604,92.73 ± 0.142,91.01448059082033,92.78736114501952,75.3416748046875,2,1,2,2,2:298,0,0,0.0,model_static,False,mckenzie2003,7.717962540236096,7.714252948760986,7.589424133300781,7.7979207038879395,7.7979207038879395,5.2801677852349,5.28,5.29,1.4616743344419667,1.4610327554471565,0,0.0,296,2285.6977758407597,0,0.0,2,14.255061149597168,0,0.0,0,0.0,,,,,,,
static,model_static/summary_timeseries.csv,20,2.1,298,119200.0,1163.0774822875155,14.20121742195375,1163 ± 14.2,1136.41357421875,1211.7552490234375,1.940387676626244,0.0022496970965876,1.94 ± 0.00225,1.940000057220459,1.9574874639511108,0.3721090606572333,0.227557946985991,0.3721 ± 0.2276,0.0274833136904463,1.5032500055566438,527.9127516778524,1.0614216495822395,527.9 ± 1.061,515.0,528.0,88.6422809370412,0.1611087279029477,88.64 ± 0.1611,86.68181610107422,88.65716552734375,75.3416748046875,2,1,2,2,2:298,0,0,0.0,model_static,False,mckenzie2003,7.72803594121997,7.714252948760986,7.672553062438965,7.7979207038879395,7.7979207038879395,5.279127516778524,5.28,5.28,1.4638778002256874,1.4610327554471565,0,0.0,296,2288.329680919647,0,0.0,2,14.625029563903809,0,0.0,0,0.0,,,,,,,
static,model_static/summary_timeseries.csv,20,2.0,298,119200.0,1163.0774822875155,14.20121742195375,1163 ± 14.2,1136.41357421875,1211.7552490234375,1.940387676626244,0.0022496970965876,1.94 ± 0.00225,1.940000057220459,1.9574874639511108,0.3721090606572333,0.227557946985991,0.3721 ± 0.2276,0.0274833136904463,1.5032500055566438,528.993288590604,0.0816478191986338,529 ± 0.08165,528.0,529.0,87.48803209138397,0.0045193851614356,87.49 ± 0.004519,87.4423828125,87.496337890625,75.3416748046875,2,1,2,2,2:298,0,0,0.0,model_static,False,mckenzie2003,7.764949345748697,7.7979207038879395,7.672553062438965,7.7979207038879395,7.7979207038879395,5.28993288590604,5.29,5.29,1.467872654681463,1.4740870895818412,0,0.0,298,2313.954905033112,0,0.0,0,0.0,0,0.0,0,0.0,,,,,,,
static,model_static/summary_timeseries.csv,20,1.9,298,119200.0,1163.0774822875155,14.20121742195375,1163 ± 14.2,1136.41357421875,1211.7552490234375,1.940387676626244,0.0022496970965876,1.94 ± 0.00225,1.940000057220459,1.9574874639511108,0.3721090606572333,0.227557946985991,0.3721 ± 0.2276,0.0274833136904463,1.5032500055566438,539.0,0.0,539 ± 0,539.0,539.0,89.5982863919047,0.0012417489459656,89.6 ± 0.001242,89.59554290771484,89.60157775878906,75.3416748046875,2,1,2,2,2:298,0,0,0.0,model_static,False,mckenzie2003,7.831444858704637,7.8398895263671875,7.7979207038879395,7.8398895263671875,7.8398895263671875,5.39,5.39,5.39,1.4529582298153318,1.4545249585096824,0,0.0,298,2333.770567893982,0,0.0,0,0.0,0,0.0,0,0.0,,,,,,,
static,model_static/summary_timeseries.csv,20,1.8,298,119200.0,1163.0774822875155,14.20121742195375,1163 ± 14.2,1136.41357421875,1211.7552490234375,1.940387676626244,0.0022496970965876,1.94 ± 0.00225,1.940000057220459,1.9574874639511108,0.3721090606572333,0.227557946985991,0.3721 ± 0.2276,0.0274833136904463,1.5032500055566438,541.996644295302,0.0578311675825976,542 ± 0.05783,541.0,542.0,89.68571047174851,0.0028558831022614,89.69 ± 0.002856,89.6388931274414,89.6877212524414,75.3416748046875,2,1,2,2,2:298,0,0,0.0,model_static,False,mckenzie2003,7.795450863422164,7.7979207038879395,7.714252948760986,7.8398895263671875,7.8398895263671875,5.4199664429530205,5.42,5.42,1.438283895432898,1.4387307571748966,0,0.0,298,2323.0443572998047,0,0.0,0,0.0,0,0.0,0,0.0,,,,,,,
static,model_static/summary_timeseries.csv,20,1.7,298,119200.0,1163.0774822875155,14.20121742195375,1163 ± 14.2,1136.41357421875,1211.7552490234375,1.940387676626244,0.0022496970965876,1.94 ± 0.00225,1.940000057220459,1.9574874639511108,0.3721090606572333,0.227557946985991,0.3721 ± 0.2276,0.0274833136904463,1.5032500055566438,538.996644295302,0.0578311675825976,539 ± 0.05783,538.0,539.0,89.69812677370622,0.0030785506846227,89.7 ± 0.003079,89.65201568603516,89.70134735107422,75.3416748046875,2,1,2,2,2:298,0,0,0.0,model_static,False,mckenzie2003,7.835243783541173,7.8398895263671875,7.7979207038879395,7.8398895263671875,7.8398895263671875,5.389966442953019,5.39,5.39,1.4536719666393136,1.4545249585096824,0,0.0,298,2334.90264749527,0,0.0,0,0.0,0,0.0,0,0.0,,,,,,,
static,model_static/summary_timeseries.csv,20,1.6,298,119200.0,1163.0774822875155,14.20121742195375,1163 ± 14.2,1136.41357421875,1211.7552490234375,1.940387676626244,0.0022496970965876,1.94 ± 0.00225,1.940000057220459,1.9574874639511108,0.3721090606572333,0.227557946985991,0.3721 ± 0.2276,0.0274833136904463,1.5032500055566438,539.3053691275168,0.4605635933032701,539.3 ± 0.4606,539.0,540.0,88.68921904595906,0.0217683058584805,88.69 ± 0.02177,88.67144775390625,88.7232437133789,75.3416748046875,2,1,2,2,2:298,0,0,0.0,model_static,False,mckenzie2003,7.839607856417662,7.8398895263671875,7.8398895263671875,7.8398895263671875,7.8398895263671875,5.393053691275167,5.39,5.4,1.4536501691201276,1.4545249585096824,0,0.0,298,2336.2031412124634,0,0.0,0,0.0,0,0.0,0,0.0,,,,,,,
static,model_static/summary_timeseries.csv,20,1.5,298,119200.0,1163.0774822875155,14.20121742195375,1163 ± 14.2,1136.41357421875,1211.7552490234375,1.940387676626244,0.0022496970965876,1.94 ± 0.00225,1.940000057220459,1.9574874639511108,0.3721090606572333,0.227557946985991,0.3721 ± 0.2276,0.0274833136904463,1.5032500055566438,536.0,0.0,536 ± 0,536.0,536.0,88.10578378254935,0.0017708054925309,88.11 ± 0.001771,88.1004638671875,88.10924530029297,75.3416748046875,2,1,2,2,2:298,0,0,0.0,model_static,False,mckenzie2003,7.8398895263671875,7.8398895263671875,7.8398895263671875,7.8398895263671875,7.8398895263671875,5.36,5.36,5.36,1.4626659564117883,1.4626659564117883,0,0.0,298,2336.287078857422,0,0.0,0,0.0,0,0.0,0,0.0,,,,,,,
static,model_static/summary_timeseries.csv,20,1.4,298,119200.0,1163.0774822875155,14.20121742195375,1163 ± 14.2,1136.41357421875,1211.7552490234375,1.940387676626244,0.0022496970965876,1.94 ± 0.00225,1.940000057220459,1.9574874639511108,0.3721090606572333,0.227557946985991,0.3721 ± 0.2276,0.0274833136904463,1.5032500055566438,538.0,0.0,538 ± 0,538.0,538.0,87.6593901102975,0.0040574816863106,87.66 ± 0.004057,87.65099334716797,87.666259765625,75.3416748046875,2,1,2,2,2:298,0,0,0.0,model_static,False,mckenzie2003,7.754800476483851,7.714252948760986,7.589424133300781,7.8398895263671875,7.8398895263671875,5.380000000000001,5.38,5.38,1.441412727970976,1.4338760127808523,0,0.0,298,2310.9305419921875,0,0.0,0,0.0,0,0.0,0,0.0,,,,,,,
static,model_static/summary_timeseries.csv,20,1.3,298,119200.0,1163.0774822875155,14.20121742195375,1163 ± 14.2,1136.41357421875,1211.7552490234375,1.940387676626244,0.0022496970965876,1.94 ± 0.00225,1.940000057220459,1.9574874639511108,0.3721090606572333,0.227557946985991,0.3721 ± 0.2276,0.0274833136904463,1.5032500055566438,535.9865771812081,0.1150766993253842,536 ± 0.1151,535.0,536.0,90.48271002545452,0.0055537913482285,90.48 ± 0.005554,90.4322509765625,90.48673248291016,75.3416748046875,2,1,2,2,2:298,0,0,0.0,model_static,False,mckenzie2003,7.833272999565073,7.8398895263671875,7.7979207038879395,7.8398895263671875,7.8398895263671875,5.35986577181208,5.36,5.36,1.4614677860880223,1.4626659564117883,0,0.0,298,2334.315353870392,0,0.0,0,0.0,0,0.0,0,0.0,,,,,,,
static,model_static/summary_timeseries.csv,20,1.2,298,119200.0,1163.0774822875155,14.20121742195375,1163 ± 14.2,1136.41357421875,1211.7552490234375,1.940387676626244,0.0022496970965876,1.94 ± 0.00225,1.940000057220459,1.9574874639511108,0.3721090606572333,0.227557946985991,0.3721 ± 0.2276,0.0274833136904463,1.5032500055566438,544.0,0.0,544 ± 0,544.0,544.0,90.7913251787224,0.0033511703760595,90.79 ± 0.003351,90.78722381591795,90.7985382080078,75.3416748046875,2,1,2,2,2:298,0,0,0.0,model_static,False,mckenzie2003,7.844859584065892,7.8398895263671875,7.714252948760986,7.924094200134277,7.924094200134277,5.44,5.44,5.44,1.4420697764827004,1.4411561629351446,0,0.0,298,2337.768156051636,0,0.0,0,0.0,0,0.0,0,0.0,,,,,,,
static,model_static/summary_timeseries.csv,20,1.1,298,119200.0,1163.0774822875155,14.20121742195375,1163 ± 14.2,1136.41357421875,1211.7552490234375,1.940387676626244,0.0022496970965876,1.94 ± 0.00225,1.940000057220459,1.9574874639511108,0.3721090606572333,0.227557946985991,0.3721 ± 0.2276,0.0274833136904463,1.5032500055566438,542.993288590604,0.0816478191986338,543 ± 0.08165,542.0,543.0,90.5101775611007,0.0046714796422462,90.51 ± 0.004671,90.45374298095705,90.51238250732422,75.3416748046875,2,1,2,2,2:298,0,0,0.0,model_static,False,mckenzie2003,7.714467639091031,7.714252948760986,7.672553062438965,7.7979207038879395,7.924094200134277,5.42993288590604,5.43,5.43,1.4207303426459563,1.420672734578451,0,0.0,298,2298.911356449127,0,0.0,0,0.0,0,0.0,0,0.0,,,,,,,
static,model_static/summary_timeseries.csv,20,1.0,298,119200.0,1163.0774822875155,14.20121742195375,1163 ± 14.2,1136.41357421875,1211.7552490234375,1.940387676626244,0.0022496970965876,1.94 ± 0.00225,1.940000057220459,1.9574874639511108,0.3721090606572333,0.227557946985991,0.3721 ± 0.2276,0.0274833136904463,1.5032500055566438,546.996644295302,0.0578311675825976,547 ± 0.05783,546.0,547.0,89.8959820382547,0.0032018487060001,89.9 ± 0.003202,89.85053253173828,89.89881134033203,75.3416748046875,2,1,2,2,2:298,0,0,0.0,model_static,False,mckenzie2003,7.763819155277022,7.7979207038879395,7.714252948760986,7.8398895263671875,7.8398895263671875,5.46996644295302,5.47,5.47,1.4193539873179752,1.425579653361598,0,0.0,298,2313.6181082725525,0,0.0,0,0.0,0,0.0,0,0.0,,,,,,,
static,model_static/summary_timeseries.csv,20,0.9,298,119200.0,1163.0774822875155,14.20121742195375,1163 ± 14.2,1136.41357421875,1211.7552490234375,1.940387676626244,0.0022496970965876,1.94 ± 0.00225,1.940000057220459,1.9574874639511108,0.3721090606572333,0.227557946985991,0.3721 ± 0.2276,0.0274833136904463,1.5032500055566438,546.0,0.0,546 ± 0,546.0,546.0,91.09030409947336,0.00181357839959,91.09 ± 0.001814,91.08050537109376,91.09243774414062,75.3416748046875,2,1,2,2,2:298,0,0,0.0,model_static,False,mckenzie2003,7.803644362712067,7.7979207038879395,7.714252948760986,7.924094200134277,7.924094200134277,5.46,5.46,5.46,1.429238894269609,1.4281906051076811,0,0.0,298,2325.486020088196,0,0.0,0,0.0,0,0.0,0,0.0,,,,,,,
static,model_static/summary_timeseries.csv,20,0.8,298,119200.0,1163.0774822875155,14.20121742195375,1163 ± 14.2,1136.41357421875,1211.7552490234375,1.940387676626244,0.0022496970965876,1.94 ± 0.00225,1.940000057220459,1.9574874639511108,0.3721090606572333,0.227557946985991,0.3721 ± 0.2276,0.0274833136904463,1.5032500055566438,546.8087248322148,0.3933051969831636,546.8 ± 0.3933,546.0,547.0,88.35896178379954,0.0184763047190423,88.36 ± 0.01848,88.32038879394531,88.37102508544922,75.3416748046875,2,1,2,2,2:298,0,0,0.0,model_static,False,mckenzie2003,7.920139171933168,7.924094200134277,7.924094200134277,7.924094200134277,7.924094200134277,5.4680872483221465,5.47,5.47,1.4484292328099944,1.4486461060574547,0,0.0,298,2360.201473236084,0,0.0,0,0.0,0,0.0,0,0.0,,,,,,,
static,model_static/summary_timeseries.csv,20,0.7,298,119200.0,1163.0774822875155,14.20121742195375,1163 ± 14.2,1136.41357421875,1211.7552490234375,1.940387676626244,0.0022496970965876,1.94 ± 0.00225,1.940000057220459,1.9574874639511108,0.3721090606572333,0.227557946985991,0.3721 ± 0.2276,0.0274833136904463,1.5032500055566438,544.0973154362416,0.2963868116342489,544.1 ± 0.2964,544.0,545.0,90.01922085141176,0.0133617938878907,90.02 ± 0.01336,90.01060485839844,90.05976104736328,75.3416748046875,2,1,2,2,2:298,0,0,0.0,model_static,False,mckenzie2003,7.776746092226682,7.7979207038879395,7.714252948760986,7.8398895263671875,7.8398895263671875,5.440973154362416,5.44,5.45,1.4292915805431046,1.4334413058617534,0,0.0,298,2317.470335483551,0,0.0,0,0.0,0,0.0,0,0.0,,,,,,,
static,model_static/summary_timeseries.csv,20,0.6,298,119200.0,1163.0774822875155,14.20121742195375,1163 ± 14.2,1136.41357421875,1211.7552490234375,1.940387676626244,0.0022496970965876,1.94 ± 0.00225,1.940000057220459,1.9574874639511108,0.3721090606572333,0.227557946985991,0.3721 ± 0.2276,0.0274833136904463,1.5032500055566438,542.6275167785235,0.4834661013918052,542.6 ± 0.4835,542.0,543.0,90.77909228945738,0.0211929293018339,90.78 ± 0.02119,90.74942779541016,90.79683685302734,75.3416748046875,2,1,2,2,2:298,0,0,0.0,model_static,False,mckenzie2003,7.796760682291633,7.7979207038879395,7.714252948760986,7.924094200134277,7.924094200134277,5.426275167785236,5.43,5.43,1.4368464008234163,1.4360811609370054,0,0.0,298,2323.4346833229065,0,0.0,0,0.0,0,0.0,0,0.0,,,,,,,
static,model_static/summary_timeseries.csv,20,0.5,298,119200.0,1163.0774822875155,14.20121742195375,1163 ± 14.2,1136.41357421875,1211.7552490234375,1.940387676626244,0.0022496970965876,1.94 ± 0.00225,1.940000057220459,1.9574874639511108,0.3721090606572333,0.227557946985991,0.3721 ± 0.2276,0.0274833136904463,1.5032500055566438,553.0335570469799,0.1800860116107213,553 ± 0.1801,553.0,554.0,89.86954511092013,0.0086272561253593,89.87 ± 0.008627,89.8576889038086,89.91280364990234,75.3416748046875,2,1,2,2,2:298,0,0,0.0,model_static,False,mckenzie2003,7.831784811595942,7.7979207038879395,7.7979207038879395,7.9663310050964355,7.9663310050964355,5.530335570469799,5.53,5.53,1.416149155712133,1.4101122430177104,0,0.0,298,2333.871873855591,0,0.0,0,0.0,0,0.0,0,0.0,,,,,,,
static,model_static/summary_timeseries.csv,20,0.4,298,119200.0,1163.0774822875155,14.20121742195375,1163 ± 14.2,1136.41357421875,1211.7552490234375,1.940387676626244,0.0022496970965876,1.94 ± 0.00225,1.940000057220459,1.9574874639511108,0.3721090606572333,0.227557946985991,0.3721 ± 0.2276,0.0274833136904463,1.5032500055566438,546.0973154362416,0.2963868116342489,546.1 ± 0.2964,546.0,547.0,83.57117935795112,0.0152840523601155,83.57 ± 0.01528,83.56153106689453,83.6166000366211,75.3416748046875,2,1,2,2,2:298,0,0,0.0,model_static,False,mckenzie2003,7.847723928873971,7.924094200134277,7.714252948760986,7.924094200134277,7.924094200134277,5.460973154362416,5.46,5.47,1.4370579889771669,1.451299304053897,0,0.0,298,2338.621730804444,0,0.0,0,0.0,0,0.0,0,0.0,,,,,,,
static,model_static/summary_timeseries.csv,20,0.3,298,119200.0,1163.0774822875155,14.20121742195375,1163 ± 14.2,1136.41357421875,1211.7552490234375,1.940387676626244,0.0022496970965876,1.94 ± 0.00225,1.940000057220459,1.9574874639511108,0.3721090606572333,0.227557946985991,0.3721 ± 0.2276,0.0274833136904463,1.5032500055566438,535.2248322147651,3.012243607185402,535.2 ± 3.012,523.0,536.0,81.5695244961937,0.4098517801914296,81.57 ± 0.4099,79.90178680419922,81.67343139648438,75.3416748046875,2,1,2,2,2:298,0,0,0.0,model_static,False,mckenzie2003,7.634599189630291,7.672553062438965,7.2013020515441895,7.714252948760986,7.8398895263671875,5.352248322147651,5.36,5.36,1.4263463038463582,1.4314464668729412,0,0.0,281,2153.721224308014,0,0.0,17,121.38933420181274,0,0.0,0,0.0,,,,,,,
static,model_static/summary_timeseries.csv,20,0.2,298,119200.0,1163.0774822875155,14.20121742195375,1163 ± 14.2,1136.41357421875,1211.7552490234375,1.940387676626244,0.0022496970965876,1.94 ± 0.00225,1.940000057220459,1.9574874639511108,0.3721090606572333,0.227557946985991,0.3721 ± 0.2276,0.0274833136904463,1.5032500055566438,537.4429530201343,4.876161090896206,537.4 ± 4.876,522.0,539.0,83.59371262108719,0.5518572160762228,83.59 ± 0.5519,81.84465789794922,83.77188873291016,75.3416748046875,2,1,2,2,2:298,0,0,0.0,model_static,False,mckenzie2003,7.625418234191485,7.672553062438965,7.2013020515441895,7.8398895263671875,7.8398895263671875,5.374429530201342,5.39,5.39,1.4187215300652236,1.4234792323634444,0,0.0,271,2077.9394783973694,0,0.0,27,194.43515539169312,0,0.0,0,0.0,,,,,,,
static,model_static/summary_timeseries.csv,20,0.1,298,119200.0,1163.0774822875155,14.20121742195375,1163 ± 14.2,1136.41357421875,1211.7552490234375,1.940387676626244,0.0022496970965876,1.94 ± 0.00225,1.940000057220459,1.9574874639511108,0.3721090606572333,0.227557946985991,0.3721 ± 0.2276,0.0274833136904463,1.5032500055566438,558.989932885906,0.0998286898029766,559 ± 0.09983,558.0,559.0,84.24952505738943,0.0056017867235764,84.25 ± 0.005602,84.20401000976562,84.25670623779297,75.3416748046875,2,1,2,2,2:298,0,0,0.0,model_static,False,mckenzie2003,7.957156160533828,7.9663310050964355,7.8398895263671875,8.051071166992188,8.051071166992188,5.58989932885906,5.59,5.59,1.423487898194179,1.4251039365109903,0,0.0,298,2371.232535839081,0,0.0,0,0.0,0,0.0,0,0.0,,,,,,,
static,model_static/summary_timeseries.csv,20,0.0,298,119200.0,1163.0774822875155,14.20121742195375,1163 ± 14.2,1136.41357421875,1211.7552490234375,1.940387676626244,0.0022496970965876,1.94 ± 0.00225,1.940000057220459,1.9574874639511108,0.3721090606572333,0.227557946985991,0.3721 ± 0.2276,0.0274833136904463,1.5032500055566438,614.9798657718121,0.1404593928621231,615 ± 0.1405,614.0,615.0,93.32085805291295,0.0061648481198098,93.32 ± 0.006165,93.27745056152344,93.3244400024414,75.3416748046875,1,1,1,1,1:298,0,0,0.0,model_static,False,mckenzie2003,8.454462905858188,8.436795234680176,8.307424545288086,8.523484230041504,8.523484230041504,6.1497986577181205,6.15,6.15,1.3747536345819005,1.3718366235252315,0,0.0,298,2519.42994594574,0,0.0,0,0.0,0,0.0,0,0.0,,,,,,,
dynamic,model_dynamic/summary_timeseries.csv,20,21.0,298,119200.0,1163.0774822875155,14.20121742195375,1163 ± 14.2,1136.41357421875,1211.7552490234375,1.940387676626244,0.0022496970965876,1.94 ± 0.00225,1.940000057220459,1.9574874639511108,0.3721090606572333,0.227557946985991,0.3721 ± 0.2276,0.0274833136904463,1.5032500055566438,270.0,0.0,270 ± 0,270.0,270.0,54.4341240953279,0.0033940222320541,54.43 ± 0.003394,54.42782974243164,54.43901824951172,75.3416748046875,0,1,0,0,0:298,0,0,0.0,model_dynamic,True,mckenzie2003,4.855458160374789,4.832254886627197,4.832254886627197,4.895684719085693,4.895684719085693,2.7,2.7,2.7,1.798317837175847,1.789724032084147,0,0.0,0,0.0,0,0.0,298,1446.926531791687,0,0.0,0,0.0,16.0,18.0,18.0,0.00625,0.0062500000000013,0.025,0.0184963292449345
dynamic,model_dynamic/summary_timeseries.csv,20,20.9,298,119200.0,1163.0802516255926,14.192919284893554,1163 ± 14.19,1136.4372423639795,1211.6428425216582,1.9237880813035129,0.0545990785774178,1.924 ± 0.0546,1.6456042806232736,2.077814077728704,0.3712054655309628,0.2263436607113839,0.3712 ± 0.2263,0.0330109773604883,1.493305705585263,284.0,0.0,284 ± 0,284.0,284.0,54.695966349352126,0.0016147832235265,54.7 ± 0.001615,54.69206619262695,54.69884490966797,75.20560015767865,0,1,0,0,0:298,0,0,0.0,model_dynamic,True,mckenzie2003,5.087467049592293,5.087899208068848,5.087899208068848,5.087899208068848,5.087899208068848,2.84,2.84,2.84,1.7913616371803849,1.791513805658045,0,0.0,0,0.0,0,0.0,298,1516.0651807785034,0,0.0,0,0.0,16.0,18.0,18.0,0.0062499999999998,0.0062499999999998,0.025,0.0179857091196664
dynamic,model_dynamic/summary_timeseries.csv,20,20.8,298,119200.0,1163.0832651773048,14.185035711546428,1163 ± 14.19,1136.4609202300612,1211.5362244220155,1.9075192656981668,0.1076997213098232,1.908 ± 0.1077,1.3614933660617423,2.205284689910429,0.3703260624649339,0.2251603663060971,0.3703 ± 0.2252,0.0385046412774412,1.483551420142627,285.8489932885906,0.3580554210156793,285.8 ± 0.3581,285.0,286.0,54.80181462332706,0.0186471840412412,54.8 ± 0.01865,54.7552375793457,54.8132438659668,75.07530419195427,0,1,0,0,0:298,0,0,0.0,model_dynamic,True,mckenzie2003,5.020889907875317,4.991431713104248,4.991431713104248,5.087899208068848,5.087899208068848,2.858489932885906,2.86,2.86,1.7564985040753995,1.745255843742744,0,0.0,0,0.0,0,0.0,298,1496.2251925468445,0,0.0,0,0.0,16.0,18.0,18.0,0.00625,0.0062500000000013,0.025,0.0175382275655288
dynamic,model_dynamic/summary_timeseries.csv,20,20.7,298,119200.0,1163.0855593978674,14.17877645233913,1163 ± 14.18,1136.4846332337456,1211.4358672704627,1.890566973639632,0.1604747136242915,1.891 ± 0.1605,1.08709346208367,2.32361944278385,0.3695123892957061,0.2240219130071251,0.3695 ± 0.224,0.0386197023670125,1.4740632078732518,282.3255033557047,0.4685626117496773,282.3 ± 0.4686,282.0,283.0,55.82378560264639,0.0203520521087586,55.82 ± 0.02035,55.8046760559082,55.85511016845703,74.9512340367171,0,1,0,0,0:298,0,0,0.0,model_dynamic,True,mckenzie2003,5.038861293920735,5.023507595062256,4.991431713104248,5.087899208068848,5.087899208068848,2.8232550335570465,2.82,2.83,1.7847580317087377,1.7813856720078922,0,0.0,0,0.0,0,0.0,298,1501.580665588379,0,0.0,0,0.0,16.0,18.0,18.0,0.0062499999999998,0.0062499999999998,0.025,0.0168325512647328
dynamic,model_dynamic/summary_timeseries.csv,20,20.6,298,119200.0,1163.0883748644026,14.17269012634715,1163 ± 14.17,1136.5084567720446,1211.3398874698812,1.874203643168754,0.2119473151904656,1.874 ± 0.2119,0.8273216663513132,2.43625243997548,0.3687084488983508,0.2229004006722648,0.3687 ± 0.2229,0.0387288674360999,1.464692345216767,285.0,0.0,285 ± 0,285.0,285.0,55.60274413448053,0.0013418346107851,55.6 ± 0.001342,55.59366226196289,55.604713439941406,74.8314306978366,0,1,0,0,0:298,0,0,0.0,model_dynamic,True,mckenzie2003,5.017067875638104,5.023507595062256,4.991431713104248,5.087899208068848,5.087899208068848,2.8500000000000005,2.85,2.85,1.7603746932063526,1.7626342438814933,0,0.0,0,0.0,0,0.0,298,1495.086226940155,0,0.0,0,0.0,16.0,18.0,18.0,0.00625,0.0062500000000013,0.025,0.0165197333108089
dynamic,model_dynamic/summary_timeseries.csv,20,20.5,298,119200.0,1163.0915053266397,14.167077856472964,1163 ± 14.17,1136.5322992965582,1211.2497981391357,1.858209225190059,0.2621493128522614,1.858 ± 0.2621,0.5770798899421192,2.542236336848198,0.3679358834779042,0.2218047561327927,0.3679 ± 0.2218,0.0388304134643412,1.455599481096273,287.98993288590606,0.0998286898029766,288 ± 0.09983,287.0,288.0,53.00015856595648,0.0051195478820823,53 ± 0.00512,52.9512939453125,53.0036506652832,74.71749884257724,0,1,0,0,0:298,0,0,0.0,model_dynamic,True,mckenzie2003,5.152609348297119,5.152609348297119,5.152609348297119,5.152609348297119,5.152609348297119,2.87989932885906,2.88,2.88,1.789163224529936,1.789100468158722,0,0.0,0,0.0,0,0.0,298,1535.4775857925415,0,0.0,0,0.0,16.0,18.0,18.0,0.00625,0.0062500000000013,0.025,0.0169476087411474
dynamic,model_dynamic/summary_timeseries.csv,20,20.4,298,119200.0,1163.0942351708495,14.162223676157154,1163 ± 14.16,1136.5560115475162,1211.168718992659,1.841823235761332,0.3103258226553713,1.842 ± 0.3103,0.3256541051658175,2.6392169696847807,0.3672604715356763,0.2207660612770732,0.3673 ± 0.2208,0.0389218483174248,1.4470542603923136,281.0,0.0,281 ± 0,281.0,281.0,52.76511056631203,0.0030742212213573,52.77 ± 0.003074,52.76165390014648,52.771034240722656,74.61270744514286,0,1,0,0,0:298,0,0,0.0,model_dynamic,True,mckenzie2003,4.992245658132054,5.023507595062256,4.927520275115967,5.023507595062256,5.023507595062256,2.81,2.81,2.81,1.7765998783388088,1.7877251227979558,0,0.0,0,0.0,0,0.0,298,1487.689206123352,0,0.0,0,0.0,16.0,18.0,18.0,0.0062499999999998,0.0062499999999998,0.025,0.0166338777054362
dynamic,model_dynamic/summary_timeseries.csv,20,20.3,298,119200.0,1163.0971781806584,14.157771426192465,1163 ± 14.16,1136.5797282693704,1211.0929585688416,1.825732486993632,0.3573055040861788,1.826 ± 0.3573,0.0882397027843824,2.730398687334621,0.3666254668143364,0.2197620228513143,0.3666 ± 0.2198,0.0390067135845786,1.4387777189046826,283.93959731543623,1.0409610164867569,283.9 ± 1.041,266.0,284.0,54.53768864574048,0.0502037344238557,54.54 ± 0.0502,53.67837524414063,54.5452995300293,74.51323029947116,0,1,0,0,0:298,0,0,0.0,model_dynamic,True,mckenzie2003,4.946169133154338,4.895684719085693,4.895684719085693,5.087899208068848,7.038241863250732,2.8393959731543625,2.84,2.84,1.7421716061132628,1.7238326475653851,0,0.0,0,0.0,0,0.0,297,1466.920159816742,1,7.038241863250732,0,0.0,11.0,12.0,12.0,0.00625,0.0125,0.025,0.0248536990451702
dynamic,model_dynamic/summary_timeseries.csv,20,20.2,298,119200.0,1163.1012011643345,14.153121275237428,1163 ± 14.15,1136.6035841933876,1211.0185247811708,1.810922562032716,0.400375834708798,1.811 ± 0.4004,0.0,2.816395057627956,0.3659752585699253,0.2187900038453597,0.366 ± 0.2188,0.0379816004720892,1.4304719187333652,283.0469798657718,16.424051593457715,283 ± 16.42,0.0,284.0,53.63815855499882,0.417043158058863,53.64 ± 0.417,53.6090087890625,60.82529830932617,74.41494058778312,0,2,0,4,0:297; 4:1,1,0,0.0,model_dynamic,True,mckenzie2003,5.070609641555172,5.087899208068848,5.087899208068848,5.087899208068848,5.087899208068848,2.830469798657718,2.84,2.84,1.7914374652433265,1.791513805658045,1,0.0,0,0.0,0,0.0,297,1511.0416731834412,0,0.0,0,0.0,8.0,9.0,9.0,0.0124999999999997,0.0124999999999997,0.025,0.024065442863114
dynamic,model_dynamic/summary_timeseries.csv,20,20.1,298,119200.0,1163.105265214473,14.149512455102697,1163 ± 14.15,1136.6274232836784,1210.949493526546,1.7962688550344876,0.4412201240658719,1.796 ± 0.4412,0.0,2.894865508650076,0.3653835767713741,0.2178958870911388,0.3654 ± 0.2179,0.0367296917870304,1.4224539094194273,290.0234899328859,16.828869766535902,290 ± 16.83,0.0,291.0,57.60161383200012,0.4230944370500616,57.6 ± 0.4231,57.572410583496094,64.8930435180664,74.32207024286777,0,2,0,4,0:297; 4:1,1,0,0.0,model_dynamic,True,mckenzie2003,5.135101564778577,5.152609348297119,5.152609348297119,5.152609348297119,5.152609348297119,2.900234899328859,2.91,2.91,1.7705812608374885,1.770656133435436,1,0.0,0,0.0,0,0.0,297,1530.260266304016,0,0.0,0,0.0,8.0,9.0,9.0,0.0125,0.0125000000000014,0.025,0.0222528673284637
dynamic,model_dynamic/summary_timeseries.csv,20,20.0,298,119200.0,1163.110848194887,14.145102096013286,1163 ± 14.15,1136.6515668340082,1210.8791950134796,1.7834193195350292,0.4800193010720439,1.783 ± 0.48,0.0,2.9834921991217884,0.3647271907548681,0.2169593755787578,0.3647 ± 0.217,0.0354169910266685,1.4141358613708703,291.8859060402685,17.011654197681864,291.9 ± 17.01,0.0,293.0,56.34724922948236,0.4323235067865296,56.35 ± 0.4323,55.43375015258789,63.692501068115234,74.22762817947137,0,2,0,4,0:297; 4:1,1,0,0.0,model_dynamic,True,mckenzie2003,5.15039893604765,5.152609348297119,5.087899208068848,5.185083866119385,7.038241863250732,2.9188590604026845,2.93,2.93,1.764887278156552,1.7585697434461156,1,0.0,0,0.0,0,0.0,295,1520.7423992156982,2,14.076483726501465,0,0.0,8.0,9.0,9.0,0.0125,0.0125000000000014,0.025,0.0221426785456608
dynamic,model_dynamic/summary_timeseries.csv,20,19.9,298,119200.0,1163.116449391826,14.140771640857048,1163 ± 14.14,1136.6756612303948,1210.8145331028054,1.7707133957726706,0.5169484076426779,1.771 ± 0.5169,0.0,3.0674057023741943,0.3641261471228913,0.2160657415583374,0.3641 ± 0.2161,0.0341536917025083,1.4067484190004913,291.38926174496646,29.404198077071428,291.4 ± 29.4,0.0,295.0,55.23325168686425,0.7191798393530348,55.23 ± 0.7192,55.13207244873047,62.36030578613281,74.13887187241062,0,2,0,4,0:295; 4:3,3,0,0.0,model_dynamic,True,mckenzie2003,5.038448751372779,5.087899208068848,5.023507595062256,5.185083866119385,5.185083866119385,2.913892617449665,2.94,2.95,1.7290803260866503,1.7247115959555417,3,0.0,0,0.0,0,0.0,295,1501.457727909088,0,0.0,0,0.0,8.0,9.0,9.0,0.0124999999999997,0.0124999999999997,0.025,0.0221496107532251
dynamic,model_dynamic/summary_timeseries.csv,20,19.8,298,119200.0,1163.1225940342176,14.136929652602731,1163 ± 14.14,1136.6997006831134,1210.75480403284,1.7587460561280108,0.5506136882287613,1.759 ± 0.5506,0.0,3.1471466602477847,0.3635615905710102,0.2152118624597305,0.3636 ± 0.2152,0.032940617222933,1.3998934178501783,286.7684563758389,33.58935910773278,286.8 ± 33.59,0.0,291.0,57.661671708894254,0.8453810618623903,57.66 ± 0.8454,57.29826736450195,64.98370361328125,74.05510334972655,0,3,0,4,0:294; 3:1; 4:3,3,0,0.0,model_dynamic,True,mckenzie2003,5.06693464191943,5.152609348297119,5.087899208068848,5.152609348297119,5.152609348297119,2.867684563758389,2.91,2.91,1.7621687387562075,1.770656133435436,3,0.0,0,0.0,0,0.0,293,1505.5855984687803,1,4.343765258789063,1,0.0171595644205808,8.0,9.0,9.0,0.0125,0.0125000000000014,0.025,0.0208308847962067
dynamic,model_dynamic/summary_timeseries.csv,20,19.7,298,119200.0,1163.1301582539384,14.13262984150452,1163 ± 14.13,1136.723941025141,1210.6958373533353,1.7485690108334302,0.5809328725857785,1.749 ± 0.5809,0.0,3.227665957377944,0.3629715978691868,0.2143592777997194,0.363 ± 0.2144,0.0317015468142438,1.3929107751584753,280.5436241610738,37.4473201739155,280.5 ± 37.45,0.0,286.0,56.95904116022507,0.9767341644411563,56.96 ± 0.9767,56.79375457763672,64.23521423339844,73.97189632819436,0,2,0,4,0:293; 4:5,5,0,0.0,model_dynamic,True,mckenzie2003,4.9296409451721495,5.023507595062256,4.991431713104248,5.087899208068848,5.087899208068848,2.8054362416107383,2.86,2.86,1.757238651542827,1.756471187084705,5,0.0,0,0.0,0,0.0,291,1461.5868463516235,2,7.446155309677124,0,0.0,8.0,9.0,9.0,0.0124999999999997,0.0124999999999997,0.025,0.0205541087394887
dynamic,model_dynamic/summary_timeseries.csv,20,19.6,298,119200.0,1163.138311150488,14.128209457474588,1163 ± 14.13,1136.7481474732283,1210.6412060398668,1.7391816501440305,0.6088642007915961,1.739 ± 0.6089,0.0,3.3049229156314426,0.3624009932221597,0.2135421164841936,0.3624 ± 0.2135,0.0305051480187276,1.3862118750977996,235.21812080536915,36.51113750034773,235.2 ± 36.51,0.0,241.0,51.66816470767028,0.951334089493411,51.67 ± 0.9513,50.343292236328125,57.770355224609375,73.89305856663827,0,2,0,4,0:291; 4:7,7,0,0.0,model_dynamic,True,mckenzie2003,4.345177824865251,4.458476543426514,4.397322177886963,4.458476543426514,6.238739013671875,2.3521812080536915,2.41,2.41,1.847785062957372,1.849990266981956,7,0.0,0,0.0,0,0.0,289,1282.3855137825012,2,12.47747802734375,0,0.0,8.0,9.0,9.0,0.0125,0.0125000000000014,0.025,0.0222481643340517
dynamic,model_dynamic/summary_timeseries.csv,20,19.5,298,119200.0,1163.1461443031603,14.124947968932444,1163 ± 14.12,1136.7719666988803,1210.5957315163323,1.7294018691065396,0.6348174348499306,1.729 ± 0.6348,0.0,3.372989725784001,0.3619489111241309,0.212835393761186,0.3619 ± 0.2128,0.0294501719482121,1.3804100776836974,278.0838926174497,49.11740839729151,278.1 ± 49.12,0.0,287.0,57.24024466700202,1.3277711699848944,57.24 ± 1.328,56.091217041015625,64.74151611328125,73.82376481745223,0,2,0,4,0:289; 4:9,9,0,0.0,model_dynamic,True,mckenzie2003,4.858853348149549,4.991431713104248,4.927520275115967,5.087899208068848,7.038241863250732,2.7808389261744977,2.87,2.87,1.7479993012539066,1.739174812928309,9,0.0,0,0.0,0,0.0,285,1419.9894428253174,4,27.94885492324829,0,0.0,8.0,9.0,9.0,0.0125,0.0125000000000014,0.025,0.019447301512706
dynamic,model_dynamic/summary_timeseries.csv,20,19.4,298,119200.0,1163.1559334450135,14.120076988978868,1163 ± 14.12,1136.7962459313012,1210.546729269947,1.7221093116023185,0.6583715828487723,1.722 ± 0.6584,0.0,3.4469394952384684,0.3613683022312678,0.2120534530612004,0.3614 ± 0.2121,0.0283007552373367,1.3740003945237147,274.0268456375839,56.43603569484063,274 ± 56.44,0.0,286.0,55.00024581755568,1.4750065853523353,55 ± 1.475,53.85378646850586,62.1518440246582,73.75048333864584,0,2,0,4,0:286; 4:12,12,0,0.0,model_dynamic,True,mckenzie2003,4.838392085677025,5.023507595062256,4.925340366363527,5.087899208068848,7.120283603668213,2.740268456375839,2.86,2.86,1.7658371586871715,1.756471187084705,12,0.0,0,0.0,0,0.0,284,1431.404248714447,2,10.43659281730652,0,0.0,8.0,9.0,9.0,0.0124999999999997,0.0124999999999997,0.025,0.0197474021589563
dynamic,model_dynamic/summary_timeseries.csv,20,19.3,298,119200.0,1163.1662476573142,14.11539069740541,1163 ± 14.12,1136.8203999905008,1210.5026453035575,1.7154280080950706,0.6796136829074683,1.715 ± 0.6796,0.0,3.5162332770764158,0.3608179263040576,0.2113175506521741,0.3608 ± 0.2113,0.0272178874516451,1.3679981604148574,274.79194630872485,59.06426657586436,274.8 ± 59.06,0.0,288.0,58.02444382481927,1.5635176494900325,58.02 ± 1.564,56.70356369018555,65.2699966430664,73.68224531305668,0,2,0,4,0:285; 4:13,13,0,0.0,model_dynamic,True,mckenzie2003,4.779215497458541,4.991431713104248,4.843422436714173,5.023507595062256,7.120283603668213,2.747919463087248,2.88,2.88,1.739959051036797,1.733136011494531,13,0.0,0,0.0,0,0.0,280,1392.7303252220154,5,31.475893020629883,0,0.0,8.0,9.0,9.0,0.0125,0.0125000000000014,0.025,0.0183729290966418
dynamic,model_dynamic/summary_timeseries.csv,20,19.2,298,119200.0,1163.1773314338316,14.110163896192926,1163 ± 14.11,1136.8447817931612,1210.458662820357,1.7098665782776306,0.7000337698255804,1.71 ± 0.7,0.0,3.588922177658344,0.3602286176089788,0.2105646064559135,0.3602 ± 0.2106,0.0261094122942468,1.3618174723383625,268.7718120805369,62.69539880202175,268.8 ± 62.7,0.0,284.0,57.14303291884045,1.6909042706285098,57.14 ± 1.691,55.43593597412109,64.31747436523438,73.6138810271957,0,2,0,4,0:283; 4:15,15,0,0.0,model_dynamic,True,mckenzie2003,4.678290067103085,4.927520275115967,1.2707513213157675,4.927520275115967,7.120283603668213,2.687718120805369,2.84,2.84,1.7403634893873925,1.7350423503929462,15,0.0,0,0.0,0,0.0,279,1375.068281173706,4,19.062158823013306,0,0.0,8.0,9.0,9.0,0.0124999999999997,0.0124999999999997,0.025,0.0182325950574177
dynamic,model_dynamic/summary_timeseries.csv,20,19.1,298,119200.0,1163.188964298223,14.104925737084832,1163 ± 14.1,1136.8691260835017,1210.417984379225,1.7049702434921157,0.7187335510460848,1.705 ± 0.7187,0.0,3.658020543619645,0.3596450528701407,0.2098578006940929,0.3596 ± 0.2099,0.0250479961915707,1.355883194604363,266.7046979865772,67.61835295081707,266.7 ± 67.62,0.0,284.0,56.032317718403455,1.7940755843896106,56.03 ± 1.794,54.30800628662109,63.20369338989258,73.548858295723,0,3,0,4,0:280; 3:1; 4:17,17,0,0.0,model_dynamic,True,mckenzie2003,4.6625940042029095,4.895684719085693,0.0,5.087899208068848,5.477931499481201,2.667046979865772,2.84,2.84,1.743363233144163,1.7238326475653851,17,0.0,0,0.0,0,0.0,279,1383.964198589325,1,5.477931499481201,1,0.0108831636607646,8.0,9.0,9.0,0.0125,0.0125000000000014,0.025,0.0181642013015877
dynamic,model_dynamic/summary_timeseries.csv,20,19.0,298,119200.0,1163.200833951748,14.099914914679424,1163 ± 14.1,1136.893412808574,1210.3802962212412,1.7003636661767272,0.7360869828997967,1.7 ± 0.7361,0.0,3.707424096158789,0.3590814120739055,0.2091963577601152,0.3591 ± 0.2092,0.0240367735520026,1.3501791584076857,266.7953020134228,69.62542430371643,266.8 ± 69.63,0.0,285.0,57.44540636971493,1.8331319962678856,57.45 ± 1.833,56.66151809692383,64.46963500976562,73.48688341266711,0,2,0,4,0:279; 4:19,19,0,0.0,model_dynamic,True,mckenzie2003,4.609886039823493,4.927520275115967,0.0,4.991431713104248,4.991431713104248,2.6679530201342287,2.85,2.85,1.7278575646004544,1.7289544824968304,19,0.0,0,0.0,0,0.0,279,1373.7460398674011,0,0.0,0,0.0,7.0,8.0,8.0,0.0125,0.025,0.025,0.0249692420769728
dynamic,model_dynamic/summary_timeseries.csv,20,18.9,298,119200.0,1163.2130890248045,14.094705776788198,1163 ± 14.09,1136.917837022889,1210.3440495025045,1.6963390248890002,0.7529425768247436,1.696 ± 0.7529,0.0,3.75605887092556,0.3584982518398431,0.2085290286194608,0.3585 ± 0.2085,0.0230333613781595,1.344476540198267,262.5503355704698,67.07287794826782,262.6 ± 67.07,0.0,280.0,55.60412340356199,1.828450624163552,55.6 ± 1.828,54.32096099853516,62.70753479003906,73.42621247961529,0,2,0,4,0:280; 4:18,18,0,0.0,model_dynamic,True,mckenzie2003,4.644000637851305,4.927520275115967,0.0,4.991431713104248,6.9973626136779785,2.6255033557046983,2.8000000000000003,2.8000000000000003,1.768168255303548,1.7598286696842738,18,0.0,0,0.0,0,0.0,278,1375.096661567688,2,8.815528512001038,0,0.0,8.0,9.0,9.0,0.0124999999999997,0.0124999999999997,0.025,0.0175642107917788
dynamic,model_dynamic/summary_timeseries.csv,20,18.8,298,119200.0,1163.225391099683,14.089864617141266,1163 ± 14.09,1136.942157135392,1210.3111250964912,1.6922659392563812,0.769164542098443,1.692 ± 0.7692,0.0,3.80229499895878,0.3579425301151596,0.2079017262245339,0.3579 ± 0.2079,0.0220936329335959,1.3390768572080662,265.503355704698,65.43115898347251,265.5 ± 65.43,0.0,282.0,56.73361723214988,1.7425426153662165,56.73 ± 1.743,55.09043884277344,63.80343246459961,73.36896796109909,0,2,0,4,0:281; 4:17,17,0,0.0,model_dynamic,True,mckenzie2003,4.682788853677328,4.927520275115967,0.0,5.023507595062256,6.8752923011779785,2.65503355704698,2.82,2.82,1.7645784986406077,1.74734761528935,17,0.0,0,0.0,0,0.0,278,1377.7877492904663,3,17.683329105377197,0,0.0,7.0,7.0,7.0,0.0125,0.025,0.025,0.0249999894968065
dynamic,model_dynamic/summary_timeseries.csv,20,18.7,298,119200.0,1163.237717385233,14.0850841666968,1163 ± 14.09,1136.9665920230238,1210.2791940423194,1.6883397105646714,0.7854416937303735,1.688 ± 0.7854,0.0,3.8496494927105274,0.3573924277821276,0.2072724053035906,0.3574 ± 0.2073,0.0211697665512032,1.3336648016361663,264.78859060402687,67.15847433641426,264.8 ± 67.16,0.0,282.0,57.8673963226728,1.815968077754675,57.87 ± 1.816,56.53047561645508,65.02176666259766,73.31260201929558,0,2,0,4,0:280; 4:18,18,0,0.0,model_dynamic,True,mckenzie2003,4.73569886956439,5.023507595062256,0.0,5.023507595062256,7.038241863250732,2.647885906040268,2.82,2.82,1.789053005316174,1.7813856720078922,18,0.0,0,0.0,0,0.0,277,1390.1644167900083,3,21.073846340179443,0,0.0,6.0,6.0,6.0,0.0124999999999997,0.0249999999999994,0.025,0.0244306737225574
dynamic,model_dynamic/summary_timeseries.csv,20,18.6,298,119200.0,1163.250305832879,14.080210969240582,1163 ± 14.08,1136.9911400225224,1210.24841199221,1.6848704868064095,0.8014452586221236,1.685 ± 0.8014,0.0,3.8983079349371215,0.3568400396979902,0.2066422757458972,0.3568 ± 0.2066,0.0202662180120815,1.3282501151447377,262.8859060402685,66.67727848217734,262.9 ± 66.68,0.0,280.0,59.7668711515081,1.91011481645014,59.77 ± 1.91,58.39582824707031,67.2930908203125,73.25727196968751,0,2,0,4,0:280; 4:18,18,0,0.0,model_dynamic,True,mckenzie2003,4.683011221405644,5.023507595062256,0.0,5.023507595062256,6.9973626136779785,2.628859060402685,2.8000000000000003,2.8000000000000003,1.781921065338267,1.7941098553793768,18,0.0,0,0.0,0,0.0,277,1374.7488012313845,3,20.78854274749756,0,0.0,5.0,5.0,5.0,0.0125,0.025,0.025,0.023535027752872
dynamic,model_dynamic/summary_timeseries.csv,20,18.5,298,119200.0,1163.2632058352524,14.075129750724908,1163 ± 14.08,1137.0158456892873,1210.2184320333124,1.6819673491420783,0.8174428257010923,1.682 ± 0.8174,0.0,3.9495950896166447,0.3562742213142215,0.2060014752757635,0.3563 ± 0.206,0.0193808272514195,1.3227724100654965,259.06040268456377,66.02579607614626,259.1 ± 66.03,0.0,277.0,59.00040062001887,1.9810682534079296,59 ± 1.981,57.6975212097168,66.75037384033203,73.20258634402512,0,2,0,4,0:280; 4:18,18,0,0.0,model_dynamic,True,mckenzie2003,4.556514128742602,4.832254886627197,0.0,4.895684719085693,6.79438591003418,2.590604026845638,2.76,2.77,1.7588900294863663,1.7508169879084046,18,0.0,0,0.0,0,0.0,277,1341.7136149406433,3,16.1275954246521,0,0.0,6.0,6.0,6.0,0.0125,0.025,0.025,0.023702626391476
dynamic,model_dynamic/summary_timeseries.csv,20,18.4,298,119200.0,1163.2761559264509,14.070238591612002,1163 ± 14.07,1137.0405242401578,1210.1907651996416,1.6791379035752072,0.8331644470533929,1.679 ± 0.8332,0.0,3.999795017799808,0.3557385644091119,0.2053865664684899,0.3557 ± 0.2054,0.0185560034213041,1.3175062448745278,260.0973154362416,67.89639209786637,260.1 ± 67.9,0.0,278.0,59.30535036125439,2.04568217884893,59.31 ± 2.046,57.91560363769531,67.13800048828125,73.15024095948388,0,2,0,4,0:279; 4:19,19,0,0.0,model_dynamic,True,mckenzie2003,4.680115691767443,4.991431713104248,0.0,4.991431713104248,6.915887832641602,2.600973154362417,2.78,2.78,1.7999159052529492,1.7954790334907365,19,0.0,0,0.0,0,0.0,276,1374.0889101028442,3,20.58556604385376,0,0.0,5.0,5.0,5.0,0.0124999999999997,0.0249999999999994,0.025,0.0234570669071952
dynamic,model_dynamic/summary_timeseries.csv,20,18.3,298,119200.0,1163.2893372987653,14.065334180297414,1163 ± 14.07,1137.0652625188452,1210.164236354079,1.6766623251174493,0.8487028980827013,1.677 ± 0.8487,0.0,4.050295715057684,0.3552082020054976,0.2047705701325039,0.3552 ± 0.2048,0.0177762629395624,1.3122894688744753,254.9060402684564,66.98285288762209,254.9 ± 66.98,0.0,273.0,57.69633450604125,1.9699496320867471,57.7 ± 1.97,55.58809661865234,65.14232635498047,73.09897383523389,0,2,0,4,0:279; 4:19,19,0,0.0,model_dynamic,True,mckenzie2003,4.5822554490710266,4.895684719085693,0.0,4.927520275115967,6.8752923011779785,2.549060402684564,2.73,2.73,1.797369380324146,1.7932911058921954,19,0.0,0,0.0,0,0.0,276,1351.0334396362305,3,14.478684186935425,0,0.0,5.0,5.0,5.0,0.0125,0.025,0.025,0.0239692981539458
dynamic,model_dynamic/summary_timeseries.csv,20,18.2,298,119200.0,1163.302514658258,14.060676170187389,1163 ± 14.06,1137.089903063598,1210.1403672404251,1.6741090750480083,0.8637062759324418,1.674 ± 0.8637,0.0,4.0980500127061,0.3547080179022636,0.2041842191611435,0.3547 ± 0.2042,0.0170744519506373,1.3073144245051815,280.06040268456377,77.37555309842709,280.1 ± 77.38,0.0,302.0,64.42853031542477,2.589840539071018,64.43 ± 2.59,62.85419845581055,73.88801574707031,73.05046417682706,2,4,1,4,1:5; 2:272; 3:1; 4:20,20,0,0.0,model_dynamic,True,mckenzie2003,4.87900209337498,5.250270843505859,0.0,5.250270843505859,7.244051933288574,2.8006040268456376,3.02,3.02,1.7370217020224783,1.738500279306576,20,0.0,0,0.0,0,0.0,274,1436.5353808403015,3,17.394319534301758,1,0.0129234511405229,5.0,5.0,5.0,0.0124999999999997,0.0249999999999994,0.025,0.0249959451588704
dynamic,model_dynamic/summary_timeseries.csv,20,18.1,298,119200.0,1163.3163473953755,14.055512547864236,1163 ± 14.06,1137.11510999084,1210.112952563253,1.6731375515753455,0.8786009188427627,1.673 ± 0.8786,0.0,4.157336222280674,0.3541254919888574,0.2035276344041549,0.3541 ± 0.2035,0.0161557843100094,1.3018621781104738,310.89261744966444,87.56164777037405,310.9 ± 87.56,0.0,336.0,69.64365535454462,3.1057236849266183,69.64 ± 3.106,67.83751678466797,80.7884521484375,72.99784257241299,1,3,1,4,1:276; 3:3; 4:19,19,0,0.0,model_dynamic,True,mckenzie2003,5.063558033236221,5.447729587554932,0.0,5.51417875289917,7.705071449279785,3.1089261744966445,3.36,3.36,1.6150057627829748,1.621348091534206,19,0.0,0,0.0,0,0.0,272,1478.1550822257996,4,30.735626220703125,3,0.0495854578912258,5.0,5.0,5.0,0.0125,0.025,0.025,0.0243501679518956
dynamic,model_dynamic/summary_timeseries.csv,20,18.0,298,119200.0,1163.330870117235,14.04987754706055,1163 ± 14.05,1137.140781711386,1210.08535691201,1.6737876828119609,0.8930311644353622,1.674 ± 0.893,0.0,4.227659240074933,0.3534898733477696,0.2028270585905441,0.3535 ± 0.2028,0.01469438001062,1.296134503965913,280.0469798657718,68.74642985927028,280 ± 68.75,0.0,300.0,63.88833493994387,2.333533718714887,63.89 ± 2.334,62.33015441894531,73.11793518066406,72.94457520062383,2,4,1,4,1:11; 2:272; 3:1; 4:14,14,0,0.0,model_dynamic,True,mckenzie2003,4.8734265762637525,5.185083866119385,1.072929612174632,5.185083866119385,7.244051933288574,2.8004697986577187,2.99,2.99,1.729257001900267,1.7341417612439414,14,0.0,0,0.0,0,0.0,272,1410.3103370666504,11,41.95143151283264,1,0.0193511471152305,8.0,9.0,9.0,0.0125,0.0125000000000014,0.025,0.0148186483040531
dynamic,model_dynamic/summary_timeseries.csv,20,17.9,298,119200.0,1163.3442908185448,14.045688799784095,1163 ± 14.05,1137.1660249586837,1210.06037144007,1.6723690321644251,0.90858341466399,1.672 ± 0.9086,0.0,4.285368709226169,0.3529561169624101,0.2021928662322529,0.353 ± 0.2022,0.0133558279903461,1.2905402224499152,250.751677852349,70.44883964446771,250.8 ± 70.45,0.0,271.0,55.81208226504742,2.009388191074369,55.81 ± 2.009,54.39557647705078,63.027976989746094,72.89434648138649,0,3,0,4,0:276; 3:7; 4:15,15,0,0.0,model_dynamic,True,mckenzie2003,4.484358664858311,4.832254886627197,0.00925068911165,4.832254886627197,6.8752923011779785,2.507516778523491,2.71,2.71,1.7528401641016829,1.7831198843642797,15,0.0,0,0.0,0,0.0,272,1311.0260248184204,4,25.20880937576294,7,0.1040479335933923,6.0,6.0,6.0,0.0124999999999997,0.0249999999999994,0.025,0.0242522167330907
dynamic,model_dynamic/summary_timeseries.csv,20,17.8,298,119200.0,1163.3572813279025,14.04213769059662,1163 ± 14.04,1137.190635204649,1210.0391941873131,1.669716746318532,0.9228555391001196,1.67 ± 0.9229,0.0,4.3304609903165545,0.3525293270599113,0.201663058338077,0.3525 ± 0.2017,0.0122581342062408,1.2853656458208274,245.2013422818792,69.66376388193707,245.2 ± 69.66,0.0,266.0,57.92006557899833,2.137093713819442,57.92 ± 2.137,55.90727233886719,65.39411163330078,72.84855898266414,0,2,0,4,0:276; 4:22,22,0,0.0,model_dynamic,True,mckenzie2003,4.476842887849616,4.832254886627197,0.0,4.832254886627197,6.79438591003418,2.452013422818792,2.65,2.66,1.8256426531526189,1.8166371754237585,22,0.0,0,0.0,0,0.0,272,1313.0302410125732,4,21.068939566612244,0,0.0,7.0,8.0,8.0,0.0125,0.025,0.025,0.0232333084438703
dynamic,model_dynamic/summary_timeseries.csv,20,17.7,298,119200.0,1163.370300239198,14.03851357752423,1163 ± 14.04,1137.215435367162,1210.0185703013417,1.6674066214068644,0.9370559178551364,1.667 ± 0.9371,0.0,4.396380218955105,0.3520638256951344,0.2011299544890917,0.3521 ± 0.2011,0.0111688886725599,1.2801277200069114,250.1711409395973,72.82248969982287,250.2 ± 72.82,0.0,272.0,54.602190964974014,2.1231995843169105,54.6 ± 2.123,52.4073371887207,61.94505310058594,72.80313493417975,0,3,0,4,0:275; 3:2; 4:21,21,0,0.0,model_dynamic,True,mckenzie2003,4.477255662628168,4.832254886627197,0.0,4.895684719085693,6.79438591003418,2.501711409395973,2.72,2.72,1.778641531649155,1.7765642965541164,21,0.0,0,0.0,0,0.0,271,1315.441978931427,4,18.754361629486084,2,0.0258469022810459,6.0,7.0,7.0,0.0124999999999997,0.0249999999999994,0.025,0.0245476436032721
dynamic,model_dynamic/summary_timeseries.csv,20,17.6,298,119200.0,1163.382878050733,14.03543341821696,1163 ± 14.04,1137.2400082027532,1210.0004923072647,1.6644079288008076,0.9510056633811506,1.664 ± 0.951,0.0,4.458683687144256,0.3516493861563017,0.2006396891590492,0.3516 ± 0.2006,0.0101652113798867,1.2751673085257398,249.78859060402684,75.62490626114449,249.8 ± 75.62,0.0,273.0,55.42927077632623,2.01779505417707,55.43 ± 2.018,53.95100784301758,62.14153289794922,72.76048410451153,0,3,0,4,0:273; 3:1; 4:24,24,0,0.0,model_dynamic,True,mckenzie2003,4.453027199078727,4.832254886627197,0.0,4.895684719085693,6.915887832641602,2.4978859060402683,2.73,2.73,1.7783994516048185,1.7700567350282774,24,0.0,0,0.0,0,0.0,270,1308.9036331176758,3,18.07459926605225,1,0.0238729417324066,8.0,9.0,9.0,0.0125,0.0125000000000014,0.025,0.0164097561609489
dynamic,model_dynamic/summary_timeseries.csv,20,17.5,298,119200.0,1163.395593778284,14.032591899086285,1163 ± 14.03,1137.2646635094263,1209.984578212505,1.6617089166607046,0.9645930935245062,1.662 ± 0.9646,0.0,4.52148715310345,0.3512408069627228,0.2001442743243012,0.3512 ± 0.2001,0.0091616791113794,1.270216481432712,247.6979865771812,75.20742722657177,247.7 ± 75.21,0.0,271.0,56.76020812988281,2.1357126181773056,56.76 ± 2.136,55.19032287597656,63.90488815307617,72.71991470307876,0,3,0,4,0:273; 3:1; 4:24,24,0,0.0,model_dynamic,True,mckenzie2003,4.367987367065136,4.737714767456055,0.0,4.800660610198975,6.673739433288574,2.4769798657718125,2.71,2.71,1.758518053406122,1.7482342315335997,24,0.0,0,0.0,0,0.0,270,1287.209674358368,3,14.443588733673096,1,0.006972293369472,6.0,7.0,7.0,0.0125,0.025,0.025,0.0234792223162878
dynamic,model_dynamic/summary_timeseries.csv,20,17.4,298,119200.0,1163.4087216959078,14.029623472093691,1163 ± 14.03,1137.2894451042332,1209.9701775521353,1.6596571461708092,0.9780629233155888,1.66 ± 0.9781,0.0,4.58526276990512,0.3508200386180934,0.199642405393013,0.3508 ± 0.1996,0.0081346656288126,1.2652568899231031,247.4127516778524,76.83422037925114,247.4 ± 76.83,0.0,272.0,56.21048862022042,2.135924633876531,56.21 ± 2.136,55.501583099365234,63.07548522949219,72.68073244790207,0,2,0,4,0:272; 4:26,26,0,0.0,model_dynamic,True,mckenzie2003,4.418502283576351,4.832254886627197,0.0,4.895684719085693,4.895684719085693,2.474127516778524,2.72,2.72,1.785927065134605,1.7831198843642797,26,0.0,0,0.0,0,0.0,270,1309.6271648406982,2,7.086515665054321,0,0.0,7.0,7.0,7.0,0.0124999999999997,0.0249999999999994,0.025,0.0240981673481583
dynamic,model_dynamic/summary_timeseries.csv,20,17.3,298,119200.0,1163.4217551796166,14.02716320156774,1163 ± 14.03,1137.3142204690305,1209.957002777056,1.6575396807009883,0.9911937022976304,1.658 ± 0.9912,0.0,4.648330953547063,0.3504206322841949,0.1991490134519079,0.3504 ± 0.1991,0.0071310751905824,1.2603812395100251,244.61744966442956,76.30859261084211,244.6 ± 76.31,0.0,269.0,57.75094234543359,2.0946024546115702,57.75 ± 2.095,56.78325271606445,64.39260864257812,72.64278230802552,0,2,0,4,0:272; 4:26,26,0,0.0,model_dynamic,True,mckenzie2003,4.384014353656129,4.800660610198975,0.0,4.895684719085693,4.895684719085693,2.4461744966442955,2.69,2.69,1.7908806539787676,1.7846321970999903,26,0.0,0,0.0,0,0.0,270,1302.2984738349917,2,4.137803554534912,0,0.0,7.0,7.0,7.0,0.0125,0.025,0.025,0.0239085773851517
dynamic,model_dynamic/summary_timeseries.csv,20,17.2,298,119200.0,1163.435206582025,14.024472563489706,1163 ± 14.02,1137.339134698531,1209.9442671075508,1.656072681725949,1.0043486388972829,1.656 ± 1.004,0.0,4.712646094482396,0.3500051338260282,0.1986430337669904,0.35 ± 0.1986,0.0061094818225709,1.2554661249336057,250.43624161073825,79.28648438421733,250.4 ± 79.29,0.0,276.0,55.45002475200884,2.130426784354868,55.45 ± 2.13,53.944766998291016,62.2235221862793,72.60513240901969,0,3,0,4,0:271; 3:1; 4:26,26,0,0.0,model_dynamic,True,mckenzie2003,4.40985404034989,4.832254886627197,0.0,4.895684719085693,6.9973626136779785,2.5043624161073827,2.76,2.76,1.7557023707092136,1.7508169879084046,26,0.0,0,0.0,0,0.0,268,1297.8244190216064,3,16.288212060928345,1,0.0238729417324066,8.0,9.0,9.0,0.0124999999999997,0.0124999999999997,0.025,0.01658747735822
dynamic,model_dynamic/summary_timeseries.csv,20,17.1,298,119200.0,1163.44847763167,14.02209492129998,1163 ± 14.02,1137.3638951244448,1209.93217348642,1.6542387499685125,1.0172882254157596,1.654 ± 1.017,0.0,4.774067936739998,0.3496227335162439,0.19816646271856,0.3496 ± 0.1982,0.0051438618199149,1.25074096194576,251.8053691275168,79.78424579585081,251.8 ± 79.78,0.0,278.0,57.90459280846103,2.0977975478614117,57.9 ± 2.098,56.3553466796875,64.60432434082031,72.56827836197522,0,3,0,4,0:271; 3:1; 4:26,26,0,0.0,model_dynamic,True,mckenzie2003,4.490712528967068,4.991431713104248,0.0,4.991431713104248,6.9973626136779785,2.5180536912751683,2.78,2.78,1.77779563427248,1.7954790334907365,26,0.0,0,0.0,0,0.0,267,1315.1127018928528,4,23.10670828819275,1,0.0129234511405229,7.0,7.0,7.0,0.0125,0.025,0.025,0.0246677986804744
dynamic,model_dynamic/summary_timeseries.csv,20,17.0,298,119200.0,1163.4620458525812,14.019543027560168,1163 ± 14.02,1137.3888785388035,1209.920144976948,1.6530387879787962,1.0303017962763936,1.653 ± 1.03,0.0,4.837893612167693,0.3492205718526526,0.197670430631136,0.3492 ± 0.1977,0.0041444097260354,1.2459034841282817,261.99328859060404,83.02174831459534,262 ± 83.02,0.0,289.0,61.16799125415367,2.188554626281049,61.17 ± 2.189,59.50923156738281,68.1273422241211,72.53126643814426,0,3,0,4,0:271; 3:1; 4:26,26,0,0.0,model_dynamic,True,mckenzie2003,4.655095055836859,5.152609348297119,0.0,5.152609348297119,7.120283603668213,2.6199328859060405,2.89,2.89,1.7714685587813297,1.7829098090993492,26,0.0,0,0.0,0,0.0,266,1356.594782829285,5,30.6126606464386,1,0.0108831636607646,6.0,6.0,6.0,0.0125,0.025,0.025,0.0235745692247082
dynamic,model_dynamic/summary_timeseries.csv,20,16.9,298,119200.0,1163.4760195412125,14.016713047828272,1163 ± 14.02,1137.4141666263574,1209.907754731595,1.6527222630726743,1.0433889553538065,1.653 ± 1.043,0.0,4.905941511434596,0.3487877301368195,0.1971475782054197,0.3488 ± 0.1971,0.00310227113609,1.2409208833884129,259.3221476510068,82.02960412213737,259.3 ± 82.03,0.0,286.0,61.05795802686038,2.1190684101485604,61.06 ± 2.119,59.20794296264648,67.81698608398438,72.49358810523768,0,3,0,4,0:271; 3:2; 4:25,25,0,0.0,model_dynamic,True,mckenzie2003,4.653569064090566,5.087899208068848,0.0,5.087899208068848,7.120283603668213,2.593221476510067,2.86,2.86,1.7847678621046597,1.7789857370870097,25,0.0,0,0.0,0,0.0,264,1342.7264232635498,7,44.00036144256592,2,0.0367963928729295,6.0,6.0,6.0,0.0124999999999997,0.0249999999999994,0.025,0.0242416879400904
dynamic,model_dynamic/summary_timeseries.csv,20,16.8,298,119200.0,1163.4899147818771,14.014074411205536,1163 ± 14.01,1137.439495433744,1209.8945358493536,1.6523689646814976,1.0565608831925049,1.652 ± 1.057,0.0,4.973634609723866,0.348367930090824,0.1966264152201427,0.3484 ± 0.1966,0.0021225208801323,1.2359901928841075,257.2248322147651,80.81738334340702,257.2 ± 80.82,0.0,284.0,59.25267901836626,2.0791401772145064,59.25 ± 2.079,57.27296447753906,65.78848266601562,72.45504041560957,0,3,0,4,0:272; 3:1; 4:25,25,0,0.0,model_dynamic,True,mckenzie2003,4.601809949757869,5.087899208068848,0.0,5.087899208068848,7.038241863250732,2.572248322147651,2.84,2.84,1.7822433036703715,1.791513805658045,25,0.0,0,0.0,0,0.0,264,1334.5236654281616,8,36.79634845256805,1,0.0193511471152305,7.0,8.0,8.0,0.0125,0.025,0.025,0.0192267915976474
dynamic,model_dynamic/summary_timeseries.csv,20,16.7,298,119200.0,1163.5035303575282,14.01178531894702,1164 ± 14.01,1137.464704858897,1209.8813582796222,1.6515646852123371,1.069227747166826,1.652 ± 1.069,0.0,5.039215383046042,0.3479927954557282,0.1961278512991512,0.348 ± 0.1961,0.0013291516442375,1.2312063095549193,266.18120805369125,85.21115137118905,266.2 ± 85.21,0.0,295.0,58.8648562079308,2.1222093663674757,58.86 ± 2.122,57.18108749389648,65.44340515136719,72.4166534207252,0,3,0,4,0:271; 3:2; 4:25,25,0,0.0,model_dynamic,True,mckenzie2003,4.609601871429274,5.087899208068848,0.0,5.185083866119385,7.161445617675781,2.661812080536913,2.95,2.95,1.720230549236902,1.7247115959555417,25,0.0,0,0.0,0,0.0,263,1334.9784979820251,8,38.64415740966797,2,0.0387022942304611,7.0,8.0,8.0,0.0124999999999997,0.0249999999999994,0.025,0.0247168059119429
dynamic,model_dynamic/summary_timeseries.csv,20,16.6,298,119200.0,1163.5171469915622,14.009578436715357,1164 ± 14.01,1137.489902260225,1209.8685482552785,1.6507997639422245,1.081703720575233,1.651 ± 1.082,0.0,5.104154432370559,0.3476309765371218,0.1956416454169581,0.3476 ± 0.1956,0.0010589163104281,1.226471881426405,266.3993288590604,86.8518270695636,266.4 ± 86.85,0.0,296.0,60.74931143434256,2.212034371553249,60.75 ± 2.212,58.97792434692383,67.50332641601562,72.37864599505338,0,3,0,4,0:270; 3:2; 4:26,26,0,0.0,model_dynamic,True,mckenzie2003,4.5773043892277565,5.023507595062256,0.0,5.152609348297119,7.161445617675781,2.6639932885906044,2.96,2.96,1.7069029180244812,1.697130944277789,26,0.0,0,0.0,0,0.0,262,1321.963216304779,8,42.03026759624481,2,0.0432240888476371,8.0,9.0,9.0,0.0125,0.0125000000000014,0.025,0.0166258167116199
dynamic,model_dynamic/summary_timeseries.csv,20,16.5,298,119200.0,1163.5309456883317,14.00713488816301,1164 ± 14.01,1137.515281882707,1209.8559768880991,1.6505494125750195,1.0939959121358005,1.651 ± 1.094,0.0,5.170558540908672,0.3472539661891407,0.1951504602561138,0.3473 ± 0.1952,0.0016208919182848,1.221699070538978,267.3120805369128,83.44543642867498,267.3 ± 83.45,0.0,296.0,59.82975084189601,2.18024647399196,59.83 ± 2.18,57.33525466918945,66.54609680175781,72.34069500539204,0,2,0,4,0:273; 4:25,25,0,0.0,model_dynamic,True,mckenzie2003,4.595425278948458,5.023507595062256,0.0,5.087899208068848,7.161445617675781,2.6731208053691278,2.95,2.96,1.715794254026975,1.697130944277789,25,0.0,0,0.0,0,0.0,261,1315.3783564567566,12,54.05837666988373,0,0.0,8.0,9.0,9.0,0.0125,0.0125000000000014,0.025,0.0167030902942379
dynamic,model_dynamic/summary_timeseries.csv,20,16.4,298,119200.0,1163.544725322054,14.004776893600845,1164 ± 14,1137.540614277363,1209.843304996588,1.650173975620092,1.1061960308210188,1.65 ± 1.106,0.0,5.235801486204847,0.3468947074354309,0.1946715580295573,0.3469 ± 0.1947,0.0025040784589514,1.2170083896109485,271.8288590604027,85.89501692330762,271.8 ± 85.9,0.0,301.0,63.01493018745576,2.2672117242360383,63.01 ± 2.267,60.48866653442383,70.08682250976562,72.30269071922498,0,3,0,4,0:272; 3:2; 4:24,24,0,0.0,model_dynamic,True,mckenzie2003,4.781611864442543,5.250270843505859,0.0,5.250270843505859,7.368664741516113,2.7182885906040277,3.01,3.01,1.7470376028016468,1.7442760277428102,24,0.0,0,0.0,0,0.0,260,1364.278625011444,12,60.60067808628082,2,0.0410325061529874,8.0,9.0,9.0,0.0124999999999997,0.0124999999999997,0.025,0.0155847977139564
dynamic,model_dynamic/summary_timeseries.csv,20,16.3,298,119200.0,1163.5590195434495,14.00213802064034,1164 ± 14,1137.566270290832,1209.8304387189398,1.6508490305908357,1.1184641220242453,1.651 ± 1.118,0.0,5.304204148916734,0.346503834275958,0.1941692713551434,0.3465 ± 0.1942,0.0035587219880942,1.2121784381289644,278.12080536912754,87.6350281436632,278.1 ± 87.64,0.0,308.0,62.07641618203797,2.305360863586834,62.08 ± 2.305,59.47699737548828,69.38589477539062,72.26416842810772,0,3,0,4,0:272; 3:2; 4:24,24,0,0.0,model_dynamic,True,mckenzie2003,4.827318206404479,5.282983303070068,0.0,5.348645210266113,7.452207565307617,2.781208053691275,3.08,3.08,1.7250437817032749,1.7152543191785936,24,0.0,0,0.0,0,0.0,259,1371.5800366401672,13,66.93902254104614,2,0.0217663273215293,8.0,9.0,9.0,0.0125,0.0125000000000014,0.025,0.01576433581882
dynamic,model_dynamic/summary_timeseries.csv,20,16.2,298,119200.0,1163.5732474486229,13.999598123473762,1164 ± 14,1137.5918880847594,1209.8170353947655,1.651369992010748,1.1303092046306744,1.651 ± 1.13,0.0,5.370794101109227,0.3461306016494469,0.1936905483458805,0.3461 ± 0.1937,0.0046212420277123,1.2074184185224033,294.5268456375839,92.76422963322646,294.5 ± 92.76,0.0,327.0,66.3810572784219,2.182282176545754,66.38 ± 2.182,64.51454162597656,73.31401824951172,72.22514731000615,0,3,0,4,0:272; 3:2; 4:24,24,0,0.0,model_dynamic,True,mckenzie2003,5.029902794798399,5.51417875289917,0.0,5.547520637512207,7.705071449279785,2.945268456375839,3.26,3.27,1.6979975131227292,1.6914658751224447,24,0.0,0,0.0,0,0.0,259,1430.244420528412,13,68.63856959342957,2,0.0280427280813455,8.0,9.0,9.0,0.0124999999999997,0.0124999999999997,0.025,0.0150007018871667
dynamic,model_dynamic/summary_timeseries.csv,20,16.1,298,119200.0,1163.5881624906594,13.99668949538383,1164 ± 14,1137.6179355934314,1209.8032425324582,1.6533112309836742,1.142373151468908,1.653 ± 1.142,0.0,5.441540313655418,0.3457136326901895,0.1931730885088224,0.3457 ± 0.1932,0.0058002296165571,1.2024808768397135,297.80872483221475,90.21101469443435,297.8 ± 90.21,0.0,328.0,66.52874955554937,2.135882296768129,66.53 ± 2.136,64.7228775024414,73.59446716308594,72.18530693902676,0,3,0,4,0:274; 3:3; 4:21,21,0,0.0,model_dynamic,True,mckenzie2003,5.043877342118938,5.547520637512207,0.0,5.547520637512207,7.747540473937988,2.978087248322148,3.28,3.28,1.6784195951777323,1.6913172675342094,21,0.0,0,0.0,0,0.0,260,1431.0756492614746,14,71.96478366851807,3,0.0350150214508175,8.0,9.0,9.0,0.0125,0.0125000000000014,0.025,0.0139564904240428
dynamic,model_dynamic/summary_timeseries.csv,20,16.0,298,119200.0,1163.6030508894194,13.99385291557656,1164 ± 13.99,1137.6440128259385,1209.7884439955317,1.6552423238876852,1.154656982670368,1.655 ± 1.155,0.0,5.5122700320631655,0.3453045369598657,0.1926610995127854,0.3453 ± 0.1927,0.006988050366805,1.1975485856045405,296.53691275167785,89.13838298966681,296.5 ± 89.14,0.0,326.0,67.85088658172812,2.1316656078245764,67.85 ± 2.132,66.03656005859375,75.04060363769531,72.14443116959342,0,3,0,4,0:274; 3:3; 4:21,21,0,0.0,model_dynamic,True,mckenzie2003,4.971314013151189,5.381594657897949,0.0,5.447729587554932,7.705071449279785,2.965369127516779,3.26,3.26,1.6634248803747391,1.650795907330659,21,0.0,0,0.0,0,0.0,260,1404.5760307312012,14,76.84272599220276,3,0.0328191956505179,8.0,9.0,9.0,0.0124999999999999,0.0124999999999999,0.025,0.0134330975595844
dynamic,model_dynamic/summary_timeseries.csv,20,15.9,298,119200.0,1163.6180971017577,13.991026797630417,1164 ± 13.99,1137.670249553549,1209.773225468144,1.6576015980813277,1.166852164292993,1.658 ± 1.167,0.0,5.58393114412365,0.3448926563171361,0.1921446107796125,0.3449 ± 0.1921,0.0082138030506562,1.1926078221349594,298.2248322147651,87.90293488014105,298.2 ± 87.9,0.0,327.0,68.03457784972736,2.1430872280361526,68.03 ± 2.143,65.82426452636719,75.34232330322266,72.10297591459516,2,4,1,4,1:16; 2:259; 3:4; 4:19,19,0,0.0,model_dynamic,True,mckenzie2003,5.0445974038682575,5.447729587554932,0.0,5.51417875289917,7.705071449279785,2.982248322147651,3.27,3.27,1.6727003917735197,1.66597235093423,19,0.0,0,0.0,0,0.0,259,1412.635133266449,16,90.60476303100586,4,0.0501300552859902,8.0,9.0,9.0,0.0124999999999999,0.0124999999999999,0.025,0.0150700051431714
dynamic,model_dynamic/summary_timeseries.csv,20,15.8,298,119200.0,1163.633069191612,13.988379728417527,1164 ± 13.99,1137.6965492284653,1209.7575831048357,1.6599304093750011,1.1792180727540358,1.66 ± 1.179,0.0,5.65560196796032,0.3444879518553392,0.1916342170392304,0.3445 ± 0.1916,0.009445886281524,1.1876658647540854,301.258389261745,85.79398423918609,301.3 ± 85.79,0.0,329.0,69.03543866560763,2.146020130221804,69.04 ± 2.146,66.57403564453125,76.51022338867188,72.06103387637017,2,4,1,4,1:18; 2:259; 3:2; 4:19,19,0,0.0,model_dynamic,True,mckenzie2003,5.029397549457698,5.381594657897949,0.0,5.447729587554932,7.747540473937988,3.012583892617449,3.29,3.29,1.659766830642919,1.6357430571118388,19,0.0,0,0.0,0,0.0,259,1401.1422243118286,18,97.59239852428436,2,0.0258469022810459,8.0,9.0,9.0,0.0125,0.0125000000000014,0.025,0.0127288958779146
dynamic,model_dynamic/summary_timeseries.csv,20,15.7,298,119200.0,1163.648221053662,13.98567899603252,1164 ± 13.99,1137.722967137605,1209.7416841519644,1.6626531375677407,1.191550212245644,1.663 ± 1.192,0.0,5.727923458993399,0.3440789957245913,0.1911206133748972,0.3441 ± 0.1911,0.0107093779019766,1.1827060789531114,299.2147651006711,84.35818199345054,299.2 ± 84.36,0.0,327.0,67.82189393523555,2.174610517594964,67.82 ± 2.175,65.54354095458984,75.5338363647461,72.01871701435925,2,4,1,4,1:18; 2:259; 3:3; 4:18,18,0,0.0,model_dynamic,True,mckenzie2003,5.065919145726093,5.381594657897949,0.0,5.547520637512207,7.705071449279785,2.992147651006712,3.26,3.27,1.6796997405137757,1.650795907330659,18,0.0,0,0.0,0,0.0,259,1407.16907787323,18,102.42915296554564,3,0.0456745875999331,8.0,9.0,9.0,0.0124999999999999,0.0124999999999999,0.025,0.0157380689420497
dynamic,model_dynamic/summary_timeseries.csv,20,15.6,298,119200.0,1163.6631996732335,13.983082049023292,1164 ± 13.98,1137.7493105628907,1209.7254807172765,1.66497992685087,1.2039331908309838,1.665 ± 1.204,0.0,5.798727977549518,0.3436863325598873,0.1906232327653267,0.3437 ± 0.1906,0.011939144663673,1.177782116830735,302.18120805369125,83.15168105919528,302.2 ± 83.15,0.0,329.0,73.90050501471399,2.226910046941992,73.9 ± 2.227,71.57291412353516,81.70381164550781,71.97617015438573,2,3,1,4,1:20; 2:259; 4:19,19,0,0.0,model_dynamic,True,mckenzie2003,5.097750238524188,5.447729587554932,0.0,5.51417875289917,7.705071449279785,3.0218120805369124,3.29,3.29,1.6852288389240897,1.6760421741334863,19,0.0,0,0.0,0,0.0,259,1419.435763835907,20,99.69380724430084,0,0.0,8.0,9.0,9.0,0.0124999999999999,0.0124999999999999,0.025,0.0130168515659438
dynamic,model_dynamic/summary_timeseries.csv,20,15.5,298,119200.0,1163.679193264461,13.980134632118949,1164 ± 13.98,1137.7762387270068,1209.7098277800096,1.669677484680233,1.215627716999916,1.67 ± 1.216,0.0,5.875075538107911,0.343242043702193,0.1900861480168165,0.3432 ± 0.1901,0.013310884025956,1.172696404163427,309.2315436241611,80.59021006313304,309.2 ± 80.59,0.0,334.0,72.82624760570143,2.1506841083179893,72.83 ± 2.151,70.29895782470703,81.02462005615234,71.93358905300283,2,4,1,4,1:21; 2:259; 3:5; 4:13,13,0,0.0,model_dynamic,True,mckenzie2003,5.153010921880928,5.447729587554932,0.0126174080185592,5.614439964294434,7.747540473937988,3.0923154362416105,3.34,3.34,1.6443440461693777,1.6310567627409975,13,0.0,0,0.0,0,0.0,259,1411.0833706855774,21,124.4572582244873,5,0.0566258104518055,6.0,6.0,6.0,0.0124999999999999,0.0249999999999999,0.025,0.0246227966548003
dynamic,model_dynamic/summary_timeseries.csv,20,15.4,298,119200.0,1163.6946962816144,13.977492310802846,1164 ± 13.98,1137.8031268248203,1209.6924103391186,1.6735297992400588,1.2279892729792536,1.674 ± 1.228,0.0,5.9504211995831575,0.3428151039078769,0.1895563463907442,0.3428 ± 0.1896,0.0146686059292303,1.1676175008137633,311.5469798657718,80.88283518640739,311.5 ± 80.88,0.0,337.0,75.59933384632905,2.215872265233896,75.6 ± 2.216,73.10939025878906,84.13858795166016,71.88928351429831,2,4,1,4,1:24; 2:256; 3:4; 4:14,14,0,0.0,model_dynamic,True,mckenzie2003,5.188887293844315,5.447729587554932,0.0165241474285721,5.614439964294434,7.8327555656433105,3.1154697986577182,3.36,3.37,1.6493676829764632,1.621348091534206,14,0.0,0,0.0,0,0.0,259,1418.3480515480042,21,127.87595987319946,4,0.0644021444022655,8.0,9.0,9.0,0.0124999999999999,0.0124999999999999,0.025,0.0131579289350588
dynamic,model_dynamic/summary_timeseries.csv,20,15.3,298,119200.0,1163.7107669520406,13.974651173498064,1164 ± 13.97,1137.830311665184,1209.6749959496424,1.6786403061572177,1.2396862596648874,1.679 ± 1.24,0.0,6.028006483810141,0.3423651798426184,0.1890109552837757,0.3424 ± 0.189,0.0160622409632454,1.1624560466540612,320.006711409396,74.83960447456951,320 ± 74.84,0.0,342.0,78.4545098631174,2.1015454432784964,78.45 ± 2.102,76.03166198730469,87.18211364746094,71.84468428445848,2,4,1,4,1:28; 2:256; 3:7; 4:7,7,0,0.0,model_dynamic,True,mckenzie2003,5.302150909842036,5.51417875289917,1.640649527311326,5.614439964294434,7.91834020614624,3.2000671140939607,3.42,3.42,1.6238312949907026,1.6123329686839678,7,0.0,0,0.0,0,0.0,259,1432.0681777000427,25,147.8796569108963,7,0.093136521987617,8.0,9.0,9.0,0.0125,0.0125000000000014,0.025,0.0136086319220978
dynamic,model_dynamic/summary_timeseries.csv,20,15.2,298,119200.0,1163.7274558360486,13.971507799041753,1164 ± 13.97,1137.8578136182684,1209.657113120626,1.6849999565363327,1.2510010298224024,1.685 ± 1.251,0.0,6.108912989183791,0.3418896421570207,0.1884483902361677,0.3419 ± 0.1884,0.0174954164439884,1.1572102146488548,330.5436241610738,59.59623464767631,330.5 ± 59.6,0.0,348.0,77.11506706596221,1.7466827804237792,77.12 ± 1.747,74.81706237792969,85.99687957763672,71.7992995023576,1,3,1,4,1:291; 3:3; 4:4,4,0,0.0,model_dynamic,True,mckenzie2003,5.511023136271452,5.648016929626465,3.646623969078064,6.458839631080624,7.961270809173584,3.3054362416107383,3.47,3.48,1.6524590440173237,1.627670584906762,4,0.0,0,0.0,0,0.0,260,1466.466040611267,31,175.78807508945465,3,0.0307789081707596,8.0,9.0,9.0,0.0124999999999999,0.0124999999999999,0.025,0.0137344783638422
dynamic,model_dynamic/summary_timeseries.csv,20,15.1,298,119200.0,1163.7434001987094,13.968775940753217,1164 ± 13.97,1137.8852749521343,1209.6383858216248,1.690035614832453,1.2636446892436903,1.69 ± 1.264,0.0,6.188599213786365,0.3414397549362536,0.1878967720409511,0.3414 ± 0.1879,0.018914573265698,1.1519429542961956,336.2281879194631,60.936056352790494,336.2 ± 60.94,0.0,354.0,76.58932717854545,1.750130934860508,76.59 ± 1.75,74.22038269042969,85.24382781982422,71.75311086949023,1,3,1,4,1:291; 3:3; 4:4,4,0,0.0,model_dynamic,True,mckenzie2003,5.628624738178422,5.817069053649902,3.054889988899231,6.525508117675767,8.047408103942871,3.362281879194631,3.53,3.54,1.658548301053393,1.6478949160481309,4,0.0,0,0.0,0,0.0,260,1500.8347425460815,31,176.46041440963745,3,0.0350150214508175,8.0,9.0,9.0,0.0124999999999999,0.0124999999999999,0.025,0.013838271366974
dynamic,model_dynamic/summary_timeseries.csv,20,15.0,298,119200.0,1163.7591629121698,13.966148979044236,1164 ± 13.97,1137.9127322579525,1209.6190185275454,1.6947558528822144,1.2765423612255145,1.695 ± 1.277,0.0,6.267606556320646,0.3410000751817745,0.1873489975478215,0.341 ± 0.1873,0.0203265923456892,1.1466431535681132,333.6241610738255,61.62039849110231,333.6 ± 61.62,0.0,351.0,74.70031707558856,1.9005040473238848,74.7 ± 1.901,72.27153778076172,84.07604217529297,71.70628626959319,1,3,1,4,1:291; 3:3; 4:4,4,0,0.0,model_dynamic,True,mckenzie2003,5.5001926303859925,5.648016929626465,2.7029001712799072,5.74921464920044,7.961270809173584,3.336241610738256,3.51,3.51,1.6309324458275818,1.6091216323722122,4,0.0,0,0.0,0,0.0,262,1484.6555180549622,29,154.37501776218414,3,0.026868037879467,8.0,9.0,9.0,0.0124999999999999,0.0124999999999999,0.025,0.0140098848015849
dynamic,model_dynamic/summary_timeseries.csv,20,14.9,298,119200.0,1163.7744350683267,13.963838082952677,1164 ± 13.96,1137.9400501734212,1209.5994811326432,1.6985861266056954,1.2897891793051324,1.699 ± 1.29,0.0,6.344358808311702,0.3405881276235933,0.1868194085742336,0.3406 ± 0.1868,0.0217071267987036,1.141405044088468,334.37919463087246,68.08783684967646,334.4 ± 68.09,0.0,354.0,71.84429475925113,2.038505669859821,71.84 ± 2.039,69.38056945800781,81.10287475585938,71.65943095922194,1,3,1,4,1:289; 3:3; 4:6,6,0,0.0,model_dynamic,True,mckenzie2003,5.560572122120543,5.817069053649902,2.1580659985542296,5.817069053649902,8.047408103942871,3.3437919463087247,3.54,3.54,1.6440874399093817,1.6432398456638142,6,0.0,0,0.0,0,0.0,262,1514.718468666077,27,142.28854072093964,3,0.0434830049052834,8.0,9.0,9.0,0.0124999999999999,0.0124999999999999,0.025,0.0129061138075802
dynamic,model_dynamic/summary_timeseries.csv,20,14.8,298,119200.0,1163.7891466972949,13.961822407060277,1164 ± 13.96,1137.9671473538683,1209.579780028649,1.7012931212269586,1.303384110357286,1.701 ± 1.303,0.0,6.41818004786091,0.340207655350722,0.1863145940573625,0.3402 ± 0.1863,0.0230452822174504,1.1362390903645136,330.52013422818794,77.67473005149479,330.5 ± 77.67,0.0,354.0,74.55879234467577,2.3226488472980185,74.56 ± 2.323,72.67227172851562,84.0335693359375,71.6126326747808,1,3,1,4,1:285; 3:6; 4:7,7,0,0.0,model_dynamic,True,mckenzie2003,5.415947280011621,5.715404510498047,1.31542741060257,5.74921464920044,8.047408103942871,3.305201342281879,3.54,3.54,1.605422259910976,1.61452104816329,7,0.0,0,0.0,0,0.0,261,1486.9311022758484,24,126.94488072395325,6,0.0763064436614513,8.0,9.0,9.0,0.0125,0.0125000000000014,0.025,0.0131212095465261
dynamic,model_dynamic/summary_timeseries.csv,20,14.7,298,119200.0,1163.8048959947157,13.959417966871662,1164 ± 13.96,1137.9945147259011,1209.5604918803083,1.705853224963224,1.3156230454093258,1.706 ± 1.316,0.0,6.493807822395761,0.3397899496842965,0.1857889997217888,0.3398 ± 0.1858,0.0244113482340691,1.131033108055176,337.9261744966443,71.3956359427819,337.9 ± 71.4,0.0,359.0,73.48284876266582,2.191097467149408,73.48 ± 2.191,71.31185150146484,83.37080383300781,71.56597715440739,1,3,1,4,1:288; 3:3; 4:7,7,0,0.0,model_dynamic,True,mckenzie2003,5.494503313312994,5.715404510498047,2.2095865607261658,5.817069053649902,8.047408103942871,3.379261744966443,3.59,3.59,1.6089045321507889,1.5920346825899854,7,0.0,0,0.0,0,0.0,261,1495.8737664222715,27,141.45149087905884,3,0.0367300659418106,8.0,9.0,9.0,0.0124999999999999,0.0124999999999999,0.025,0.0129261516977716
dynamic,model_dynamic/summary_timeseries.csv,20,14.6,298,119200.0,1163.820512016087,13.957110074455748,1164 ± 13.96,1138.0218324224925,1209.5411076521432,1.7099502527110633,1.3281594604774292,1.71 ± 1.328,0.0,6.568127479911436,0.3393918231720589,0.1852763897209754,0.3394 ± 0.1853,0.0257613562841407,1.125854476367114,353.01677852349,74.8336615413759,353 ± 74.83,0.0,375.0,77.1326103722489,2.1999781748308016,77.13 ± 2.2,74.80521392822266,86.94425964355469,71.51927522965093,1,3,1,4,1:288; 3:3; 4:7,7,0,0.0,model_dynamic,True,mckenzie2003,5.673436523077622,5.919431209564209,2.1108141422271727,5.988058567047119,8.220784187316895,3.5301677852348994,3.75,3.75,1.5896719867840343,1.5785149892171224,7,0.0,0,0.0,0,0.0,262,1551.8236980438232,26,138.81314325332642,3,0.0472425799816846,8.0,9.0,9.0,0.0124999999999999,0.0124999999999999,0.025,0.0135539511690639
dynamic,model_dynamic/summary_timeseries.csv,20,14.5,298,119200.0,1163.837065800249,13.954280453751691,1164 ± 13.95,1138.0495723905635,1209.5221312330548,1.7159063108369648,1.3397906235180363,1.716 ± 1.34,0.0,6.645574900211494,0.3389485858491317,0.1847474225723621,0.3389 ± 0.1847,0.0252442545045622,1.1205851023577558,366.5939597315436,65.50551667755174,366.6 ± 65.51,0.0,385.0,78.69473169313981,1.8761893124067417,78.69 ± 1.876,76.39155578613281,88.70894622802734,71.47255884249125,1,3,1,4,1:291; 3:3; 4:4,4,0,0.0,model_dynamic,True,mckenzie2003,5.863427184590908,6.022488117218018,3.9588000774383545,6.091578006744385,8.395623207092285,3.665939597315437,3.85,3.85,1.5869336533431948,1.5642826278488358,4,0.0,0,0.0,0,0.0,262,1578.2278108596802,29,169.0345642566681,3,0.0389258917421102,8.0,9.0,9.0,0.0124999999999999,0.0124999999999999,0.025,0.0138916357532668
dynamic,model_dynamic/summary_timeseries.csv,20,14.4,298,119200.0,1163.8535087795676,13.951542626144422,1164 ± 13.95,1138.0775388139032,1209.5029150145808,1.7219615409673952,1.3518334077836067,1.722 ± 1.352,0.0,6.724219756178204,0.3385070283005468,0.1842118144285244,0.3385 ± 0.1842,0.0243861882131268,1.1152613914011271,378.8288590604027,57.82623449043307,378.8 ± 57.83,0.0,396.0,78.50362204225272,1.766917237615727,78.5 ± 1.767,75.91450500488281,89.4870376586914,71.42537620067765,1,3,1,4,1:294; 3:1; 4:3,3,0,0.0,model_dynamic,True,mckenzie2003,5.959977996104316,6.126237869262695,4.760424113273621,6.1957879066467285,8.395623207092285,3.788288590604026,3.95,3.96,1.569295779494169,1.5509462960158722,3,0.0,0,0.0,0,0.0,264,1607.882238864899,30,168.17185282707214,1,0.0193511471152305,8.0,9.0,9.0,0.0124999999999999,0.0124999999999999,0.025,0.0141568330179457
dynamic,model_dynamic/summary_timeseries.csv,20,14.3,298,119200.0,1163.8701003249917,13.948696475995028,1164 ± 13.95,1138.1055338231952,1209.483396226849,1.7280013225017554,1.363913570357809,1.728 ± 1.364,0.0,6.80202599896923,0.3380621919558109,0.1836853173817915,0.3381 ± 0.1837,0.0238430125196519,1.1099130818794765,374.1543624161074,49.06217461154388,374.2 ± 49.06,0.0,389.0,78.88411126360798,1.5457062275996758,78.88 ± 1.546,76.6584701538086,89.74553680419922,71.37786240365381,1,2,1,4,1:296; 4:2,2,0,0.0,model_dynamic,True,mckenzie2003,5.862150884314671,5.919431209564209,4.907184982299805,6.032851600646971,8.395623207092285,3.741543624161074,3.88,3.89,1.5671040976965651,1.5324866378682982,2,0.0,0,0.0,0,0.0,264,1567.9783511161804,32,178.94261240959167,0,0.0,8.0,9.0,9.0,0.0125,0.0125000000000014,0.025,0.014293615214894
dynamic,model_dynamic/summary_timeseries.csv,20,14.2,298,119200.0,1163.8867130796164,13.945901219206512,1164 ± 13.95,1138.1336141012794,1209.4638116447215,1.7340615048466328,1.3759514392939909,1.734 ± 1.376,0.0,6.878099416881889,0.3376248102661555,0.1831629900987083,0.3376 ± 0.1832,0.0230891514761491,1.1045663512425066,364.2852348993289,45.61756531439704,364.3 ± 45.62,0.0,377.0,74.74425898302322,1.3778173661842814,74.74 ± 1.378,72.32182312011719,84.67147827148438,71.33019754344218,1,2,1,4,1:296; 4:2,2,0,0.0,model_dynamic,True,mckenzie2003,5.906883414559716,5.988058567047119,5.087899208068848,6.072548151016227,8.30802059173584,3.642852348993289,3.77,3.77,1.6228514299504435,1.5883444474926045,2,0.0,0,0.0,0,0.0,264,1574.9102702140808,32,185.34098732471463,0,0.0,8.0,9.0,9.0,0.0124999999999999,0.0124999999999999,0.025,0.0143658236401968
dynamic,model_dynamic/summary_timeseries.csv,20,14.1,298,119200.0,1163.902132678313,13.943638803708206,1164 ± 13.94,1138.1613428519272,1209.4435538504233,1.7378036211558716,1.388864799976396,1.738 ± 1.389,0.0,6.948616506895193,0.3372303274834204,0.182665298242937,0.3372 ± 0.1827,0.0225860404290692,1.0993140616806505,347.36241610738256,58.48205309118124,347.4 ± 58.48,0.0,364.0,75.36780135903582,1.815935281394919,75.37 ± 1.816,73.63804626464844,84.99470520019531,71.28221099849611,1,3,1,4,1:293; 3:2; 4:3,3,0,0.0,model_dynamic,True,mckenzie2003,5.5631672142342286,5.715404510498047,3.293730449676514,5.817069053649902,8.090614318847656,3.473624161073825,3.63,3.64,1.5881984864330867,1.5744916006881673,3,0.0,0,0.0,0,0.0,265,1512.9658889770508,28,144.83804512023926,2,0.0198957445099949,8.0,9.0,9.0,0.0124999999999999,0.0124999999999999,0.025,0.0137733786050119
dynamic,model_dynamic/summary_timeseries.csv,20,14.0,298,119200.0,1163.9183160998384,13.940954590888431,1164 ± 13.94,1138.1891244536694,1209.4237181959584,1.7426644219501983,1.4005204646254164,1.743 ± 1.401,0.0,7.017254367419327,0.3368208613476099,0.1821745646059879,0.3368 ± 0.1822,0.0221584892800203,1.0940954545471395,346.6442953020134,58.169224759035245,346.6 ± 58.17,0.0,363.0,73.30666074816813,1.7646058828645448,73.31 ± 1.765,71.58631896972656,82.66484832763672,71.23459374228901,1,3,1,4,1:293; 3:1; 4:4,4,0,0.0,model_dynamic,True,mckenzie2003,5.623028177086689,5.851112365722656,3.5847923040390017,5.851112365722656,8.090614318847656,3.466442953020134,3.62,3.63,1.6133194966120363,1.6118766847720816,4,0.0,0,0.0,0,0.0,266,1539.3057837486267,27,136.339453458786,1,0.0171595644205808,8.0,9.0,9.0,0.0124999999999999,0.0124999999999999,0.025,0.0127483626859047
dynamic,model_dynamic/summary_timeseries.csv,20,13.9,298,119200.0,1163.9339462203047,13.938574514917764,1164 ± 13.94,1138.21673406528,1209.4038763225385,1.7464781776465164,1.4126513095945057,1.746 ± 1.413,0.0,7.082206048014572,0.3364379629508063,0.1817028415027199,0.3364 ± 0.1817,0.0217686128267852,1.0889407784464646,359.66107382550337,69.9191471806619,359.7 ± 69.92,0.0,379.0,75.78632377778123,2.058855439366214,75.79 ± 2.059,73.82381439208984,85.48394012451172,71.1871422572583,1,3,1,4,1:290; 3:4; 4:4,4,0,0.0,model_dynamic,True,mckenzie2003,5.628571956077803,5.851112365722656,2.633942079544068,5.919431209564209,8.395623207092285,3.5966107382550336,3.79,3.79,1.542677011346972,1.5438291202434449,4,0.0,0,0.0,0,0.0,266,1552.6921472549438,24,124.56808078289032,4,0.0542148733511567,8.0,9.0,9.0,0.0124999999999999,0.0124999999999999,0.025,0.0135953018968796
dynamic,model_dynamic/summary_timeseries.csv,20,13.8,298,119200.0,1163.9504253314385,13.935823089168982,1164 ± 13.94,1138.2446448930598,1209.3843635452763,1.7518584606710867,1.423741895926811,1.752 ± 1.424,0.0,7.147742681399,0.336028485142342,0.1812230846767798,0.336 ± 0.1812,0.021501594320321,1.083755800280351,374.7348993288591,62.74017094727445,374.7 ± 62.74,0.0,392.0,77.19567522906617,1.874284316996756,77.2 ± 1.874,75.22734832763672,87.56233978271484,71.13971865221674,1,3,1,4,1:293; 3:1; 4:4,4,0,0.0,model_dynamic,True,mckenzie2003,5.911223044275188,6.126237869262695,3.93008885383606,6.126237869262695,8.439560890197754,3.747348993288591,3.92,3.92,1.569518580220065,1.5628157829751774,4,0.0,0,0.0,0,0.0,267,1626.6592750549316,26,134.86803257465365,1,0.0171595644205808,8.0,9.0,9.0,0.0125,0.0125000000000014,0.025,0.0135001706987461
dynamic,model_dynamic/summary_timeseries.csv,20,13.7,298,119200.0,1163.9672166083556,13.932930545145242,1164 ± 13.93,1138.2727858791873,1209.3648206706605,1.7577990055614283,1.4347691224413055,1.758 ± 1.435,0.0,7.213219889939447,0.3356067474421036,0.1807392990637357,0.3356 ± 0.1807,0.0213380100129557,1.0785145717647209,383.5134228187919,57.30035215197798,383.5 ± 57.3,0.0,399.0,80.63750629297039,1.6565949628831622,80.64 ± 1.657,78.81571197509766,91.17017364501952,71.092034791473,1,3,1,4,1:294; 3:2; 4:2,2,0,0.0,model_dynamic,True,mckenzie2003,5.95401965675488,6.126237869262695,4.655905294418336,6.126237869262695,8.571918487548828,3.8351342281879206,3.99,3.99,1.544740530426299,1.5353979622212268,2,0.0,0,0.0,0,0.0,267,1623.1671528816223,27,151.09158098697662,2,0.0391238443553447,8.0,9.0,9.0,0.0124999999999999,0.0124999999999999,0.025,0.0141546147097148
dynamic,model_dynamic/summary_timeseries.csv,20,13.6,298,119200.0,1163.984920712306,13.929742335698812,1164 ± 13.93,1138.301315414986,1209.3456943508947,1.7654291902347912,1.445076885456522,1.765 ± 1.445,0.0,7.280475080603675,0.3351544315147239,0.180242792679296,0.3352 ± 0.1802,0.0212888233277319,1.0732135691582427,391.4563758389262,43.93596365509351,391.5 ± 43.94,0.0,403.0,78.2286693649804,1.227482992334224,78.23 ± 1.227,75.72215270996094,89.05133819580078,71.04437893590875,1,3,1,4,1:296; 3:1; 4:1,1,0,0.0,model_dynamic,True,mckenzie2003,6.129366048136664,6.1957879066467285,5.376652240753174,6.297136878967275,8.660611152648926,3.9145637583892623,4.03,4.03,1.565821348741529,1.5374163540066323,1,0.0,0,0.0,0,0.0,267,1641.8679857254028,29,184.6701731681824,1,0.0129234511405229,8.0,9.0,9.0,0.0124999999999999,0.0124999999999999,0.025,0.0143783130779849
dynamic,model_dynamic/summary_timeseries.csv,20,13.5,298,119200.0,1164.0015139175132,13.927068495464091,1164 ± 13.93,1138.329699077737,1209.3257182242814,1.77100634248606,1.4569204728182017,1.771 ± 1.457,0.0,7.344096760070939,0.3347448729448755,0.1797633262991266,0.3347 ± 0.1798,0.0212959937977512,1.067942193398734,386.0,48.29453816020381,386 ± 48.29,0.0,399.0,80.05700396851405,1.4881372251506264,80.06 ± 1.488,77.40872955322266,91.1415557861328,70.99601914654477,1,3,1,4,1:296; 3:1; 4:1,1,0,0.0,model_dynamic,True,mckenzie2003,5.995707401427621,6.091578006744385,5.141997432708741,6.136670374870299,8.571918487548828,3.8600000000000008,3.99,3.99,1.5496427580679342,1.526711279885811,1,0.0,0,0.0,0,0.0,268,1627.429825782776,28,159.2840075492859,1,0.006972293369472,8.0,9.0,9.0,0.0124999999999999,0.0124999999999999,0.025,0.0139520328083776
dynamic,model_dynamic/summary_timeseries.csv,20,13.4,298,119200.0,1164.0188587302569,13.924122073438545,1164 ± 13.92,1138.3582864807352,1209.3060668473604,1.777913930733365,1.467728475640689,1.778 ± 1.468,0.0,7.407578175365484,0.3343144857159869,0.1792835552268258,0.3343 ± 0.1793,0.0213909144230502,1.0626543180345194,383.66107382550337,43.40788165127302,383.7 ± 43.41,0.0,395.0,76.82512165556018,1.2610371014834365,76.83 ± 1.261,74.36051940917969,87.90967559814453,70.94778036662524,1,3,1,4,1:296; 3:1; 4:1,1,0,0.0,model_dynamic,True,mckenzie2003,5.999495570635386,6.022488117218018,5.273682761192322,6.091578006744385,8.527708053588867,3.8366107382550334,3.95,3.95,1.563428116468706,1.5246805360045614,1,0.0,0,0.0,0,0.0,269,1623.3604044914246,27,164.47211599349976,1,0.0171595644205808,8.0,9.0,9.0,0.0124999999999999,0.0124999999999999,0.025,0.0143859654527497
dynamic,model_dynamic/summary_timeseries.csv,20,13.3,298,119200.0,1164.034920820495,13.921777429501075,1164 ± 13.92,1138.386602124241,1209.2859711500748,1.7825607688131395,1.4797601436094157,1.783 ± 1.48,0.0,7.466272821666486,0.3339367864245822,0.1788242209612376,0.3339 ± 0.1788,0.0213113801029581,1.0574269521789017,380.3926174496645,50.15563240829961,380.4 ± 50.16,0.0,394.0,78.59838124729643,1.6011990095468709,78.6 ± 1.601,76.4787368774414,89.62848663330078,70.89936902583372,1,3,1,4,1:296; 3:1; 4:1,1,0,0.0,model_dynamic,True,mckenzie2003,5.946938942677198,6.091578006744385,4.926647949218751,6.126237869262695,8.527708053588867,3.803926174496645,3.94,3.94,1.5564529815247532,1.5460857885138033,1,0.0,0,0.0,0,0.0,269,1629.1528544425964,27,143.027978181839,1,0.006972293369472,8.0,9.0,9.0,0.0125,0.0125000000000014,0.025,0.0140966231554655
dynamic,model_dynamic/summary_timeseries.csv,20,13.2,298,119200.0,1164.051826362127,13.91898469689184,1164 ± 13.92,1138.4151370838172,1209.266126395716,1.788652734095313,1.4906316933719124,1.789 ± 1.491,0.0,7.5250741014331695,0.3335307176374024,0.1783599136614319,0.3335 ± 0.1784,0.0217806746767625,1.0521906999613706,379.0134228187919,45.45076052068297,379 ± 45.45,0.0,391.0,78.69157325181385,1.3767593941882474,78.69 ± 1.377,76.35545349121094,89.72392272949219,70.85098931189873,1,3,1,4,1:296; 3:1; 4:1,1,0,0.0,model_dynamic,True,mckenzie2003,5.943597279073383,6.022488117218018,5.293895244598389,6.126237869262695,8.439560890197754,3.79013422818792,3.91,3.91,1.565839960408739,1.5402782908485977,1,0.0,0,0.0,0,0.0,269,1616.4835996627808,27,154.7014172077179,1,0.006972293369472,8.0,9.0,9.0,0.0124999999999999,0.0124999999999999,0.025,0.0140462753679797
dynamic,model_dynamic/summary_timeseries.csv,20,13.1,298,119200.0,1164.0686821874008,13.91628625583978,1164 ± 13.92,1138.4437076532836,1209.2462149518196,1.7946011098279648,1.5017533248212094,1.795 ± 1.502,0.0,7.582497503296269,0.3331302788049955,0.1779020914461167,0.3331 ± 0.1779,0.0223029466915805,1.0469569512467498,384.7348993288591,45.43023477488615,384.7 ± 45.43,0.0,397.0,78.66894697662968,1.35281752772876,78.67 ± 1.353,76.09236145019531,89.50248718261719,70.80250729853606,1,3,1,4,1:296; 3:1; 4:1,1,0,0.0,model_dynamic,True,mckenzie2003,5.999365270212793,6.022488117218018,5.348645210266113,6.126237869262695,8.527708053588867,3.847348993288591,3.96,3.97,1.5578821555214892,1.5208303326308126,1,0.0,0,0.0,0,0.0,269,1628.550102710724,27,159.24139666557312,1,0.0193511471152305,8.0,9.0,9.0,0.0124999999999999,0.0124999999999999,0.025,0.0236477146655565
dynamic,model_dynamic/summary_timeseries.csv,20,13.0,298,119200.0,1164.0855737581326,13.913508450071122,1164 ± 13.91,1138.472352395783,1209.2261391751042,1.800534402985795,1.5128683859524028,1.801 ± 1.513,0.0,7.638380959558973,0.3327288165032789,0.1774496035674245,0.3327 ± 0.1774,0.0232830021680625,1.0417338017345377,384.4328859060402,45.296160322854014,384.4 ± 45.3,0.0,396.0,83.66187073880394,1.3494746375047089,83.66 ± 1.349,81.10354614257812,94.52429962158205,70.75378677932122,1,3,1,4,1:296; 3:1; 4:1,1,0,0.0,model_dynamic,True,mckenzie2003,6.057030107588476,6.1957879066467285,5.364426016807556,6.1957879066467285,8.527708053588867,3.8443288590604032,3.96,3.96,1.5728757077592486,1.5645929057188708,1,0.0,0,0.0,0,0.0,269,1643.710505485535,27,161.2735834121704,1,0.0108831636607646,8.0,9.0,9.0,0.0124999999999999,0.0124999999999999,0.025,0.022213121753869
dynamic,model_dynamic/summary_timeseries.csv,20,12.9,298,119200.0,1164.1041797050505,13.910055694320688,1164 ± 13.91,1138.501559234375,1209.206977250403,1.8095339890663036,1.5223407406776748,1.81 ± 1.522,0.0118365903499988,7.698036112650818,0.3322707171168709,0.1769801574290876,0.3323 ± 0.177,0.0244295034619183,1.0364364573047258,377.36241610738256,25.2257498049677,377.4 ± 25.23,133.0,384.0,66.16353322995589,0.714414712080908,66.16 ± 0.7144,63.88603210449219,74.75936126708984,70.70541801602803,1,1,1,1,1:298,0,0,0.0,model_dynamic,True,mckenzie2003,6.083451153447964,6.022488117218018,5.919431209564209,7.223961973190298,8.439560890197754,3.773624161073825,3.84,3.84,1.6161617139025848,1.5683562805255256,0,0.0,0,0.0,0,0.0,270,1621.1198816299438,28,191.74856209754944,0,0.0,10.0,11.0,11.0,0.0062499999999999,0.0124999999999999,0.025,0.0176571701066784
dynamic,model_dynamic/summary_timeseries.csv,20,12.8,298,119200.0,1164.1171296785983,13.909217177186909,1164 ± 13.91,1138.529031384206,1209.1867892790208,1.808607761320109,1.5366654710585228,1.809 ± 1.537,0.0,7.737609726796889,0.3320342974691078,0.1766138951774002,0.332 ± 0.1766,0.0257775715448621,1.031601316894998,365.8523489932886,73.37015429629471,365.9 ± 73.37,0.0,385.0,65.75361679384372,1.9895642416757229,65.75 ± 1.99,63.09063720703125,74.89604187011719,70.65775789481472,1,3,1,4,1:289; 3:1; 4:8,8,0,0.0,model_dynamic,True,mckenzie2003,5.753683715002399,5.919431209564209,2.694220459461213,6.091578006744385,8.439560890197754,3.658523489932887,3.85,3.85,1.563417579405945,1.5375145998868074,8,0.0,0,0.0,0,0.0,269,1604.7399921417236,20,109.84059536457062,1,0.0171595644205808,7.0,7.0,7.0,0.00625,0.025,0.025,0.0247280101119734
dynamic,model_dynamic/summary_timeseries.csv,20,12.7,298,119200.0,1164.1312192711216,13.907819095833688,1164 ± 13.91,1138.5564346411777,1209.1674159474608,1.8092525484248008,1.5487953758120248,1.809 ± 1.549,0.0,7.774563490767068,0.3317722489141034,0.1762586443032314,0.3318 ± 0.1763,0.0268854552553365,1.0290648212398672,363.5234899328859,87.93237058794868,363.5 ± 87.93,0.0,388.0,66.37531649186307,2.172954392596398,66.38 ± 2.173,63.84003448486328,75.0693359375,70.61098130628307,1,3,1,4,1:283; 3:3; 4:12,12,0,0.0,model_dynamic,True,mckenzie2003,5.804864770967213,6.126237869262695,0.8860177431255594,6.126237869262695,8.527708053588867,3.635234899328859,3.88,3.88,1.5799293164750732,1.5789272858924472,12,0.0,0,0.0,0,0.0,268,1638.8622045516968,15,90.9440141916275,3,0.0434830049052834,7.0,7.0,7.0,0.0062499999999999,0.0249999999999999,0.025,0.0232406500018267
dynamic,model_dynamic/summary_timeseries.csv,20,12.6,298,119200.0,1164.1458033433505,13.906233216865878,1164 ± 13.91,1138.583943324493,1209.148662351936,1.8106879724936085,1.5601220067900834,1.811 ± 1.56,0.0,7.810928253104066,0.3314999206888452,0.1759044933898859,0.3315 ± 0.1759,0.0277623144961951,1.028409171437939,359.3154362416107,90.06478557487726,359.3 ± 90.06,0.0,385.0,63.89412310299457,2.227234391005021,63.89 ± 2.227,61.07621765136719,72.40929412841797,70.56471902744283,1,3,1,4,1:282; 3:3; 4:13,13,0,0.0,model_dynamic,True,mckenzie2003,5.754844587314999,6.126237869262695,0.0171595644205808,6.126237869262695,8.439560890197754,3.593154362416108,3.85,3.85,1.5833670493177414,1.591230615392908,13,0.0,0,0.0,0,0.0,268,1635.4285831451416,14,79.4678612947464,3,0.0472425799816846,7.0,7.0,7.0,0.0062499999999999,0.0249999999999999,0.025,0.0240884329846774
dynamic,model_dynamic/summary_timeseries.csv,20,12.5,298,119200.0,1164.159904854694,13.905145391353262,1164 ± 13.91,1138.611226815918,1209.13105675318,1.8112941438682144,1.5713449564068769,1.811 ± 1.571,0.0,7.86610795409357,0.3312600036198264,0.1755691890820716,0.3313 ± 0.1756,0.0282370808081759,1.027985776701469,353.8154362416107,95.69826127671742,353.8 ± 95.7,0.0,383.0,63.90932501722502,2.3594815945166734,63.91 ± 2.359,61.319217681884766,72.42863464355469,70.5198299372621,1,3,1,4,1:279; 3:5; 4:14,14,0,0.0,model_dynamic,True,mckenzie2003,5.662495476078092,6.091578006744385,0.0102965331170708,6.091578006744385,8.439560890197754,3.538154362416107,3.82,3.83,1.5726990052240315,1.5946539284671164,14,0.0,0,0.0,0,0.0,268,1627.6487140655518,11,59.71392458677292,5,0.0610132189467549,8.0,8.0,8.0,0.0062499999999999,0.0249999999999999,0.025,0.0233144376770197
dynamic,model_dynamic/summary_timeseries.csv,20,12.4,298,119200.0,1164.1747023499734,13.90389373442172,1164 ± 13.9,1138.6385203365212,1209.1142734698276,1.8127159851895245,1.581959524749563,1.813 ± 1.582,0.0,7.91907808525793,0.3309998067329528,0.1752426554683438,0.331 ± 0.1752,0.0291789884098287,1.027615761266745,353.86241610738256,98.46263487559962,353.9 ± 98.46,0.0,384.0,65.60353925564145,2.3725575731447157,65.6 ± 2.373,63.483280181884766,73.93582153320312,70.4757531333064,1,3,1,4,1:278; 3:5; 4:15,15,0,0.0,model_dynamic,True,mckenzie2003,5.6293847492439735,6.091578006744385,0.0059264493640512,6.091578006744385,8.395623207092285,3.5386241610738254,3.84,3.84,1.562764550735949,1.5863484392563505,15,0.0,0,0.0,0,0.0,268,1628.198275089264,10,49.30346941947937,5,0.0549107659608125,7.0,7.0,7.0,0.0062499999999999,0.0249999999999999,0.025,0.0211445140189035
dynamic,model_dynamic/summary_timeseries.csv,20,12.3,298,119200.0,1164.189836759202,13.902435716288725,1164 ± 13.9,1138.6660291349192,1209.0980099787043,1.8148597986459811,1.592298290740148,1.815 ± 1.592,0.0,7.973095168522325,0.3307197641234976,0.1749056315265069,0.3307 ± 0.1749,0.0300100511850854,1.0271604464661377,350.6174496644296,99.06523491787982,350.6 ± 99.07,0.0,382.0,64.52158350592492,2.289288114591672,64.52 ± 2.289,62.391597747802734,72.43560791015625,70.43198084378514,1,3,1,4,1:277; 3:5; 4:16,16,0,0.0,model_dynamic,True,mckenzie2003,5.61672416479083,6.091578006744385,0.0,6.091578006744385,8.439560890197754,3.506174496644295,3.81,3.82,1.5750301441415926,1.5988393718489198,16,0.0,0,0.0,0,0.0,268,1627.231156349182,9,46.48535513877869,5,0.0672896197065711,7.0,7.0,7.0,0.00625,0.025,0.025,0.0215738167495371
dynamic,model_dynamic/summary_timeseries.csv,20,12.2,298,119200.0,1164.2048272341556,13.900935492688731,1164 ± 13.9,1138.693451355433,1209.0824496152875,1.81668325171503,1.6023983236601702,1.817 ± 1.602,0.0,8.024831925144145,0.3304441535244579,0.1745815899887165,0.3304 ± 0.1746,0.0305953629121687,1.0268220861104032,351.63422818791946,99.02164245289376,351.6 ± 99.02,0.0,382.0,62.342579092755415,2.240694166275763,62.34 ± 2.241,60.10578155517578,70.15855407714844,70.38899825985504,1,3,1,4,1:277; 3:4; 4:17,17,0,0.0,model_dynamic,True,mckenzie2003,5.62903733213976,6.091578006744385,0.0,6.091578006744385,8.439560890197754,3.516342281879195,3.82,3.82,1.5799651092520264,1.5946539284671164,17,0.0,0,0.0,0,0.0,268,1627.7519583702087,9,49.649317264556885,4,0.0518493428826332,7.0,7.0,7.0,0.0062499999999999,0.0249999999999999,0.025,0.0223045990018162
dynamic,model_dynamic/summary_timeseries.csv,20,12.1,298,119200.0,1164.2195282581004,13.899667787436131,1164 ± 13.9,1138.7206915810166,1209.067691195877,1.8178562214661136,1.6123457562614678,1.818 ± 1.612,0.0,8.073400218997676,0.3301910794864844,0.1742778388503279,0.3302 ± 0.1743,0.0311007175564652,1.0266863570940732,356.98993288590606,101.83173003015854,357 ± 101.8,0.0,389.0,64.62125812760935,2.2448850517930694,64.62 ± 2.245,61.7244987487793,72.29830932617188,70.34699961486035,1,3,1,4,1:277; 3:1; 4:20,20,0,0.0,model_dynamic,True,mckenzie2003,5.653671248328416,6.126237869262695,0.0,6.126237869262695,8.527708053588867,3.5698993288590604,3.89,3.89,1.5749976832253991,1.574868346854163,20,0.0,0,0.0,0,0.0,267,1631.09331035614,10,53.69561183452606,1,0.0051098112016916,6.0,6.0,6.0,0.0093749999999999,0.0249999999999999,0.025,0.0239638209638009
dynamic,model_dynamic/summary_timeseries.csv,20,12.0,298,119200.0,1164.2348092801967,13.898133474397266,1164 ± 13.9,1138.7482103912032,1209.0538081910045,1.820037915436134,1.6220132459494987,1.82 ± 1.622,0.0,8.124386696019952,0.3299142781501682,0.1739663449011028,0.3299 ± 0.174,0.0318382150310226,1.0264118584265725,361.1241610738255,102.43879177605432,361.1 ± 102.4,0.0,393.0,67.94874616277298,2.262780758152,67.95 ± 2.263,65.72852325439453,75.65169525146484,70.30559779980126,1,2,1,4,1:277; 4:21,21,0,0.0,model_dynamic,True,mckenzie2003,5.66712856412734,6.126237869262695,0.0,6.1957879066467285,8.571918487548828,3.6112416107382552,3.93,3.93,1.5680093981858865,1.5588391524841465,21,0.0,0,0.0,0,0.0,266,1625.6531138420105,11,63.15119826793671,0,0.0,7.0,8.0,8.0,0.0062499999999999,0.0249999999999999,0.025,0.0220357380756002
dynamic,model_dynamic/summary_timeseries.csv,20,11.9,298,119200.0,1164.2506874185644,13.89640523933964,1164 ± 13.9,1138.7761217681375,1209.040858190157,1.823479617256084,1.6314408050971294,1.823 ± 1.631,0.0,8.180011624999658,0.3296133216290412,0.1736454481194805,0.3296 ± 0.1736,0.0327026486169092,1.025941801504957,374.8590604026846,104.42704142925572,374.9 ± 104.4,0.0,407.0,69.42824418752785,2.273651675521266,69.43 ± 2.274,67.19723510742188,77.59280395507812,70.2647364220195,1,3,1,4,1:277; 3:7; 4:14,14,0,0.0,model_dynamic,True,mckenzie2003,5.846726938854003,6.300686836242676,0.0102965331170708,6.300686836242676,8.794327735900879,3.748590604026846,4.07,4.07,1.5281353862140252,1.5480803037451292,14,0.0,0,0.0,0,0.0,266,1671.0305161476135,11,71.20944309234619,7,0.0846685385331511,8.0,8.0,8.0,0.0062499999999999,0.0249999999999999,0.025,0.022890948618157
dynamic,model_dynamic/summary_timeseries.csv,20,11.8,298,119200.0,1164.2668911126996,13.89464655280886,1164 ± 13.89,1138.8042445275803,1209.027963648312,1.8275397387457712,1.640609875474993,1.828 ± 1.641,0.0,8.236378115133867,0.3293036373509167,0.1733120274230592,0.3293 ± 0.1733,0.0334894236307168,1.0253858469726602,383.1107382550336,96.86157953176206,383.1 ± 96.86,0.0,412.0,70.25315442181274,2.139765019588724,70.25 ± 2.14,68.03760528564453,78.35408782958984,70.2237191207314,1,3,1,4,1:282; 3:5; 4:11,11,0,0.0,model_dynamic,True,mckenzie2003,5.954419452665786,6.371000289916992,0.0171595644205808,6.371000289916992,8.794327735900879,3.8311073825503352,4.12,4.12,1.5273618486460103,1.5463592936691728,11,0.0,0,0.0,0,0.0,266,1686.223816871643,16,88.13403314352036,5,0.0591468792408704,8.0,8.0,8.0,0.00625,0.025,0.025,0.0232918266471867
dynamic,model_dynamic/summary_timeseries.csv,20,11.7,298,119200.0,1164.2832373524336,13.89282309745139,1164 ± 13.89,1138.8325114617635,1209.0149148010955,1.8318417355698555,1.649794658787603,1.832 ± 1.65,0.0,8.292860759059,0.3289889537451508,0.1729808910938193,0.329 ± 0.173,0.0343980994447226,1.0247874801458996,385.58053691275165,89.99799712749194,385.6 ± 90,0.0,412.0,71.19110890842924,2.1436229888399936,71.19 ± 2.144,68.94564819335938,79.83348083496094,70.18240333933204,1,3,1,4,1:285; 3:5; 4:8,8,0,0.0,model_dynamic,True,mckenzie2003,5.87328440790696,6.1957879066467285,1.5356793940067297,6.371000289916992,8.794327735900879,3.8558053691275176,4.12,4.12,1.49672091023222,1.5123003894842943,8,0.0,0,0.0,0,0.0,267,1658.5701360702517,18,91.6218456029892,5,0.046771883033216,9.0,9.0,9.0,0.0062499999999999,0.0249999999999999,0.025,0.0240541090466015
dynamic,model_dynamic/summary_timeseries.csv,20,11.6,298,119200.0,1164.2997132460794,13.890978326697237,1164 ± 13.89,1138.8609066135066,1209.0017593240946,1.8364509780631768,1.6588544094627895,1.836 ± 1.659,0.0,8.349516986233489,0.3286730125463967,0.1726514404228063,0.3287 ± 0.1727,0.0352700783130509,1.0241534551243372,396.22147651006713,82.80995025301709,396.2 ± 82.81,0.0,420.0,70.40215147901702,1.965182093008423,70.4 ± 1.965,67.91658782958984,78.81473541259766,70.14085271058798,1,3,1,4,1:289; 3:1; 4:8,8,0,0.0,model_dynamic,True,mckenzie2003,6.128565185259553,6.477041244506836,2.6778972148895277,6.477041244506836,8.928855895996094,3.962214765100671,4.2,4.2,1.5351893652171282,1.5421526772635323,8,0.0,0,0.0,0,0.0,267,1718.7750186920166,22,107.52652335166933,1,0.0108831636607646,7.0,8.0,8.0,0.0062499999999999,0.0249999999999999,0.025,0.0235512851766521
dynamic,model_dynamic/summary_timeseries.csv,20,11.5,298,119200.0,1164.3160204677429,13.889186278175575,1164 ± 13.89,1138.8892742419812,1208.988182982894,1.840630345134141,1.66821398840823,1.841 ± 1.668,0.0,8.40540343778932,0.3283624754289662,0.1723306768159203,0.3284 ± 0.1723,0.0363058794017751,1.0235568889924835,403.1577181208054,83.35960723445714,403.2 ± 83.36,0.0,427.0,74.39958139713978,1.8729272383429525,74.4 ± 1.873,71.7703857421875,82.42110443115234,70.09890874091275,1,3,1,4,1:289; 3:1; 4:8,8,0,0.0,model_dynamic,True,mckenzie2003,6.051272793741735,6.371000289916992,3.0511637449264537,6.477041244506836,8.928855895996094,4.031577181208054,4.2700000000000005,4.2700000000000005,1.4919269738947532,1.4920375386222462,8,0.0,0,0.0,0,0.0,267,1693.0350332260132,22,110.23337614536284,1,0.0108831636607646,8.0,9.0,9.0,0.0124999999999999,0.0124999999999999,0.025,0.0245837157327965
dynamic,model_dynamic/summary_timeseries.csv,20,11.4,298,119200.0,1164.333176146725,13.88712393806656,1164 ± 13.89,1138.9181177010978,1208.9750923374083,1.8465495819328832,1.6768316507150132,1.847 ± 1.677,0.0,8.463383223671947,0.3280250637582639,0.1719964410595863,0.328 ± 0.172,0.0372176637393555,1.0227498704691351,413.38926174496646,76.99583457829392,413.4 ± 77,0.0,435.0,72.63003381306693,1.6836707328754763,72.63 ± 1.684,69.91659545898438,80.93192291259766,70.05697463631054,1,3,1,4,1:290; 3:3; 4:5,5,0,0.0,model_dynamic,True,mckenzie2003,6.28193739341922,6.512539863586426,4.936324000358583,6.58376407623291,9.018991470336914,4.133892617449664,4.34,4.3500000000000005,1.506391861213124,1.5005852220245222,5,0.0,0,0.0,0,0.0,267,1733.17684841156,23,138.81752955913544,3,0.0229652682319283,8.0,9.0,9.0,0.0062499999999999,0.0249999999999999,0.025,0.0246888223801555
dynamic,model_dynamic/summary_timeseries.csv,20,11.3,298,119200.0,1164.349694281654,13.885271174665938,1164 ± 13.89,1138.9468590136732,1208.960948226103,1.8512512434673605,1.6861003807256032,1.851 ± 1.686,0.0,8.519857678226797,0.327707048431111,0.171676717294512,0.3277 ± 0.1717,0.0383696161191643,1.0220233340177198,412.1275167785235,77.36185250297895,412.1 ± 77.36,0.0,433.0,71.94304541773444,1.689479889518659,71.94 ± 1.689,69.06041717529297,80.1660385131836,70.01408921242978,1,3,1,4,1:290; 3:1; 4:7,7,0,0.0,model_dynamic,True,mckenzie2003,6.1966916045061495,6.406271457672119,4.478196930885316,6.58376407623291,9.018991470336914,4.121275167785234,4.33,4.33,1.4998206803977878,1.479508419785709,7,0.0,0,0.0,0,0.0,267,1710.2215375900269,23,136.3816773891449,1,0.0108831636607646,8.0,8.0,8.0,0.00625,0.025,0.025,0.0242964904806176
dynamic,model_dynamic/summary_timeseries.csv,20,11.2,298,119200.0,1164.3660218161344,13.883526863712468,1164 ± 13.88,1138.9755428598814,1208.9467783552009,1.8556044343523463,1.695402829450569,1.856 ± 1.695,0.0,8.575146357912427,0.3273983065947566,0.1713645226464799,0.3274 ± 0.1714,0.0395829444497235,1.021354685256777,419.1174496644296,79.70884284942994,419.1 ± 79.71,0.0,441.0,74.88020890511122,1.760069492838003,74.88 ± 1.76,72.0187759399414,83.22200012207031,69.97123549531943,1,3,1,4,1:290; 3:1; 4:7,7,0,0.0,model_dynamic,True,mckenzie2003,6.2532336435205735,6.477041244506836,4.194212257862093,6.58376407623291,9.200339317321776,4.191174496644295,4.41,4.41,1.4867611742369535,1.4687168354890785,7,0.0,0,0.0,0,0.0,267,1729.074781417847,23,134.38187205791473,1,0.006972293369472,8.0,9.0,9.0,0.0124999999999999,0.0124999999999999,0.025,0.0242369262729734
dynamic,model_dynamic/summary_timeseries.csv,20,11.1,298,119200.0,1164.383035963725,13.881485994143222,1164 ± 13.88,1139.0045884337333,1208.9329267497512,1.8613480893648195,1.7039734309296946,1.861 ± 1.704,0.0,8.63181764356084,0.3270686662436121,0.1710385447819486,0.3271 ± 0.171,0.0406240106643758,1.020523327077962,419.6711409395973,73.79296659460498,419.7 ± 73.79,0.0,439.0,76.92839429202496,1.6300530547130443,76.93 ± 1.63,74.07481384277344,85.52810668945312,69.92833831601797,1,3,1,4,1:291; 3:3; 4:4,4,0,0.0,model_dynamic,True,mckenzie2003,6.412143272919668,6.58376407623291,5.328091788291932,6.619489669799805,9.018991470336914,4.196711409395973,4.39,4.39,1.5150363622826837,1.5078564168108897,4,0.0,0,0.0,0,0.0,267,1758.5696005821228,24,152.21831583976746,3,0.0307789081707596,8.0,9.0,9.0,0.0124999999999999,0.0124999999999999,0.025,0.023525857578306
dynamic,model_dynamic/summary_timeseries.csv,20,11.0,298,119200.0,1164.4004618642375,13.879217315337057,1164 ± 13.88,1139.0339329880312,1208.919184481152,1.8678982295159925,1.7122617910363025,1.868 ± 1.712,0.0,8.689438897860093,0.3267234150030919,0.1707051344376784,0.3267 ± 0.1707,0.0417447667007001,1.0195680901134538,427.2986577181208,61.97386382061391,427.3 ± 61.97,0.0,443.0,75.9403585139537,1.3953935023864132,75.94 ± 1.395,73.9596939086914,84.47689819335938,69.8852514931209,1,3,1,4,1:294; 3:2; 4:2,2,0,0.0,model_dynamic,True,mckenzie2003,6.507671976918292,6.619489669799805,5.74921464920044,6.691166877746582,9.200339317321776,4.272986577181208,4.43,4.43,1.5143178308679577,1.4942414604514234,2,0.0,0,0.0,0,0.0,268,1771.9087805747986,26,167.36352396011353,2,0.013944586738944,8.0,9.0,9.0,0.0124999999999999,0.0124999999999999,0.025,0.0237631173011789
dynamic,model_dynamic/summary_timeseries.csv,20,10.9,298,119200.0,1164.4174199874878,13.87719453913249,1164 ± 13.88,1139.063230985932,1208.904999949256,1.8735746347688251,1.721144299631958,1.874 ± 1.721,0.0,8.745907037736238,0.3263955968001415,0.1703824523058048,0.3264 ± 0.1704,0.042879307581512,1.0186524209642298,426.0,61.45064042020792,426 ± 61.45,0.0,442.0,74.74928567873552,1.3528924290905635,74.75 ± 1.353,72.77171325683594,82.96568298339844,69.84176896332406,1,2,1,4,1:294; 4:4,4,0,0.0,model_dynamic,True,mckenzie2003,6.480419474560143,6.58376407623291,5.683869051933289,6.619489669799805,9.200339317321776,4.26,4.41,4.42,1.5224647693681148,1.4929170240890952,4,0.0,0,0.0,0,0.0,268,1763.5547857284546,26,167.61021769046783,0,0.0,8.0,9.0,9.0,0.0124999999999999,0.0124999999999999,0.025,0.0240863179089573
dynamic,model_dynamic/summary_timeseries.csv,20,10.8,298,119200.0,1164.433999880973,13.875323385579984,1164 ± 13.88,1139.0924292458865,1208.8903401824552,1.8785526701227373,1.7302686052535692,1.879 ± 1.73,0.0,8.800786679606853,0.3260832761332134,0.1700690363872899,0.3261 ± 0.1701,0.0440400111349122,1.0178015463827133,430.3422818791946,64.53621550394438,430.3 ± 64.54,0.0,447.0,75.04175091429845,1.4712343895500892,75.04 ± 1.471,73.0159683227539,83.49646759033203,69.79791093656877,1,2,1,4,1:294; 4:4,4,0,0.0,model_dynamic,True,mckenzie2003,6.51082254936231,6.691166877746582,5.4701988935470585,6.691166877746582,9.291548728942873,4.3034228187919465,4.47,4.47,1.512295912118818,1.496905341777759,4,0.0,0,0.0,0,0.0,268,1778.7021231651306,26,161.52299654483795,0,0.0,8.0,9.0,9.0,0.0125,0.0125000000000014,0.025,0.0239670829826917
dynamic,model_dynamic/summary_timeseries.csv,20,10.7,298,119200.0,1164.4507068173968,13.873383139397436,1164 ± 13.87,1139.1216882120946,1208.8755922280154,1.883761787496842,1.7391513342102658,1.884 ± 1.739,0.0,8.85536822811444,0.3257673834391392,0.1697564327712512,0.3258 ± 0.1698,0.0442589130836322,1.016932223460215,425.12080536912754,62.80676797964824,425.1 ± 62.81,0.0,442.0,77.74329691125243,1.4137269420178498,77.74 ± 1.414,75.76371002197266,85.98420715332031,69.75390401592085,1,2,1,4,1:294; 4:4,4,0,0.0,model_dynamic,True,mckenzie2003,6.442782650857964,6.58376407623291,5.2458771705627445,6.619489669799805,9.200339317321776,4.251208053691275,4.41,4.42,1.5155464204699782,1.4929170240890952,4,0.0,0,0.0,0,0.0,269,1766.7251496315002,25,153.22408032417297,0,0.0,8.0,9.0,9.0,0.0124999999999999,0.0124999999999999,0.025,0.0230878102699595
dynamic,model_dynamic/summary_timeseries.csv,20,10.6,298,119200.0,1164.468374763966,13.871066742457906,1164 ± 13.87,1139.15126415385,1208.8613448727965,1.8905640323518065,1.7471221850814351,1.891 ± 1.747,0.0,8.910584239121995,0.3254316652889963,0.1694347058160883,0.3254 ± 0.1694,0.0443162571787713,1.015927078986051,427.3154362416107,57.38877041526623,427.3 ± 57.39,0.0,441.0,74.10934801549719,1.2390014396169613,74.11 ± 1.239,71.41765594482422,82.76524353027344,69.7100807189463,1,3,1,4,1:294; 3:2; 4:2,2,0,0.0,model_dynamic,True,mckenzie2003,6.3819638127398575,6.406271457672119,6.194284749031067,6.524726676940916,9.064193725585938,4.273154362416108,4.41,4.41,1.4893250766135544,1.4673414220548504,2,0.0,0,0.0,0,0.0,270,1735.3521466255188,24,166.45130324363708,2,0.0217663273215293,8.0,9.0,9.0,0.0124999999999999,0.0124999999999999,0.025,0.0241443036940282
dynamic,model_dynamic/summary_timeseries.csv,20,10.5,298,119200.0,1164.484750154852,13.869322093286767,1164 ± 13.87,1139.180500968604,1208.8464706361883,1.8950228213205635,1.7562795253609171,1.895 ± 1.756,0.0,8.962799030803179,0.3251446934232957,0.1691392156457482,0.3251 ± 0.1691,0.0443704634816891,1.0151223568887766,426.4127516778523,62.28404924549179,426.4 ± 62.28,0.0,442.0,76.23746613368093,1.3774171682485363,76.24 ± 1.377,73.91889190673828,84.38431549072266,69.66596966758448,1,2,1,4,1:294; 4:4,4,0,0.0,model_dynamic,True,mckenzie2003,6.355768215336256,6.477041244506836,5.4083327293396,6.58376407623291,9.064193725585938,4.264127516778524,4.42,4.42,1.4909201421375715,1.4653939467210035,4,0.0,0,0.0,0,0.0,271,1754.028980731964,23,139.98994743824005,0,0.0,8.0,9.0,9.0,0.0124999999999999,0.0124999999999999,0.025,0.0234502095674199
dynamic,model_dynamic/summary_timeseries.csv,20,10.4,298,119200.0,1164.501781843444,13.867243403973736,1165 ± 13.87,1139.2100195630417,1208.83182471416,1.9007379874001047,1.7642677314905064,1.901 ± 1.764,0.0,9.015630157148896,0.3248370525064942,0.1688340678026214,0.3248 ± 0.1688,0.0444260695662909,1.0142073651649024,416.5671140939597,57.752107306859,416.6 ± 57.75,0.0,431.0,74.13584812855561,1.269699513774683,74.14 ± 1.27,71.39500427246094,82.43489837646484,69.62180515111845,1,2,1,4,1:294; 4:4,4,0,0.0,model_dynamic,True,mckenzie2003,6.286564258921066,6.371000289916992,5.644856786727905,6.477041244506836,9.018991470336914,4.165671140939597,4.3,4.3100000000000005,1.5117998300408102,1.4863738880909787,4,0.0,0,0.0,0,0.0,272,1734.1642990112305,22,139.23185014724731,0,0.0,8.0,9.0,9.0,0.0124999999999999,0.0124999999999999,0.025,0.0240550950199215
dynamic,model_dynamic/summary_timeseries.csv,20,10.3,298,119200.0,1164.518095506624,13.865461531109815,1165 ± 13.87,1139.210385799408,1208.8169986363555,1.90515598673745,1.7727341550878364,1.905 ± 1.773,0.0,9.06639544081474,0.3245591451714851,0.168545989661129,0.3246 ± 0.1685,0.0444803507688365,1.01341352690859,420.8288590604027,61.36015014824389,420.8 ± 61.36,0.0,436.0,76.63018033328473,1.389323927225687,76.63 ± 1.389,73.94667053222656,84.90442657470703,69.60661283694753,1,2,1,4,1:294; 4:4,4,0,0.0,model_dynamic,True,mckenzie2003,6.39135861196774,6.58376407623291,5.170506167411804,6.58376407623291,9.018991470336914,4.208288590604028,4.36,4.36,1.5183856155878166,1.5100376321635114,4,0.0,0,0.0,0,0.0,273,1783.4809675216677,21,121.14389884471892,0,0.0,8.0,9.0,9.0,0.0125,0.0125000000000014,0.025,0.0232496593355656
dynamic,model_dynamic/summary_timeseries.csv,20,10.2,298,119200.0,1164.535188342938,13.86337150542447,1165 ± 13.86,1139.210385799408,1208.802328476432,1.9110028178014555,1.7805089629944408,1.911 ± 1.781,0.0,9.1181959382844,0.3242511586725243,0.1682471881271477,0.3243 ± 0.1682,0.0445368778454424,1.0124793508471497,422.3557046979866,57.7199410513663,422.4 ± 57.72,0.0,436.0,79.46355015799503,1.257562317923647,79.46 ± 1.258,77.4757308959961,88.23023223876953,69.59194267702401,1,3,1,4,1:294; 3:1; 4:3,3,0,0.0,model_dynamic,True,mckenzie2003,6.39494878007099,6.477041244506836,5.891527652740479,6.58376407623291,9.154868125915527,4.223557046979866,4.36,4.36,1.5130714152002958,1.4855599184648705,3,0.0,0,0.0,0,0.0,272,1761.1432542800903,22,144.5445098876953,1,0.006972293369472,8.0,9.0,9.0,0.0124999999999999,0.0124999999999999,0.025,0.0223592076589609
dynamic,model_dynamic/summary_timeseries.csv,20,10.1,298,119200.0,1164.5528933100188,13.861078875943006,1165 ± 13.86,1139.210385799408,1208.7881712735632,1.918065261054952,1.7878500588937165,1.918 ± 1.788,0.0,9.171083622363009,0.3239237484612056,0.1679416481808529,0.3239 ± 0.1679,0.0445952621499781,1.0114004928189648,426.2248322147651,47.23857541800116,426.2 ± 47.24,0.0,437.0,76.74115210411533,1.0852846237878098,76.74 ± 1.085,74.31184387207031,85.39314270019531,69.57778547415523,1,2,1,4,1:296; 4:2,2,0,0.0,model_dynamic,True,mckenzie2003,6.527746435379822,6.58376407623291,6.126237869262695,6.58376407623291,9.154868125915527,4.262248322147651,4.37,4.37,1.5334657223875163,1.50658216847435,2,0.0,0,0.0,0,0.0,273,1789.1920948028564,23,156.0763429403305,0,0.0,8.0,9.0,9.0,0.0124999999999999,0.0124999999999999,0.025,0.0230695561465855
dynamic,model_dynamic/summary_timeseries.csv,20,10.0,298,119200.0,1164.5695325638394,13.859227854766669,1165 ± 13.86,1139.210385799408,1208.7729969158277,1.923184598505577,1.796280669712356,1.923 ± 1.796,0.0,9.221673200141469,0.3236330720929819,0.1676541666462708,0.3236 ± 0.1677,0.0442402581242233,1.0104374179952889,423.251677852349,49.845604713608886,423.3 ± 49.85,0.0,435.0,73.78282383144303,1.1717751745365694,73.78 ± 1.172,71.71710205078125,82.39282989501953,69.5626111164197,1,2,1,4,1:296; 4:2,2,0,0.0,model_dynamic,True,mckenzie2003,6.498079670155608,6.58376407623291,6.164628505706787,6.58376407623291,9.064193725585938,4.2325167785234905,4.3500000000000005,4.3500000000000005,1.535392972402337,1.513508983042048,2,0.0,0,0.0,0,0.0,273,1792.0154366493225,23,144.4123050570488,0,0.0,8.0,9.0,9.0,0.0124999999999999,0.0124999999999999,0.025,0.0239474466705569
dynamic,model_dynamic/summary_timeseries.csv,20,9.9,298,119200.0,1164.5854650473646,13.857638845900215,1165 ± 13.86,1139.210385799408,1208.7575295134952,1.92695716363767,1.8050399447346663,1.927 ± 1.805,0.0,9.269825551194188,0.3233705949451276,0.1673841740115119,0.3234 ± 0.1674,0.0434754492405112,1.0096435586830377,425.3053691275168,61.04441147652052,425.3 ± 61.04,0.0,440.0,76.78908526017362,1.3599074638346011,76.79 ± 1.36,74.36483001708984,85.2761459350586,69.54714371408727,1,2,1,4,1:294; 4:4,4,0,0.0,model_dynamic,True,mckenzie2003,6.469122951462765,6.619489669799805,5.545198559761047,6.619489669799805,9.154868125915527,4.253053691275167,4.4,4.4,1.521554749504287,1.5044294704090464,4,0.0,0,0.0,0,0.0,273,1802.4554018974304,21,125.34323763847352,0,0.0,8.0,9.0,9.0,0.0124999999999999,0.0124999999999999,0.025,0.0230034358302885
dynamic,model_dynamic/summary_timeseries.csv,20,9.8,298,119200.0,1164.6024777217244,13.8555687931153,1165 ± 13.86,1139.210385799408,1208.7424641674029,1.9326317835661635,1.8126672663077903,1.933 ± 1.813,0.0,9.319165664666528,0.3230687743996112,0.1670990872615469,0.3231 ± 0.1671,0.0427427106305784,1.0086948211266018,425.76174496644296,57.24977898883566,425.8 ± 57.25,0.0,440.0,74.80492728828584,1.2208688079894474,74.8 ± 1.221,72.96118927001953,83.7569808959961,69.53207836799493,1,3,1,4,1:294; 3:2; 4:2,2,0,0.0,model_dynamic,True,mckenzie2003,6.420394444797538,6.512539863586426,5.988058567047119,6.58376407623291,9.154868125915527,4.25761744966443,4.39,4.4,1.5029156047731458,1.4834942741654729,2,0.0,0,0.0,0,0.0,273,1776.817135810852,21,136.44255328178406,2,0.0178554570302367,8.0,9.0,9.0,0.0125,0.0125000000000014,0.025,0.0235589455288529
dynamic,model_dynamic/summary_timeseries.csv,20,9.7,298,119200.0,1164.6186985019335,13.85390261433848,1165 ± 13.85,1139.210385799408,1208.7272710772324,1.9369493601771224,1.820951357352121,1.937 ± 1.821,0.0,9.366649357630768,0.322799437459056,0.1668325678661364,0.3228 ± 0.1668,0.042010104861955,1.0078640905421872,426.6040268456376,60.16345953300181,426.6 ± 60.16,0.0,441.0,79.37337900968205,1.3006190773403066,79.37 ± 1.301,77.47246551513672,87.86392974853516,69.51688527782449,1,2,1,4,1:294; 4:4,4,0,0.0,model_dynamic,True,mckenzie2003,6.432368947355539,6.58376407623291,5.702051162719727,6.619489669799805,9.200339317321776,4.2660402684563765,4.41,4.41,1.509753886106582,1.4929170240890952,4,0.0,0,0.0,0,0.0,273,1790.467881679535,21,126.37806463241576,0,0.0,8.0,9.0,9.0,0.0124999999999999,0.0124999999999999,0.025,0.0221787267239343
dynamic,model_dynamic/summary_timeseries.csv,20,9.6,298,119200.0,1164.6363682515405,13.851675550972583,1165 ± 13.85,1139.210385799408,1208.7127554233412,1.943891768342048,1.8278831656307764,1.944 ± 1.828,0.0,9.416225882753404,0.322478000778948,0.1665445662831722,0.3225 ± 0.1665,0.0413229516047418,1.00679523791835,433.86241610738256,48.41949518144022,433.9 ± 48.42,0.0,445.0,80.0020969570083,1.0782824634368957,80 ± 1.078,77.45230865478516,88.85855102539062,69.50236962393319,1,3,1,4,1:296; 3:1; 4:1,1,0,0.0,model_dynamic,True,mckenzie2003,6.543102463954222,6.58376407623291,6.406271457672119,6.691166877746582,9.200339317321776,4.3386241610738265,4.45,4.45,1.5057038481076768,1.4794975452208787,1,0.0,0,0.0,0,0.0,274,1804.0403661727903,22,145.79719579219818,1,0.006972293369472,8.0,9.0,9.0,0.0124999999999999,0.0124999999999999,0.025,0.0219006925589595
dynamic,model_dynamic/summary_timeseries.csv,20,9.5,298,119200.0,1164.654040812338,13.849449469999016,1165 ± 13.85,1139.210385799408,1208.698074118556,1.950767940228052,1.835090266638756,1.951 ± 1.835,0.0,9.465633000114051,0.3221577967275997,0.1662620634763643,0.3222 ± 0.1663,0.0406474682035495,1.0056782461276654,425.51677852349,43.29632624290606,425.5 ± 43.3,0.0,435.0,80.04669192013324,0.979707589834372,80.05 ± 0.9797,77.43110656738281,89.05816650390625,69.48768831914799,1,3,1,4,1:296; 3:1; 4:1,1,0,0.0,model_dynamic,True,mckenzie2003,6.52442429600371,6.58376407623291,6.371000289916992,6.58376407623291,9.064193725585938,4.2551677852349,4.3500000000000005,4.3500000000000005,1.5328824283758082,1.513508983042048,1,0.0,0,0.0,0,0.0,276,1806.4426970481877,20,137.82281970977783,1,0.0129234511405229,8.0,9.0,9.0,0.0124999999999999,0.0124999999999999,0.025,0.0218296998116706
dynamic,model_dynamic/summary_timeseries.csv,20,9.4,298,119200.0,1164.671794070288,13.847123170810333,1165 ± 13.85,1139.210385799408,1208.6831984666555,1.957630761099206,1.8423499784567192,1.958 ± 1.842,0.0,9.514338468959023,0.3218326123360124,0.1659850060846742,0.3218 ± 0.166,0.0399823448928932,1.0045461428010185,434.1543624161074,39.31668444312412,434.2 ± 39.32,0.0,443.0,77.58307916526026,0.9127460688994864,77.58 ± 0.9127,75.06426239013672,86.19078826904297,69.47281266724758,1,2,1,4,1:297; 4:1,1,0,0.0,model_dynamic,True,mckenzie2003,6.543161925853499,6.58376407623291,6.371000289916992,6.619489669799805,9.200339317321776,4.341543624161074,4.43,4.43,1.5095787952549091,1.4861769923776322,1,0.0,0,0.0,0,0.0,277,1815.175413608551,20,134.68684029579163,0,0.0,8.0,9.0,9.0,0.0124999999999999,0.0124999999999999,0.025,0.0225040184157558
dynamic,model_dynamic/summary_timeseries.csv,20,9.3,298,119200.0,1164.688614167874,13.845194348216047,1165 ± 13.85,1139.210385799408,1208.671546544797,1.9628714997627303,1.8503463397532265,1.963 ± 1.85,0.0,9.560971063851106,0.3215413001042657,0.1657242785656955,0.3215 ± 0.1657,0.0393077713746216,1.0035301402453771,434.2919463087249,47.48258602273588,434.3 ± 47.48,0.0,445.0,76.51326193585491,1.0650637262872396,76.51 ± 1.065,73.84178924560547,85.29947662353516,69.46116074538895,1,3,1,4,1:296; 3:1; 4:1,1,0,0.0,model_dynamic,True,mckenzie2003,6.509350215362997,6.606637477874756,6.272660923004152,6.691166877746582,9.200339317321776,4.342919463087249,4.45,4.45,1.496164938205806,1.4908760517567126,1,0.0,0,0.0,0,0.0,277,1819.5383586883545,19,120.24103319644928,1,0.006972293369472,8.0,9.0,9.0,0.0125,0.0125000000000014,0.025,0.022364473565356
dynamic,model_dynamic/summary_timeseries.csv,20,9.2,298,119200.0,1164.7055931060358,13.843109619082272,1165 ± 13.84,1139.210385799408,1208.6587376747757,1.968060202405828,1.858002691169054,1.968 ± 1.858,0.0,9.606395471675324,0.3212487225996535,0.1654794110988557,0.3212 ± 0.1655,0.038641684376604,1.002572157145341,438.0469798657718,48.519052587959216,438 ± 48.52,0.0,449.0,77.15599426167124,1.052465644308908,77.16 ± 1.052,74.58358001708984,85.85862731933594,69.44835187536773,1,2,1,4,1:296; 4:2,2,0,0.0,model_dynamic,True,mckenzie2003,6.512350160003509,6.58376407623291,6.41731653213501,6.619489669799805,9.154868125915527,4.380469798657718,4.49,4.49,1.4891087023720295,1.4663171661988663,2,0.0,0,0.0,0,0.0,276,1813.145706653595,20,127.53464102745056,0,0.0,8.0,9.0,9.0,0.0124999999999999,0.0124999999999999,0.025,0.0230043937759205
dynamic,model_dynamic/summary_timeseries.csv,20,9.1,298,119200.0,1164.722805802161,13.840940418880647,1165 ± 13.84,1139.210385799408,1208.6455610295868,1.97362567529488,1.8653757255049288,1.974 ± 1.865,0.0,9.651576704738986,0.3209482105630235,0.1652320767527104,0.3209 ± 0.1652,0.0379981025151368,1.0015964040737622,438.17785234899327,47.72346143383275,438.2 ± 47.72,0.0,449.0,78.16655802886758,1.0203829006080116,78.17 ± 1.02,76.2364730834961,87.15314483642578,69.43517523017886,1,2,1,4,1:296; 4:2,2,0,0.0,model_dynamic,True,mckenzie2003,6.520287532934407,6.58376407623291,6.33948540687561,6.619489669799805,9.154868125915527,4.381778523489935,4.49,4.49,1.490908396992177,1.4663171661988663,2,0.0,0,0.0,0,0.0,277,1823.2025718688965,19,119.84311294555664,0,0.0,8.0,9.0,9.0,0.0124999999999999,0.0124999999999999,0.025,0.0226377630390574
dynamic,model_dynamic/summary_timeseries.csv,20,9.0,298,119200.0,1164.7401457138917,13.838743612059488,1165 ± 13.84,1139.210385799408,1208.632183535154,1.9795274686887792,1.872578665515448,1.98 ± 1.873,0.0,9.696650197613655,0.3206438447449377,0.1649829189425975,0.3206 ± 0.165,0.0373823214845594,1.0005671107858296,434.3825503355704,45.06119587140981,434.4 ± 45.06,0.0,445.0,79.43023366736085,0.9288000648032856,79.43 ± 0.9288,77.47119140625,88.2214126586914,69.42179773574617,1,2,1,4,1:296; 4:2,2,0,0.0,model_dynamic,True,mckenzie2003,6.482033628745367,6.58376407623291,6.125621247291565,6.58376407623291,9.154868125915527,4.3438255033557045,4.44,4.45,1.495707829451999,1.482829746899304,2,0.0,0,0.0,0,0.0,279,1824.2090291976929,17,107.43699216842651,0,0.0,8.0,9.0,9.0,0.0124999999999999,0.0124999999999999,0.025,0.02223282336622
dynamic,model_dynamic/summary_timeseries.csv,20,8.9,298,119200.0,1164.7578932348104,13.836432368670426,1165 ± 13.84,1139.210385799408,1208.6186290201797,1.9860768916482523,1.8794524686692624,1.986 ± 1.879,0.0,9.741773192044956,0.3203298330723236,0.1647349655949509,0.3203 ± 0.1647,0.0367992802134769,0.999492854396384,424.4597315436242,41.61972367262484,424.5 ± 41.62,0.0,433.0,74.94942179942291,0.864843677971699,74.95 ± 0.8648,72.45490264892578,83.57632446289062,69.40824322077151,1,3,1,4,1:296; 3:1; 4:1,1,0,0.0,model_dynamic,True,mckenzie2003,6.448217839440144,6.477041244506836,6.406271457672119,6.58376407623291,8.928855895996094,4.244597315436241,4.33,4.33,1.5188859663430136,1.4993151028951008,1,0.0,0,0.0,0,0.0,279,1806.6003394126888,17,114.95769357681274,1,0.0108831636607646,8.0,9.0,9.0,0.0124999999999999,0.0124999999999999,0.025,0.0235317218880827
dynamic,model_dynamic/summary_timeseries.csv,20,8.8,298,119200.0,1164.774111479821,13.834767127278162,1165 ± 13.83,1139.210385799408,1208.6040557909107,1.9899431909409824,1.887581908062756,1.99 ± 1.888,0.0,9.783877172877265,0.3200733681037138,0.1645163420141067,0.3201 ± 0.1645,0.036205411037476,0.998655453116908,419.3288590604027,52.25337636604238,419.3 ± 52.25,0.0,431.0,75.17580895135866,1.1110275159896197,75.18 ± 1.111,73.36038208007812,83.64412689208984,69.39366999150275,1,3,1,4,1:295; 3:1; 4:2,2,0,0.0,model_dynamic,True,mckenzie2003,6.357761209786888,6.512539863586426,5.817069053649902,6.512539863586426,8.839080810546875,4.193288590604028,4.3100000000000005,4.3100000000000005,1.51358549928462,1.5110301307625116,2,0.0,0,0.0,0,0.0,279,1808.7941575050356,16,85.80152344703674,1,0.0171595644205808,8.0,9.0,9.0,0.0125,0.0125000000000014,0.025,0.0213474792561079
dynamic,model_dynamic/summary_timeseries.csv,20,8.7,298,119200.0,1164.790785671079,13.832863045866295,1165 ± 13.83,1139.210385799408,1208.589654215967,1.9944750727139413,1.8949687114553453,1.994 ± 1.895,0.0,9.82542575773225,0.3198006611530863,0.1642934153957549,0.3198 ± 0.1643,0.0356380138297111,0.9978234050089558,430.6946308724832,54.16812045092475,430.7 ± 54.17,0.0,443.0,77.66483859887859,1.1136977208018983,77.66 ± 1.114,75.78775787353516,86.1710205078125,69.37926841655894,1,3,1,4,1:295; 3:1; 4:2,2,0,0.0,model_dynamic,True,mckenzie2003,6.395051128818535,6.512539863586426,5.713401508331299,6.619489669799805,9.064193725585938,4.306946308724831,4.43,4.43,1.482362540474344,1.4861769923776322,2,0.0,0,0.0,0,0.0,279,1821.1659407615664,16,84.54637217521667,1,0.0129234511405229,8.0,9.0,9.0,0.0124999999999999,0.0124999999999999,0.025,0.0211008090251179
dynamic,model_dynamic/summary_timeseries.csv,20,8.6,298,119200.0,1164.80806991355,13.83074393659645,1165 ± 13.83,1139.210385799408,1208.575666444601,2.0002084185256064,1.9017560343298223,2 ± 1.902,0.0,9.867693572558228,0.3195062614906369,0.1640591652468646,0.3195 ± 0.1641,0.0351172626967077,0.9968640984267594,428.6677852348993,47.48578419341881,428.7 ± 47.49,0.0,440.0,78.548854111025,0.9935373614563788,78.55 ± 0.9935,76.76742553710938,86.90135955810547,69.36528064519302,1,2,1,4,1:296; 4:2,2,0,0.0,model_dynamic,True,mckenzie2003,6.470641925030907,6.58376407623291,6.003639149665832,6.619489669799805,9.018991470336914,4.286677852348993,4.39,4.4,1.5109263094651886,1.4997184683901847,2,0.0,0,0.0,0,0.0,279,1832.0366492271423,17,96.21464443206789,0,0.0,8.0,9.0,9.0,0.0124999999999999,0.0124999999999999,0.025,0.0201454780805219
dynamic,model_dynamic/summary_timeseries.csv,20,8.5,298,119200.0,1164.8254133737205,13.828656359975511,1165 ± 13.83,1139.210385799408,1208.561673209413,2.006094984147911,1.9086400086804247,2.006 ± 1.909,0.0,9.909840715823217,0.3192117404982034,0.1638286275175113,0.3192 ± 0.1638,0.0346284924710263,0.9958525259382908,430.493288590604,50.27469797990245,430.5 ± 50.27,0.0,441.0,79.70789739109526,1.0070900780606546,79.71 ± 1.007,77.66493225097656,88.29522705078125,69.35128741000494,1,3,1,4,1:295; 3:1; 4:2,2,0,0.0,model_dynamic,True,mckenzie2003,6.42109821010506,6.512539863586426,6.351161098480225,6.58376407623291,9.200339317321776,4.30493288590604,4.41,4.41,1.4908972530271765,1.4767664089765138,2,0.0,0,0.0,0,0.0,279,1811.246015071869,16,102.2303683757782,1,0.0108831636607646,8.0,9.0,9.0,0.0124999999999999,0.0124999999999999,0.025,0.019301414308973
dynamic,model_dynamic/summary_timeseries.csv,20,8.4,298,119200.0,1164.8430156702318,13.826490114079526,1165 ± 13.83,1139.210385799408,1208.547736433345,2.0124502135472992,1.9152994339694844,2.012 ± 1.915,0.0,9.951955132671497,0.3189100813829623,0.1635977431110737,0.3189 ± 0.1636,0.0341752131011335,0.9947817354533736,437.08053691275165,49.41530844218779,437.1 ± 49.42,0.0,447.0,80.55522992946958,1.022122871471867,80.56 ± 1.022,78.01814270019531,89.4659652709961,69.33735063393715,1,3,1,4,1:295; 3:2; 4:1,1,0,0.0,model_dynamic,True,mckenzie2003,6.556775311667522,6.619489669799805,6.512539863586426,6.691166877746582,9.200339317321776,4.370805369127517,4.47,4.47,1.495240626808097,1.4808701722147215,1,0.0,0,0.0,0,0.0,279,1843.474582195282,16,110.42660522460938,2,0.0178554570302367,8.0,9.0,9.0,0.0124999999999999,0.0124999999999999,0.025,0.0190004922763495
dynamic,model_dynamic/summary_timeseries.csv,20,8.3,298,119200.0,1164.8607546639232,13.824268482985572,1165 ± 13.82,1139.210385799408,1208.533572038244,2.0190599279409915,1.921894224430227,2.019 ± 1.922,0.0,9.993947117513295,0.3186027579678773,0.1633663411895519,0.3186 ± 0.1634,0.0337519983475166,0.993653262624595,432.5335570469799,43.53823300255765,432.5 ± 43.54,0.0,441.0,78.61703032935226,0.9635168651583556,78.62 ± 0.9635,76.1564712524414,87.46078491210938,69.32318623883612,1,3,1,4,1:296; 3:1; 4:1,1,0,0.0,model_dynamic,True,mckenzie2003,6.482748315875862,6.477041244506836,6.406271457672119,6.619489669799805,9.200339317321776,4.325335570469798,4.41,4.41,1.4971541099762686,1.4687168354890785,1,0.0,0,0.0,0,0.0,279,1811.857808113098,17,119.99030685424805,1,0.0108831636607646,8.0,9.0,9.0,0.0125,0.0125000000000014,0.025,0.0193844786454147
dynamic,model_dynamic/summary_timeseries.csv,20,8.2,298,119200.0,1164.8778342613982,13.82230026457842,1165 ± 13.82,1139.210385799408,1208.5188930813958,2.0244493708678784,1.9290317252498503,2.024 ± 1.929,0.0,10.034339120913463,0.3183194279530516,0.1631486773866383,0.3183 ± 0.1631,0.0333414600407764,0.9926207864245796,431.496644295302,49.00371498875342,431.5 ± 49,0.0,441.0,80.01524033002406,1.023655024378482,80.02 ± 1.024,77.54098510742188,88.72206115722656,69.30850728198789,1,3,1,4,1:295; 3:1; 4:2,2,0,0.0,model_dynamic,True,mckenzie2003,6.428092446446969,6.477041244506836,6.406271457672119,6.512539863586426,8.928855895996094,4.31496644295302,4.41,4.41,1.488926290817708,1.4687168354890785,2,0.0,0,0.0,0,0.0,279,1803.5691905021667,16,111.98519897460938,1,0.0171595644205808,8.0,9.0,9.0,0.0124999999999999,0.0124999999999999,0.025,0.0190971020738378
dynamic,model_dynamic/summary_timeseries.csv,20,8.1,298,119200.0,1164.8953228150258,13.82019293110574,1165 ± 13.82,1139.210385799408,1208.5044550446178,2.0306088430833658,1.9356157632237565,2.031 ± 1.936,0.0,10.074729800204857,0.3180218902179328,0.1629250787574116,0.318 ± 0.1629,0.032970929211353,0.9915247784754564,431.6174496644296,43.743240676762674,431.6 ± 43.74,0.0,441.0,79.66558947979203,0.9399212706999326,79.67 ± 0.9399,77.53787994384766,88.07029724121094,69.29406924520981,1,2,1,4,1:296; 4:2,2,0,0.0,model_dynamic,True,mckenzie2003,6.499828722252942,6.58376407623291,6.40098078250885,6.619489669799805,9.200339317321776,4.316174496644295,4.4,4.4,1.5082783957050716,1.4963100173256614,2,0.0,0,0.0,0,0.0,280,1826.4555354118347,16,110.49342381954192,0,0.0,8.0,9.0,9.0,0.0124999999999999,0.0124999999999999,0.025,0.0138076802021405
dynamic,model_dynamic/summary_timeseries.csv,20,8.0,298,119200.0,1164.912729210135,13.818096980745343,1165 ± 13.82,1139.210385799408,1208.4898586592926,2.0365401593329597,1.942354226011371,2.037 ± 1.942,0.0,10.11441684199191,0.3177267897003191,0.1627062981157005,0.3177 ± 0.1627,0.0326263091332114,0.9904289075096604,441.0671140939597,45.29984583429776,441.1 ± 45.3,0.0,450.0,80.63841365327771,0.970193566167916,80.64 ± 0.9702,78.53323364257812,89.14903259277344,69.27947285988466,1,2,1,4,1:296; 4:2,2,0,0.0,model_dynamic,True,mckenzie2003,6.492912158470026,6.512539863586426,6.406271457672119,6.58376407623291,9.154868125915527,4.410671140939598,4.5,4.5,1.4741264230267663,1.4472310807969837,2,0.0,0,0.0,0,0.0,280,1824.417104721069,16,110.47071850299837,0,0.0,8.0,9.0,9.0,0.0124999999999999,0.0124999999999999,0.025,0.0136134096175066
dynamic,model_dynamic/summary_timeseries.csv,20,7.9,298,119200.0,1164.9304268520743,13.81593260669766,1165 ± 13.82,1139.210385799408,1208.475256318656,2.042965328157135,1.94885964234202,2.043 ± 1.949,0.0,10.1539579783282,0.3174213967414421,0.1624802258822773,0.3174 ± 0.1625,0.0323181408740125,0.9892827783721811,441.7852348993289,43.74177794393479,441.8 ± 43.74,0.0,450.0,82.74050357997818,0.9488726311359622,82.74 ± 0.9489,80.23491668701172,91.39147186279295,69.264870519248,1,2,1,4,1:296; 4:2,2,0,0.0,model_dynamic,True,mckenzie2003,6.517139896850458,6.512539863586426,6.477041244506836,6.58376407623291,9.291548728942873,4.417852348993288,4.5,4.5,1.4781816478323293,1.4472310807969837,2,0.0,0,0.0,0,0.0,280,1826.0767951011655,16,116.03089416027068,0,0.0,8.0,9.0,9.0,0.0125,0.0125000000000005,0.025,0.0138493161595315
dynamic,model_dynamic/summary_timeseries.csv,20,7.8,298,119200.0,1164.9486953071255,13.813557526650207,1165 ± 13.81,1139.210385799408,1208.4609173082972,2.050414190078054,1.95488500128636,2.05 ± 1.955,0.0,10.19388636235612,0.317098726756708,0.1622483720508687,0.3171 ± 0.1622,0.0320616189813969,0.9880246984501088,440.4127516778523,40.3934604790831,440.4 ± 40.39,0.0,448.0,83.20869847752104,0.866935817054452,83.21 ± 0.8669,80.82826232910156,91.94686126708984,69.25053150888925,1,3,1,4,1:296; 3:1; 4:1,1,0,0.0,model_dynamic,True,mckenzie2003,6.501942613687142,6.477041244506836,6.406271457672119,6.619489669799805,9.064193725585938,4.404127516778523,4.47,4.48,1.4758442156185887,1.4490025155496278,1,0.0,0,0.0,0,0.0,280,1811.0815234184265,16,126.48445200920104,1,0.0129234511405229,8.0,9.0,9.0,0.0124999999999999,0.0124999999999999,0.025,0.0139717679267126
dynamic,model_dynamic/summary_timeseries.csv,20,7.7,298,119200.0,1164.9669478753158,13.811209047535378,1165 ± 13.81,1139.210385799408,1208.4463127774793,2.057843612037177,1.9609515369540624,2.058 ± 1.961,0.0,10.233468408259988,0.3167775608818798,0.1620180529158329,0.3168 ± 0.162,0.0318396535430186,0.986729701948887,441.9429530201342,34.82776558594023,441.9 ± 34.83,0.0,448.0,80.75644394535347,0.8197810515086137,80.76 ± 0.8198,78.61003875732422,89.45838165283203,69.23592697807135,1,2,1,4,1:297; 4:1,1,0,0.0,model_dynamic,True,mckenzie2003,6.681851282215758,6.619489669799805,6.58376407623291,6.691166877746582,9.200339317321776,4.419429530201343,4.48,4.48,1.5140287704520374,1.4775646584374562,1,0.0,0,0.0,0,0.0,280,1858.741886138916,17,132.44979596138,0,0.0,8.0,9.0,9.0,0.0125,0.0125000000000005,0.025,0.0141240440730145
dynamic,model_dynamic/summary_timeseries.csv,20,7.6,298,119200.0,1164.984420451252,13.80906672971909,1165 ± 13.81,1139.210385799408,1208.430950475795,2.0637892454556366,1.9677295985172287,2.064 ± 1.968,0.0,10.271453950778588,0.3164775700871464,0.1618011733511837,0.3165 ± 0.1618,0.031619845460897,0.9855224621500412,440.251677852349,42.03722080997294,440.3 ± 42.04,0.0,448.0,83.08131196194847,0.926751122694258,83.08 ± 0.9268,81.01887512207031,91.72200012207033,69.22056467638708,1,3,1,4,1:296; 3:1; 4:1,1,0,0.0,model_dynamic,True,mckenzie2003,6.530119807871946,6.512539863586426,6.477041244506836,6.58376407623291,9.200339317321776,4.40251677852349,4.47,4.48,1.481633700113098,1.4536919338362555,1,0.0,0,0.0,0,0.0,280,1820.2131996154783,16,125.74534356594086,1,0.0171595644205808,8.0,9.0,9.0,0.0124999999999999,0.0124999999999999,0.025,0.0138822891915279
dynamic,model_dynamic/summary_timeseries.csv,20,7.5,298,119200.0,1165.0025885490304,13.806728601033171,1165 ± 13.81,1139.210385799408,1208.4159705930056,2.071012691276826,1.9737507932203815,2.071 ± 1.974,0.0,10.309860372264591,0.3161573630955425,0.1615746114209911,0.3162 ± 0.1616,0.0314578544383305,0.9842073613961008,440.0234899328859,34.685782030519235,440 ± 34.69,0.0,446.0,81.26514882849366,0.8309205786377751,81.27 ± 0.8309,78.89176177978516,90.11034393310548,69.20558479359761,1,2,1,4,1:297; 4:1,1,0,0.0,model_dynamic,True,mckenzie2003,6.665543076175972,6.691166877746582,6.58376407623291,6.691166877746582,9.200339317321776,4.400234899328859,4.46,4.46,1.5162642646485545,1.5002616317817448,1,0.0,0,0.0,0,0.0,282,1872.0462021827695,15,114.28563451766968,0,0.0,8.0,9.0,9.0,0.0124999999999999,0.0124999999999999,0.025,0.0140660413157973
dynamic,model_dynamic/summary_timeseries.csv,20,7.4,298,119200.0,1165.0201140175045,13.80455561219233,1165 ± 13.8,1139.210385799408,1208.4003372348625,2.0770417748717698,1.9803528590785664,2.077 ± 1.98,0.0,10.346941526598512,0.3158560297582525,0.1613585690265102,0.3159 ± 0.1614,0.0313093330430505,0.9829520144579064,443.5436241610738,37.73040772907668,443.5 ± 37.73,0.0,450.0,82.18008730075503,0.8939083084281036,82.18 ± 0.8939,79.71630859375,90.63778686523438,69.1899514354543,1,2,1,4,1:297; 4:1,1,0,0.0,model_dynamic,True,mckenzie2003,6.607853819059845,6.619489669799805,6.58376407623291,6.691166877746582,9.291548728942873,4.435436241610738,4.5,4.5,1.4896783610454016,1.4709977043999567,1,0.0,0,0.0,0,0.0,283,1867.776586055756,14,101.36385202407835,0,0.0,8.0,9.0,9.0,0.0125,0.0125000000000005,0.025,0.0136796485171309
dynamic,model_dynamic/summary_timeseries.csv,20,7.3,298,119200.0,1165.0379633142604,13.802260825327462,1165 ± 13.8,1139.210385799408,1208.384915933455,2.083611250799088,1.9865781779724907,2.084 ± 1.987,0.0,10.38386033851826,0.3155445464722963,0.16114038785318,0.3155 ± 0.1611,0.031204993882859,0.981647522136043,445.9563758389262,36.15665175400078,446 ± 36.16,0.0,452.0,83.94297470502406,0.815165481290909,83.94 ± 0.8152,81.5064926147461,92.09429931640624,69.17453013404702,1,2,1,4,1:297; 4:1,1,0,0.0,model_dynamic,True,mckenzie2003,6.637484274854596,6.619489669799805,6.58376407623291,6.691166877746582,9.337287902832031,4.459563758389263,4.5200000000000005,4.5200000000000005,1.489322437784094,1.4644888649999566,1,0.0,0,0.0,0,0.0,283,1872.8721408843996,14,105.0981730222702,0,0.0,8.0,9.0,9.0,0.0124999999999999,0.0124999999999999,0.025,0.0140447867678207
dynamic,model_dynamic/summary_timeseries.csv,20,7.2,298,119200.0,1165.0562231368433,13.79986392864619,1165 ± 13.8,1139.210385799408,1208.369752816661,2.0909544774178523,1.9924316459571605,2.091 ± 1.992,0.0,10.420977472369009,0.3152213591798422,0.160917278475213,0.3152 ± 0.1609,0.0311538475607769,0.9802540600654128,447.5302013422819,33.28815760705619,447.5 ± 33.29,0.0,453.0,82.731559574204,0.7417370219321415,82.73 ± 0.7417,80.29912567138672,91.0517807006836,69.15936701725309,1,2,1,4,1:297; 4:1,1,0,0.0,model_dynamic,True,mckenzie2003,6.677402508338826,6.691166877746582,6.58376407623291,6.727118492126465,9.337287902832031,4.475302013422819,4.53,4.53,1.4940592874608394,1.4770787809595105,1,0.0,0,0.0,0,0.0,284,1888.07914352417,13,101.78680396080016,0,0.0,8.0,9.0,9.0,0.0125,0.0125000000000005,0.025,0.0140270735396316
dynamic,model_dynamic/summary_timeseries.csv,20,7.1,298,119200.0,1165.0740205843606,13.797617138324574,1165 ± 13.8,1139.210385799408,1208.3541096806216,2.097424860202669,1.9987192126855169,2.097 ± 1.999,0.0,10.457487746764606,0.3149120542859778,0.1607026621461966,0.3149 ± 0.1607,0.0311230285578907,0.9788969383072552,448.27852348993287,35.08378669834666,448.3 ± 35.08,0.0,454.0,84.67293384731217,0.8076454109728921,84.67 ± 0.8076,82.22090148925781,93.21929168701172,69.14372388121365,1,2,1,4,1:297; 4:1,1,0,0.0,model_dynamic,True,mckenzie2003,6.606080748090808,6.619489669799805,6.512539863586426,6.691166877746582,9.337287902832031,4.482785234899328,4.54,4.54,1.4746613906233113,1.4580373722026,1,0.0,0,0.0,0,0.0,285,1879.4658160209656,12,89.14624691009521,0,0.0,8.0,9.0,9.0,0.0124999999999999,0.0124999999999999,0.025,0.0144329484225079
dynamic,model_dynamic/summary_timeseries.csv,20,7.0,298,119200.0,1165.0924463858307,13.795107613054151,1165 ± 13.8,1139.210385799408,1208.3388683569544,2.104990582249549,2.004403558068492,2.105 ± 2.004,0.0,10.494182417471512,0.3145853418720228,0.1604803899878006,0.3146 ± 0.1605,0.0311475983872546,0.97744363793922,449.1677852348993,31.98907168355081,449.2 ± 31.99,0.0,454.0,83.51406501923631,0.686207113232295,83.51 ± 0.6862,81.7154769897461,92.14097595214844,69.12848255754648,1,2,1,4,1:297; 4:1,1,0,0.0,model_dynamic,True,mckenzie2003,6.728310153788368,6.727118492126465,6.619489669799805,6.727118492126465,9.337287902832031,4.491677852348993,4.54,4.54,1.5001356472956535,1.4817441612613358,1,0.0,0,0.0,0,0.0,285,1910.066213607788,12,94.97021222114564,0,0.0,8.0,9.0,9.0,0.0124999999999999,0.0124999999999999,0.025,0.0140945973272594
dynamic,model_dynamic/summary_timeseries.csv,20,6.9,298,119200.0,1165.110413876211,13.792674893239091,1165 ± 13.79,1139.210385799408,1208.3230590342423,2.111671607957689,2.010485420978569,2.112 ± 2.01,0.0,10.529900595248629,0.3142641382048025,0.1602581272876516,0.3143 ± 0.1603,0.0311928612753156,0.9760212149195564,446.38926174496646,33.28476109169915,446.4 ± 33.28,0.0,452.0,83.26987536641575,0.7369184843527361,83.27 ± 0.7369,81.42460632324219,91.56623840332033,69.11267323483435,1,2,1,4,1:297; 4:1,1,0,0.0,model_dynamic,True,mckenzie2003,6.578345648394335,6.512539863586426,6.477041244506836,6.727118492126465,9.291548728942873,4.463892617449663,4.51,4.5200000000000005,1.475088241722443,1.4408274034483242,1,0.0,0,0.0,0,0.0,286,1877.9176154136655,11,82.42938780784607,0,0.0,8.0,9.0,9.0,0.0125,0.0125000000000005,0.025,0.0138529818235357
dynamic,model_dynamic/summary_timeseries.csv,20,6.8,298,119200.0,1165.1283220269609,13.790217086634886,1165 ± 13.79,1139.210385799408,1208.3071880107752,2.1181890728898565,2.0164510651018337,2.118 ± 2.016,0.0,10.564955110744698,0.3139443140700794,0.1600384933211252,0.3139 ± 0.16,0.0312733557300964,0.9746130649377313,446.9161073825503,33.46093097369009,446.9 ± 33.46,0.0,452.0,81.35906831370104,0.7334234329624175,81.36 ± 0.7334,79.48626708984375,89.55026245117188,69.09680221136728,1,2,1,4,1:297; 4:1,1,0,0.0,model_dynamic,True,mckenzie2003,6.50444826823753,6.512539863586426,6.477041244506836,6.58376407623291,9.337287902832031,4.469161073825503,4.5200000000000005,4.5200000000000005,1.4566060408900088,1.4408274034483242,1,0.0,0,0.0,0,0.0,287,1864.5767188072205,10,73.74886512756348,0,0.0,8.0,9.0,9.0,0.0124999999999999,0.0124999999999999,0.025,0.0141892522990091
dynamic,model_dynamic/summary_timeseries.csv,20,6.7,298,119200.0,1165.1456468634474,13.787937060763388,1165 ± 13.79,1139.210385799408,1208.2909922496658,2.123615484601582,2.022814644319973,2.124 ± 2.023,0.0,10.59873357798506,0.3136454439502706,0.1598318506196563,0.3136 ± 0.1598,0.031371316517245,0.9732997000977276,451.7013422818792,37.47206652975466,451.7 ± 37.47,0.0,458.0,84.76731445005277,0.8597197954915259,84.77 ± 0.8597,82.92283630371094,93.25067901611328,69.08060645025785,1,2,1,4,1:297; 4:1,1,0,0.0,model_dynamic,True,mckenzie2003,6.689234048728175,6.727118492126465,6.512539863586426,6.7992472648620605,9.429033279418944,4.517013422818793,4.57,4.58,1.479913872840377,1.468803164219752,1,0.0,0,0.0,0,0.0,287,1924.122549533844,10,69.2691969871521,0,0.0,8.0,9.0,9.0,0.0125,0.0125000000000005,0.025,0.0144188168435214
dynamic,model_dynamic/summary_timeseries.csv,20,6.6,298,119200.0,1165.1640122206206,13.78529254141633,1165 ± 13.79,1139.210385799408,1208.2754974359812,2.1309142563092665,2.028252423701081,2.131 ± 2.028,0.0,10.633356054219805,0.3133123390221472,0.1596102272723565,0.3133 ± 0.1596,0.0315356155932622,0.9718135856790928,451.5234899328859,31.63478331421201,451.5 ± 31.63,0.0,456.0,85.39905914204233,0.6573548018951343,85.4 ± 0.6574,83.6094970703125,93.79591369628906,69.06511163657319,1,2,1,4,1:297; 4:1,1,0,0.0,model_dynamic,True,mckenzie2003,6.676316938144248,6.691166877746582,6.58376407623291,6.727118492126465,9.337287902832031,4.515234899328861,4.5600000000000005,4.5600000000000005,1.4802088410209238,1.467361157400566,1,0.0,0,0.0,0,0.0,288,1921.2691779136655,9,68.27326965332031,0,0.0,8.0,9.0,9.0,0.0124999999999999,0.0124999999999999,0.025,0.0146156004030846
dynamic,model_dynamic/summary_timeseries.csv,20,6.5,298,119200.0,1165.182390721908,13.782698110820885,1165 ± 13.78,1139.210385799408,1208.2600156232504,2.138237379530555,2.033770172041661,2.138 ± 2.034,0.0,10.667707509409432,0.3129804199205193,0.1593917742888018,0.313 ± 0.1594,0.031739086676138,0.9702908718102484,454.6107382550336,31.425251977845573,454.6 ± 31.43,0.0,459.0,83.84498598751605,0.6410313897074514,83.84 ± 0.641,81.93392181396484,92.316162109375,69.04962982384245,1,2,1,4,1:297; 4:1,1,0,0.0,model_dynamic,True,mckenzie2003,6.791425418533735,6.7992472648620605,6.721725749969482,6.7992472648620605,9.429033279418944,4.546107382550336,4.59,4.59,1.4955903295342587,1.4813174868980523,1,0.0,0,0.0,0,0.0,288,1953.8993010520933,9,69.94547367095947,0,0.0,8.0,9.0,9.0,0.0124999999999999,0.0124999999999999,0.025,0.0141323670509795
dynamic,model_dynamic/summary_timeseries.csv,20,6.4,298,119200.0,1165.2001817910807,13.780273318164324,1165 ± 13.78,1139.210385799408,1208.243970827464,2.1444928617642227,2.0397388182805614,2.144 ± 2.04,0.0,10.70102316642554,0.3126637495815326,0.1591827390925414,0.3127 ± 0.1592,0.031960053824237,0.968816320343714,449.51006711409394,32.65728434516356,449.5 ± 32.66,0.0,454.0,85.79870631070744,0.6961341513778803,85.8 ± 0.6961,84.08039855957031,94.10441589355467,69.033585028056,1,2,1,4,1:297; 4:1,1,0,0.0,model_dynamic,True,mckenzie2003,6.697831881126302,6.727118492126465,6.619489669799805,6.727118492126465,9.337287902832031,4.495100671140939,4.54,4.54,1.4910606019866082,1.4817441612613358,1,0.0,0,0.0,0,0.0,288,1929.9466915130613,9,66.0072090625763,0,0.0,8.0,9.0,9.0,0.0125,0.0125000000000005,0.025,0.0147176880463468
dynamic,model_dynamic/summary_timeseries.csv,20,6.3,298,119200.0,1165.218515031851,13.77772405560269,1165 ± 13.78,1139.210385799408,1208.2283918095768,2.151745036588124,2.0451395118647047,2.152 ± 2.045,0.0,10.734474240367357,0.3123296532504317,0.1589670819876333,0.3123 ± 0.159,0.0322319808614767,0.9672577868816926,454.6476510067114,30.672332118205148,454.6 ± 30.67,0.0,459.0,80.40055775482382,0.596374241816149,80.4 ± 0.5964,78.12846374511719,88.40789794921875,69.01800601016885,1,2,1,4,1:297; 4:1,1,0,0.0,model_dynamic,True,mckenzie2003,6.774693740294284,6.7992472648620605,6.7992472648620605,6.7992472648620605,9.429033279418944,4.546476510067114,4.59,4.59,1.4914243528939208,1.4813174868980523,1,0.0,0,0.0,0,0.0,290,1966.391755104065,7,52.46697950363159,0,0.0,8.0,9.0,9.0,0.0124999999999999,0.0124999999999999,0.025,0.0149437800064029
dynamic,model_dynamic/summary_timeseries.csv,20,6.2,298,119200.0,1165.235009073234,13.775774173262484,1165 ± 13.78,1139.210385799408,1208.211689627375,2.1557981906755592,2.051993452232828,2.156 ± 2.052,0.0,10.765517278191592,0.3120391669775086,0.1587744176053194,0.312 ± 0.1588,0.0324876087207221,0.9659372303103556,454.1040268456376,43.0895654993811,454.1 ± 43.09,0.0,460.0,83.29829803569204,0.8708402325920716,83.3 ± 0.8708,81.47124481201172,91.58865356445312,69.00130382796715,1,3,1,4,1:296; 3:1; 4:1,1,0,0.0,model_dynamic,True,mckenzie2003,6.719154225043552,6.7992472648620605,6.727118492126465,6.7992472648620605,9.429033279418944,4.541040268456377,4.6000000000000005,4.6000000000000005,1.4746931195948183,1.4780972314917522,1,0.0,0,0.0,0,0.0,290,1962.5976366996765,6,39.69316279888153,1,0.0171595644205808,8.0,9.0,9.0,0.0125,0.0125000000000005,0.025,0.0137316724950751
dynamic,model_dynamic/summary_timeseries.csv,20,6.1,298,119200.0,1165.2524813278708,13.773534214829,1165 ± 13.77,1139.210385799408,1208.1956589288566,2.161578874871648,2.057877908551084,2.162 ± 2.058,0.0,10.797071663820075,0.3117216607887335,0.1585700254666287,0.3117 ± 0.1586,0.0328014474617117,0.9644892405445346,459.0234899328859,34.07841508048092,459 ± 34.08,0.0,464.0,87.40028168851097,0.7114075691287779,87.4 ± 0.7114,85.62454986572266,95.6073989868164,68.98527312944861,1,2,1,4,1:297; 4:1,1,0,0.0,model_dynamic,True,mckenzie2003,6.695981996971489,6.727118492126465,6.691166877746582,6.871675968170166,9.52113437652588,4.590234899328858,4.64,4.64,1.4590651182108938,1.4498100198548416,1,0.0,0,0.0,0,0.0,290,1948.2120699882507,7,47.19056510925293,0,0.0,8.0,9.0,9.0,0.0124999999999999,0.0124999999999999,0.025,0.0152807912848013
dynamic,model_dynamic/summary_timeseries.csv,20,6.0,298,119200.0,1165.2710176988444,13.770967785374197,1165 ± 13.77,1139.210385799408,1208.180489600564,2.1693561411004563,2.062845479850884,2.169 ± 2.063,0.0,10.829566722708892,0.3113748073627968,0.1583509912067564,0.3114 ± 0.1584,0.0326238522276652,0.9628587823301044,464.4697986577181,29.88289381757533,464.5 ± 29.88,0.0,468.0,87.13698531797269,0.5366093731605186,87.14 ± 0.5366,85.19243621826172,95.20303344726562,68.97010380115603,1,2,1,4,1:297; 4:1,1,0,0.0,model_dynamic,True,mckenzie2003,6.872128504234673,6.871675968170166,6.871675968170166,6.871675968170166,9.567317962646484,4.644697986577181,4.68,4.68,1.481367113882961,1.468306830805591,1,0.0,0,0.0,0,0.0,290,1990.3289594650269,7,57.56533479690552,0,0.0,8.0,9.0,9.0,0.0124999999999999,0.0124999999999999,0.025,0.0151176424198554
dynamic,model_dynamic/summary_timeseries.csv,20,5.9,298,119200.0,1165.289264942497,13.76845083886932,1165 ± 13.77,1139.210385799408,1208.1649292391571,2.1765975641171726,2.068195254456438,2.177 ± 2.068,0.0,10.861559186906383,0.3110335909766012,0.1581364221917842,0.311 ± 0.1581,0.0321804092114158,0.9612132104814256,459.4530201342282,30.10885409486112,459.5 ± 30.11,0.0,463.0,88.40073558628158,0.5672947886865083,88.4 ± 0.5673,86.51956176757812,96.59613800048828,68.95454343974939,1,2,1,4,1:297; 4:1,1,0,0.0,model_dynamic,True,mckenzie2003,6.760119916608669,6.7992472648620605,6.691166877746582,6.871675968170166,9.429033279418944,4.594530201342282,4.63,4.63,1.4726934856893257,1.468519927615996,1,0.0,0,0.0,0,0.0,291,1968.5086908340452,6,46.007044315338135,0,0.0,8.0,9.0,9.0,0.0125,0.0125000000000005,0.025,0.0163618209438405
dynamic,model_dynamic/summary_timeseries.csv,20,5.8,298,119200.0,1165.3079440374347,13.765793541647502,1165 ± 13.77,1139.210385799408,1208.149554143335,2.184530300139559,2.0731088610835697,2.185 ± 2.073,0.0245052111540062,10.893369579655571,0.3106801620314915,0.1579134899339434,0.3107 ± 0.1579,0.0317450567938696,0.9595105310285256,462.33892617449663,16.589271261708568,462.3 ± 16.59,261.0,465.0,85.88373647600213,0.3804806111633074,85.88 ± 0.3805,83.43204498291016,90.91561126708984,68.93916834392712,1,1,1,1,1:298,0,0,0.0,model_dynamic,True,mckenzie2003,6.733132836802694,6.727118492126465,6.691166877746582,6.871675968170166,9.52113437652588,4.623389261744966,4.65,4.65,1.4574670054906391,1.446692148844401,0,0.0,0,0.0,0,0.0,292,1963.6459884643557,6,42.82759690284729,0,0.0,8.0,9.0,9.0,0.0124999999999999,0.0124999999999999,0.025,0.0173438480427124
dynamic,model_dynamic/summary_timeseries.csv,20,5.7,298,119200.0,1165.3256458039248,13.763457011541862,1165 ± 13.76,1139.210385799408,1208.133198169549,2.190709982361549,2.078879382908653,2.191 ± 2.079,0.0044752925464513,10.92392663280908,0.3103554899106087,0.1577070858255962,0.3104 ± 0.1577,0.0312979071025427,0.9578928019183488,466.3859060402685,30.95692074964654,466.4 ± 30.96,7.0,470.0,87.5990155879283,0.5877000813023509,87.6 ± 0.5877,85.79435729980469,95.70409393310548,68.92281237014095,1,2,1,3,1:297; 3:1,0,0,0.0,model_dynamic,True,mckenzie2003,6.875692835496426,6.908002853393555,6.908002853393555,6.908002853393555,9.567317962646484,4.663859060402684,4.7,4.7,1.4707861661039476,1.4697878411475649,0,0.0,0,0.0,0,0.0,292,2013.485782623291,5,35.45775890350342,1,0.0129234511405229,8.0,9.0,9.0,0.0125,0.0125000000000005,0.025,0.0164113646745907
dynamic,model_dynamic/summary_timeseries.csv,20,5.6,298,119200.0,1165.343859107402,13.760884835986325,1165 ± 13.76,1139.210385799408,1208.1171465227706,2.197827024688605,2.084029309207679,2.198 ± 2.084,0.0229051628687227,10.95461352342978,0.3100169590167262,0.1574919147867046,0.31 ± 0.1575,0.0308610616220772,0.9561886805874152,466.59060402684565,17.545726806415086,466.6 ± 17.55,253.0,469.0,88.57798086076775,0.3839450106353734,88.58 ± 0.3839,86.75285339355469,94.05136108398438,68.9067607233626,1,1,1,1,1:298,0,0,0.0,model_dynamic,True,mckenzie2003,6.879311336766953,6.908002853393555,6.7992472648620605,6.908002853393555,9.567317962646484,4.665906040268457,4.69,4.69,1.475208604525469,1.4729217171414828,0,0.0,0,0.0,0,0.0,292,2008.3526496887207,6,41.68212866783142,0,0.0,8.0,9.0,9.0,0.0124999999999999,0.0124999999999999,0.025,0.0166508834531854
dynamic,model_dynamic/summary_timeseries.csv,20,5.5,298,119200.0,1165.3623170115563,13.758271847487745,1165 ± 13.76,1139.210385799408,1208.101206659248,2.205315976036628,2.0890926352824826,2.205 ± 2.089,0.0314621107179029,10.985150305861785,0.3096697430842323,0.1572730521173701,0.3097 ± 0.1573,0.030431131733565,0.9544322475669808,464.9731543624161,14.695315561292682,465 ± 14.7,303.0,467.0,89.8002035665832,0.285483117971807,89.8 ± 0.2855,87.44343566894531,93.09642028808594,68.89082085984,1,1,1,1,1:298,0,0,0.0,model_dynamic,True,mckenzie2003,6.811600560309903,6.871675968170166,6.58376407623291,6.871675968170166,9.567317962646484,4.649731543624163,4.67,4.67,1.4661306221533892,1.47145095678162,0,0.0,0,0.0,0,0.0,293,1994.6829752922056,5,35.173991680145264,0,0.0,8.0,9.0,9.0,0.0124999999999999,0.0124999999999999,0.025,0.0167690955123481
dynamic,model_dynamic/summary_timeseries.csv,20,5.4,298,119200.0,1165.381121059586,13.75550941207016,1165 ± 13.76,1139.210385799408,1208.085325367378,2.213369529176135,2.093892405867144,2.213 ± 2.094,0.0348566254759406,11.015159361682723,0.309313360827846,0.1570493512391707,0.3093 ± 0.157,0.0302375438192011,0.952614904676914,467.3020134228188,12.95899816845504,467.3 ± 12.96,320.0,470.0,91.2868553264029,0.2102837241405625,91.29 ± 0.2103,89.4984130859375,93.57652282714844,68.87493956797016,1,1,1,1,1:298,0,0,0.0,model_dynamic,True,mckenzie2003,6.740325284484249,6.727118492126465,6.691166877746582,6.871675968170166,9.567317962646484,4.673020134228188,4.69,4.69,1.443724590657566,1.4343536230546832,0,0.0,0,0.0,0,0.0,293,1970.962643623352,5,37.6542911529541,0,0.0,8.0,9.0,9.0,0.0125,0.0125000000000005,0.025,0.0166289494283922
dynamic,model_dynamic/summary_timeseries.csv,20,5.3,298,119200.0,1165.400433359171,13.7525907425471,1165 ± 13.75,1139.210385799408,1208.0695723405136,2.2222007781888307,2.098298553392113,2.222 ± 2.098,0.0485292449719701,11.045111418427844,0.3089400013315501,0.156819258863345,0.3089 ± 0.1568,0.0298760896723446,0.9507289609240224,469.7281879194631,9.306666301955898,469.7 ± 9.307,371.0,471.0,87.05206682858051,0.2207534719301087,87.05 ± 0.2208,84.884521484375,88.1439437866211,68.8591865411056,1,1,1,1,1:298,0,0,0.0,model_dynamic,True,mckenzie2003,6.829015309378605,6.7992472648620605,6.727118492126465,6.871675968170166,9.567317962646484,4.697281879194631,4.71,4.71,1.4550082517181384,1.4435769139834524,0,0.0,0,0.0,0,0.0,294,2002.4299964904783,4,32.6165657043457,0,0.0,8.0,9.0,9.0,0.0124999999999999,0.0124999999999999,0.025,0.0182831029501696
dynamic,model_dynamic/summary_timeseries.csv,20,5.2,298,119200.0,1165.418213860074,13.750160053820768,1165 ± 13.75,1139.210385799408,1208.0525324021178,2.2282691669071726,2.1040595418046992,2.228 ± 2.104,0.0255605637814434,11.073264738284852,0.3086052892673881,0.1566086729913994,0.3086 ± 0.1566,0.0294364525310332,0.948988706120894,466.0570469798658,16.409609048725724,466.1 ± 16.41,273.0,468.0,87.79331560582922,0.3434491178426099,87.79 ± 0.3434,85.91592407226562,92.48779296875,68.84214660270982,1,1,1,1,1:298,0,0,0.0,model_dynamic,True,mckenzie2003,6.8249910749845055,6.871675968170166,6.7992472648620605,6.871675968170166,9.567317962646484,4.660570469798658,4.68,4.68,1.464842228921632,1.468306830805591,0,0.0,0,0.0,0,0.0,294,2009.814406871796,4,24.03293347358704,0,0.0,8.0,9.0,9.0,0.0125,0.0125000000000005,0.025,0.0167096378745511
dynamic,model_dynamic/summary_timeseries.csv,20,5.1,298,119200.0,1165.436315821636,13.74756049977954,1165 ± 13.75,1139.210385799408,1208.0356010740588,2.2348666378039552,2.1094178153136807,2.235 ± 2.109,0.0278848740312119,11.101230644412505,0.3082614890394929,0.1563951153203547,0.3083 ± 0.1564,0.0290026419795526,0.9472089839337232,464.2248322147651,14.983204942233677,464.2 ± 14.98,286.0,466.0,88.72081562016635,0.2784857979802735,88.72 ± 0.2785,86.83094787597656,92.7724380493164,68.82521527465087,1,1,1,1,1:298,0,0,0.0,model_dynamic,True,mckenzie2003,6.818489194716383,6.7992472648620605,6.788427948951721,6.871675968170166,9.200339317321776,4.642248322147651,4.66,4.66,1.469567863493072,1.4590659366656782,0,0.0,0,0.0,0,0.0,294,2006.4342103004456,4,25.47556972503662,0,0.0,8.0,9.0,9.0,0.0124999999999999,0.0124999999999999,0.025,0.0166022375900945
dynamic,model_dynamic/summary_timeseries.csv,20,5.0,298,119200.0,1165.4546472402187,13.744572644909365,1165 ± 13.74,1139.210385799408,1208.0189658101735,2.24185617841992,2.114404843829913,2.242 ± 2.114,0.0396860211859209,11.129099087499048,0.3078956246279339,0.1561686809131408,0.3079 ± 0.1562,0.028575933168372,0.9453917534839842,470.78859060402687,11.648037713596286,470.8 ± 11.65,346.0,473.0,92.97222575245289,0.1307977261805848,92.97 ± 0.1308,91.14588165283205,93.94259643554688,68.80858001076558,1,1,1,1,1:298,0,0,0.0,model_dynamic,True,mckenzie2003,6.829644260790524,6.7992472648620605,6.727118492126465,6.908002853393555,9.429033279418944,4.707885906040269,4.72,4.73,1.4518670068537347,1.4405184883182331,0,0.0,0,0.0,0,0.0,294,2005.852306842804,4,29.381682872772217,0,0.0,8.0,9.0,9.0,0.0124999999999999,0.0124999999999999,0.025,0.0166625754014051
dynamic,model_dynamic/summary_timeseries.csv,20,4.9,298,119200.0,1165.474313142348,13.741101244559772,1165 ± 13.74,1139.210385799408,1208.0032559496346,2.251193716951189,2.1183239284132087,2.251 ± 2.118,0.0560250966134815,11.157802969256265,0.3074956463465178,0.1559279743249673,0.3075 ± 0.1559,0.0281733383808612,0.9434005642918022,476.0402684563758,7.01520801916039,476 ± 7.015,399.0,477.0,87.26521278227736,0.2284817898316008,87.27 ± 0.2285,85.0645751953125,87.44359588623047,68.79287015022669,1,1,1,1,1:298,0,0,0.0,model_dynamic,True,mckenzie2003,6.995828270112108,6.980880260467529,6.908002853393555,6.980880260467529,9.659950256347656,4.76040268456376,4.7700000000000005,4.7700000000000005,1.4706823259020547,1.4634969099512638,0,0.0,0,0.0,0,0.0,294,2048.926522254944,4,35.830302238464355,0,0.0,8.0,9.0,9.0,0.0125,0.0125000000000005,0.025,0.0179392037281922
dynamic,model_dynamic/summary_timeseries.csv,20,4.8,298,119200.0,1165.4921062900244,13.738143962823653,1165 ± 13.74,1139.210385799408,1207.9856861985756,2.2570373633897853,2.1240067842189303,2.257 ± 2.124,0.0338428231609302,11.184535939814811,0.3071385478227037,0.1557114475319768,0.3071 ± 0.1557,0.0277430282357531,0.9415982124819002,484.7986577181208,17.102917787792745,484.8 ± 17.1,326.0,508.0,89.79724779065023,0.8846918487667464,89.8 ± 0.8847,87.65263366699219,92.03581237792967,68.77530039916769,1,1,1,1,1:298,0,0,0.0,model_dynamic,True,mckenzie2003,7.031006030588342,6.908002853393555,6.871675968170166,7.589424133300781,9.70639991760254,4.847986577181207,4.82,5.08,1.4508735157662471,1.4331956127372518,0,0.0,47,356.7029342651367,0,0.0,247,1710.8383750915527,4,27.698487758636475,0,0.0,8.0,9.0,9.0,0.0124999999999999,0.0124999999999999,0.025,0.0165685491826752
dynamic,model_dynamic/summary_timeseries.csv,20,4.7,298,119200.0,1165.5107297161,13.734778557925486,1166 ± 13.73,1139.210385799408,1207.9687705717208,2.2643127511064653,2.128834346620966,2.264 ± 2.129,0.0434871241602715,11.21142743167483,0.3067579551803887,0.1554812393022236,0.3068 ± 0.1555,0.0273382939231626,0.9397146068812592,499.13422818791946,18.251655332897435,499.1 ± 18.25,368.0,513.0,92.00986140206356,1.232766942489447,92.01 ± 1.233,88.998291015625,93.1890640258789,68.75838477231287,1,1,1,1,1:298,0,0,0.0,model_dynamic,True,mckenzie2003,7.279981131521647,7.589424133300781,6.908002853393555,7.589424133300781,9.79956340789795,4.991342281879195,5.13,5.13,1.4590926697113435,1.4794199090254934,0,0.0,155,1176.360740661621,0,0.0,139,962.1128964424132,4,30.960740089416504,0,0.0,8.0,9.0,9.0,0.0125,0.0125000000000005,0.025,0.0169990718668432
dynamic,model_dynamic/summary_timeseries.csv,20,4.6,298,119200.0,1165.5299950113451,13.731337795295644,1166 ± 13.73,1139.210385799408,1207.9519755870024,2.27268633985852,2.133112818491218,2.273 ± 2.133,0.0483682649322683,11.238274055159964,0.3063626760613073,0.1552440511582255,0.3064 ± 0.1552,0.0269417188101473,0.9376489835798568,484.3590604026846,11.337497998329408,484.4 ± 11.34,380.0,507.0,89.98719536698104,0.610859128136193,89.99 ± 0.6109,87.88697052001953,92.14892578125,68.74158978759442,1,1,1,1,1:298,0,0,0.0,model_dynamic,True,mckenzie2003,7.019037571529414,6.980880260467529,6.7992472648620605,7.589424133300781,9.79956340789795,4.843590604026845,4.84,5.07,1.4501512271125374,1.442330632328002,0,0.0,20,151.78848266601562,0,0.0,274,1907.252882003784,4,32.631831645965576,0,0.0,8.0,9.0,9.0,0.0124999999999999,0.0124999999999999,0.025,0.0172440695055992
dynamic,model_dynamic/summary_timeseries.csv,20,4.5,298,119200.0,1165.5485562776155,13.728316190694091,1166 ± 13.73,1139.210385799408,1207.9348376381906,2.279728759803723,2.138040807933777,2.28 ± 2.138,0.0448988667802875,11.264442466264237,0.3059913230167613,0.1550233181098194,0.306 ± 0.155,0.026544156489339,0.9357266911090816,496.0738255033557,15.639003881721624,496.1 ± 15.64,373.0,507.0,90.24682658150692,1.1279614077398037,90.25 ± 1.128,87.27567291259766,91.28436279296876,68.72445183878267,1,1,1,1,1:298,0,0,0.0,model_dynamic,True,mckenzie2003,7.326907353113161,7.589424133300781,6.980880260467529,7.589424133300781,9.79956340789795,4.960738255033558,5.07,5.07,1.4776756999462135,1.4969278369429548,0,0.0,160,1214.307861328125,0,0.0,134,936.9396891593932,4,32.17084074020386,0,0.0,8.0,9.0,9.0,0.0124999999999999,0.0124999999999999,0.025,0.017303828761003
dynamic,model_dynamic/summary_timeseries.csv,20,4.4,298,119200.0,1165.567166279118,13.725412081967464,1166 ± 13.73,1139.210385799408,1207.9175005940997,2.28687993183191,2.1430600909995303,2.287 ± 2.143,0.0425067429858521,11.290880727292151,0.3056201539904513,0.1548060636508804,0.3056 ± 0.1548,0.0261326733415986,0.9336961158081152,482.68791946308727,11.170727642998497,482.7 ± 11.17,364.0,484.0,90.05285255380925,0.1388686696649674,90.05 ± 0.1389,88.33317565917969,90.3817901611328,68.7071147946915,1,1,1,1,1:298,0,0,0.0,model_dynamic,True,mckenzie2003,7.024478803545037,7.017431259155273,7.011948609352112,7.017431259155273,9.659950256347656,4.826879194630873,4.84,4.84,1.4565084387563878,1.449882491561007,0,0.0,0,0.0,0,0.0,294,2062.176484107971,4,31.118199348449707,0,0.0,8.0,9.0,9.0,0.0125,0.0125000000000005,0.025,0.0169924571957875
dynamic,model_dynamic/summary_timeseries.csv,20,4.3,298,119200.0,1165.5857093952031,13.722440739273855,1166 ± 13.72,1139.210385799408,1207.9004859733757,2.293844298452412,2.1479097067499304,2.294 ± 2.148,0.0461169222044844,11.316300491432822,0.3052520093087143,0.1545884682492819,0.3053 ± 0.1546,0.0257322161115357,0.931745217255666,506.0268456375839,12.324715338327415,506 ± 12.32,379.0,508.0,92.41109679049292,0.429078627134963,92.41 ± 0.4291,88.49628448486328,92.49222564697266,68.69010017396772,2,2,1,2,1:9; 2:289,0,0,0.0,model_dynamic,True,mckenzie2003,7.594539109492462,7.589424133300781,7.589424133300781,7.589424133300781,9.79956340789795,5.060268456375838,5.07,5.08,1.5020877760621256,1.4969278369429548,0,0.0,293,2223.701271057129,0,0.0,1,7.090756416320801,4,32.380627155303955,0,0.0,8.0,9.0,9.0,0.0124999999999999,0.0124999999999999,0.025,0.0169483386132938
dynamic,model_dynamic/summary_timeseries.csv,20,4.2,298,119200.0,1165.604788004316,13.719201077986432,1166 ± 13.72,1139.210385799408,1207.8824702482802,2.301822964646272,2.152490268061229,2.302 ± 2.152,0.0394565377561619,11.342195192721238,0.3048623601583926,0.1543641598614179,0.3049 ± 0.1544,0.0253494073840668,0.929657356153413,487.67785234899327,12.406303039952666,487.7 ± 12.41,355.0,508.0,87.81849381107612,0.4996587789328597,87.82 ± 0.4997,85.97553253173828,89.87338256835938,68.67208444887228,1,2,1,2,1:286; 2:12,0,0,0.0,model_dynamic,True,mckenzie2003,7.067656421021328,7.017431259155273,6.980880260467529,7.589424133300781,9.70639991760254,4.876778523489934,4.88,4.909999999999996,1.4502847619961767,1.437998208843294,0,0.0,15,113.84136199951172,0,0.0,279,1961.5439643859863,4,30.776287078857425,0,0.0,8.0,9.0,9.0,0.0125,0.0125000000000005,0.025,0.0168214311556823
dynamic,model_dynamic/summary_timeseries.csv,20,4.1,298,119200.0,1165.6226176562882,13.716451535924715,1166 ± 13.72,1139.210385799408,1207.8640769030376,2.307418465790538,2.1579161671176603,2.307 ± 2.158,0.0377270272152147,11.366163343603947,0.3045142265296295,0.1541624277921149,0.3045 ± 0.1542,0.02495032019912,0.927787140234664,486.520134228188,12.810490038071917,486.5 ± 12.81,349.0,488.0,87.59003256471365,0.135442474868457,87.59 ± 0.1354,85.87195587158203,89.05965423583984,68.65369110362963,2,2,1,2,1:7; 2:291,0,0,0.0,model_dynamic,True,mckenzie2003,7.037712916431811,7.017431259155273,6.980880260467529,7.090756416320801,9.659950256347656,4.865201342281879,4.88,4.88,1.4476587093754514,1.437998208843294,0,0.0,0,0.0,0,0.0,294,2067.9845962524414,4,29.25385284423828,0,0.0,8.0,9.0,9.0,0.0124999999999999,0.0124999999999999,0.025,0.0170452200845321
dynamic,model_dynamic/summary_timeseries.csv,20,4.0,298,119200.0,1165.6402087294732,13.71376793310544,1166 ± 13.71,1139.210385799408,1207.84680817762,2.312726903009415,2.16337820565677,2.313 ± 2.163,0.0291817257006138,11.389722409754516,0.3041740054755634,0.1539671534534216,0.3042 ± 0.154,0.024557953586843,0.9259259753600336,493.8288590604027,15.762740858410307,493.8 ± 15.76,309.0,516.0,88.70580419758022,0.2910871586482827,88.71 ± 0.2911,86.9145736694336,92.47346496582033,68.63642237821205,1,1,1,1,1:298,0,0,0.0,model_dynamic,True,mckenzie2003,7.112269777579596,7.127530574798584,7.090756416320801,7.127530574798584,9.939970970153809,4.938288590604027,4.96,4.96,1.4409319471039364,1.4370021320158437,0,0.0,1,7.589424133300781,0,0.0,293,2085.1920647621155,4,26.674904823303223,0,0.0,8.0,9.0,9.0,0.0125,0.0125000000000001,0.025,0.0160253492774094
dynamic,model_dynamic/summary_timeseries.csv,20,3.9,298,119200.0,1165.658132608957,13.710977190620516,1166 ± 13.71,1139.210385799408,1207.830913204065,2.318635992583734,2.168511100152307,2.319 ± 2.169,0.0346717943558875,11.41315484942041,0.3038242421511052,0.1537693962365621,0.3038 ± 0.1538,0.0241776548967142,0.9240196019314942,504.4697986577181,17.024087572542093,504.5 ± 17.02,340.0,516.0,86.87037576765022,1.06472760802425,86.87 ± 1.065,84.14045715332031,88.22034454345703,68.62052740465697,2,2,1,2,1:8; 2:290,0,0,0.0,model_dynamic,True,mckenzie2003,7.31325680937543,7.127530574798584,7.017431259155273,7.589424133300781,9.939970970153809,5.044697986577182,4.98,5.16,1.4503642955502505,1.431231039116181,0,0.0,133,1009.393409729004,0,0.0,161,1140.663911819458,4,29.29320764541626,0,0.0,8.0,9.0,9.0,0.0125,0.0125000000000001,0.025,0.0167337953861799
dynamic,model_dynamic/summary_timeseries.csv,20,3.8,298,119200.0,1165.6756000073406,13.708318826982609,1166 ± 13.71,1139.210385799408,1207.8132468742767,2.3236392281365106,2.173987019745537,2.324 ± 2.174,0.0317846267965162,11.436004487665995,0.3034895753078763,0.1535817689643523,0.3035 ± 0.1536,0.0237878052205294,0.922240799231742,499.5771812080537,19.05861013406621,499.6 ± 19.06,322.0,513.0,88.21241865222086,1.0599910789432536,88.21 ± 1.06,85.61115264892578,90.44529724121094,68.60286107486877,2,2,1,2,1:9; 2:289,0,0,0.0,model_dynamic,True,mckenzie2003,7.273705725701864,7.090756416320801,7.017431259155273,7.672553062438965,9.939970970153809,4.995771812080537,4.94,5.13,1.4560504771395073,1.43537579277749,0,0.0,116,889.7667684555054,0,0.0,178,1251.4765429496765,4,26.32099485397339,0,0.0,8.0,9.0,9.0,0.0124999999999999,0.0124999999999999,0.025,0.0166482073047065
dynamic,model_dynamic/summary_timeseries.csv,20,3.7,298,119200.0,1165.6933583825153,13.705773484803885,1166 ± 13.71,1139.210385799408,1207.79630684234,2.3292628255550145,2.179325316670222,2.329 ± 2.179,0.0299269113594662,11.459653156204668,0.3031509419742523,0.1533955347872703,0.3032 ± 0.1534,0.0234145856481962,0.9203866199498,506.2718120805369,19.038550014359025,506.3 ± 19.04,313.0,515.0,89.76597677141228,1.041994243074329,89.77 ± 1.042,86.64844512939453,92.0727767944336,68.58592104293211,2,2,1,2,1:10; 2:288,0,0,0.0,model_dynamic,True,mckenzie2003,7.428995212452524,7.589424133300781,7.079757642745972,7.672553062438965,9.79956340789795,5.062718120805369,5.15,5.15,1.4675753757270529,1.4736745889904428,0,0.0,184,1408.2583484649658,0,0.0,110,778.7793478965759,4,26.802876949310303,0,0.0,8.0,9.0,9.0,0.0125,0.0125000000000001,0.025,0.0159090090611941
dynamic,model_dynamic/summary_timeseries.csv,20,3.6,298,119200.0,1165.711629488204,13.703030617756568,1166 ± 13.7,1139.210385799408,1207.77959226831,2.3357091068652487,2.1843755469051858,2.336 ± 2.184,0.0348694280807301,11.48263152092839,0.3027925040899434,0.1532032513117542,0.3028 ± 0.1532,0.0230527062034423,0.9183783353169992,514.7046979865772,16.079084482478905,514.7 ± 16.08,340.0,517.0,90.38677776259864,0.4468567730448692,90.39 ± 0.4469,86.5333023071289,90.62376403808594,68.56920646890194,2,2,1,2,1:17; 2:281,0,0,0.0,model_dynamic,True,mckenzie2003,7.650370319417659,7.672553062438965,7.672553062438965,7.672553062438965,9.939970970153809,5.147046979865773,5.17,5.17,1.4872711918360697,1.4840528167193356,0,0.0,286,2194.2670469284058,0,0.0,8,56.726051330566406,4,28.817256927490234,0,0.0,8.0,9.0,9.0,0.0125,0.0125000000000001,0.025,0.0161000541631788
dynamic,model_dynamic/summary_timeseries.csv,20,3.5,298,119200.0,1165.7300324098078,13.700067070189824,1166 ± 13.7,1139.210385799408,1207.76308372491,2.342350146302838,2.1892459491946994,2.342 ± 2.189,0.0410960076404537,11.505209665541846,0.3024272925870282,0.1530063477455126,0.3024 ± 0.153,0.0227035347116242,0.9163676770637298,504.9563758389262,15.33216482237992,505 ± 15.33,369.0,520.0,89.8055820337078,0.9874251333561916,89.81 ± 0.9874,87.38949584960938,91.34087371826172,68.55269792550212,2,2,1,2,1:9; 2:289,0,0,0.0,model_dynamic,True,mckenzie2003,7.292726878351813,7.127530574798584,7.090756416320801,7.672553062438965,9.846278190612791,5.049563758389261,5.01,5.19,1.4449305280030962,1.422660793372971,0,0.0,90,689.8647441864014,0,0.0,204,1452.5950803756714,4,30.772785186767575,0,0.0,8.0,9.0,9.0,0.0125,0.0125000000000001,0.025,0.0165407590998643
dynamic,model_dynamic/summary_timeseries.csv,20,3.4,298,119200.0,1165.74836464562,13.697505643522872,1166 ± 13.7,1139.210385799408,1207.7467800752613,2.348788676342941,2.1941582342698847,2.349 ± 2.194,0.0376192790756221,11.527602585205775,0.3020726981473408,0.152814050751256,0.3021 ± 0.1528,0.0223561640570359,0.9143476019578868,504.62080536912754,16.10245625170141,504.6 ± 16.1,355.0,521.0,87.05662436773314,0.9790669633016028,87.06 ± 0.9791,84.74964141845703,88.6963119506836,68.53639427585335,2,2,1,2,1:9; 2:289,0,0,0.0,model_dynamic,True,mckenzie2003,7.243870767170951,7.127530574798584,7.090756416320801,7.714252948760986,9.986949920654297,5.046208053691275,5.01,5.21,1.4362811754380038,1.422660793372971,0,0.0,77,587.6312074661255,0,0.0,217,1540.6860642433169,4,30.35621690750122,0,0.0,8.0,9.0,9.0,0.0125,0.0125000000000001,0.025,0.0164358760358988
dynamic,model_dynamic/summary_timeseries.csv,20,3.3,298,119200.0,1165.7660125715774,13.694908203425086,1166 ± 13.69,1139.210385799408,1207.7297220445553,2.3538347421474506,2.1995226969998067,2.354 ± 2.2,0.0346008234173342,11.54830241730217,0.3017310513329591,0.1526290172666633,0.3017 ± 0.1526,0.0220177991217033,0.9124216994130316,515.2114093959732,16.15878438431257,515.2 ± 16.16,342.0,517.0,90.21694306239186,0.2512063866939023,90.22 ± 0.2512,86.47101593017578,90.39291381835938,68.51933624514731,2,2,1,2,1:5; 2:293,0,0,0.0,model_dynamic,True,mckenzie2003,7.665397011993716,7.672553062438965,7.672553062438965,7.672553062438965,10.081170082092283,5.1521140939597325,5.17,5.17,1.4887695013738464,1.4840528167193356,0,0.0,294,2255.647471427917,0,0.0,0,0.0,4,28.64083814620972,0,0.0,8.0,9.0,9.0,0.0124999999999999,0.0124999999999999,0.025,0.0163588830772671
dynamic,model_dynamic/summary_timeseries.csv,20,3.2,298,119200.0,1165.784535936653,13.692055881357945,1166 ± 13.69,1139.210385799408,1207.7132519649938,2.360457284479637,2.2041925221589125,2.36 ± 2.204,0.0346743678471792,11.569720040076994,0.3013620020488828,0.1524324702748158,0.3014 ± 0.1524,0.0216855722230961,0.9103101406936568,521.3657718120805,16.101307928915457,521.4 ± 16.1,346.0,524.0,90.01593550099622,0.2721037368420934,90.02 ± 0.2721,86.22036743164062,90.32422637939452,68.50286616558583,2,2,1,2,1:6; 2:292,0,0,0.0,model_dynamic,True,mckenzie2003,7.702013212562408,7.714252948760986,7.714252948760986,7.714252948760986,10.081170082092283,5.213657718120807,5.23,5.24,1.478125225326663,1.475000563816632,0,0.0,293,2260.234414100647,0,0.0,1,5.851112365722656,4,29.114410877227783,0,0.0,8.0,9.0,9.0,0.0125,0.0125000000000001,0.025,0.0158977404760694
dynamic,model_dynamic/summary_timeseries.csv,20,3.1,298,119200.0,1165.803021672699,13.689196435167734,1166 ± 13.69,1139.210385799408,1207.6967142722167,2.366936775263855,2.2088672241957523,2.367 ± 2.209,0.040303176836899,11.590749474292428,0.300992411760284,0.1522345878823517,0.301 ± 0.1522,0.0213575870597283,0.9081974938292592,506.9530201342282,14.900266008377164,507 ± 14.9,369.0,524.0,89.78471328428128,0.8543268881184167,89.78 ± 0.8543,87.6575698852539,91.57159423828124,68.48632847280874,2,2,1,2,1:8; 2:290,0,0,0.0,model_dynamic,True,mckenzie2003,7.210817185024287,7.2013020515441895,7.017431259155273,7.714252948760986,10.081170082092283,5.069530201342281,5.05,5.24,1.4232147411130194,1.4260004062463745,0,0.0,54,414.6138272285461,0,0.0,240,1703.164565563202,4,31.045128345489506,0,0.0,8.0,9.0,9.0,0.0125,0.0125000000000001,0.025,0.0162390140620656
dynamic,model_dynamic/summary_timeseries.csv,20,3.0,298,119200.0,1165.8214950744991,13.68657549502443,1166 ± 13.69,1139.210385799408,1207.6814168272476,2.3733856302015788,2.2134461187663934,2.373 ± 2.213,0.0399475866924423,11.611076857981454,0.3006350642115974,0.1520471199315332,0.3006 ± 0.152,0.0210325629393248,0.906044838351634,526.5805369127517,14.112511360241054,526.6 ± 14.11,369.0,528.0,90.9681427462789,0.2644809329138331,90.97 ± 0.2645,87.413330078125,90.99468994140624,68.47103102783967,2,2,1,2,1:9; 2:289,0,0,0.0,model_dynamic,True,mckenzie2003,7.738165407372801,7.714252948760986,7.672553062438965,7.7979207038879395,7.7979207038879395,5.265805369127517,5.28,5.28,1.4704052829908976,1.4610327554471565,0,0.0,295,2284.9166598320007,0,0.0,0,0.0,3,21.056631565093998,0,0.0,8.0,9.0,9.0,0.0125,0.0125000000000001,0.025,0.0158697587410398
dynamic,model_dynamic/summary_timeseries.csv,20,2.9,298,119200.0,1165.8402436769045,13.683636574017518,1166 ± 13.68,1139.210385799408,1207.6651152545987,2.380252853228883,2.217823988871374,2.38 ± 2.218,0.0434779332292566,11.631628499625018,0.3002601333191108,0.1518507573971337,0.3003 ± 0.1519,0.0207192009647113,0.9038848868765402,529.271812080537,13.236996052790795,529.3 ± 13.24,384.0,531.0,93.17249968867974,0.3125628211007951,93.17 ± 0.3126,89.27728271484375,93.22184753417967,68.45472945519077,2,2,1,2,1:9; 2:289,0,0,0.0,model_dynamic,True,mckenzie2003,7.667262314149998,7.672553062438965,7.589424133300781,7.714252948760986,7.961270809173584,5.292718120805369,5.3100000000000005,5.3100000000000005,1.4496038394077828,1.444925247163647,0,0.0,295,2262.800374507904,0,0.0,0,0.0,3,22.04379510879517,0,0.0,8.0,9.0,9.0,0.0125,0.0125000000000001,0.025,0.0159043100400432
dynamic,model_dynamic/summary_timeseries.csv,20,2.8,298,119200.0,1165.8596344059035,13.680534864245343,1166 ± 13.68,1139.210385799408,1207.6493102036711,2.388221216006799,2.2215980186308903,2.388 ± 2.222,0.0516867277711583,11.652262635432267,0.2998720755279905,0.1516467862938601,0.2999 ± 0.1516,0.0204197455272394,0.9016447052066504,519.7214765100671,12.307018043455182,519.7 ± 12.31,412.0,527.0,94.3305902673094,1.0701487698749672,94.33 ± 1.07,90.70606994628906,95.1542510986328,68.43892440426339,2,2,1,2,1:5; 2:293,0,0,0.0,model_dynamic,True,mckenzie2003,7.465831070138304,7.589424133300781,7.127530574798584,7.672553062438965,9.337287902832031,5.197214765100672,5.2700000000000005,5.2700000000000005,1.4372760866842873,1.440118431366372,0,0.0,185,1406.6204614639282,0,0.0,110,792.1518902778625,3,26.045307159423828,0,0.0,8.0,9.0,9.0,0.0124999999999999,0.0124999999999999,0.025,0.015563285725113
dynamic,model_dynamic/summary_timeseries.csv,20,2.7,298,119200.0,1165.8792938809918,13.677258628765603,1166 ± 13.68,1139.210385799408,1207.6336479663028,2.396609934428598,2.2251190443270765,2.397 ± 2.225,0.0596930403812515,11.672382155988783,0.2994751269437989,0.1514404894542205,0.2995 ± 0.1514,0.0201237278901532,0.8993148253055231,531.1912751677852,7.7416543753842975,531.2 ± 7.742,442.0,532.0,90.18269796179445,0.4214069189770121,90.18 ± 0.4214,85.75275421142578,90.2282943725586,68.4232621668948,2,2,1,2,1:6; 2:292,0,0,0.0,model_dynamic,True,mckenzie2003,7.737107851361267,7.714252948760986,7.672553062438965,7.7979207038879395,10.175742149353027,5.311912751677853,5.32,5.32,1.4575335780260203,1.450047546759584,0,0.0,295,2276.472371578217,0,0.0,0,0.0,3,29.185768127441406,0,0.0,8.0,9.0,9.0,0.0125,0.0125000000000001,0.025,0.0163835608525174
dynamic,model_dynamic/summary_timeseries.csv,20,2.6,298,119200.0,1165.897666448648,13.674478711272764,1166 ± 13.67,1139.210385799408,1207.616799746841,2.4026421698495426,2.2298731930495994,2.403 ± 2.23,0.0465376428049114,11.691778605191946,0.2991110183773396,0.1512548900259154,0.2991 ± 0.1513,0.0198209506899037,0.8971502740914566,526.0604026845638,11.731462994823747,526.1 ± 11.73,393.0,528.0,90.50600602322776,0.5888962395905113,90.51 ± 0.5889,86.08090209960938,90.6488800048828,68.40641394743307,2,2,1,2,1:8; 2:290,0,0,0.0,model_dynamic,True,mckenzie2003,7.747761823987001,7.7979207038879395,7.589424133300781,7.7979207038879395,8.794327735900879,5.2606040268456375,5.28,5.28,1.4736574882729716,1.4768789211908977,0,0.0,282,2191.573662757873,0,0.0,13,92.7316689491272,3,24.52769184112549,0,0.0,8.0,9.0,9.0,0.0125,0.0125000000000001,0.025,0.0162808341712769
dynamic,model_dynamic/summary_timeseries.csv,20,2.5,298,119200.0,1165.9161800234638,13.67165033418755,1166 ± 13.67,1139.210385799408,1207.6002311563516,2.4088844483878384,2.2344391922296745,2.409 ± 2.234,0.0428046900197068,11.710960046604644,0.2987448476918311,0.1510663099210367,0.2987 ± 0.1511,0.0195290960837867,0.8949656454617859,523.7885906040268,12.036254128666634,523.8 ± 12.04,384.0,525.0,89.70632819361334,0.335627663513531,89.71 ± 0.3356,85.4925765991211,89.74279022216797,68.38984535694362,2,2,1,2,1:4; 2:294,0,0,0.0,model_dynamic,True,mckenzie2003,7.711914950569204,7.714252948760986,7.672553062438965,7.714252948760986,8.705092430114746,5.237885906040268,5.25,5.25,1.4732805195723893,1.4693815140497115,0,0.0,295,2274.9959926605225,0,0.0,0,0.0,3,23.154662609100345,0,0.0,8.0,9.0,9.0,0.0125,0.0125000000000001,0.025,0.0163538451892637
dynamic,model_dynamic/summary_timeseries.csv,20,2.4,298,119200.0,1165.9344996396928,13.6689061231921,1166 ± 13.67,1139.210385799408,1207.5836395072793,2.414714538246124,2.239137993084242,2.415 ± 2.239,0.0401105129571367,11.729631452193626,0.2983857080323262,0.1508842377582067,0.2984 ± 0.1509,0.0192337872501533,0.8928173100225292,529.0738255033557,14.9590465366275,529.1 ± 14.96,378.0,535.0,90.02957230126297,0.8367369621135584,90.03 ± 0.8367,86.7125015258789,90.53460693359376,68.3732537078713,2,2,1,2,1:4; 2:294,0,0,0.0,model_dynamic,True,mckenzie2003,7.545909342349776,7.589424133300781,7.312514781951904,7.672553062438965,8.177302360534668,5.290738255033557,5.34,5.3500000000000005,1.4271260161559416,1.4212404744008953,0,0.0,227,1729.6578211784365,0,0.0,68,497.2510051727295,3,21.772157669067383,0,0.0,8.0,9.0,9.0,0.0125,0.0125000000000001,0.025,0.0228777250014799
dynamic,model_dynamic/summary_timeseries.csv,20,2.3,298,119200.0,1165.9528230495018,13.666159801205207,1166 ± 13.67,1139.210385799408,1207.567417355679,2.420639967583546,2.2435595002534257,2.421 ± 2.244,0.0435313291715384,11.748128424692927,0.2980335762469868,0.1507041340879756,0.298 ± 0.1507,0.0189465335320353,0.8906668785883866,530.6375838926175,12.601648323578544,530.6 ± 12.6,390.0,532.0,89.99420944316275,0.3619767909654954,89.99 ± 0.362,85.87394714355469,90.04061889648438,68.35703155627107,2,2,1,2,1:4; 2:294,0,0,0.0,model_dynamic,True,mckenzie2003,7.662976328958601,7.672553062438965,7.589424133300781,7.714252948760986,8.527708053588867,5.306375838926175,5.32,5.32,1.4451316720673018,1.4422092222629632,0,0.0,293,2245.8720355033875,0,0.0,2,14.550739288330078,3,23.14417123794556,0,0.0,8.0,9.0,9.0,0.0124999999999999,0.0124999999999999,0.025,0.0230072206859044
dynamic,model_dynamic/summary_timeseries.csv,20,2.2,298,119200.0,1165.970907576843,13.66354403352558,1166 ± 13.66,1139.210385799408,1207.5513798215777,2.4262423518164105,2.248079008155347,2.426 ± 2.248,0.0412915901603596,11.766188125902046,0.2976921803488707,0.1505332693053735,0.2977 ± 0.1505,0.0186616720223097,0.8885154438348389,526.6610738255033,12.802680148356712,526.7 ± 12.8,382.0,529.0,92.70788963369075,0.288104828654631,92.71 ± 0.2881,89.10345458984375,92.78736114501952,68.34099402216953,2,2,1,2,1:4; 2:294,0,0,0.0,model_dynamic,True,mckenzie2003,7.705380185338475,7.714252948760986,7.589424133300781,7.7979207038879395,8.527708053588867,5.266610738255034,5.28,5.28,1.4639992506248072,1.4610327554471565,0,0.0,293,2259.3820881843567,0,0.0,2,14.255061149597168,3,22.56614589691162,0,0.0,8.0,9.0,9.0,0.0125,0.0125000000000001,0.025,0.0223289439276929
dynamic,model_dynamic/summary_timeseries.csv,20,2.1,298,119200.0,1165.989689331103,13.660719106973858,1166 ± 13.66,1139.210385799408,1207.5352680053734,2.4331314134773785,2.251952956049887,2.433 ± 2.252,0.052746090097244,11.784481480621825,0.2973341712304607,0.1503538525691458,0.2973 ± 0.1504,0.0183917101993813,0.8862648666833645,527.0671140939597,9.004595716662665,527.1 ± 9.005,420.0,528.0,88.6085381219851,0.4166485117884226,88.61 ± 0.4166,84.2235336303711,88.65716552734375,68.32488220596542,2,2,1,2,1:4; 2:294,0,0,0.0,model_dynamic,True,mckenzie2003,7.731087246197182,7.714252948760986,7.589424133300781,7.7979207038879395,9.70639991760254,5.270671140939598,5.28,5.28,1.4677621645189047,1.4610327554471565,0,0.0,294,2269.560106754303,0,0.0,1,7.312514781951904,3,26.99137783050537,0,0.0,8.0,9.0,9.0,0.0125,0.0125000000000001,0.025,0.0233503755226856
dynamic,model_dynamic/summary_timeseries.csv,20,2.0,298,119200.0,1166.0073196262026,13.658272195461176,1166 ± 13.66,1139.210385799408,1207.518351798314,2.43788584365626,2.256798178409345,2.438 ± 2.257,0.0383797572027915,11.801710055919374,0.2970074232411383,0.1501952242871803,0.297 ± 0.1502,0.0181095686337634,0.8841548495425425,527.7114093959732,13.028515603052105,527.7 ± 13.03,370.0,529.0,87.46323364052996,0.2842229616578632,87.46 ± 0.2842,83.08686828613281,87.49568939208984,68.30796599890596,2,2,1,2,1:4; 2:294,0,0,0.0,model_dynamic,True,mckenzie2003,7.763972125597448,7.7979207038879395,7.672553062438965,7.7979207038879395,9.200339317321776,5.277114093959732,5.29,5.29,1.4720763556156622,1.4740870895818412,0,0.0,295,2291.186373233795,0,0.0,0,0.0,3,22.477320194244385,0,0.0,8.0,9.0,9.0,0.0125,0.0125000000000001,0.025,0.0236474711393644
dynamic,model_dynamic/summary_timeseries.csv,20,1.9,298,119200.0,1166.0247009122086,13.65596572990312,1166 ± 13.66,1139.210385799408,1207.5023968824478,2.442188373973867,2.261733004713354,2.442 ± 2.262,0.0330814565811405,11.81843507650355,0.2966920449189289,0.150042539551041,0.2967 ± 0.15,0.0178271378853272,0.882093884142553,537.3489932885906,16.642883951853246,537.3 ± 16.64,346.0,539.0,89.58829375401439,0.2061382786874792,89.59 ± 0.2061,86.13777160644531,90.41221618652344,68.29201108303982,2,2,1,2,1:4; 2:294,0,0,0.0,model_dynamic,True,mckenzie2003,7.813439452408144,7.8398895263671875,7.7979207038879395,7.8398895263671875,7.8398895263671875,5.373489932885906,5.39,5.39,1.45463847930787,1.4545249585096824,0,0.0,295,2309.4960012435918,0,0.0,0,0.0,3,18.908955574035645,0,0.0,8.0,9.0,9.0,0.0124999999999999,0.0124999999999999,0.025,0.0230835463435032
dynamic,model_dynamic/summary_timeseries.csv,20,1.8,298,119200.0,1166.0426725550517,13.653477421685832,1166 ± 13.65,1139.210385799408,1207.4870518745422,2.4475479016837185,2.2661060499668224,2.448 ± 2.266,0.0418283387367069,11.83528602390106,0.2963626789186301,0.1498833790004836,0.2964 ± 0.1499,0.0175578077710872,0.8799564789175299,540.6140939597316,13.765122349859729,540.6 ± 13.77,387.0,542.0,89.65924745598096,0.2776820708867071,89.66 ± 0.2777,85.8765869140625,89.68750762939453,68.27666607513424,2,2,1,2,1:7; 2:291,0,0,0.0,model_dynamic,True,mckenzie2003,7.78026390555721,7.7979207038879395,7.714252948760986,7.8398895263671875,8.090614318847656,5.406140939597316,5.42,5.42,1.4400640081515548,1.4387307571748966,0,0.0,295,2296.55272436142,0,0.0,0,0.0,3,21.965919494628903,0,0.0,8.0,9.0,9.0,0.0125,0.0125000000000001,0.025,0.0230496910370362
dynamic,model_dynamic/summary_timeseries.csv,20,1.7,298,119200.0,1166.0605760352023,13.651020290240275,1166 ± 13.65,1139.210385799408,1207.4718658219472,2.4528081831330493,2.27046173836472,2.453 ± 2.27,0.0413949513794344,11.851832986033592,0.2960370269868995,0.1497277338935135,0.296 ± 0.1497,0.0172929004174775,0.8778234086248524,537.6476510067114,13.473563894249803,537.6 ± 13.47,385.0,539.0,89.6722271810442,0.2738603166817928,89.67 ± 0.2739,85.79338836669922,89.7009048461914,68.26148002253922,2,2,1,2,1:4; 2:294,0,0,0.0,model_dynamic,True,mckenzie2003,7.830193361179941,7.8398895263671875,7.7979207038879395,7.8398895263671875,8.395623207092285,5.376476510067113,5.39,5.39,1.4573130987061724,1.4545249585096824,0,0.0,295,2310.9635605812077,0,0.0,0,0.0,3,22.43406105041504,0,0.0,8.0,9.0,9.0,0.0124999999999999,0.0124999999999999,0.025,0.0230334373965214
dynamic,model_dynamic/summary_timeseries.csv,20,1.6,298,119200.0,1166.0784733974012,13.64860045590232,1166 ± 13.65,1139.210385799408,1207.4567602620557,2.458046632669345,2.274803968663353,2.458 ± 2.275,0.0418516535513686,11.868145038318415,0.2957137016830005,0.1495752188834478,0.2957 ± 0.1496,0.0170320200840237,0.8756877315105311,537.9463087248322,12.93104335881842,537.9 ± 12.93,390.0,540.0,88.65897932628657,0.2879808269413352,88.66 ± 0.288,84.57927703857422,88.72322845458984,68.24637446264774,2,2,1,2,1:4; 2:294,0,0,0.0,model_dynamic,True,mckenzie2003,7.837722109468191,7.8398895263671875,7.8398895263671875,7.8398895263671875,8.794327735900879,5.379463087248322,5.39,5.4,1.457872134379156,1.4545249585096824,0,0.0,295,2312.725441455841,0,0.0,0,0.0,3,22.91574716567993,0,0.0,8.0,9.0,9.0,0.0125,0.0125000000000001,0.025,0.0232789291921284
dynamic,model_dynamic/summary_timeseries.csv,20,1.5,298,119200.0,1166.0960553823052,13.64628561949326,1166 ± 13.65,1139.210385799408,1207.4415496430229,2.462737213571233,2.2793199368007637,2.463 ± 2.279,0.0385382856624752,11.884004311831372,0.2954002290209946,0.1494275066802441,0.2954 ± 0.1494,0.0167712220802462,0.873591773480461,534.4295302013422,14.226242427457525,534.4 ± 14.23,375.0,536.0,88.08614887007131,0.2351413919781006,88.09 ± 0.2351,84.38298797607422,88.18987274169922,68.2311638436147,2,2,1,2,1:4; 2:294,0,0,0.0,model_dynamic,True,mckenzie2003,7.826357004626486,7.8398895263671875,7.8398895263671875,7.8398895263671875,8.439560890197754,5.344295302013423,5.36,5.36,1.4651101211288478,1.4626659564117883,0,0.0,294,2304.927520751953,0,0.0,1,5.851112365722656,3,21.47575426101685,0,0.0,8.0,9.0,9.0,0.0125,0.0125000000000001,0.025,0.0234177674247992
dynamic,model_dynamic/summary_timeseries.csv,20,1.4,298,119200.0,1166.1133688992552,13.644077398492753,1166 ± 13.64,1139.210385799408,1207.4264280921889,2.4670489019230755,2.283945820814204,2.467 ± 2.284,0.0367833911978596,11.89949498891607,0.2950976531926494,0.1492846816444825,0.2951 ± 0.1493,0.0165119708575012,0.8715236327555733,536.271812080537,15.628980912630578,536.3 ± 15.63,362.0,538.0,87.62920213225703,0.3076585193268423,87.63 ± 0.3077,83.93765258789062,87.666259765625,68.21604229278091,2,2,1,2,1:5; 2:293,0,0,0.0,model_dynamic,True,mckenzie2003,7.768975566697601,7.8398895263671875,7.660083723068237,7.8398895263671875,10.318256378173828,5.362718120805369,5.38,5.38,1.4498133210509838,1.4572285364994773,0,0.0,294,2284.256666183472,0,0.0,0,0.0,4,30.89805269241333,0,0.0,8.0,9.0,9.0,0.0124999999999999,0.0124999999999999,0.025,0.023507618382194
dynamic,model_dynamic/summary_timeseries.csv,20,1.3,298,119200.0,1166.1306182466035,13.641903599333975,1166 ± 13.64,1139.210385799408,1207.4114719603258,2.4711991209198487,2.2885899026169527,2.471 ± 2.289,0.0350636799174383,11.91464415114276,0.2947937966884414,0.1491447050118033,0.2948 ± 0.1491,0.0162548410659277,0.869479721637825,534.2181208053692,15.9528270776888,534.2 ± 15.95,356.0,536.0,90.4554183755145,0.2966242068457624,90.46 ± 0.2966,86.64392852783203,90.615234375,68.20108616091784,2,2,1,2,1:4; 2:294,0,0,0.0,model_dynamic,True,mckenzie2003,7.826891435072726,7.8398895263671875,7.7979207038879395,7.8398895263671875,10.318256378173828,5.342181208053692,5.36,5.36,1.466116519682542,1.4626659564117883,0,0.0,294,2302.075530052185,0,0.0,0,0.0,4,30.338117599487305,0,0.0,8.0,9.0,9.0,0.0125,0.0125000000000001,0.025,0.022755511706703
dynamic,model_dynamic/summary_timeseries.csv,20,1.2,298,119200.0,1166.1486350352263,13.639469240978014,1166 ± 13.64,1139.210385799408,1207.3974012686854,2.476714462286556,2.292530954614277,2.477 ± 2.293,0.0453347895986323,11.930000048502627,0.2944711172805295,0.1489966318020882,0.2945 ± 0.149,0.0160125464780035,0.8673400281531051,542.5939597315436,12.51520808112333,542.6 ± 12.52,405.0,544.0,90.74505674118964,0.4027365122173507,90.75 ± 0.4027,86.49651336669922,90.79800415039062,68.18701546927741,2,2,1,2,1:5; 2:293,0,0,0.0,model_dynamic,True,mckenzie2003,7.853638591382327,7.8398895263671875,7.714252948760986,7.924094200134277,10.318256378173828,5.425939597315436,5.44,5.44,1.448542389196097,1.4411561629351446,0,0.0,294,2306.441180706024,0,0.0,0,0.0,4,33.943119525909424,0,0.0,8.0,9.0,9.0,0.0124999999999999,0.0124999999999999,0.025,0.0226575821489779
dynamic,model_dynamic/summary_timeseries.csv,20,1.1,298,119200.0,1166.1666630863972,13.637044974493714,1166 ± 13.64,1139.210385799408,1207.3834025284095,2.4822432339324108,2.2964627314970776,2.482 ± 2.296,0.0467428388080985,11.945154202996422,0.2941491366851075,0.1488509849307678,0.2941 ± 0.1489,0.015774744614391,0.8651849911597644,541.6979865771812,11.664898701572191,541.7 ± 11.66,409.0,543.0,90.46381134954876,0.4033265795509928,90.46 ± 0.4033,86.66940307617188,90.51238250732422,68.17301672900157,2,2,1,2,1:5; 2:293,0,0,0.0,model_dynamic,True,mckenzie2003,7.718934363166758,7.714252948760986,7.589424133300781,7.7979207038879395,10.318256378173828,5.416979865771812,5.43,5.43,1.4261677923345406,1.420672734578451,0,0.0,294,2264.797746181488,0,0.0,0,0.0,4,35.44469404220581,0,0.0,8.0,9.0,9.0,0.0125,0.0125000000000001,0.025,0.0227063636814211
dynamic,model_dynamic/summary_timeseries.csv,20,1.0,298,119200.0,1166.184510144232,13.63471695983674,1166 ± 13.63,1139.210385799408,1207.3693004513084,2.487496452117532,2.300449064902838,2.487 ± 2.3,0.0457588949083976,11.959977859666129,0.2938353457951512,0.14871179752605,0.2938 ± 0.1487,0.0155394115247095,0.8630501530000415,545.510067114094,13.20164594663081,545.5 ± 13.2,406.0,547.0,89.8500597396953,0.3993242289409628,89.85 ± 0.3993,85.97954559326172,89.89881134033203,68.15891465190043,2,2,1,2,1:5; 2:293,0,0,0.0,model_dynamic,True,mckenzie2003,7.768708504286389,7.7979207038879395,7.714252948760986,7.7979207038879395,10.318256378173828,5.455100671140939,5.47,5.47,1.4253250714567574,1.425579653361598,0,0.0,294,2281.7132244110107,0,0.0,0,0.0,4,33.36190986633301,0,0.0,8.0,9.0,9.0,0.0124999999999999,0.0124999999999999,0.025,0.0228406866160945
dynamic,model_dynamic/summary_timeseries.csv,20,0.9,298,119200.0,1166.2022579981865,13.6324138131338,1166 ± 13.63,1139.210385799408,1207.355196183262,2.492495995084416,2.304510492174494,2.492 ± 2.305,0.043751581670825,11.97450961470156,0.2935249192048178,0.1485753668154873,0.2935 ± 0.1486,0.0153047545765355,0.8609291693294999,544.5570469798657,12.897313882108625,544.6 ± 12.9,402.0,546.0,91.04753709319452,0.3812665337935869,91.05 ± 0.3813,86.86748504638672,91.09213256835938,68.14481038385406,2,2,1,2,1:5; 2:293,0,0,0.0,model_dynamic,True,mckenzie2003,7.8000227252909,7.7979207038879395,7.714252948760986,7.924094200134277,10.318256378173828,5.445570469798658,5.46,5.46,1.4335859649055132,1.4281906051076811,0,0.0,294,2290.185742378235,0,0.0,0,0.0,4,34.22102975845337,0,0.0,8.0,9.0,9.0,0.0124999999999999,0.0124999999999999,0.025,0.0225175416166184
dynamic,model_dynamic/summary_timeseries.csv,20,0.8,298,119200.0,1166.220299744098,13.629991873099875,1166 ± 13.63,1139.210385799408,1207.341228905083,2.4980295168154214,2.3082170723167863,2.498 ± 2.308,0.0484642412277267,11.988924206438115,0.2932073641521611,0.1484343017426455,0.2932 ± 0.1484,0.0150778349846066,0.8587674707147106,545.5234899328859,11.04358898270966,545.5 ± 11.04,420.0,547.0,88.30824901913637,0.4163504494296194,88.31 ± 0.4164,84.45275115966797,88.37081146240234,68.13084310567501,2,2,1,2,1:5; 2:293,0,0,0.0,model_dynamic,True,mckenzie2003,7.935553929949767,7.924094200134277,7.8398895263671875,7.924094200134277,10.461556434631348,5.455234899328858,5.47,5.47,1.4558361756684033,1.4486461060574547,0,0.0,294,2328.2102465629578,0,0.0,0,0.0,4,36.584824562072754,0,0.0,8.0,9.0,9.0,0.0125,0.0125000000000001,0.025,0.0231887017360119
dynamic,model_dynamic/summary_timeseries.csv,20,0.7,298,119200.0,1166.2376243594665,13.62784607677031,1166 ± 13.63,1139.210385799408,1207.3268278117214,2.502236754721264,2.312572331894521,2.502 ± 2.313,0.0391240315792155,12.002747314812686,0.2929101983663154,0.1483077667378089,0.2929 ± 0.1483,0.0148437565373785,0.8566883091436335,542.5503355704698,13.375042490861812,542.6 ± 13.38,384.0,545.0,89.9807757435229,0.3320454116933726,89.98 ± 0.332,86.08653259277344,90.05976104736328,68.11644201231343,2,2,1,2,1:5; 2:293,0,0,0.0,model_dynamic,True,mckenzie2003,7.778398806616764,7.7979207038879395,7.714252948760986,7.8398895263671875,10.223159790039062,5.425503355704697,5.44,5.44,1.4347531630869268,1.4334413058617534,0,0.0,294,2284.394104957581,0,0.0,0,0.0,4,33.56873941421509,0,0.0,8.0,9.0,9.0,0.0124999999999999,0.0124999999999999,0.025,0.0227186554561786
dynamic,model_dynamic/summary_timeseries.csv,20,0.6,298,119200.0,1166.2554589637782,13.625568734423426,1166 ± 13.63,1139.210385799408,1207.3130518028884,2.5073184372515,2.316439484657133,2.507 ± 2.316,0.0453737579022516,12.016540853158263,0.2926011849465568,0.1481795037833449,0.2926 ± 0.1482,0.0146192947423058,0.8545682516732651,541.1845637583892,12.032792023054997,541.2 ± 12.03,403.0,543.0,90.72928829321124,0.3930332889310204,90.73 ± 0.393,86.9461669921875,90.79683685302734,68.10266600348041,2,2,1,2,1:5; 2:293,0,0,0.0,model_dynamic,True,mckenzie2003,7.794939351561886,7.7979207038879395,7.672553062438965,7.8398895263671875,10.318256378173828,5.411845637583893,5.43,5.43,1.441572953276409,1.4360811609370054,0,0.0,294,2287.332711219788,0,0.0,0,0.0,4,35.5592155456543,0,0.0,8.0,9.0,9.0,0.0124999999999999,0.0124999999999999,0.025,0.0224971235663593
dynamic,model_dynamic/summary_timeseries.csv,20,0.5,298,119200.0,1166.2734299964886,13.623236001950913,1166 ± 13.62,1139.210385799408,1207.299600166999,2.5126555999683617,2.320130457333099,2.513 ± 2.32,0.0477987667387751,12.030193006090926,0.2922887669503132,0.1480505874336999,0.2923 ± 0.1481,0.0144007558003171,0.8524203432077372,551.7348993288591,11.392340687152362,551.7 ± 11.39,420.0,553.0,89.81857719677407,0.4223818306996957,89.82 ± 0.4224,85.87220764160156,89.87159729003906,68.08921436759101,2,2,1,2,1:5; 2:293,0,0,0.0,model_dynamic,True,mckenzie2003,7.854286787493917,7.7979207038879395,7.7979207038879395,7.9663310050964355,10.509496688842772,5.517348993288591,5.53,5.53,1.4247581482224685,1.4139068924281308,0,0.0,294,2303.816030025482,0,0.0,0,0.0,4,36.76143264770508,0,0.0,8.0,9.0,9.0,0.0124999999999999,0.0124999999999999,0.025,0.0227033578462182
dynamic,model_dynamic/summary_timeseries.csv,20,0.4,298,119200.0,1166.2911631917564,13.621014195453386,1166 ± 13.62,1139.210385799408,1207.2856857382703,2.517529689943912,2.3240548586890504,2.518 ± 2.324,0.044575724242471,12.043538163833574,0.2919837180031715,0.1479277982410455,0.292 ± 0.1479,0.0141815527417872,0.8502945893535647,544.738255033557,11.629571179289137,544.7 ± 11.63,408.0,547.0,83.52449708977002,0.3719880960681649,83.52 ± 0.372,79.84751892089844,83.61614227294922,68.07529993886237,2,2,1,2,1:5; 2:293,0,0,0.0,model_dynamic,True,mckenzie2003,7.870214446279027,7.924094200134277,7.714252948760986,7.924094200134277,10.461556434631348,5.44738255033557,5.46,5.46,1.4458589224735705,1.451299304053897,0,0.0,294,2309.406590938568,0,0.0,0,0.0,4,35.91731405258179,0,0.0,8.0,9.0,9.0,0.0125,0.0125,0.025,0.0243930353486743
dynamic,model_dynamic/summary_timeseries.csv,20,0.3,298,119200.0,1166.30736343988,13.619449332382905,1166 ± 13.62,1139.210385799408,1207.2711962171163,2.5196804724498483,2.32917654613286,2.52 ± 2.329,0.0235245930672671,12.05577016764438,0.291728447154709,0.1478353017935454,0.2917 ± 0.1478,0.0139407592669007,0.8484180765847742,533.2080536912752,20.77904699928415,533.2 ± 20.78,284.0,536.0,81.579995020924,0.5413956222217409,81.58 ± 0.5414,77.75186157226562,84.83230590820312,68.06081041770835,2,2,1,2,1:5; 2:293,0,0,0.0,model_dynamic,True,mckenzie2003,7.618264765547426,7.672553062438965,7.2013020515441895,7.8398895263671875,9.939970970153809,5.332080536912752,5.36,5.36,1.428825080513312,1.4314464668729412,0,0.0,280,2143.431851387024,0,0.0,14,99.9329710006714,4,26.878077745437626,0,0.0,8.0,9.0,9.0,0.0124999999999999,0.0124999999999999,0.025,0.0249236606728401
dynamic,model_dynamic/summary_timeseries.csv,20,0.2,298,119200.0,1166.323115099943,13.618115527441388,1166 ± 13.62,1139.210385799408,1207.2570554371864,2.5211455370605798,2.33430364177472,2.521 ± 2.334,0.0164155028946729,12.06744365596465,0.2914985613696384,0.1477570489679686,0.2915 ± 0.1478,0.0136960084864425,0.8466721488774316,533.8825503355705,28.375885952035095,533.9 ± 28.38,219.0,539.0,83.56811042119993,0.7063334739568217,83.57 ± 0.7063,81.77207946777344,88.08959197998047,68.04666963777845,2,2,1,2,1:6; 2:292,0,0,0.0,model_dynamic,True,mckenzie2003,7.571700916994338,7.589424133300781,7.2013020515441895,7.8398895263671875,7.8398895263671875,5.338825503355705,5.39,5.39,1.4169227445180594,1.4080564254732433,0,0.0,260,1994.463894367218,0,0.0,34,244.66039896011355,4,17.2425799369812,0,0.0,8.0,9.0,9.0,0.0125,0.0125,0.025,0.0242515576926903
dynamic,model_dynamic/summary_timeseries.csv,20,0.1,298,119200.0,1166.339472081626,13.616610905930232,1166 ± 13.62,1139.210385799408,1207.2436959738193,2.523639583211548,2.338826878703857,2.524 ± 2.339,0.0223175299837749,12.079302351177546,0.2912509802661259,0.1476721719502709,0.2913 ± 0.1477,0.0134607049416863,0.84485522435676,555.4697986577181,28.568428870824885,555.5 ± 28.57,281.0,559.0,84.26684460223922,0.3626939544514239,84.27 ± 0.3627,80.36229705810547,87.54495239257812,68.03331017441133,2,2,1,2,1:7; 2:291,0,0,0.0,model_dynamic,True,mckenzie2003,7.911902098047653,7.9663310050964355,7.8398895263671875,8.051071166992188,10.36593532562256,5.554697986577182,5.59,5.59,1.4237192481732537,1.4251039365109903,0,0.0,293,2331.1838178634644,0,0.0,0,0.0,5,26.563007354736328,0,0.0,8.0,9.0,9.0,0.0125,0.0125,0.025,0.0240643033475337
dynamic,model_dynamic/summary_timeseries.csv,20,0.0,298,119200.0,1166.3558388257254,13.615205911236425,1166 ± 13.62,1139.210385799408,1207.2306369495784,2.526311966512639,2.343213000267357,2.526 ± 2.343,0.0253687265713982,12.090974900938702,0.2910001845551134,0.1475909137938936,0.291 ± 0.1476,0.0132191417303641,0.8430092590846154,611.3187919463087,29.40487534138888,611.3 ± 29.4,340.0,615.0,93.32767660665831,0.3391392782947017,93.33 ± 0.3391,88.79246520996094,95.73016357421876,68.02025115017045,1,1,1,1,1:298,0,0,0.0,model_dynamic,True,mckenzie2003,8.40246483783594,8.436795234680176,8.307424545288086,8.523484230041504,11.140616416931152,6.113187919463086,6.15,6.15,1.374460568053051,1.3718366235252315,0,0.0,293,2473.394804954529,0,0.0,0,0.0,5,30.53971672058105,0,0.0,,,,,,,
