mode,source_csv,resolution_m,ka_bp,n_cells,area_m2,mean_elevation_m,sd_elevation_m,elevation_m_mean_sd,min_elevation_m,max_elevation_m,mean_soil_depth_m,sd_soil_depth_m,soil_depth_m_mean_sd,min_soil_depth_m,max_soil_depth_m,mean_slope,sd_slope,slope_mean_sd,min_slope,max_slope,mean_npp,sd_npp,npp_mean_sd,min_npp,max_npp,mean_eemt,sd_eemt,eemt_mean_sd,min_eemt,max_eemt,relief_m,dominant_vegetation_code,vegetation_class_richness,vegetation_min_code,vegetation_max_code,vegetation_class_counts,vegetation_nonvegetated_cell_count,vegetation_unclassified_cell_count,vegetation_unclassified_fraction,case,geomorph_dynamic,biome4_variant,jules_lai_bdt_agb_mean_kg_m2,jules_lai_bdt_agb_median_kg_m2,jules_lai_bdt_agb_p05_kg_m2,jules_lai_bdt_agb_p95_kg_m2,jules_lai_bdt_agb_max_kg_m2,legacy_0010_agb_mean_kg_m2,legacy_0010_agb_median_kg_m2,legacy_0010_agb_p95_kg_m2,pft_ibis_to_legacy_ratio_mean,pft_ibis_to_legacy_ratio_median,pft_ibis_pft00_count,pft_ibis_pft00_agb_sum_kg_m2_cells,pft_ibis_pft04_count,pft_ibis_pft04_agb_sum_kg_m2_cells,pft_ibis_pft05_count,pft_ibis_pft05_agb_sum_kg_m2_cells,pft_ibis_pft06_count,pft_ibis_pft06_agb_sum_kg_m2_cells,pft_ibis_pft07_count,pft_ibis_pft07_agb_sum_kg_m2_cells,pft_ibis_pft10_count,pft_ibis_pft10_agb_sum_kg_m2_cells,geomorph_accepted_substeps_to_next,geomorph_rejected_substeps_to_next,geomorph_rejected_fluvial_trials_to_next,geomorph_min_dt_kyr_to_next,geomorph_max_dt_kyr_to_next,geomorph_fluvial_tolerance_m,geomorph_max_accepted_fluvial_change_m_to_next
static,model_static/summary_timeseries.csv,20,21.0,298,119200.0,1163.0774822875155,14.20121742195375,1163 ± 14.2,1136.41357421875,1211.7552490234375,1.940387676626244,0.0022496970965876,1.94 ± 0.00225,1.940000057220459,1.9574874639511108,0.3721090606572333,0.227557946985991,0.3721 ± 0.2276,0.0274833136904463,1.5032500055566438,270.0,0.0,270 ± 0,270.0,270.0,54.4341240953279,0.0033940222320541,54.43 ± 0.003394,54.42782974243164,54.43901824951172,75.3416748046875,0,1,0,0,0:298,0,0,0.0,model_static,False,mckenzie2003,4.855458160374789,4.832254886627197,4.832254886627197,4.895684719085693,4.895684719085693,2.7,2.7,2.7,1.798317837175847,1.789724032084147,0,0.0,0,0.0,0,0.0,298,1446.926531791687,0,0.0,0,0.0,,,,,,,
static,model_static/summary_timeseries.csv,20,20.9,298,119200.0,1163.0774822875155,14.20121742195375,1163 ± 14.2,1136.41357421875,1211.7552490234375,1.940387676626244,0.0022496970965876,1.94 ± 0.00225,1.940000057220459,1.9574874639511108,0.3721090606572333,0.227557946985991,0.3721 ± 0.2276,0.0274833136904463,1.5032500055566438,284.0,0.0,284 ± 0,284.0,284.0,54.69596354593367,0.0016147713757334,54.7 ± 0.001615,54.69206619262695,54.69884490966797,75.3416748046875,0,1,0,0,0:298,0,0,0.0,model_static,False,mckenzie2003,5.087467049592293,5.087899208068848,5.087899208068848,5.087899208068848,5.087899208068848,2.84,2.84,2.84,1.7913616371803849,1.791513805658045,0,0.0,0,0.0,0,0.0,298,1516.0651807785034,0,0.0,0,0.0,,,,,,,
static,model_static/summary_timeseries.csv,20,20.8,298,119200.0,1163.0774822875155,14.20121742195375,1163 ± 14.2,1136.41357421875,1211.7552490234375,1.940387676626244,0.0022496970965876,1.94 ± 0.00225,1.940000057220459,1.9574874639511108,0.3721090606572333,0.227557946985991,0.3721 ± 0.2276,0.0274833136904463,1.5032500055566438,285.8489932885906,0.3580554210156793,285.8 ± 0.3581,285.0,286.0,54.80182807717547,0.0186462158953981,54.8 ± 0.01865,54.7552375793457,54.8132438659668,75.3416748046875,0,1,0,0,0:298,0,0,0.0,model_static,False,mckenzie2003,5.020889907875317,4.991431713104248,4.991431713104248,5.087899208068848,5.087899208068848,2.858489932885906,2.86,2.86,1.7564985040753995,1.745255843742744,0,0.0,0,0.0,0,0.0,298,1496.2251925468445,0,0.0,0,0.0,,,,,,,
static,model_static/summary_timeseries.csv,20,20.7,298,119200.0,1163.0774822875155,14.20121742195375,1163 ± 14.2,1136.41357421875,1211.7552490234375,1.940387676626244,0.0022496970965876,1.94 ± 0.00225,1.940000057220459,1.9574874639511108,0.3721090606572333,0.227557946985991,0.3721 ± 0.2276,0.0274833136904463,1.5032500055566438,282.3288590604027,0.4697986577181208,282.3 ± 0.4698,282.0,283.0,55.82393170043126,0.0204174134320504,55.82 ± 0.02042,55.8046760559082,55.85511016845703,75.3416748046875,0,1,0,0,0:298,0,0,0.0,model_static,False,mckenzie2003,5.0389689311085135,5.023507595062256,4.991431713104248,5.087899208068848,5.087899208068848,2.823288590604027,2.82,2.83,1.7847750779409814,1.7813856720078922,0,0.0,0,0.0,0,0.0,298,1501.612741470337,0,0.0,0,0.0,,,,,,,
static,model_static/summary_timeseries.csv,20,20.6,298,119200.0,1163.0774822875155,14.20121742195375,1163 ± 14.2,1136.41357421875,1211.7552490234375,1.940387676626244,0.0022496970965876,1.94 ± 0.00225,1.940000057220459,1.9574874639511108,0.3721090606572333,0.227557946985991,0.3721 ± 0.2276,0.0274833136904463,1.5032500055566438,285.0,0.0,285 ± 0,285.0,285.0,55.60274312320172,0.0013309327213762,55.6 ± 0.001331,55.59366226196289,55.604713439941406,75.3416748046875,0,1,0,0,0:298,0,0,0.0,model_static,False,mckenzie2003,5.017175512825883,5.023507595062256,4.991431713104248,5.087899208068848,5.087899208068848,2.8500000000000005,2.85,2.85,1.7604124606406604,1.7626342438814933,0,0.0,0,0.0,0,0.0,298,1495.118302822113,0,0.0,0,0.0,,,,,,,
static,model_static/summary_timeseries.csv,20,20.5,298,119200.0,1163.0774822875155,14.20121742195375,1163 ± 14.2,1136.41357421875,1211.7552490234375,1.940387676626244,0.0022496970965876,1.94 ± 0.00225,1.940000057220459,1.9574874639511108,0.3721090606572333,0.227557946985991,0.3721 ± 0.2276,0.0274833136904463,1.5032500055566438,287.98993288590606,0.0998286898029766,288 ± 0.09983,287.0,288.0,53.000161715001866,0.0051318571289294,53 ± 0.005132,52.950984954833984,53.0036506652832,75.3416748046875,0,1,0,0,0:298,0,0,0.0,model_static,False,mckenzie2003,5.152609348297119,5.152609348297119,5.152609348297119,5.152609348297119,5.152609348297119,2.87989932885906,2.88,2.88,1.789163224529936,1.789100468158722,0,0.0,0,0.0,0,0.0,298,1535.4775857925415,0,0.0,0,0.0,,,,,,,
static,model_static/summary_timeseries.csv,20,20.4,298,119200.0,1163.0774822875155,14.20121742195375,1163 ± 14.2,1136.41357421875,1211.7552490234375,1.940387676626244,0.0022496970965876,1.94 ± 0.00225,1.940000057220459,1.9574874639511108,0.3721090606572333,0.227557946985991,0.3721 ± 0.2276,0.0274833136904463,1.5032500055566438,281.0,0.0,281 ± 0,281.0,281.0,52.76498423326736,0.0029857690889273,52.76 ± 0.002986,52.76165390014648,52.771034240722656,75.3416748046875,0,1,0,0,0:298,0,0,0.0,model_static,False,mckenzie2003,4.994178288734999,5.023507595062256,4.927520275115967,5.023507595062256,5.023507595062256,2.81,2.81,2.81,1.7772876472366543,1.7877251227979558,0,0.0,0,0.0,0,0.0,298,1488.2651300430298,0,0.0,0,0.0,,,,,,,
static,model_static/summary_timeseries.csv,20,20.3,298,119200.0,1163.0774822875155,14.20121742195375,1163 ± 14.2,1136.41357421875,1211.7552490234375,1.940387676626244,0.0022496970965876,1.94 ± 0.00225,1.940000057220459,1.9574874639511108,0.3721090606572333,0.227557946985991,0.3721 ± 0.2276,0.0274833136904463,1.5032500055566438,284.0,0.0,284 ± 0,284.0,284.0,54.54056342976205,0.0058339007013942,54.54 ± 0.005834,54.52579498291016,54.5452995300293,75.3416748046875,0,1,0,0,0:298,0,0,0.0,model_static,False,mckenzie2003,4.93929983625476,4.895684719085693,4.895684719085693,5.087899208068848,5.087899208068848,2.84,2.84,2.84,1.7391900831882958,1.7238326475653851,0,0.0,0,0.0,0,0.0,298,1471.9113512039185,0,0.0,0,0.0,,,,,,,
static,model_static/summary_timeseries.csv,20,20.2,298,119200.0,1163.0774822875155,14.20121742195375,1163 ± 14.2,1136.41357421875,1211.7552490234375,1.940387676626244,0.0022496970965876,1.94 ± 0.00225,1.940000057220459,1.9574874639511108,0.3721090606572333,0.227557946985991,0.3721 ± 0.2276,0.0274833136904463,1.5032500055566438,284.0,0.0,284 ± 0,284.0,284.0,53.613964349631495,0.0015885004012996,53.61 ± 0.001589,53.6090087890625,53.616798400878906,75.3416748046875,0,1,0,0,0:298,0,0,0.0,model_static,False,mckenzie2003,5.08768312883057,5.087899208068848,5.087899208068848,5.087899208068848,5.087899208068848,2.84,2.84,2.84,1.791437721419215,1.791513805658045,0,0.0,0,0.0,0,0.0,298,1516.12957239151,0,0.0,0,0.0,,,,,,,
static,model_static/summary_timeseries.csv,20,20.1,298,119200.0,1163.0774822875155,14.20121742195375,1163 ± 14.2,1136.41357421875,1211.7552490234375,1.940387676626244,0.0022496970965876,1.94 ± 0.00225,1.940000057220459,1.9574874639511108,0.3721090606572333,0.227557946985991,0.3721 ± 0.2276,0.0274833136904463,1.5032500055566438,291.0,0.0,291 ± 0,291.0,291.0,57.57706256840853,0.0015332029326696,57.58 ± 0.001533,57.57209777832031,57.57999801635742,75.3416748046875,0,1,0,0,0:298,0,0,0.0,model_static,False,mckenzie2003,5.152392200175548,5.152609348297119,5.152609348297119,5.152609348297119,5.152609348297119,2.91,2.91,2.91,1.770581512087817,1.770656133435436,0,0.0,0,0.0,0,0.0,298,1535.4128756523132,0,0.0,0,0.0,,,,,,,
static,model_static/summary_timeseries.csv,20,20.0,298,119200.0,1163.0774822875155,14.20121742195375,1163 ± 14.2,1136.41357421875,1211.7552490234375,1.940387676626244,0.0022496970965876,1.94 ± 0.00225,1.940000057220459,1.9574874639511108,0.3721090606572333,0.227557946985991,0.3721 ± 0.2276,0.0274833136904463,1.5032500055566438,293.0,0.0,293 ± 0,293.0,293.0,56.32850776262731,0.0009296688576866,56.33 ± 0.0009297,56.32661819458008,56.33053588867188,75.3416748046875,0,1,0,0,0:298,0,0,0.0,model_static,False,mckenzie2003,5.154925344774387,5.152609348297119,5.087899208068848,5.185083866119385,5.185083866119385,2.93,2.93,2.93,1.7593601859298245,1.7585697434461156,0,0.0,0,0.0,0,0.0,298,1536.167752742767,0,0.0,0,0.0,,,,,,,
static,model_static/summary_timeseries.csv,20,19.9,298,119200.0,1163.0774822875155,14.20121742195375,1163 ± 14.2,1136.41357421875,1211.7552490234375,1.940387676626244,0.0022496970965876,1.94 ± 0.00225,1.940000057220459,1.9574874639511108,0.3721090606572333,0.227557946985991,0.3721 ± 0.2276,0.0274833136904463,1.5032500055566438,294.4127516778523,0.4923288842658124,294.4 ± 0.4923,294.0,295.0,55.160477042998245,0.0238722506929254,55.16 ± 0.02387,55.13188171386719,55.19028854370117,75.3416748046875,0,1,0,0,0:298,0,0,0.0,model_static,False,mckenzie2003,5.09097300439873,5.087899208068848,5.023507595062256,5.185083866119385,5.185083866119385,2.944127516778524,2.94,2.95,1.7292036133266244,1.7247115959555417,0,0.0,0,0.0,0,0.0,298,1517.1099553108215,0,0.0,0,0.0,,,,,,,
static,model_static/summary_timeseries.csv,20,19.8,298,119200.0,1163.0774822875155,14.20121742195375,1163 ± 14.2,1136.41357421875,1211.7552490234375,1.940387676626244,0.0022496970965876,1.94 ± 0.00225,1.940000057220459,1.9574874639511108,0.3721090606572333,0.227557946985991,0.3721 ± 0.2276,0.0274833136904463,1.5032500055566438,291.0,0.0,291 ± 0,291.0,291.0,57.560314101660815,0.0012894305028946,57.56 ± 0.001289,57.5544548034668,57.56306076049805,75.3416748046875,0,1,0,0,0:298,0,0,0.0,model_static,False,mckenzie2003,5.143923423434264,5.152609348297119,5.087899208068848,5.152609348297119,5.152609348297119,2.91,2.91,2.91,1.7676712795306748,1.770656133435436,0,0.0,0,0.0,0,0.0,298,1532.8891801834106,0,0.0,0,0.0,,,,,,,
static,model_static/summary_timeseries.csv,20,19.7,298,119200.0,1163.0774822875155,14.20121742195375,1163 ± 14.2,1136.41357421875,1211.7552490234375,1.940387676626244,0.0022496970965876,1.94 ± 0.00225,1.940000057220459,1.9574874639511108,0.3721090606572333,0.227557946985991,0.3721 ± 0.2276,0.0274833136904463,1.5032500055566438,286.0,0.0,286 ± 0,286.0,286.0,56.821148776368005,0.0028349193426814,56.82 ± 0.002835,56.814937591552734,56.82730865478516,75.3416748046875,0,1,0,0,0:298,0,0,0.0,model_static,False,mckenzie2003,5.024942292463059,5.023507595062256,4.991431713104248,5.087899208068848,5.087899208068848,2.86,2.86,2.86,1.7569728295325382,1.756471187084705,0,0.0,0,0.0,0,0.0,298,1497.4328031539917,0,0.0,0,0.0,,,,,,,
static,model_static/summary_timeseries.csv,20,19.6,298,119200.0,1163.0774822875155,14.20121742195375,1163 ± 14.2,1136.41357421875,1211.7552490234375,1.940387676626244,0.0022496970965876,1.94 ± 0.00225,1.940000057220459,1.9574874639511108,0.3721090606572333,0.227557946985991,0.3721 ± 0.2276,0.0274833136904463,1.5032500055566438,241.0,0.0,241 ± 0,241.0,241.0,51.529473477562,0.0022374719544815,51.53 ± 0.002237,51.50986862182617,51.53253555297852,75.3416748046875,0,1,0,0,0:298,0,0,0.0,model_static,False,mckenzie2003,4.437959069373624,4.458476543426514,4.397322177886963,4.458476543426514,4.550822734832764,2.41,2.41,2.41,1.8414767922712127,1.849990266981956,0,0.0,0,0.0,0,0.0,298,1322.5118026733398,0,0.0,0,0.0,,,,,,,
static,model_static/summary_timeseries.csv,20,19.5,298,119200.0,1163.0774822875155,14.20121742195375,1163 ± 14.2,1136.41357421875,1211.7552490234375,1.940387676626244,0.0022496970965876,1.94 ± 0.00225,1.940000057220459,1.9574874639511108,0.3721090606572333,0.227557946985991,0.3721 ± 0.2276,0.0274833136904463,1.5032500055566438,287.0,0.0,287 ± 0,287.0,287.0,57.01937222320761,0.0031676553954912,57.02 ± 0.003168,57.00796508789063,57.02390670776367,75.3416748046875,0,1,0,0,0:298,0,0,0.0,model_static,False,mckenzie2003,4.98077683480794,4.991431713104248,4.927520275115967,5.087899208068848,5.087899208068848,2.870000000000001,2.87,2.87,1.73546231177977,1.739174812928309,0,0.0,0,0.0,0,0.0,298,1484.271496772766,0,0.0,0,0.0,,,,,,,
static,model_static/summary_timeseries.csv,20,19.4,298,119200.0,1163.0774822875155,14.20121742195375,1163 ± 14.2,1136.41357421875,1211.7552490234375,1.940387676626244,0.0022496970965876,1.94 ± 0.00225,1.940000057220459,1.9574874639511108,0.3721090606572333,0.227557946985991,0.3721 ± 0.2276,0.0274833136904463,1.5032500055566438,286.0,0.0,286 ± 0,286.0,286.0,54.69555003531027,0.0009170485059634,54.7 ± 0.000917,54.69089126586914,54.69725799560547,75.3416748046875,0,1,0,0,0:298,0,0,0.0,model_static,False,mckenzie2003,5.0443676926145615,5.023507595062256,4.991431713104248,5.087899208068848,5.087899208068848,2.86,2.86,2.86,1.763764927487609,1.756471187084705,0,0.0,0,0.0,0,0.0,298,1503.2215723991394,0,0.0,0,0.0,,,,,,,
static,model_static/summary_timeseries.csv,20,19.3,298,119200.0,1163.0774822875155,14.20121742195375,1163 ± 14.2,1136.41357421875,1211.7552490234375,1.940387676626244,0.0022496970965876,1.94 ± 0.00225,1.940000057220459,1.9574874639511108,0.3721090606572333,0.227557946985991,0.3721 ± 0.2276,0.0274833136904463,1.5032500055566438,288.0,0.0,288 ± 0,288.0,288.0,57.69513578222902,0.0018022524318158,57.7 ± 0.001802,57.680755615234375,57.70053482055664,75.3416748046875,0,1,0,0,0:298,0,0,0.0,model_static,False,mckenzie2003,4.9766476554358565,4.991431713104248,4.927520275115967,4.991431713104248,5.152609348297119,2.8799999999999994,2.88,2.88,1.7280026581374497,1.733136011494531,0,0.0,0,0.0,0,0.0,298,1483.0410013198853,0,0.0,0,0.0,,,,,,,
static,model_static/summary_timeseries.csv,20,19.2,298,119200.0,1163.0774822875155,14.20121742195375,1163 ± 14.2,1136.41357421875,1211.7552490234375,1.940387676626244,0.0022496970965876,1.94 ± 0.00225,1.940000057220459,1.9574874639511108,0.3721090606572333,0.227557946985991,0.3721 ± 0.2276,0.0274833136904463,1.5032500055566438,284.0,0.0,284 ± 0,284.0,284.0,56.75148732230167,0.0016461653967957,56.75 ± 0.001646,56.73729705810547,56.75465774536133,75.3416748046875,0,1,0,0,0:298,0,0,0.0,model_static,False,mckenzie2003,4.929030419996121,4.927520275115967,4.895684719085693,4.927520275115967,5.087899208068848,2.84,2.84,2.84,1.7355740915479303,1.7350423503929462,0,0.0,0,0.0,0,0.0,298,1468.851065158844,0,0.0,0,0.0,,,,,,,
static,model_static/summary_timeseries.csv,20,19.1,298,119200.0,1163.0774822875155,14.20121742195375,1163 ± 14.2,1136.41357421875,1211.7552490234375,1.940387676626244,0.0022496970965876,1.94 ± 0.00225,1.940000057220459,1.9574874639511108,0.3721090606572333,0.227557946985991,0.3721 ± 0.2276,0.0274833136904463,1.5032500055566438,284.0,0.0,284 ± 0,284.0,284.0,55.58279810655837,0.0073239715591837,55.58 ± 0.007324,55.56858444213867,55.5899658203125,75.3416748046875,0,1,0,0,0:298,0,0,0.0,model_static,False,mckenzie2003,4.955026104946264,4.895684719085693,4.895684719085693,5.087899208068848,5.087899208068848,2.84,2.84,2.84,1.7447275017416424,1.7238326475653851,0,0.0,0,0.0,0,0.0,298,1476.5977792739868,0,0.0,0,0.0,,,,,,,
static,model_static/summary_timeseries.csv,20,19.0,298,119200.0,1163.0774822875155,14.20121742195375,1163 ± 14.2,1136.41357421875,1211.7552490234375,1.940387676626244,0.0022496970965876,1.94 ± 0.00225,1.940000057220459,1.9574874639511108,0.3721090606572333,0.227557946985991,0.3721 ± 0.2276,0.0274833136904463,1.5032500055566438,285.0,0.0,285 ± 0,285.0,285.0,56.96817111328944,0.001144296730716,56.97 ± 0.001144,56.95905303955078,56.97016143798828,75.3416748046875,0,1,0,0,0:298,0,0,0.0,model_static,False,mckenzie2003,4.9258359838652135,4.927520275115967,4.895684719085693,4.991431713104248,4.991431713104248,2.8500000000000005,2.85,2.85,1.7283635031106008,1.7289544824968304,0,0.0,0,0.0,0,0.0,298,1467.8991231918335,0,0.0,0,0.0,,,,,,,
static,model_static/summary_timeseries.csv,20,18.9,298,119200.0,1163.0774822875155,14.20121742195375,1163 ± 14.2,1136.41357421875,1211.7552490234375,1.940387676626244,0.0022496970965876,1.94 ± 0.00225,1.940000057220459,1.9574874639511108,0.3721090606572333,0.227557946985991,0.3721 ± 0.2276,0.0274833136904463,1.5032500055566438,279.99328859060404,0.0816478191986338,280 ± 0.08165,279.0,280.0,55.13119012717433,0.0041141589267473,55.13 ± 0.004114,55.08603286743164,55.136417388916016,75.3416748046875,0,1,0,0,0:298,0,0,0.0,model_static,False,mckenzie2003,4.947271484656622,4.927520275115967,4.895684719085693,4.991431713104248,4.991431713104248,2.7999328859060406,2.8000000000000003,2.8000000000000003,1.7669247326723256,1.7598286696842738,0,0.0,0,0.0,0,0.0,298,1474.286902427673,0,0.0,0,0.0,,,,,,,
static,model_static/summary_timeseries.csv,20,18.8,298,119200.0,1163.0774822875155,14.20121742195375,1163 ± 14.2,1136.41357421875,1211.7552490234375,1.940387676626244,0.0022496970965876,1.94 ± 0.00225,1.940000057220459,1.9574874639511108,0.3721090606572333,0.227557946985991,0.3721 ± 0.2276,0.0274833136904463,1.5032500055566438,282.0,0.0,282 ± 0,282.0,282.0,56.31886758740316,0.0019980284849167,56.32 ± 0.001998,56.31134414672852,56.32077407836914,75.3416748046875,0,1,0,0,0:298,0,0,0.0,model_static,False,mckenzie2003,4.958410106249303,4.927520275115967,4.927520275115967,5.023507595062256,5.023507595062256,2.82,2.82,2.82,1.7583014561167745,1.74734761528935,0,0.0,0,0.0,0,0.0,298,1477.6062116622925,0,0.0,0,0.0,,,,,,,
static,model_static/summary_timeseries.csv,20,18.7,298,119200.0,1163.0774822875155,14.20121742195375,1163 ± 14.2,1136.41357421875,1211.7552490234375,1.940387676626244,0.0022496970965876,1.94 ± 0.00225,1.940000057220459,1.9574874639511108,0.3721090606572333,0.227557946985991,0.3721 ± 0.2276,0.0274833136904463,1.5032500055566438,281.996644295302,0.0578311675825976,282 ± 0.05783,281.0,282.0,57.41669621563598,0.0031983782055243,57.42 ± 0.003198,57.36689758300781,57.419315338134766,75.3416748046875,0,1,0,0,0:298,0,0,0.0,model_static,False,mckenzie2003,5.018879195987778,5.023507595062256,4.991431713104248,5.023507595062256,5.023507595062256,2.81996644295302,2.82,2.82,1.7797656690651458,1.7813856720078922,0,0.0,0,0.0,0,0.0,298,1495.626000404358,0,0.0,0,0.0,,,,,,,
static,model_static/summary_timeseries.csv,20,18.6,298,119200.0,1163.0774822875155,14.20121742195375,1163 ± 14.2,1136.41357421875,1211.7552490234375,1.940387676626244,0.0022496970965876,1.94 ± 0.00225,1.940000057220459,1.9574874639511108,0.3721090606572333,0.227557946985991,0.3721 ± 0.2276,0.0274833136904463,1.5032500055566438,280.0,0.0,280 ± 0,280.0,280.0,59.29340018201994,0.0057665690378697,59.29 ± 0.005767,59.28556060791016,59.30112075805664,75.3416748046875,0,1,0,0,0:298,0,0,0.0,model_static,False,mckenzie2003,4.961310287449984,5.023507595062256,4.895684719085693,5.023507595062256,5.023507595062256,2.8000000000000003,2.8000000000000003,2.8000000000000003,1.771896531232137,1.7941098553793768,0,0.0,0,0.0,0,0.0,298,1478.4704656600952,0,0.0,0,0.0,,,,,,,
static,model_static/summary_timeseries.csv,20,18.5,298,119200.0,1163.0774822875155,14.20121742195375,1163 ± 14.2,1136.41357421875,1211.7552490234375,1.940387676626244,0.0022496970965876,1.94 ± 0.00225,1.940000057220459,1.9574874639511108,0.3721090606572333,0.227557946985991,0.3721 ± 0.2276,0.0274833136904463,1.5032500055566438,276.39261744966444,0.4883328658644927,276.4 ± 0.4883,276.0,277.0,58.494966481356016,0.0212503682720993,58.49 ± 0.02125,58.47604370117188,58.523399353027344,75.3416748046875,0,1,0,0,0:298,0,0,0.0,model_static,False,mckenzie2003,4.852589114400365,4.832254886627197,4.800660610198975,4.895684719085693,4.895684719085693,2.763926174496645,2.76,2.77,1.7556739137149586,1.7508169879084046,0,0.0,0,0.0,0,0.0,298,1446.0715560913086,0,0.0,0,0.0,,,,,,,
static,model_static/summary_timeseries.csv,20,18.4,298,119200.0,1163.0774822875155,14.20121742195375,1163 ± 14.2,1136.41357421875,1211.7552490234375,1.940387676626244,0.0022496970965876,1.94 ± 0.00225,1.940000057220459,1.9574874639511108,0.3721090606572333,0.227557946985991,0.3721 ± 0.2276,0.0274833136904463,1.5032500055566438,278.0,0.0,278 ± 0,278.0,278.0,58.78113440699225,0.0010883710879877,58.78 ± 0.001088,58.77857208251953,58.78372573852539,75.3416748046875,0,1,0,0,0:298,0,0,0.0,model_static,False,mckenzie2003,4.97995808300556,4.991431713104248,4.927520275115967,4.991431713104248,4.991431713104248,2.780000000000001,2.78,2.78,1.7913518284192655,1.7954790334907365,0,0.0,0,0.0,0,0.0,298,1484.0275087356567,0,0.0,0,0.0,,,,,,,
static,model_static/summary_timeseries.csv,20,18.3,298,119200.0,1163.0774822875155,14.20121742195375,1163 ± 14.2,1136.41357421875,1211.7552490234375,1.940387676626244,0.0022496970965876,1.94 ± 0.00225,1.940000057220459,1.9574874639511108,0.3721090606572333,0.227557946985991,0.3721 ± 0.2276,0.0274833136904463,1.5032500055566438,273.0,0.0,273 ± 0,273.0,273.0,57.180363520679855,0.0009517419748452,57.18 ± 0.0009517,57.17869567871094,57.18233871459961,75.3416748046875,0,1,0,0,0:298,0,0,0.0,model_static,False,mckenzie2003,4.901045687246643,4.895684719085693,4.832254886627197,4.927520275115967,4.927520275115967,2.73,2.73,2.73,1.7952548304932756,1.7932911058921954,0,0.0,0,0.0,0,0.0,298,1460.5116147994995,0,0.0,0,0.0,,,,,,,
static,model_static/summary_timeseries.csv,20,18.2,298,119200.0,1163.0774822875155,14.20121742195375,1163 ± 14.2,1136.41357421875,1211.7552490234375,1.940387676626244,0.0022496970965876,1.94 ± 0.00225,1.940000057220459,1.9574874639511108,0.3721090606572333,0.227557946985991,0.3721 ± 0.2276,0.0274833136904463,1.5032500055566438,302.0,0.0,302 ± 0,302.0,302.0,63.71099195544352,0.0013758266757773,63.71 ± 0.001376,63.706241607666016,63.71355438232422,75.3416748046875,2,1,2,2,2:298,0,0,0.0,model_static,False,mckenzie2003,5.250270843505859,5.250270843505859,5.250270843505859,5.250270843505859,5.250270843505859,3.02,3.02,3.02,1.7385002793065762,1.738500279306576,0,0.0,0,0.0,0,0.0,298,1564.580711364746,0,0.0,0,0.0,,,,,,,
static,model_static/summary_timeseries.csv,20,18.1,298,119200.0,1163.0774822875155,14.20121742195375,1163 ± 14.2,1136.41357421875,1211.7552490234375,1.940387676626244,0.0022496970965876,1.94 ± 0.00225,1.940000057220459,1.9574874639511108,0.3721090606572333,0.227557946985991,0.3721 ± 0.2276,0.0274833136904463,1.5032500055566438,336.0,0.0,336 ± 0,336.0,336.0,68.78065168137519,0.0007729778451279,68.78 ± 0.000773,68.77574920654297,68.78216552734375,75.3416748046875,1,1,1,1,1:298,0,0,0.0,model_static,False,mckenzie2003,5.435558274288305,5.447729587554932,5.381594657897949,5.51417875289917,5.51417875289917,3.36,3.36,3.36,1.6177256768715194,1.621348091534206,0,0.0,0,0.0,0,0.0,298,1619.796365737915,0,0.0,0,0.0,,,,,,,
static,model_static/summary_timeseries.csv,20,18.0,298,119200.0,1163.0774822875155,14.20121742195375,1163 ± 14.2,1136.41357421875,1211.7552490234375,1.940387676626244,0.0022496970965876,1.94 ± 0.00225,1.940000057220459,1.9574874639511108,0.3721090606572333,0.227557946985991,0.3721 ± 0.2276,0.0274833136904463,1.5032500055566438,299.0503355704698,0.2186364581108983,299.1 ± 0.2186,299.0,300.0,63.25986566479574,0.0104190525953637,63.26 ± 0.01042,63.25428771972656,63.304725646972656,75.3416748046875,2,1,2,2,2:298,0,0,0.0,model_static,False,mckenzie2003,5.184865916335343,5.185083866119385,5.185083866119385,5.185083866119385,5.185083866119385,2.9905033557046985,2.99,2.9915,1.7337779049568205,1.7341417612439414,0,0.0,0,0.0,0,0.0,298,1545.090043067932,0,0.0,0,0.0,,,,,,,
static,model_static/summary_timeseries.csv,20,17.9,298,119200.0,1163.0774822875155,14.20121742195375,1163 ± 14.2,1136.41357421875,1211.7552490234375,1.940387676626244,0.0022496970965876,1.94 ± 0.00225,1.940000057220459,1.9574874639511108,0.3721090606572333,0.227557946985991,0.3721 ± 0.2276,0.0274833136904463,1.5032500055566438,271.0,0.0,271 ± 0,271.0,271.0,55.254335633860336,0.0014217814449091,55.25 ± 0.001422,55.24360656738281,55.25682067871094,75.3416748046875,0,1,0,0,0:298,0,0,0.0,model_static,False,mckenzie2003,4.821342813888652,4.832254886627197,4.800660610198975,4.832254886627197,4.895684719085693,2.7100000000000004,2.71,2.71,1.779093289257805,1.7831198843642797,0,0.0,0,0.0,0,0.0,298,1436.7601585388184,0,0.0,0,0.0,,,,,,,
static,model_static/summary_timeseries.csv,20,17.8,298,119200.0,1163.0774822875155,14.20121742195375,1163 ± 14.2,1136.41357421875,1211.7552490234375,1.940387676626244,0.0022496970965876,1.94 ± 0.00225,1.940000057220459,1.9574874639511108,0.3721090606572333,0.227557946985991,0.3721 ± 0.2276,0.0274833136904463,1.5032500055566438,265.51006711409394,0.4998986429405658,265.5 ± 0.4999,265.0,266.0,57.31804799073495,0.0231078387667143,57.32 ± 0.02311,57.29275131225586,57.342716217041016,75.3416748046875,0,1,0,0,0:298,0,0,0.0,model_static,False,mckenzie2003,4.8297103811430455,4.832254886627197,4.800660610198975,4.832254886627197,4.832254886627197,2.65510067114094,2.66,2.66,1.819035589558039,1.8166371754237585,0,0.0,0,0.0,0,0.0,298,1439.2536935806274,0,0.0,0,0.0,,,,,,,
static,model_static/summary_timeseries.csv,20,17.7,298,119200.0,1163.0774822875155,14.20121742195375,1163 ± 14.2,1136.41357421875,1211.7552490234375,1.940387676626244,0.0022496970965876,1.94 ± 0.00225,1.940000057220459,1.9574874639511108,0.3721090606572333,0.227557946985991,0.3721 ± 0.2276,0.0274833136904463,1.5032500055566438,272.0,0.0,272 ± 0,272.0,272.0,53.983259930706666,0.0009784776114791,53.98 ± 0.0009785,53.98141479492188,53.98525238037109,75.3416748046875,0,1,0,0,0:298,0,0,0.0,model_static,False,mckenzie2003,4.855143335841646,4.832254886627197,4.800660610198975,4.895684719085693,4.895684719085693,2.72,2.72,2.72,1.7849791675888402,1.7765642965541164,0,0.0,0,0.0,0,0.0,298,1446.8327140808103,0,0.0,0,0.0,,,,,,,
static,model_static/summary_timeseries.csv,20,17.6,298,119200.0,1163.0774822875155,14.20121742195375,1163 ± 14.2,1136.41357421875,1211.7552490234375,1.940387676626244,0.0022496970965876,1.94 ± 0.00225,1.940000057220459,1.9574874639511108,0.3721090606572333,0.227557946985991,0.3721 ± 0.2276,0.0274833136904463,1.5032500055566438,273.0,0.0,273 ± 0,273.0,273.0,54.822740170779646,0.0040972443165056,54.82 ± 0.004097,54.81665802001953,54.830074310302734,75.3416748046875,0,1,0,0,0:298,0,0,0.0,model_static,False,mckenzie2003,4.846762813977747,4.832254886627197,4.800660610198975,4.895684719085693,4.895684719085693,2.73,2.73,2.73,1.7753709941310425,1.7700567350282774,0,0.0,0,0.0,0,0.0,298,1444.3353185653689,0,0.0,0,0.0,,,,,,,
static,model_static/summary_timeseries.csv,20,17.5,298,119200.0,1163.0774822875155,14.20121742195375,1163 ± 14.2,1136.41357421875,1211.7552490234375,1.940387676626244,0.0022496970965876,1.94 ± 0.00225,1.940000057220459,1.9574874639511108,0.3721090606572333,0.227557946985991,0.3721 ± 0.2276,0.0274833136904463,1.5032500055566438,271.0,0.0,271 ± 0,271.0,271.0,56.10722727423546,0.001299934621276,56.11 ± 0.0013,56.10201644897461,56.10929107666016,75.3416748046875,0,1,0,0,0:298,0,0,0.0,model_static,False,mckenzie2003,4.769509009866907,4.800660610198975,4.737714767456055,4.800660610198975,4.832254886627197,2.7100000000000004,2.71,2.71,1.7599664243051316,1.771461479778219,0,0.0,0,0.0,0,0.0,298,1421.313684940338,0,0.0,0,0.0,,,,,,,
static,model_static/summary_timeseries.csv,20,17.4,298,119200.0,1163.0774822875155,14.20121742195375,1163 ± 14.2,1136.41357421875,1211.7552490234375,1.940387676626244,0.0022496970965876,1.94 ± 0.00225,1.940000057220459,1.9574874639511108,0.3721090606572333,0.227557946985991,0.3721 ± 0.2276,0.0274833136904463,1.5032500055566438,271.7013422818792,0.4576694063706672,271.7 ± 0.4577,271.0,272.0,55.53806504627202,0.0204377159222432,55.54 ± 0.02044,55.505279541015625,55.553070068359375,75.3416748046875,0,1,0,0,0:298,0,0,0.0,model_static,False,mckenzie2003,4.852271051214846,4.832254886627197,4.800660610198975,4.895684719085693,4.895684719085693,2.717013422818792,2.72,2.72,1.7858781808603814,1.7831198843642797,0,0.0,0,0.0,0,0.0,298,1445.976773262024,0,0.0,0,0.0,,,,,,,
static,model_static/summary_timeseries.csv,20,17.3,298,119200.0,1163.0774822875155,14.20121742195375,1163 ± 14.2,1136.41357421875,1211.7552490234375,1.940387676626244,0.0022496970965876,1.94 ± 0.00225,1.940000057220459,1.9574874639511108,0.3721090606572333,0.227557946985991,0.3721 ± 0.2276,0.0274833136904463,1.5032500055566438,268.9865771812081,0.1150766993253842,269 ± 0.1151,268.0,269.0,57.08220029997346,0.0079600472711207,57.08 ± 0.00796,57.0269775390625,57.08854293823242,75.3416748046875,0,1,0,0,0:298,0,0,0.0,model_static,False,mckenzie2003,4.827768865047685,4.800660610198975,4.800660610198975,4.895684719085693,4.895684719085693,2.689865771812081,2.69,2.69,1.7948007680763831,1.7846321970999903,0,0.0,0,0.0,0,0.0,298,1438.6751217842102,0,0.0,0,0.0,,,,,,,
static,model_static/summary_timeseries.csv,20,17.2,298,119200.0,1163.0774822875155,14.20121742195375,1163 ± 14.2,1136.41357421875,1211.7552490234375,1.940387676626244,0.0022496970965876,1.94 ± 0.00225,1.940000057220459,1.9574874639511108,0.3721090606572333,0.227557946985991,0.3721 ± 0.2276,0.0274833136904463,1.5032500055566438,276.0,0.0,276 ± 0,276.0,276.0,54.77194167783596,0.0029828013589194,54.77 ± 0.002983,54.767608642578125,54.77589416503906,75.3416748046875,0,1,0,0,0:298,0,0,0.0,model_static,False,mckenzie2003,4.848145955360976,4.832254886627197,4.800660610198975,4.895684719085693,4.895684719085693,2.7600000000000007,2.76,2.76,1.7565746215076,1.7508169879084046,0,0.0,0,0.0,0,0.0,298,1444.7474946975708,0,0.0,0,0.0,,,,,,,
static,model_static/summary_timeseries.csv,20,17.1,298,119200.0,1163.0774822875155,14.20121742195375,1163 ± 14.2,1136.41357421875,1211.7552490234375,1.940387676626244,0.0022496970965876,1.94 ± 0.00225,1.940000057220459,1.9574874639511108,0.3721090606572333,0.227557946985991,0.3721 ± 0.2276,0.0274833136904463,1.5032500055566438,277.62080536912754,0.4851866267633151,277.6 ± 0.4852,277.0,278.0,57.24214154441885,0.0278545933843373,57.24 ± 0.02785,57.20499801635742,57.273250579833984,75.3416748046875,0,1,0,0,0:298,0,0,0.0,model_static,False,mckenzie2003,4.925442333989495,4.991431713104248,4.800660610198975,4.991431713104248,4.991431713104248,2.776208053691276,2.78,2.78,1.7741991814731843,1.7954790334907365,0,0.0,0,0.0,0,0.0,298,1467.7818155288696,0,0.0,0,0.0,,,,,,,
static,model_static/summary_timeseries.csv,20,17.0,298,119200.0,1163.0774822875155,14.20121742195375,1163 ± 14.2,1136.41357421875,1211.7552490234375,1.940387676626244,0.0022496970965876,1.94 ± 0.00225,1.940000057220459,1.9574874639511108,0.3721090606572333,0.227557946985991,0.3721 ± 0.2276,0.0274833136904463,1.5032500055566438,288.86241610738256,0.3444627194772748,288.9 ± 0.3445,288.0,289.0,60.47845096716145,0.0169357302955702,60.48 ± 0.01694,60.43663024902344,60.49953842163086,75.3416748046875,0,1,0,0,0:298,0,0,0.0,model_static,False,mckenzie2003,5.10433866673668,5.152609348297119,4.927520275115967,5.152609348297119,5.152609348297119,2.888624161073825,2.89,2.89,1.767047670174907,1.7829098090993492,0,0.0,0,0.0,0,0.0,298,1521.0929226875303,0,0.0,0,0.0,,,,,,,
static,model_static/summary_timeseries.csv,20,16.9,298,119200.0,1163.0774822875155,14.20121742195375,1163 ± 14.2,1136.41357421875,1211.7552490234375,1.940387676626244,0.0022496970965876,1.94 ± 0.00225,1.940000057220459,1.9574874639511108,0.3721090606572333,0.227557946985991,0.3721 ± 0.2276,0.0274833136904463,1.5032500055566438,286.0,0.0,286 ± 0,286.0,286.0,60.4013625279369,0.0017793262927544,60.4 ± 0.001779,60.39753341674805,60.404911041259766,75.3416748046875,0,1,0,0,0:298,0,0,0.0,model_static,False,mckenzie2003,5.08703489111574,5.087899208068848,5.087899208068848,5.087899208068848,5.087899208068848,2.86,2.86,2.86,1.778683528362146,1.7789857370870097,0,0.0,0,0.0,0,0.0,298,1515.9363975524902,0,0.0,0,0.0,,,,,,,
static,model_static/summary_timeseries.csv,20,16.8,298,119200.0,1163.0774822875155,14.20121742195375,1163 ± 14.2,1136.41357421875,1211.7552490234375,1.940387676626244,0.0022496970965876,1.94 ± 0.00225,1.940000057220459,1.9574874639511108,0.3721090606572333,0.227557946985991,0.3721 ± 0.2276,0.0274833136904463,1.5032500055566438,283.99328859060404,0.0816478191986338,284 ± 0.08165,283.0,284.0,58.58180921669774,0.003807295463676,58.58 ± 0.003807,58.53731536865234,58.58451843261719,75.3416748046875,0,1,0,0,0:298,0,0,0.0,model_static,False,mckenzie2003,5.062079751251528,5.087899208068848,5.023507595062256,5.087899208068848,5.087899208068848,2.83993288590604,2.84,2.84,1.7824641282360538,1.791513805658045,0,0.0,0,0.0,0,0.0,298,1508.499765872955,0,0.0,0,0.0,,,,,,,
static,model_static/summary_timeseries.csv,20,16.7,298,119200.0,1163.0774822875155,14.20121742195375,1163 ± 14.2,1136.41357421875,1211.7552490234375,1.940387676626244,0.0022496970965876,1.94 ± 0.00225,1.940000057220459,1.9574874639511108,0.3721090606572333,0.227557946985991,0.3721 ± 0.2276,0.0274833136904463,1.5032500055566438,294.8590604026846,0.3479592321292811,294.9 ± 0.348,294.0,295.0,58.16613426464516,0.0194221799181797,58.17 ± 0.01942,58.11684799194336,58.17990493774414,75.3416748046875,0,1,0,0,0:298,0,0,0.0,model_static,False,mckenzie2003,5.080842107734425,5.087899208068848,4.991431713104248,5.185083866119385,5.185083866119385,2.9485906040268453,2.95,2.95,1.7231594426494643,1.7247115959555417,0,0.0,0,0.0,0,0.0,298,1514.0909481048584,0,0.0,0,0.0,,,,,,,
static,model_static/summary_timeseries.csv,20,16.6,298,119200.0,1163.0774822875155,14.20121742195375,1163 ± 14.2,1136.41357421875,1211.7552490234375,1.940387676626244,0.0022496970965876,1.94 ± 0.00225,1.940000057220459,1.9574874639511108,0.3721090606572333,0.227557946985991,0.3721 ± 0.2276,0.0274833136904463,1.5032500055566438,296.0,0.0,296 ± 0,296.0,296.0,60.01970885103981,0.0026718926800428,60.02 ± 0.002672,60.01148223876953,60.02468490600586,75.3416748046875,0,1,0,0,0:298,0,0,0.0,model_static,False,mckenzie2003,5.0514040249306085,5.023507595062256,4.991431713104248,5.087899208068848,5.152609348297119,2.9600000000000004,2.96,2.96,1.7065554138279084,1.697130944277789,0,0.0,0,0.0,0,0.0,298,1505.3183994293213,0,0.0,0,0.0,,,,,,,
static,model_static/summary_timeseries.csv,20,16.5,298,119200.0,1163.0774822875155,14.20121742195375,1163 ± 14.2,1136.41357421875,1211.7552490234375,1.940387676626244,0.0022496970965876,1.94 ± 0.00225,1.940000057220459,1.9574874639511108,0.3721090606572333,0.227557946985991,0.3721 ± 0.2276,0.0274833136904463,1.5032500055566438,295.503355704698,0.4999887391191724,295.5 ± 0.5,295.0,296.0,59.12065390772467,0.0256783767380708,59.12 ± 0.02568,59.08221435546875,59.1507682800293,75.3416748046875,0,1,0,0,0:298,0,0,0.0,model_static,False,mckenzie2003,5.043855233480467,5.023507595062256,4.991431713104248,5.087899208068848,5.185083866119385,2.95503355704698,2.96,2.96,1.7068918000046254,1.697130944277789,0,0.0,0,0.0,0,0.0,298,1503.068859577179,0,0.0,0,0.0,,,,,,,
static,model_static/summary_timeseries.csv,20,16.4,298,119200.0,1163.0774822875155,14.20121742195375,1163 ± 14.2,1136.41357421875,1211.7552490234375,1.940387676626244,0.0022496970965876,1.94 ± 0.00225,1.940000057220459,1.9574874639511108,0.3721090606572333,0.227557946985991,0.3721 ± 0.2276,0.0274833136904463,1.5032500055566438,300.99328859060404,0.0816478191986338,301 ± 0.08165,300.0,301.0,62.2829808228768,0.0044204313693663,62.28 ± 0.00442,62.23332977294922,62.28668975830078,75.3416748046875,0,1,0,0,0:298,0,0,0.0,model_static,False,mckenzie2003,5.250270843505859,5.250270843505859,5.250270843505859,5.250270843505859,5.250270843505859,3.0099328859060406,3.01,3.01,1.7443150495778827,1.7442760277428102,0,0.0,0,0.0,0,0.0,298,1564.580711364746,0,0.0,0,0.0,,,,,,,
static,model_static/summary_timeseries.csv,20,16.3,298,119200.0,1163.0774822875155,14.20121742195375,1163 ± 14.2,1136.41357421875,1211.7552490234375,1.940387676626244,0.0022496970965876,1.94 ± 0.00225,1.940000057220459,1.9574874639511108,0.3721090606572333,0.227557946985991,0.3721 ± 0.2276,0.0274833136904463,1.5032500055566438,308.0,0.0,308 ± 0,308.0,308.0,61.32671581498729,0.0008911972831162,61.33 ± 0.0008912,61.323951721191406,61.32841873168945,75.3416748046875,0,1,0,0,0:298,0,0,0.0,model_static,False,mckenzie2003,5.297322231651153,5.282983303070068,5.250270843505859,5.348645210266113,5.348645210266113,3.08,3.08,3.08,1.7199098154711536,1.7152543191785936,0,0.0,0,0.0,0,0.0,298,1578.6020250320437,0,0.0,0,0.0,,,,,,,
static,model_static/summary_timeseries.csv,20,16.2,298,119200.0,1163.0774822875155,14.20121742195375,1163 ± 14.2,1136.41357421875,1211.7552490234375,1.940387676626244,0.0022496970965876,1.94 ± 0.00225,1.940000057220459,1.9574874639511108,0.3721090606572333,0.227557946985991,0.3721 ± 0.2276,0.0274833136904463,1.5032500055566438,326.2852348993289,0.4515262467827475,326.3 ± 0.4515,326.0,327.0,65.66552588443628,0.0200237351367173,65.67 ± 0.02002,65.64742279052734,65.69857788085938,75.3416748046875,0,1,0,0,0:298,0,0,0.0,model_static,False,mckenzie2003,5.5239293255261925,5.51417875289917,5.447729587554932,5.547520637512207,5.547520637512207,3.262852348993289,3.26,3.27,1.692972498598994,1.6914658751224447,0,0.0,0,0.0,0,0.0,298,1646.1309390068054,0,0.0,0,0.0,,,,,,,
static,model_static/summary_timeseries.csv,20,16.1,298,119200.0,1163.0774822875155,14.20121742195375,1163 ± 14.2,1136.41357421875,1211.7552490234375,1.940387676626244,0.0022496970965876,1.94 ± 0.00225,1.940000057220459,1.9574874639511108,0.3721090606572333,0.227557946985991,0.3721 ± 0.2276,0.0274833136904463,1.5032500055566438,328.0,0.0,328 ± 0,328.0,328.0,65.85393004449422,0.0049496347197344,65.85 ± 0.00495,65.84947204589844,65.86392974853516,75.3416748046875,0,1,0,0,0:298,0,0,0.0,model_static,False,mckenzie2003,5.503056033345677,5.547520637512207,5.381594657897949,5.547520637512207,5.547520637512207,3.28,3.28,3.28,1.677760985776121,1.6913172675342094,0,0.0,0,0.0,0,0.0,298,1639.9106979370115,0,0.0,0,0.0,,,,,,,
static,model_static/summary_timeseries.csv,20,16.0,298,119200.0,1163.0774822875155,14.20121742195375,1163 ± 14.2,1136.41357421875,1211.7552490234375,1.940387676626244,0.0022496970965876,1.94 ± 0.00225,1.940000057220459,1.9574874639511108,0.3721090606572333,0.227557946985991,0.3721 ± 0.2276,0.0274833136904463,1.5032500055566438,326.0,0.0,326 ± 0,326.0,326.0,67.19709544853876,0.0010201306231294,67.2 ± 0.00102,67.19530487060547,67.1987533569336,75.3416748046875,0,1,0,0,0:298,0,0,0.0,model_static,False,mckenzie2003,5.403576750083258,5.381594657897949,5.348645210266113,5.447729587554932,5.447729587554932,3.2600000000000007,3.26,3.26,1.6575388803936373,1.650795907330659,0,0.0,0,0.0,0,0.0,298,1610.2658715248108,0,0.0,0,0.0,,,,,,,
static,model_static/summary_timeseries.csv,20,15.9,298,119200.0,1163.0774822875155,14.20121742195375,1163 ± 14.2,1136.41357421875,1211.7552490234375,1.940387676626244,0.0022496970965876,1.94 ± 0.00225,1.940000057220459,1.9574874639511108,0.3721090606572333,0.227557946985991,0.3721 ± 0.2276,0.0274833136904463,1.5032500055566438,326.996644295302,0.0578311675825976,327 ± 0.05783,326.0,327.0,67.41061227273622,0.0027219191474322,67.41 ± 0.002722,67.3674087524414,67.41287994384766,75.3416748046875,2,1,2,2,2:298,0,0,0.0,model_static,False,mckenzie2003,5.454915421121073,5.447729587554932,5.381594657897949,5.51417875289917,5.51417875289917,3.26996644295302,3.27,3.27,1.66818669045546,1.66597235093423,0,0.0,0,0.0,0,0.0,298,1625.5647954940796,0,0.0,0,0.0,,,,,,,
static,model_static/summary_timeseries.csv,20,15.8,298,119200.0,1163.0774822875155,14.20121742195375,1163 ± 14.2,1136.41357421875,1211.7552490234375,1.940387676626244,0.0022496970965876,1.94 ± 0.00225,1.940000057220459,1.9574874639511108,0.3721090606572333,0.227557946985991,0.3721 ± 0.2276,0.0274833136904463,1.5032500055566438,329.0,0.0,329 ± 0,329.0,329.0,68.4260581355767,0.0009905257303873,68.43 ± 0.0009905,68.42400360107422,68.42790222167969,75.3416748046875,2,1,2,2,2:298,0,0,0.0,model_static,False,mckenzie2003,5.413449823456323,5.381594657897949,5.381594657897949,5.447729587554932,5.51417875289917,3.29,3.29,3.29,1.6454254782542013,1.6357430571118388,0,0.0,0,0.0,0,0.0,298,1613.208047389984,0,0.0,0,0.0,,,,,,,
static,model_static/summary_timeseries.csv,20,15.7,298,119200.0,1163.0774822875155,14.20121742195375,1163 ± 14.2,1136.41357421875,1211.7552490234375,1.940387676626244,0.0022496970965876,1.94 ± 0.00225,1.940000057220459,1.9574874639511108,0.3721090606572333,0.227557946985991,0.3721 ± 0.2276,0.0274833136904463,1.5032500055566438,326.16442953020135,0.3706648888134781,326.2 ± 0.3707,326.0,327.0,67.22253917207654,0.0192770117648179,67.22 ± 0.01928,67.2059555053711,67.26531982421875,75.3416748046875,2,1,2,2,2:298,0,0,0.0,model_static,False,mckenzie2003,5.428460009146057,5.381594657897949,5.381594657897949,5.547520637512207,5.547520637512207,3.2616442953020144,3.26,3.27,1.664341691440525,1.650795907330659,0,0.0,0,0.0,0,0.0,298,1617.681082725525,0,0.0,0,0.0,,,,,,,
static,model_static/summary_timeseries.csv,20,15.6,298,119200.0,1163.0774822875155,14.20121742195375,1163 ± 14.2,1136.41357421875,1211.7552490234375,1.940387676626244,0.0022496970965876,1.94 ± 0.00225,1.940000057220459,1.9574874639511108,0.3721090606572333,0.227557946985991,0.3721 ± 0.2276,0.0274833136904463,1.5032500055566438,329.0,0.0,329 ± 0,329.0,329.0,73.26659877188254,0.0016058314135144,73.27 ± 0.001606,73.26443481445312,73.27167510986328,75.3416748046875,2,1,2,2,2:298,0,0,0.0,model_static,False,mckenzie2003,5.483635247953786,5.51417875289917,5.447729587554932,5.51417875289917,5.51417875289917,3.29,3.29,3.29,1.6667584340285069,1.6760421741334863,0,0.0,0,0.0,0,0.0,298,1634.1233038902285,0,0.0,0,0.0,,,,,,,
static,model_static/summary_timeseries.csv,20,15.5,298,119200.0,1163.0774822875155,14.20121742195375,1163 ± 14.2,1136.41357421875,1211.7552490234375,1.940387676626244,0.0022496970965876,1.94 ± 0.00225,1.940000057220459,1.9574874639511108,0.3721090606572333,0.227557946985991,0.3721 ± 0.2276,0.0274833136904463,1.5032500055566438,333.9295302013423,0.2559371136331321,333.9 ± 0.2559,333.0,334.0,72.2953228790488,0.0121139534194899,72.3 ± 0.01211,72.23920440673828,72.30015563964844,75.3416748046875,2,1,2,2,2:298,0,0,0.0,model_static,False,mckenzie2003,5.452031106756838,5.447729587554932,5.381594657897949,5.51417875289917,5.614439964294434,3.3392953020134226,3.34,3.34,1.632688428442557,1.6310567627409975,0,0.0,0,0.0,0,0.0,298,1624.7052698135376,0,0.0,0,0.0,,,,,,,
static,model_static/summary_timeseries.csv,20,15.4,298,119200.0,1163.0774822875155,14.20121742195375,1163 ± 14.2,1136.41357421875,1211.7552490234375,1.940387676626244,0.0022496970965876,1.94 ± 0.00225,1.940000057220459,1.9574874639511108,0.3721090606572333,0.227557946985991,0.3721 ± 0.2276,0.0274833136904463,1.5032500055566438,336.17785234899327,0.3823884032640871,336.2 ± 0.3824,336.0,337.0,75.03854792550106,0.0184146131574769,75.04 ± 0.01841,75.01692199707031,75.07853698730469,75.3416748046875,2,1,2,2,2:298,0,0,0.0,model_static,False,mckenzie2003,5.479143576333986,5.447729587554932,5.447729587554932,5.614439964294434,5.614439964294434,3.361778523489933,3.36,3.37,1.6298353250460187,1.621348091534206,0,0.0,0,0.0,0,0.0,298,1632.784785747528,0,0.0,0,0.0,,,,,,,
static,model_static/summary_timeseries.csv,20,15.3,298,119200.0,1163.0774822875155,14.20121742195375,1163 ± 14.2,1136.41357421875,1211.7552490234375,1.940387676626244,0.0022496970965876,1.94 ± 0.00225,1.940000057220459,1.9574874639511108,0.3721090606572333,0.227557946985991,0.3721 ± 0.2276,0.0274833136904463,1.5032500055566438,342.0,0.0,342 ± 0,342.0,342.0,77.97256229067808,0.0022715230568664,77.97 ± 0.002272,77.95943450927734,77.97502899169922,75.3416748046875,2,1,2,2,2:298,0,0,0.0,model_static,False,mckenzie2003,5.534668029554738,5.51417875289917,5.51417875289917,5.614439964294434,5.648016929626465,3.420000000000001,3.42,3.42,1.6183239852499236,1.6123329686839678,0,0.0,0,0.0,0,0.0,298,1649.331072807312,0,0.0,0,0.0,,,,,,,
static,model_static/summary_timeseries.csv,20,15.2,298,119200.0,1163.0774822875155,14.20121742195375,1163 ± 14.2,1136.41357421875,1211.7552490234375,1.940387676626244,0.0022496970965876,1.94 ± 0.00225,1.940000057220459,1.9574874639511108,0.3721090606572333,0.227557946985991,0.3721 ± 0.2276,0.0274833136904463,1.5032500055566438,347.16107382550337,0.3675990318826618,347.2 ± 0.3676,347.0,348.0,76.78568984678128,0.0159220959282266,76.79 ± 0.01592,76.77644348144531,76.82302856445312,75.3416748046875,1,1,1,1,1:298,0,0,0.0,model_static,False,mckenzie2003,5.649520906025932,5.648016929626465,5.614439964294434,5.715404510498047,5.715404510498047,3.4716107382550336,3.47,3.48,1.6273416420121725,1.627670584906762,0,0.0,0,0.0,0,0.0,298,1683.5572299957275,0,0.0,0,0.0,,,,,,,
static,model_static/summary_timeseries.csv,20,15.1,298,119200.0,1163.0774822875155,14.20121742195375,1163 ± 14.2,1136.41357421875,1211.7552490234375,1.940387676626244,0.0022496970965876,1.94 ± 0.00225,1.940000057220459,1.9574874639511108,0.3721090606572333,0.227557946985991,0.3721 ± 0.2276,0.0274833136904463,1.5032500055566438,353.2751677852349,0.4465987854929967,353.3 ± 0.4466,353.0,354.0,76.25813936067108,0.0251586736701978,76.26 ± 0.02516,76.23745727539062,76.30030822753906,75.3416748046875,1,1,1,1,1:298,0,0,0.0,model_static,False,mckenzie2003,5.7743956130623015,5.817069053649902,5.648016929626465,5.817069053649902,5.817069053649902,3.532751677852349,3.53,3.54,1.6345593464065804,1.6478949160481309,0,0.0,0,0.0,0,0.0,298,1720.769892692566,0,0.0,0,0.0,,,,,,,
static,model_static/summary_timeseries.csv,20,15.0,298,119200.0,1163.0774822875155,14.20121742195375,1163 ± 14.2,1136.41357421875,1211.7552490234375,1.940387676626244,0.0022496970965876,1.94 ± 0.00225,1.940000057220459,1.9574874639511108,0.3721090606572333,0.227557946985991,0.3721 ± 0.2276,0.0274833136904463,1.5032500055566438,350.9865771812081,0.1150766993253842,351 ± 0.1151,350.0,351.0,74.30377210066622,0.0052507687887743,74.3 ± 0.005251,74.258544921875,74.3063735961914,75.3416748046875,1,1,1,1,1:298,0,0,0.0,model_static,False,mckenzie2003,5.684435266776373,5.715404510498047,5.648016929626465,5.720476031303405,5.74921464920044,3.509865771812081,3.51,3.51,1.6195585714139102,1.6283203733612668,0,0.0,0,0.0,0,0.0,298,1693.9617094993591,0,0.0,0,0.0,,,,,,,
static,model_static/summary_timeseries.csv,20,14.9,298,119200.0,1163.0774822875155,14.20121742195375,1163 ± 14.2,1136.41357421875,1211.7552490234375,1.940387676626244,0.0022496970965876,1.94 ± 0.00225,1.940000057220459,1.9574874639511108,0.3721090606572333,0.227557946985991,0.3721 ± 0.2276,0.0274833136904463,1.5032500055566438,354.0,0.0,354 ± 0,354.0,354.0,71.38703624034088,0.0010924301651718,71.39 ± 0.001092,71.38465881347656,71.38955688476562,75.3416748046875,1,1,1,1,1:298,0,0,0.0,model_static,False,mckenzie2003,5.800675486558236,5.817069053649902,5.74921464920044,5.817069053649902,5.817069053649902,3.54,3.54,3.54,1.6386088945079762,1.6432398456638142,0,0.0,0,0.0,0,0.0,298,1728.6012949943542,0,0.0,0,0.0,,,,,,,
static,model_static/summary_timeseries.csv,20,14.8,298,119200.0,1163.0774822875155,14.20121742195375,1163 ± 14.2,1136.41357421875,1211.7552490234375,1.940387676626244,0.0022496970965876,1.94 ± 0.00225,1.940000057220459,1.9574874639511108,0.3721090606572333,0.227557946985991,0.3721 ± 0.2276,0.0274833136904463,1.5032500055566438,353.8993288590604,0.3008927754558375,353.9 ± 0.3009,353.0,354.0,73.96331113776904,0.0142573145331113,73.96 ± 0.01426,73.91561126708984,73.97119903564453,75.3416748046875,1,1,1,1,1:298,0,0,0.0,model_static,False,mckenzie2003,5.708320760086879,5.715404510498047,5.648016929626465,5.74921464920044,5.74921464920044,3.5389932885906035,3.54,3.54,1.6129785337019564,1.61452104816329,0,0.0,0,0.0,0,0.0,298,1701.07958650589,0,0.0,0,0.0,,,,,,,
static,model_static/summary_timeseries.csv,20,14.7,298,119200.0,1163.0774822875155,14.20121742195375,1163 ± 14.2,1136.41357421875,1211.7552490234375,1.940387676626244,0.0022496970965876,1.94 ± 0.00225,1.940000057220459,1.9574874639511108,0.3721090606572333,0.227557946985991,0.3721 ± 0.2276,0.0274833136904463,1.5032500055566438,359.0,0.0,359 ± 0,359.0,359.0,72.95094847199101,0.0032819815235321,72.95 ± 0.003282,72.94107818603516,72.95409393310547,75.3416748046875,1,1,1,1,1:298,0,0,0.0,model_static,False,mckenzie2003,5.742680506418215,5.715404510498047,5.715404510498047,5.817069053649902,5.817069053649902,3.5900000000000007,3.59,3.59,1.599632453041286,1.5920346825899854,0,0.0,0,0.0,0,0.0,298,1711.3187909126282,0,0.0,0,0.0,,,,,,,
static,model_static/summary_timeseries.csv,20,14.6,298,119200.0,1163.0774822875155,14.20121742195375,1163 ± 14.2,1136.41357421875,1211.7552490234375,1.940387676626244,0.0022496970965876,1.94 ± 0.00225,1.940000057220459,1.9574874639511108,0.3721090606572333,0.227557946985991,0.3721 ± 0.2276,0.0274833136904463,1.5032500055566438,374.996644295302,0.0578311675825976,375 ± 0.05783,374.0,375.0,76.60315299834181,0.002747105692476,76.6 ± 0.002747,76.5606689453125,76.60565185546875,75.3416748046875,1,1,1,1,1:298,0,0,0.0,model_static,False,mckenzie2003,5.939612790242138,5.919431209564209,5.851112365722656,5.988058567047119,5.988058567047119,3.74996644295302,3.75,3.75,1.5839106623290635,1.5785149892171224,0,0.0,0,0.0,0,0.0,298,1770.004611492157,0,0.0,0,0.0,,,,,,,
static,model_static/summary_timeseries.csv,20,14.5,298,119200.0,1163.0774822875155,14.20121742195375,1163 ± 14.2,1136.41357421875,1211.7552490234375,1.940387676626244,0.0022496970965876,1.94 ± 0.00225,1.940000057220459,1.9574874639511108,0.3721090606572333,0.227557946985991,0.3721 ± 0.2276,0.0274833136904463,1.5032500055566438,385.0,0.0,385 ± 0,385.0,385.0,78.33054635988786,0.0006979201797939,78.33 ± 0.0006979,78.32930755615234,78.33158874511719,75.3416748046875,1,1,1,1,1:298,0,0,0.0,model_static,False,mckenzie2003,6.040709274727226,6.022488117218018,5.988058567047119,6.091578006744385,6.091578006744385,3.850000000000001,3.85,3.85,1.569015396033046,1.5642826278488358,0,0.0,0,0.0,0,0.0,298,1800.1313638687134,0,0.0,0,0.0,,,,,,,
static,model_static/summary_timeseries.csv,20,14.4,298,119200.0,1163.0774822875155,14.20121742195375,1163 ± 14.2,1136.41357421875,1211.7552490234375,1.940387676626244,0.0022496970965876,1.94 ± 0.00225,1.940000057220459,1.9574874639511108,0.3721090606572333,0.227557946985991,0.3721 ± 0.2276,0.0274833136904463,1.5032500055566438,395.16442953020135,0.3706648888134781,395.2 ± 0.3707,395.0,396.0,78.1877420412614,0.0192329476004326,78.19 ± 0.01923,78.17488098144531,78.23141479492188,75.3416748046875,1,1,1,1,1:298,0,0,0.0,model_static,False,mckenzie2003,6.11078070794176,6.126237869262695,6.022488117218018,6.1957879066467285,6.1957879066467285,3.951644295302013,3.95,3.96,1.5464000034862415,1.5509462960158722,0,0.0,0,0.0,0,0.0,298,1821.0126509666443,0,0.0,0,0.0,,,,,,,
static,model_static/summary_timeseries.csv,20,14.3,298,119200.0,1163.0774822875155,14.20121742195375,1163 ± 14.2,1136.41357421875,1211.7552490234375,1.940387676626244,0.0022496970965876,1.94 ± 0.00225,1.940000057220459,1.9574874639511108,0.3721090606572333,0.227557946985991,0.3721 ± 0.2276,0.0274833136904463,1.5032500055566438,388.1107382550336,0.3138077339800278,388.1 ± 0.3138,388.0,389.0,78.62382386994842,0.0145247692311419,78.62 ± 0.01452,78.60943603515625,78.66458129882812,75.3416748046875,1,1,1,1,1:298,0,0,0.0,model_static,False,mckenzie2003,5.951447400470708,5.919431209564209,5.919431209564209,5.988058567047119,6.022488117218018,3.881107382550335,3.88,3.89,1.5334388543359605,1.525626600403147,0,0.0,0,0.0,0,0.0,298,1773.531325340271,0,0.0,0,0.0,,,,,,,
static,model_static/summary_timeseries.csv,20,14.2,298,119200.0,1163.0774822875155,14.20121742195375,1163 ± 14.2,1136.41357421875,1211.7552490234375,1.940387676626244,0.0022496970965876,1.94 ± 0.00225,1.940000057220459,1.9574874639511108,0.3721090606572333,0.227557946985991,0.3721 ± 0.2276,0.0274833136904463,1.5032500055566438,377.0,0.0,377 ± 0,377.0,377.0,74.53836866033157,0.0011419786787783,74.54 ± 0.001142,74.52982330322266,74.54014587402344,75.3416748046875,1,1,1,1,1:298,0,0,0.0,model_static,False,mckenzie2003,5.980715626838223,5.988058567047119,5.919431209564209,6.022488117218018,6.022488117218018,3.77,3.77,3.77,1.5863967179942235,1.5883444474926045,0,0.0,0,0.0,0,0.0,298,1782.2532567977903,0,0.0,0,0.0,,,,,,,
static,model_static/summary_timeseries.csv,20,14.1,298,119200.0,1163.0774822875155,14.20121742195375,1163 ± 14.2,1136.41357421875,1211.7552490234375,1.940387676626244,0.0022496970965876,1.94 ± 0.00225,1.940000057220459,1.9574874639511108,0.3721090606572333,0.227557946985991,0.3721 ± 0.2276,0.0274833136904463,1.5032500055566438,363.4127516778523,0.4923288842658124,363.4 ± 0.4923,363.0,364.0,74.9843937150584,0.0227010068184136,74.98 ± 0.0227,74.95230102539062,75.0160140991211,75.3416748046875,1,1,1,1,1:298,0,0,0.0,model_static,False,mckenzie2003,5.724546029263695,5.715404510498047,5.648016929626465,5.817069053649902,5.851112365722656,3.6341275167785234,3.63,3.64,1.5752214511873466,1.5744916006881673,0,0.0,0,0.0,0,0.0,298,1705.914716720581,0,0.0,0,0.0,,,,,,,
static,model_static/summary_timeseries.csv,20,14.0,298,119200.0,1163.0774822875155,14.20121742195375,1163 ± 14.2,1136.41357421875,1211.7552490234375,1.940387676626244,0.0022496970965876,1.94 ± 0.00225,1.940000057220459,1.9574874639511108,0.3721090606572333,0.227557946985991,0.3721 ± 0.2276,0.0274833136904463,1.5032500055566438,362.5771812080537,0.4940071468343072,362.6 ± 0.494,362.0,363.0,72.92305420229098,0.0266581201239615,72.92 ± 0.02666,72.88883209228516,72.95549774169922,75.3416748046875,1,1,1,1,1:298,0,0,0.0,model_static,False,mckenzie2003,5.795489202409783,5.851112365722656,5.614439964294434,5.851112365722656,5.851112365722656,3.625771812080537,3.63,3.63,1.5984360967498106,1.6118766847720816,0,0.0,0,0.0,0,0.0,298,1727.0557823181152,0,0.0,0,0.0,,,,,,,
static,model_static/summary_timeseries.csv,20,13.9,298,119200.0,1163.0774822875155,14.20121742195375,1163 ± 14.2,1136.41357421875,1211.7552490234375,1.940387676626244,0.0022496970965876,1.94 ± 0.00225,1.940000057220459,1.9574874639511108,0.3721090606572333,0.227557946985991,0.3721 ± 0.2276,0.0274833136904463,1.5032500055566438,379.0,0.0,379 ± 0,379.0,379.0,75.29663080817102,0.0025257355532865,75.3 ± 0.002526,75.29277038574219,75.30152130126953,75.3416748046875,1,1,1,1,1:298,0,0,0.0,model_static,False,mckenzie2003,5.84879828299452,5.851112365722656,5.74921464920044,5.919431209564209,5.919431209564209,3.79,3.79,3.79,1.5432185443257307,1.5438291202434449,0,0.0,0,0.0,0,0.0,298,1742.941888332367,0,0.0,0,0.0,,,,,,,
static,model_static/summary_timeseries.csv,20,13.8,298,119200.0,1163.0774822875155,14.20121742195375,1163 ± 14.2,1136.41357421875,1211.7552490234375,1.940387676626244,0.0022496970965876,1.94 ± 0.00225,1.940000057220459,1.9574874639511108,0.3721090606572333,0.227557946985991,0.3721 ± 0.2276,0.0274833136904463,1.5032500055566438,391.993288590604,0.0816478191986338,392 ± 0.08165,391.0,392.0,76.77992683769072,0.0039098856170786,76.78 ± 0.00391,76.73423767089844,76.78296661376953,75.3416748046875,1,1,1,1,1:298,0,0,0.0,model_static,False,mckenzie2003,6.113680433106903,6.126237869262695,6.091578006744385,6.126237869262695,6.126237869262695,3.9199328859060407,3.92,3.92,1.5596387264002136,1.5628157829751774,0,0.0,0,0.0,0,0.0,298,1821.876769065857,0,0.0,0,0.0,,,,,,,
static,model_static/summary_timeseries.csv,20,13.7,298,119200.0,1163.0774822875155,14.20121742195375,1163 ± 14.2,1136.41357421875,1211.7552490234375,1.940387676626244,0.0022496970965876,1.94 ± 0.00225,1.940000057220459,1.9574874639511108,0.3721090606572333,0.227557946985991,0.3721 ± 0.2276,0.0274833136904463,1.5032500055566438,398.993288590604,0.0816478191986338,399 ± 0.08165,398.0,399.0,80.32285198749312,0.0050281408865477,80.32 ± 0.005028,80.27689361572266,80.32960510253906,75.3416748046875,1,1,1,1,1:298,0,0,0.0,model_static,False,mckenzie2003,6.091412489846249,6.126237869262695,6.022488117218018,6.126237869262695,6.126237869262695,3.989932885906042,3.99,3.99,1.5266952496455612,1.5353979622212268,0,0.0,0,0.0,0,0.0,298,1815.240921974182,0,0.0,0,0.0,,,,,,,
static,model_static/summary_timeseries.csv,20,13.6,298,119200.0,1163.0774822875155,14.20121742195375,1163 ± 14.2,1136.41357421875,1211.7552490234375,1.940387676626244,0.0022496970965876,1.94 ± 0.00225,1.940000057220459,1.9574874639511108,0.3721090606572333,0.227557946985991,0.3721 ± 0.2276,0.0274833136904463,1.5032500055566438,403.0,0.0,403 ± 0,403.0,403.0,78.10854659624547,0.0007273310630458,78.11 ± 0.0007273,78.1068344116211,78.10987854003906,75.3416748046875,1,1,1,1,1:298,0,0,0.0,model_static,False,mckenzie2003,6.16826722765929,6.1957879066467285,6.091578006744385,6.230677604675293,6.230677604675293,4.03,4.03,4.03,1.5305874014042902,1.5374163540066323,0,0.0,0,0.0,0,0.0,298,1838.1436338424685,0,0.0,0,0.0,,,,,,,
static,model_static/summary_timeseries.csv,20,13.5,298,119200.0,1163.0774822875155,14.20121742195375,1163 ± 14.2,1136.41357421875,1211.7552490234375,1.940387676626244,0.0022496970965876,1.94 ± 0.00225,1.940000057220459,1.9574874639511108,0.3721090606572333,0.227557946985991,0.3721 ± 0.2276,0.0274833136904463,1.5032500055566438,398.993288590604,0.0816478191986338,399 ± 0.08165,398.0,399.0,79.8318582829213,0.0041761704056869,79.83 ± 0.004176,79.78620910644531,79.83619689941406,75.3416748046875,1,1,1,1,1:298,0,0,0.0,model_static,False,mckenzie2003,6.091514164969425,6.091578006744385,6.022488117218018,6.126237869262695,6.126237869262695,3.989932885906042,3.99,3.99,1.5267206593781977,1.526711279885811,0,0.0,0,0.0,0,0.0,298,1815.271221160889,0,0.0,0,0.0,,,,,,,
static,model_static/summary_timeseries.csv,20,13.4,298,119200.0,1163.0774822875155,14.20121742195375,1163 ± 14.2,1136.41357421875,1211.7552490234375,1.940387676626244,0.0022496970965876,1.94 ± 0.00225,1.940000057220459,1.9574874639511108,0.3721090606572333,0.227557946985991,0.3721 ± 0.2276,0.0274833136904463,1.5032500055566438,394.9395973154362,0.2382314006617295,394.9 ± 0.2382,394.0,395.0,76.68013292351026,0.0113649169217546,76.68 ± 0.01136,76.63334655761719,76.68467712402344,75.3416748046875,1,1,1,1,1:298,0,0,0.0,model_static,False,mckenzie2003,6.054949549220552,6.022488117218018,6.022488117218018,6.091578006744385,6.126237869262695,3.949395973154363,3.95,3.95,1.5331334074941725,1.5246805360045614,0,0.0,0,0.0,0,0.0,298,1804.3749656677248,0,0.0,0,0.0,,,,,,,
static,model_static/summary_timeseries.csv,20,13.3,298,119200.0,1163.0774822875155,14.20121742195375,1163 ± 14.2,1136.41357421875,1211.7552490234375,1.940387676626244,0.0022496970965876,1.94 ± 0.00225,1.940000057220459,1.9574874639511108,0.3721090606572333,0.227557946985991,0.3721 ± 0.2276,0.0274833136904463,1.5032500055566438,393.8255033557047,0.379535986995938,393.8 ± 0.3795,393.0,394.0,78.32144252085845,0.0169080728719046,78.32 ± 0.01691,78.27758026123047,78.3313217163086,75.3416748046875,1,1,1,1,1:298,0,0,0.0,model_static,False,mckenzie2003,6.076292415593295,6.091578006744385,6.022488117218018,6.126237869262695,6.126237869262695,3.938255033557047,3.94,3.94,1.542885715005958,1.5460857885138033,0,0.0,0,0.0,0,0.0,298,1810.7351398468015,0,0.0,0,0.0,,,,,,,
static,model_static/summary_timeseries.csv,20,13.2,298,119200.0,1163.0774822875155,14.20121742195375,1163 ± 14.2,1136.41357421875,1211.7552490234375,1.940387676626244,0.0022496970965876,1.94 ± 0.00225,1.940000057220459,1.9574874639511108,0.3721090606572333,0.227557946985991,0.3721 ± 0.2276,0.0274833136904463,1.5032500055566438,390.9697986577181,0.1711409395973154,391 ± 0.1711,390.0,391.0,78.49020024754057,0.009078145090045,78.49 ± 0.009078,78.43960571289062,78.50276184082031,75.3416748046875,1,1,1,1,1:298,0,0,0.0,model_static,False,mckenzie2003,6.023800653099213,6.022488117218018,5.851112365722656,6.126237869262695,6.126237869262695,3.9096979865771817,3.91,3.91,1.5407334882841648,1.5402782908485977,0,0.0,0,0.0,0,0.0,298,1795.0925946235657,0,0.0,0,0.0,,,,,,,
static,model_static/summary_timeseries.csv,20,13.1,298,119200.0,1163.0774822875155,14.20121742195375,1163 ± 14.2,1136.41357421875,1211.7552490234375,1.940387676626244,0.0022496970965876,1.94 ± 0.00225,1.940000057220459,1.9574874639511108,0.3721090606572333,0.227557946985991,0.3721 ± 0.2276,0.0274833136904463,1.5032500055566438,396.51006711409394,0.4998986429405658,396.5 ± 0.4999,396.0,397.0,78.48894290796062,0.024315506553272,78.49 ± 0.02432,78.45975494384766,78.5139389038086,75.3416748046875,1,1,1,1,1:298,0,0,0.0,model_static,False,mckenzie2003,6.061117733884978,6.022488117218018,6.022488117218018,6.126237869262695,6.126237869262695,3.9651006711409393,3.97,3.97,1.528623501653549,1.5208303326308126,0,0.0,0,0.0,0,0.0,298,1806.2130846977236,0,0.0,0,0.0,,,,,,,
static,model_static/summary_timeseries.csv,20,13.0,298,119200.0,1163.0774822875155,14.20121742195375,1163 ± 14.2,1136.41357421875,1211.7552490234375,1.940387676626244,0.0022496970965876,1.94 ± 0.00225,1.940000057220459,1.9574874639511108,0.3721090606572333,0.227557946985991,0.3721 ± 0.2276,0.0274833136904463,1.5032500055566438,396.0,0.0,396 ± 0,396.0,396.0,83.47464613946492,0.0050462556160124,83.47 ± 0.005046,83.4679183959961,83.48159790039062,75.3416748046875,1,1,1,1,1:298,0,0,0.0,model_static,False,mckenzie2003,6.113430621639994,6.1957879066467285,6.022488117218018,6.1957879066467285,6.1957879066467285,3.96,3.96,3.96,1.5437956115252511,1.5645929057188708,0,0.0,0,0.0,0,0.0,298,1821.8023252487185,0,0.0,0,0.0,,,,,,,
static,model_static/summary_timeseries.csv,20,12.9,298,119200.0,1163.0774822875155,14.20121742195375,1163 ± 14.2,1136.41357421875,1211.7552490234375,1.940387676626244,0.0022496970965876,1.94 ± 0.00225,1.940000057220459,1.9574874639511108,0.3721090606572333,0.227557946985991,0.3721 ± 0.2276,0.0274833136904463,1.5032500055566438,384.0,0.0,384 ± 0,384.0,384.0,66.18049265714299,0.0008791224896329,66.18 ± 0.0008791,66.1787109375,66.18226623535156,75.3416748046875,1,1,1,1,1:298,0,0,0.0,model_static,False,mckenzie2003,6.0167407925496965,6.022488117218018,5.988058567047119,6.091578006744385,6.091578006744385,3.8400000000000007,3.84,3.84,1.5668595813931503,1.5683562805255256,0,0.0,0,0.0,0,0.0,298,1792.9887561798096,0,0.0,0,0.0,,,,,,,
static,model_static/summary_timeseries.csv,20,12.8,298,119200.0,1163.0774822875155,14.20121742195375,1163 ± 14.2,1136.41357421875,1211.7552490234375,1.940387676626244,0.0022496970965876,1.94 ± 0.00225,1.940000057220459,1.9574874639511108,0.3721090606572333,0.227557946985991,0.3721 ± 0.2276,0.0274833136904463,1.5032500055566438,385.0,0.0,385 ± 0,385.0,385.0,65.33120599529087,0.0049114644279703,65.33 ± 0.004911,65.31910705566406,65.33570861816406,75.3416748046875,1,1,1,1,1:298,0,0,0.0,model_static,False,mckenzie2003,5.975877256201418,5.919431209564209,5.919431209564209,6.091578006744385,6.091578006744385,3.850000000000001,3.85,3.85,1.5521759107016668,1.5375145998868074,0,0.0,0,0.0,0,0.0,298,1780.8114223480225,0,0.0,0,0.0,,,,,,,
static,model_static/summary_timeseries.csv,20,12.7,298,119200.0,1163.0774822875155,14.20121742195375,1163 ± 14.2,1136.41357421875,1211.7552490234375,1.940387676626244,0.0022496970965876,1.94 ± 0.00225,1.940000057220459,1.9574874639511108,0.3721090606572333,0.227557946985991,0.3721 ± 0.2276,0.0274833136904463,1.5032500055566438,388.0,0.0,388 ± 0,388.0,388.0,65.84216124259386,0.0018691465159907,65.84 ± 0.001869,65.83586883544922,65.84564208984375,75.3416748046875,1,1,1,1,1:298,0,0,0.0,model_static,False,mckenzie2003,6.126237869262695,6.126237869262695,6.126237869262695,6.126237869262695,6.126237869262695,3.88,3.88,3.88,1.5789272858924477,1.5789272858924472,0,0.0,0,0.0,0,0.0,298,1825.6188850402832,0,0.0,0,0.0,,,,,,,
static,model_static/summary_timeseries.csv,20,12.6,298,119200.0,1163.0774822875155,14.20121742195375,1163 ± 14.2,1136.41357421875,1211.7552490234375,1.940387676626244,0.0022496970965876,1.94 ± 0.00225,1.940000057220459,1.9574874639511108,0.3721090606572333,0.227557946985991,0.3721 ± 0.2276,0.0274833136904463,1.5032500055566438,385.0,0.0,385 ± 0,385.0,385.0,63.31710321311183,0.0012098533060114,63.32 ± 0.00121,63.313323974609375,63.319942474365234,75.3416748046875,1,1,1,1,1:298,0,0,0.0,model_static,False,mckenzie2003,6.114141809860332,6.126237869262695,6.091578006744385,6.126237869262695,6.126237869262695,3.850000000000001,3.85,3.85,1.5880887817819045,1.591230615392908,0,0.0,0,0.0,0,0.0,298,1822.014259338379,0,0.0,0,0.0,,,,,,,
static,model_static/summary_timeseries.csv,20,12.5,298,119200.0,1163.0774822875155,14.20121742195375,1163 ± 14.2,1136.41357421875,1211.7552490234375,1.940387676626244,0.0022496970965876,1.94 ± 0.00225,1.940000057220459,1.9574874639511108,0.3721090606572333,0.227557946985991,0.3721 ± 0.2276,0.0274833136904463,1.5032500055566438,382.4395973154362,0.4963381062315194,382.4 ± 0.4963,382.0,383.0,63.25805273632075,0.0239553235117202,63.26 ± 0.02396,63.2320442199707,63.292179107666016,75.3416748046875,1,1,1,1,1:298,0,0,0.0,model_static,False,mckenzie2003,6.084630393341884,6.091578006744385,5.988058567047119,6.091578006744385,6.091578006744385,3.824395973154362,3.82,3.83,1.591009628398568,1.5946539284671164,0,0.0,0,0.0,0,0.0,298,1813.2198572158811,0,0.0,0,0.0,,,,,,,
static,model_static/summary_timeseries.csv,20,12.4,298,119200.0,1163.0774822875155,14.20121742195375,1163 ± 14.2,1136.41357421875,1211.7552490234375,1.940387676626244,0.0022496970965876,1.94 ± 0.00225,1.940000057220459,1.9574874639511108,0.3721090606572333,0.227557946985991,0.3721 ± 0.2276,0.0274833136904463,1.5032500055566438,384.0,0.0,384 ± 0,384.0,384.0,64.89962740392492,0.0017009553239246,64.9 ± 0.001701,64.89641571044922,64.90271759033203,75.3416748046875,1,1,1,1,1:298,0,0,0.0,model_static,False,mckenzie2003,6.08891217340559,6.091578006744385,6.091578006744385,6.091578006744385,6.091578006744385,3.8400000000000007,3.84,3.84,1.5856542118243722,1.5863484392563505,0,0.0,0,0.0,0,0.0,298,1814.4958276748655,0,0.0,0,0.0,,,,,,,
static,model_static/summary_timeseries.csv,20,12.3,298,119200.0,1163.0774822875155,14.20121742195375,1163 ± 14.2,1136.41357421875,1211.7552490234375,1.940387676626244,0.0022496970965876,1.94 ± 0.00225,1.940000057220459,1.9574874639511108,0.3721090606572333,0.227557946985991,0.3721 ± 0.2276,0.0274833136904463,1.5032500055566438,381.0973154362416,0.2963868116342489,381.1 ± 0.2964,381.0,382.0,63.83537301441167,0.0153899164505939,63.84 ± 0.01539,63.82619857788086,63.88530731201172,75.3416748046875,1,1,1,1,1:298,0,0,0.0,model_static,False,mckenzie2003,6.085208844818525,6.091578006744385,5.988058567047119,6.091578006744385,6.091578006744385,3.810973154362416,3.81,3.82,1.5967644251287894,1.5988393718489198,0,0.0,0,0.0,0,0.0,298,1813.3922357559204,0,0.0,0,0.0,,,,,,,
static,model_static/summary_timeseries.csv,20,12.2,298,119200.0,1163.0774822875155,14.20121742195375,1163 ± 14.2,1136.41357421875,1211.7552490234375,1.940387676626244,0.0022496970965876,1.94 ± 0.00225,1.940000057220459,1.9574874639511108,0.3721090606572333,0.227557946985991,0.3721 ± 0.2276,0.0274833136904463,1.5032500055566438,381.9832214765101,0.1284406658322459,382 ± 0.1284,381.0,382.0,61.685513157172494,0.0065546011615249,61.69 ± 0.006555,61.63603591918945,61.69000625610352,75.3416748046875,1,1,1,1,1:298,0,0,0.0,model_static,False,mckenzie2003,6.091578006744385,6.091578006744385,6.091578006744385,6.091578006744385,6.091578006744385,3.8198322147651007,3.82,3.82,1.5947241540272137,1.5946539284671164,0,0.0,0,0.0,0,0.0,298,1815.290246009827,0,0.0,0,0.0,,,,,,,
static,model_static/summary_timeseries.csv,20,12.1,298,119200.0,1163.0774822875155,14.20121742195375,1163 ± 14.2,1136.41357421875,1211.7552490234375,1.940387676626244,0.0022496970965876,1.94 ± 0.00225,1.940000057220459,1.9574874639511108,0.3721090606572333,0.227557946985991,0.3721 ± 0.2276,0.0274833136904463,1.5032500055566438,388.6476510067114,0.4777019784521593,388.6 ± 0.4777,388.0,389.0,63.980107646660514,0.0226647812505687,63.98 ± 0.02266,63.944862365722656,63.99946594238281,75.3416748046875,1,1,1,1,1:298,0,0,0.0,model_static,False,mckenzie2003,6.126237869262695,6.126237869262695,6.126237869262695,6.126237869262695,6.126237869262695,3.8864765100671135,3.89,3.89,1.5762985099381226,1.574868346854163,0,0.0,0,0.0,0,0.0,298,1825.6188850402832,0,0.0,0,0.0,,,,,,,
static,model_static/summary_timeseries.csv,20,12.0,298,119200.0,1163.0774822875155,14.20121742195375,1163 ± 14.2,1136.41357421875,1211.7552490234375,1.940387676626244,0.0022496970965876,1.94 ± 0.00225,1.940000057220459,1.9574874639511108,0.3721090606572333,0.227557946985991,0.3721 ± 0.2276,0.0274833136904463,1.5032500055566438,393.0,0.0,393 ± 0,393.0,393.0,67.29708060962241,0.000860029222906,67.3 ± 0.00086,67.29510498046875,67.29889678955078,75.3416748046875,1,1,1,1,1:298,0,0,0.0,model_static,False,mckenzie2003,6.129426876170523,6.126237869262695,6.091578006744385,6.1957879066467285,6.1957879066467285,3.93,3.93,3.93,1.559650604623543,1.5588391524841465,0,0.0,0,0.0,0,0.0,298,1826.569209098816,0,0.0,0,0.0,,,,,,,
static,model_static/summary_timeseries.csv,20,11.9,298,119200.0,1163.0774822875155,14.20121742195375,1163 ± 14.2,1136.41357421875,1211.7552490234375,1.940387676626244,0.0022496970965876,1.94 ± 0.00225,1.940000057220459,1.9574874639511108,0.3721090606572333,0.227557946985991,0.3721 ± 0.2276,0.0274833136904463,1.5032500055566438,407.0,0.0,407 ± 0,407.0,407.0,68.78797198301994,0.0019762295426406,68.79 ± 0.001976,68.7818603515625,68.7920913696289,75.3416748046875,1,1,1,1,1:298,0,0,0.0,model_static,False,mckenzie2003,6.300451905935403,6.300686836242676,6.300686836242676,6.300686836242676,6.300686836242676,4.07,4.07,4.07,1.5480225813109096,1.5480803037451292,0,0.0,0,0.0,0,0.0,298,1877.53466796875,0,0.0,0,0.0,,,,,,,
static,model_static/summary_timeseries.csv,20,11.8,298,119200.0,1163.0774822875155,14.20121742195375,1163 ± 14.2,1136.41357421875,1211.7552490234375,1.940387676626244,0.0022496970965876,1.94 ± 0.00225,1.940000057220459,1.9574874639511108,0.3721090606572333,0.227557946985991,0.3721 ± 0.2276,0.0274833136904463,1.5032500055566438,412.0,0.0,412 ± 0,412.0,412.0,69.69026685881134,0.001505321756287,69.69 ± 0.001505,69.68685150146484,69.6936264038086,75.3416748046875,1,1,1,1,1:298,0,0,0.0,model_static,False,mckenzie2003,6.356373358092852,6.371000289916992,6.300686836242676,6.371000289916992,6.371000289916992,4.12,4.12,4.12,1.542809067498265,1.5463592936691728,0,0.0,0,0.0,0,0.0,298,1894.19926071167,0,0.0,0,0.0,,,,,,,
static,model_static/summary_timeseries.csv,20,11.7,298,119200.0,1163.0774822875155,14.20121742195375,1163 ± 14.2,1136.41357421875,1211.7552490234375,1.940387676626244,0.0022496970965876,1.94 ± 0.00225,1.940000057220459,1.9574874639511108,0.3721090606572333,0.227557946985991,0.3721 ± 0.2276,0.0274833136904463,1.5032500055566438,412.0,0.0,412 ± 0,412.0,412.0,70.63084921100796,0.0035552892839691,70.63 ± 0.003555,70.61759948730469,70.63380432128906,75.3416748046875,1,1,1,1,1:298,0,0,0.0,model_static,False,mckenzie2003,6.235100853363139,6.230677604675293,6.1957879066467285,6.371000289916992,6.371000289916992,4.12,4.12,4.12,1.5133739935347428,1.5123003894842943,0,0.0,0,0.0,0,0.0,298,1858.060054302216,0,0.0,0,0.0,,,,,,,
static,model_static/summary_timeseries.csv,20,11.6,298,119200.0,1163.0774822875155,14.20121742195375,1163 ± 14.2,1136.41357421875,1211.7552490234375,1.940387676626244,0.0022496970965876,1.94 ± 0.00225,1.940000057220459,1.9574874639511108,0.3721090606572333,0.227557946985991,0.3721 ± 0.2276,0.0274833136904463,1.5032500055566438,420.0,0.0,420 ± 0,420.0,420.0,69.91844753290982,0.0039616086067572,69.92 ± 0.003962,69.9129638671875,69.92697143554688,75.3416748046875,1,1,1,1,1:298,0,0,0.0,model_static,False,mckenzie2003,6.455571593854251,6.477041244506836,6.371000289916992,6.477041244506836,6.477041244506836,4.2,4.2,4.2,1.5370408556795836,1.5421526772635323,0,0.0,0,0.0,0,0.0,298,1923.760334968567,0,0.0,0,0.0,,,,,,,
static,model_static/summary_timeseries.csv,20,11.5,298,119200.0,1163.0774822875155,14.20121742195375,1163 ± 14.2,1136.41357421875,1211.7552490234375,1.940387676626244,0.0022496970965876,1.94 ± 0.00225,1.940000057220459,1.9574874639511108,0.3721090606572333,0.227557946985991,0.3721 ± 0.2276,0.0274833136904463,1.5032500055566438,427.0,0.0,427 ± 0,427.0,427.0,73.9404312748237,0.0044420673638689,73.94 ± 0.004442,73.92516326904297,73.94540405273438,75.3416748046875,1,1,1,1,1:298,0,0,0.0,model_static,False,mckenzie2003,6.370712094658973,6.371000289916992,6.230677604675293,6.477041244506836,6.512539863586426,4.2700000000000005,4.2700000000000005,4.2700000000000005,1.4919700455875815,1.4920375386222462,0,0.0,0,0.0,0,0.0,298,1898.472204208374,0,0.0,0,0.0,,,,,,,
static,model_static/summary_timeseries.csv,20,11.4,298,119200.0,1163.0774822875155,14.20121742195375,1163 ± 14.2,1136.41357421875,1211.7552490234375,1.940387676626244,0.0022496970965876,1.94 ± 0.00225,1.940000057220459,1.9574874639511108,0.3721090606572333,0.227557946985991,0.3721 ± 0.2276,0.0274833136904463,1.5032500055566438,434.1140939597315,0.3179253498611278,434.1 ± 0.3179,434.0,435.0,72.29382385663538,0.0141521487418474,72.29 ± 0.01415,72.28083038330078,72.33525085449219,75.3416748046875,1,1,1,1,1:298,0,0,0.0,model_static,False,mckenzie2003,6.509837363390314,6.512539863586426,6.477041244506836,6.58376407623291,6.58376407623291,4.341140939597316,4.34,4.3500000000000005,1.4995647673970105,1.5005852220245222,0,0.0,0,0.0,0,0.0,298,1939.9315342903135,0,0.0,0,0.0,,,,,,,
static,model_static/summary_timeseries.csv,20,11.3,298,119200.0,1163.0774822875155,14.20121742195375,1163 ± 14.2,1136.41357421875,1211.7552490234375,1.940387676626244,0.0022496970965876,1.94 ± 0.00225,1.940000057220459,1.9574874639511108,0.3721090606572333,0.227557946985991,0.3721 ± 0.2276,0.0274833136904463,1.5032500055566438,433.0,0.0,433 ± 0,433.0,433.0,71.60035242170295,0.0036908845765884,71.6 ± 0.003691,71.5866470336914,71.6034164428711,75.3416748046875,1,1,1,1,1:298,0,0,0.0,model_static,False,mckenzie2003,6.414210612341861,6.406271457672119,6.371000289916992,6.58376407623291,6.58376407623291,4.329999999999999,4.33,4.33,1.481341942804125,1.479508419785709,0,0.0,0,0.0,0,0.0,298,1911.4347624778748,0,0.0,0,0.0,,,,,,,
static,model_static/summary_timeseries.csv,20,11.2,298,119200.0,1163.0774822875155,14.20121742195375,1163 ± 14.2,1136.41357421875,1211.7552490234375,1.940387676626244,0.0022496970965876,1.94 ± 0.00225,1.940000057220459,1.9574874639511108,0.3721090606572333,0.227557946985991,0.3721 ± 0.2276,0.0274833136904463,1.5032500055566438,440.7953020134228,0.403480756503243,440.8 ± 0.4035,440.0,441.0,74.51066143880755,0.0166755192293238,74.51 ± 0.01668,74.46138000488281,74.52543640136719,75.3416748046875,1,1,1,1,1:298,0,0,0.0,model_static,False,mckenzie2003,6.500072197626101,6.512539863586426,6.371000289916992,6.58376407623291,6.619489669799805,4.4079530201342285,4.41,4.41,1.474614364839263,1.4767664089765138,0,0.0,0,0.0,0,0.0,298,1937.021514892578,0,0.0,0,0.0,,,,,,,
static,model_static/summary_timeseries.csv,20,11.1,298,119200.0,1163.0774822875155,14.20121742195375,1163 ± 14.2,1136.41357421875,1211.7552490234375,1.940387676626244,0.0022496970965876,1.94 ± 0.00225,1.940000057220459,1.9574874639511108,0.3721090606572333,0.227557946985991,0.3721 ± 0.2276,0.0274833136904463,1.5032500055566438,438.9261744966443,0.2614867079030625,438.9 ± 0.2615,438.0,439.0,76.63265753112384,0.0130770265932049,76.63 ± 0.01308,76.5846176147461,76.6388168334961,75.3416748046875,1,1,1,1,1:298,0,0,0.0,model_static,False,mckenzie2003,6.6029456029802365,6.619489669799805,6.58376407623291,6.619489669799805,6.619489669799805,4.389261744966443,4.39,4.39,1.504341925597629,1.5078564168108897,0,0.0,0,0.0,0,0.0,298,1967.6777896881104,0,0.0,0,0.0,,,,,,,
static,model_static/summary_timeseries.csv,20,11.0,298,119200.0,1163.0774822875155,14.20121742195375,1163 ± 14.2,1136.41357421875,1211.7552490234375,1.940387676626244,0.0022496970965876,1.94 ± 0.00225,1.940000057220459,1.9574874639511108,0.3721090606572333,0.227557946985991,0.3721 ± 0.2276,0.0274833136904463,1.5032500055566438,443.0,0.0,443 ± 0,443.0,443.0,75.72748965064952,0.0011880434183616,75.73 ± 0.001188,75.72086334228516,75.73019409179688,75.3416748046875,1,1,1,1,1:298,0,0,0.0,model_static,False,mckenzie2003,6.632013788159262,6.619489669799805,6.58376407623291,6.691166877746582,6.691166877746582,4.43,4.43,4.43,1.497068575205251,1.4942414604514234,0,0.0,0,0.0,0,0.0,298,1976.34010887146,0,0.0,0,0.0,,,,,,,
static,model_static/summary_timeseries.csv,20,10.9,298,119200.0,1163.0774822875155,14.20121742195375,1163 ± 14.2,1136.41357421875,1211.7552490234375,1.940387676626244,0.0022496970965876,1.94 ± 0.00225,1.940000057220459,1.9574874639511108,0.3721090606572333,0.227557946985991,0.3721 ± 0.2276,0.0274833136904463,1.5032500055566438,441.6040268456376,0.4890587034157498,441.6 ± 0.4891,441.0,442.0,74.54286762211947,0.0218500358122533,74.54 ± 0.02185,74.51465606689453,74.56261444091797,75.3416748046875,1,1,1,1,1:298,0,0,0.0,model_static,False,mckenzie2003,6.5976904862679095,6.619489669799805,6.512539863586426,6.619489669799805,6.619489669799805,4.416040268456376,4.42,4.42,1.4940245451252434,1.497622097239775,0,0.0,0,0.0,0,0.0,298,1966.111764907837,0,0.0,0,0.0,,,,,,,
static,model_static/summary_timeseries.csv,20,10.8,298,119200.0,1163.0774822875155,14.20121742195375,1163 ± 14.2,1136.41357421875,1211.7552490234375,1.940387676626244,0.0022496970965876,1.94 ± 0.00225,1.940000057220459,1.9574874639511108,0.3721090606572333,0.227557946985991,0.3721 ± 0.2276,0.0274833136904463,1.5032500055566438,446.9832214765101,0.1284406658322459,447 ± 0.1284,446.0,447.0,74.78219386875229,0.0084392903306952,74.78 ± 0.008439,74.73194885253906,74.7937240600586,75.3416748046875,1,1,1,1,1:298,0,0,0.0,model_static,False,mckenzie2003,6.644267962282936,6.691166877746582,6.477041244506836,6.691166877746582,6.691166877746582,4.4698322147651,4.47,4.47,1.486469486674359,1.496905341777759,0,0.0,0,0.0,0,0.0,298,1979.991852760315,0,0.0,0,0.0,,,,,,,
static,model_static/summary_timeseries.csv,20,10.7,298,119200.0,1163.0774822875155,14.20121742195375,1163 ± 14.2,1136.41357421875,1211.7552490234375,1.940387676626244,0.0022496970965876,1.94 ± 0.00225,1.940000057220459,1.9574874639511108,0.3721090606572333,0.227557946985991,0.3721 ± 0.2276,0.0274833136904463,1.5032500055566438,441.1845637583893,0.3879432657986113,441.2 ± 0.3879,441.0,442.0,77.49072567728543,0.020820415332142,77.49 ± 0.02082,77.4735107421875,77.5429916381836,75.3416748046875,1,1,1,1,1:298,0,0,0.0,model_static,False,mckenzie2003,6.57958693472331,6.58376407623291,6.371000289916992,6.619489669799805,6.619489669799805,4.411845637583893,4.41,4.42,1.4913537485148485,1.4929170240890952,0,0.0,0,0.0,0,0.0,298,1960.7169065475464,0,0.0,0,0.0,,,,,,,
static,model_static/summary_timeseries.csv,20,10.6,298,119200.0,1163.0774822875155,14.20121742195375,1163 ± 14.2,1136.41357421875,1211.7552490234375,1.940387676626244,0.0022496970965876,1.94 ± 0.00225,1.940000057220459,1.9574874639511108,0.3721090606572333,0.227557946985991,0.3721 ± 0.2276,0.0274833136904463,1.5032500055566438,441.0,0.0,441 ± 0,441.0,441.0,73.96290178746985,0.001294400997133,73.96 ± 0.001294,73.95745086669922,73.96484375,75.3416748046875,1,1,1,1,1:298,0,0,0.0,model_static,False,mckenzie2003,6.446073820126936,6.477041244506836,6.371000289916992,6.512539863586426,6.512539863586426,4.409999999999999,4.41,4.41,1.4616947437929562,1.4687168354890785,0,0.0,0,0.0,0,0.0,298,1920.9299983978271,0,0.0,0,0.0,,,,,,,
static,model_static/summary_timeseries.csv,20,10.5,298,119200.0,1163.0774822875155,14.20121742195375,1163 ± 14.2,1136.41357421875,1211.7552490234375,1.940387676626244,0.0022496970965876,1.94 ± 0.00225,1.940000057220459,1.9574874639511108,0.3721090606572333,0.227557946985991,0.3721 ± 0.2276,0.0274833136904463,1.5032500055566438,441.9832214765101,0.1284406658322459,442 ± 0.1284,441.0,442.0,75.98992812393496,0.0060194852373719,75.99 ± 0.006019,75.94123840332031,75.99272155761719,75.3416748046875,1,1,1,1,1:298,0,0,0.0,model_static,False,mckenzie2003,6.496261198248639,6.512539863586426,6.406271457672119,6.58376407623291,6.58376407623291,4.419832214765101,4.42,4.42,1.4697977402082871,1.4734253085037163,0,0.0,0,0.0,0,0.0,298,1935.8858370780945,0,0.0,0,0.0,,,,,,,
static,model_static/summary_timeseries.csv,20,10.4,298,119200.0,1163.0774822875155,14.20121742195375,1163 ± 14.2,1136.41357421875,1211.7552490234375,1.940387676626244,0.0022496970965876,1.94 ± 0.00225,1.940000057220459,1.9574874639511108,0.3721090606572333,0.227557946985991,0.3721 ± 0.2276,0.0274833136904463,1.5032500055566438,430.496644295302,0.4999887391191724,430.5 ± 0.5,430.0,431.0,73.93455973887603,0.0220415746419965,73.93 ± 0.02204,73.89900970458984,73.95804595947266,75.3416748046875,1,1,1,1,1:298,0,0,0.0,model_static,False,mckenzie2003,6.399079002790003,6.406271457672119,6.371000289916992,6.477041244506836,6.512539863586426,4.30496644295302,4.3,4.3100000000000005,1.4864369368727022,1.4863738880909787,0,0.0,0,0.0,0,0.0,298,1906.925542831421,0,0.0,0,0.0,,,,,,,
static,model_static/summary_timeseries.csv,20,10.3,298,119200.0,1163.0774822875155,14.20121742195375,1163 ± 14.2,1136.41357421875,1211.7552490234375,1.940387676626244,0.0022496970965876,1.94 ± 0.00225,1.940000057220459,1.9574874639511108,0.3721090606572333,0.227557946985991,0.3721 ± 0.2276,0.0274833136904463,1.5032500055566438,436.0,0.0,436 ± 0,436.0,436.0,76.36141012819022,0.0023161286754109,76.36 ± 0.002316,76.35801696777344,76.36761474609375,75.3416748046875,1,1,1,1,1:298,0,0,0.0,model_static,False,mckenzie2003,6.562732184493302,6.58376407623291,6.512539863586426,6.58376407623291,6.58376407623291,4.36,4.36,4.36,1.5052138037828673,1.5100376321635114,0,0.0,0,0.0,0,0.0,298,1955.694190979004,0,0.0,0,0.0,,,,,,,
static,model_static/summary_timeseries.csv,20,10.2,298,119200.0,1163.0774822875155,14.20121742195375,1163 ± 14.2,1136.41357421875,1211.7552490234375,1.940387676626244,0.0022496970965876,1.94 ± 0.00225,1.940000057220459,1.9574874639511108,0.3721090606572333,0.227557946985991,0.3721 ± 0.2276,0.0274833136904463,1.5032500055566438,436.0,0.0,436 ± 0,436.0,436.0,79.27316340504076,0.0013012756647745,79.27 ± 0.001301,79.2620620727539,79.2750473022461,75.3416748046875,1,1,1,1,1:298,0,0,0.0,model_static,False,mckenzie2003,6.497336350831409,6.512539863586426,6.406271457672119,6.58376407623291,6.58376407623291,4.36,4.36,4.36,1.490214759365002,1.493701803574868,0,0.0,0,0.0,0,0.0,298,1936.20623254776,0,0.0,0,0.0,,,,,,,
static,model_static/summary_timeseries.csv,20,10.1,298,119200.0,1163.0774822875155,14.20121742195375,1163 ± 14.2,1136.41357421875,1211.7552490234375,1.940387676626244,0.0022496970965876,1.94 ± 0.00225,1.940000057220459,1.9574874639511108,0.3721090606572333,0.227557946985991,0.3721 ± 0.2276,0.0274833136904463,1.5032500055566438,437.0,0.0,437 ± 0,437.0,437.0,76.66134200640172,0.0018487578311766,76.66 ± 0.001849,76.65371704101562,76.66504669189453,75.3416748046875,1,1,1,1,1:298,0,0,0.0,model_static,False,mckenzie2003,6.577788890608205,6.58376407623291,6.512539863586426,6.58376407623291,6.58376407623291,4.37,4.37,4.37,1.5052148491094293,1.50658216847435,0,0.0,0,0.0,0,0.0,298,1960.181089401245,0,0.0,0,0.0,,,,,,,
static,model_static/summary_timeseries.csv,20,10.0,298,119200.0,1163.0774822875155,14.20121742195375,1163 ± 14.2,1136.41357421875,1211.7552490234375,1.940387676626244,0.0022496970965876,1.94 ± 0.00225,1.940000057220459,1.9574874639511108,0.3721090606572333,0.227557946985991,0.3721 ± 0.2276,0.0274833136904463,1.5032500055566438,434.9832214765101,0.1284406658322459,435 ± 0.1284,434.0,435.0,73.64363968612363,0.0074032654546276,73.64 ± 0.007403,73.59465789794922,73.65967559814453,75.3416748046875,1,1,1,1,1:298,0,0,0.0,model_static,False,mckenzie2003,6.572576474823408,6.58376407623291,6.491308927536011,6.58376407623291,6.58376407623291,4.349832214765102,4.3500000000000005,4.3500000000000005,1.510995379998259,1.513508983042048,0,0.0,0,0.0,0,0.0,298,1958.6277894973755,0,0.0,0,0.0,,,,,,,
static,model_static/summary_timeseries.csv,20,9.9,298,119200.0,1163.0774822875155,14.20121742195375,1163 ± 14.2,1136.41357421875,1211.7552490234375,1.940387676626244,0.0022496970965876,1.94 ± 0.00225,1.940000057220459,1.9574874639511108,0.3721090606572333,0.227557946985991,0.3721 ± 0.2276,0.0274833136904463,1.5032500055566438,439.996644295302,0.0578311675825976,440 ± 0.05783,439.0,440.0,76.54821313947639,0.0035594267991358,76.55 ± 0.003559,76.49720764160156,76.5530014038086,75.3416748046875,1,1,1,1,1:298,0,0,0.0,model_static,False,mckenzie2003,6.619489669799805,6.619489669799805,6.619489669799805,6.619489669799805,6.619489669799805,4.399966442953019,4.4,4.4,1.504440970229187,1.5044294704090464,0,0.0,0,0.0,0,0.0,298,1972.6079216003416,0,0.0,0,0.0,,,,,,,
static,model_static/summary_timeseries.csv,20,9.8,298,119200.0,1163.0774822875155,14.20121742195375,1163 ± 14.2,1136.41357421875,1211.7552490234375,1.940387676626244,0.0022496970965876,1.94 ± 0.00225,1.940000057220459,1.9574874639511108,0.3721090606572333,0.227557946985991,0.3721 ± 0.2276,0.0274833136904463,1.5032500055566438,439.0872483221477,0.2821986045856193,439.1 ± 0.2822,439.0,440.0,74.62531667107703,0.0126307075292932,74.63 ± 0.01263,74.6123275756836,74.66635131835938,75.3416748046875,1,1,1,1,1:298,0,0,0.0,model_static,False,mckenzie2003,6.524278647147569,6.512539863586426,6.477041244506836,6.58376407623291,6.58376407623291,4.390872483221477,4.39,4.4,1.4858708751169307,1.4834942741654729,0,0.0,0,0.0,0,0.0,298,1944.235036849976,0,0.0,0,0.0,,,,,,,
static,model_static/summary_timeseries.csv,20,9.7,298,119200.0,1163.0774822875155,14.20121742195375,1163 ± 14.2,1136.41357421875,1211.7552490234375,1.940387676626244,0.0022496970965876,1.94 ± 0.00225,1.940000057220459,1.9574874639511108,0.3721090606572333,0.227557946985991,0.3721 ± 0.2276,0.0274833136904463,1.5032500055566438,441.0,0.0,441 ± 0,441.0,441.0,79.14093521937428,0.0010919582203112,79.14 ± 0.001092,79.13109588623047,79.1425552368164,75.3416748046875,1,1,1,1,1:298,0,0,0.0,model_static,False,mckenzie2003,6.572438262453015,6.58376407623291,6.512539863586426,6.619489669799805,6.619489669799805,4.409999999999999,4.41,4.41,1.4903488123476225,1.4929170240890952,0,0.0,0,0.0,0,0.0,298,1958.5866022109983,0,0.0,0,0.0,,,,,,,
static,model_static/summary_timeseries.csv,20,9.6,298,119200.0,1163.0774822875155,14.20121742195375,1163 ± 14.2,1136.41357421875,1211.7552490234375,1.940387676626244,0.0022496970965876,1.94 ± 0.00225,1.940000057220459,1.9574874639511108,0.3721090606572333,0.227557946985991,0.3721 ± 0.2276,0.0274833136904463,1.5032500055566438,444.9463087248322,0.2254074580368679,444.9 ± 0.2254,444.0,445.0,79.91225604882976,0.0113791254715911,79.91 ± 0.01138,79.86445617675781,79.91793823242188,75.3416748046875,1,1,1,1,1:298,0,0,0.0,model_static,False,mckenzie2003,6.589797115965977,6.58376407623291,6.512539863586426,6.619489669799805,6.691166877746582,4.449463087248322,4.45,4.45,1.4810329227614418,1.4794975452208787,0,0.0,0,0.0,0,0.0,298,1963.759540557861,0,0.0,0,0.0,,,,,,,
static,model_static/summary_timeseries.csv,20,9.5,298,119200.0,1163.0774822875155,14.20121742195375,1163 ± 14.2,1136.41357421875,1211.7552490234375,1.940387676626244,0.0022496970965876,1.94 ± 0.00225,1.940000057220459,1.9574874639511108,0.3721090606572333,0.227557946985991,0.3721 ± 0.2276,0.0274833136904463,1.5032500055566438,435.0,0.0,435 ± 0,435.0,435.0,79.97820860587511,0.0033902787413215,79.98 ± 0.00339,79.9708251953125,79.9865951538086,75.3416748046875,1,1,1,1,1:298,0,0,0.0,model_static,False,mckenzie2003,6.563816476988312,6.58376407623291,6.477041244506836,6.58376407623291,6.58376407623291,4.3500000000000005,4.3500000000000005,4.3500000000000005,1.50892332804329,1.513508983042048,0,0.0,0,0.0,0,0.0,298,1956.017310142517,0,0.0,0,0.0,,,,,,,
static,model_static/summary_timeseries.csv,20,9.4,298,119200.0,1163.0774822875155,14.20121742195375,1163 ± 14.2,1136.41357421875,1211.7552490234375,1.940387676626244,0.0022496970965876,1.94 ± 0.00225,1.940000057220459,1.9574874639511108,0.3721090606572333,0.227557946985991,0.3721 ± 0.2276,0.0274833136904463,1.5032500055566438,442.9530201342282,0.2115957418850261,443 ± 0.2116,442.0,443.0,77.52709648593161,0.0114143972012665,77.53 ± 0.01141,77.47755432128906,77.53577423095703,75.3416748046875,1,1,1,1,1:298,0,0,0.0,model_static,False,mckenzie2003,6.568975320598423,6.58376407623291,6.512539863586426,6.619489669799805,6.619489669799805,4.429530201342282,4.43,4.43,1.4829973722314864,1.4861769923776322,0,0.0,0,0.0,0,0.0,298,1957.55464553833,0,0.0,0,0.0,,,,,,,
static,model_static/summary_timeseries.csv,20,9.3,298,119200.0,1163.0774822875155,14.20121742195375,1163 ± 14.2,1136.41357421875,1211.7552490234375,1.940387676626244,0.0022496970965876,1.94 ± 0.00225,1.940000057220459,1.9574874639511108,0.3721090606572333,0.227557946985991,0.3721 ± 0.2276,0.0274833136904463,1.5032500055566438,444.9127516778523,0.2821986045856193,444.9 ± 0.2822,444.0,445.0,76.39460127145652,0.0159322166345408,76.39 ± 0.01593,76.34508514404297,76.40739440917969,75.3416748046875,1,1,1,1,1:298,0,0,0.0,model_static,False,mckenzie2003,6.5825197072637165,6.512539863586426,6.477041244506836,6.691166877746582,6.691166877746582,4.449127516778524,4.45,4.45,1.4795122878633933,1.4634921041767248,0,0.0,0,0.0,0,0.0,298,1961.5908727645876,0,0.0,0,0.0,,,,,,,
static,model_static/summary_timeseries.csv,20,9.2,298,119200.0,1163.0774822875155,14.20121742195375,1163 ± 14.2,1136.41357421875,1211.7552490234375,1.940387676626244,0.0022496970965876,1.94 ± 0.00225,1.940000057220459,1.9574874639511108,0.3721090606572333,0.227557946985991,0.3721 ± 0.2276,0.0274833136904463,1.5032500055566438,448.993288590604,0.0816478191986338,449 ± 0.08165,448.0,449.0,77.03323041672675,0.0037122810626761,77.03 ± 0.003712,76.98917388916016,77.03558349609375,75.3416748046875,1,1,1,1,1:298,0,0,0.0,model_static,False,mckenzie2003,6.586685459085759,6.58376407623291,6.512539863586426,6.619489669799805,6.691166877746582,4.4899328859060414,4.49,4.49,1.466989418820537,1.4663171661988663,0,0.0,0,0.0,0,0.0,298,1962.832266807556,0,0.0,0,0.0,,,,,,,
static,model_static/summary_timeseries.csv,20,9.1,298,119200.0,1163.0774822875155,14.20121742195375,1163 ± 14.2,1136.41357421875,1211.7552490234375,1.940387676626244,0.0022496970965876,1.94 ± 0.00225,1.940000057220459,1.9574874639511108,0.3721090606572333,0.227557946985991,0.3721 ± 0.2276,0.0274833136904463,1.5032500055566438,448.9060402684564,0.291772686164888,448.9 ± 0.2918,448.0,449.0,78.04057698601844,0.0142529980611312,78.04 ± 0.01425,77.99512481689453,78.04731750488281,75.3416748046875,1,1,1,1,1:298,0,0,0.0,model_static,False,mckenzie2003,6.603674021343257,6.619489669799805,6.58376407623291,6.619489669799805,6.691166877746582,4.489060402684564,4.49,4.49,1.471059999696311,1.474273868552295,0,0.0,0,0.0,0,0.0,298,1967.8948583602903,0,0.0,0,0.0,,,,,,,
static,model_static/summary_timeseries.csv,20,9.0,298,119200.0,1163.0774822875155,14.20121742195375,1163 ± 14.2,1136.41357421875,1211.7552490234375,1.940387676626244,0.0022496970965876,1.94 ± 0.00225,1.940000057220459,1.9574874639511108,0.3721090606572333,0.227557946985991,0.3721 ± 0.2276,0.0274833136904463,1.5032500055566438,444.1711409395973,0.3766320729718374,444.2 ± 0.3766,444.0,445.0,79.33253432920316,0.0187289044399235,79.33 ± 0.01873,79.32159423828125,79.37466430664062,75.3416748046875,1,1,1,1,1:298,0,0,0.0,model_static,False,mckenzie2003,6.561298139943372,6.58376407623291,6.512539863586426,6.58376407623291,6.58376407623291,4.441711409395974,4.44,4.45,1.4772057445507547,1.482829746899304,0,0.0,0,0.0,0,0.0,298,1955.266845703125,0,0.0,0,0.0,,,,,,,
static,model_static/summary_timeseries.csv,20,8.9,298,119200.0,1163.0774822875155,14.20121742195375,1163 ± 14.2,1136.41357421875,1211.7552490234375,1.940387676626244,0.0022496970965876,1.94 ± 0.00225,1.940000057220459,1.9574874639511108,0.3721090606572333,0.227557946985991,0.3721 ± 0.2276,0.0274833136904463,1.5032500055566438,433.0,0.0,433 ± 0,433.0,433.0,74.91018466821453,0.0008053697016993,74.91 ± 0.0008054,74.908447265625,74.91165924072266,75.3416748046875,1,1,1,1,1:298,0,0,0.0,model_static,False,mckenzie2003,6.497925103910817,6.512539863586426,6.406271457672119,6.58376407623291,6.58376407623291,4.329999999999999,4.33,4.33,1.500675543628364,1.5040507768097982,0,0.0,0,0.0,0,0.0,298,1936.381680965424,0,0.0,0,0.0,,,,,,,
static,model_static/summary_timeseries.csv,20,8.8,298,119200.0,1163.0774822875155,14.20121742195375,1163 ± 14.2,1136.41357421875,1211.7552490234375,1.940387676626244,0.0022496970965876,1.94 ± 0.00225,1.940000057220459,1.9574874639511108,0.3721090606572333,0.227557946985991,0.3721 ± 0.2276,0.0274833136904463,1.5032500055566438,431.0,0.0,431 ± 0,431.0,431.0,74.98565420368374,0.0032708904536383,74.99 ± 0.003271,74.98193359375,74.99689483642578,75.3416748046875,1,1,1,1,1:298,0,0,0.0,model_static,False,mckenzie2003,6.496372734940292,6.512539863586426,6.371000289916992,6.512539863586426,6.512539863586426,4.310000000000002,4.3100000000000005,4.3100000000000005,1.507279056830694,1.5110301307625116,0,0.0,0,0.0,0,0.0,298,1935.919075012207,0,0.0,0,0.0,,,,,,,
static,model_static/summary_timeseries.csv,20,8.7,298,119200.0,1163.0774822875155,14.20121742195375,1163 ± 14.2,1136.41357421875,1211.7552490234375,1.940387676626244,0.0022496970965876,1.94 ± 0.00225,1.940000057220459,1.9574874639511108,0.3721090606572333,0.227557946985991,0.3721 ± 0.2276,0.0274833136904463,1.5032500055566438,443.0,0.0,443 ± 0,443.0,443.0,77.45202106757452,0.0028831373885861,77.45 ± 0.002883,77.44325256347656,77.45556640625,75.3416748046875,1,1,1,1,1:298,0,0,0.0,model_static,False,mckenzie2003,6.544223961414107,6.512539863586426,6.477041244506836,6.619489669799805,6.619489669799805,4.43,4.43,4.43,1.4772514585584895,1.4700992920059652,0,0.0,0,0.0,0,0.0,298,1950.178740501404,0,0.0,0,0.0,,,,,,,
static,model_static/summary_timeseries.csv,20,8.6,298,119200.0,1163.0774822875155,14.20121742195375,1163 ± 14.2,1136.41357421875,1211.7552490234375,1.940387676626244,0.0022496970965876,1.94 ± 0.00225,1.940000057220459,1.9574874639511108,0.3721090606572333,0.227557946985991,0.3721 ± 0.2276,0.0274833136904463,1.5032500055566438,439.1946308724832,0.395916273926245,439.2 ± 0.3959,439.0,440.0,78.4162046701316,0.0177818220313583,78.42 ± 0.01778,78.40589904785156,78.45327758789062,75.3416748046875,1,1,1,1,1:298,0,0,0.0,model_static,False,mckenzie2003,6.588471563070413,6.58376407623291,6.512539863586426,6.619489669799805,6.619489669799805,4.391946308724833,4.39,4.4,1.5001237992861642,1.4997184683901847,0,0.0,0,0.0,0,0.0,298,1963.364525794983,0,0.0,0,0.0,,,,,,,
static,model_static/summary_timeseries.csv,20,8.5,298,119200.0,1163.0774822875155,14.20121742195375,1163 ± 14.2,1136.41357421875,1211.7552490234375,1.940387676626244,0.0022496970965876,1.94 ± 0.00225,1.940000057220459,1.9574874639511108,0.3721090606572333,0.227557946985991,0.3721 ± 0.2276,0.0274833136904463,1.5032500055566438,441.0,0.0,441 ± 0,441.0,441.0,79.60997833661585,0.0012274157585483,79.61 ± 0.001227,79.60508728027344,79.6119384765625,75.3416748046875,1,1,1,1,1:298,0,0,0.0,model_static,False,mckenzie2003,6.51221905618706,6.512539863586426,6.477041244506836,6.58376407623291,6.58376407623291,4.409999999999999,4.41,4.41,1.476693663534481,1.4767664089765138,0,0.0,0,0.0,0,0.0,298,1940.641278743744,0,0.0,0,0.0,,,,,,,
static,model_static/summary_timeseries.csv,20,8.4,298,119200.0,1163.0774822875155,14.20121742195375,1163 ± 14.2,1136.41357421875,1211.7552490234375,1.940387676626244,0.0022496970965876,1.94 ± 0.00225,1.940000057220459,1.9574874639511108,0.3721090606572333,0.227557946985991,0.3721 ± 0.2276,0.0274833136904463,1.5032500055566438,446.993288590604,0.0816478191986338,447 ± 0.08165,446.0,447.0,80.4969180830373,0.0037859178842233,80.5 ± 0.003786,80.45159149169922,80.49887084960938,75.3416748046875,1,1,1,1,1:298,0,0,0.0,model_static,False,mckenzie2003,6.627584902232125,6.619489669799805,6.58376407623291,6.691166877746582,6.691166877746582,4.469932885906039,4.47,4.47,1.482703110280174,1.4808701722147215,0,0.0,0,0.0,0,0.0,298,1975.020300865173,0,0.0,0,0.0,,,,,,,
static,model_static/summary_timeseries.csv,20,8.3,298,119200.0,1163.0774822875155,14.20121742195375,1163 ± 14.2,1136.41357421875,1211.7552490234375,1.940387676626244,0.0022496970965876,1.94 ± 0.00225,1.940000057220459,1.9574874639511108,0.3721090606572333,0.227557946985991,0.3721 ± 0.2276,0.0274833136904463,1.5032500055566438,441.0,0.0,441 ± 0,441.0,441.0,78.58250726789436,0.0053527491238957,78.58 ± 0.005353,78.57156372070312,78.58753967285156,75.3416748046875,1,1,1,1,1:298,0,0,0.0,model_static,False,mckenzie2003,6.49628004771751,6.477041244506836,6.406271457672119,6.619489669799805,6.619489669799805,4.409999999999999,4.41,4.41,1.4730793758996623,1.4687168354890785,0,0.0,0,0.0,0,0.0,298,1935.891454219818,0,0.0,0,0.0,,,,,,,
static,model_static/summary_timeseries.csv,20,8.2,298,119200.0,1163.0774822875155,14.20121742195375,1163 ± 14.2,1136.41357421875,1211.7552490234375,1.940387676626244,0.0022496970965876,1.94 ± 0.00225,1.940000057220459,1.9574874639511108,0.3721090606572333,0.227557946985991,0.3721 ± 0.2276,0.0274833136904463,1.5032500055566438,441.0,0.0,441 ± 0,441.0,441.0,79.9455695952345,0.0014769074731337,79.95 ± 0.001477,79.93186950683594,79.94735717773438,75.3416748046875,1,1,1,1,1:298,0,0,0.0,model_static,False,mckenzie2003,6.476967147532726,6.477041244506836,6.406271457672119,6.512539863586426,6.619489669799805,4.409999999999999,4.41,4.41,1.468700033454133,1.4687168354890785,0,0.0,0,0.0,0,0.0,298,1930.136209964752,0,0.0,0,0.0,,,,,,,
static,model_static/summary_timeseries.csv,20,8.1,298,119200.0,1163.0774822875155,14.20121742195375,1163 ± 14.2,1136.41357421875,1211.7552490234375,1.940387676626244,0.0022496970965876,1.94 ± 0.00225,1.940000057220459,1.9574874639511108,0.3721090606572333,0.227557946985991,0.3721 ± 0.2276,0.0274833136904463,1.5032500055566438,440.0771812080537,0.2668787537011219,440.1 ± 0.2669,440.0,441.0,79.61607819115555,0.0141710065076526,79.62 ± 0.01417,79.6046142578125,79.6697006225586,75.3416748046875,1,1,1,1,1:298,0,0,0.0,model_static,False,mckenzie2003,6.540578384527424,6.58376407623291,6.477041244506836,6.619489669799805,6.619489669799805,4.400771812080537,4.4,4.41,1.4862371477606464,1.4963100173256614,0,0.0,0,0.0,0,0.0,298,1949.0923585891724,0,0.0,0,0.0,,,,,,,
static,model_static/summary_timeseries.csv,20,8.0,298,119200.0,1163.0774822875155,14.20121742195375,1163 ± 14.2,1136.41357421875,1211.7552490234375,1.940387676626244,0.0022496970965876,1.94 ± 0.00225,1.940000057220459,1.9574874639511108,0.3721090606572333,0.227557946985991,0.3721 ± 0.2276,0.0274833136904463,1.5032500055566438,449.755033557047,0.4300673026166542,449.8 ± 0.4301,449.0,450.0,80.58612613549968,0.0192336859296991,80.59 ± 0.01923,80.5390853881836,80.59869384765625,75.3416748046875,1,1,1,1,1:298,0,0,0.0,model_static,False,mckenzie2003,6.530369140957826,6.512539863586426,6.477041244506836,6.58376407623291,6.691166877746582,4.49755033557047,4.5,4.5,1.451980312589475,1.4472310807969837,0,0.0,0,0.0,0,0.0,298,1946.050004005432,0,0.0,0,0.0,,,,,,,
static,model_static/summary_timeseries.csv,20,7.9,298,119200.0,1163.0774822875155,14.20121742195375,1163 ± 14.2,1136.41357421875,1211.7552490234375,1.940387676626244,0.0022496970965876,1.94 ± 0.00225,1.940000057220459,1.9574874639511108,0.3721090606572333,0.227557946985991,0.3721 ± 0.2276,0.0274833136904463,1.5032500055566438,449.9395973154362,0.2382314006617295,449.9 ± 0.2382,449.0,450.0,82.71262185525575,0.0106065087006453,82.71 ± 0.01061,82.67036437988281,82.71693420410156,75.3416748046875,1,1,1,1,1:298,0,0,0.0,model_static,False,mckenzie2003,6.53287987100998,6.512539863586426,6.477041244506836,6.58376407623291,6.619489669799805,4.499395973154363,4.5,4.5,1.4519444779993405,1.4472310807969837,0,0.0,0,0.0,0,0.0,298,1946.798201560974,0,0.0,0,0.0,,,,,,,
static,model_static/summary_timeseries.csv,20,7.8,298,119200.0,1163.0774822875155,14.20121742195375,1163 ± 14.2,1136.41357421875,1211.7552490234375,1.940387676626244,0.0022496970965876,1.94 ± 0.00225,1.940000057220459,1.9574874639511108,0.3721090606572333,0.227557946985991,0.3721 ± 0.2276,0.0274833136904463,1.5032500055566438,447.38926174496646,0.487582853340971,447.4 ± 0.4876,447.0,448.0,83.20938796485031,0.0219751582091117,83.21 ± 0.02198,83.18128204345703,83.23809814453125,75.3416748046875,1,1,1,1,1:298,0,0,0.0,model_static,False,mckenzie2003,6.472573333138588,6.477041244506836,6.406271457672119,6.512539863586426,6.619489669799805,4.473892617449664,4.47,4.48,1.4467390843683283,1.4490025155496278,0,0.0,0,0.0,0,0.0,298,1928.826853275299,0,0.0,0,0.0,,,,,,,
static,model_static/summary_timeseries.csv,20,7.7,298,119200.0,1163.0774822875155,14.20121742195375,1163 ± 14.2,1136.41357421875,1211.7552490234375,1.940387676626244,0.0022496970965876,1.94 ± 0.00225,1.940000057220459,1.9574874639511108,0.3721090606572333,0.227557946985991,0.3721 ± 0.2276,0.0274833136904463,1.5032500055566438,448.0,0.0,448 ± 0,448.0,448.0,80.75469776127963,0.0008358740491309,80.75 ± 0.0008359,80.7529067993164,80.7567138671875,75.3416748046875,1,1,1,1,1:298,0,0,0.0,model_static,False,mckenzie2003,6.645484095451816,6.619489669799805,6.58376407623291,6.691166877746582,6.691166877746582,4.480000000000001,4.48,4.48,1.4833669855919231,1.4775646584374562,0,0.0,0,0.0,0,0.0,298,1980.354260444641,0,0.0,0,0.0,,,,,,,
static,model_static/summary_timeseries.csv,20,7.6,298,119200.0,1163.0774822875155,14.20121742195375,1163 ± 14.2,1136.41357421875,1211.7552490234375,1.940387676626244,0.0022496970965876,1.94 ± 0.00225,1.940000057220459,1.9574874639511108,0.3721090606572333,0.227557946985991,0.3721 ± 0.2276,0.0274833136904463,1.5032500055566438,447.4127516778523,0.4923288842658124,447.4 ± 0.4923,447.0,448.0,83.05100603551672,0.0223798913500398,83.05 ± 0.02238,83.02347564697266,83.07910919189453,75.3416748046875,1,1,1,1,1:298,0,0,0.0,model_static,False,mckenzie2003,6.507075444163892,6.512539863586426,6.477041244506836,6.58376407623291,6.58376407623291,4.474127516778523,4.47,4.48,1.454377234191946,1.4536919338362555,0,0.0,0,0.0,0,0.0,298,1939.10848236084,0,0.0,0,0.0,,,,,,,
static,model_static/summary_timeseries.csv,20,7.5,298,119200.0,1163.0774822875155,14.20121742195375,1163 ± 14.2,1136.41357421875,1211.7552490234375,1.940387676626244,0.0022496970965876,1.94 ± 0.00225,1.940000057220459,1.9574874639511108,0.3721090606572333,0.227557946985991,0.3721 ± 0.2276,0.0274833136904463,1.5032500055566438,446.0,0.0,446 ± 0,446.0,446.0,81.24094762098069,0.0018121760863538,81.24 ± 0.001812,81.23857116699219,81.24626159667969,75.3416748046875,1,1,1,1,1:298,0,0,0.0,model_static,False,mckenzie2003,6.65774720467177,6.691166877746582,6.58376407623291,6.691166877746582,6.691166877746582,4.46,4.46,4.46,1.4927684315407557,1.5002616317817448,0,0.0,0,0.0,0,0.0,298,1984.0086669921875,0,0.0,0,0.0,,,,,,,
static,model_static/summary_timeseries.csv,20,7.4,298,119200.0,1163.0774822875155,14.20121742195375,1163 ± 14.2,1136.41357421875,1211.7552490234375,1.940387676626244,0.0022496970965876,1.94 ± 0.00225,1.940000057220459,1.9574874639511108,0.3721090606572333,0.227557946985991,0.3721 ± 0.2276,0.0274833136904463,1.5032500055566438,449.993288590604,0.0816478191986338,450 ± 0.08165,449.0,450.0,82.13017756826926,0.0050115042975958,82.13 ± 0.005012,82.08234405517578,82.13590240478516,75.3416748046875,1,1,1,1,1:298,0,0,0.0,model_static,False,mckenzie2003,6.614486374310999,6.619489669799805,6.58376407623291,6.691166877746582,6.691166877746582,4.49993288590604,4.5,4.5,1.4699077299686814,1.4709977043999567,0,0.0,0,0.0,0,0.0,298,1971.1169395446775,0,0.0,0,0.0,,,,,,,
static,model_static/summary_timeseries.csv,20,7.3,298,119200.0,1163.0774822875155,14.20121742195375,1163 ± 14.2,1136.41357421875,1211.7552490234375,1.940387676626244,0.0022496970965876,1.94 ± 0.00225,1.940000057220459,1.9574874639511108,0.3721090606572333,0.227557946985991,0.3721 ± 0.2276,0.0274833136904463,1.5032500055566438,452.0,0.0,452 ± 0,452.0,452.0,83.91374698101274,0.0012522319085839,83.91 ± 0.001252,83.90216827392578,83.915283203125,75.3416748046875,1,1,1,1,1:298,0,0,0.0,model_static,False,mckenzie2003,6.634787818729477,6.619489669799805,6.58376407623291,6.691166877746582,6.727118492126465,4.5200000000000005,4.5200000000000005,4.5200000000000005,1.4678734112233358,1.4644888649999566,0,0.0,0,0.0,0,0.0,298,1977.1667699813845,0,0.0,0,0.0,,,,,,,
static,model_static/summary_timeseries.csv,20,7.2,298,119200.0,1163.0774822875155,14.20121742195375,1163 ± 14.2,1136.41357421875,1211.7552490234375,1.940387676626244,0.0022496970965876,1.94 ± 0.00225,1.940000057220459,1.9574874639511108,0.3721090606572333,0.227557946985991,0.3721 ± 0.2276,0.0274833136904463,1.5032500055566438,452.9060402684564,0.291772686164888,452.9 ± 0.2918,452.0,453.0,82.71526024325583,0.0139393826295206,82.72 ± 0.01394,82.67170715332031,82.7263412475586,75.3416748046875,1,1,1,1,1:298,0,0,0.0,model_static,False,mckenzie2003,6.660321661289906,6.691166877746582,6.58376407623291,6.727118492126465,6.727118492126465,4.529060402684564,4.53,4.53,1.4705734421134555,1.4770787809595105,0,0.0,0,0.0,0,0.0,298,1984.775855064392,0,0.0,0,0.0,,,,,,,
static,model_static/summary_timeseries.csv,20,7.1,298,119200.0,1163.0774822875155,14.20121742195375,1163 ± 14.2,1136.41357421875,1211.7552490234375,1.940387676626244,0.0022496970965876,1.94 ± 0.00225,1.940000057220459,1.9574874639511108,0.3721090606572333,0.227557946985991,0.3721 ± 0.2276,0.0274833136904463,1.5032500055566438,453.9295302013423,0.2559371136331321,453.9 ± 0.2559,453.0,454.0,84.63129343122444,0.0115677805840196,84.63 ± 0.01157,84.5783462524414,84.63653564453125,75.3416748046875,1,1,1,1,1:298,0,0,0.0,model_static,False,mckenzie2003,6.6151116422358776,6.619489669799805,6.512539863586426,6.691166877746582,6.727118492126465,4.539295302013423,4.54,4.54,1.457297016676994,1.4580373722026,0,0.0,0,0.0,0,0.0,298,1971.3032693862915,0,0.0,0,0.0,,,,,,,
static,model_static/summary_timeseries.csv,20,7.0,298,119200.0,1163.0774822875155,14.20121742195375,1163 ± 14.2,1136.41357421875,1211.7552490234375,1.940387676626244,0.0022496970965876,1.94 ± 0.00225,1.940000057220459,1.9574874639511108,0.3721090606572333,0.227557946985991,0.3721 ± 0.2276,0.0274833136904463,1.5032500055566438,454.0,0.0,454 ± 0,454.0,454.0,83.50216746490274,0.0014913894007288,83.5 ± 0.001491,83.49939727783203,83.50592041015625,75.3416748046875,1,1,1,1,1:298,0,0,0.0,model_static,False,mckenzie2003,6.71481897366927,6.727118492126465,6.691166877746582,6.727118492126465,6.727118492126465,4.54,4.54,4.54,1.4790350162267112,1.4817441612613358,0,0.0,0,0.0,0,0.0,298,2001.0160541534424,0,0.0,0,0.0,,,,,,,
static,model_static/summary_timeseries.csv,20,6.9,298,119200.0,1163.0774822875155,14.20121742195375,1163 ± 14.2,1136.41357421875,1211.7552490234375,1.940387676626244,0.0022496970965876,1.94 ± 0.00225,1.940000057220459,1.9574874639511108,0.3721090606572333,0.227557946985991,0.3721 ± 0.2276,0.0274833136904463,1.5032500055566438,451.48993288590606,0.4998986429405658,451.5 ± 0.4999,451.0,452.0,83.2379207483074,0.025892351669852,83.24 ± 0.02589,83.2056884765625,83.2660903930664,75.3416748046875,1,1,1,1,1:298,0,0,0.0,model_static,False,mckenzie2003,6.567768580161485,6.512539863586426,6.477041244506836,6.727118492126465,6.727118492126465,4.514899328859061,4.51,4.5200000000000005,1.4546993043842154,1.4408274034483242,0,0.0,0,0.0,0,0.0,298,1957.1950368881223,0,0.0,0,0.0,,,,,,,
static,model_static/summary_timeseries.csv,20,6.8,298,119200.0,1163.0774822875155,14.20121742195375,1163 ± 14.2,1136.41357421875,1211.7552490234375,1.940387676626244,0.0022496970965876,1.94 ± 0.00225,1.940000057220459,1.9574874639511108,0.3721090606572333,0.227557946985991,0.3721 ± 0.2276,0.0274833136904463,1.5032500055566438,451.9060402684564,0.291772686164888,451.9 ± 0.2918,451.0,452.0,81.31530690033163,0.0148351535785229,81.32 ± 0.01484,81.25785827636719,81.32194519042969,75.3416748046875,1,1,1,1,1:298,0,0,0.0,model_static,False,mckenzie2003,6.511514206060627,6.512539863586426,6.477041244506836,6.58376407623291,6.727118492126465,4.519060402684564,4.5200000000000005,4.5200000000000005,1.4409030142977275,1.4408274034483242,0,0.0,0,0.0,0,0.0,298,1940.431233406067,0,0.0,0,0.0,,,,,,,
static,model_static/summary_timeseries.csv,20,6.7,298,119200.0,1163.0774822875155,14.20121742195375,1163 ± 14.2,1136.41357421875,1211.7552490234375,1.940387676626244,0.0022496970965876,1.94 ± 0.00225,1.940000057220459,1.9574874639511108,0.3721090606572333,0.227557946985991,0.3721 ± 0.2276,0.0274833136904463,1.5032500055566438,457.4026845637584,0.490438279367654,457.4 ± 0.4904,457.0,458.0,84.70242831851012,0.0232453703295616,84.7 ± 0.02325,84.67717742919922,84.73922729492188,75.3416748046875,1,1,1,1,1:298,0,0,0.0,model_static,False,mckenzie2003,6.713075252187332,6.727118492126465,6.58376407623291,6.7992472648620605,6.7992472648620605,4.574026845637584,4.57,4.58,1.4676519491067042,1.468803164219752,0,0.0,0,0.0,0,0.0,298,2000.496425151825,0,0.0,0,0.0,,,,,,,
static,model_static/summary_timeseries.csv,20,6.6,298,119200.0,1163.0774822875155,14.20121742195375,1163 ± 14.2,1136.41357421875,1211.7552490234375,1.940387676626244,0.0022496970965876,1.94 ± 0.00225,1.940000057220459,1.9574874639511108,0.3721090606572333,0.227557946985991,0.3721 ± 0.2276,0.0274833136904463,1.5032500055566438,455.993288590604,0.0816478191986338,456 ± 0.08165,455.0,456.0,85.37118279373885,0.0038311868378713,85.37 ± 0.003831,85.3265151977539,85.37567138671875,75.3416748046875,1,1,1,1,1:298,0,0,0.0,model_static,False,mckenzie2003,6.689519590979455,6.691166877746582,6.619489669799805,6.727118492126465,6.727118492126465,4.559932885906042,4.5600000000000005,4.5600000000000005,1.4670212069750015,1.467361157400566,0,0.0,0,0.0,0,0.0,298,1993.4768381118772,0,0.0,0,0.0,,,,,,,
static,model_static/summary_timeseries.csv,20,6.5,298,119200.0,1163.0774822875155,14.20121742195375,1163 ± 14.2,1136.41357421875,1211.7552490234375,1.940387676626244,0.0022496970965876,1.94 ± 0.00225,1.940000057220459,1.9574874639511108,0.3721090606572333,0.227557946985991,0.3721 ± 0.2276,0.0274833136904463,1.5032500055566438,458.9597315436242,0.1965881679983464,459 ± 0.1966,458.0,459.0,83.82574680507584,0.0095980697955675,83.83 ± 0.009598,83.77886962890625,83.83132934570312,75.3416748046875,1,1,1,1,1:298,0,0,0.0,model_static,False,mckenzie2003,6.798763179139003,6.7992472648620605,6.7992472648620605,6.7992472648620605,6.7992472648620605,4.589597315436242,4.59,4.59,1.4813420323048083,1.4813174868980523,0,0.0,0,0.0,0,0.0,298,2026.0314273834229,0,0.0,0,0.0,,,,,,,
static,model_static/summary_timeseries.csv,20,6.4,298,119200.0,1163.0774822875155,14.20121742195375,1163 ± 14.2,1136.41357421875,1211.7552490234375,1.940387676626244,0.0022496970965876,1.94 ± 0.00225,1.940000057220459,1.9574874639511108,0.3721090606572333,0.227557946985991,0.3721 ± 0.2276,0.0274833136904463,1.5032500055566438,454.0,0.0,454 ± 0,454.0,454.0,85.7628501021622,0.0012303763693341,85.76 ± 0.00123,85.75776672363281,85.76551818847656,75.3416748046875,1,1,1,1,1:298,0,0,0.0,model_static,False,mckenzie2003,6.713131488569631,6.727118492126465,6.691166877746582,6.727118492126465,6.727118492126465,4.54,4.54,4.54,1.478663323473487,1.4817441612613358,0,0.0,0,0.0,0,0.0,298,2000.51318359375,0,0.0,0,0.0,,,,,,,
static,model_static/summary_timeseries.csv,20,6.3,298,119200.0,1163.0774822875155,14.20121742195375,1163 ± 14.2,1136.41357421875,1211.7552490234375,1.940387676626244,0.0022496970965876,1.94 ± 0.00225,1.940000057220459,1.9574874639511108,0.3721090606572333,0.227557946985991,0.3721 ± 0.2276,0.0274833136904463,1.5032500055566438,458.71140939597313,0.4531071256273355,458.7 ± 0.4531,458.0,459.0,80.37077357144963,0.0215238183405245,80.37 ± 0.02152,80.33354187011719,80.38719940185547,75.3416748046875,1,1,1,1,1:298,0,0,0.0,model_static,False,mckenzie2003,6.799005222000532,6.7992472648620605,6.7992472648620605,6.7992472648620605,6.7992472648620605,4.587114093959731,4.59,4.59,1.482198032797936,1.4813174868980523,0,0.0,0,0.0,0,0.0,298,2026.1035561561584,0,0.0,0,0.0,,,,,,,
static,model_static/summary_timeseries.csv,20,6.2,298,119200.0,1163.0774822875155,14.20121742195375,1163 ± 14.2,1136.41357421875,1211.7552490234375,1.940387676626244,0.0022496970965876,1.94 ± 0.00225,1.940000057220459,1.9574874639511108,0.3721090606572333,0.227557946985991,0.3721 ± 0.2276,0.0274833136904463,1.5032500055566438,460.0,0.0,460 ± 0,460.0,460.0,83.20734743463913,0.0030501338788804,83.21 ± 0.00305,83.1997299194336,83.21295166015625,75.3416748046875,1,1,1,1,1:298,0,0,0.0,model_static,False,mckenzie2003,6.779399750216696,6.7992472648620605,6.727118492126465,6.7992472648620605,6.7992472648620605,4.6000000000000005,4.6000000000000005,4.6000000000000005,1.4737825543949337,1.4780972314917522,0,0.0,0,0.0,0,0.0,298,2020.2611255645752,0,0.0,0,0.0,,,,,,,
static,model_static/summary_timeseries.csv,20,6.1,298,119200.0,1163.0774822875155,14.20121742195375,1163 ± 14.2,1136.41357421875,1211.7552490234375,1.940387676626244,0.0022496970965876,1.94 ± 0.00225,1.940000057220459,1.9574874639511108,0.3721090606572333,0.227557946985991,0.3721 ± 0.2276,0.0274833136904463,1.5032500055566438,463.6677852348993,0.4710075529646813,463.7 ± 0.471,463.0,464.0,87.34761247058843,0.022550060380535,87.35 ± 0.02255,87.30596923828125,87.36478424072266,75.3416748046875,1,1,1,1,1:298,0,0,0.0,model_static,False,mckenzie2003,6.733366319797183,6.727118492126465,6.691166877746582,6.871675968170166,6.871675968170166,4.636677852348994,4.64,4.64,1.4521994287720246,1.4498100198548416,0,0.0,0,0.0,0,0.0,298,2006.5431632995603,0,0.0,0,0.0,,,,,,,
static,model_static/summary_timeseries.csv,20,6.0,298,119200.0,1163.0774822875155,14.20121742195375,1163 ± 14.2,1136.41357421875,1211.7552490234375,1.940387676626244,0.0022496970965876,1.94 ± 0.00225,1.940000057220459,1.9574874639511108,0.3721090606572333,0.227557946985991,0.3721 ± 0.2276,0.0274833136904463,1.5032500055566438,468.0,0.0,468 ± 0,468.0,468.0,87.13208760511155,0.0020010799624726,87.13 ± 0.002001,87.12744903564453,87.13597106933594,75.3416748046875,1,1,1,1,1:298,0,0,0.0,model_static,False,mckenzie2003,6.871189869490246,6.871675968170166,6.871675968170166,6.871675968170166,6.871675968170166,4.68,4.68,4.68,1.468202963566292,1.468306830805591,0,0.0,0,0.0,0,0.0,298,2047.6145811080933,0,0.0,0,0.0,,,,,,,
static,model_static/summary_timeseries.csv,20,5.9,298,119200.0,1163.0774822875155,14.20121742195375,1163 ± 14.2,1136.41357421875,1211.7552490234375,1.940387676626244,0.0022496970965876,1.94 ± 0.00225,1.940000057220459,1.9574874639511108,0.3721090606572333,0.227557946985991,0.3721 ± 0.2276,0.0274833136904463,1.5032500055566438,463.0,0.0,463 ± 0,463.0,463.0,88.37474277675553,0.0009324344024903,88.37 ± 0.0009324,88.3652114868164,88.3763656616211,75.3416748046875,1,1,1,1,1:298,0,0,0.0,model_static,False,mckenzie2003,6.783085765454593,6.7992472648620605,6.691166877746582,6.871675968170166,6.871675968170166,4.63,4.63,4.63,1.4650293229923528,1.468519927615996,0,0.0,0,0.0,0,0.0,298,2021.3595581054688,0,0.0,0,0.0,,,,,,,
static,model_static/summary_timeseries.csv,20,5.8,298,119200.0,1163.0774822875155,14.20121742195375,1163 ± 14.2,1136.41357421875,1211.7552490234375,1.940387676626244,0.0022496970965876,1.94 ± 0.00225,1.940000057220459,1.9574874639511108,0.3721090606572333,0.227557946985991,0.3721 ± 0.2276,0.0274833136904463,1.5032500055566438,464.741610738255,0.4377490732826943,464.7 ± 0.4377,464.0,465.0,85.87685017937781,0.0222277108536877,85.88 ± 0.02223,85.83222198486328,85.8917236328125,75.3416748046875,1,1,1,1,1:298,0,0,0.0,model_static,False,mckenzie2003,6.736896207668638,6.727118492126465,6.691166877746582,6.871675968170166,6.871675968170166,4.64741610738255,4.65,4.65,1.4496088357953862,1.446692148844401,0,0.0,0,0.0,0,0.0,298,2007.595069885254,0,0.0,0,0.0,,,,,,,
static,model_static/summary_timeseries.csv,20,5.7,298,119200.0,1163.0774822875155,14.20121742195375,1163 ± 14.2,1136.41357421875,1211.7552490234375,1.940387676626244,0.0022496970965876,1.94 ± 0.00225,1.940000057220459,1.9574874639511108,0.3721090606572333,0.227557946985991,0.3721 ± 0.2276,0.0274833136904463,1.5032500055566438,469.97986577181206,0.1404593928621231,470 ± 0.1405,469.0,470.0,87.56116518878297,0.0071446652823572,87.56 ± 0.007145,87.51127624511719,87.56586456298828,75.3416748046875,1,1,1,1,1:298,0,0,0.0,model_static,False,mckenzie2003,6.908002853393555,6.908002853393555,6.908002853393555,6.908002853393555,6.908002853393555,4.69979865771812,4.7,4.7,1.4698509393219386,1.4697878411475649,0,0.0,0,0.0,0,0.0,298,2058.5848503112798,0,0.0,0,0.0,,,,,,,
static,model_static/summary_timeseries.csv,20,5.6,298,119200.0,1163.0774822875155,14.20121742195375,1163 ± 14.2,1136.41357421875,1211.7552490234375,1.940387676626244,0.0022496970965876,1.94 ± 0.00225,1.940000057220459,1.9574874639511108,0.3721090606572333,0.227557946985991,0.3721 ± 0.2276,0.0274833136904463,1.5032500055566438,469.0,0.0,469 ± 0,469.0,469.0,88.56743178911657,0.003556488929556,88.57 ± 0.003556,88.56169891357422,88.57598876953125,75.3416748046875,1,1,1,1,1:298,0,0,0.0,model_static,False,mckenzie2003,6.889509956308659,6.908002853393555,6.7992472648620605,6.908002853393555,6.908002853393555,4.69,4.69,4.69,1.4689786687225288,1.4729217171414828,0,0.0,0,0.0,0,0.0,298,2053.0739669799805,0,0.0,0,0.0,,,,,,,
static,model_static/summary_timeseries.csv,20,5.5,298,119200.0,1163.0774822875155,14.20121742195375,1163 ± 14.2,1136.41357421875,1211.7552490234375,1.940387676626244,0.0022496970965876,1.94 ± 0.00225,1.940000057220459,1.9574874639511108,0.3721090606572333,0.227557946985991,0.3721 ± 0.2276,0.0274833136904463,1.5032500055566438,467.0,0.0,467 ± 0,467.0,467.0,89.79195821365253,0.0063412405363916,89.79 ± 0.006341,89.78297424316406,89.8067626953125,75.3416748046875,1,1,1,1,1:298,0,0,0.0,model_static,False,mckenzie2003,6.818617111884508,6.871675968170166,6.58376407623291,6.871675968170166,6.871675968170166,4.670000000000001,4.67,4.67,1.4600893173200231,1.47145095678162,0,0.0,0,0.0,0,0.0,298,2031.9478993415837,0,0.0,0,0.0,,,,,,,
static,model_static/summary_timeseries.csv,20,5.4,298,119200.0,1163.0774822875155,14.20121742195375,1163 ± 14.2,1136.41357421875,1211.7552490234375,1.940387676626244,0.0022496970965876,1.94 ± 0.00225,1.940000057220459,1.9574874639511108,0.3721090606572333,0.227557946985991,0.3721 ± 0.2276,0.0274833136904463,1.5032500055566438,469.0771812080537,0.2668787537011219,469.1 ± 0.2669,469.0,470.0,91.29284836941918,0.0124139623640297,91.29 ± 0.01241,91.27752685546876,91.33512115478516,75.3416748046875,1,1,1,1,1:298,0,0,0.0,model_static,False,mckenzie2003,6.737475750430319,6.727118492126465,6.691166877746582,6.871675968170166,6.871675968170166,4.690771812080537,4.69,4.7,1.4363239253207327,1.4343536230546832,0,0.0,0,0.0,0,0.0,298,2007.7677736282349,0,0.0,0,0.0,,,,,,,
static,model_static/summary_timeseries.csv,20,5.3,298,119200.0,1163.0774822875155,14.20121742195375,1163 ± 14.2,1136.41357421875,1211.7552490234375,1.940387676626244,0.0022496970965876,1.94 ± 0.00225,1.940000057220459,1.9574874639511108,0.3721090606572333,0.227557946985991,0.3721 ± 0.2276,0.0274833136904463,1.5032500055566438,470.993288590604,0.0816478191986338,471 ± 0.08165,470.0,471.0,87.07168195071637,0.0036965982181138,87.07 ± 0.003697,87.02774047851562,87.07374572753906,75.3416748046875,1,1,1,1,1:298,0,0,0.0,model_static,False,mckenzie2003,6.829065730907773,6.7992472648620605,6.727118492126465,6.908002853393555,6.908002853393555,4.70993288590604,4.71,4.71,1.4499280845132163,1.4435769139834524,0,0.0,0,0.0,0,0.0,298,2035.0615878105164,0,0.0,0,0.0,,,,,,,
static,model_static/summary_timeseries.csv,20,5.2,298,119200.0,1163.0774822875155,14.20121742195375,1163 ± 14.2,1136.41357421875,1211.7552490234375,1.940387676626244,0.0022496970965876,1.94 ± 0.00225,1.940000057220459,1.9574874639511108,0.3721090606572333,0.227557946985991,0.3721 ± 0.2276,0.0274833136904463,1.5032500055566438,468.0,0.0,468 ± 0,468.0,468.0,87.7682098286264,0.003199039133508,87.77 ± 0.003199,87.76180267333984,87.77323913574219,75.3416748046875,1,1,1,1,1:298,0,0,0.0,model_static,False,mckenzie2003,6.842266998034996,6.871675968170166,6.7992472648620605,6.871675968170166,6.871675968170166,4.68,4.68,4.68,1.4620228628279908,1.468306830805591,0,0.0,0,0.0,0,0.0,298,2038.9955654144287,0,0.0,0,0.0,,,,,,,
static,model_static/summary_timeseries.csv,20,5.1,298,119200.0,1163.0774822875155,14.20121742195375,1163 ± 14.2,1136.41357421875,1211.7552490234375,1.940387676626244,0.0022496970965876,1.94 ± 0.00225,1.940000057220459,1.9574874639511108,0.3721090606572333,0.227557946985991,0.3721 ± 0.2276,0.0274833136904463,1.5032500055566438,465.993288590604,0.0816478191986338,466 ± 0.08165,465.0,466.0,88.70547280535602,0.0040784329159597,88.71 ± 0.004078,88.6589126586914,88.70918273925781,75.3416748046875,1,1,1,1,1:298,0,0,0.0,model_static,False,mckenzie2003,6.8371669878095584,6.871675968170166,6.7992472648620605,6.871675968170166,6.871675968170166,4.65993288590604,4.66,4.66,1.4672240517687485,1.4746085768605506,0,0.0,0,0.0,0,0.0,298,2037.4757623672483,0,0.0,0,0.0,,,,,,,
static,model_static/summary_timeseries.csv,20,5.0,298,119200.0,1163.0774822875155,14.20121742195375,1163 ± 14.2,1136.41357421875,1211.7552490234375,1.940387676626244,0.0022496970965876,1.94 ± 0.00225,1.940000057220459,1.9574874639511108,0.3721090606572333,0.227557946985991,0.3721 ± 0.2276,0.0274833136904463,1.5032500055566438,472.244966442953,0.4300673026166542,472.2 ± 0.4301,472.0,473.0,92.98010476643609,0.021256196681647,92.98 ± 0.02126,92.9577865600586,93.0195083618164,75.3416748046875,1,1,1,1,1:298,0,0,0.0,model_static,False,mckenzie2003,6.823982834015917,6.7992472648620605,6.727118492126465,6.908002853393555,6.908002853393555,4.72244966442953,4.72,4.73,1.4450122543237938,1.4405184883182331,0,0.0,0,0.0,0,0.0,298,2033.5468845367432,0,0.0,0,0.0,,,,,,,
static,model_static/summary_timeseries.csv,20,4.9,298,119200.0,1163.0774822875155,14.20121742195375,1163 ± 14.2,1136.41357421875,1211.7552490234375,1.940387676626244,0.0022496970965876,1.94 ± 0.00225,1.940000057220459,1.9574874639511108,0.3721090606572333,0.227557946985991,0.3721 ± 0.2276,0.0274833136904463,1.5032500055566438,476.9597315436242,0.1965881679983464,477 ± 0.1966,476.0,477.0,87.29223138693995,0.0091345323180889,87.29 ± 0.009135,87.2479248046875,87.29761505126953,75.3416748046875,1,1,1,1,1:298,0,0,0.0,model_static,False,mckenzie2003,6.974522579436334,6.980880260467529,6.908002853393555,6.980880260467529,6.980880260467529,4.769597315436242,4.7700000000000005,4.7700000000000005,1.4622864712130446,1.4634969099512638,0,0.0,0,0.0,0,0.0,298,2078.407728672028,0,0.0,0,0.0,,,,,,,
static,model_static/summary_timeseries.csv,20,4.8,298,119200.0,1163.0774822875155,14.20121742195375,1163 ± 14.2,1136.41357421875,1211.7552490234375,1.940387676626244,0.0022496970965876,1.94 ± 0.00225,1.940000057220459,1.9574874639511108,0.3721090606572333,0.227557946985991,0.3721 ± 0.2276,0.0274833136904463,1.5032500055566438,487.2919463087249,10.080481617199704,487.3 ± 10.08,482.0,508.0,89.87251898746362,0.9298271488725256,89.87 ± 0.9298,89.40149688720703,91.78510284423828,75.3416748046875,1,1,1,1,1:298,0,0,0.0,model_static,False,mckenzie2003,7.057797843177847,6.980880260467529,6.871675968170166,7.589424133300781,7.589424133300781,4.872919463087249,4.83,5.08,1.4479029671936017,1.44531682411336,0,0.0,57,432.5971755981445,0,0.0,241,1670.6265816688538,0,0.0,0,0.0,,,,,,,
static,model_static/summary_timeseries.csv,20,4.7,298,119200.0,1163.0774822875155,14.20121742195375,1163 ± 14.2,1136.41357421875,1211.7552490234375,1.940387676626244,0.0022496970965876,1.94 ± 0.00225,1.940000057220459,1.9574874639511108,0.3721090606572333,0.227557946985991,0.3721 ± 0.2276,0.0274833136904463,1.5032500055566438,503.1577181208054,12.68587800797784,503.2 ± 12.69,486.0,513.0,92.27454097158956,1.1757867044530208,92.27 ± 1.176,90.71720123291016,93.18937683105467,75.3416748046875,1,1,1,1,1:298,0,0,0.0,model_static,False,mckenzie2003,7.340418370778129,7.589424133300781,6.908002853393555,7.589424133300781,7.589424133300781,5.031577181208054,5.13,5.13,1.458183078464787,1.4794199090254934,0,0.0,186,1411.6328887939453,0,0.0,112,775.811785697937,0,0.0,0,0.0,,,,,,,
static,model_static/summary_timeseries.csv,20,4.6,298,119200.0,1163.0774822875155,14.20121742195375,1163 ± 14.2,1136.41357421875,1211.7552490234375,1.940387676626244,0.0022496970965876,1.94 ± 0.00225,1.940000057220459,1.9574874639511108,0.3721090606572333,0.227557946985991,0.3721 ± 0.2276,0.0274833136904463,1.5032500055566438,486.5335570469799,7.223229777685484,486.5 ± 7.223,483.0,507.0,90.11003192159151,0.7194197104749019,90.11 ± 0.7194,89.80440521240234,92.14892578125,75.3416748046875,1,1,1,1,1:298,0,0,0.0,model_static,False,mckenzie2003,7.040636269038155,6.980880260467529,6.7992472648620605,7.589424133300781,7.589424133300781,4.865335570469799,4.84,5.07,1.4468395280825528,1.442330632328002,0,0.0,33,250.45099639892575,0,0.0,265,1847.6586117744448,0,0.0,0,0.0,,,,,,,
static,model_static/summary_timeseries.csv,20,4.5,298,119200.0,1163.0774822875155,14.20121742195375,1163 ± 14.2,1136.41357421875,1211.7552490234375,1.940387676626244,0.0022496970965876,1.94 ± 0.00225,1.940000057220459,1.9574874639511108,0.3721090606572333,0.227557946985991,0.3721 ± 0.2276,0.0274833136904463,1.5032500055566438,496.4295302013423,10.499763521502622,496.4 ± 10.5,486.0,507.0,90.17651116287948,1.099002483364788,90.18 ± 1.099,89.0748291015625,91.28455352783205,75.3416748046875,1,1,1,1,1:298,0,0,0.0,model_static,False,mckenzie2003,7.290469364831911,7.017431259155273,6.980880260467529,7.589424133300781,7.589424133300781,4.964295302013422,4.86,5.07,1.4679725975279108,1.4439158969455297,0,0.0,148,1123.2347717285156,0,0.0,150,1049.325098991394,0,0.0,0,0.0,,,,,,,
static,model_static/summary_timeseries.csv,20,4.4,298,119200.0,1163.0774822875155,14.20121742195375,1163 ± 14.2,1136.41357421875,1211.7552490234375,1.940387676626244,0.0022496970965876,1.94 ± 0.00225,1.940000057220459,1.9574874639511108,0.3721090606572333,0.227557946985991,0.3721 ± 0.2276,0.0274833136904463,1.5032500055566438,484.0,0.0,484 ± 0,484.0,484.0,90.06550843923684,0.0020210949446824,90.07 ± 0.002021,90.058349609375,90.06940460205078,75.3416748046875,1,1,1,1,1:298,0,0,0.0,model_static,False,mckenzie2003,7.016940641723223,7.017431259155273,7.017431259155273,7.017431259155273,7.017431259155273,4.840000000000001,4.84,4.84,1.44978112432298,1.449882491561007,0,0.0,0,0.0,0,0.0,298,2091.0483112335205,0,0.0,0,0.0,,,,,,,
static,model_static/summary_timeseries.csv,20,4.3,298,119200.0,1163.0774822875155,14.20121742195375,1163 ± 14.2,1136.41357421875,1211.7552490234375,1.940387676626244,0.0022496970965876,1.94 ± 0.00225,1.940000057220459,1.9574874639511108,0.3721090606572333,0.227557946985991,0.3721 ± 0.2276,0.0274833136904463,1.5032500055566438,507.493288590604,1.2349585993946597,507.5 ± 1.235,488.0,508.0,92.4621468102372,0.1262183919345604,92.46 ± 0.1262,90.32465362548828,92.4926528930664,75.3416748046875,2,1,2,2,2:298,0,0,0.0,model_static,False,mckenzie2003,7.587750751700177,7.589424133300781,7.589424133300781,7.589424133300781,7.589424133300781,5.07493288590604,5.08,5.08,1.495139053165598,1.493981128602516,0,0.0,297,2254.058967590332,0,0.0,1,7.090756416320801,0,0.0,0,0.0,,,,,,,
static,model_static/summary_timeseries.csv,20,4.2,298,119200.0,1163.0774822875155,14.20121742195375,1163 ± 14.2,1136.41357421875,1211.7552490234375,1.940387676626244,0.0022496970965876,1.94 ± 0.00225,1.940000057220459,1.9574874639511108,0.3721090606572333,0.227557946985991,0.3721 ± 0.2276,0.0274833136904463,1.5032500055566438,488.8053691275168,3.931763359966928,488.8 ± 3.932,488.0,508.0,87.80756280886247,0.4229765260744517,87.81 ± 0.423,87.71839904785156,89.87338256835938,75.3416748046875,1,2,1,2,1:287; 2:11,0,0,0.0,model_static,False,mckenzie2003,7.06103318169613,7.017431259155273,6.980880260467529,7.090756416320801,7.589424133300781,4.888053691275167,4.88,4.88,1.4444674424007045,1.437998208843294,0,0.0,12,91.07308959960938,0,0.0,286,2013.1147985458372,0,0.0,0,0.0,,,,,,,
static,model_static/summary_timeseries.csv,20,4.1,298,119200.0,1163.0774822875155,14.20121742195375,1163 ± 14.2,1136.41357421875,1211.7552490234375,1.940387676626244,0.0022496970965876,1.94 ± 0.00225,1.940000057220459,1.9574874639511108,0.3721090606572333,0.227557946985991,0.3721 ± 0.2276,0.0274833136904463,1.5032500055566438,488.0,0.0,488 ± 0,488.0,488.0,87.5911746185098,0.0039984099884102,87.59 ± 0.003998,87.58134460449219,87.5955581665039,75.3416748046875,2,1,2,2,2:298,0,0,0.0,model_static,False,mckenzie2003,7.027079175782684,7.017431259155273,6.980880260467529,7.090756416320801,7.090756416320801,4.88,4.88,4.88,1.4399752409390745,1.437998208843294,0,0.0,0,0.0,0,0.0,298,2094.06959438324,0,0.0,0,0.0,,,,,,,
static,model_static/summary_timeseries.csv,20,4.0,298,119200.0,1163.0774822875155,14.20121742195375,1163 ± 14.2,1136.41357421875,1211.7552490234375,1.940387676626244,0.0022496970965876,1.94 ± 0.00225,1.940000057220459,1.9574874639511108,0.3721090606572333,0.227557946985991,0.3721 ± 0.2276,0.0274833136904463,1.5032500055566438,495.78859060402687,1.7278620921752248,495.8 ± 1.728,495.0,516.0,88.70308925961488,0.1803676235390358,88.7 ± 0.1804,88.65570831298828,90.88046264648438,75.3416748046875,1,1,1,1,1:298,0,0,0.0,model_static,False,mckenzie2003,7.124214313174254,7.127530574798584,7.090756416320801,7.127530574798584,7.589424133300781,4.957885906040269,4.96,4.96,1.4369381399023866,1.4370021320158437,0,0.0,2,15.178848266601562,0,0.0,296,2107.837017059326,0,0.0,0,0.0,,,,,,,
static,model_static/summary_timeseries.csv,20,3.9,298,119200.0,1163.0774822875155,14.20121742195375,1163 ± 14.2,1136.41357421875,1211.7552490234375,1.940387676626244,0.0022496970965876,1.94 ± 0.00225,1.940000057220459,1.9574874639511108,0.3721090606572333,0.227557946985991,0.3721 ± 0.2276,0.0274833136904463,1.5032500055566438,506.3959731543624,9.043384464704602,506.4 ± 9.043,497.0,516.0,86.91951454725842,1.055260584356216,86.92 ± 1.055,85.87812042236328,88.04283905029297,75.3416748046875,2,1,2,2,2:298,0,0,0.0,model_static,False,mckenzie2003,7.326035038736842,7.127530574798584,7.017431259155273,7.589424133300781,7.589424133300781,5.063959731543624,4.98,5.16,1.4462877352406454,1.431231039116181,0,0.0,140,1062.5193786621094,0,0.0,158,1120.6390628814695,0,0.0,0,0.0,,,,,,,
static,model_static/summary_timeseries.csv,20,3.8,298,119200.0,1163.0774822875155,14.20121742195375,1163 ± 14.2,1136.41357421875,1211.7552490234375,1.940387676626244,0.0022496970965876,1.94 ± 0.00225,1.940000057220459,1.9574874639511108,0.3721090606572333,0.227557946985991,0.3721 ± 0.2276,0.0274833136904463,1.5032500055566438,499.738255033557,8.723489829617566,499.7 ± 8.723,494.0,513.0,88.00802169390172,0.9819606625276308,88.01 ± 0.982,87.36089324951172,89.50199127197266,75.3416748046875,2,1,2,2,2:298,0,0,0.0,model_static,False,mckenzie2003,7.228262091643058,7.017431259155273,7.017431259155273,7.672553062438965,7.672553062438965,4.997382550335571,4.94,5.13,1.4458421080708703,1.420532643553699,0,0.0,90,690.3635177612305,0,0.0,208,1463.6585855484009,0,0.0,0,0.0,,,,,,,
static,model_static/summary_timeseries.csv,20,3.7,298,119200.0,1163.0774822875155,14.20121742195375,1163 ± 14.2,1136.41357421875,1211.7552490234375,1.940387676626244,0.0022496970965876,1.94 ± 0.00225,1.940000057220459,1.9574874639511108,0.3721090606572333,0.227557946985991,0.3721 ± 0.2276,0.0274833136904463,1.5032500055566438,507.3154362416107,8.917660065919984,507.3 ± 8.918,496.0,515.0,89.65878577520384,1.0464977421740465,89.66 ± 1.046,88.3980712890625,90.56243896484376,75.3416748046875,2,1,2,2,2:298,0,0,0.0,model_static,False,mckenzie2003,7.411309687083199,7.589424133300781,7.017431259155273,7.672553062438965,7.672553062438965,5.073154362416108,5.15,5.15,1.4603598768768566,1.4736745889904428,0,0.0,171,1308.847674369812,0,0.0,127,899.7226123809814,0,0.0,0,0.0,,,,,,,
static,model_static/summary_timeseries.csv,20,3.6,298,119200.0,1163.0774822875155,14.20121742195375,1163 ± 14.2,1136.41357421875,1211.7552490234375,1.940387676626244,0.0022496970965876,1.94 ± 0.00225,1.940000057220459,1.9574874639511108,0.3721090606572333,0.227557946985991,0.3721 ± 0.2276,0.0274833136904463,1.5032500055566438,515.3221476510067,5.544534108006142,515.3 ± 5.545,497.0,517.0,90.28965001458288,0.6002357482478337,90.29 ± 0.6002,88.30565643310547,90.4745101928711,75.3416748046875,2,2,1,2,1:4; 2:294,0,0,0.0,model_static,False,mckenzie2003,7.623465662834628,7.672553062438965,7.090756416320801,7.672553062438965,7.672553062438965,5.153221476510068,5.17,5.17,1.479188351282968,1.4840528167193356,0,0.0,273,2094.523857116699,0,0.0,25,177.26891040802002,0,0.0,0,0.0,,,,,,,
static,model_static/summary_timeseries.csv,20,3.5,298,119200.0,1163.0774822875155,14.20121742195375,1163 ± 14.2,1136.41357421875,1211.7552490234375,1.940387676626244,0.0022496970965876,1.94 ± 0.00225,1.940000057220459,1.9574874639511108,0.3721090606572333,0.227557946985991,0.3721 ± 0.2276,0.0274833136904463,1.5032500055566438,505.8053691275168,8.002665539445472,505.8 ± 8.003,501.0,520.0,89.7344804290157,0.937151903442208,89.73 ± 0.9372,89.17033386230469,91.34087371826172,75.3416748046875,2,1,2,2,2:298,0,0,0.0,model_static,False,mckenzie2003,7.269526062395749,7.127530574798584,7.090756416320801,7.672553062438965,7.672553062438965,5.058053691275167,5.01,5.19,1.436853440568613,1.422660793372971,0,0.0,79,605.0510158538818,0,0.0,219,1561.2677507400513,0,0.0,0,0.0,,,,,,,
static,model_static/summary_timeseries.csv,20,3.4,298,119200.0,1163.0774822875155,14.20121742195375,1163 ± 14.2,1136.41357421875,1211.7552490234375,1.940387676626244,0.0022496970965876,1.94 ± 0.00225,1.940000057220459,1.9574874639511108,0.3721090606572333,0.227557946985991,0.3721 ± 0.2276,0.0274833136904463,1.5032500055566438,506.7046979865772,9.030524935654954,506.7 ± 9.031,501.0,521.0,87.11625535696145,0.9958461700135788,87.12 ± 0.9958,86.48561096191406,88.69674682617188,75.3416748046875,2,1,2,2,2:298,0,0,0.0,model_static,False,mckenzie2003,7.2557837563073075,7.127530574798584,7.090756416320801,7.714252948760986,7.714252948760986,5.067046979865771,5.01,5.21,1.4316026884660211,1.422660793372971,0,0.0,85,647.8472852706909,0,0.0,213,1514.3762741088867,0,0.0,0,0.0,,,,,,,
static,model_static/summary_timeseries.csv,20,3.3,298,119200.0,1163.0774822875155,14.20121742195375,1163 ± 14.2,1136.41357421875,1211.7552490234375,1.940387676626244,0.0022496970965876,1.94 ± 0.00225,1.940000057220459,1.9574874639511108,0.3721090606572333,0.227557946985991,0.3721 ± 0.2276,0.0274833136904463,1.5032500055566438,517.0,0.0,517 ± 0,517.0,517.0,90.2385550377353,0.0020150887961697,90.24 ± 0.002015,90.2323760986328,90.24227142333984,75.3416748046875,2,1,2,2,2:298,0,0,0.0,model_static,False,mckenzie2003,7.672274106300917,7.672553062438965,7.672553062438965,7.672553062438965,7.672553062438965,5.170000000000001,5.17,5.17,1.48399886001952,1.4840528167193356,0,0.0,298,2286.3376836776733,0,0.0,0,0.0,0,0.0,0,0.0,,,,,,,
static,model_static/summary_timeseries.csv,20,3.2,298,119200.0,1163.0774822875155,14.20121742195375,1163 ± 14.2,1136.41357421875,1211.7552490234375,1.940387676626244,0.0022496970965876,1.94 ± 0.00225,1.940000057220459,1.9574874639511108,0.3721090606572333,0.227557946985991,0.3721 ± 0.2276,0.0274833136904463,1.5032500055566438,523.3657718120805,0.4816459213653296,523.4 ± 0.4816,523.0,524.0,90.04486977494003,0.0227359884337867,90.04 ± 0.02274,90.024169921875,90.0767593383789,75.3416748046875,2,1,2,2,2:298,0,0,0.0,model_static,False,mckenzie2003,7.713973083752114,7.714252948760986,7.714252948760986,7.714252948760986,7.714252948760986,5.233657718120806,5.23,5.24,1.4739174461803568,1.475000563816632,0,0.0,298,2298.76397895813,0,0.0,0,0.0,0,0.0,0,0.0,,,,,,,
static,model_static/summary_timeseries.csv,20,3.1,298,119200.0,1163.0774822875155,14.20121742195375,1163 ± 14.2,1136.41357421875,1211.7552490234375,1.940387676626244,0.0022496970965876,1.94 ± 0.00225,1.940000057220459,1.9574874639511108,0.3721090606572333,0.227557946985991,0.3721 ± 0.2276,0.0274833136904463,1.5032500055566438,508.7315436241611,7.431233624889899,508.7 ± 7.431,505.0,524.0,89.81255317534377,0.8530153548586648,89.81 ± 0.853,89.38265991210938,91.57159423828124,75.3416748046875,2,1,2,2,2:298,0,0,0.0,model_static,False,mckenzie2003,7.198411527096025,7.090756416320801,7.017431259155273,7.714252948760986,7.714252948760986,5.087315436241611,5.05,5.24,1.4146335918691757,1.4041101814496637,0,0.0,57,436.7996554374695,0,0.0,241,1708.326979637146,0,0.0,0,0.0,,,,,,,
static,model_static/summary_timeseries.csv,20,3.0,298,119200.0,1163.0774822875155,14.20121742195375,1163 ± 14.2,1136.41357421875,1211.7552490234375,1.940387676626244,0.0022496970965876,1.94 ± 0.00225,1.940000057220459,1.9574874639511108,0.3721090606572333,0.227557946985991,0.3721 ± 0.2276,0.0274833136904463,1.5032500055566438,528.0,0.0,528 ± 0,528.0,528.0,90.99328487831474,0.0015508843617576,90.99 ± 0.001551,90.9882583618164,91.000244140625,75.3416748046875,2,1,2,2,2:298,0,0,0.0,model_static,False,mckenzie2003,7.750355907734608,7.7979207038879395,7.672553062438965,7.7979207038879395,7.7979207038879395,5.28,5.28,5.28,1.4678704370709483,1.4768789211908977,0,0.0,298,2309.6060605049133,0,0.0,0,0.0,0,0.0,0,0.0,,,,,,,
static,model_static/summary_timeseries.csv,20,2.9,298,119200.0,1163.0774822875155,14.20121742195375,1163 ± 14.2,1136.41357421875,1211.7552490234375,1.940387676626244,0.0022496970965876,1.94 ± 0.00225,1.940000057220459,1.9574874639511108,0.3721090606572333,0.227557946985991,0.3721 ± 0.2276,0.0274833136904463,1.5032500055566438,530.6979865771812,0.4591310436640824,530.7 ± 0.4591,530.0,531.0,93.20744203401092,0.0203424497228036,93.21 ± 0.02034,93.1706085205078,93.22184753417967,75.3416748046875,2,1,2,2,2:298,0,0,0.0,model_static,False,mckenzie2003,7.681591152344774,7.672553062438965,7.589424133300781,7.7979207038879395,7.7979207038879395,5.306979865771813,5.3100000000000005,5.3100000000000005,1.447444908923749,1.4462883841892729,0,0.0,298,2289.1141633987427,0,0.0,0,0.0,0,0.0,0,0.0,,,,,,,
static,model_static/summary_timeseries.csv,20,2.8,298,119200.0,1163.0774822875155,14.20121742195375,1163 ± 14.2,1136.41357421875,1211.7552490234375,1.940387676626244,0.0022496970965876,1.94 ± 0.00225,1.940000057220459,1.9574874639511108,0.3721090606572333,0.227557946985991,0.3721 ± 0.2276,0.0274833136904463,1.5032500055566438,522.2013422818792,7.659691291527409,522.2 ± 7.66,509.0,527.0,94.55717475942318,0.9496785648713452,94.56 ± 0.9497,92.99827575683594,95.1542510986328,75.3416748046875,2,1,2,2,2:298,0,0,0.0,model_static,False,mckenzie2003,7.496547761379472,7.589424133300781,7.127530574798584,7.672553062438965,7.714252948760986,5.222013422818793,5.2700000000000005,5.2700000000000005,1.435343198771568,1.440118431366372,0,0.0,214,1629.4995284080503,0,0.0,84,604.4717044830322,0,0.0,0,0.0,,,,,,,
static,model_static/summary_timeseries.csv,20,2.7,298,119200.0,1163.0774822875155,14.20121742195375,1163 ± 14.2,1136.41357421875,1211.7552490234375,1.940387676626244,0.0022496970965876,1.94 ± 0.00225,1.940000057220459,1.9574874639511108,0.3721090606572333,0.227557946985991,0.3721 ± 0.2276,0.0274833136904463,1.5032500055566438,531.98322147651,0.1284406658322459,532 ± 0.1284,531.0,532.0,90.22590145648726,0.0061654393455918,90.23 ± 0.006165,90.17833709716795,90.22809600830078,75.3416748046875,2,1,2,2,2:298,0,0,0.0,model_static,False,mckenzie2003,7.725802063141893,7.714252948760986,7.672553062438965,7.7979207038879395,7.7979207038879395,5.319832214765101,5.32,5.32,1.452264004130737,1.450047546759584,0,0.0,298,2302.289014816284,0,0.0,0,0.0,0,0.0,0,0.0,,,,,,,
static,model_static/summary_timeseries.csv,20,2.6,298,119200.0,1163.0774822875155,14.20121742195375,1163 ± 14.2,1136.41357421875,1211.7552490234375,1.940387676626244,0.0022496970965876,1.94 ± 0.00225,1.940000057220459,1.9574874639511108,0.3721090606572333,0.227557946985991,0.3721 ± 0.2276,0.0274833136904463,1.5032500055566438,526.0234899328859,5.800611970280758,526 ± 5.801,509.0,528.0,90.41516469148982,0.6587300299018796,90.42 ± 0.6587,88.48091888427734,90.6488800048828,75.3416748046875,2,1,2,2,2:298,0,0,0.0,model_static,False,mckenzie2003,7.714784959818693,7.7979207038879395,7.2013020515441895,7.7979207038879395,7.7979207038879395,5.260234899328859,5.28,5.28,1.4664086399143268,1.4768789211908977,0,0.0,267,2076.650812149048,0,0.0,31,222.3551058769226,0,0.0,0,0.0,,,,,,,
static,model_static/summary_timeseries.csv,20,2.5,298,119200.0,1163.0774822875155,14.20121742195375,1163 ± 14.2,1136.41357421875,1211.7552490234375,1.940387676626244,0.0022496970965876,1.94 ± 0.00225,1.940000057220459,1.9574874639511108,0.3721090606572333,0.227557946985991,0.3721 ± 0.2276,0.0274833136904463,1.5032500055566438,524.993288590604,0.0816478191986338,525 ± 0.08165,524.0,525.0,89.7391061462812,0.0041543804924304,89.74 ± 0.004154,89.69290161132812,89.74321746826172,75.3416748046875,2,1,2,2,2:298,0,0,0.0,model_static,False,mckenzie2003,7.711875913927219,7.714252948760986,7.714252948760986,7.714252948760986,7.714252948760986,5.24993288590604,5.25,5.25,1.4689472608616143,1.4693815140497115,0,0.0,298,2298.1390223503117,0,0.0,0,0.0,0,0.0,0,0.0,,,,,,,
static,model_static/summary_timeseries.csv,20,2.4,298,119200.0,1163.0774822875155,14.20121742195375,1163 ± 14.2,1136.41357421875,1211.7552490234375,1.940387676626244,0.0022496970965876,1.94 ± 0.00225,1.940000057220459,1.9574874639511108,0.3721090606572333,0.227557946985991,0.3721 ± 0.2276,0.0274833136904463,1.5032500055566438,531.006711409396,6.402072487733326,531 ± 6.402,518.0,535.0,90.11816426731596,0.7648085821507495,90.12 ± 0.7648,88.56069946289062,90.53460693359376,75.3416748046875,2,1,2,2,2:298,0,0,0.0,model_static,False,mckenzie2003,7.567750730770546,7.589424133300781,7.312514781951904,7.672553062438965,7.714252948760986,5.31006711409396,5.34,5.3500000000000005,1.4250905471287865,1.4212404744008953,0,0.0,240,1831.0638604164124,0,0.0,58,424.1258573532105,0,0.0,0,0.0,,,,,,,
static,model_static/summary_timeseries.csv,20,2.3,298,119200.0,1163.0774822875155,14.20121742195375,1163 ± 14.2,1136.41357421875,1211.7552490234375,1.940387676626244,0.0022496970965876,1.94 ± 0.00225,1.940000057220459,1.9574874639511108,0.3721090606572333,0.227557946985991,0.3721 ± 0.2276,0.0274833136904463,1.5032500055566438,531.9463087248322,0.9252986813215618,531.9 ± 0.9253,516.0,532.0,90.03221816504562,0.1205369446341416,90.03 ± 0.1205,87.9549789428711,90.04061889648438,75.3416748046875,2,1,2,2,2:298,0,0,0.0,model_static,False,mckenzie2003,7.678718174863982,7.672553062438965,7.589424133300781,7.7979207038879395,7.7979207038879395,5.319463087248323,5.32,5.32,1.4435103755403509,1.4422092222629632,0,0.0,297,2280.982646465301,0,0.0,1,7.275369644165039,0,0.0,0,0.0,,,,,,,
static,model_static/summary_timeseries.csv,20,2.2,298,119200.0,1163.0774822875155,14.20121742195375,1163 ± 14.2,1136.41357421875,1211.7552490234375,1.940387676626244,0.0022496970965876,1.94 ± 0.00225,1.940000057220459,1.9574874639511108,0.3721090606572333,0.227557946985991,0.3721 ± 0.2276,0.0274833136904463,1.5032500055566438,528.01677852349,1.0312501492902886,528 ± 1.031,516.0,529.0,92.7346575436176,0.1419977789525604,92.73 ± 0.142,91.01448059082033,92.78736114501952,75.3416748046875,2,1,2,2,2:298,0,0,0.0,model_static,False,mckenzie2003,7.717962540236096,7.714252948760986,7.589424133300781,7.7979207038879395,7.7979207038879395,5.2801677852349,5.28,5.29,1.4616743344419667,1.4610327554471565,0,0.0,296,2285.6977758407597,0,0.0,2,14.255061149597168,0,0.0,0,0.0,,,,,,,
static,model_static/summary_timeseries.csv,20,2.1,298,119200.0,1163.0774822875155,14.20121742195375,1163 ± 14.2,1136.41357421875,1211.7552490234375,1.940387676626244,0.0022496970965876,1.94 ± 0.00225,1.940000057220459,1.9574874639511108,0.3721090606572333,0.227557946985991,0.3721 ± 0.2276,0.0274833136904463,1.5032500055566438,527.9127516778524,1.0614216495822395,527.9 ± 1.061,515.0,528.0,88.6422809370412,0.1611087279029477,88.64 ± 0.1611,86.68181610107422,88.65716552734375,75.3416748046875,2,1,2,2,2:298,0,0,0.0,model_static,False,mckenzie2003,7.72803594121997,7.714252948760986,7.672553062438965,7.7979207038879395,7.7979207038879395,5.279127516778524,5.28,5.28,1.4638778002256874,1.4610327554471565,0,0.0,296,2288.329680919647,0,0.0,2,14.625029563903809,0,0.0,0,0.0,,,,,,,
static,model_static/summary_timeseries.csv,20,2.0,298,119200.0,1163.0774822875155,14.20121742195375,1163 ± 14.2,1136.41357421875,1211.7552490234375,1.940387676626244,0.0022496970965876,1.94 ± 0.00225,1.940000057220459,1.9574874639511108,0.3721090606572333,0.227557946985991,0.3721 ± 0.2276,0.0274833136904463,1.5032500055566438,528.993288590604,0.0816478191986338,529 ± 0.08165,528.0,529.0,87.48803209138397,0.0045193851614356,87.49 ± 0.004519,87.4423828125,87.496337890625,75.3416748046875,2,1,2,2,2:298,0,0,0.0,model_static,False,mckenzie2003,7.764949345748697,7.7979207038879395,7.672553062438965,7.7979207038879395,7.7979207038879395,5.28993288590604,5.29,5.29,1.467872654681463,1.4740870895818412,0,0.0,298,2313.954905033112,0,0.0,0,0.0,0,0.0,0,0.0,,,,,,,
static,model_static/summary_timeseries.csv,20,1.9,298,119200.0,1163.0774822875155,14.20121742195375,1163 ± 14.2,1136.41357421875,1211.7552490234375,1.940387676626244,0.0022496970965876,1.94 ± 0.00225,1.940000057220459,1.9574874639511108,0.3721090606572333,0.227557946985991,0.3721 ± 0.2276,0.0274833136904463,1.5032500055566438,539.0,0.0,539 ± 0,539.0,539.0,89.5982863919047,0.0012417489459656,89.6 ± 0.001242,89.59554290771484,89.60157775878906,75.3416748046875,2,1,2,2,2:298,0,0,0.0,model_static,False,mckenzie2003,7.831444858704637,7.8398895263671875,7.7979207038879395,7.8398895263671875,7.8398895263671875,5.39,5.39,5.39,1.4529582298153318,1.4545249585096824,0,0.0,298,2333.770567893982,0,0.0,0,0.0,0,0.0,0,0.0,,,,,,,
static,model_static/summary_timeseries.csv,20,1.8,298,119200.0,1163.0774822875155,14.20121742195375,1163 ± 14.2,1136.41357421875,1211.7552490234375,1.940387676626244,0.0022496970965876,1.94 ± 0.00225,1.940000057220459,1.9574874639511108,0.3721090606572333,0.227557946985991,0.3721 ± 0.2276,0.0274833136904463,1.5032500055566438,541.996644295302,0.0578311675825976,542 ± 0.05783,541.0,542.0,89.68571047174851,0.0028558831022614,89.69 ± 0.002856,89.6388931274414,89.6877212524414,75.3416748046875,2,1,2,2,2:298,0,0,0.0,model_static,False,mckenzie2003,7.795450863422164,7.7979207038879395,7.714252948760986,7.8398895263671875,7.8398895263671875,5.4199664429530205,5.42,5.42,1.438283895432898,1.4387307571748966,0,0.0,298,2323.0443572998047,0,0.0,0,0.0,0,0.0,0,0.0,,,,,,,
static,model_static/summary_timeseries.csv,20,1.7,298,119200.0,1163.0774822875155,14.20121742195375,1163 ± 14.2,1136.41357421875,1211.7552490234375,1.940387676626244,0.0022496970965876,1.94 ± 0.00225,1.940000057220459,1.9574874639511108,0.3721090606572333,0.227557946985991,0.3721 ± 0.2276,0.0274833136904463,1.5032500055566438,538.996644295302,0.0578311675825976,539 ± 0.05783,538.0,539.0,89.69812677370622,0.0030785506846227,89.7 ± 0.003079,89.65201568603516,89.70134735107422,75.3416748046875,2,1,2,2,2:298,0,0,0.0,model_static,False,mckenzie2003,7.835243783541173,7.8398895263671875,7.7979207038879395,7.8398895263671875,7.8398895263671875,5.389966442953019,5.39,5.39,1.4536719666393136,1.4545249585096824,0,0.0,298,2334.90264749527,0,0.0,0,0.0,0,0.0,0,0.0,,,,,,,
static,model_static/summary_timeseries.csv,20,1.6,298,119200.0,1163.0774822875155,14.20121742195375,1163 ± 14.2,1136.41357421875,1211.7552490234375,1.940387676626244,0.0022496970965876,1.94 ± 0.00225,1.940000057220459,1.9574874639511108,0.3721090606572333,0.227557946985991,0.3721 ± 0.2276,0.0274833136904463,1.5032500055566438,539.3053691275168,0.4605635933032701,539.3 ± 0.4606,539.0,540.0,88.68921904595906,0.0217683058584805,88.69 ± 0.02177,88.67144775390625,88.7232437133789,75.3416748046875,2,1,2,2,2:298,0,0,0.0,model_static,False,mckenzie2003,7.839607856417662,7.8398895263671875,7.8398895263671875,7.8398895263671875,7.8398895263671875,5.393053691275167,5.39,5.4,1.4536501691201276,1.4545249585096824,0,0.0,298,2336.2031412124634,0,0.0,0,0.0,0,0.0,0,0.0,,,,,,,
static,model_static/summary_timeseries.csv,20,1.5,298,119200.0,1163.0774822875155,14.20121742195375,1163 ± 14.2,1136.41357421875,1211.7552490234375,1.940387676626244,0.0022496970965876,1.94 ± 0.00225,1.940000057220459,1.9574874639511108,0.3721090606572333,0.227557946985991,0.3721 ± 0.2276,0.0274833136904463,1.5032500055566438,536.0,0.0,536 ± 0,536.0,536.0,88.10578378254935,0.0017708054925309,88.11 ± 0.001771,88.1004638671875,88.10924530029297,75.3416748046875,2,1,2,2,2:298,0,0,0.0,model_static,False,mckenzie2003,7.8398895263671875,7.8398895263671875,7.8398895263671875,7.8398895263671875,7.8398895263671875,5.36,5.36,5.36,1.4626659564117883,1.4626659564117883,0,0.0,298,2336.287078857422,0,0.0,0,0.0,0,0.0,0,0.0,,,,,,,
static,model_static/summary_timeseries.csv,20,1.4,298,119200.0,1163.0774822875155,14.20121742195375,1163 ± 14.2,1136.41357421875,1211.7552490234375,1.940387676626244,0.0022496970965876,1.94 ± 0.00225,1.940000057220459,1.9574874639511108,0.3721090606572333,0.227557946985991,0.3721 ± 0.2276,0.0274833136904463,1.5032500055566438,538.0,0.0,538 ± 0,538.0,538.0,87.6593901102975,0.0040574816863106,87.66 ± 0.004057,87.65099334716797,87.666259765625,75.3416748046875,2,1,2,2,2:298,0,0,0.0,model_static,False,mckenzie2003,7.754800476483851,7.714252948760986,7.589424133300781,7.8398895263671875,7.8398895263671875,5.380000000000001,5.38,5.38,1.441412727970976,1.4338760127808523,0,0.0,298,2310.9305419921875,0,0.0,0,0.0,0,0.0,0,0.0,,,,,,,
static,model_static/summary_timeseries.csv,20,1.3,298,119200.0,1163.0774822875155,14.20121742195375,1163 ± 14.2,1136.41357421875,1211.7552490234375,1.940387676626244,0.0022496970965876,1.94 ± 0.00225,1.940000057220459,1.9574874639511108,0.3721090606572333,0.227557946985991,0.3721 ± 0.2276,0.0274833136904463,1.5032500055566438,535.9865771812081,0.1150766993253842,536 ± 0.1151,535.0,536.0,90.48271002545452,0.0055537913482285,90.48 ± 0.005554,90.4322509765625,90.48673248291016,75.3416748046875,2,1,2,2,2:298,0,0,0.0,model_static,False,mckenzie2003,7.833272999565073,7.8398895263671875,7.7979207038879395,7.8398895263671875,7.8398895263671875,5.35986577181208,5.36,5.36,1.4614677860880223,1.4626659564117883,0,0.0,298,2334.315353870392,0,0.0,0,0.0,0,0.0,0,0.0,,,,,,,
static,model_static/summary_timeseries.csv,20,1.2,298,119200.0,1163.0774822875155,14.20121742195375,1163 ± 14.2,1136.41357421875,1211.7552490234375,1.940387676626244,0.0022496970965876,1.94 ± 0.00225,1.940000057220459,1.9574874639511108,0.3721090606572333,0.227557946985991,0.3721 ± 0.2276,0.0274833136904463,1.5032500055566438,544.0,0.0,544 ± 0,544.0,544.0,90.7913251787224,0.0033511703760595,90.79 ± 0.003351,90.78722381591795,90.7985382080078,75.3416748046875,2,1,2,2,2:298,0,0,0.0,model_static,False,mckenzie2003,7.844859584065892,7.8398895263671875,7.714252948760986,7.924094200134277,7.924094200134277,5.44,5.44,5.44,1.4420697764827004,1.4411561629351446,0,0.0,298,2337.768156051636,0,0.0,0,0.0,0,0.0,0,0.0,,,,,,,
static,model_static/summary_timeseries.csv,20,1.1,298,119200.0,1163.0774822875155,14.20121742195375,1163 ± 14.2,1136.41357421875,1211.7552490234375,1.940387676626244,0.0022496970965876,1.94 ± 0.00225,1.940000057220459,1.9574874639511108,0.3721090606572333,0.227557946985991,0.3721 ± 0.2276,0.0274833136904463,1.5032500055566438,542.993288590604,0.0816478191986338,543 ± 0.08165,542.0,543.0,90.5101775611007,0.0046714796422462,90.51 ± 0.004671,90.45374298095705,90.51238250732422,75.3416748046875,2,1,2,2,2:298,0,0,0.0,model_static,False,mckenzie2003,7.714467639091031,7.714252948760986,7.672553062438965,7.7979207038879395,7.924094200134277,5.42993288590604,5.43,5.43,1.4207303426459563,1.420672734578451,0,0.0,298,2298.911356449127,0,0.0,0,0.0,0,0.0,0,0.0,,,,,,,
static,model_static/summary_timeseries.csv,20,1.0,298,119200.0,1163.0774822875155,14.20121742195375,1163 ± 14.2,1136.41357421875,1211.7552490234375,1.940387676626244,0.0022496970965876,1.94 ± 0.00225,1.940000057220459,1.9574874639511108,0.3721090606572333,0.227557946985991,0.3721 ± 0.2276,0.0274833136904463,1.5032500055566438,546.996644295302,0.0578311675825976,547 ± 0.05783,546.0,547.0,89.8959820382547,0.0032018487060001,89.9 ± 0.003202,89.85053253173828,89.89881134033203,75.3416748046875,2,1,2,2,2:298,0,0,0.0,model_static,False,mckenzie2003,7.763819155277022,7.7979207038879395,7.714252948760986,7.8398895263671875,7.8398895263671875,5.46996644295302,5.47,5.47,1.4193539873179752,1.425579653361598,0,0.0,298,2313.6181082725525,0,0.0,0,0.0,0,0.0,0,0.0,,,,,,,
static,model_static/summary_timeseries.csv,20,0.9,298,119200.0,1163.0774822875155,14.20121742195375,1163 ± 14.2,1136.41357421875,1211.7552490234375,1.940387676626244,0.0022496970965876,1.94 ± 0.00225,1.940000057220459,1.9574874639511108,0.3721090606572333,0.227557946985991,0.3721 ± 0.2276,0.0274833136904463,1.5032500055566438,546.0,0.0,546 ± 0,546.0,546.0,91.09030409947336,0.00181357839959,91.09 ± 0.001814,91.08050537109376,91.09243774414062,75.3416748046875,2,1,2,2,2:298,0,0,0.0,model_static,False,mckenzie2003,7.803644362712067,7.7979207038879395,7.714252948760986,7.924094200134277,7.924094200134277,5.46,5.46,5.46,1.429238894269609,1.4281906051076811,0,0.0,298,2325.486020088196,0,0.0,0,0.0,0,0.0,0,0.0,,,,,,,
static,model_static/summary_timeseries.csv,20,0.8,298,119200.0,1163.0774822875155,14.20121742195375,1163 ± 14.2,1136.41357421875,1211.7552490234375,1.940387676626244,0.0022496970965876,1.94 ± 0.00225,1.940000057220459,1.9574874639511108,0.3721090606572333,0.227557946985991,0.3721 ± 0.2276,0.0274833136904463,1.5032500055566438,546.8087248322148,0.3933051969831636,546.8 ± 0.3933,546.0,547.0,88.35896178379954,0.0184763047190423,88.36 ± 0.01848,88.32038879394531,88.37102508544922,75.3416748046875,2,1,2,2,2:298,0,0,0.0,model_static,False,mckenzie2003,7.920139171933168,7.924094200134277,7.924094200134277,7.924094200134277,7.924094200134277,5.4680872483221465,5.47,5.47,1.4484292328099944,1.4486461060574547,0,0.0,298,2360.201473236084,0,0.0,0,0.0,0,0.0,0,0.0,,,,,,,
static,model_static/summary_timeseries.csv,20,0.7,298,119200.0,1163.0774822875155,14.20121742195375,1163 ± 14.2,1136.41357421875,1211.7552490234375,1.940387676626244,0.0022496970965876,1.94 ± 0.00225,1.940000057220459,1.9574874639511108,0.3721090606572333,0.227557946985991,0.3721 ± 0.2276,0.0274833136904463,1.5032500055566438,544.0973154362416,0.2963868116342489,544.1 ± 0.2964,544.0,545.0,90.01922085141176,0.0133617938878907,90.02 ± 0.01336,90.01060485839844,90.05976104736328,75.3416748046875,2,1,2,2,2:298,0,0,0.0,model_static,False,mckenzie2003,7.776746092226682,7.7979207038879395,7.714252948760986,7.8398895263671875,7.8398895263671875,5.440973154362416,5.44,5.45,1.4292915805431046,1.4334413058617534,0,0.0,298,2317.470335483551,0,0.0,0,0.0,0,0.0,0,0.0,,,,,,,
static,model_static/summary_timeseries.csv,20,0.6,298,119200.0,1163.0774822875155,14.20121742195375,1163 ± 14.2,1136.41357421875,1211.7552490234375,1.940387676626244,0.0022496970965876,1.94 ± 0.00225,1.940000057220459,1.9574874639511108,0.3721090606572333,0.227557946985991,0.3721 ± 0.2276,0.0274833136904463,1.5032500055566438,542.6275167785235,0.4834661013918052,542.6 ± 0.4835,542.0,543.0,90.77909228945738,0.0211929293018339,90.78 ± 0.02119,90.74942779541016,90.79683685302734,75.3416748046875,2,1,2,2,2:298,0,0,0.0,model_static,False,mckenzie2003,7.796760682291633,7.7979207038879395,7.714252948760986,7.924094200134277,7.924094200134277,5.426275167785236,5.43,5.43,1.4368464008234163,1.4360811609370054,0,0.0,298,2323.4346833229065,0,0.0,0,0.0,0,0.0,0,0.0,,,,,,,
static,model_static/summary_timeseries.csv,20,0.5,298,119200.0,1163.0774822875155,14.20121742195375,1163 ± 14.2,1136.41357421875,1211.7552490234375,1.940387676626244,0.0022496970965876,1.94 ± 0.00225,1.940000057220459,1.9574874639511108,0.3721090606572333,0.227557946985991,0.3721 ± 0.2276,0.0274833136904463,1.5032500055566438,553.0335570469799,0.1800860116107213,553 ± 0.1801,553.0,554.0,89.86954511092013,0.0086272561253593,89.87 ± 0.008627,89.8576889038086,89.91280364990234,75.3416748046875,2,1,2,2,2:298,0,0,0.0,model_static,False,mckenzie2003,7.831784811595942,7.7979207038879395,7.7979207038879395,7.9663310050964355,7.9663310050964355,5.530335570469799,5.53,5.53,1.416149155712133,1.4101122430177104,0,0.0,298,2333.871873855591,0,0.0,0,0.0,0,0.0,0,0.0,,,,,,,
static,model_static/summary_timeseries.csv,20,0.4,298,119200.0,1163.0774822875155,14.20121742195375,1163 ± 14.2,1136.41357421875,1211.7552490234375,1.940387676626244,0.0022496970965876,1.94 ± 0.00225,1.940000057220459,1.9574874639511108,0.3721090606572333,0.227557946985991,0.3721 ± 0.2276,0.0274833136904463,1.5032500055566438,546.0973154362416,0.2963868116342489,546.1 ± 0.2964,546.0,547.0,83.57117935795112,0.0152840523601155,83.57 ± 0.01528,83.56153106689453,83.6166000366211,75.3416748046875,2,1,2,2,2:298,0,0,0.0,model_static,False,mckenzie2003,7.847723928873971,7.924094200134277,7.714252948760986,7.924094200134277,7.924094200134277,5.460973154362416,5.46,5.47,1.4370579889771669,1.451299304053897,0,0.0,298,2338.621730804444,0,0.0,0,0.0,0,0.0,0,0.0,,,,,,,
static,model_static/summary_timeseries.csv,20,0.3,298,119200.0,1163.0774822875155,14.20121742195375,1163 ± 14.2,1136.41357421875,1211.7552490234375,1.940387676626244,0.0022496970965876,1.94 ± 0.00225,1.940000057220459,1.9574874639511108,0.3721090606572333,0.227557946985991,0.3721 ± 0.2276,0.0274833136904463,1.5032500055566438,535.2248322147651,3.012243607185402,535.2 ± 3.012,523.0,536.0,81.5695244961937,0.4098517801914296,81.57 ± 0.4099,79.90178680419922,81.67343139648438,75.3416748046875,2,1,2,2,2:298,0,0,0.0,model_static,False,mckenzie2003,7.634599189630291,7.672553062438965,7.2013020515441895,7.714252948760986,7.8398895263671875,5.352248322147651,5.36,5.36,1.4263463038463582,1.4314464668729412,0,0.0,281,2153.721224308014,0,0.0,17,121.38933420181274,0,0.0,0,0.0,,,,,,,
static,model_static/summary_timeseries.csv,20,0.2,298,119200.0,1163.0774822875155,14.20121742195375,1163 ± 14.2,1136.41357421875,1211.7552490234375,1.940387676626244,0.0022496970965876,1.94 ± 0.00225,1.940000057220459,1.9574874639511108,0.3721090606572333,0.227557946985991,0.3721 ± 0.2276,0.0274833136904463,1.5032500055566438,537.4429530201343,4.876161090896206,537.4 ± 4.876,522.0,539.0,83.59371262108719,0.5518572160762228,83.59 ± 0.5519,81.84465789794922,83.77188873291016,75.3416748046875,2,1,2,2,2:298,0,0,0.0,model_static,False,mckenzie2003,7.625418234191485,7.672553062438965,7.2013020515441895,7.8398895263671875,7.8398895263671875,5.374429530201342,5.39,5.39,1.4187215300652236,1.4234792323634444,0,0.0,271,2077.9394783973694,0,0.0,27,194.43515539169312,0,0.0,0,0.0,,,,,,,
static,model_static/summary_timeseries.csv,20,0.1,298,119200.0,1163.0774822875155,14.20121742195375,1163 ± 14.2,1136.41357421875,1211.7552490234375,1.940387676626244,0.0022496970965876,1.94 ± 0.00225,1.940000057220459,1.9574874639511108,0.3721090606572333,0.227557946985991,0.3721 ± 0.2276,0.0274833136904463,1.5032500055566438,558.989932885906,0.0998286898029766,559 ± 0.09983,558.0,559.0,84.24952505738943,0.0056017867235764,84.25 ± 0.005602,84.20401000976562,84.25670623779297,75.3416748046875,2,1,2,2,2:298,0,0,0.0,model_static,False,mckenzie2003,7.957156160533828,7.9663310050964355,7.8398895263671875,8.051071166992188,8.051071166992188,5.58989932885906,5.59,5.59,1.423487898194179,1.4251039365109903,0,0.0,298,2371.232535839081,0,0.0,0,0.0,0,0.0,0,0.0,,,,,,,
static,model_static/summary_timeseries.csv,20,0.0,298,119200.0,1163.0774822875155,14.20121742195375,1163 ± 14.2,1136.41357421875,1211.7552490234375,1.940387676626244,0.0022496970965876,1.94 ± 0.00225,1.940000057220459,1.9574874639511108,0.3721090606572333,0.227557946985991,0.3721 ± 0.2276,0.0274833136904463,1.5032500055566438,614.9798657718121,0.1404593928621231,615 ± 0.1405,614.0,615.0,93.32085805291295,0.0061648481198098,93.32 ± 0.006165,93.27745056152344,93.3244400024414,75.3416748046875,1,1,1,1,1:298,0,0,0.0,model_static,False,mckenzie2003,8.454462905858188,8.436795234680176,8.307424545288086,8.523484230041504,8.523484230041504,6.1497986577181205,6.15,6.15,1.3747536345819005,1.3718366235252315,0,0.0,298,2519.42994594574,0,0.0,0,0.0,0,0.0,0,0.0,,,,,,,
dynamic,model_dynamic/summary_timeseries.csv,20,21.0,298,119200.0,1163.0774822875155,14.20121742195375,1163 ± 14.2,1136.41357421875,1211.7552490234375,1.940387676626244,0.0022496970965876,1.94 ± 0.00225,1.940000057220459,1.9574874639511108,0.3721090606572333,0.227557946985991,0.3721 ± 0.2276,0.0274833136904463,1.5032500055566438,270.0,0.0,270 ± 0,270.0,270.0,54.4341240953279,0.0033940222320541,54.43 ± 0.003394,54.42782974243164,54.43901824951172,75.3416748046875,0,1,0,0,0:298,0,0,0.0,model_dynamic,True,mckenzie2003,4.855458160374789,4.832254886627197,4.832254886627197,4.895684719085693,4.895684719085693,2.7,2.7,2.7,1.798317837175847,1.789724032084147,0,0.0,0,0.0,0,0.0,298,1446.926531791687,0,0.0,0,0.0,16.0,18.0,18.0,0.00625,0.0062500000000013,0.025,0.0184963292449345
dynamic,model_dynamic/summary_timeseries.csv,20,20.9,298,119200.0,1163.0802516255926,14.192919284893554,1163 ± 14.19,1136.4372423639795,1211.6428425216582,1.9237880813035129,0.0545990785774178,1.924 ± 0.0546,1.6456042806232736,2.077814077728704,0.3712054655309628,0.2263436607113839,0.3712 ± 0.2263,0.0330109773604883,1.493305705585263,284.0,0.0,284 ± 0,284.0,284.0,54.695966349352126,0.0016147832235265,54.7 ± 0.001615,54.69206619262695,54.69884490966797,75.20560015767865,0,1,0,0,0:298,0,0,0.0,model_dynamic,True,mckenzie2003,5.087467049592293,5.087899208068848,5.087899208068848,5.087899208068848,5.087899208068848,2.84,2.84,2.84,1.7913616371803849,1.791513805658045,0,0.0,0,0.0,0,0.0,298,1516.0651807785034,0,0.0,0,0.0,16.0,18.0,18.0,0.0062499999999998,0.0062499999999998,0.025,0.0179857091196664
dynamic,model_dynamic/summary_timeseries.csv,20,20.8,298,119200.0,1163.0832651773048,14.185035711546428,1163 ± 14.19,1136.4609202300612,1211.5362244220155,1.9075192656981668,0.1076997213098232,1.908 ± 0.1077,1.3614933660617423,2.205284689910429,0.3703260624649339,0.2251603663060971,0.3703 ± 0.2252,0.0385046412774412,1.483551420142627,285.8489932885906,0.3580554210156793,285.8 ± 0.3581,285.0,286.0,54.80181462332706,0.0186471840412412,54.8 ± 0.01865,54.7552375793457,54.8132438659668,75.07530419195427,0,1,0,0,0:298,0,0,0.0,model_dynamic,True,mckenzie2003,5.020889907875317,4.991431713104248,4.991431713104248,5.087899208068848,5.087899208068848,2.858489932885906,2.86,2.86,1.7564985040753995,1.745255843742744,0,0.0,0,0.0,0,0.0,298,1496.2251925468445,0,0.0,0,0.0,16.0,18.0,18.0,0.00625,0.0062500000000013,0.025,0.0175382275655288
dynamic,model_dynamic/summary_timeseries.csv,20,20.7,298,119200.0,1163.0855593978674,14.17877645233913,1163 ± 14.18,1136.4846332337456,1211.4358672704627,1.890566973639632,0.1604747136242915,1.891 ± 0.1605,1.08709346208367,2.32361944278385,0.3695123892957061,0.2240219130071251,0.3695 ± 0.224,0.0386197023670125,1.4740632078732518,282.3255033557047,0.4685626117496773,282.3 ± 0.4686,282.0,283.0,55.82378560264639,0.0203520521087586,55.82 ± 0.02035,55.8046760559082,55.85511016845703,74.9512340367171,0,1,0,0,0:298,0,0,0.0,model_dynamic,True,mckenzie2003,5.038861293920735,5.023507595062256,4.991431713104248,5.087899208068848,5.087899208068848,2.8232550335570465,2.82,2.83,1.7847580317087377,1.7813856720078922,0,0.0,0,0.0,0,0.0,298,1501.580665588379,0,0.0,0,0.0,16.0,18.0,18.0,0.0062499999999998,0.0062499999999998,0.025,0.0168325512647328
dynamic,model_dynamic/summary_timeseries.csv,20,20.6,298,119200.0,1163.0883748644026,14.17269012634715,1163 ± 14.17,1136.5084567720446,1211.3398874698812,1.874203643168754,0.2119473151904656,1.874 ± 0.2119,0.8273216663513132,2.43625243997548,0.3687084488983508,0.2229004006722648,0.3687 ± 0.2229,0.0387288674360999,1.464692345216767,285.0,0.0,285 ± 0,285.0,285.0,55.60274413448053,0.0013418346107851,55.6 ± 0.001342,55.59366226196289,55.604713439941406,74.8314306978366,0,1,0,0,0:298,0,0,0.0,model_dynamic,True,mckenzie2003,5.017067875638104,5.023507595062256,4.991431713104248,5.087899208068848,5.087899208068848,2.8500000000000005,2.85,2.85,1.7603746932063526,1.7626342438814933,0,0.0,0,0.0,0,0.0,298,1495.086226940155,0,0.0,0,0.0,16.0,18.0,18.0,0.00625,0.0062500000000013,0.025,0.0165197333108089
dynamic,model_dynamic/summary_timeseries.csv,20,20.5,298,119200.0,1163.0915053266397,14.167077856472964,1163 ± 14.17,1136.5322992965582,1211.2497981391357,1.858209225190059,0.2621493128522614,1.858 ± 0.2621,0.5770798899421192,2.542236336848198,0.3679358834779042,0.2218047561327927,0.3679 ± 0.2218,0.0388304134643412,1.455599481096273,287.98993288590606,0.0998286898029766,288 ± 0.09983,287.0,288.0,53.00015856595648,0.0051195478820823,53 ± 0.00512,52.9512939453125,53.0036506652832,74.71749884257724,0,1,0,0,0:298,0,0,0.0,model_dynamic,True,mckenzie2003,5.152609348297119,5.152609348297119,5.152609348297119,5.152609348297119,5.152609348297119,2.87989932885906,2.88,2.88,1.789163224529936,1.789100468158722,0,0.0,0,0.0,0,0.0,298,1535.4775857925415,0,0.0,0,0.0,16.0,18.0,18.0,0.00625,0.0062500000000013,0.025,0.0169476087411474
dynamic,model_dynamic/summary_timeseries.csv,20,20.4,298,119200.0,1163.0942351708495,14.162223676157154,1163 ± 14.16,1136.5560115475162,1211.168718992659,1.841823235761332,0.3103258226553713,1.842 ± 0.3103,0.3256541051658175,2.6392169696847807,0.3672604715356763,0.2207660612770732,0.3673 ± 0.2208,0.0389218483174248,1.4470542603923136,281.0,0.0,281 ± 0,281.0,281.0,52.76511056631203,0.0030742212213573,52.77 ± 0.003074,52.76165390014648,52.771034240722656,74.61270744514286,0,1,0,0,0:298,0,0,0.0,model_dynamic,True,mckenzie2003,4.992245658132054,5.023507595062256,4.927520275115967,5.023507595062256,5.023507595062256,2.81,2.81,2.81,1.7765998783388088,1.7877251227979558,0,0.0,0,0.0,0,0.0,298,1487.689206123352,0,0.0,0,0.0,16.0,18.0,18.0,0.0062499999999998,0.0062499999999998,0.025,0.0166338777054362
dynamic,model_dynamic/summary_timeseries.csv,20,20.3,298,119200.0,1163.0971781806584,14.157771426192465,1163 ± 14.16,1136.5797282693704,1211.0929585688416,1.825732486993632,0.3573055040861788,1.826 ± 0.3573,0.0882397027843824,2.730398687334621,0.3666254668143364,0.2197620228513143,0.3666 ± 0.2198,0.0390067135845786,1.4387777189046826,283.93959731543623,1.0409610164867569,283.9 ± 1.041,266.0,284.0,54.53768864574048,0.0502037344238557,54.54 ± 0.0502,53.67837524414063,54.5452995300293,74.51323029947116,0,1,0,0,0:298,0,0,0.0,model_dynamic,True,mckenzie2003,4.945429302702014,4.895684719085693,4.895684719085693,5.087899208068848,6.817772388458252,2.8393959731543625,2.84,2.84,1.741893474364269,1.7238326475653851,0,0.0,0,0.0,0,0.0,297,1466.920159816742,1,6.817772388458252,0,0.0,11.0,12.0,12.0,0.00625,0.0125,0.025,0.0248501323497776
dynamic,model_dynamic/summary_timeseries.csv,20,20.2,298,119200.0,1163.1012011928435,14.153121303043442,1163 ± 14.15,1136.6035841933876,1211.0185247811708,1.8109225938315043,0.4003758820867966,1.811 ± 0.4004,0.0,2.8163950576476755,0.3659752603900021,0.218790003377423,0.366 ± 0.2188,0.0379816004720892,1.4304719187348955,283.0469798657718,16.424051593457715,283 ± 16.42,0.0,284.0,53.63815855499882,0.417043158058863,53.64 ± 0.417,53.6090087890625,60.82529830932617,74.41494058778312,0,2,0,4,0:297; 4:1,1,0,0.0,model_dynamic,True,mckenzie2003,5.070609641555172,5.087899208068848,5.087899208068848,5.087899208068848,5.087899208068848,2.830469798657718,2.84,2.84,1.7914374652433265,1.791513805658045,1,0.0,0,0.0,0,0.0,297,1511.0416731834412,0,0.0,0,0.0,8.0,9.0,9.0,0.0124999999999997,0.0124999999999997,0.025,0.0240654428627467
dynamic,model_dynamic/summary_timeseries.csv,20,20.1,298,119200.0,1163.1052652430187,14.149512482907353,1163 ± 14.15,1136.6274232836784,1210.949493526546,1.796268887009299,0.4412201709171328,1.796 ± 0.4412,0.0,2.894865508688508,0.3653835785952207,0.2178958866709067,0.3654 ± 0.2179,0.0367296917870304,1.4224539094294464,290.0234899328859,16.828869766535902,290 ± 16.83,0.0,291.0,57.60161383200012,0.4230944370500616,57.6 ± 0.4231,57.572410583496094,64.8930435180664,74.32207024286777,0,2,0,4,0:297; 4:1,1,0,0.0,model_dynamic,True,mckenzie2003,5.135101564778577,5.152609348297119,5.152609348297119,5.152609348297119,5.152609348297119,2.900234899328859,2.91,2.91,1.7705812608374885,1.770656133435436,1,0.0,0,0.0,0,0.0,297,1530.260266304016,0,0.0,0,0.0,8.0,9.0,9.0,0.0125,0.0125000000000014,0.025,0.0222528673281574
dynamic,model_dynamic/summary_timeseries.csv,20,20.0,298,119200.0,1163.110848223528,14.145102123780896,1163 ± 14.15,1136.6515668340082,1210.8791950134796,1.783419351823347,0.4800193462789036,1.783 ± 0.48,0.0,2.9834921991618506,0.3647271925815436,0.2169593752026713,0.3647 ± 0.217,0.0354169910266685,1.41413586139021,291.8859060402685,17.011654197681864,291.9 ± 17.01,0.0,293.0,56.34724922948236,0.4323235067865296,56.35 ± 0.4323,55.43375015258789,63.692501068115234,74.22762817947137,0,2,0,4,0:297; 4:1,1,0,0.0,model_dynamic,True,mckenzie2003,5.148919275143003,5.152609348297119,5.087899208068848,5.185083866119385,6.817772388458252,2.9188590604026845,2.93,2.93,1.7643444452900785,1.7585697434461156,1,0.0,0,0.0,0,0.0,295,1520.7423992156982,2,13.635544776916504,0,0.0,8.0,9.0,9.0,0.0125,0.0125000000000014,0.025,0.0221426785454043
dynamic,model_dynamic/summary_timeseries.csv,20,19.9,298,119200.0,1163.1164494209154,14.14077173429445,1163 ± 14.14,1136.6756612303948,1210.8145331028054,1.7707134286846364,0.5169483690548006,1.771 ± 0.5169,0.0,3.0674057023753365,0.3641261539050004,0.2160657386454199,0.3641 ± 0.2161,0.0341537433686056,1.4067484190443031,291.38926174496646,29.404198077071428,291.4 ± 29.4,0.0,295.0,55.233253325391935,0.7191800669238215,55.23 ± 0.7192,55.13207244873047,62.36030578613281,74.13887187241062,0,2,0,4,0:295; 4:3,3,0,0.0,model_dynamic,True,mckenzie2003,5.038448751372779,5.087899208068848,5.023507595062256,5.185083866119385,5.185083866119385,2.913892617449665,2.94,2.95,1.7290803260866503,1.7247115959555417,3,0.0,0,0.0,0,0.0,295,1501.457727909088,0,0.0,0,0.0,8.0,9.0,9.0,0.0124999999999997,0.0124999999999997,0.025,0.0221496107529687
dynamic,model_dynamic/summary_timeseries.csv,20,19.8,298,119200.0,1163.1225940696463,14.136929744075626,1163 ± 14.14,1136.6997006831134,1210.75480403284,1.7587460964965291,0.5506136278606603,1.759 ± 0.5506,0.0,3.147146659957384,0.3635615972672948,0.2152118596878527,0.3636 ± 0.2152,0.0329406715467004,1.3998934179243323,286.7684563758389,33.58935910773278,286.8 ± 33.59,0.0,291.0,57.661671708894254,0.8453810618623903,57.66 ± 0.8454,57.29826736450195,64.98370361328125,74.05510334972655,0,3,0,4,0:294; 3:1; 4:3,3,0,0.0,model_dynamic,True,mckenzie2003,5.066458995253997,5.152609348297119,5.087899208068848,5.152609348297119,5.152609348297119,2.867684563758389,2.91,2.91,1.761944213639308,1.770656133435436,3,0.0,0,0.0,0,0.0,293,1505.5855984687803,1,4.202022552490234,1,0.0171595644205808,8.0,9.0,9.0,0.0125,0.0125000000000014,0.025,0.0208308847958139
dynamic,model_dynamic/summary_timeseries.csv,20,19.7,298,119200.0,1163.1301582789204,14.132629941184629,1163 ± 14.13,1136.7239410251411,1210.6958373533353,1.7485690395119278,0.5809327957193956,1.749 ± 0.5809,0.0,3.227665956474219,0.3629716052474825,0.2143592748118447,0.363 ± 0.2144,0.0317016039675521,1.3929107752627667,280.5436241610738,37.4473201739155,280.5 ± 37.45,0.0,286.0,56.95904116022507,0.9767341644411563,56.96 ± 0.9767,56.79375457763672,64.23521423339844,73.97189632819413,0,2,0,4,0:293; 4:5,5,0,0.0,model_dynamic,True,mckenzie2003,4.928815511249056,5.023507595062256,4.991431713104248,5.087899208068848,5.087899208068848,2.8054362416107383,2.86,2.86,1.75681523048455,1.756471187084705,5,0.0,0,0.0,0,0.0,291,1461.5868463516235,2,7.200176000595093,0,0.0,8.0,9.0,9.0,0.0124999999999997,0.0124999999999997,0.025,0.0205541087394585
dynamic,model_dynamic/summary_timeseries.csv,20,19.6,298,119200.0,1163.1383112725148,14.128209543633172,1163 ± 14.13,1136.7481474732288,1210.6412060398668,1.7391817865958843,0.6088641211409292,1.739 ± 0.6089,0.0,3.3049229138575997,0.3624010039475314,0.2135421138405014,0.3624 ± 0.2135,0.0305052080868162,1.3862118752331325,235.21812080536915,36.51113750034773,235.2 ± 36.51,0.0,241.0,51.66816470767028,0.951334089493411,51.67 ± 0.9513,50.343292236328125,57.770355224609375,73.89305856663805,0,2,0,4,0:291; 4:7,7,0,0.0,model_dynamic,True,mckenzie2003,4.343853497665201,4.458476543426514,4.397322177886963,4.458476543426514,6.041414260864258,2.3521812080536915,2.41,2.41,1.8471769087564331,1.849990266981956,7,0.0,0,0.0,0,0.0,289,1282.3855137825012,2,12.082828521728516,0,0.0,8.0,9.0,9.0,0.0125,0.0125000000000014,0.025,0.022248164333811
dynamic,model_dynamic/summary_timeseries.csv,20,19.5,298,119200.0,1163.1461445034802,14.124948147082437,1163 ± 14.12,1136.7719666988803,1210.5957315163323,1.7294020926078633,0.6348172908487911,1.729 ± 0.6348,0.0,3.372989722995811,0.3619489296125966,0.2128353888973141,0.3619 ± 0.2128,0.0294502348517359,1.3804100778521444,278.0838926174497,49.11740839729151,278.1 ± 49.12,0.0,287.0,57.24024466700202,1.3277711699848944,57.24 ± 1.328,56.091217041015625,64.74151611328125,73.823764817452,0,2,0,4,0:289; 4:9,9,0,0.0,model_dynamic,True,mckenzie2003,4.855913795880824,4.991431713104248,4.927520275115967,5.087899208068848,6.817772388458252,2.7808389261744977,2.87,2.87,1.7468724999829168,1.739174812928309,9,0.0,0,0.0,0,0.0,285,1419.9894428253174,4,27.07286834716797,0,0.0,8.0,9.0,9.0,0.0125,0.0125000000000014,0.025,0.0194473015123953
dynamic,model_dynamic/summary_timeseries.csv,20,19.4,298,119200.0,1163.1559337975832,14.120077287355388,1163 ± 14.12,1136.796245927491,1210.546729269949,1.7221097060420845,0.6583714795243198,1.722 ± 0.6584,0.0,3.446939491115292,0.3613683387737377,0.2120534552112573,0.3614 ± 0.2121,0.02830082129702,1.37400039472442,274.0268456375839,56.43603569484063,274 ± 56.44,0.0,286.0,55.00027194439165,1.475051144874296,55 ± 1.475,53.85378646850586,62.1518440246582,73.75048334245798,0,2,0,4,0:286; 4:12,12,0,0.0,model_dynamic,True,mckenzie2003,4.837074791024995,5.023507595062256,4.925340366363527,5.087899208068848,6.897447109222412,2.740268456375839,2.86,2.86,1.765229096217,1.756471187084705,12,0.0,0,0.0,0,0.0,284,1431.404248714447,2,10.044039011001589,0,0.0,8.0,9.0,9.0,0.0124999999999997,0.0124999999999997,0.025,0.0197474021578261
dynamic,model_dynamic/summary_timeseries.csv,20,19.3,298,119200.0,1163.1662480907646,14.11539100512367,1163 ± 14.12,1136.8203999757268,1210.5026453035728,1.7154285051553626,0.6796135213853121,1.715 ± 0.6796,0.0,3.5162332715209463,0.3608179717621975,0.2113175520338459,0.3608 ± 0.2113,0.0272179567291096,1.367998160648809,274.79194630872485,59.06426657586436,274.8 ± 59.06,0.0,288.0,58.02448441678246,1.5635982670091295,58.02 ± 1.564,56.70356369018555,65.2699966430664,73.68224532784598,0,2,0,4,0:285; 4:13,13,0,0.0,model_dynamic,True,mckenzie2003,4.775408915225292,4.991431713104248,4.843422436714173,5.023507595062256,6.897447109222412,2.747919463087248,2.88,2.88,1.7383217054279825,1.733136011494531,13,0.0,0,0.0,0,0.0,280,1392.7303252220154,5,30.34153151512146,0,0.0,8.0,9.0,9.0,0.0125,0.0125000000000014,0.025,0.0183729290956466
dynamic,model_dynamic/summary_timeseries.csv,20,19.2,298,119200.0,1163.1773319698634,14.110165374253848,1163 ± 14.11,1136.844781763515,1210.4586628204,1.7098671999554014,0.7000304262078846,1.71 ± 0.7,0.0,3.588784353563423,0.3602287577048444,0.2105646448888684,0.3602 ± 0.2106,0.0261094850303817,1.3618174726053915,268.7718120805369,62.69539880202175,268.8 ± 62.7,0.0,284.0,57.14289870038129,1.6911615083179294,57.14 ± 1.691,55.38495635986328,64.31747436523438,73.61388105688502,0,2,0,4,0:283; 4:15,15,0,0.0,model_dynamic,True,mckenzie2003,4.6765575936976695,4.927520275115967,1.1880635023117083,4.927520275115967,6.897447109222412,2.687718120805369,2.84,2.84,1.7395030162965728,1.7350423503929462,15,0.0,0,0.0,0,0.0,279,1375.068281173706,4,18.545881748199463,0,0.0,8.0,9.0,9.0,0.0124999999999997,0.0124999999999997,0.025,0.0182325950564952
dynamic,model_dynamic/summary_timeseries.csv,20,19.1,298,119200.0,1163.1889648398278,14.104928004072336,1163 ± 14.1,1136.869126039289,1210.417984379308,1.7049707612731235,0.7187276044810276,1.705 ± 0.7187,0.0,3.657758021611627,0.3596452513054463,0.209857871201828,0.3596 ± 0.2099,0.0250480725003669,1.3558831949050112,266.7046979865772,67.61835295081707,266.7 ± 67.62,0.0,284.0,56.03230140993259,1.7939799710854558,56.03 ± 1.794,54.309837341308594,63.19700241088867,73.54885834001902,0,3,0,4,0:280; 3:1; 4:17,17,0,0.0,model_dynamic,True,mckenzie2003,4.662127134221413,4.895684719085693,0.0,5.087899208068848,5.338804244995117,2.667046979865772,2.84,2.84,1.743155201722042,1.7238326475653851,17,0.0,0,0.0,0,0.0,279,1383.964198589325,1,5.338804244995117,1,0.0108831636607646,8.0,9.0,9.0,0.0125,0.0125000000000014,0.025,0.0181642013007252
dynamic,model_dynamic/summary_timeseries.csv,20,19.0,298,119200.0,1163.2008344927265,14.099915522925867,1163 ± 14.1,1136.893412750156,1210.3802962213754,1.70036416026736,0.7360856703140266,1.7 ± 0.7361,0.0,3.7073616673173175,0.3590815010050249,0.2091963630095095,0.3591 ± 0.2092,0.0240368535434115,1.350179158742529,266.7953020134228,69.62542430371643,266.8 ± 69.63,0.0,285.0,57.44540636971493,1.8331319962678856,57.45 ± 1.833,56.66151809692383,64.46963500976562,73.48688347121947,0,2,0,4,0:279; 4:19,19,0,0.0,model_dynamic,True,mckenzie2003,4.609886039823493,4.927520275115967,0.0,4.991431713104248,4.991431713104248,2.6679530201342287,2.85,2.85,1.7278575646004544,1.7289544824968304,19,0.0,0,0.0,0,0.0,279,1373.7460398674011,0,0.0,0,0.0,7.0,8.0,8.0,0.0125,0.025,0.025,0.0249692973982388
dynamic,model_dynamic/summary_timeseries.csv,20,18.9,298,119200.0,1163.213089551803,14.094706379128764,1163 ± 14.09,1136.9178369500096,1210.3440495027005,1.6963395003979846,0.7529412682438597,1.696 ± 0.7529,0.0,3.755996595180964,0.3584983397641194,0.2085290342682334,0.3585 ± 0.2085,0.0230334452603873,1.344476540567401,262.5503355704698,67.07287794826782,262.6 ± 67.07,0.0,280.0,55.60412340356199,1.828450624163552,55.6 ± 1.828,54.32096099853516,62.70753479003906,73.42621255269091,0,2,0,4,0:280; 4:18,18,0,0.0,model_dynamic,True,mckenzie2003,4.6430470827441885,4.927520275115967,0.0,4.991431713104248,6.778072834014893,2.6255033557046983,2.8000000000000003,2.8000000000000003,1.767703794761626,1.7598286696842738,18,0.0,0,0.0,0,0.0,278,1375.096661567688,2,8.531369090080261,0,0.0,8.0,9.0,9.0,0.0124999999999997,0.0124999999999997,0.025,0.017564210791012
dynamic,model_dynamic/summary_timeseries.csv,20,18.8,298,119200.0,1163.2253916143934,14.089865278323025,1163 ± 14.09,1136.9421570485497,1210.3111250967568,1.692266397361959,0.7691629788784732,1.692 ± 0.7692,0.0,3.802232882483003,0.3579426231587438,0.2079017315335586,0.3579 ± 0.2079,0.0220937207765081,1.339076857609936,265.503355704698,65.43115898347251,265.5 ± 65.43,0.0,282.0,56.73359367831441,1.7425647321974505,56.73 ± 1.743,55.08407211303711,63.80343246459961,73.36896804820731,0,2,0,4,0:281; 4:17,17,0,0.0,model_dynamic,True,mckenzie2003,4.681144613547613,4.927520275115967,0.0,5.023507595062256,6.659527778625488,2.65503355704698,2.82,2.82,1.7638701364097893,1.74734761528935,17,0.0,0,0.0,0,0.0,278,1377.7877492904663,3,17.193345546722412,0,0.0,7.0,8.0,8.0,0.0125,0.025,0.025,0.0249624400952467
dynamic,model_dynamic/summary_timeseries.csv,20,18.7,298,119200.0,1163.2377173687005,14.08508567906026,1163 ± 14.09,1136.9665919176875,1210.2791933593346,1.6883396057738316,0.7854402809582447,1.688 ± 0.7854,0.0,3.8495766859129934,0.3573925516836553,0.2072724402086342,0.3574 ± 0.2073,0.0211698582892635,1.3336647811300435,264.78859060402687,67.15847433641426,264.8 ± 67.16,0.0,282.0,57.8673963226728,1.815968077754675,57.87 ± 1.816,56.53047561645508,65.02176666259766,73.31260144164708,0,2,0,4,0:280; 4:18,18,0,0.0,model_dynamic,True,mckenzie2003,4.7334833369159055,5.023507595062256,0.0,5.023507595062256,6.817772388458252,2.647885906040268,2.82,2.82,1.788162089720011,1.7813856720078922,18,0.0,0,0.0,0,0.0,277,1390.1644167900083,3,20.4136176109314,0,0.0,6.0,6.0,6.0,0.0124999999999997,0.0249999999999994,0.025,0.024430716012809
dynamic,model_dynamic/summary_timeseries.csv,20,18.6,298,119200.0,1163.2503058070458,14.080212564904455,1163 ± 14.08,1136.9911398928095,1210.2484113620778,1.6848703751877057,0.8014439036866071,1.685 ± 0.8014,0.0,3.898246150236197,0.3568401731646974,0.2066423084971141,0.3568 ± 0.2066,0.0202663141580511,1.3282500958665202,262.8859060402685,66.67727848217734,262.9 ± 66.68,0.0,280.0,59.766873366080674,1.9101138861043008,59.77 ± 1.91,58.39582824707031,67.2930908203125,73.25727146926829,0,2,0,4,0:280; 4:18,18,0,0.0,model_dynamic,True,mckenzie2003,4.680823329311089,5.023507595062256,0.0,5.023507595062256,6.778072834014893,2.628859060402685,2.8000000000000003,2.8000000000000003,1.7810356880376463,1.7941098553793768,18,0.0,0,0.0,0,0.0,277,1374.7488012313845,3,20.136550903320312,0,0.0,5.0,5.0,5.0,0.0125,0.025,0.025,0.0235350627022052
dynamic,model_dynamic/summary_timeseries.csv,20,18.5,298,119200.0,1163.263205802134,14.075131509206765,1163 ± 14.08,1137.0158455258572,1210.218431454405,1.6819672332787132,0.8174412842691287,1.682 ± 0.8174,0.0,3.949533487483598,0.3562743693403271,0.2060015095295683,0.3563 ± 0.206,0.0193809280087355,1.322772392001,259.06040268456377,66.02579607614626,259.1 ± 66.03,0.0,277.0,59.0003625626532,1.9809752712614368,59 ± 1.981,57.6975212097168,66.75037384033203,73.2025859285477,0,2,0,4,0:280; 4:18,18,0,0.0,model_dynamic,True,mckenzie2003,4.555060008228225,4.832254886627197,0.0,4.895684719085693,6.580959796905518,2.590604026845638,2.76,2.77,1.7582855840309484,1.7508169879084046,18,0.0,0,0.0,0,0.0,277,1341.7136149406433,3,15.694267511367798,0,0.0,6.0,6.0,6.0,0.0125,0.025,0.025,0.0237026550228566
dynamic,model_dynamic/summary_timeseries.csv,20,18.4,298,119200.0,1163.2761558106374,14.070241068460808,1163 ± 14.07,1137.0405240380344,1210.1907646671957,1.679137669469063,0.8331610762492012,1.679 ± 0.8332,0.0,3.9997335987539233,0.3557387558461605,0.2053866063447689,0.3557 ± 0.2054,0.0185561114072911,1.3175062279421363,260.0973154362416,67.89639209786637,260.1 ± 67.9,0.0,278.0,59.305351794966114,2.045681240017548,59.31 ± 2.046,57.91560363769531,67.13800048828125,73.15024062916109,0,2,0,4,0:279; 4:19,19,0,0.0,model_dynamic,True,mckenzie2003,4.677947476406225,4.991431713104248,0.0,4.991431713104248,6.698950290679932,2.600973154362417,2.78,2.78,1.7990285981248058,1.7954790334907365,19,0.0,0,0.0,0,0.0,276,1374.0889101028442,3,19.939437866210938,0,0.0,5.0,5.0,5.0,0.0124999999999997,0.0249999999999994,0.025,0.0234570945351032
dynamic,model_dynamic/summary_timeseries.csv,20,18.3,298,119200.0,1163.289337165687,14.065337314215634,1163 ± 14.07,1137.0652622777827,1210.1642358648985,1.6766620531523344,0.8486976332027943,1.677 ± 0.8487,0.0,4.050234485892713,0.3552084448685429,0.204770611269698,0.3552 ± 0.2048,0.0177763841851588,1.3122894530280271,254.9060402684564,66.98285288762209,254.9 ± 66.98,0.0,273.0,57.69632806713949,1.9699221431706715,57.7 ± 1.97,55.590457916259766,65.14232635498047,73.09897358711578,0,2,0,4,0:279; 4:19,19,0,0.0,model_dynamic,True,mckenzie2003,4.5813059822824975,4.895684719085693,0.0,4.927520275115967,6.659527778625488,2.549060402684564,2.73,2.73,1.7969672232495362,1.7932911058921954,19,0.0,0,0.0,0,0.0,276,1351.0334396362305,3,14.195743083953856,0,0.0,5.0,5.0,5.0,0.0125,0.025,0.025,0.0239693256065091
dynamic,model_dynamic/summary_timeseries.csv,20,18.2,298,119200.0,1163.302514507346,14.060679847508036,1163 ± 14.06,1137.0899027845428,1210.140366789621,1.6741087429540464,0.8636992372606733,1.674 ± 0.8637,0.0,4.097988970999403,0.3547083054930515,0.2041842637600357,0.3547 ± 0.2042,0.0170745911640239,1.3073144096568523,280.0637583892617,77.37149529291189,280.1 ± 77.37,0.0,302.0,64.4280532606496,2.5893483171237617,64.43 ± 2.589,62.85419845581055,73.88801574707031,73.05046400507831,2,4,1,4,1:5; 2:272; 3:1; 4:20,20,0,0.0,model_dynamic,True,mckenzie2003,4.877824444805066,5.250270843505859,0.0,5.250270843505859,7.017647743225098,2.8006375838926174,3.02,3.02,1.736602477272851,1.738500279306576,20,0.0,0,0.0,0,0.0,274,1436.5353808403015,3,17.04338026046753,1,0.0129234511405229,5.0,5.0,5.0,0.0124999999999997,0.0249999999999994,0.025,0.0249957434698988
dynamic,model_dynamic/summary_timeseries.csv,20,18.1,298,119200.0,1163.316346865866,14.05551694761444,1163 ± 14.06,1137.115109669625,1210.1131130222657,1.673136359507769,0.8785922590084554,1.673 ± 0.8786,0.0,4.157275397294157,0.3541258979920058,0.203527907917429,0.3541 ± 0.2035,0.0161605941639904,1.3018621643438584,310.89261744966444,87.56164777037405,310.9 ± 87.56,0.0,336.0,69.64364744352814,3.105687491415288,69.64 ± 3.106,67.83781433105469,80.7884521484375,72.99800335264035,1,3,1,4,1:276; 3:3; 4:19,19,0,0.0,model_dynamic,True,mckenzie2003,5.06034920078346,5.447729587554932,0.0,5.51417875289917,7.465405464172363,3.1089261744966445,3.36,3.36,1.6138974831494688,1.621348091534206,19,0.0,0,0.0,0,0.0,272,1478.1550822257996,4,29.779394149780277,3,0.0495854578912258,5.0,5.0,5.0,0.0125,0.025,0.025,0.0243502193889668
dynamic,model_dynamic/summary_timeseries.csv,20,18.0,298,119200.0,1163.3308691221591,14.049883657953975,1163 ± 14.05,1137.1407813432072,1210.085674597627,1.6737859742368943,0.8930197111770075,1.674 ± 0.893,0.0,4.227598256123728,0.3534904393490523,0.202827587152309,0.3535 ± 0.2028,0.0146991527073211,1.2961344727275157,280.0469798657718,68.74642985927028,280 ± 68.75,0.0,300.0,63.88817287931506,2.333044340228248,63.89 ± 2.333,62.33077621459961,73.11793518066406,72.94489325441987,2,4,1,4,1:11; 2:272; 3:1; 4:14,14,0,0.0,model_dynamic,True,mckenzie2003,4.8686212606028025,5.185083866119385,1.0330300305038709,5.185083866119385,7.017647743225098,2.8004697986577187,2.99,2.99,1.7268308827516523,1.7341417612439414,14,0.0,0,0.0,0,0.0,272,1410.3103370666504,11,40.519447445869446,1,0.0193511471152305,8.0,9.0,9.0,0.0125,0.0125000000000014,0.025,0.0148203925245434
dynamic,model_dynamic/summary_timeseries.csv,20,17.9,298,119200.0,1163.3442896373392,14.04569603723123,1163 ± 14.05,1137.1660245485311,1210.0608298316347,1.6723668636910496,0.9085688729523091,1.672 ± 0.9086,0.0,4.285307951835087,0.3529568339264387,0.2021935949713989,0.353 ± 0.2022,0.0133612385928411,1.2905401933670286,250.75503355704697,70.44701749060084,250.8 ± 70.45,0.0,271.0,55.81179958061884,2.009444240422184,55.81 ± 2.009,54.3966064453125,63.027976989746094,72.89480528310355,0,3,0,4,0:276; 3:7; 4:15,15,0,0.0,model_dynamic,True,mckenzie2003,4.48202595667876,4.832254886627197,0.00925068911165,4.832254886627197,6.659527778625488,2.5075503355704707,2.71,2.71,1.7518279515810624,1.7831198843642797,15,0.0,0,0.0,0,0.0,272,1311.0260248184204,4,24.51366233825684,7,0.1040479335933923,6.0,6.0,6.0,0.0124999999999997,0.0249999999999994,0.025,0.0242522252552532
dynamic,model_dynamic/summary_timeseries.csv,20,17.8,298,119200.0,1163.3572799703293,14.042145148640929,1163 ± 14.04,1137.1906347575018,1210.03978166991,1.669714142985419,0.9228405780209544,1.67 ± 0.9228,0.0,4.330462165854714,0.3525301144273745,0.201663968509737,0.3525 ± 0.2017,0.0122628301584321,1.2853656184492763,245.2046979865772,69.65862380600389,245.2 ± 69.66,0.0,266.0,57.91972637816564,2.1362449790437514,57.92 ± 2.136,55.91314697265625,65.39411163330078,72.84914691240806,0,2,0,4,0:276; 4:22,22,0,0.0,model_dynamic,True,mckenzie2003,4.4747454532040845,4.832254886627197,0.0,4.832254886627197,6.580959796905518,2.452046979865772,2.65,2.66,1.824655726149108,1.8166371754237585,22,0.0,0,0.0,0,0.0,272,1313.0302410125732,4,20.44390404224396,0,0.0,6.0,7.0,7.0,0.0125,0.025,0.025,0.0232333136239058
dynamic,model_dynamic/summary_timeseries.csv,20,17.7,298,119200.0,1163.3703190747476,14.038500090291008,1163 ± 14.04,1137.21543446817,1210.0192227991838,1.667425572012565,0.9371339883963872,1.667 ± 0.9371,0.0,4.396396495397989,0.3520633935213266,0.2011316932365201,0.3521 ± 0.2011,0.011173393685234,1.2801247449404078,250.15436241610735,72.88450225451766,250.2 ± 72.88,0.0,272.0,54.60163526086999,2.122122677676814,54.6 ± 2.122,52.3419303894043,61.94139099121094,72.80378833101395,0,3,0,4,0:275; 3:1; 4:22,22,0,0.0,model_dynamic,True,mckenzie2003,4.474963108871457,4.832254886627197,0.0,4.895684719085693,6.580959796905518,2.501543624161074,2.72,2.72,1.782952881829264,1.7765642965541164,22,0.0,0,0.0,0,0.0,271,1315.441978931427,4,18.08410406112671,1,0.0129234511405229,7.0,8.0,8.0,0.0124999999999997,0.0249999999999994,0.025,0.024510723483102
dynamic,model_dynamic/summary_timeseries.csv,20,17.6,298,119200.0,1163.3827639212047,14.035586263653927,1163 ± 14.04,1137.2400076399529,1210.001282158651,1.6643029154952995,0.9510127286930564,1.664 ± 0.951,0.0,4.458686174602999,0.351655010877016,0.2006400827531929,0.3517 ± 0.2006,0.0101698923274906,1.2751670468965244,249.79194630872485,75.62302969136992,249.8 ± 75.62,0.0,273.0,55.42868417061416,2.0177586637213114,55.43 ± 2.018,53.95100784301758,62.14153289794922,72.7612745186982,0,3,0,4,0:273; 3:1; 4:24,24,0,0.0,model_dynamic,True,mckenzie2003,4.451434326151873,4.832254886627197,0.0,4.895684719085693,6.698950290679932,2.4979194630872485,2.73,2.73,1.7776757542445838,1.7700567350282774,24,0.0,0,0.0,0,0.0,270,1308.9036331176758,3,17.599923133850098,1,0.0238729417324066,6.0,7.0,7.0,0.0125,0.025,0.025,0.0244032916961337
dynamic,model_dynamic/summary_timeseries.csv,20,17.5,298,119200.0,1163.395618061208,14.032565968823365,1163 ± 14.03,1137.264662127495,1209.98523987578,1.6617459213049868,0.9646332425948724,1.662 ± 0.9646,0.0,4.521517010875947,0.3512398645846513,0.2001457337048269,0.3512 ± 0.2001,0.0091660082267584,1.2702109209748516,247.7013422818792,75.20429489964414,247.7 ± 75.2,0.0,271.0,56.76001603811379,2.1353452308662395,56.76 ± 2.135,55.19032287597656,63.90581130981445,72.720577748285,0,3,0,4,0:273; 3:1; 4:24,24,0,0.0,model_dynamic,True,mckenzie2003,4.366019520117908,4.737714767456055,0.0,4.800660610198975,6.463802814483643,2.4770134228187923,2.71,2.71,1.7574627048377565,1.7482342315335997,24,0.0,0,0.0,0,0.0,270,1287.209674358368,3,13.857170343399048,1,0.006972293369472,6.0,7.0,7.0,0.0125,0.025,0.025,0.0234790803056076
dynamic,model_dynamic/summary_timeseries.csv,20,17.4,298,119200.0,1163.4086566908088,14.029713975168107,1163 ± 14.03,1137.2894436553113,1209.970928344185,1.6596000375335629,0.9781238511607662,1.66 ± 0.9781,0.0,4.585291821867452,0.3508228886185293,0.1996431597638754,0.3508 ± 0.1996,0.0081389863187117,1.2652515312819332,247.41610738255036,76.83055536176036,247.4 ± 76.83,0.0,272.0,56.21023783587769,2.1354071351177866,56.21 ± 2.135,55.501583099365234,63.07548522949219,72.68148468887375,0,2,0,4,0:272; 4:26,26,0,0.0,model_dynamic,True,mckenzie2003,4.417754221282549,4.832254886627197,0.0,4.895684719085693,4.895684719085693,2.4741610738255035,2.72,2.72,1.7854286181546488,1.7831198843642797,26,0.0,0,0.0,0,0.0,270,1309.6271648406982,2,6.863593101501465,0,0.0,7.0,8.0,8.0,0.0124999999999997,0.0249999999999994,0.025,0.0239719018285806
dynamic,model_dynamic/summary_timeseries.csv,20,17.3,298,119200.0,1163.4216912536494,14.02725203007983,1163 ± 14.03,1137.314218935802,1209.9578079508058,1.6574845498356356,0.9912499668233674,1.657 ± 0.9912,0.0,4.648359156377504,0.3504235154074039,0.1991499139577892,0.3504 ± 0.1991,0.0071353752963046,1.2603760884734565,244.6208053691275,76.30458550099658,244.6 ± 76.3,0.0,269.0,57.75075024086357,2.094185997777915,57.75 ± 2.094,56.78437805175781,64.39260864257812,72.64358901500373,0,2,0,4,0:272; 4:26,26,0,0.0,model_dynamic,True,mckenzie2003,4.383692247355544,4.800660610198975,0.0,4.895684719085693,4.895684719085693,2.446208053691276,2.69,2.69,1.7906187484172076,1.7846321970999903,26,0.0,0,0.0,0,0.0,270,1302.2684326171875,2,4.0718570947647095,0,0.0,6.0,7.0,7.0,0.0125,0.025,0.025,0.0240146591725388
dynamic,model_dynamic/summary_timeseries.csv,20,17.2,298,119200.0,1163.4352348607806,14.024426616486084,1163 ± 14.02,1137.3391326676751,1209.9449707431856,1.6560985400392796,1.004376641019754,1.656 ± 1.004,0.0,4.712688358262352,0.3500037865032495,0.1986444806507541,0.35 ± 0.1986,0.006113427547038,1.2554583929480263,250.43624161073825,79.28648438421733,250.4 ± 79.29,0.0,276.0,55.44984296504283,2.13013685075349,55.45 ± 2.13,53.944766998291016,62.22443389892578,72.60583807551052,0,3,0,4,0:271; 3:1; 4:26,26,0,0.0,model_dynamic,True,mckenzie2003,4.408815215398001,4.832254886627197,0.0,4.895684719085693,6.778072834014893,2.5043624161073827,2.76,2.76,1.755205012010369,1.7508169879084046,26,0.0,0,0.0,0,0.0,268,1298.0074772834778,3,15.795583963394163,1,0.0238729417324066,8.0,9.0,9.0,0.0124999999999997,0.0124999999999997,0.025,0.0165555782585723
dynamic,model_dynamic/summary_timeseries.csv,20,17.1,298,119200.0,1163.448457928219,14.022101563087382,1163 ± 14.02,1137.3638930080976,1209.9328966802232,1.654216511767198,1.0172762522638523,1.654 ± 1.017,0.0,4.774203240858955,0.3496236738167176,0.1981672864248444,0.3496 ± 0.1982,0.005147964849638,1.2507334910971022,251.8053691275168,79.79038628171034,251.8 ± 79.79,0.0,278.0,57.90453304060353,2.0973565010714847,57.9 ± 2.097,56.3553466796875,64.5603256225586,72.56900367212552,0,3,0,4,0:271; 3:1; 4:26,26,0,0.0,model_dynamic,True,mckenzie2003,4.488221390841641,4.991431713104248,0.0,4.991431713104248,6.778072834014893,2.5180536912751683,2.78,2.78,1.7769335437321705,1.7954790334907365,26,0.0,0,0.0,0,0.0,267,1315.0528683662417,4,22.424182653427124,1,0.0129234511405229,6.0,6.0,6.0,0.0125,0.025,0.025,0.0245822264673169
dynamic,model_dynamic/summary_timeseries.csv,20,17.0,298,119200.0,1163.4620021185017,14.019566129374734,1163 ± 14.02,1137.3888760376956,1209.9208484519106,1.652991711895748,1.0302246735571514,1.653 ± 1.03,0.0,4.838014408701582,0.3492228309242106,0.1976707654791199,0.3492 ± 0.1977,0.0041479172482472,1.2458942109454063,261.996644295302,83.01756498550048,262 ± 83.02,0.0,289.0,61.16805353100668,2.188654851972887,61.17 ± 2.189,59.508975982666016,68.12992095947266,72.53197241421503,0,3,0,4,0:271; 3:1; 4:26,26,0,0.0,model_dynamic,True,mckenzie2003,4.651597504085243,5.152609348297119,0.0,5.152609348297119,6.897447109222412,2.6199664429530203,2.89,2.89,1.7698766597557458,1.7829098090993492,26,0.0,0,0.0,0,0.0,266,1356.594782829285,5,29.570390224456787,1,0.0108831636607646,6.0,6.0,6.0,0.0125,0.025,0.025,0.0236416761050974
dynamic,model_dynamic/summary_timeseries.csv,20,16.9,298,119200.0,1163.476035635579,14.016680309679437,1163 ± 14.02,1137.4141639376662,1209.9085499328046,1.6527399548547843,1.0434045327982486,1.653 ± 1.043,0.0,4.90596225092745,0.3487869440111641,0.1971490840947273,0.3488 ± 0.1971,0.0031047670341348,1.2409112178542627,259.3221476510068,82.02960412213737,259.3 ± 82.03,0.0,286.0,61.05781064897575,2.1186392663172624,61.06 ± 2.119,59.23006820678711,67.81698608398438,72.49438599513837,0,3,0,4,0:271; 3:2; 4:25,25,0,0.0,model_dynamic,True,mckenzie2003,4.6478566085394695,5.087899208068848,0.0,5.087899208068848,6.897447109222412,2.593221476510067,2.86,2.86,1.7822628791869608,1.7789857370870097,25,0.0,0,0.0,0,0.0,264,1342.6326117515564,7,42.39186120033264,2,0.0367963928729295,7.0,8.0,8.0,0.0124999999999997,0.0249999999999994,0.025,0.024147476047295
dynamic,model_dynamic/summary_timeseries.csv,20,16.8,298,119200.0,1163.4898938475635,14.014087154914334,1163 ± 14.01,1137.4394930971994,1209.895483380801,1.6523459796912128,1.056530964394452,1.652 ± 1.057,0.0,4.973535010656377,0.3483695073393731,0.1966281678162899,0.3484 ± 0.1966,0.0021241013187251,1.235983859930251,257.2281879194631,80.81423896111387,257.2 ± 80.81,0.0,284.0,59.25268625092986,2.078969993249984,59.25 ± 2.079,57.29595565795898,65.78848266601562,72.45599028360152,0,3,0,4,0:272; 3:1; 4:25,25,0,0.0,model_dynamic,True,mckenzie2003,4.597622879874586,5.087899208068848,0.0,5.087899208068848,6.817772388458252,2.5722818791946307,2.84,2.84,1.7801719689324929,1.791513805658045,25,0.0,0,0.0,0,0.0,264,1334.4938731193542,8,35.57839393615723,1,0.0193511471152305,8.0,9.0,9.0,0.0125,0.0125000000000014,0.025,0.0162533179977722
dynamic,model_dynamic/summary_timeseries.csv,20,16.7,298,119200.0,1163.5034782140983,14.01185573309921,1164 ± 14.01,1137.4647028357422,1209.8824116268308,1.6515195786976669,1.0693160240052235,1.652 ± 1.069,0.0,5.038999945643986,0.3479953188863858,0.1961303362449324,0.348 ± 0.1961,0.0013292464252254,1.2312029728100349,266.1510067114094,85.22686276386351,266.2 ± 85.23,0.0,295.0,58.86438164935016,2.1226161904751746,58.86 ± 2.123,57.182395935058594,65.46808624267578,72.41770879108867,0,3,0,4,0:271; 3:2; 4:25,25,0,0.0,model_dynamic,True,mckenzie2003,4.604197111462037,5.087899208068848,0.0,5.185083866119385,6.937422275543213,2.6615100671140937,2.95,2.95,1.717517133926843,1.7247115959555417,25,0.0,0,0.0,0,0.0,263,1334.4455428123474,8,37.58073544502258,2,0.0244609583169221,7.0,8.0,8.0,0.0124999999999997,0.0249999999999994,0.025,0.0194944117477382
dynamic,model_dynamic/summary_timeseries.csv,20,16.6,298,119200.0,1163.5170745891237,14.009672451663008,1164 ± 14.01,1137.4899000918736,1209.8695180731304,1.6507381405435018,1.0817137723386756,1.651 ± 1.082,0.0,5.103840329335351,0.3476351845590574,0.1956441844978499,0.3476 ± 0.1956,0.001056343420726,1.2264686224481716,266.3859060402685,86.84991723374266,266.4 ± 86.85,0.0,296.0,60.75061379503084,2.211651423832884,60.75 ± 2.212,58.9794807434082,67.50332641601562,72.37961798125684,0,3,0,4,0:270; 3:2; 4:26,26,0,0.0,model_dynamic,True,mckenzie2003,4.572522743411312,5.023507595062256,0.0,5.152609348297119,6.937422275543213,2.663859060402685,2.96,2.96,1.7048631618807892,1.697130944277789,26,0.0,0,0.0,0,0.0,262,1321.8706250190735,8,40.6979284286499,2,0.0432240888476371,8.0,9.0,9.0,0.0125,0.0125000000000014,0.025,0.0166270613552204
dynamic,model_dynamic/summary_timeseries.csv,20,16.5,298,119200.0,1163.530876451433,14.007225944239988,1164 ± 14.01,1137.5152795347374,1209.8569672259723,1.6504926769035675,1.0939937543200209,1.65 ± 1.094,0.0,5.170147646573914,0.3472582789508115,0.1951532879631358,0.3473 ± 0.1952,0.0016185794317878,1.2216958977823282,267.30872483221475,83.4412464056575,267.3 ± 83.44,0.0,296.0,59.83099837591184,2.17955250685369,59.83 ± 2.18,57.397003173828125,66.54609680175781,72.34168769123494,0,2,0,4,0:273; 4:25,25,0,0.0,model_dynamic,True,mckenzie2003,4.589887880638942,5.023507595062256,0.0,5.087899208068848,6.937422275543213,2.6730872483221475,2.95,2.96,1.713030551111559,1.697130944277789,25,0.0,0,0.0,0,0.0,261,1315.286747932434,12,52.49984049797058,0,0.0,8.0,9.0,9.0,0.0125,0.0125000000000014,0.025,0.0167040763299451
dynamic,model_dynamic/summary_timeseries.csv,20,16.4,298,119200.0,1163.544639253247,14.00489059185375,1164 ± 14,1137.5406117439643,1209.8443411491874,1.650098956640862,1.1062182598149182,1.65 ± 1.106,0.0,5.235296177806609,0.3469000343706094,0.1946748689074546,0.3469 ± 0.1947,0.0025015904385035,1.2170052958685913,271.8020134228188,85.94612247856497,271.8 ± 85.95,0.0,301.0,63.01043246736462,2.268200569510192,63.01 ± 2.268,60.51740646362305,70.05984497070312,72.30372940522307,0,3,0,4,0:272; 3:1; 4:25,25,0,0.0,model_dynamic,True,mckenzie2003,4.78523801227144,5.250270843505859,0.0,5.250270843505859,7.138671398162842,2.7180201342281887,3.01,3.01,1.753380110761567,1.7442760277428102,25,0.0,0,0.0,0,0.0,259,1359.8201484680176,13,66.15690624713898,1,0.0238729417324066,8.0,9.0,9.0,0.0124999999999997,0.0124999999999997,0.025,0.0155856522464857
dynamic,model_dynamic/summary_timeseries.csv,20,16.3,298,119200.0,1163.558993711623,14.002166215580408,1164 ± 14,1137.566267588866,1209.8315366405457,1.650829460266065,1.1184030869131891,1.651 ± 1.118,0.0,5.303601907828439,0.3465068124090151,0.194172681718614,0.3465 ± 0.1942,0.0035558823821092,1.2121754236008382,278.13758389261744,87.63123158169603,278.1 ± 87.63,0.0,308.0,62.07627424457729,2.3049901683412437,62.08 ± 2.305,59.5627326965332,69.38589477539062,72.26526905167975,0,3,0,4,0:272; 3:2; 4:24,24,0,0.0,model_dynamic,True,mckenzie2003,4.822015328370285,5.282983303070068,0.0,5.348645210266113,7.219810009002685,2.781375838926174,3.08,3.08,1.7225762827151794,1.7152543191785936,24,0.0,0,0.0,0,0.0,259,1371.5800366401672,13,65.35876488685608,2,0.0217663273215293,8.0,9.0,9.0,0.0125,0.0125000000000014,0.025,0.0157324190444757
dynamic,model_dynamic/summary_timeseries.csv,20,16.2,298,119200.0,1163.5732257177906,13.999621061653952,1164 ± 14,1137.591885247429,1209.8181941313549,1.6513495146569122,1.1302487749987653,1.651 ± 1.13,0.0,5.37029391778466,0.3461334443116861,0.1936940405569981,0.3461 ± 0.1937,0.0046170130524726,1.207415476181362,294.53355704697987,92.76234635222546,294.5 ± 92.76,0.0,327.0,66.38684373893994,2.1800635477870114,66.39 ± 2.18,64.51627349853516,73.31401824951172,72.22630888392587,0,3,0,4,0:272; 3:2; 4:24,24,0,0.0,model_dynamic,True,mckenzie2003,5.013535162527739,5.51417875289917,0.0,5.547520637512207,7.465405464172363,2.945335570469799,3.26,3.27,1.6917052660265264,1.6914658751224447,24,0.0,0,0.0,0,0.0,260,1434.7028970718384,12,59.30253863334656,2,0.0280427280813455,8.0,9.0,9.0,0.0124999999999997,0.0124999999999997,0.025,0.0149689509579847
dynamic,model_dynamic/summary_timeseries.csv,20,16.1,298,119200.0,1163.5881522498173,13.99669632545086,1164 ± 14,1137.6179325785636,1209.8044368874232,1.6533006550639835,1.142295243394441,1.653 ± 1.142,0.0,5.440971016786345,0.3457161288955202,0.1931767891166374,0.3457 ± 0.1932,0.0057955650559441,1.202478008175207,297.8120805369128,90.2123794781382,297.8 ± 90.21,0.0,328.0,66.5281530290642,2.135865751959908,66.53 ± 2.136,64.72479248046875,73.59446716308594,72.18650430885964,0,3,0,4,0:274; 3:3; 4:21,21,0,0.0,model_dynamic,True,mckenzie2003,5.037845917711747,5.547520637512207,0.0,5.547520637512207,7.506654739379883,2.978120805369128,3.28,3.28,1.675968303159873,1.6913172675342094,21,0.0,0,0.0,0,0.0,260,1431.0756492614746,14,70.16741919517517,3,0.0350150214508175,8.0,9.0,9.0,0.0125,0.0125000000000014,0.025,0.0139571862467188
dynamic,model_dynamic/summary_timeseries.csv,20,16.0,298,119200.0,1163.6030387502983,13.99386216066462,1164 ± 13.99,1137.64400960148,1209.7895834300982,1.6552281128672692,1.154579908742169,1.655 ± 1.155,0.0,5.511590601069606,0.345307163579012,0.1926648754152372,0.3453 ± 0.1927,0.0069831767791714,1.1975457851604847,296.5302013422819,89.14391930818327,296.5 ± 89.14,0.0,326.0,67.85022541020541,2.131753189441548,67.85 ± 2.132,66.03872680664062,75.04060363769531,72.14557382861835,0,3,0,4,0:274; 3:3; 4:21,21,0,0.0,model_dynamic,True,mckenzie2003,4.963490465090254,5.381594657897949,0.0,5.447729587554932,7.465405464172363,2.965302013422819,3.26,3.26,1.6603255908233163,1.650795907330659,21,0.0,0,0.0,0,0.0,260,1404.543556213379,14,74.54378318786621,3,0.0328191956505179,8.0,9.0,9.0,0.0124999999999999,0.0124999999999999,0.025,0.0150870053022784
dynamic,model_dynamic/summary_timeseries.csv,20,15.9,298,119200.0,1163.6180368411708,13.99111623743486,1164 ± 13.99,1137.6702461199447,1209.7744468140938,1.6575375294501369,1.1668069105245005,1.658 ± 1.167,0.0,5.58318385883685,0.3448972246727975,0.1921504802752558,0.3449 ± 0.1922,0.0082086069445497,1.1926050862202184,298.2281879194631,87.90153283019342,298.2 ± 87.9,0.0,327.0,68.03453576004745,2.1432383619911737,68.03 ± 2.143,65.82933807373047,75.34232330322266,72.10420069414909,2,4,1,4,1:16; 2:259; 3:4; 4:19,19,0,0.0,model_dynamic,True,mckenzie2003,5.035228818608135,5.447729587554932,0.0,5.51417875289917,7.465405464172363,2.982281879194631,3.27,3.27,1.669025301646346,1.66597235093423,19,0.0,0,0.0,0,0.0,259,1412.635133266449,16,87.81292462348938,4,0.0501300552859902,8.0,9.0,9.0,0.0124999999999999,0.0124999999999999,0.025,0.0131554514882975
dynamic,model_dynamic/summary_timeseries.csv,20,15.8,298,119200.0,1163.6331064094277,13.988318807299736,1164 ± 13.99,1137.6965455883892,1209.7588826841245,1.6599595024267102,1.1790700823095632,1.66 ± 1.179,0.0,5.654762021604683,0.3444888545515425,0.1916385472334008,0.3445 ± 0.1916,0.0094405431041356,1.1876631884499158,301.27852348993287,85.73789234087118,301.3 ± 85.74,0.0,329.0,69.03527947240228,2.146501034579354,69.04 ± 2.147,66.57703399658203,76.51022338867188,72.06233709573507,2,4,1,4,1:18; 2:259; 3:3; 4:18,18,0,0.0,model_dynamic,True,mckenzie2003,5.01987428805047,5.381594657897949,0.0,5.447729587554932,7.506654739379883,3.0127852348993285,3.29,3.29,1.651056330303312,1.6357430571118388,18,0.0,0,0.0,0,0.0,259,1401.1422243118286,18,94.74154317378998,3,0.0387703534215688,8.0,9.0,9.0,0.0125,0.0125000000000014,0.025,0.012729464748389
dynamic,model_dynamic/summary_timeseries.csv,20,15.7,298,119200.0,1163.6483091072678,13.98553924713673,1164 ± 13.99,1137.7229633309946,1209.743174967293,1.6627204026884126,1.1913466664478265,1.663 ± 1.191,0.0,5.727076077361219,0.3440781251590325,0.1911255768845705,0.3441 ± 0.1911,0.0107035344673599,1.1827034585869227,299.22147651006713,84.35482311673006,299.2 ± 84.35,0.0,327.0,67.8218069396563,2.17455927036602,67.82 ± 2.175,65.5487060546875,75.5338363647461,72.02021163629843,2,4,1,4,1:18; 2:259; 3:3; 4:18,18,0,0.0,model_dynamic,True,mckenzie2003,5.05535998448867,5.381594657897949,0.0,5.547520637512207,7.465405464172363,2.9922147651006714,3.26,3.27,1.67537652323872,1.650795907330659,18,0.0,0,0.0,0,0.0,259,1407.16907787323,18,99.28252291679382,3,0.0456745875999331,8.0,9.0,9.0,0.0124999999999999,0.0124999999999999,0.025,0.0157080734937505
dynamic,model_dynamic/summary_timeseries.csv,20,15.6,298,119200.0,1163.6631799742895,13.983105377057406,1164 ± 13.98,1137.7493066763109,1209.727009981085,1.6649407554185347,1.203873488651462,1.665 ± 1.204,0.0,5.797883370345951,0.3436897615224634,0.1906282793675101,0.3437 ± 0.1906,0.0119327670543136,1.177779546643596,302.19127516778525,83.14259799723396,302.2 ± 83.14,0.0,329.0,73.90035416775902,2.227234859384195,73.9 ± 2.227,71.57732391357422,81.70381164550781,71.97770330477442,2,3,1,4,1:20; 2:259; 4:19,19,0,0.0,model_dynamic,True,mckenzie2003,5.089234400515588,5.447729587554932,0.0,5.51417875289917,7.465405464172363,3.021912751677852,3.29,3.29,1.681727283748094,1.6760421741334863,19,0.0,0,0.0,0,0.0,259,1419.435763835907,20,97.15608751773834,0,0.0,8.0,9.0,9.0,0.0124999999999999,0.0124999999999999,0.025,0.0130169265692998
dynamic,model_dynamic/summary_timeseries.csv,20,15.5,298,119200.0,1163.679173796274,13.980158462252838,1164 ± 13.98,1137.776234763074,1209.7114872455495,1.6696381294201492,1.2155642838438945,1.67 ± 1.216,0.0,5.874220739002842,0.3432456410271817,0.1900914982217991,0.3432 ± 0.1901,0.0133040298982714,1.1726938861976692,309.2281879194631,80.58790863102065,309.2 ± 80.59,0.0,334.0,72.8257516950569,2.1510181799905737,72.83 ± 2.151,70.29950714111328,81.02462005615234,71.93525248247556,2,4,1,4,1:21; 2:259; 3:5; 4:13,13,0,0.0,model_dynamic,True,mckenzie2003,5.139391252149096,5.447729587554932,0.0126174080185592,5.529217934608457,7.506654739379883,3.0922818791946307,3.34,3.34,1.6392125156996078,1.6310567627409975,13,0.0,0,0.0,0,0.0,259,1411.0833706855774,21,120.39859664440156,5,0.0566258104518055,6.0,6.0,6.0,0.0124999999999999,0.0249999999999999,0.025,0.024622967196545
dynamic,model_dynamic/summary_timeseries.csv,20,15.4,298,119200.0,1163.694676692134,13.977517345221797,1164 ± 13.98,1137.8031227750253,1209.6942109041931,1.6734895334088593,1.2279222623028203,1.673 ± 1.228,0.0,5.94948473264093,0.3428189229326552,0.189562058824201,0.3428 ± 0.1896,0.0146615903747155,1.1676150294102774,311.5469798657718,80.88889227553652,311.5 ± 80.89,0.0,337.0,75.59979596234008,2.2156943288984308,75.6 ± 2.216,73.1239242553711,84.13753509521484,71.89108812916788,2,4,1,4,1:24; 2:256; 3:4; 4:14,14,0,0.0,model_dynamic,True,mckenzie2003,5.175814361517761,5.447729587554932,0.0165241474285721,5.614439964294434,7.589424133300781,3.1154697986577182,3.36,3.37,1.6444722503250304,1.621348091534206,14,0.0,0,0.0,0,0.0,259,1418.3480515480042,21,123.98022603988647,4,0.0644021444022655,8.0,9.0,9.0,0.0124999999999999,0.0124999999999999,0.025,0.01315806011525
dynamic,model_dynamic/summary_timeseries.csv,20,15.3,298,119200.0,1163.7107483057755,13.974675494445084,1164 ± 13.97,1137.83030752117,1209.676803150275,1.6786010874625883,1.2396137041527906,1.679 ± 1.24,0.0,6.026985254918237,0.342369135358091,0.1890168873414241,0.3424 ± 0.189,0.0160551408064864,1.1624536200832027,320.0134228187919,74.8397380875237,320 ± 74.84,0.0,342.0,78.45493447220565,2.101077183630416,78.45 ± 2.101,76.033447265625,87.18344116210938,71.846495629105,2,4,1,4,1:28; 2:256; 3:7; 4:7,7,0,0.0,model_dynamic,True,mckenzie2003,5.287565622931884,5.51417875289917,1.5484665274620064,5.614439964294434,7.672553062438965,3.2001342281879204,3.42,3.42,1.6185419237237515,1.6123329686839678,7,0.0,0,0.0,0,0.0,259,1432.0681777000427,25,143.53120112419128,7,0.0951768094673752,8.0,9.0,9.0,0.0125,0.0125000000000014,0.025,0.0136085377099158
dynamic,model_dynamic/summary_timeseries.csv,20,15.2,298,119200.0,1163.727472848537,13.971493623596542,1164 ± 13.97,1137.8578093778945,1209.6589583244438,1.6849964188903364,1.2509301964359951,1.685 ± 1.251,0.0,6.107787378095631,0.3418921483368942,0.188454466688297,0.3419 ± 0.1885,0.0174882429928766,1.157207831182922,330.5402684563758,59.60721592669765,330.5 ± 59.61,0.0,348.0,77.11493006968658,1.746498906860836,77.11 ± 1.746,74.82048797607422,85.99687957763672,71.80114894654935,1,3,1,4,1:291; 3:3; 4:4,4,0,0.0,model_dynamic,True,mckenzie2003,5.49074889517283,5.648016929626465,3.5256800174713137,6.24932560920715,7.714252948760986,3.3054026845637585,3.47,3.48,1.6449690467207618,1.627670584906762,4,0.0,0,0.0,0,0.0,260,1466.466040611267,31,169.74635124206543,3,0.0307789081707596,8.0,9.0,9.0,0.0124999999999999,0.0124999999999999,0.025,0.0137342465946613
dynamic,model_dynamic/summary_timeseries.csv,20,15.1,298,119200.0,1163.7434170425036,13.968764490414689,1164 ± 13.97,1137.88527061306,1209.640351929705,1.6900310994951726,1.2635661650653256,1.69 ± 1.264,0.0,6.187370291822589,0.3414425935195594,0.1879032186145516,0.3414 ± 0.1879,0.0189069062694576,1.1519406089525135,336.2248322147651,60.94628331961847,336.2 ± 60.95,0.0,354.0,76.58905275076027,1.7496611179594852,76.59 ± 1.75,74.22303771972656,85.24382781982422,71.75508131664515,1,3,1,4,1:291; 3:3; 4:4,4,0,0.0,model_dynamic,True,mckenzie2003,5.609792696665222,5.817069053649902,2.960250008106232,6.444949674606314,7.7979207038879395,3.362248322147652,3.53,3.54,1.6518387071680172,1.6478949160481309,4,0.0,0,0.0,0,0.0,260,1500.8347425460815,31,170.84846603870392,3,0.0350150214508175,8.0,9.0,9.0,0.0124999999999999,0.0124999999999999,0.025,0.0138382187958659
dynamic,model_dynamic/summary_timeseries.csv,20,15.0,298,119200.0,1163.7591794118728,13.96613982709587,1164 ± 13.97,1137.912727816033,1209.6211007822556,1.6947498879521012,1.276456629863411,1.695 ± 1.276,0.0,6.266276199405321,0.3410032318023936,0.1873558132832489,0.341 ± 0.1874,0.0203175469151567,1.1466408426922496,333.6308724832215,61.59690886008784,333.6 ± 61.6,0.0,351.0,74.70047926422734,1.9017998005863304,74.7 ± 1.902,72.26542663574219,84.07604217529297,71.70837296622221,1,3,1,4,1:291; 3:3; 4:4,4,0,0.0,model_dynamic,True,mckenzie2003,5.484567529978168,5.648016929626465,2.6569142580032348,5.74921464920044,7.714252948760986,3.3363087248322154,3.51,3.51,1.6252982915022425,1.6091216323722122,4,0.0,0,0.0,0,0.0,262,1484.5029683113098,29,149.8712875843048,3,0.026868037879467,8.0,9.0,9.0,0.0124999999999999,0.0124999999999999,0.025,0.0140095852959565
dynamic,model_dynamic/summary_timeseries.csv,20,14.9,298,119200.0,1163.7744518168097,13.963830509607371,1164 ± 13.96,1137.94004561987,1209.6016737632551,1.698579935672701,1.2896962896113289,1.699 ± 1.29,0.0,6.342928527688795,0.3405915548160504,0.1868265719428916,0.3406 ± 0.1868,0.021697322452969,1.141402763661839,334.38255033557044,68.08646272878778,334.4 ± 68.09,0.0,354.0,71.84385373928403,2.0367984575903915,71.84 ± 2.037,69.38253784179688,81.10287475585938,71.66162814338509,1,3,1,4,1:289; 3:3; 4:6,6,0,0.0,model_dynamic,True,mckenzie2003,5.545704103909408,5.817069053649902,2.125025308132172,5.817069053649902,7.7979207038879395,3.3438255033557045,3.54,3.54,1.638496161412997,1.6432398456638142,6,0.0,0,0.0,0,0.0,262,1515.036093235016,27,137.5402467250824,3,0.0434830049052834,8.0,9.0,9.0,0.0124999999999999,0.0124999999999999,0.025,0.01290623159499
dynamic,model_dynamic/summary_timeseries.csv,20,14.8,298,119200.0,1163.7891233581868,13.961862461132228,1164 ± 13.96,1137.9671426824957,1209.58207957342,1.7012455850393389,1.3032826552937995,1.701 ± 1.303,0.0,6.416650042554084,0.3402131686362012,0.1863223171345273,0.3402 ± 0.1863,0.0230350581180186,1.1362368366975115,330.5234899328859,77.66060076583429,330.5 ± 77.66,0.0,354.0,74.55860806151524,2.322080748855025,74.56 ± 2.322,72.67362213134766,84.0335693359375,71.61493689092435,1,3,1,4,1:285; 3:6; 4:7,7,0,0.0,model_dynamic,True,mckenzie2003,5.402602866729534,5.715404510498047,1.2722810328006748,5.74921464920044,7.7979207038879395,3.305234899328859,3.54,3.54,1.6005402768129078,1.61452104816329,7,0.0,0,0.0,0,0.0,261,1486.899266719818,24,123.00008112192154,6,0.0763064436614513,8.0,9.0,9.0,0.0125,0.0125000000000014,0.025,0.013121358928436
dynamic,model_dynamic/summary_timeseries.csv,20,14.7,298,119200.0,1163.8049102719883,13.959415943088915,1164 ± 13.96,1137.9945099315466,1209.5628908923795,1.7058423229290125,1.3155193721757124,1.706 ± 1.316,0.0,6.492181494848619,0.3397939343302618,0.1857968410315226,0.3398 ± 0.1858,0.0244009888247813,1.131030880581288,337.9228187919463,71.3980059323425,337.9 ± 71.4,0.0,359.0,73.48261063850966,2.1904942879311324,73.48 ± 2.19,71.31402587890625,83.37725067138672,71.56838096083288,1,3,1,4,1:288; 3:3; 4:7,7,0,0.0,model_dynamic,True,mckenzie2003,5.48064039106287,5.715404510498047,2.196928715705872,5.817069053649902,7.7979207038879395,3.379228187919463,3.59,3.59,1.604081225490383,1.5920346825899854,7,0.0,0,0.0,0,0.0,261,1495.8737664222715,27,137.3161039352417,3,0.0409661792218685,8.0,9.0,9.0,0.0124999999999999,0.0124999999999999,0.025,0.0129263078511509
dynamic,model_dynamic/summary_timeseries.csv,20,14.6,298,119200.0,1163.8204871287735,13.957154365181063,1164 ± 13.96,1138.0218275035031,1209.5436045390734,1.7098991541239188,1.3280481765526733,1.71 ± 1.328,0.0,6.566405155253053,0.3393978010320724,0.185284815801338,0.3394 ± 0.1853,0.0257501563121241,1.1258522729016285,353.02013422818794,74.82457962072506,353 ± 74.82,0.0,375.0,77.13263134028287,2.1996886457316918,77.13 ± 2.2,74.80741882324219,86.94091033935547,71.52177703557027,1,3,1,4,1:288; 3:3; 4:7,7,0,0.0,model_dynamic,True,mckenzie2003,5.661101094153303,5.919431209564209,2.1213378429412844,5.988058567047119,7.9663310050964355,3.530201342281879,3.75,3.75,1.5853727880319513,1.5785149892171224,7,0.0,0,0.0,0,0.0,262,1552.0144691467283,26,134.94845461845398,3,0.0452022925019264,8.0,9.0,9.0,0.0124999999999999,0.0124999999999999,0.025,0.0135531575082055
dynamic,model_dynamic/summary_timeseries.csv,20,14.5,298,119200.0,1163.8370404669474,13.954326760761688,1164 ± 13.95,1138.0495673372177,1209.5247178321715,1.715853899049069,1.3396744990675291,1.716 ± 1.34,0.0,6.643757365927284,0.338954776673612,0.1847561744812392,0.339 ± 0.1848,0.0251444033981508,1.120582922945245,366.59060402684565,65.51525396668866,366.6 ± 65.52,0.0,385.0,78.6948107008966,1.875948393567163,78.69 ± 1.876,76.42620849609375,88.70894622802734,71.47515049495428,1,3,1,4,1:291; 3:3; 4:4,4,0,0.0,model_dynamic,True,mckenzie2003,5.845662133024393,6.022488117218018,3.8063302993774415,6.091578006744385,8.136167526245117,3.665906040268457,3.85,3.85,1.5809964144451158,1.5642826278488358,4,0.0,0,0.0,0,0.0,262,1578.3581714630127,29,163.61021828651428,3,0.0389258917421102,8.0,9.0,9.0,0.0124999999999999,0.0124999999999999,0.025,0.0138916297211627
dynamic,model_dynamic/summary_timeseries.csv,20,14.4,298,119200.0,1163.8534832965497,13.951590009710634,1164 ± 13.95,1138.077533618475,1209.5055914088623,1.7219080654698846,1.3517118210140209,1.722 ± 1.352,0.0,6.722309050820257,0.3385134402963264,0.1842208803374781,0.3385 ± 0.1842,0.0242843172559408,1.1152592351271136,378.8322147651007,57.83248230180662,378.8 ± 57.83,0.0,396.0,78.50357339846208,1.7662324585699467,78.5 ± 1.766,75.9095230102539,89.4870376586914,71.42805779038736,1,3,1,4,1:294; 3:1; 4:3,3,0,0.0,model_dynamic,True,mckenzie2003,5.9411321667166765,6.126237869262695,4.63695240020752,6.1957879066467285,8.136167526245117,3.788322147651007,3.95,3.96,1.5628501952178415,1.5509462960158722,3,0.0,0,0.0,0,0.0,264,1608.00998544693,30,162.4280490875244,1,0.0193511471152305,8.0,9.0,9.0,0.0124999999999999,0.0124999999999999,0.025,0.0141568345070034
dynamic,model_dynamic/summary_timeseries.csv,20,14.3,298,119200.0,1163.8700743338256,13.948745435413448,1164 ± 13.95,1138.1055284799506,1209.4861564357084,1.7279462147940148,1.3637869182064886,1.728 ± 1.364,0.0,6.800041155552519,0.3380687977366534,0.1836946700657678,0.3381 ± 0.1837,0.0237402046531347,1.1099109471812283,374.1577181208054,49.0478326747986,374.2 ± 49.05,0.0,389.0,78.88402879958184,1.5464579698164516,78.88 ± 1.546,76.659912109375,89.74553680419922,71.38062795575775,1,2,1,4,1:296; 4:2,2,0,0.0,model_dynamic,True,mckenzie2003,5.843259004538491,5.919431209564209,4.6659856796264645,6.025327038764953,8.136167526245117,3.741577181208054,3.88,3.89,1.5606111577450672,1.5324866378682982,2,0.0,0,0.0,0,0.0,264,1568.1401677131653,32,173.15101563930511,0,0.0,8.0,9.0,9.0,0.0125,0.0125000000000014,0.025,0.0142936149131398
dynamic,model_dynamic/summary_timeseries.csv,20,14.2,298,119200.0,1163.8867235995688,13.945908545376202,1164 ± 13.95,1138.1336086035328,1209.4666515326978,1.734041855864343,1.3758182928110982,1.734 ± 1.376,0.0,6.876049287566961,0.3376298808168199,0.1831723144294299,0.3376 ± 0.1832,0.0232586555044932,1.1045642368871773,364.2852348993289,45.6110178550867,364.3 ± 45.61,0.0,377.0,74.74359315193739,1.37610134824659,74.74 ± 1.376,72.32341766357422,84.67147827148438,71.333042929165,1,2,1,4,1:296; 4:2,2,0,0.0,model_dynamic,True,mckenzie2003,5.888052115104342,5.988058567047119,5.082023930549622,6.042437815666196,8.051071166992188,3.642852348993289,3.77,3.77,1.6164281461801404,1.5883444474926045,2,0.0,0,0.0,0,0.0,264,1575.1700644493103,32,179.46946585178375,0,0.0,8.0,9.0,9.0,0.0124999999999999,0.0124999999999999,0.025,0.014368225541818
dynamic,model_dynamic/summary_timeseries.csv,20,14.1,298,119200.0,1163.9021031999278,13.943692826643634,1164 ± 13.94,1138.1613372006982,1209.446479701326,1.7377422447896518,1.388729302125097,1.738 ± 1.389,0.0,6.946502141303608,0.3372373787590226,0.1826752660556726,0.3372 ± 0.1827,0.0224657296356995,1.099311965208588,347.36577181208054,58.46765671824404,347.4 ± 58.47,0.0,364.0,75.36752181085164,1.815274337183845,75.37 ± 1.815,73.63804626464844,84.99478912353516,71.2851425006279,1,3,1,4,1:293; 3:2; 4:3,3,0,0.0,model_dynamic,True,mckenzie2003,5.548060371812383,5.715404510498047,3.271369135379792,5.817069053649902,7.8398895263671875,3.4736577181208057,3.63,3.64,1.5827442194165684,1.5744916006881673,3,0.0,0,0.0,0,0.0,265,1513.0302805900574,28,140.27181446552277,2,0.0198957445099949,8.0,9.0,9.0,0.0124999999999999,0.0124999999999999,0.025,0.0137725498155528
dynamic,model_dynamic/summary_timeseries.csv,20,14.0,298,119200.0,1163.9182860675844,13.94100938400402,1164 ± 13.94,1138.1891186428008,1209.4267243724637,1.742601197620412,1.400380825096663,1.743 ± 1.4,0.0,7.015080305279618,0.3368281109635622,0.1821847863608542,0.3368 ± 0.1822,0.022038224121735,1.0940933751932842,346.6442953020134,58.16368638390405,346.6 ± 58.16,0.0,363.0,73.3062900056775,1.763351110997649,73.31 ± 1.763,71.58609008789062,82.66484832763672,71.23760572966285,1,3,1,4,1:293; 3:1; 4:4,4,0,0.0,model_dynamic,True,mckenzie2003,5.609776178406139,5.851112365722656,3.461178421974182,5.851112365722656,7.8398895263671875,3.466442953020134,3.62,3.63,1.608477352544439,1.6118766847720816,4,0.0,0,0.0,0,0.0,266,1539.3701753616333,27,132.32596623897552,1,0.0171595644205808,8.0,9.0,9.0,0.0124999999999999,0.0124999999999999,0.025,0.0127485508791299
dynamic,model_dynamic/summary_timeseries.csv,20,13.9,298,119200.0,1163.93391524126,13.938630914162111,1164 ± 13.94,1138.2167280929468,1209.4069645448733,1.746412666849568,1.412509248772554,1.746 ± 1.413,0.0,7.079975057156416,0.336445383456923,0.1817133291156705,0.3364 ± 0.1817,0.0216484110878769,1.088938714980879,359.6577181208054,69.92923285876836,359.7 ± 69.93,0.0,379.0,75.7864850191462,2.0593490502526484,75.79 ± 2.059,73.82398986816406,85.48394012451172,71.19023645192647,1,3,1,4,1:290; 3:4; 4:4,4,0,0.0,model_dynamic,True,mckenzie2003,5.615382288654503,5.851112365722656,2.494028544425965,5.919431209564209,8.136167526245117,3.596577181208054,3.79,3.79,1.5381869606244274,1.5438291202434449,4,0.0,0,0.0,0,0.0,266,1552.5949625968933,24,120.7347445487976,4,0.0542148733511567,8.0,9.0,9.0,0.0124999999999999,0.0124999999999999,0.025,0.0135955035096352
dynamic,model_dynamic/summary_timeseries.csv,20,13.8,298,119200.0,1163.950394369241,13.935879803229444,1164 ± 13.94,1138.244638747809,1209.3875313285105,1.7517922243595374,1.4235955994793388,1.752 ± 1.424,0.0,7.145453224999175,0.336036046348627,0.1812338044262509,0.336 ± 0.1812,0.0213820957132029,1.0837537526999812,374.7315436241611,62.75002402443276,374.7 ± 62.75,0.0,392.0,77.19533761555716,1.8730360086595388,77.2 ± 1.873,75.22478485107422,87.56233978271484,71.14289258070153,1,3,1,4,1:293; 3:1; 4:4,4,0,0.0,model_dynamic,True,mckenzie2003,5.896868882507036,6.126237869262695,3.724891030788422,6.126237869262695,8.178848266601562,3.747315436241612,3.92,3.92,1.5645055930088223,1.5628157829751774,4,0.0,0,0.0,0,0.0,267,1626.7905988693235,26,130.45916855335236,1,0.0171595644205808,8.0,9.0,9.0,0.0125,0.0125000000000014,0.025,0.0135001594259721
dynamic,model_dynamic/summary_timeseries.csv,20,13.7,298,119200.0,1163.9671847740142,13.932988222085848,1164 ± 13.93,1138.2727795550752,1209.3680657916448,1.7577304301321466,1.434620037959768,1.758 ± 1.435,0.0,7.21087204838989,0.3356145087800911,0.1807502569400749,0.3356 ± 0.1808,0.0212203468026086,1.0785125398905857,383.51006711409394,57.31487472808579,383.5 ± 57.31,0.0,399.0,80.63763110269636,1.656074197619078,80.64 ± 1.656,78.81613159179688,91.17017364501952,71.09528623656956,1,3,1,4,1:294; 3:2; 4:2,2,0,0.0,model_dynamic,True,mckenzie2003,5.937577732694929,6.126237869262695,4.504922533035279,6.126237869262695,8.307424545288086,3.8351006711409408,3.99,3.99,1.5393112675507934,1.5353979622212268,2,0.0,0,0.0,0,0.0,267,1623.0692534446716,27,146.2897870540619,2,0.0391238443553447,8.0,9.0,9.0,0.0124999999999999,0.0124999999999999,0.025,0.014154494271678
dynamic,model_dynamic/summary_timeseries.csv,20,13.6,298,119200.0,1163.9848885741765,13.92980136135128,1164 ± 13.93,1138.3013089071624,1209.3490115894117,1.7653591935995474,1.444921209233453,1.765 ± 1.445,0.0,7.278070557242753,0.3351623844899244,0.1802540320055193,0.3352 ± 0.1803,0.0211726335574055,1.0732115532104227,391.4597315436242,43.93802899396194,391.5 ± 43.94,0.0,403.0,78.23768881983405,1.2247126639679704,78.24 ± 1.225,75.72442626953125,89.05133819580078,71.04770268224911,1,3,1,4,1:296; 3:1; 4:1,1,0,0.0,model_dynamic,True,mckenzie2003,6.099485064419174,6.161012887954712,5.33043110370636,6.230677604675293,8.393583297729492,3.914597315436242,4.03,4.03,1.5570695061410704,1.5374163540066323,1,0.0,0,0.0,0,0.0,268,1646.7636704444883,28,170.8699553012848,1,0.0129234511405229,8.0,9.0,9.0,0.0124999999999999,0.0124999999999999,0.025,0.0143781925397385
dynamic,model_dynamic/summary_timeseries.csv,20,13.5,298,119200.0,1164.00148939387,13.92715396864576,1164 ± 13.93,1138.3296923912148,1209.329113218812,1.7709526886956766,1.4567347272471205,1.771 ± 1.457,0.0,7.341634333306311,0.3347545998532266,0.1797775159794362,0.3348 ± 0.1798,0.0211814585416141,1.06794019230169,386.01677852349,48.28546671269066,386 ± 48.29,0.0,399.0,80.05541272771438,1.4875771452731812,80.06 ± 1.488,77.4103775024414,91.1415557861328,70.99942082759708,1,3,1,4,1:296; 3:1; 4:1,1,0,0.0,model_dynamic,True,mckenzie2003,5.977975135615983,6.091578006744385,4.999753737449646,6.1306251049041744,8.307424545288086,3.8601677852349,3.99,3.99,1.5435802976587802,1.526711279885811,1,0.0,0,0.0,0,0.0,268,1627.4932556152344,28,153.9363625049591,1,0.006972293369472,8.0,9.0,9.0,0.0124999999999999,0.0124999999999999,0.025,0.0139519245354658
dynamic,model_dynamic/summary_timeseries.csv,20,13.4,298,119200.0,1164.0188310580947,13.924202573169518,1164 ± 13.92,1138.358279615746,1209.3095338654337,1.7778527197150755,1.4675438102308191,1.778 ± 1.468,0.0,7.405062870328222,0.3343240388400746,0.1792973136982499,0.3343 ± 0.1793,0.0212787031394926,1.0626523316508742,383.6845637583893,43.36764749177394,383.7 ± 43.37,0.0,395.0,76.82413838533748,1.2600493327319722,76.82 ± 1.26,74.35865783691406,87.90967559814453,70.95125424968751,1,3,1,4,1:296; 3:1; 4:1,1,0,0.0,model_dynamic,True,mckenzie2003,5.983235257127691,6.022488117218018,5.263427209854126,6.091578006744385,8.264477729797363,3.836845637583893,3.95,3.95,1.5579866947811931,1.5246805360045614,1,0.0,0,0.0,0,0.0,269,1623.5239357948303,27,159.46301126480105,1,0.0171595644205808,8.0,9.0,9.0,0.0124999999999999,0.0124999999999999,0.025,0.0143859970871475
dynamic,model_dynamic/summary_timeseries.csv,20,13.3,298,119200.0,1164.0349308720054,13.921807545289834,1164 ± 13.92,1138.386595089783,1209.2895096379914,1.7825343060757666,1.4795667236863133,1.783 ± 1.48,0.0,7.463706194756754,0.3339442397114194,0.1788375281735897,0.3339 ± 0.1788,0.0214369032509865,1.057424979462463,380.4093959731544,50.12548192846954,380.4 ± 50.13,0.0,394.0,78.59739208861485,1.599625870891985,78.6 ± 1.6,76.4906234741211,89.62848663330078,70.9029145482084,1,3,1,4,1:296; 3:1; 4:1,1,0,0.0,model_dynamic,True,mckenzie2003,5.932522443451313,6.091578006744385,4.63695240020752,6.126237869262695,8.264477729797363,3.804093959731544,3.94,3.94,1.551379173476159,1.5460857885138033,1,0.0,0,0.0,0,0.0,269,1629.3488883972168,27,138.53582745790482,1,0.006972293369472,8.0,9.0,9.0,0.0125,0.0125000000000014,0.025,0.0140966887314285
dynamic,model_dynamic/summary_timeseries.csv,20,13.2,298,119200.0,1164.051795927034,13.919057558093147,1164 ± 13.92,1138.415129879275,1209.2697337460202,1.7885829620977107,1.4904469580324735,1.789 ± 1.49,0.0,7.5224572290313185,0.3335400949249461,0.1783731618295304,0.3335 ± 0.1784,0.0216800195610301,1.0521887408758472,379.0268456375839,45.42660520575796,379 ± 45.43,0.0,391.0,78.69103750446499,1.3763914248410551,78.69 ± 1.376,76.3633041381836,89.72392272949219,70.85460386674549,1,3,1,4,1:296; 3:1; 4:1,1,0,0.0,model_dynamic,True,mckenzie2003,5.927841267264104,6.022488117218018,5.175941896438599,6.126237869262695,8.178848266601562,3.790268456375839,3.91,3.91,1.5604865443573277,1.5402782908485977,1,0.0,0,0.0,0,0.0,269,1616.5807843208313,27,149.90894103050232,1,0.006972293369472,8.0,9.0,9.0,0.0124999999999999,0.0124999999999999,0.025,0.014046301611147
dynamic,model_dynamic/summary_timeseries.csv,20,13.1,298,119200.0,1164.0686456812373,13.916356520545968,1164 ± 13.92,1138.443700281381,1209.249892670909,1.7945234362861415,1.5015534915264033,1.795 ± 1.502,0.0,7.579831953373451,0.3331399216729364,0.1779151038744514,0.3331 ± 0.1779,0.0222052348991289,1.0469550055095127,384.748322147651,45.41708737957413,384.7 ± 45.42,0.0,397.0,78.6687431847489,1.3504551431727936,78.67 ± 1.35,76.0946273803711,89.50248718261719,70.80619238952772,1,3,1,4,1:296; 3:1; 4:1,1,0,0.0,model_dynamic,True,mckenzie2003,5.982194533759116,6.022488117218018,5.338795924186707,6.126237869262695,8.264477729797363,3.84748322147651,3.96,3.97,1.5522869475175325,1.5208303326308126,1,0.0,0,0.0,0,0.0,269,1628.385356426239,27,154.28926348686218,1,0.0193511471152305,8.0,9.0,9.0,0.0124999999999999,0.0124999999999999,0.025,0.0236475658661143
dynamic,model_dynamic/summary_timeseries.csv,20,13.0,298,119200.0,1164.0855089675324,13.913602897095226,1164 ± 13.91,1138.472344858184,1209.2298882033524,1.8004266609938548,1.5126969846016862,1.8 ± 1.513,0.0,7.635668174431282,0.3327393852797146,0.177462299672247,0.3327 ± 0.1775,0.0231853209840731,1.0417318690678938,384.4362416107383,45.28549587020198,384.4 ± 45.29,0.0,396.0,83.66146612487384,1.349517297809049,83.66 ± 1.35,81.10798645019531,94.52429962158205,70.75754334516841,1,3,1,4,1:296; 3:1; 4:1,1,0,0.0,model_dynamic,True,mckenzie2003,6.041281188331895,6.1957879066467285,5.409865808486939,6.1957879066467285,8.264477729797363,3.844362416107383,3.96,3.96,1.567843223303118,1.5645929057188708,1,0.0,0,0.0,0,0.0,269,1643.8095898628235,27,156.4813210964203,1,0.0108831636607646,8.0,9.0,9.0,0.0124999999999999,0.0124999999999999,0.025,0.0222129783363989
dynamic,model_dynamic/summary_timeseries.csv,20,12.9,298,119200.0,1164.1041391011488,13.910125309288702,1164 ± 13.91,1138.5015515242933,1209.2107875053289,1.8094488779705664,1.5221356303112057,1.809 ± 1.522,0.0118357162846825,7.695276582839943,0.332280522739303,0.1769930990913712,0.3323 ± 0.177,0.0243324534565581,1.036434538294299,377.3724832214765,25.22620178008807,377.4 ± 25.23,133.0,384.0,66.16351046978227,0.7127325655688072,66.16 ± 0.7127,63.88603210449219,74.75936126708984,70.70923598103536,1,1,1,1,1:298,0,0,0.0,model_dynamic,True,mckenzie2003,6.0639128172957655,6.022488117218018,5.919431209564209,6.964160013198843,8.178848266601562,3.7737248322147656,3.84,3.84,1.6099648320380986,1.5683562805255256,0,0.0,0,0.0,0,0.0,270,1621.5576729774475,28,185.48834657669067,0,0.0,10.0,11.0,11.0,0.0062499999999999,0.0124999999999999,0.025,0.0176572719207444
dynamic,model_dynamic/summary_timeseries.csv,20,12.8,298,119200.0,1164.1170886932866,13.90928798523314,1164 ± 13.91,1138.5290235342995,1209.190689524135,1.8085214899737825,1.5364565028259374,1.809 ± 1.536,0.0,7.734806201534169,0.3320442222886235,0.1766268397041473,0.332 ± 0.1766,0.0256820235971331,1.0315994085957787,365.8691275167785,73.34207560194345,365.9 ± 73.34,0.0,385.0,65.75345057289073,1.988746433341548,65.75 ± 1.989,63.09650421142578,74.89604187011719,70.66166598983546,1,3,1,4,1:289; 3:1; 4:8,8,0,0.0,model_dynamic,True,mckenzie2003,5.74311094930483,5.919431209564209,2.6565879225730904,6.091578006744385,8.178848266601562,3.658691275167786,3.85,3.85,1.559741098410942,1.5375145998868074,8,0.0,0,0.0,0,0.0,269,1604.643524646759,20,106.7863786816597,1,0.0171595644205808,7.0,7.0,7.0,0.00625,0.025,0.025,0.0239253984769294
dynamic,model_dynamic/summary_timeseries.csv,20,12.7,298,119200.0,1164.1312270105368,13.90784125937702,1164 ± 13.91,1138.5564270183163,1209.1713863240038,1.8092126655247207,1.5485913962174045,1.809 ± 1.549,0.0,7.771730436656187,0.33177957880887,0.1762714567891026,0.3318 ± 0.1763,0.0270328394113177,1.029075806270978,363.51677852349,87.92706740002421,363.5 ± 87.93,0.0,388.0,66.37477413919949,2.17327881697861,66.37 ± 2.173,63.8291244506836,75.06820678710938,70.61495930568753,1,3,1,4,1:283; 3:3; 4:12,12,0,0.0,model_dynamic,True,mckenzie2003,5.796556771154696,6.126237869262695,0.884107712283732,6.126237869262695,8.264477729797363,3.6351677852348985,3.88,3.88,1.577208437643237,1.5789272858924472,12,0.0,0,0.0,0,0.0,268,1639.2557010650637,15,88.07473373413086,3,0.0434830049052834,8.0,8.0,8.0,0.0062499999999999,0.0249999999999999,0.025,0.0232167494983136
dynamic,model_dynamic/summary_timeseries.csv,20,12.6,298,119200.0,1164.1457896261284,13.906259407864365,1164 ± 13.91,1138.5839356611434,1209.1527264327906,1.8106255784043597,1.5599243057846206,1.811 ± 1.56,0.0,7.810024617275248,0.3315075665026025,0.1759175020511092,0.3315 ± 0.1759,0.0279007474682963,1.02842104072886,359.2684563758389,90.08617283024692,359.3 ± 90.09,0.0,385.0,63.89606335019105,2.2240640199914568,63.9 ± 2.224,61.76564025878906,72.40918731689453,70.56879077164717,1,3,1,4,1:282; 3:3; 4:13,13,0,0.0,model_dynamic,True,mckenzie2003,5.745813670568168,6.126237869262695,0.0171595644205808,6.126237869262695,8.178848266601562,3.592684563758389,3.85,3.85,1.5807128295395838,1.591230615392908,13,0.0,0,0.0,0,0.0,268,1635.4932951927185,14,76.71193605661392,3,0.0472425799816846,8.0,8.0,8.0,0.0062499999999999,0.0249999999999999,0.025,0.0240084589784944
dynamic,model_dynamic/summary_timeseries.csv,20,12.5,298,119200.0,1164.1600225159275,13.905041011464702,1164 ± 13.91,1138.6112195045223,1209.135249005162,1.8113641987065836,1.5710379008104487,1.811 ± 1.571,0.0,7.865187771245166,0.3312626500802565,0.1755836905659923,0.3313 ± 0.1756,0.0285843986894764,1.0280004964733798,354.06711409395973,95.38675526293474,354.1 ± 95.39,0.0,383.0,63.89515217518647,2.3378890834170445,63.9 ± 2.338,61.35817337036133,72.42525482177734,70.52402950063947,1,3,1,4,1:279; 3:5; 4:14,14,0,0.0,model_dynamic,True,mckenzie2003,5.663870567634027,6.091578006744385,0.0102965331170708,6.091578006744385,8.178848266601562,3.540671140939597,3.82,3.83,1.5722173050153128,1.5946539284671164,14,0.0,0,0.0,0,0.0,268,1627.7773356437683,11,59.99508029222488,5,0.0610132189467549,7.0,7.0,7.0,0.0062499999999999,0.0249999999999999,0.025,0.0233741993358132
dynamic,model_dynamic/summary_timeseries.csv,20,12.4,298,119200.0,1164.1745762568698,13.90403531634885,1164 ± 13.9,1138.6385124514927,1209.1185039546644,1.8125279503724447,1.5818371484677178,1.813 ± 1.582,0.0,7.9182129753565,0.3310125950441877,0.1752544975066938,0.331 ± 0.1753,0.0290862557409173,1.027628580883201,353.52013422818794,99.04043610503037,353.5 ± 99.04,0.0,384.0,65.61629813789521,2.4015617168817767,65.62 ± 2.402,63.48631286621094,73.93582153320312,70.47999150317173,1,3,1,4,1:278; 3:5; 4:15,15,0,0.0,model_dynamic,True,mckenzie2003,5.6154347981745065,6.091578006744385,0.0059264493640512,6.091578006744385,8.136167526245117,3.5352013422818787,3.84,3.84,1.558270084154567,1.5863484392563505,15,0.0,0,0.0,0,0.0,268,1628.1343636512756,10,45.21029543876648,5,0.0549107659608125,7.0,7.0,7.0,0.0062499999999999,0.0249999999999999,0.025,0.0211456710107254
dynamic,model_dynamic/summary_timeseries.csv,20,12.3,298,119200.0,1164.189655713589,13.902635587235675,1164 ± 13.9,1138.6660211335725,1209.102315405466,1.814630930708126,1.5921699405296006,1.815 ± 1.592,0.0,7.97220309966756,0.3307354120280545,0.174917017125516,0.3307 ± 0.1749,0.0297120465978202,1.0271736842327324,350.1174496644296,100.40944515021972,350.1 ± 100.4,0.0,382.0,64.52594307765065,2.3029741969831914,64.53 ± 2.303,62.397491455078125,72.43370819091797,70.43629427189353,1,3,1,4,1:276; 3:7; 4:15,15,0,0.0,model_dynamic,True,mckenzie2003,5.606213455522846,6.091578006744385,0.0043433395214378,6.091578006744385,8.178848266601562,3.501174496644295,3.81,3.82,1.5668326752552433,1.5988393718489198,15,0.0,0,0.0,0,0.0,268,1627.231156349182,8,43.324466705322266,7,0.0959866913035512,7.0,7.0,7.0,0.00625,0.025,0.025,0.0205077757432553
dynamic,model_dynamic/summary_timeseries.csv,20,12.2,298,119200.0,1164.2047514579274,13.90105402921844,1164 ± 13.9,1138.6934431690074,1209.0868226363798,1.816563589858357,1.6021852961972871,1.817 ± 1.602,0.0,8.023948535919969,0.3304553951925613,0.1745939661427682,0.3305 ± 0.1746,0.0304090389483107,1.0268353770847989,351.7013422818792,99.00800624298876,351.7 ± 99.01,0.0,382.0,62.33791118340204,2.2442910920840475,62.34 ± 2.244,59.84366226196289,70.15855407714844,70.39337946737237,1,3,1,4,1:277; 3:4; 4:17,17,0,0.0,model_dynamic,True,mckenzie2003,5.626099280750491,6.091578006744385,0.0,6.091578006744385,8.178848266601562,3.517013422818792,3.82,3.82,1.5782534592308632,1.5946539284671164,17,0.0,0,0.0,0,0.0,268,1627.6506094932556,9,48.87936294078827,4,0.0476132296025753,7.0,7.0,7.0,0.0062499999999999,0.0249999999999999,0.025,0.0223037677822531
dynamic,model_dynamic/summary_timeseries.csv,20,12.1,298,119200.0,1164.2194975572977,13.899727723323563,1164 ± 13.9,1138.7206832659697,1209.0721433083156,1.817777872014074,1.6121182184262124,1.818 ± 1.612,0.0,8.072524474754404,0.3301996810331339,0.1742910023473939,0.3302 ± 0.1743,0.0310568687151736,1.0266999170537958,357.02013422818794,101.81843096023164,357 ± 101.8,0.0,389.0,64.61979414152619,2.2472544158786976,64.62 ± 2.247,61.68621063232422,72.29830932617188,70.35146004234593,1,3,1,4,1:277; 3:1; 4:20,20,0,0.0,model_dynamic,True,mckenzie2003,5.649069986968683,6.126237869262695,0.0,6.126237869262695,8.264477729797363,3.570201342281879,3.89,3.89,1.573048012679803,1.574868346854163,20,0.0,0,0.0,0,0.0,267,1631.061604976654,10,52.356141328811646,1,0.0051098112016916,7.0,7.0,7.0,0.0062499999999999,0.0249999999999999,0.025,0.0204628619041995
dynamic,model_dynamic/summary_timeseries.csv,20,12.0,298,119200.0,1164.2347996288083,13.898162529587044,1164 ± 13.9,1138.748202154084,1209.0581538005858,1.819977998739659,1.6217738496625234,1.82 ± 1.622,0.0,8.123517051597005,0.329921815651969,0.1739798786311332,0.3299 ± 0.174,0.0318699554163733,1.0264264826473708,361.1510067114094,102.43285908238576,361.2 ± 102.4,0.0,393.0,67.94637055365031,2.263899634180864,67.95 ± 2.264,65.52432250976562,75.65169525146484,70.30995164650199,1,2,1,4,1:277; 4:21,21,0,0.0,model_dynamic,True,mckenzie2003,5.661319703063709,6.126237869262695,0.0,6.1957879066467285,8.307424545288086,3.611510067114094,3.93,3.93,1.565776058198775,1.5588391524841465,21,0.0,0,0.0,0,0.0,266,1625.553479194641,11,61.51979231834412,0,0.0,7.0,7.0,7.0,0.0062499999999999,0.0249999999999999,0.025,0.0238042452691793
dynamic,model_dynamic/summary_timeseries.csv,20,11.9,298,119200.0,1164.25059846209,13.896515608004304,1164 ± 13.9,1138.7761135571477,1209.044985767114,1.8233369168910816,1.6312209545041692,1.823 ± 1.631,0.0,8.17909066040372,0.329625015375221,0.1736571685535341,0.3296 ± 0.1737,0.0325632800102359,1.025957044487859,374.9865771812081,104.3140255536641,375 ± 104.3,0.0,407.0,69.42100885890474,2.2679764353331997,69.42 ± 2.268,67.19967651367188,77.59280395507812,70.26887220996628,1,3,1,4,1:277; 3:7; 4:14,14,0,0.0,model_dynamic,True,mckenzie2003,5.841712424890982,6.300686836242676,0.0102965331170708,6.300686836242676,8.523484230041504,3.7498657718120807,4.07,4.07,1.52592139906935,1.5480803037451292,14,0.0,0,0.0,0,0.0,266,1670.8654556274414,11,69.88017845153809,7,0.0846685385331511,7.0,7.0,7.0,0.0062499999999999,0.0249999999999999,0.025,0.0228915793928436
dynamic,model_dynamic/summary_timeseries.csv,20,11.8,298,119200.0,1164.266794970103,13.894756607938932,1164 ± 13.89,1138.804235703792,1209.0320810677345,1.827381936600573,1.640408357589783,1.827 ± 1.64,0.0,8.235423745766973,0.3293153317834868,0.1733236736175349,0.3293 ± 0.1733,0.0333737826478018,1.0253988189468637,383.1442953020134,96.83367729287392,383.1 ± 96.83,0.0,412.0,70.26349358270632,2.1378766405827148,70.26 ± 2.138,68.04222106933594,78.35408782958984,70.22784536394238,1,3,1,4,1:282; 3:6; 4:10,10,0,0.0,model_dynamic,True,mckenzie2003,5.9349628689655125,6.371000289916992,0.0171595644205808,6.371000289916992,8.523484230041504,3.8314429530201344,4.12,4.12,1.5214138430219155,1.5463592936691728,10,0.0,0,0.0,0,0.0,267,1690.9905986785889,15,77.56407958269119,6,0.0642566904425621,7.0,8.0,8.0,0.00625,0.025,0.025,0.0232900662391343
dynamic,model_dynamic/summary_timeseries.csv,20,11.7,298,119200.0,1164.2832415866865,13.892856587929783,1164 ± 13.89,1138.832502370642,1209.0190407877228,1.831790033138728,1.6495207081003496,1.832 ± 1.65,0.0,8.291861049793106,0.3289970809858856,0.1729938957221019,0.329 ± 0.173,0.0343465829635212,1.0247987787771764,385.59060402684565,90.043987268775,385.6 ± 90.04,0.0,412.0,71.18968149479603,2.141548139473699,71.19 ± 2.142,68.91338348388672,79.83232116699219,70.18653841708078,1,3,1,4,1:285; 3:5; 4:8,8,0,0.0,model_dynamic,True,mckenzie2003,5.863577595490012,6.1957879066467285,1.424551844596863,6.371000289916992,8.523484230041504,3.855906040268456,4.12,4.12,1.4945498842567562,1.5123003894842943,8,0.0,0,0.0,0,0.0,267,1658.5705347061155,18,88.7288168668747,5,0.046771883033216,8.0,9.0,9.0,0.0062499999999999,0.0249999999999999,0.025,0.0240528449427866
dynamic,model_dynamic/summary_timeseries.csv,20,11.6,298,119200.0,1164.2997674293215,13.890975254531364,1164 ± 13.89,1138.8608971087958,1209.005946486834,1.8364463402658848,1.658559255098072,1.836 ± 1.659,0.0,8.348478735205104,0.3286789495084879,0.1726646527347505,0.3287 ± 0.1727,0.0352760807189517,1.0241630028907354,396.238255033557,82.80210263623708,396.2 ± 82.8,0.0,420.0,70.40188150597899,1.9657920494600416,70.4 ± 1.966,67.85066223144531,78.8248062133789,70.14504937803804,1,3,1,4,1:289; 3:1; 4:8,8,0,0.0,model_dynamic,True,mckenzie2003,6.117873372485073,6.477041244506836,2.5437315344810494,6.477041244506836,8.654175758361816,3.9623825503355694,4.2,4.2,1.5312501376922976,1.5421526772635323,8,0.0,0,0.0,0,0.0,267,1719.118239402771,22,103.99714243412018,1,0.0108831636607646,9.0,9.0,9.0,0.0062499999999999,0.0249999999999999,0.025,0.023550171416123
dynamic,model_dynamic/summary_timeseries.csv,20,11.5,298,119200.0,1164.3158865084347,13.889352495761194,1164 ± 13.89,1138.8892653039309,1208.9925698072277,1.840435404228866,1.6680131860693164,1.84 ± 1.668,0.0,8.404277673509393,0.3283776384994716,0.1723420498868,0.3284 ± 0.1723,0.0361525546390088,1.023569484515386,403.1711409395973,83.36046637989794,403.2 ± 83.36,0.0,427.0,74.3991262960754,1.87322630706343,74.4 ± 1.873,71.72673034667969,82.38680267333984,70.10330450329661,1,3,1,4,1:289; 3:1; 4:8,8,0,0.0,model_dynamic,True,mckenzie2003,6.039017585137446,6.371000289916992,2.882683098316193,6.477041244506836,8.654175758361816,4.031711409395975,4.2700000000000005,4.2700000000000005,1.4876812688042746,1.4920375386222462,8,0.0,0,0.0,0,0.0,267,1692.8638186454773,22,106.75253856182098,1,0.0108831636607646,8.0,9.0,9.0,0.0124999999999999,0.0124999999999999,0.025,0.0245724664572604
dynamic,model_dynamic/summary_timeseries.csv,20,11.4,298,119200.0,1164.3331140131509,13.887205700241562,1164 ± 13.89,1138.9181086076974,1208.9794594212458,1.8464240042846456,1.6765936290069137,1.846 ± 1.677,0.0,8.462193729259033,0.3280361736768225,0.1720093773488392,0.328 ± 0.172,0.0371650989481876,1.0227625786948586,413.3825503355704,77.04536250436281,413.4 ± 77.05,0.0,435.0,72.63045588755767,1.6834209459406415,72.63 ± 1.683,69.90211486816406,80.93192291259766,70.06135081354842,1,3,1,4,1:290; 3:3; 4:5,5,0,0.0,model_dynamic,True,mckenzie2003,6.264920545757542,6.512539863586426,4.7916455507278455,6.58376407623291,8.741742134094238,4.1338255033557045,4.34,4.3500000000000005,1.5013817688554436,1.5005852220245222,5,0.0,0,0.0,0,0.0,267,1732.8714838027954,23,134.05187356472015,3,0.0229652682319283,8.0,9.0,9.0,0.0062499999999999,0.0249999999999999,0.025,0.0246896282690558
dynamic,model_dynamic/summary_timeseries.csv,20,11.3,298,119200.0,1164.3496830298427,13.885332936283906,1164 ± 13.89,1138.946849487292,1208.9653939244529,1.851174950261861,1.685866352848913,1.851 ± 1.686,0.0,8.518606475844486,0.3277161579173112,0.1716900652738522,0.3277 ± 0.1717,0.0383659252705947,1.0220353235504325,412.2147651006711,77.31267152262271,412.2 ± 77.31,0.0,433.0,71.93967524790924,1.6942513626862268,71.94 ± 1.694,69.06477355957031,80.16619110107422,70.01854443716093,1,3,1,4,1:290; 3:1; 4:7,7,0,0.0,model_dynamic,True,mckenzie2003,6.186057060594426,6.406271457672119,4.47178694009781,6.58376407623291,8.741742134094238,4.122147651006711,4.33,4.33,1.4957862057771714,1.479508419785709,7,0.0,0,0.0,0,0.0,267,1710.187494277954,23,133.2466266155243,1,0.0108831636607646,8.0,8.0,8.0,0.00625,0.025,0.025,0.0242988054227409
dynamic,model_dynamic/summary_timeseries.csv,20,11.2,298,119200.0,1164.3660291724173,13.883576339158344,1164 ± 13.88,1138.9755328779577,1208.9513072947118,1.8555423946328615,1.695117444094242,1.856 ± 1.695,0.0,8.573805330013695,0.3274073960237904,0.1713777295589683,0.3274 ± 0.1714,0.0395285378396243,1.0213648873265593,419.1241610738255,79.69797025785775,419.1 ± 79.7,0.0,441.0,74.88246802515631,1.756752315490068,74.88 ± 1.757,72.02156066894531,83.22200012207031,69.97577441675412,1,3,1,4,1:290; 3:1; 4:7,7,0,0.0,model_dynamic,True,mckenzie2003,6.2414649012248535,6.477041244506836,3.9550148248672494,6.58376407623291,8.917923927307129,4.191241610738255,4.41,4.41,1.482888164243209,1.4687168354890785,7,0.0,0,0.0,0,0.0,267,1729.3452415466309,23,130.6043267250061,1,0.006972293369472,8.0,9.0,9.0,0.0124999999999999,0.0124999999999999,0.025,0.0242475880573972
dynamic,model_dynamic/summary_timeseries.csv,20,11.1,298,119200.0,1164.3831182785743,13.881451019511246,1164 ± 13.88,1139.0045783185203,1208.9375587385211,1.8613614275546344,1.7036420032336104,1.861 ± 1.704,0.0,8.630434358855434,0.3270739279068713,0.1710526549308908,0.3271 ± 0.1711,0.0406683893529282,1.0205317241435974,419.7080536912752,73.77113167102672,419.7 ± 73.77,0.0,439.0,76.9292641710115,1.627589722033677,76.93 ± 1.628,74.0787353515625,85.52810668945312,69.93298042000083,1,3,1,4,1:291; 3:3; 4:4,4,0,0.0,model_dynamic,True,mckenzie2003,6.397356579045846,6.58376407623291,5.208032751083375,6.619489669799805,8.741742134094238,4.197080536912752,4.39,4.39,1.510494303580084,1.5078564168108897,4,0.0,0,0.0,0,0.0,267,1758.535171031952,24,147.84631061553955,3,0.0307789081707596,8.0,9.0,9.0,0.0124999999999999,0.0124999999999999,0.025,0.023535929021422
dynamic,model_dynamic/summary_timeseries.csv,20,11.0,298,119200.0,1164.4005714404975,13.879185828374686,1164 ± 13.88,1139.0339227355885,1208.9239175415664,1.8679368693992748,1.7119463129933643,1.868 ± 1.712,0.0,8.68796607678708,0.3267279808364481,0.1707199455240026,0.3267 ± 0.1707,0.0417898382091274,1.0195761691355003,427.3087248322148,61.96257793875994,427.3 ± 61.96,0.0,443.0,75.93980430756639,1.3937269286815883,75.94 ± 1.394,73.9570541381836,84.47689819335938,69.88999480597795,1,3,1,4,1:294; 3:2; 4:2,2,0,0.0,model_dynamic,True,mckenzie2003,6.49283897383576,6.619489669799805,5.731397914886474,6.691166877746582,8.917923927307129,4.273087248322147,4.43,4.43,1.5099797712629908,1.4942414604514234,2,0.0,0,0.0,0,0.0,268,1772.0516819953918,26,162.8003876209259,2,0.013944586738944,8.0,9.0,9.0,0.0124999999999999,0.0124999999999999,0.025,0.0237680091608628
dynamic,model_dynamic/summary_timeseries.csv,20,10.9,298,119200.0,1164.4174768102578,13.877182441956402,1164 ± 13.88,1139.063220597001,1208.9098335746698,1.8735571725237583,1.7208305957408785,1.874 ± 1.721,0.0,8.7443546874963,0.3264018955421526,0.17039674012199,0.3264 ± 0.1704,0.04292510707711,1.018660424084665,426.003355704698,61.44984850556343,426 ± 61.45,0.0,442.0,74.74832665360213,1.3512471926189322,74.75 ± 1.351,72.77131652832031,82.96568298339844,69.84661297766888,1,2,1,4,1:294; 4:4,4,0,0.0,model_dynamic,True,mckenzie2003,6.464920266762676,6.58376407623291,5.675784587860107,6.619489669799805,8.917923927307129,4.26003355704698,4.41,4.42,1.518005619684011,1.4929170240890952,4,0.0,0,0.0,0,0.0,268,1763.7859811782837,26,162.7602583169937,0,0.0,8.0,9.0,9.0,0.0124999999999999,0.0124999999999999,0.025,0.0240985260746225
dynamic,model_dynamic/summary_timeseries.csv,20,10.8,298,119200.0,1164.434080337692,13.875287154251266,1164 ± 13.88,1139.09241872179,1208.895274753287,1.8785558883116,1.7299278204781716,1.879 ± 1.73,0.0,8.799193004684318,0.3260888610713146,0.1700836860768428,0.3261 ± 0.1701,0.0440862115235349,1.0178095032666648,430.3456375838926,64.54053924318838,430.3 ± 64.54,0.0,447.0,75.04145157577207,1.4703792671505946,75.04 ± 1.47,73.0159683227539,83.49646759033203,69.80285603149673,1,2,1,4,1:294; 4:4,4,0,0.0,model_dynamic,True,mckenzie2003,6.495675859835324,6.691166877746582,5.466347599029541,6.691166877746582,9.006538391113281,4.303456375838926,4.47,4.47,1.507777025999287,1.496905341777759,4,0.0,0,0.0,0,0.0,268,1778.6318097114563,26,157.0795965194702,0,0.0,8.0,9.0,9.0,0.0125,0.0125000000000014,0.025,0.0239785276566295
dynamic,model_dynamic/summary_timeseries.csv,20,10.7,298,119200.0,1164.4508102700408,13.873338829803066,1164 ± 13.87,1139.1216775517212,1208.880621947989,1.883785533928912,1.738778992072911,1.884 ± 1.739,0.0,8.853652789729853,0.3257737068226439,0.1697710513786711,0.3258 ± 0.1698,0.0442577914285187,1.016940095654334,425.2751677852349,62.43491742256453,425.3 ± 62.43,0.0,442.0,77.73707547283813,1.3944684872243522,77.74 ± 1.394,75.76644897460938,85.98420715332031,69.7589443962679,1,2,1,4,1:294; 4:4,4,0,0.0,model_dynamic,True,mckenzie2003,6.430717109033726,6.58376407623291,5.242025876045227,6.619489669799805,8.917923927307129,4.252751677852348,4.41,4.42,1.5114982920850444,1.4929170240890952,4,0.0,0,0.0,0,0.0,269,1766.7251496315002,25,149.62854886054993,0,0.0,8.0,9.0,9.0,0.0124999999999999,0.0124999999999999,0.025,0.0230985940831839
dynamic,model_dynamic/summary_timeseries.csv,20,10.6,298,119200.0,1164.468448306305,13.87104776706291,1164 ± 13.87,1139.1512533524483,1208.866459673185,1.8905465293895651,1.7467875803059911,1.891 ± 1.747,0.0,8.908841858959782,0.3254386544309544,0.1694494452313602,0.3254 ± 0.1694,0.0443151329704175,1.015934812893938,427.3288590604027,57.371559840778495,427.3 ± 57.37,0.0,441.0,74.1206215212009,1.2373715544727433,74.12 ± 1.237,71.42586517333984,82.76524353027344,69.71520632073702,1,3,1,4,1:294; 3:2; 4:2,2,0,0.0,model_dynamic,True,mckenzie2003,6.352439798439709,6.406271457672119,5.911522459983826,6.512539863586426,8.785656929016113,4.273288590604027,4.41,4.41,1.48131515658768,1.4534120143405973,2,0.0,0,0.0,0,0.0,271,1740.6045460700989,23,152.40074753761292,2,0.0217663273215293,8.0,9.0,9.0,0.0124999999999999,0.0124999999999999,0.025,0.0241499878594684
dynamic,model_dynamic/summary_timeseries.csv,20,10.5,298,119200.0,1164.4848317989026,13.869332576116308,1164 ± 13.87,1139.1804900302625,1208.8516710775837,1.8950213788746264,1.7559186081227556,1.895 ± 1.756,0.0,8.960954308579135,0.3251534255638725,0.1691567689820533,0.3252 ± 0.1692,0.0443693352656181,1.0151299119511736,426.4362416107383,62.26715791652955,426.4 ± 62.27,0.0,442.0,76.23507022217616,1.3746128497433712,76.24 ± 1.375,73.89033508300781,84.38431549072266,69.6711810473214,1,2,1,4,1:294; 4:4,4,0,0.0,model_dynamic,True,mckenzie2003,6.341650541596764,6.477041244506836,5.43756697177887,6.58376407623291,8.785656929016113,4.264362416107383,4.42,4.42,1.4865693761552072,1.4653939467210035,4,0.0,0,0.0,0,0.0,271,1754.0900168418884,23,135.72184455394745,0,0.0,8.0,9.0,9.0,0.0124999999999999,0.0124999999999999,0.025,0.0234612086543118
dynamic,model_dynamic/summary_timeseries.csv,20,10.4,298,119200.0,1164.5018004515655,13.867295330527078,1165 ± 13.87,1139.2100084830615,1208.837106105216,1.900667353436019,1.7640284798527606,1.901 ± 1.764,0.0,9.013784693724787,0.3248471218047853,0.1688513748184378,0.3248 ± 0.1689,0.0444249356882184,1.0142146922720197,416.5738255033557,57.7681920513556,416.6 ± 57.77,0.0,431.0,74.13345487965833,1.267134671081501,74.13 ± 1.267,71.41524505615234,82.43489837646484,69.62709762215445,1,2,1,4,1:294; 4:4,4,0,0.0,model_dynamic,True,mckenzie2003,6.274771860781932,6.371000289916992,5.550535607337952,6.477041244506836,8.741742134094238,4.165738255033557,4.3,4.3100000000000005,1.5082838926770588,1.4863738880909787,4,0.0,0,0.0,0,0.0,272,1734.4957509040833,22,135.3862636089325,0,0.0,8.0,9.0,9.0,0.0124999999999999,0.0124999999999999,0.025,0.0240423755659634
dynamic,model_dynamic/summary_timeseries.csv,20,10.3,298,119200.0,1164.51811128863,13.86550841960742,1165 ± 13.87,1139.210385799408,1208.8223586592885,1.905076995818446,1.7724999275533813,1.905 ± 1.772,0.0,9.0645510998632,0.3245690105497414,0.1685629122637128,0.3246 ± 0.1686,0.0444792098889512,1.0134205931037603,420.83557046979865,61.36902742172136,420.8 ± 61.37,0.0,436.0,76.61684461248001,1.3900648735796075,76.62 ± 1.39,73.92853546142578,84.90442657470703,69.61197285988032,1,2,1,4,1:294; 4:4,4,0,0.0,model_dynamic,True,mckenzie2003,6.38968691649853,6.58376407623291,5.231350827217102,6.58376407623291,8.741742134094238,4.208355704697987,4.36,4.36,1.516920995246572,1.5100376321635114,4,0.0,0,0.0,0,0.0,272,1778.7266006469729,22,125.40010046958923,0,0.0,8.0,9.0,9.0,0.0125,0.0125000000000014,0.025,0.0232448713743511
dynamic,model_dynamic/summary_timeseries.csv,20,10.2,298,119200.0,1164.5352083752107,13.86340985482496,1165 ± 13.86,1139.210385799408,1208.8077635047384,1.910914345017673,1.7802795516551655,1.911 ± 1.78,0.0,9.116382168236903,0.324260730946972,0.1682639034172076,0.3243 ± 0.1683,0.0445357283248099,1.0124861067219353,422.3691275167785,57.69886521318924,422.4 ± 57.7,0.0,436.0,79.4637118601959,1.2585160945776612,79.46 ± 1.259,77.4819107055664,88.22901916503906,69.59737770533047,1,3,1,4,1:294; 3:1; 4:3,3,0,0.0,model_dynamic,True,mckenzie2003,6.377909682675471,6.477041244506836,5.630436420440674,6.58376407623291,8.873747825622559,4.223691275167785,4.36,4.36,1.5079169629563485,1.4855599184648705,3,0.0,0,0.0,0,0.0,272,1760.9448037147522,22,139.6653094291687,1,0.006972293369472,8.0,9.0,9.0,0.0124999999999999,0.0124999999999999,0.025,0.0223542805514274
dynamic,model_dynamic/summary_timeseries.csv,20,10.1,298,119200.0,1164.5529877107938,13.861071108080182,1165 ± 13.86,1139.210385799408,1208.7936734652053,1.9180498770517769,1.7875502339431764,1.918 ± 1.788,0.0,9.169220844315634,0.3239308111932111,0.1679582775554062,0.3239 ± 0.168,0.0445941021736548,1.011406912456315,426.2248322147651,47.23310522291218,426.2 ± 47.23,0.0,437.0,76.74011732267853,1.083578176086149,76.74 ± 1.084,74.31282043457031,85.39314270019531,69.58328766579734,1,2,1,4,1:296; 4:2,2,0,0.0,model_dynamic,True,mckenzie2003,6.515078612621998,6.58376407623291,6.096530795097351,6.58376407623291,8.873747825622559,4.262248322147651,4.37,4.37,1.5296431466557845,1.50658216847435,2,0.0,0,0.0,0,0.0,273,1790.1020345687866,23,151.39139199256897,0,0.0,8.0,9.0,9.0,0.0124999999999999,0.0124999999999999,0.025,0.0230753680088743
dynamic,model_dynamic/summary_timeseries.csv,20,10.0,298,119200.0,1164.56962574654,13.859217275321656,1165 ± 13.86,1139.210385799408,1208.778573103227,1.9231649422224868,1.7959792204616818,1.923 ± 1.796,0.0,9.219797032877704,0.3236400139388581,0.1676706209779125,0.3236 ± 0.1677,0.0442815187763822,1.0104434896743602,423.258389261745,49.8349323598574,423.3 ± 49.83,0.0,435.0,73.78275452684235,1.1721533457954656,73.78 ± 1.172,71.71971893310547,82.39282989501953,69.56818730381906,1,2,1,4,1:296; 4:2,2,0,0.0,model_dynamic,True,mckenzie2003,6.482966139412566,6.58376407623291,6.023116803169251,6.58376407623291,8.785656929016113,4.23258389261745,4.3500000000000005,4.3500000000000005,1.530776239618303,1.513508983042048,2,0.0,0,0.0,0,0.0,273,1792.0159759521484,23,139.90793359279633,0,0.0,8.0,9.0,9.0,0.0124999999999999,0.0124999999999999,0.025,0.0239605545195272
dynamic,model_dynamic/summary_timeseries.csv,20,9.9,298,119200.0,1164.585558883688,13.857625954813177,1165 ± 13.86,1139.210385799408,1208.7631812186237,1.9269365229697653,1.8047356210383083,1.927 ± 1.805,0.0,9.267933152856834,0.3233775037086067,0.1674005141015064,0.3234 ± 0.1674,0.0435171093960075,1.009649248715672,425.31208053691273,61.03635115884189,425.3 ± 61.04,0.0,440.0,76.7887700996143,1.3592287775731746,76.79 ± 1.359,74.38690185546875,85.2761459350586,69.55279541921573,1,2,1,4,1:294; 4:4,4,0,0.0,model_dynamic,True,mckenzie2003,6.454619969297576,6.619489669799805,5.292021441459656,6.619489669799805,8.873747825622559,4.253120805369127,4.4,4.4,1.5172488917527096,1.5044294704090464,4,0.0,0,0.0,0,0.0,273,1802.113290309906,21,121.36346054077148,0,0.0,8.0,9.0,9.0,0.0124999999999999,0.0124999999999999,0.025,0.0230080629160751
dynamic,model_dynamic/summary_timeseries.csv,20,9.8,298,119200.0,1164.6024959217843,13.855598739051658,1165 ± 13.86,1139.210385799408,1208.7481856915929,1.932533456414666,1.812428276833853,1.933 ± 1.812,0.0,9.317166998805115,0.3230781802843682,0.1671153949082075,0.3231 ± 0.1671,0.0427859343969991,1.0087000973455855,425.7684563758389,57.23902032663378,425.8 ± 57.24,0.0,440.0,74.80420088287968,1.219654666919673,74.8 ± 1.22,72.96073150634766,83.7569808959961,69.53779989218492,1,3,1,4,1:294; 3:2; 4:2,2,0,0.0,model_dynamic,True,mckenzie2003,6.406079695700674,6.512539863586426,5.919431209564209,6.58376407623291,8.873747825622559,4.2576845637583896,4.39,4.4,1.4987407310721546,1.4834942741654729,2,0.0,0,0.0,0,0.0,273,1776.5750679969788,21,132.41882586479187,2,0.0178554570302367,8.0,9.0,9.0,0.0125,0.0125000000000014,0.025,0.0235459052588043
dynamic,model_dynamic/summary_timeseries.csv,20,9.7,298,119200.0,1164.618793003884,13.853886420250577,1165 ± 13.85,1139.210385799408,1208.7330640966768,1.936924538278958,1.820641025215556,1.937 ± 1.821,0.0,9.364646125898268,0.3228063473390462,0.1668488464752443,0.3228 ± 0.1668,0.0420542821650129,1.00786892842537,426.6073825503356,60.152297310015086,426.6 ± 60.15,0.0,441.0,79.37333243965303,1.3008678903437985,79.37 ± 1.301,77.47216796875,87.86392974853516,69.52267829726884,1,2,1,4,1:294; 4:4,4,0,0.0,model_dynamic,True,mckenzie2003,6.41855144020695,6.58376407623291,5.411134719848633,6.619489669799805,8.917923927307129,4.266073825503356,4.41,4.41,1.5055620281246684,1.4929170240890952,4,0.0,0,0.0,0,0.0,273,1790.5727076530457,21,122.15562152862547,0,0.0,8.0,9.0,9.0,0.0124999999999999,0.0124999999999999,0.025,0.0221664843158508
dynamic,model_dynamic/summary_timeseries.csv,20,9.6,298,119200.0,1164.636462789473,13.851658170311527,1165 ± 13.85,1139.210385799408,1208.7186111597994,1.9438650047459385,1.827569576162479,1.944 ± 1.828,0.0,9.4142225265388,0.3224849486353889,0.1665608077006735,0.3225 ± 0.1666,0.0413651790219104,1.0067995921290314,433.8657718120805,48.41940064305314,433.9 ± 48.42,0.0,445.0,80.00117510597178,1.0770727747050353,80 ± 1.077,77.45144653320312,88.85855102539062,69.5082253603914,1,3,1,4,1:296; 3:1; 4:1,1,0,0.0,model_dynamic,True,mckenzie2003,6.525766104194117,6.58376407623291,6.406271457672119,6.691166877746582,8.917923927307129,4.338657718120806,4.45,4.45,1.5007507970139418,1.4794975452208787,1,0.0,0,0.0,0,0.0,274,1803.8620347976685,22,140.8092919588089,1,0.006972293369472,8.0,9.0,9.0,0.0124999999999999,0.0124999999999999,0.025,0.0219248697537646
dynamic,model_dynamic/summary_timeseries.csv,20,9.5,298,119200.0,1164.65411935156,13.849442183809227,1165 ± 13.85,1139.210385799408,1208.7039909420257,1.9507227651055388,1.8347875851402855,1.951 ± 1.835,0.0,9.463603530658729,0.3221651989475378,0.166278819295833,0.3222 ± 0.1663,0.04069058013148,1.0056821079942986,425.520134228188,43.288418526269496,425.5 ± 43.29,0.0,435.0,80.04640389768869,0.9798572273297308,80.05 ± 0.9799,77.44361114501953,89.05816650390625,69.49360514261775,1,3,1,4,1:296; 3:1; 4:1,1,0,0.0,model_dynamic,True,mckenzie2003,6.507634286818738,6.58376407623291,6.340463709831238,6.58376407623291,8.785656929016113,4.25520134228188,4.3500000000000005,4.3500000000000005,1.5280717309075735,1.513508983042048,1,0.0,0,0.0,0,0.0,276,1806.2338757514956,20,133.02821826934814,1,0.0129234511405229,8.0,9.0,9.0,0.0124999999999999,0.0124999999999999,0.025,0.021850025090027
dynamic,model_dynamic/summary_timeseries.csv,20,9.4,298,119200.0,1164.6718149321628,13.847150438426976,1165 ± 13.85,1139.210385799408,1208.689174195261,1.957525885120048,1.842099351491019,1.958 ± 1.842,0.0,9.512249412144026,0.321842239986945,0.1660014042093739,0.3218 ± 0.166,0.0400242623024992,1.004549485059543,434.13758389261744,39.3066313999912,434.1 ± 39.31,0.0,443.0,77.582415612752,0.911818978159342,77.58 ± 0.9118,75.06426239013672,86.19078826904297,69.47878839585337,1,2,1,4,1:297; 4:1,1,0,0.0,model_dynamic,True,mckenzie2003,6.527294825387481,6.58376407623291,6.371000289916992,6.619489669799805,8.917923927307129,4.341375838926175,4.43,4.43,1.505213395894408,1.4861769923776322,1,0.0,0,0.0,0,0.0,277,1814.6860494613647,20,130.4478085041046,0,0.0,8.0,9.0,9.0,0.0124999999999999,0.0124999999999999,0.025,0.0224840256347279
dynamic,model_dynamic/summary_timeseries.csv,20,9.3,298,119200.0,1164.6887090513685,13.845174598594449,1165 ± 13.85,1139.210385799408,1208.6773370839437,1.9628386971895244,1.8500225232452328,1.963 ± 1.85,0.0,9.558840560304024,0.3215483205407029,0.165740244839777,0.3215 ± 0.1657,0.0393486084631179,1.003532961653443,434.3187919463088,47.4793743550253,434.3 ± 47.48,0.0,445.0,76.51080744698544,1.0625184987343428,76.51 ± 1.063,73.8156509399414,85.29947662353516,69.46695128453575,1,3,1,4,1:296; 3:1; 4:1,1,0,0.0,model_dynamic,True,mckenzie2003,6.4989193589239065,6.58376407623291,6.289445781707765,6.691166877746582,8.917923927307129,4.343187919463088,4.45,4.45,1.493124981941668,1.4908760517567126,1,0.0,0,0.0,0,0.0,277,1819.5530724525447,19,117.11792421340942,1,0.006972293369472,8.0,9.0,9.0,0.0125,0.0125000000000014,0.025,0.0225336817319203
dynamic,model_dynamic/summary_timeseries.csv,20,9.2,298,119200.0,1164.705610639675,13.843135292516092,1165 ± 13.84,1139.210385799408,1208.6644204175202,1.9679467496086405,1.8577563875888703,1.968 ± 1.858,0.0,9.604252568482067,0.3212583318491322,0.1654953918980506,0.3213 ± 0.1655,0.0386814931072302,1.0025744318356802,438.0503355704698,48.53021770081745,438.1 ± 48.53,0.0,449.0,77.15582290751821,1.0524433474241237,77.16 ± 1.052,74.58535766601562,85.85862731933594,69.45403461811225,1,2,1,4,1:296; 4:2,2,0,0.0,model_dynamic,True,mckenzie2003,6.497734163831544,6.58376407623291,6.138375329971313,6.619489669799805,8.873747825622559,4.3805033557047,4.49,4.49,1.4848524878192144,1.4663171661988663,2,0.0,0,0.0,0,0.0,276,1812.977171897888,20,123.34760892391203,0,0.0,8.0,9.0,9.0,0.0124999999999999,0.0124999999999999,0.025,0.022995434621854
dynamic,model_dynamic/summary_timeseries.csv,20,9.1,298,119200.0,1164.7228237676247,13.840965637710111,1165 ± 13.84,1139.210385799408,1208.6511731626867,1.973511122957416,1.8651265712104288,1.974 ± 1.865,0.0,9.649396577130217,0.3209578219297718,0.1652479485977302,0.321 ± 0.1652,0.0380369095923833,1.0015980998820726,438.1912751677853,47.70034039933963,438.2 ± 47.7,0.0,449.0,78.16635116474741,1.0204600462783184,78.17 ± 1.02,76.24458312988281,87.15314483642578,69.44078736327879,1,2,1,4,1:296; 4:2,2,0,0.0,model_dynamic,True,mckenzie2003,6.506794951506109,6.58376407623291,6.172631859779358,6.619489669799805,8.873747825622559,4.381912751677854,4.49,4.49,1.4868819446256047,1.4663171661988663,2,0.0,0,0.0,0,0.0,277,1823.1319394111636,19,115.89295613765717,0,0.0,8.0,9.0,9.0,0.0124999999999999,0.0124999999999999,0.025,0.02263631290371
dynamic,model_dynamic/summary_timeseries.csv,20,9.0,298,119200.0,1164.740239115655,13.838721437483285,1165 ± 13.84,1139.210385799408,1208.6377295366044,1.9794879982458256,1.8722524270968828,1.979 ± 1.872,0.0,9.694472536237608,0.3206508320005591,0.1649983310426118,0.3207 ± 0.165,0.0374201871527514,1.000568211106523,434.3993288590604,45.04119962855231,434.4 ± 45.04,0.0,445.0,79.42982191047412,0.9275822261458344,79.43 ± 0.9276,77.47219848632812,88.2214126586914,69.42734373719645,1,2,1,4,1:296; 4:2,2,0,0.0,model_dynamic,True,mckenzie2003,6.471837012559775,6.58376407623291,6.110675406455994,6.58376407623291,8.873747825622559,4.343993288590605,4.44,4.45,1.4925997964711488,1.482829746899304,2,0.0,0,0.0,0,0.0,279,1824.111020565033,17,104.49640917778017,0,0.0,8.0,9.0,9.0,0.0124999999999999,0.0124999999999999,0.025,0.0222168679028385
dynamic,model_dynamic/summary_timeseries.csv,20,8.9,298,119200.0,1164.7579136131078,13.836453052928391,1165 ± 13.84,1139.210385799408,1208.6241044428607,1.9859625655625308,1.8792060571715916,1.986 ± 1.879,0.0,9.739609335441482,0.3203391701388513,0.1647504403511025,0.3203 ± 0.1648,0.0368348621563871,0.9994925711350404,424.3456375838926,41.76136261119628,424.3 ± 41.76,0.0,433.0,74.94915564108214,0.864325558399368,74.95 ± 0.8643,72.45708465576172,83.5761947631836,69.41371864345274,1,3,1,4,1:296; 3:1; 4:1,1,0,0.0,model_dynamic,True,mckenzie2003,6.430933852561268,6.477041244506836,6.355910754203797,6.58376407623291,8.654175758361816,4.243456375838925,4.33,4.33,1.514666016302569,1.4993151028951008,1,0.0,0,0.0,0,0.0,279,1806.6977229118347,17,109.70968198776244,1,0.0108831636607646,8.0,9.0,9.0,0.0124999999999999,0.0124999999999999,0.025,0.0235179429958262
dynamic,model_dynamic/summary_timeseries.csv,20,8.8,298,119200.0,1164.774210180686,13.834738673132792,1165 ± 13.83,1139.210385799408,1208.6095530812738,1.989906876132762,1.8872562709791867,1.99 ± 1.887,0.0,9.78168298228482,0.3200799250608065,0.1645313194858527,0.3201 ± 0.1645,0.0362401186096061,0.998653823616342,419.5402684563758,51.66671772750133,419.5 ± 51.67,0.0,431.0,75.16502784882616,1.0754506066261018,75.17 ± 1.075,73.36038208007812,83.64412689208984,69.39916728186586,1,3,1,4,1:295; 3:1; 4:2,2,0,0.0,model_dynamic,True,mckenzie2003,6.35315152977112,6.512539863586426,5.801819372177124,6.512539863586426,8.566960334777832,4.19540268456376,4.3100000000000005,4.3100000000000005,1.5112678196600304,1.5110301307625116,2,0.0,0,0.0,0,0.0,279,1808.6264562606807,16,84.5955400466919,1,0.0171595644205808,8.0,9.0,9.0,0.0125,0.0125000000000014,0.025,0.0222362831092197
dynamic,model_dynamic/summary_timeseries.csv,20,8.7,298,119200.0,1164.7907747870267,13.832910435384196,1165 ± 13.83,1139.210385799408,1208.595173824987,1.9943159108625448,1.8947673906848463,1.994 ± 1.895,0.0,9.82323461890297,0.319811059667915,0.1643087690312454,0.3198 ± 0.1643,0.0356718517527472,0.997820575619456,430.2348993288591,55.99177663276297,430.2 ± 55.99,0.0,443.0,77.6790662419876,1.1877698649187014,77.68 ± 1.188,75.78761291503906,86.1710205078125,69.38478802557893,1,3,1,4,1:295; 3:1; 4:2,2,0,0.0,model_dynamic,True,mckenzie2003,6.374765534235177,6.512539863586426,5.727375721931458,6.619489669799805,8.785656929016113,4.30234899328859,4.43,4.43,1.4765394536678504,1.4831498443236373,2,0.0,0,0.0,0,0.0,279,1821.0949492454529,16,78.57225650548935,1,0.0129234511405229,8.0,9.0,9.0,0.0124999999999999,0.0124999999999999,0.025,0.0200026604528305
dynamic,model_dynamic/summary_timeseries.csv,20,8.6,298,119200.0,1164.8081091697836,13.830751567015582,1165 ± 13.83,1139.210385799408,1208.581129708597,2.000120160115926,1.9014851267847683,2 ± 1.901,0.0,9.86551554340084,0.3195147960615774,0.164074150489036,0.3195 ± 0.1641,0.0351501849910126,0.996859837204742,428.5872483221477,47.87393370791541,428.6 ± 47.87,0.0,440.0,78.5505345235735,1.0086884294015357,78.55 ± 1.009,76.76728057861328,86.90135955810547,69.37074390918906,1,2,1,4,1:296; 4:2,2,0,0.0,model_dynamic,True,mckenzie2003,6.460776949488877,6.58376407623291,5.958876538276672,6.619489669799805,8.741742134094238,4.2858724832214765,4.39,4.4,1.5078794607437178,1.4997184683901847,2,0.0,0,0.0,0,0.0,279,1832.2729048728943,17,93.03862607479095,0,0.0,8.0,9.0,9.0,0.0124999999999999,0.0124999999999999,0.025,0.0199819917082232
dynamic,model_dynamic/summary_timeseries.csv,20,8.5,298,119200.0,1164.8254575676483,13.82865919617105,1165 ± 13.83,1139.210385799408,1208.5671041986946,2.0060129879259434,1.9083668775821556,2.006 ± 1.908,0.0,9.907711381866244,0.3192199421594424,0.1638433623762408,0.3192 ± 0.1638,0.0346604968088685,0.9958469086147992,430.496644295302,50.299989213853145,430.5 ± 50.3,0.0,441.0,79.70792911196715,1.0064413592892452,79.71 ± 1.006,77.6634750366211,88.28141021728516,69.35671839928659,1,3,1,4,1:295; 3:1; 4:2,2,0,0.0,model_dynamic,True,mckenzie2003,6.410634158376054,6.512539863586426,6.226571321487427,6.58376407623291,8.917923927307129,4.30496644295302,4.41,4.41,1.4876576351327775,1.4767664089765138,2,0.0,0,0.0,0,0.0,279,1811.1753997802732,16,99.18660712242126,1,0.006972293369472,8.0,9.0,9.0,0.0124999999999999,0.0124999999999999,0.025,0.0193040211035035
dynamic,model_dynamic/summary_timeseries.csv,20,8.4,298,119200.0,1164.8431073016995,13.8264683566569,1165 ± 13.83,1139.210385799408,1208.553162253966,2.012414847433811,1.9149772980291395,2.012 ± 1.915,0.0,9.9498423525888,0.3189165997519157,0.1636118179927846,0.3189 ± 0.1636,0.0342062667637504,0.9947746949763102,437.7852348993289,44.51084835091302,437.8 ± 44.51,0.0,447.0,80.54755993017415,0.962535106032242,80.55 ± 0.9625,78.01771545410156,89.44731903076172,69.3427764545579,1,3,1,4,1:296; 3:1; 4:1,1,0,0.0,model_dynamic,True,mckenzie2003,6.552935531712919,6.619489669799805,6.477041244506836,6.691166877746582,8.917923927307129,4.377852348993288,4.47,4.47,1.495124860880393,1.4808701722147215,1,0.0,0,0.0,0,0.0,279,1843.0610899925232,17,109.70281529426576,1,0.0108831636607646,8.0,9.0,9.0,0.0124999999999999,0.0124999999999999,0.025,0.0195107342025823
dynamic,model_dynamic/summary_timeseries.csv,20,8.3,298,119200.0,1164.860844452246,13.82424245317248,1165 ± 13.82,1139.210385799408,1208.5390105963334,2.0190094828481437,1.921591325843963,2.019 ± 1.922,0.0,9.991844343883454,0.318609355810262,0.1633805003830848,0.3186 ± 0.1634,0.0337820811631915,0.9936453445443586,433.0402684563758,39.22699029639116,433 ± 39.23,0.0,441.0,78.61320039889956,0.9355247131274091,78.61 ± 0.9355,76.13939666748047,87.27998352050781,69.3286247969254,1,2,1,4,1:297; 4:1,1,0,0.0,model_dynamic,True,mckenzie2003,6.475053434403951,6.477041244506836,6.406271457672119,6.619489669799805,8.917923927307129,4.330402684563759,4.41,4.41,1.4959730763577477,1.4687168354890785,1,0.0,0,0.0,0,0.0,279,1812.1987810134888,18,117.36714243888856,0,0.0,8.0,9.0,9.0,0.0125,0.0125000000000014,0.025,0.0196057414158576
dynamic,model_dynamic/summary_timeseries.csv,20,8.2,298,119200.0,1164.8779366126753,13.82226574091112,1165 ± 13.82,1139.210385799408,1208.524305803238,2.024408296450048,1.928718839979798,2.024 ± 1.929,0.0,10.03223343799251,0.3183255431608087,0.1631626084688838,0.3183 ± 0.1632,0.0333705546281048,0.992611299821794,431.9832214765101,45.31903744258874,432 ± 45.32,0.0,441.0,80.01339056027815,1.0101032722336538,80.01 ± 1.01,77.52896118164062,88.71887969970703,69.31392000383016,1,3,1,4,1:296; 3:1; 4:1,1,0,0.0,model_dynamic,True,mckenzie2003,6.41948503370228,6.477041244506836,6.40098078250885,6.512539863586426,8.654175758361816,4.319832214765101,4.41,4.41,1.4829006829643727,1.4687168354890785,1,0.0,0,0.0,0,0.0,279,1803.807789325714,17,109.18159115314484,1,0.0171595644205808,8.0,9.0,9.0,0.0124999999999999,0.0124999999999999,0.025,0.0192121391129282
dynamic,model_dynamic/summary_timeseries.csv,20,8.1,298,119200.0,1164.8953726779814,13.820197774208175,1165 ± 13.82,1139.210385799408,1208.509766043518,2.0305153517814394,1.935355640154696,2.031 ± 1.935,0.0,10.07263943738177,0.3180298253909502,0.1629390451580947,0.318 ± 0.1629,0.0329990012169749,0.9915141656690624,431.62080536912754,43.72850002901566,431.6 ± 43.73,0.0,441.0,79.66544201230043,0.9413499624025534,79.67 ± 0.9413,77.5258560180664,88.07029724121094,69.29938024411013,1,2,1,4,1:296; 4:2,2,0,0.0,model_dynamic,True,mckenzie2003,6.488970614119664,6.58376407623291,6.383888792991638,6.619489669799805,8.917923927307129,4.316208053691274,4.4,4.4,1.5050788764872058,1.4963100173256614,2,0.0,0,0.0,0,0.0,280,1826.6692080497744,16,107.04403495788574,0,0.0,8.0,9.0,9.0,0.0124999999999999,0.0124999999999999,0.025,0.0138002494813043
dynamic,model_dynamic/summary_timeseries.csv,20,8.0,298,119200.0,1164.912772663177,13.81810441979456,1165 ± 13.82,1139.210385799408,1208.4951520674715,2.0364404078747715,1.942095076706717,2.036 ± 1.942,0.0,10.112272073696383,0.317735090913366,0.1627202707054338,0.3177 ± 0.1627,0.0326533288838699,0.990417515138127,441.0771812080537,45.250430115209504,441.1 ± 45.25,0.0,450.0,80.63831365188496,0.9716113897867062,80.64 ± 0.9716,78.53660583496094,89.14903259277344,69.28476626806378,1,2,1,4,1:296; 4:2,2,0,0.0,model_dynamic,True,mckenzie2003,6.482153543689907,6.512539863586426,6.455173110961914,6.58376407623291,8.873747825622559,4.410771812080538,4.5,4.5,1.4711479857342409,1.4472310807969837,2,0.0,0,0.0,0,0.0,280,1824.35315656662,16,107.3285994529724,0,0.0,8.0,9.0,9.0,0.0124999999999999,0.0124999999999999,0.025,0.0136111307964219
dynamic,model_dynamic/summary_timeseries.csv,20,7.9,298,119200.0,1164.9304717645462,13.81593902560168,1165 ± 13.82,1139.210385799408,1208.4805327580416,2.042867138902269,1.9486005819739,2.043 ± 1.949,0.0,10.15178522199222,0.3174296394920304,0.1624940318683138,0.3174 ± 0.1625,0.0323440666882047,0.9892707272392252,441.78859060402687,43.72234240671904,441.8 ± 43.72,0.0,450.0,82.73998547240392,0.9480564007681508,82.74 ± 0.9481,80.23760223388672,91.39147186279295,69.27014695863363,1,2,1,4,1:296; 4:2,2,0,0.0,model_dynamic,True,mckenzie2003,6.504383400382611,6.512539863586426,6.477041244506836,6.58376407623291,9.006538391113281,4.417885906040269,4.5,4.5,1.4747668801762503,1.4472310807969837,2,0.0,0,0.0,0,0.0,280,1825.8665509223936,16,112.43970239162444,0,0.0,8.0,9.0,9.0,0.0125,0.0125000000000005,0.025,0.0138493460600096
dynamic,model_dynamic/summary_timeseries.csv,20,7.8,298,119200.0,1164.9487405832372,13.813563813497993,1165 ± 13.81,1139.210385799408,1208.4661771705244,2.050315791507182,1.9546259718601584,2.05 ± 1.955,0.0,10.191708588842031,0.3171070092094359,0.1622621148802895,0.3171 ± 0.1623,0.0320864058103175,0.9880119073355416,440.4261744966443,40.37670252561536,440.4 ± 40.38,0.0,448.0,83.20937570149466,0.8659260269278133,83.21 ± 0.8659,80.82349395751953,91.94686126708984,69.2557913711164,1,3,1,4,1:296; 3:1; 4:1,1,0,0.0,model_dynamic,True,mckenzie2003,6.489871769049674,6.477041244506836,6.406271457672119,6.619489669799805,8.785656929016113,4.404261744966442,4.47,4.48,1.4726050074223958,1.4490025155496278,1,0.0,0,0.0,0,0.0,280,1811.0815234184265,16,122.88734030723572,1,0.0129234511405229,8.0,9.0,9.0,0.0124999999999999,0.0124999999999999,0.025,0.0139718027798542
dynamic,model_dynamic/summary_timeseries.csv,20,7.7,298,119200.0,1164.9670028361404,13.811212186407834,1165 ± 13.81,1139.210385799408,1208.451555689864,2.057755936310533,1.9606896096331403,2.058 ± 1.961,0.0,10.23130371670579,0.3167854424372286,0.1620315556827813,0.3168 ± 0.162,0.031863272495793,0.9867162888677732,441.9463087248322,34.810278747931854,441.9 ± 34.81,0.0,448.0,80.75647297801588,0.8205028600859913,80.76 ± 0.8205,78.60000610351562,89.45838165283203,69.24116989045615,1,2,1,4,1:297; 4:1,1,0,0.0,model_dynamic,True,mckenzie2003,6.66906298006941,6.619489669799805,6.58376407623291,6.691166877746582,8.917923927307129,4.419463087248323,4.48,4.48,1.5107219941873,1.4775646584374562,1,0.0,0,0.0,0,0.0,280,1858.6349363327024,17,128.74583172798157,0,0.0,8.0,9.0,9.0,0.0125,0.0125000000000005,0.025,0.0141182048413271
dynamic,model_dynamic/summary_timeseries.csv,20,7.6,298,119200.0,1164.984476698135,13.809069905912557,1165 ± 13.81,1139.210385799408,1208.4361769639777,2.063702962903325,1.9674672214017248,2.064 ± 1.967,0.0,10.26929108456332,0.3164854542905468,0.1618145923023205,0.3165 ± 0.1618,0.0316433043546257,0.985508332175958,440.258389261745,42.01450308987057,440.3 ± 42.01,0.0,448.0,83.08135348838448,0.9259867228948792,83.08 ± 0.926,81.00655364990234,91.72171020507812,69.22579116456973,1,3,1,4,1:296; 3:1; 4:1,1,0,0.0,model_dynamic,True,mckenzie2003,6.517696064534353,6.512539863586426,6.477041244506836,6.58376407623291,8.917923927307129,4.40258389261745,4.47,4.48,1.4782798905414718,1.4536919338362555,1,0.0,0,0.0,0,0.0,280,1820.2839694023128,16,121.97229826450348,1,0.0171595644205808,8.0,9.0,9.0,0.0124999999999999,0.0124999999999999,0.025,0.0138823296810102
dynamic,model_dynamic/summary_timeseries.csv,20,7.5,298,119200.0,1165.0026458377763,13.806731029067215,1165 ± 13.81,1139.210385799408,1208.4211806496792,2.070927474483329,1.973489738775788,2.071 ± 1.973,0.0,10.307687097019144,0.3161652297743788,0.1615878885999504,0.3162 ± 0.1616,0.0314800096998409,0.9841923189113164,440.0268456375839,34.67411976280243,440 ± 34.67,0.0,446.0,81.265251006056,0.8307252094815654,81.27 ± 0.8307,78.8741683959961,90.11034393310548,69.21079485027121,1,2,1,4,1:297; 4:1,1,0,0.0,model_dynamic,True,mckenzie2003,6.65501977533302,6.691166877746582,6.58376407623291,6.691166877746582,8.917923927307129,4.400268456375839,4.46,4.46,1.5134088919322102,1.5002616317817448,1,0.0,0,0.0,0,0.0,282,1872.251504421234,15,110.94438862800598,0,0.0,8.0,9.0,9.0,0.0124999999999999,0.0124999999999999,0.025,0.014063490457795
dynamic,model_dynamic/summary_timeseries.csv,20,7.4,298,119200.0,1165.0201726711098,13.804557851799553,1165 ± 13.8,1139.210385799408,1208.4055308716704,2.076958095647838,1.980091447979104,2.077 ± 1.98,0.0,10.344731525083548,0.3158638644060784,0.1613717431358763,0.3159 ± 0.1614,0.0313301675087544,0.9829362804791708,443.5503355704698,37.71180653636717,443.6 ± 37.71,0.0,450.0,82.18021216168499,0.8935194180062815,82.18 ± 0.8935,79.73440551757812,90.63778686523438,69.19514507226245,1,2,1,4,1:297; 4:1,1,0,0.0,model_dynamic,True,mckenzie2003,6.597380192887863,6.619489669799805,6.58376407623291,6.691166877746582,9.006538391113281,4.435503355704698,4.5,4.5,1.486868157651243,1.4709977043999567,1,0.0,0,0.0,0,0.0,283,1867.9478950500488,14,98.07140243053436,0,0.0,8.0,9.0,9.0,0.0125,0.0125000000000005,0.025,0.0136782062450727
dynamic,model_dynamic/summary_timeseries.csv,20,7.3,298,119200.0,1165.0380231709453,13.80226251502176,1165 ± 13.8,1139.210385799408,1208.3900932096738,2.083528795820528,1.9863146690927056,2.084 ± 1.986,0.0,10.381573036672096,0.3155523225509131,0.1611534446182161,0.3156 ± 0.1612,0.0312244768707238,0.9816309883753676,445.9597315436242,36.15113302124676,446 ± 36.15,0.0,452.0,83.94297588271583,0.8152340121602856,83.94 ± 0.8152,81.50077819824219,92.09429931640624,69.17970741026579,1,2,1,4,1:297; 4:1,1,0,0.0,model_dynamic,True,mckenzie2003,6.627192033217257,6.619489669799805,6.58376407623291,6.691166877746582,9.050975799560549,4.459597315436243,4.5200000000000005,4.5200000000000005,1.4865683701413082,1.4644888649999566,1,0.0,0,0.0,0,0.0,283,1872.9059510231016,14,101.99727487564088,0,0.0,8.0,9.0,9.0,0.0124999999999999,0.0124999999999999,0.025,0.0140446575325934
dynamic,model_dynamic/summary_timeseries.csv,20,7.2,298,119200.0,1165.0562839504505,13.79986490490392,1165 ± 13.8,1139.210385799408,1208.3749136945537,2.090872810676204,1.992168341100756,2.091 ± 1.992,0.0,10.418698221008183,0.3152290910386623,0.1609302258558204,0.3152 ± 0.1609,0.0311719514573796,0.9802367307434744,447.5302013422819,33.28815760705619,447.5 ± 33.29,0.0,453.0,82.73156664035464,0.7416316472103346,82.73 ± 0.7416,80.30073547363281,91.0517807006836,69.16452789514551,1,2,1,4,1:297; 4:1,1,0,0.0,model_dynamic,True,mckenzie2003,6.668550641744729,6.691166877746582,6.58376407623291,6.727118492126465,9.050975799560549,4.475302013422819,4.53,4.53,1.4917198012181576,1.4770787809595105,1,0.0,0,0.0,0,0.0,284,1888.217420578003,13,99.01067066192628,0,0.0,8.0,9.0,9.0,0.0125,0.0125000000000005,0.025,0.014024921983284
dynamic,model_dynamic/summary_timeseries.csv,20,7.1,298,119200.0,1165.0740745168414,13.797620953836809,1165 ± 13.8,1139.210385799408,1208.3592541007254,2.0973361059522317,1.998458278089139,2.097 ± 1.998,0.0,10.455208348329837,0.314920114242681,0.1607156563210962,0.3149 ± 0.1607,0.0311397439403521,0.9788789196386224,448.2751677852349,35.08328710893296,448.3 ± 35.08,0.0,454.0,84.66071718971202,0.8062119842790924,84.66 ± 0.8062,82.2297592163086,93.21929168701172,69.1488683013174,1,2,1,4,1:297; 4:1,1,0,0.0,model_dynamic,True,mckenzie2003,6.609835744704176,6.619489669799805,6.512539863586426,6.691166877746582,9.050975799560549,4.482751677852349,4.54,4.54,1.47542953978285,1.4580373722026,1,0.0,0,0.0,0,0.0,284,1874.1728839874268,13,95.55816793441772,0,0.0,8.0,9.0,9.0,0.0124999999999999,0.0124999999999999,0.025,0.0144329206007646
dynamic,model_dynamic/summary_timeseries.csv,20,7.0,298,119200.0,1165.0924794573486,13.79512209891255,1165 ± 13.8,1139.210385799408,1208.3439963178848,2.1048664738639,2.004176717185989,2.105 ± 2.004,0.0,10.49186700585564,0.3145933943805883,0.1604938666076439,0.3146 ± 0.1605,0.0311628993237607,0.9774247427108952,449.1510067114094,31.98773908869876,449.2 ± 31.99,0.0,454.0,83.51603542558298,0.6883330960018217,83.52 ± 0.6883,81.71257781982422,92.14097595214844,69.13361051847687,1,2,1,4,1:297; 4:1,1,0,0.0,model_dynamic,True,mckenzie2003,6.717142441928787,6.727118492126465,6.619489669799805,6.727118492126465,9.050975799560549,4.491510067114094,4.54,4.54,1.497258565774046,1.4817441612613358,1,0.0,0,0.0,0,0.0,285,1909.8635845184328,12,91.84486317634584,0,0.0,8.0,9.0,9.0,0.0124999999999999,0.0124999999999999,0.025,0.0140860133559008
dynamic,model_dynamic/summary_timeseries.csv,20,6.9,298,119200.0,1165.1104524804084,13.79268770897604,1165 ± 13.79,1139.210385799408,1208.3281704020717,2.111557391433956,2.0102493699897432,2.112 ± 2.01,0.0,10.527577344824028,0.3142721444599479,0.160271379905558,0.3143 ± 0.1603,0.031206752547403,0.9760017474927803,446.3758389261745,33.275437161004135,446.4 ± 33.28,0.0,452.0,83.27059795712465,0.7371672499447263,83.27 ± 0.7372,81.38610076904297,91.56623840332033,69.11778460266373,1,2,1,4,1:297; 4:1,1,0,0.0,model_dynamic,True,mckenzie2003,6.5691769947141605,6.512539863586426,6.477041244506836,6.727118492126465,9.006538391113281,4.463758389261744,4.51,4.5200000000000005,1.4726935861459678,1.4408274034483242,1,0.0,0,0.0,0,0.0,286,1877.7764744758608,11,79.83826994895935,0,0.0,8.0,9.0,9.0,0.0125,0.0125000000000005,0.025,0.0138586637494175
dynamic,model_dynamic/summary_timeseries.csv,20,6.8,298,119200.0,1165.1283711855333,13.790225918940369,1165 ± 13.79,1139.210385799408,1208.31228279238,2.1180875665576058,2.016207703671082,2.118 ± 2.016,0.0,10.56259917637469,0.3139519363481369,0.1600514163523716,0.314 ± 0.1601,0.0312858378079208,0.9745929181728156,446.8993288590604,33.464645265877934,446.9 ± 33.46,0.0,452.0,81.35877417237967,0.7329176716370414,81.36 ± 0.7329,79.48361206054688,89.55026245117188,69.10189699297212,1,2,1,4,1:297; 4:1,1,0,0.0,model_dynamic,True,mckenzie2003,6.496306849806101,6.512539863586426,6.477041244506836,6.58376407623291,9.050975799560549,4.468993288590605,4.5200000000000005,4.5200000000000005,1.4545055954457518,1.4408274034483242,1,0.0,0,0.0,0,0.0,287,1864.380808353424,10,71.51863288879395,0,0.0,8.0,9.0,9.0,0.0124999999999999,0.0124999999999999,0.025,0.0141837643172959
dynamic,model_dynamic/summary_timeseries.csv,20,6.7,298,119200.0,1165.1456885549712,13.787949975014508,1165 ± 13.79,1139.210385799408,1208.2960704814768,2.123507227919217,2.022572271808581,2.124 ± 2.023,0.0,10.596344591015455,0.3136534094087421,0.1598448343844772,0.3137 ± 0.1598,0.0313823984880895,0.9732787624499216,451.6845637583893,37.50169342902521,451.7 ± 37.5,0.0,458.0,84.76685960500832,0.8586440035862284,84.77 ± 0.8586,82.9188232421875,93.25067901611328,69.08568468206886,1,2,1,4,1:297; 4:1,1,0,0.0,model_dynamic,True,mckenzie2003,6.680418467761686,6.727118492126465,6.512539863586426,6.7992472648620605,9.140111923217772,4.516845637583892,4.57,4.58,1.4776368307611512,1.468803164219752,1,0.0,0,0.0,0,0.0,287,1923.6297798156736,10,67.13492357730865,0,0.0,8.0,9.0,9.0,0.0125,0.0125000000000005,0.025,0.0144173761280598
dynamic,model_dynamic/summary_timeseries.csv,20,6.6,298,119200.0,1165.164061975399,13.785302698423592,1165 ± 13.79,1139.210385799408,1208.2805671358806,2.1308145085473247,2.028007114733606,2.131 ± 2.028,0.0,10.63093720339854,0.3133198953401847,0.1596229575350371,0.3133 ± 0.1596,0.0315452873010102,0.9717919987308334,451.520134228188,31.634891704198157,451.5 ± 31.63,0.0,456.0,85.39914583039764,0.6581935676207983,85.4 ± 0.6582,83.61161041259766,93.79591369628906,69.07018133647261,1,2,1,4,1:297; 4:1,1,0,0.0,model_dynamic,True,mckenzie2003,6.668052972563161,6.691166877746582,6.58376407623291,6.727118492126465,9.050975799560549,4.51520134228188,4.5600000000000005,4.5600000000000005,1.4779321440173452,1.467361157400566,1,0.0,0,0.0,0,0.0,288,1921.3408551216123,9,65.73893070220947,0,0.0,8.0,9.0,9.0,0.0124999999999999,0.0124999999999999,0.025,0.0146142697889078
dynamic,model_dynamic/summary_timeseries.csv,20,6.5,298,119200.0,1165.1824343033666,13.782711027823304,1165 ± 13.78,1139.210385799408,1208.2650685540486,2.138132601023098,2.03352570140841,2.138 ± 2.034,0.0,10.665262034139756,0.3129882863702768,0.1594045297285577,0.313 ± 0.1594,0.031747354968029,0.9702683262572364,454.6174496644296,31.38911394150369,454.6 ± 31.39,0.0,459.0,83.8449857570981,0.6407854611985753,83.84 ± 0.6408,81.93937683105469,92.316162109375,69.05468275464068,1,2,1,4,1:297; 4:1,1,0,0.0,model_dynamic,True,mckenzie2003,6.783572314569614,6.7992472648620605,6.788427948951721,6.7992472648620605,9.140111923217772,4.546174496644296,4.59,4.59,1.493427825160145,1.4813174868980523,1,0.0,0,0.0,0,0.0,288,1954.1433763504028,9,67.36117339134216,0,0.0,8.0,9.0,9.0,0.0124999999999999,0.0124999999999999,0.025,0.0141318652233955
dynamic,model_dynamic/summary_timeseries.csv,20,6.4,298,119200.0,1165.2002343391448,13.780282440550588,1165 ± 13.78,1139.210385799408,1208.249006828396,2.144397797921802,2.0394925361573644,2.144 ± 2.039,0.0,10.69855126316794,0.3126711473423659,0.1591952037955242,0.3127 ± 0.1592,0.0319669272529652,0.9687932169862904,449.5134228187919,32.63477199733236,449.5 ± 32.63,0.0,454.0,85.79862487076113,0.6950274303470234,85.8 ± 0.695,84.08152770996094,94.10441589355467,69.03862102898802,1,2,1,4,1:297; 4:1,1,0,0.0,model_dynamic,True,mckenzie2003,6.691640644265501,6.727118492126465,6.619489669799805,6.727118492126465,9.050975799560549,4.49513422818792,4.54,4.54,1.4894191280612372,1.4817441612613358,1,0.0,0,0.0,0,0.0,288,1929.9443168640137,9,64.16459512710571,0,0.0,8.0,9.0,9.0,0.0125,0.0125000000000005,0.025,0.0147165864474829
dynamic,model_dynamic/summary_timeseries.csv,20,6.3,298,119200.0,1165.2185683006817,13.77773285328279,1165 ± 13.78,1139.210385799408,1208.2334105722728,2.15165124214305,2.04489351233245,2.152 ± 2.045,0.0,10.731979256750362,0.3123369771740896,0.1589794092919222,0.3123 ± 0.159,0.0322374791707468,0.96723391428583,454.6442953020134,30.66851867838125,454.6 ± 30.67,0.0,459.0,80.40048532677977,0.5967386300590708,80.4 ± 0.5967,78.12451171875,88.40789794921875,69.0230247728648,1,2,1,4,1:297; 4:1,1,0,0.0,model_dynamic,True,mckenzie2003,6.770954516110004,6.7992472648620605,6.7992472648620605,6.7992472648620605,9.140111923217772,4.546442953020135,4.59,4.59,1.4905357848809406,1.4813174868980523,1,0.0,0,0.0,0,0.0,290,1966.4257984161377,7,51.31864738464356,0,0.0,8.0,9.0,9.0,0.0124999999999999,0.0124999999999999,0.025,0.0149450703053404
dynamic,model_dynamic/summary_timeseries.csv,20,6.2,298,119200.0,1165.235063054674,13.775782774665505,1165 ± 13.78,1139.210385799408,1208.2166911581232,2.155705628302926,2.051747755685976,2.156 ± 2.052,0.0,10.762996834624673,0.3120464007528322,0.1587866244235969,0.312 ± 0.1588,0.032491755549232,0.9659125780894882,454.1006711409396,43.11296928251334,454.1 ± 43.11,0.0,460.0,83.29856501329665,0.8712722331889519,83.3 ± 0.8713,81.4730453491211,91.5849838256836,69.00630535871528,1,3,1,4,1:296; 3:1; 4:1,1,0,0.0,model_dynamic,True,mckenzie2003,6.712941770129306,6.7992472648620605,6.727118492126465,6.7992472648620605,9.140111923217772,4.541006711409397,4.6000000000000005,4.6000000000000005,1.4730341670769802,1.4780972314917522,1,0.0,0,0.0,0,0.0,290,1962.1122245788572,6,38.32726335525513,1,0.0171595644205808,8.0,9.0,9.0,0.0125,0.0125000000000005,0.025,0.013730701628541
dynamic,model_dynamic/summary_timeseries.csv,20,6.1,298,119200.0,1165.2525365838312,13.773542613124295,1165 ± 13.77,1139.210385799408,1208.200643398895,2.161488464384177,2.057631324666929,2.161 ± 2.058,0.0,10.794529086699786,0.3117288073023048,0.1585821114085034,0.3117 ± 0.1586,0.0328042667109743,0.964463703101056,459.0234899328859,34.07841508048092,459 ± 34.08,0.0,464.0,87.40018813882098,0.7100249225540649,87.4 ± 0.71,85.62609100341797,95.6073989868164,68.990257599487,1,2,1,4,1:297; 4:1,1,0,0.0,model_dynamic,True,mckenzie2003,6.691165584845831,6.727118492126465,6.691166877746582,6.871675968170166,9.229594230651855,4.590234899328858,4.64,4.64,1.4577275096312707,1.4498100198548416,1,0.0,0,0.0,0,0.0,290,1948.2454357147217,7,45.72190856933594,0,0.0,8.0,9.0,9.0,0.0124999999999999,0.0124999999999999,0.025,0.0152798333611223
dynamic,model_dynamic/summary_timeseries.csv,20,6.0,298,119200.0,1165.2710734824807,13.770976018881209,1165 ± 13.77,1139.210385799408,1208.185457431217,2.1692665954586285,2.0625996095438506,2.169 ± 2.063,0.0,10.827005110939538,0.3113818596829242,0.1583629627128374,0.3114 ± 0.1584,0.032628091741613,0.962832401953285,464.4664429530201,29.89871966628316,464.5 ± 29.9,0.0,468.0,87.13704233361571,0.5367067330624363,87.14 ± 0.5367,85.19383239746094,95.20303344726562,68.97507163180899,1,2,1,4,1:297; 4:1,1,0,0.0,model_dynamic,True,mckenzie2003,6.865126208170948,6.871675968170166,6.871675968170166,6.871675968170166,9.274465560913086,4.644664429530201,4.68,4.68,1.4796120042765626,1.468306830805591,1,0.0,0,0.0,0,0.0,290,1990.0760216712952,7,55.73158836364746,0,0.0,8.0,9.0,9.0,0.0124999999999999,0.0124999999999999,0.025,0.0151166964026392
dynamic,model_dynamic/summary_timeseries.csv,20,5.9,298,119200.0,1165.2893215318404,13.768459098910231,1165 ± 13.77,1139.210385799408,1208.1698797956974,2.176509365471564,2.0679486692715376,2.177 ± 2.068,0.0,10.858979414190337,0.3110405957122322,0.1581483148247614,0.311 ± 0.1581,0.0321846450628443,0.9611864838734948,459.4530201342282,30.10885409486112,459.5 ± 30.11,0.0,463.0,88.40096334162975,0.5681599188964365,88.4 ± 0.5682,86.52230834960938,96.59613800048828,68.95949399628944,1,2,1,4,1:297; 4:1,1,0,0.0,model_dynamic,True,mckenzie2003,6.755048889441778,6.7992472648620605,6.691166877746582,6.871675968170166,9.140111923217772,4.594530201342282,4.63,4.63,1.4713767565956055,1.468519927615996,1,0.0,0,0.0,0,0.0,291,1968.337887763977,6,44.66668128967285,0,0.0,8.0,9.0,9.0,0.0125,0.0125000000000005,0.025,0.0163540471691438
dynamic,model_dynamic/summary_timeseries.csv,20,5.8,298,119200.0,1165.30795079577,13.76583986712598,1165 ± 13.77,1139.210385799408,1208.1544873731389,2.1843937252692185,2.0729141489291574,2.184 ± 2.073,0.0095635098444218,10.890775644102892,0.3106890780270828,0.157926476332582,0.3107 ± 0.1579,0.031749287435282,0.9594828003811656,461.9228187919463,22.27386171152961,461.9 ± 22.27,136.0,465.0,85.8932227320319,0.5195367517624736,85.89 ± 0.5195,83.43302917480469,93.8130874633789,68.9441015737309,1,1,1,1,1:298,0,0,0.0,model_dynamic,True,mckenzie2003,6.722568774983387,6.727118492126465,6.691166877746582,6.871675968170166,9.229594230651855,4.619228187919462,4.65,4.65,1.4547381403218975,1.446692148844401,0,0.0,0,0.0,0,0.0,292,1963.7124376297,6,39.61305731534958,0,0.0,8.0,9.0,9.0,0.0124999999999999,0.0124999999999999,0.025,0.016799554316943
dynamic,model_dynamic/summary_timeseries.csv,20,5.7,298,119200.0,1165.325726805385,13.76344323090825,1165 ± 13.76,1139.210385799408,1208.1381138195889,2.190665417280835,2.078585657627994,2.191 ± 2.079,0.0193137403682019,10.921316446090122,0.3103614574982334,0.1577180275013134,0.3104 ± 0.1577,0.0313021319531255,0.957864373272623,467.12080536912754,21.060128922299214,467.1 ± 21.06,226.0,470.0,87.59263679965231,0.5041192799409803,87.59 ± 0.5041,85.79435729980469,93.78533172607422,68.9277280201809,1,1,1,1,1:298,0,0,0.0,model_dynamic,True,mckenzie2003,6.878772469174942,6.908002853393555,6.908002853393555,6.908002853393555,9.274465560913086,4.671208053691276,4.7,4.7,1.4723723493380028,1.4697878411475649,0,0.0,0,0.0,0,0.0,292,2013.4574151039124,6,36.41678071022034,0,0.0,8.0,9.0,9.0,0.0125,0.0125000000000005,0.025,0.0167510821609608
dynamic,model_dynamic/summary_timeseries.csv,20,5.6,298,119200.0,1165.3439547199696,13.760888337881369,1165 ± 13.76,1139.210385799408,1208.1220446162552,2.19778488442573,2.083781642214913,2.198 ± 2.084,0.0288776219103824,10.951989226850046,0.3100226450269421,0.1575036360718127,0.31 ± 0.1575,0.0308652789849965,0.956159572621131,466.7181208053692,16.06470997359559,466.7 ± 16.06,291.0,469.0,88.5728120227788,0.3159034971704144,88.57 ± 0.3159,86.754638671875,92.56623077392578,68.9116588168472,1,1,1,1,1:298,0,0,0.0,model_dynamic,True,mckenzie2003,6.878526385198503,6.908002853393555,6.7992472648620605,6.908002853393555,9.274465560913086,4.667181208053692,4.69,4.69,1.4748430675587367,1.4729217171414828,0,0.0,0,0.0,0,0.0,292,2008.033133983612,6,41.76772880554199,0,0.0,8.0,9.0,9.0,0.0124999999999999,0.0124999999999999,0.025,0.0169201298584373
dynamic,model_dynamic/summary_timeseries.csv,20,5.5,298,119200.0,1165.3623634362773,13.758260706404055,1165 ± 13.76,1139.210385799408,1208.1061112095358,2.20521672995457,2.088846203473523,2.205 ± 2.089,0.0315670259445783,10.982513684872464,0.3096769173685057,0.1572848336267197,0.3097 ± 0.1573,0.0304353402794691,0.954402275770561,464.9731543624161,14.695315561292682,465 ± 14.7,303.0,467.0,89.79989780195608,0.2822581098771614,89.8 ± 0.2823,87.4455795288086,93.04425811767578,68.89572541012785,1,1,1,1,1:298,0,0,0.0,model_dynamic,True,mckenzie2003,6.807412646760876,6.871675968170166,6.58376407623291,6.871675968170166,9.274465560913086,4.649731543624163,4.67,4.67,1.4650125991571277,1.47145095678162,0,0.0,0,0.0,0,0.0,293,1994.5690174102783,5,34.03995132446289,0,0.0,8.0,9.0,9.0,0.0124999999999999,0.0124999999999999,0.025,0.0167786531585005
dynamic,model_dynamic/summary_timeseries.csv,20,5.4,298,119200.0,1165.3811765296366,13.755492733801873,1165 ± 13.76,1139.210385799408,1208.0902102688972,2.2132805577176997,2.0936465630652545,2.213 ± 2.094,0.035518894417758,11.012600157973566,0.3093200046432288,0.1570607857660262,0.3093 ± 0.1571,0.0302417224425486,0.9525843025935838,467.3154362416107,12.84240419917791,467.3 ± 12.84,323.0,470.0,91.28634589790498,0.2036752292854203,91.29 ± 0.2037,89.49960327148438,93.39602661132812,68.87982446948922,1,1,1,1,1:298,0,0,0.0,model_dynamic,True,mckenzie2003,6.736014530962746,6.727118492126465,6.691166877746582,6.871675968170166,9.274465560913086,4.673154362416108,4.69,4.69,1.442559526593489,1.4343536230546832,0,0.0,0,0.0,0,0.0,293,1970.8584752082825,5,36.47385501861572,0,0.0,8.0,9.0,9.0,0.0125,0.0125000000000005,0.025,0.0166614869732044
dynamic,model_dynamic/summary_timeseries.csv,20,5.3,298,119200.0,1165.4004339116834,13.752616385353518,1165 ± 13.75,1139.210385799408,1208.074437687868,2.2220568024428204,2.0981147873201884,2.222 ± 2.098,0.0395906780307311,11.04258431226924,0.308948738916301,0.1568320639908849,0.3089 ± 0.1568,0.0298802526987236,0.9506974313940558,469.5570469798658,11.010600475146497,469.6 ± 11.01,343.0,471.0,87.06285041450654,0.1906909014161107,87.06 ± 0.1907,85.1093521118164,88.14630889892578,68.86405188845993,1,1,1,1,1:298,0,0,0.0,model_dynamic,True,mckenzie2003,6.819395281324451,6.7992472648620605,6.727118492126465,6.871675968170166,9.274465560913086,4.695570469798658,4.71,4.71,1.4533324052597802,1.4435769139834524,0,0.0,0,0.0,0,0.0,294,2002.3614444732664,4,29.81834936141968,0,0.0,8.0,9.0,9.0,0.0124999999999999,0.0124999999999999,0.025,0.0176064394945316
dynamic,model_dynamic/summary_timeseries.csv,20,5.2,298,119200.0,1165.4182996970806,13.750118108926095,1165 ± 13.75,1139.210385799408,1208.0573782794677,2.2282275111408936,2.103773293956986,2.228 ± 2.104,0.0331427010527256,11.070768400954345,0.3086105437828834,0.1566189628001983,0.3086 ± 0.1566,0.0294406042358662,0.9489562271150632,466.2953020134228,13.93344841165788,466.3 ± 13.93,315.0,468.0,87.78084935437913,0.2166743570381578,87.78 ± 0.2167,85.91700744628906,90.46647644042967,68.84699248005973,1,1,1,1,1:298,0,0,0.0,model_dynamic,True,mckenzie2003,6.829679138708435,6.871675968170166,6.7992472648620605,6.871675968170166,9.274465560913086,4.662953020134228,4.68,4.68,1.4653586825762934,1.468306830805591,0,0.0,0,0.0,0,0.0,294,2009.5690517425537,4,25.67533159255981,0,0.0,8.0,9.0,9.0,0.0125,0.0125000000000005,0.025,0.0174180954279193
dynamic,model_dynamic/summary_timeseries.csv,20,5.1,298,119200.0,1165.436371753092,13.747541492527636,1165 ± 13.75,1139.210385799408,1208.0404276757656,2.234774914619069,2.109186958466915,2.235 ± 2.109,0.026847685214798,11.098756899705274,0.3082678350352535,0.1564061202438115,0.3083 ± 0.1564,0.0290067813171905,0.9471755619551908,464.2046979865772,15.224771564923063,464.2 ± 15.22,280.0,466.0,88.72168716328257,0.2918575568458402,88.72 ± 0.2919,86.8314208984375,93.0427017211914,68.83004187635765,1,1,1,1,1:298,0,0,0.0,model_dynamic,True,mckenzie2003,6.815066068764501,6.7992472648620605,6.788427948951721,6.871675968170166,8.917923927307129,4.642046979865771,4.66,4.66,1.4686893542365558,1.4590659366656782,0,0.0,0,0.0,0,0.0,294,2006.398484706879,4,24.491203784942627,0,0.0,8.0,9.0,9.0,0.0124999999999999,0.0124999999999999,0.025,0.0165543837934178
dynamic,model_dynamic/summary_timeseries.csv,20,5.0,298,119200.0,1165.4546780821763,13.744565208531998,1165 ± 13.74,1139.210385799408,1208.023773360439,2.241742064286461,2.1142156719403795,2.242 ± 2.114,0.0313963569312704,11.12668236515723,0.3079029831136352,0.1561815994041687,0.3079 ± 0.1562,0.0285800590829901,0.9453573978315688,470.5838926174497,13.761682369029336,470.6 ± 13.76,309.0,473.0,92.98558471986912,0.2203650335525052,92.99 ± 0.2204,91.14637756347656,96.14864349365234,68.81338756103105,1,1,1,1,1:298,0,0,0.0,model_dynamic,True,mckenzie2003,6.818634306824447,6.7992472648620605,6.727118492126465,6.908002853393555,9.140111923217772,4.705838926174497,4.72,4.73,1.449777868717786,1.4405184883182331,0,0.0,0,0.0,0,0.0,294,2005.670742034912,4,26.282281398773197,0,0.0,8.0,9.0,9.0,0.0124999999999999,0.0124999999999999,0.025,0.0159662154807319
dynamic,model_dynamic/summary_timeseries.csv,20,4.9,298,119200.0,1165.474366326483,13.74109842004948,1165 ± 13.74,1139.210385799408,1208.0080445790509,2.251126143188763,2.118096040546829,2.251 ± 2.118,0.0560097413900988,11.155452747258671,0.307501238222129,0.1559384606159078,0.3075 ± 0.1559,0.0281774500578958,0.9433653031027016,476.0536912751678,6.911021481525854,476.1 ± 6.911,399.0,477.0,87.26578854554451,0.2241343539210508,87.27 ± 0.2241,85.0685806274414,87.44317626953125,68.79765877964292,1,1,1,1,1:298,0,0,0.0,model_dynamic,True,mckenzie2003,6.991412050772033,6.980880260467529,6.908002853393555,6.980880260467529,9.36446762084961,4.760536912751679,4.7700000000000005,4.7700000000000005,1.46957820952935,1.4634969099512638,0,0.0,0,0.0,0,0.0,294,2048.712396621704,4,34.728394508361816,0,0.0,8.0,9.0,9.0,0.0125,0.0125000000000005,0.025,0.0179022985264812
dynamic,model_dynamic/summary_timeseries.csv,20,4.8,298,119200.0,1165.4922026287895,13.738089155061912,1165 ± 13.74,1139.210385799408,1207.9904556464744,2.257012520662838,2.1237182832503883,2.257 ± 2.124,0.0374987702441529,11.182239543410963,0.3071430580891482,0.1557209175336759,0.3071 ± 0.1557,0.0277471247510189,0.9415619752314844,485.01677852349,15.406670318184592,485 ± 15.41,342.0,508.0,89.78290964933049,0.8829483614350777,89.78 ± 0.8829,87.65229034423828,91.78467559814452,68.78006984706644,1,1,1,1,1:298,0,0,0.0,model_dynamic,True,mckenzie2003,7.036817334642346,6.908002853393555,6.871675968170166,7.589424133300781,9.409597396850586,4.850167785234899,4.82,5.08,1.4514600225495051,1.4331956127372518,0,0.0,47,356.7029342651367,0,0.0,247,1710.9112524986267,4,29.35737895965576,0,0.0,8.0,9.0,9.0,0.0124999999999999,0.0124999999999999,0.025,0.0173837595512612
dynamic,model_dynamic/summary_timeseries.csv,20,4.7,298,119200.0,1165.5108106477985,13.734752098844243,1166 ± 13.73,1139.210385799408,1207.9735211128857,2.264249999346427,2.1286083521856978,2.264 ± 2.129,0.0435013097650243,11.209184530706606,0.3067622876823001,0.1554906652551965,0.3068 ± 0.1555,0.0273423740533867,0.9396774096980108,499.1577181208054,18.10869375255708,499.2 ± 18.11,368.0,513.0,92.0090940078633,1.2344329993805023,92.01 ± 1.234,88.99795532226562,93.1890640258789,68.76313531347773,1,1,1,1,1:298,0,0,0.0,model_dynamic,True,mckenzie2003,7.2771840895582365,7.589424133300781,6.908002853393555,7.589424133300781,9.500116348266602,4.991577181208053,5.13,5.13,1.4582682710023147,1.4794199090254934,0,0.0,155,1176.360740661621,0,0.0,139,962.1128964424132,4,30.12722158432007,0,0.0,8.0,9.0,9.0,0.0125,0.0125000000000005,0.025,0.0170450362930236
dynamic,model_dynamic/summary_timeseries.csv,20,4.6,298,119200.0,1165.5300599151997,13.731306997228724,1166 ± 13.73,1139.210385799408,1207.9567072630975,2.272607527342124,2.132889637885317,2.273 ± 2.133,0.0483689806452549,11.236084141155668,0.306368253029338,0.1552541934915544,0.3064 ± 0.1553,0.0269457824350226,0.937610836838246,484.3724832214765,11.265802378418693,484.4 ± 11.27,380.0,507.0,89.98666596892696,0.6131633365967176,89.99 ± 0.6132,87.72795104980469,92.14892578125,68.74632146368958,1,1,1,1,1:298,0,0,0.0,model_dynamic,True,mckenzie2003,7.016912205907323,6.980880260467529,6.7992472648620605,7.589424133300781,9.500116348266602,4.8437248322147655,4.84,5.07,1.4495719277346468,1.442330632328002,0,0.0,20,151.78848266601562,0,0.0,274,1907.252882003784,4,31.998472690582275,0,0.0,8.0,9.0,9.0,0.0124999999999999,0.0124999999999999,0.025,0.017277112729298
dynamic,model_dynamic/summary_timeseries.csv,20,4.5,298,119200.0,1165.548621134016,13.728284652915107,1166 ± 13.73,1139.210385799408,1207.9395504254985,2.27965017341474,2.1378217425263983,2.28 ± 2.138,0.0449078565018691,11.262303743115384,0.3059968130622137,0.1550333184284758,0.306 ± 0.155,0.0265482030845135,0.935687661643252,496.09060402684565,15.535038734879675,496.1 ± 15.54,373.0,507.0,90.24661037265854,1.1285949646683295,90.25 ± 1.129,87.1534652709961,91.28436279296876,68.72916462609055,1,1,1,1,1:298,0,0,0.0,model_dynamic,True,mckenzie2003,7.324104840323429,7.589424133300781,6.980880260467529,7.589424133300781,9.500116348266602,4.960906040268456,5.07,5.07,1.4769029588711746,1.4969278369429548,0,0.0,160,1214.307861328125,0,0.0,134,936.9396891593932,4,31.335691928863525,0,0.0,8.0,9.0,9.0,0.0124999999999999,0.0124999999999999,0.025,0.0173299049910338
dynamic,model_dynamic/summary_timeseries.csv,20,4.4,298,119200.0,1165.5672320883627,13.725379304270874,1166 ± 13.73,1139.210385799408,1207.922194535343,2.286803142848709,2.1428434277251083,2.287 ± 2.143,0.0425081788154708,11.288792998137223,0.3056255149510204,0.1548159185905867,0.3056 ± 0.1548,0.0261366645509761,0.9336562105429314,482.71140939597313,10.968102196772142,482.7 ± 10.97,364.0,484.0,90.0524730810383,0.1437269047056926,90.05 ± 0.1437,88.33296203613281,90.38117218017578,68.71180873593494,1,1,1,1,1:298,0,0,0.0,model_dynamic,True,mckenzie2003,7.020706688797714,7.017431259155273,6.980880260467529,7.017431259155273,9.36446762084961,4.827114093959732,4.84,4.84,1.4554256662047034,1.449882491561007,0,0.0,0,0.0,0,0.0,294,2062.176484107971,4,29.99410915374756,0,0.0,8.0,9.0,9.0,0.0125,0.0125000000000005,0.025,0.0170220118067679
dynamic,model_dynamic/summary_timeseries.csv,20,4.3,298,119200.0,1165.5857437161435,13.722426755109376,1166 ± 13.72,1139.210385799408,1207.9051612266728,2.2937365473523323,2.1477415417420542,2.294 ± 2.148,0.0376206657036775,11.314261587388517,0.3052586749535897,0.1546005787480726,0.3053 ± 0.1546,0.0257360950428818,0.9317043708441256,505.8489932885906,14.094385180539255,505.8 ± 14.09,348.0,508.0,92.42221496889256,0.3669943185281397,92.42 ± 0.367,88.59874725341797,92.49222564697266,68.69477542726486,2,2,1,2,1:9; 2:289,0,0,0.0,model_dynamic,True,mckenzie2003,7.584955375466571,7.589424133300781,7.589424133300781,7.589424133300781,9.500116348266602,5.058489932885905,5.07,5.08,1.5004433913971136,1.4969278369429548,0,0.0,293,2223.701271057129,0,0.0,1,7.090756416320801,4,29.52467441558838,0,0.0,8.0,9.0,9.0,0.0124999999999999,0.0124999999999999,0.025,0.0163190763416286
dynamic,model_dynamic/summary_timeseries.csv,20,4.2,298,119200.0,1165.6048793042528,13.719145605795402,1166 ± 13.72,1139.210385799408,1207.8871263988626,2.301789777208048,2.152236250623326,2.302 ± 2.152,0.0471437123342228,11.3402052848821,0.3048665212980477,0.1543729085910301,0.3049 ± 0.1544,0.0253531825642961,0.9296156464457208,487.8322147651007,10.955923092077342,487.8 ± 10.96,381.0,508.0,87.808552197962,0.5094637297098814,87.81 ± 0.5095,85.82054138183594,89.87338256835938,68.67674059945466,1,2,1,2,1:286; 2:12,0,0,0.0,model_dynamic,True,mckenzie2003,7.070870525884948,7.017431259155273,6.980880260467529,7.589424133300781,9.409597396850586,4.878322147651008,4.88,4.909999999999996,1.4503865204084818,1.437998208843294,0,0.0,15,113.84136199951172,0,0.0,279,1961.833604335785,4,31.44445037841797,0,0.0,8.0,9.0,9.0,0.0125,0.0125000000000005,0.025,0.0174105735425757
dynamic,model_dynamic/summary_timeseries.csv,20,4.1,298,119200.0,1165.622630959402,13.716459794402711,1166 ± 13.72,1139.210385799408,1207.86871400762,2.3072927570283888,2.157764027628886,2.307 ± 2.158,0.0307200721061061,11.364243532219332,0.3045214842312894,0.154173742718313,0.3045 ± 0.1542,0.024953992026269,0.9277445463990198,486.3187919463088,14.867955132289511,486.3 ± 14.87,315.0,488.0,87.60217843279743,0.2352837852442228,87.6 ± 0.2353,85.87174987792969,90.9306411743164,68.65832820821197,2,2,1,2,1:7; 2:291,0,0,0.0,model_dynamic,True,mckenzie2003,7.027594601547958,7.017431259155273,6.980880260467529,7.090756416320801,9.36446762084961,4.863187919463087,4.88,4.88,1.4457845320665104,1.437998208843294,0,0.0,0,0.0,0,0.0,294,2067.948269367218,4,26.274921894073486,0,0.0,8.0,9.0,9.0,0.0124999999999999,0.0124999999999999,0.025,0.0163577683105755
dynamic,model_dynamic/summary_timeseries.csv,20,4.0,298,119200.0,1165.6403053562035,13.713706922437874,1166 ± 13.71,1139.210385799408,1207.8514268552976,2.312703767954963,2.163122008415913,2.313 ± 2.163,0.0375656399966118,11.387837464079428,0.3041777856749292,0.1539754557561741,0.3042 ± 0.154,0.024561527483664,0.9258824995386764,494.0738255033557,13.256425039527487,494.1 ± 13.26,352.0,516.0,88.69194911470349,0.1933735870281151,88.69 ± 0.1934,86.91438293457031,90.87972259521484,68.64104105588967,1,1,1,1,1:298,0,0,0.0,model_dynamic,True,mckenzie2003,7.118923641691272,7.127530574798584,7.090756416320801,7.127530574798584,9.636540412902832,4.9407382550335575,4.96,4.96,1.441754360435889,1.4370021320158437,0,0.0,1,7.589424133300781,0,0.0,293,2085.301269054413,4,28.5485520362854,0,0.0,8.0,9.0,9.0,0.0125,0.0125000000000001,0.025,0.0167818726839654
dynamic,model_dynamic/summary_timeseries.csv,20,3.9,298,119200.0,1165.6581960229153,13.710943116639042,1166 ± 13.71,1139.210385799408,1207.83551395112,2.318556458828973,2.168318750697655,2.319 ± 2.168,0.0337283183452126,11.41133750958451,0.303829296785394,0.1537787539740182,0.3038 ± 0.1538,0.0241811372462689,0.9239752530220924,504.4597315436242,17.13154952681386,504.5 ± 17.13,336.0,516.0,86.87140478863812,1.0658798167595511,86.87 ± 1.066,84.14026641845703,88.49651336669922,68.62512815171203,2,2,1,2,1:8; 2:290,0,0,0.0,model_dynamic,True,mckenzie2003,7.309622927800121,7.127530574798584,7.017431259155273,7.589424133300781,9.636540412902832,5.044597315436242,4.98,5.16,1.4494477535781929,1.431231039116181,0,0.0,133,1009.393409729004,0,0.0,161,1140.663911819458,4,28.21031093597412,0,0.0,8.0,9.0,9.0,0.0125,0.0125000000000001,0.025,0.0166823308749949
dynamic,model_dynamic/summary_timeseries.csv,20,3.8,298,119200.0,1165.6756124162753,13.708327311923725,1166 ± 13.71,1139.210385799408,1207.817829117889,2.323511280119753,2.1738495972264102,2.324 ± 2.174,0.0240332722556964,11.434227275963874,0.3034966617806809,0.1535928918572408,0.3035 ± 0.1536,0.0237911981696053,0.9221955715515804,499.2919463087249,21.620087654114958,499.3 ± 21.62,274.0,513.0,88.22595591193078,1.0872143342499738,88.23 ± 1.087,85.6109619140625,92.40413665771484,68.60744331848105,2,2,1,2,1:10; 2:288,0,0,0.0,model_dynamic,True,mckenzie2003,7.260577858694448,7.090756416320801,7.017431259155273,7.672553062438965,9.636540412902832,4.992919463087249,4.94,5.13,1.4534366076720313,1.43537579277749,0,0.0,116,889.600510597229,0,0.0,178,1251.3666667938232,4,22.68502449989319,0,0.0,8.0,9.0,9.0,0.0124999999999999,0.0124999999999999,0.025,0.015908573884326
dynamic,model_dynamic/summary_timeseries.csv,20,3.7,298,119200.0,1165.6934284670922,13.705727504741454,1166 ± 13.71,1139.210385799408,1207.8008782073462,2.329215787940333,2.1791181418434284,2.329 ± 2.179,0.0309904983024445,11.457916609861346,0.303155699070898,0.1534058666855134,0.3032 ± 0.1534,0.0234178953674148,0.9203404386254932,506.2919463087249,18.83624243573512,506.3 ± 18.84,319.0,515.0,89.76506224254634,1.0399744907118926,89.77 ± 1.04,86.64816284179688,91.78855895996094,68.5904924079382,2,2,1,2,1:10; 2:288,0,0,0.0,model_dynamic,True,mckenzie2003,7.427694847119734,7.589424133300781,7.079757642745972,7.672553062438965,9.500116348266602,5.0629194630872485,5.15,5.15,1.4672018781149918,1.4736745889904428,0,0.0,184,1408.2583484649658,0,0.0,110,778.7793478965759,4,26.41536808013916,0,0.0,8.0,9.0,9.0,0.0125,0.0125000000000001,0.025,0.0159545679667774
dynamic,model_dynamic/summary_timeseries.csv,20,3.6,298,119200.0,1165.7117261735466,13.7029675313903,1166 ± 13.7,1139.210385799408,1207.7841450430485,2.335686611500125,2.184134913455328,2.336 ± 2.184,0.0414486548293318,11.480935185260629,0.3027959999732367,0.1532110871758993,0.3028 ± 0.1532,0.0230559381503413,0.9183312954244442,514.8892617449665,14.28865246928014,514.9 ± 14.29,369.0,517.0,90.37452044903031,0.4883396434115939,90.37 ± 0.4883,86.53302764892578,90.4745101928711,68.57375924364032,2,2,1,2,1:17; 2:281,0,0,0.0,model_dynamic,True,mckenzie2003,7.654289698440756,7.672553062438965,7.672553062438965,7.672553062438965,9.636540412902832,5.148892617449666,5.17,5.17,1.487537569298388,1.4840528167193356,0,0.0,286,2194.2670469284058,0,0.0,8,56.726051330566406,4,29.98523187637329,0,0.0,8.0,9.0,9.0,0.0125,0.0125000000000001,0.025,0.01678343028753
dynamic,model_dynamic/summary_timeseries.csv,20,3.5,298,119200.0,1165.7300475730813,13.700072933116443,1166 ± 13.7,1139.210385799408,1207.7676179921923,2.3422267266665835,2.1891151990996245,2.342 ± 2.189,0.0342248263087236,11.50355258144091,0.3024341024520789,0.1530171854382668,0.3024 ± 0.153,0.0227066946792962,0.9163197031479542,504.76174496644296,16.98085023806055,504.8 ± 16.98,339.0,520.0,89.81814736487881,0.9869226578511748,89.82 ± 0.9869,87.3893051147461,91.64268493652344,68.55723219278434,2,2,1,2,1:9; 2:289,0,0,0.0,model_dynamic,True,mckenzie2003,7.282558781988668,7.127530574798584,7.090756416320801,7.672553062438965,9.54550552368164,5.047617449664428,5.01,5.19,1.443152652299324,1.422660793372971,0,0.0,90,689.8647441864014,0,0.0,204,1452.5585293769836,4,27.77924346923828,0,0.0,8.0,9.0,9.0,0.0125,0.0125000000000001,0.025,0.0158558153349672
dynamic,model_dynamic/summary_timeseries.csv,20,3.4,298,119200.0,1165.7484621558524,13.697441403442255,1166 ± 13.7,1139.210385799408,1207.751295910312,2.348768009575512,2.1939233054464875,2.349 ± 2.194,0.0441182198199525,11.525983481718042,0.3020760324750299,0.1528216287720462,0.3021 ± 0.1528,0.0223592547229326,0.9142987372458375,504.7986577181208,14.678651742930128,504.8 ± 14.68,381.0,521.0,87.04538061154769,0.9865271305426904,87.05 ± 0.9865,84.71575164794922,88.6963119506836,68.54091011090418,2,2,1,2,1:9; 2:289,0,0,0.0,model_dynamic,True,mckenzie2003,7.247765765094117,7.127530574798584,7.090756416320801,7.714252948760986,9.682186126708984,5.047986577181208,5.01,5.21,1.436476217658743,1.422660793372971,0,0.0,77,587.6312074661255,0,0.0,217,1540.79594039917,4,31.407050132751465,0,0.0,8.0,9.0,9.0,0.0125,0.0125000000000001,0.025,0.0170956281171945
dynamic,model_dynamic/summary_timeseries.csv,20,3.3,298,119200.0,1165.766029984842,13.694912319028523,1166 ± 13.69,1139.210385799408,1207.7342192725805,2.3537171711084204,2.1993939374498965,2.354 ± 2.199,0.0295458341157287,11.546742731418789,0.3017376497217927,0.1526396580781808,0.3017 ± 0.1526,0.0220208234631512,0.912371931735072,514.993288590604,18.27731811950396,515 ± 18.28,315.0,517.0,90.2291015778612,0.2374452425738848,90.23 ± 0.2374,86.4708251953125,91.74335479736328,68.52383347317232,2,2,1,2,1:5; 2:293,0,0,0.0,model_dynamic,True,mckenzie2003,7.654859974880346,7.672553062438965,7.672553062438965,7.672553062438965,9.773736000061035,5.149932885906042,5.17,5.17,1.4868426859163324,1.4840528167193356,0,0.0,294,2255.647471427917,0,0.0,0,0.0,4,25.50080108642578,0,0.0,8.0,9.0,9.0,0.0124999999999999,0.0124999999999999,0.025,0.0157094100759601
dynamic,model_dynamic/summary_timeseries.csv,20,3.2,298,119200.0,1165.7846341027227,13.691990684182306,1166 ± 13.69,1139.210385799408,1207.7177308499613,2.3604402746585853,2.2039615318069954,2.36 ± 2.204,0.0409900662046816,11.568195955030726,0.3013651704790919,0.1524398179350793,0.3014 ± 0.1524,0.0216885350568967,0.910259492457394,521.5604026845638,14.221098414197884,521.6 ± 14.22,374.0,524.0,90.00336937616335,0.3358762987143599,90 ± 0.3359,86.2201919555664,90.07611846923828,68.50734505055334,2,2,1,2,1:6; 2:292,0,0,0.0,model_dynamic,True,mckenzie2003,7.705808433110282,7.714252948760986,7.714252948760986,7.714252948760986,9.773736000061035,5.215604026845639,5.23,5.24,1.4783137934407051,1.475000563816632,0,0.0,293,2260.234414100647,0,0.0,1,5.851112365722656,4,30.245386600494385,0,0.0,8.0,9.0,9.0,0.0125,0.0125000000000001,0.025,0.0165834341119436
dynamic,model_dynamic/summary_timeseries.csv,20,3.1,298,119200.0,1165.8030382078332,13.689201431186184,1166 ± 13.69,1139.210385799408,1207.7011748246396,2.3668183041530817,2.2087466095405124,2.367 ± 2.209,0.0347654349513624,11.589260130861772,0.3009989342558845,0.1522451395159309,0.301 ± 0.1522,0.0213604904575062,0.9081459616473718,506.76174496644296,16.514594307551473,506.8 ± 16.51,344.0,524.0,89.79682397522382,0.8563498867621652,89.8 ± 0.8563,87.65738677978516,91.73897552490234,68.4907890252316,2,2,1,2,1:8; 2:290,0,0,0.0,model_dynamic,True,mckenzie2003,7.200391683002446,7.2013020515441895,7.017431259155273,7.714252948760986,9.773736000061035,5.0676174496644295,5.05,5.24,1.4213327821956965,1.4260004062463745,0,0.0,54,414.6138272285461,0,0.0,240,1703.164565563202,4,27.93832874298096,0,0.0,8.0,9.0,9.0,0.0125,0.0125000000000001,0.025,0.0155889993430363
dynamic,model_dynamic/summary_timeseries.csv,20,3.0,298,119200.0,1165.821591972636,13.68651075861877,1166 ± 13.69,1139.210385799408,1207.6858595488002,2.373367346001451,2.2132234721223565,2.373 ± 2.213,0.0457393465365002,11.609614401544963,0.3006381594167177,0.1520543025350867,0.3006 ± 0.1521,0.0210354086496387,0.9059924457406888,526.751677852349,12.406647947459218,526.8 ± 12.41,390.0,528.0,90.95815991395273,0.350891227214838,90.96 ± 0.3509,86.81918334960938,90.99468994140624,68.47547374939222,2,2,1,2,1:9; 2:289,0,0,0.0,model_dynamic,True,mckenzie2003,7.74273299690861,7.714252948760986,7.672553062438965,7.7979207038879395,8.178848266601562,5.26751677852349,5.28,5.28,1.470779201677805,1.4610327554471565,0,0.0,295,2284.8749599456787,0,0.0,0,0.0,3,22.45947313308716,0,0.0,8.0,9.0,9.0,0.0125,0.0125000000000001,0.025,0.0164195073375213
dynamic,model_dynamic/summary_timeseries.csv,20,2.9,298,119200.0,1165.8403324895369,13.683587451756708,1166 ± 13.68,1139.210385799408,1207.6695397065537,2.380211288599124,2.217637414328462,2.38 ± 2.218,0.0434759924698494,11.630199502439664,0.3002634311844124,0.1518578061223538,0.3003 ± 0.1519,0.0207219930622908,0.903831633741796,529.3120805369127,12.900233662894337,529.3 ± 12.9,384.0,531.0,93.17098486983537,0.3320698351608129,93.17 ± 0.3321,88.81521606445312,93.22184753417967,68.45915390714549,2,2,1,2,1:9; 2:289,0,0,0.0,model_dynamic,True,mckenzie2003,7.667505134672126,7.672553062438965,7.589424133300781,7.714252948760986,8.393583297729492,5.293120805369128,5.3100000000000005,5.3100000000000005,1.449452626383516,1.444925247163647,0,0.0,295,2262.800374507904,0,0.0,0,0.0,3,22.11615562438965,0,0.0,8.0,9.0,9.0,0.0125,0.0125000000000001,0.025,0.0159900614123802
dynamic,model_dynamic/summary_timeseries.csv,20,2.8,298,119200.0,1165.8597076836063,13.680490833489348,1166 ± 13.68,1139.210385799408,1207.6537165081152,2.388161891024102,2.2214256802459738,2.388 ± 2.221,0.0516843053142167,11.650867064915428,0.2998760380596756,0.1516547580834829,0.2999 ± 0.1517,0.0204224882432615,0.9015906112710194,519.748322147651,12.160576108012778,519.7 ± 12.16,412.0,527.0,94.33157591851766,1.0671513419784973,94.33 ± 1.067,90.7020492553711,95.1542510986328,68.44333070870721,2,2,1,2,1:5; 2:293,0,0,0.0,model_dynamic,True,mckenzie2003,7.465102000524534,7.589424133300781,7.127530574798584,7.672553062438965,9.636540412902832,5.19748322147651,5.2700000000000005,5.2700000000000005,1.436961585263286,1.440118431366372,0,0.0,185,1406.6204614639282,0,0.0,110,792.1518902778625,3,25.828044414520264,0,0.0,8.0,9.0,9.0,0.0124999999999999,0.0124999999999999,0.025,0.0155148229241164
dynamic,model_dynamic/summary_timeseries.csv,20,2.7,298,119200.0,1165.8793189950402,13.67725689986182,1166 ± 13.68,1139.210385799408,1207.6380361439783,2.396504236137099,2.224998688116693,2.397 ± 2.225,0.0596911908908237,11.671019640640065,0.2994810692121368,0.1514504404861346,0.2995 ± 0.1515,0.0201264236390156,0.8992599019596287,531.1744966442953,7.893359322299243,531.2 ± 7.893,442.0,532.0,90.18320498370484,0.4165428420243699,90.18 ± 0.4165,85.75308227539062,90.2282943725586,68.42765034457057,2,2,1,2,1:6; 2:292,0,0,0.0,model_dynamic,True,mckenzie2003,7.732887247264785,7.714252948760986,7.672553062438965,7.7979207038879395,9.773736000061035,5.311744966442953,5.32,5.32,1.4566862572417834,1.450047546759584,0,0.0,295,2276.472371578217,0,0.0,0,0.0,3,27.928028106689453,0,0.0,8.0,9.0,9.0,0.0125,0.0125000000000001,0.025,0.0163447636680428
dynamic,model_dynamic/summary_timeseries.csv,20,2.6,298,119200.0,1165.8977473719897,13.674427961255164,1166 ± 13.67,1139.210385799408,1207.6211693936011,2.4025937701866056,2.2296962523715105,2.403 ± 2.23,0.0465467829979113,11.69044719766255,0.2991145484850563,0.1512623536977104,0.2991 ± 0.1513,0.0198236001550143,0.8970944981572747,526.1208053691275,11.263418694768584,526.1 ± 11.26,393.0,528.0,90.5066478652442,0.5842530245541027,90.51 ± 0.5843,86.08897399902344,90.6488800048828,68.41078359419339,2,2,1,2,1:8; 2:290,0,0,0.0,model_dynamic,True,mckenzie2003,7.747425508179121,7.7979207038879395,7.589424133300781,7.7979207038879395,9.006538391113281,5.261208053691275,5.28,5.28,1.4732774482876625,1.4768789211908977,0,0.0,282,2191.573662757873,0,0.0,13,92.7316689491272,3,24.4274697303772,0,0.0,8.0,9.0,9.0,0.0125,0.0125000000000001,0.025,0.0162481093490401
dynamic,model_dynamic/summary_timeseries.csv,20,2.5,298,119200.0,1165.916263106099,13.671597670910142,1166 ± 13.67,1139.210385799408,1207.6045824474431,2.408839737144664,2.234261807910224,2.409 ± 2.234,0.0428061756927109,11.709659237921109,0.2987482272807829,0.1510735946984935,0.2987 ± 0.1511,0.019531702006021,0.8949090249516545,523.8590604026846,11.513645324021333,523.9 ± 11.51,384.0,525.0,89.70663577598214,0.3317950728824758,89.71 ± 0.3318,85.57351684570312,89.74279022216797,68.39419664803518,2,2,1,2,1:4; 2:294,0,0,0.0,model_dynamic,True,mckenzie2003,7.712384049524397,7.714252948760986,7.672553062438965,7.714252948760986,9.050975799560549,5.238590604026846,5.25,5.25,1.473037277582723,1.4693815140497115,0,0.0,295,2274.9959926605225,0,0.0,0,0.0,3,23.294454097747803,0,0.0,8.0,9.0,9.0,0.0125,0.0125000000000001,0.025,0.0163413170536243
dynamic,model_dynamic/summary_timeseries.csv,20,2.4,298,119200.0,1165.934604830651,13.668829401476296,1166 ± 13.67,1139.210385799408,1207.5879725247812,2.4146928531052856,2.238948948619295,2.415 ± 2.239,0.0401071113787265,11.7283602798088,0.298388147742619,0.150891803264196,0.2984 ± 0.1509,0.0192363512950491,0.8927598457130038,529.1375838926175,14.537080458482192,529.1 ± 14.54,378.0,535.0,90.02756536086933,0.845422571453413,90.03 ± 0.8454,86.10823059082031,90.53460693359376,68.37758672537325,2,2,1,2,1:4; 2:294,0,0,0.0,model_dynamic,True,mckenzie2003,7.545370759579959,7.589424133300781,7.312514781951904,7.672553062438965,8.523484230041504,5.291375838926175,5.34,5.3500000000000005,1.4266703826330709,1.4212404744008953,0,0.0,227,1729.6578211784365,0,0.0,68,497.2510051727295,3,21.61166000366211,0,0.0,8.0,9.0,9.0,0.0125,0.0125000000000001,0.025,0.0228771756923976
dynamic,model_dynamic/summary_timeseries.csv,20,2.3,298,119200.0,1165.9529242884475,13.666086636359918,1166 ± 13.67,1139.210385799408,1207.5717322966832,2.4206115603522225,2.243380547623901,2.421 ± 2.243,0.0435299511359055,11.746886036891151,0.2980361267672736,0.1507117731085386,0.298 ± 0.1507,0.0189490583945931,0.8906085840287,530.6744966442953,12.3137706204998,530.7 ± 12.31,390.0,532.0,89.99304012324185,0.3756450627675623,89.99 ± 0.3756,85.52099609375,90.04061889648438,68.36134649727524,2,2,1,2,1:4; 2:294,0,0,0.0,model_dynamic,True,mckenzie2003,7.660747324860336,7.672553062438965,7.589424133300781,7.714252948760986,8.523484230041504,5.306744966442953,5.32,5.32,1.444406111290771,1.4422092222629632,0,0.0,293,2245.8720355033875,0,0.0,2,14.550739288330078,3,22.4799280166626,0,0.0,8.0,9.0,9.0,0.0124999999999999,0.0124999999999999,0.025,0.0230066593571772
dynamic,model_dynamic/summary_timeseries.csv,20,2.2,298,119200.0,1165.9709870209078,13.663494537169292,1166 ± 13.66,1139.210385799408,1207.555676836041,2.4261916110996697,2.247917784378704,2.426 ± 2.248,0.041305794979903,11.76497415154936,0.2976955432409691,0.1505404657453256,0.2977 ± 0.1505,0.0186641594912685,0.8884563214419531,526.6912751677852,12.57135303640358,526.7 ± 12.57,382.0,529.0,92.70693736748407,0.3005536209432289,92.71 ± 0.3006,88.80131530761719,92.78736114501952,68.34529103663294,2,2,1,2,1:4; 2:294,0,0,0.0,model_dynamic,True,mckenzie2003,7.703506831354743,7.714252948760986,7.589424133300781,7.7979207038879395,8.523484230041504,5.266912751677852,5.28,5.28,1.4633744977033594,1.4610327554471565,0,0.0,293,2259.3820881843567,0,0.0,2,14.255061149597168,3,22.00788640975952,0,0.0,8.0,9.0,9.0,0.0125,0.0125000000000001,0.025,0.0223283860456248
dynamic,model_dynamic/summary_timeseries.csv,20,2.1,298,119200.0,1165.9897867921368,13.660649712127965,1166 ± 13.66,1139.210385799408,1207.5395470383723,2.4330974639556597,2.2517855196254626,2.433 ± 2.252,0.0527328254281668,11.7832960674166,0.2973367644427393,0.1503614284827861,0.2973 ± 0.1504,0.0183941635813233,0.8862049355587924,527.0704697986578,8.980127227060237,527.1 ± 8.98,420.0,528.0,88.60843166888961,0.4176601028906598,88.61 ± 0.4177,84.2138900756836,88.65716552734375,68.32916123896439,2,2,1,2,1:4; 2:294,0,0,0.0,model_dynamic,True,mckenzie2003,7.728611410064185,7.714252948760986,7.589424133300781,7.7979207038879395,9.54550552368164,5.270704697986577,5.28,5.28,1.4671796605504237,1.4610327554471565,0,0.0,294,2269.560106754303,0,0.0,1,7.312514781951904,3,26.253578662872314,0,0.0,8.0,9.0,9.0,0.0125,0.0125000000000001,0.025,0.0233497792594401
dynamic,model_dynamic/summary_timeseries.csv,20,2.0,298,119200.0,1166.007411344316,13.65822172089928,1166 ± 13.66,1139.210385799408,1207.522612665069,2.437847394741273,2.2566393414656214,2.438 ± 2.257,0.0384006924333343,11.80055146184892,0.2970100804080262,0.1502013253004412,0.297 ± 0.1502,0.0181119877263905,0.8840940927102481,527.751677852349,12.779706039129248,527.8 ± 12.78,370.0,529.0,87.46454192808011,0.2645316785370608,87.46 ± 0.2645,83.45860290527344,87.49568939208984,68.3122268656607,2,2,1,2,1:4; 2:294,0,0,0.0,model_dynamic,True,mckenzie2003,7.76347526447885,7.7979207038879395,7.672553062438965,7.7979207038879395,9.274465560913086,5.2775167785234895,5.29,5.29,1.4717505748035231,1.4740870895818412,0,0.0,295,2291.186373233795,0,0.0,0,0.0,3,22.3292555809021,0,0.0,8.0,9.0,9.0,0.0125,0.0125000000000001,0.025,0.0236468581518941
dynamic,model_dynamic/summary_timeseries.csv,20,1.9,298,119200.0,1166.0248169550327,13.655921904695129,1166 ± 13.66,1139.210385799408,1207.506640117295,2.4421765329963576,2.2615899230377043,2.442 ± 2.262,0.0330727603769093,11.817302429469152,0.2966944221711807,0.1500496621487627,0.2967 ± 0.15,0.0178295240055205,0.8820322993983375,537.3959731543624,16.320538709997113,537.4 ± 16.32,345.0,539.0,89.58672419810455,0.2314230839460712,89.59 ± 0.2314,85.6792984008789,90.37258911132812,68.29625431788736,2,2,1,2,1:4; 2:294,0,0,0.0,model_dynamic,True,mckenzie2003,7.813701010390416,7.8398895263671875,7.7979207038879395,7.8398895263671875,8.264477729797363,5.373959731543623,5.39,5.39,1.4544346891292514,1.4545249585096824,0,0.0,295,2309.4960012435918,0,0.0,0,0.0,3,18.98689985275269,0,0.0,8.0,9.0,9.0,0.0124999999999999,0.0124999999999999,0.025,0.023082932250066
dynamic,model_dynamic/summary_timeseries.csv,20,1.8,298,119200.0,1166.042771046396,13.653408432301145,1166 ± 13.65,1139.210385799408,1207.4912777490715,2.4475168980004867,2.2659441617364835,2.448 ± 2.266,0.0416813584818461,11.834179328041367,0.2963650119034867,0.149890600379751,0.2964 ± 0.1499,0.0175601637737546,0.8798940827911126,540.6442953020135,13.511652354009687,540.6 ± 13.51,387.0,542.0,89.65861180964733,0.2881977140906289,89.66 ± 0.2882,85.63156127929688,89.68750762939453,68.28089194966356,2,2,1,2,1:7; 2:291,0,0,0.0,model_dynamic,True,mckenzie2003,7.7800759165079,7.7979207038879395,7.714252948760986,7.8398895263671875,8.307424545288086,5.406442953020135,5.42,5.42,1.4398635045065111,1.4387307571748966,0,0.0,295,2296.55272436142,0,0.0,0,0.0,3,21.90989875793457,0,0.0,8.0,9.0,9.0,0.0125,0.0125000000000001,0.025,0.0230490678043345
dynamic,model_dynamic/summary_timeseries.csv,20,1.7,298,119200.0,1166.0606544156108,13.650973560938557,1166 ± 13.65,1139.210385799408,1207.47607440922,2.4527565689392863,2.2703165590077994,2.453 ± 2.27,0.0414946804436711,11.85075166576373,0.2960401412836519,0.1497345203185565,0.296 ± 0.1497,0.0172952280432637,0.8777602073605103,537.6711409395973,13.26925241948778,537.7 ± 13.27,386.0,539.0,89.67183065734454,0.2797587079077332,89.67 ± 0.2798,85.66259765625,89.7009048461914,68.26568860981206,2,2,1,2,1:4; 2:294,0,0,0.0,model_dynamic,True,mckenzie2003,7.828850019698175,7.8398895263671875,7.7979207038879395,7.8398895263671875,8.436795234680176,5.3767114093959725,5.39,5.39,1.456865929376345,1.4545249585096824,0,0.0,295,2310.9635605812077,0,0.0,0,0.0,3,22.03374528884888,0,0.0,8.0,9.0,9.0,0.0124999999999999,0.0124999999999999,0.025,0.0230328051901471
dynamic,model_dynamic/summary_timeseries.csv,20,1.6,298,119200.0,1166.0785650527644,13.64855174742346,1166 ± 13.65,1139.210385799408,1207.460951597504,2.458008279144809,2.27465746125787,2.458 ± 2.275,0.0419438505079239,11.867088570591918,0.2957161285856922,0.1495810267488789,0.2957 ± 0.1496,0.0170343209716944,0.8756237303810189,537.9563758389262,12.854168217225558,538 ± 12.85,390.0,540.0,88.65837342947121,0.2947172781701737,88.66 ± 0.2947,84.47021484375,88.72322845458984,68.25056579809598,2,2,1,2,1:4; 2:294,0,0,0.0,model_dynamic,True,mckenzie2003,7.835475169572254,7.8398895263671875,7.8398895263671875,7.8398895263671875,8.566960334777832,5.379563758389263,5.39,5.4,1.457280543844112,1.4545249585096824,0,0.0,295,2312.725441455841,0,0.0,0,0.0,3,22.246159076690677,0,0.0,8.0,9.0,9.0,0.0125,0.0125000000000001,0.025,0.0232782845273622
dynamic,model_dynamic/summary_timeseries.csv,20,1.5,298,119200.0,1166.0961326939075,13.646240092574088,1166 ± 13.65,1139.210385799408,1207.4457237099043,2.4626842941015856,2.279181655288377,2.463 ± 2.279,0.0384842928150512,11.882971901488178,0.2954032538581178,0.1494341750299356,0.2954 ± 0.1494,0.0167734974301201,0.8735269720398622,534.4362416107383,14.177836066866467,534.4 ± 14.18,375.0,536.0,88.08590495986427,0.2409111809975845,88.09 ± 0.2409,84.2603759765625,88.1878662109375,68.23533791049636,2,2,1,2,1:4; 2:294,0,0,0.0,model_dynamic,True,mckenzie2003,7.824145110661552,7.8398895263671875,7.8398895263671875,7.8398895263671875,8.264477729797363,5.344362416107383,5.36,5.36,1.4645177617975536,1.4626659564117883,0,0.0,294,2304.927520751953,0,0.0,1,5.851112365722656,3,20.816609859466556,0,0.0,8.0,9.0,9.0,0.0125,0.0125000000000001,0.025,0.0234171078545173
dynamic,model_dynamic/summary_timeseries.csv,20,1.4,298,119200.0,1166.11344674858,13.644031657673072,1166 ± 13.64,1139.210385799408,1207.430584974849,2.4669974921460565,2.283808618306879,2.467 ± 2.284,0.0368403352559041,11.898485973002376,0.295100604175196,0.1492912502837497,0.2951 ± 0.1493,0.0165142220075747,0.8714580332914178,536.2818791946308,15.5535794179423,536.3 ± 15.55,362.0,538.0,87.62869797777009,0.312616541239362,87.63 ± 0.3126,83.91033935546875,87.666259765625,68.22019917544071,2,2,1,2,1:6; 2:292,0,0,0.0,model_dynamic,True,mckenzie2003,7.765244458345759,7.8398895263671875,7.660083723068237,7.8398895263671875,10.004105567932127,5.362818791946309,5.38,5.38,1.448853835894523,1.4572285364994773,0,0.0,294,2284.256666183472,0,0.0,0,0.0,4,29.786182403564453,0,0.0,8.0,9.0,9.0,0.0124999999999999,0.0124999999999999,0.025,0.0235069388959259
dynamic,model_dynamic/summary_timeseries.csv,20,1.3,298,119200.0,1166.1306435158326,13.641906751738128,1166 ± 13.64,1139.210385799408,1207.4156117815835,2.47109516823736,2.2885111531021174,2.471 ± 2.289,0.0343424980606642,11.913657914370932,0.2947989672708627,0.1491538604301479,0.2948 ± 0.1492,0.0162570693777804,0.8694133270297081,534.0201342281879,17.734987904003123,534 ± 17.73,353.0,536.0,90.46776332471195,0.2292342416525468,90.47 ± 0.2292,86.64400482177734,90.83924102783205,68.20522598217576,2,2,1,2,1:4; 2:294,0,0,0.0,model_dynamic,True,mckenzie2003,7.815500915450538,7.8398895263671875,7.7979207038879395,7.8398895263671875,10.004105567932127,5.34020134228188,5.36,5.36,1.4640677410576812,1.4626659564117883,0,0.0,294,2302.075530052185,0,0.0,0,0.0,4,26.943742752075195,0,0.0,8.0,9.0,9.0,0.0125,0.0125000000000001,0.025,0.0227548465631826
dynamic,model_dynamic/summary_timeseries.csv,20,1.2,298,119200.0,1166.14868637837,13.6394486891551,1166 ± 13.64,1139.210385799408,1207.4015243840788,2.47665579856268,2.292406837468963,2.477 ± 2.292,0.0453781940061906,11.929036742944982,0.2944751227234368,0.1490044166023109,0.2945 ± 0.149,0.0160147545515188,0.8672728623783202,542.5738255033557,12.67678688130318,542.6 ± 12.68,405.0,544.0,90.74560580157592,0.3964844957572817,90.75 ± 0.3965,86.71788024902344,90.79800415039062,68.19113858467085,2,2,1,2,1:5; 2:293,0,0,0.0,model_dynamic,True,mckenzie2003,7.851634648022236,7.8398895263671875,7.714252948760986,7.924094200134277,10.004105567932127,5.425738255033557,5.44,5.44,1.4481966526859047,1.4411561629351446,0,0.0,294,2306.441180706024,0,0.0,0,0.0,4,33.34594440460205,0,0.0,8.0,9.0,9.0,0.0124999999999999,0.0124999999999999,0.025,0.0226569143672044
dynamic,model_dynamic/summary_timeseries.csv,20,1.1,298,119200.0,1166.1667150100905,13.637023980024688,1166 ± 13.64,1139.210385799408,1207.3875089124087,2.482185107804572,2.2963407440101884,2.482 ± 2.296,0.0467133750967307,11.944213402543165,0.2941530590325967,0.1488586682673936,0.2942 ± 0.1489,0.0157769339324799,0.8651170623847023,541.6744966442953,11.815333311282426,541.7 ± 11.82,409.0,543.0,90.46331528529224,0.4083252125902032,90.46 ± 0.4083,86.45560455322266,90.51238250732422,68.17712311300079,2,2,1,2,1:5; 2:293,0,0,0.0,model_dynamic,True,mckenzie2003,7.716248619476421,7.714252948760986,7.589424133300781,7.7979207038879395,10.004105567932127,5.416744966442953,5.43,5.43,1.4256852253951613,1.420672734578451,0,0.0,294,2264.797746181488,0,0.0,0,0.0,4,34.64434242248535,0,0.0,8.0,9.0,9.0,0.0125,0.0125000000000001,0.025,0.0227056888469578
dynamic,model_dynamic/summary_timeseries.csv,20,1.0,298,119200.0,1166.184611137336,13.634650525577548,1166 ± 13.63,1139.210385799408,1207.3733900197306,2.4874866959434105,2.300278675124638,2.487 ± 2.3,0.0457784486726699,11.959058963372406,0.293837075474075,0.1487168760782924,0.2938 ± 0.1487,0.0155415833074075,0.8629814676511467,545.6476510067114,12.204356598591596,545.6 ± 12.2,406.0,547.0,89.85024998812068,0.3973556006529855,89.85 ± 0.3974,86.0565185546875,89.89881134033203,68.16300422032259,2,2,1,2,1:5; 2:293,0,0,0.0,model_dynamic,True,mckenzie2003,7.772134092830171,7.7979207038879395,7.714252948760986,7.7979207038879395,10.004105567932127,5.456476510067114,5.47,5.47,1.4254784979543822,1.425579653361598,0,0.0,294,2281.7132244110107,0,0.0,0,0.0,4,34.38273525238037,0,0.0,8.0,9.0,9.0,0.0124999999999999,0.0124999999999999,0.025,0.0228364005103186
dynamic,model_dynamic/summary_timeseries.csv,20,0.9,298,119200.0,1166.2023721833611,13.632345499227062,1166 ± 13.63,1139.210385799408,1207.3592689289233,2.492498790601963,2.304340184800221,2.492 ± 2.304,0.0437366878316772,11.973612060162068,0.2935259952754364,0.1485795008240215,0.2935 ± 0.1486,0.015306909891088,0.860859726186633,544.6610738255033,12.225615156751532,544.7 ± 12.23,402.0,546.0,91.04900037522285,0.3659564868351586,91.05 ± 0.366,87.28365325927734,91.09213256835938,68.1488831295153,2,2,1,2,1:5; 2:293,0,0,0.0,model_dynamic,True,mckenzie2003,7.800250263022097,7.7979207038879395,7.714252948760986,7.924094200134277,10.004105567932127,5.446610738255034,5.46,5.46,1.433144489668218,1.4281906051076811,0,0.0,294,2290.185742378235,0,0.0,0,0.0,4,34.28883600234985,0,0.0,8.0,9.0,9.0,0.0124999999999999,0.0124999999999999,0.025,0.0225152345129653
dynamic,model_dynamic/summary_timeseries.csv,20,0.8,298,119200.0,1166.2204030027328,13.629923838736897,1166 ± 13.63,1139.210385799408,1207.3452848453478,2.498022997294133,2.3080489377074254,2.498 ± 2.308,0.0484768121193563,11.9880477570696,0.2932089372838787,0.1484391254605075,0.2932 ± 0.1484,0.0150799755000724,0.8586972817367632,545.5570469798657,10.833320802128023,545.6 ± 10.83,420.0,547.0,88.30842864273379,0.4146631857133113,88.31 ± 0.4147,84.50585174560547,88.37081146240234,68.13489904593985,2,2,1,2,1:5; 2:293,0,0,0.0,model_dynamic,True,mckenzie2003,7.93349258851685,7.924094200134277,7.8398895263671875,7.924094200134277,10.143348693847656,5.455570469798657,5.47,5.47,1.455220167921895,1.4486461060574547,0,0.0,294,2328.2102465629578,0,0.0,0,0.0,4,35.97054481506348,0,0.0,8.0,9.0,9.0,0.0125,0.0125000000000001,0.025,0.0231882650880748
dynamic,model_dynamic/summary_timeseries.csv,20,0.7,298,119200.0,1166.2376908158617,13.627823631368168,1166 ± 13.63,1139.210385799408,1207.3308668081822,2.5021931925268235,2.3124567673167555,2.502 ± 2.312,0.0391149871176939,12.001891019591968,0.2929132924322234,0.1483143279755542,0.2929 ± 0.1483,0.0148458825100467,0.8566173685768796,542.506711409396,13.64316169358307,542.5 ± 13.64,384.0,545.0,89.97978689206526,0.3441804046293898,89.98 ± 0.3442,85.77922821044922,90.05976104736328,68.12048100877428,2,2,1,2,1:5; 2:293,0,0,0.0,model_dynamic,True,mckenzie2003,7.773847091918023,7.7979207038879395,7.714252948760986,7.8398895263671875,9.911701202392578,5.425067114093959,5.44,5.44,1.4339225212467452,1.4334413058617534,0,0.0,294,2284.394104957581,0,0.0,0,0.0,4,32.21232843399048,0,0.0,8.0,9.0,9.0,0.0124999999999999,0.0124999999999999,0.025,0.0227182088443318
dynamic,model_dynamic/summary_timeseries.csv,20,0.6,298,119200.0,1166.255573071146,13.62550152902342,1166 ± 13.63,1139.210385799408,1207.3170741369677,2.5073209461390773,2.316278131194319,2.507 ± 2.316,0.0453850582245816,12.015704551738894,0.2926021450564838,0.1481834412290471,0.2926 ± 0.1482,0.0146214079139376,0.85449656588618,541.2013422818792,11.939433207333307,541.2 ± 11.94,403.0,543.0,90.72904384536233,0.3953880381655081,90.73 ± 0.3954,86.86589813232422,90.79683685302734,68.10668833755972,2,2,1,2,1:5; 2:293,0,0,0.0,model_dynamic,True,mckenzie2003,7.790769609028861,7.7979207038879395,7.672553062438965,7.8398895263671875,10.004105567932127,5.412013422818792,5.43,5.43,1.4405412992676057,1.4360811609370054,0,0.0,294,2287.332711219788,0,0.0,0,0.0,4,34.31663227081299,0,0.0,8.0,9.0,9.0,0.0124999999999999,0.0124999999999999,0.025,0.0224966711460914
dynamic,model_dynamic/summary_timeseries.csv,20,0.5,298,119200.0,1166.2735299063286,13.623172198146326,1166 ± 13.62,1139.210385799408,1207.303605959844,2.5126430907061126,2.319976956865441,2.513 ± 2.32,0.0477873904931127,12.02937641693532,0.2922903538525948,0.1480553935918052,0.2923 ± 0.1481,0.01440285754296,0.8523479263991661,551.751677852349,11.297327616687554,551.8 ± 11.3,420.0,553.0,89.81902390038407,0.4182923437558922,89.82 ± 0.4183,85.99281311035156,89.87159729003906,68.09322016043598,2,2,1,2,1:5; 2:293,0,0,0.0,model_dynamic,True,mckenzie2003,7.8509442694235165,7.7979207038879395,7.7979207038879395,7.9663310050964355,10.189933776855469,5.51751677852349,5.53,5.53,1.423963005699743,1.4139068924281308,0,0.0,294,2303.816030025482,0,0.0,0,0.0,4,35.76536226272583,0,0.0,8.0,9.0,9.0,0.0124999999999999,0.0124999999999999,0.025,0.0227028945156602
dynamic,model_dynamic/summary_timeseries.csv,20,0.4,298,119200.0,1166.291214419362,13.620997109175924,1166 ± 13.62,1139.210385799408,1207.2896747800512,2.5174682597252334,2.3239553595799363,2.517 ± 2.324,0.044570093828107,12.042740735504346,0.2919874118278307,0.1479352274265425,0.292 ± 0.1479,0.0141836438128459,0.8502214479492218,544.7315436241611,11.665719223424452,544.7 ± 11.67,408.0,547.0,83.52458692717072,0.3713463474125928,83.52 ± 0.3713,79.86955261230469,83.61614227294922,68.07928898064324,2,2,1,2,1:5; 2:293,0,0,0.0,model_dynamic,True,mckenzie2003,7.865757983802949,7.924094200134277,7.714252948760986,7.924094200134277,10.143348693847656,5.4473154362416105,5.46,5.46,1.4449439377610265,1.451299304053897,0,0.0,294,2309.196749687195,0,0.0,0,0.0,4,34.799129486083984,0,0.0,8.0,9.0,9.0,0.0125,0.0125,0.025,0.0243925287734095
dynamic,model_dynamic/summary_timeseries.csv,20,0.3,298,119200.0,1166.3074150441118,13.619432132324798,1166 ± 13.62,1139.210385799408,1207.275168430408,2.5196195552397107,2.329079148826358,2.52 ± 2.329,0.0235346659626911,12.054990327269,0.2917320905975898,0.1478426527359738,0.2917 ± 0.1478,0.0139428385874978,0.8483441694962378,533.1409395973154,21.06669502759304,533.1 ± 21.07,284.0,536.0,81.5805020428344,0.5383650123987416,81.58 ± 0.5384,77.85140228271484,84.82843017578125,68.06478263100007,2,2,1,2,1:5; 2:293,0,0,0.0,model_dynamic,True,mckenzie2003,7.612499279463851,7.672553062438965,7.2013020515441895,7.8398895263671875,9.682186126708984,5.331409395973155,5.36,5.36,1.4277862955699756,1.4314464668729412,0,0.0,280,2143.431851387024,0,0.0,14,99.9329710006714,4,25.15996289253235,0,0.0,8.0,9.0,9.0,0.0124999999999999,0.0124999999999999,0.025,0.0249110130367768
dynamic,model_dynamic/summary_timeseries.csv,20,0.2,298,119200.0,1166.3231678860088,13.618097495074144,1166 ± 13.62,1139.210385799408,1207.261011155735,2.5210864030452576,2.334206786807927,2.521 ± 2.334,0.0164189646546406,12.066680591560091,0.2915021276833942,0.1477643075190716,0.2915 ± 0.1478,0.0136980764796527,0.8465974848538587,533.8154362416108,28.73395957509832,533.8 ± 28.73,219.0,539.0,83.57181938222591,0.7038970685495632,83.57 ± 0.7039,81.77362823486328,88.08817291259766,68.05062535632715,2,2,1,2,1:6; 2:292,0,0,0.0,model_dynamic,True,mckenzie2003,7.567033512080275,7.589424133300781,7.2013020515441895,7.8398895263671875,7.8398895263671875,5.338154362416107,5.39,5.39,1.415883695257429,1.4080564254732433,0,0.0,260,1994.463894367218,0,0.0,34,244.66039896011355,4,15.851693272590635,0,0.0,8.0,9.0,9.0,0.0125,0.0125,0.025,0.0242511878973749
dynamic,model_dynamic/summary_timeseries.csv,20,0.1,298,119200.0,1166.339582882825,13.616536939124767,1166 ± 13.62,1139.210385799408,1207.247635655284,2.523643432584695,2.338665355906731,2.524 ± 2.339,0.0223294832143007,12.078556166101318,0.2912518903305432,0.1476760530485656,0.2913 ± 0.1477,0.0134627637966039,0.8447798243242217,555.748322147651,26.422491700341403,555.7 ± 26.42,281.0,559.0,84.25484824980666,0.3295745741081012,84.25 ± 0.3296,80.36175537109375,87.53948211669922,68.0372498558761,2,2,1,2,1:7; 2:291,0,0,0.0,model_dynamic,True,mckenzie2003,7.919079224535283,7.9663310050964355,7.8398895263671875,8.051071166992188,10.050435066223145,5.55748322147651,5.59,5.59,1.424750334739313,1.4251039365109903,0,0.0,293,2331.1838178634644,0,0.0,0,0.0,5,28.701791048049927,0,0.0,8.0,9.0,9.0,0.0125,0.0125,0.025,0.0240639179949137
dynamic,model_dynamic/summary_timeseries.csv,20,0.0,298,119200.0,1166.3558909283042,13.615190843850728,1166 ± 13.62,1139.210385799408,1207.2345607986065,2.5262406269625823,2.343120297155757,2.526 ± 2.343,0.025580689481764,12.090245363230766,0.291001738976836,0.1475974720523486,0.291 ± 0.1476,0.0132211941427422,0.8429331263831104,611.3489932885906,29.1295247197054,611.3 ± 29.13,342.0,615.0,93.3269858136273,0.3347021978867935,93.33 ± 0.3347,88.79048919677734,95.69918060302734,68.0241749991983,1,1,1,1,1:298,0,0,0.0,model_dynamic,True,mckenzie2003,8.398869770485282,8.436795234680176,8.307424545288086,8.523484230041504,10.80322265625,6.113489932885905,6.15,6.15,1.3735102413015914,1.3718366235252315,0,0.0,293,2473.394804954529,0,0.0,0,0.0,5,29.46838665008545,0,0.0,,,,,,,
