mode,source_csv,resolution_m,ka_bp,n_cells,area_m2,mean_elevation_m,sd_elevation_m,elevation_m_mean_sd,min_elevation_m,max_elevation_m,mean_soil_depth_m,sd_soil_depth_m,soil_depth_m_mean_sd,min_soil_depth_m,max_soil_depth_m,mean_slope,sd_slope,slope_mean_sd,min_slope,max_slope,mean_npp,sd_npp,npp_mean_sd,min_npp,max_npp,mean_eemt,sd_eemt,eemt_mean_sd,min_eemt,max_eemt,relief_m,dominant_vegetation_code,vegetation_class_richness,vegetation_min_code,vegetation_max_code,vegetation_class_counts,vegetation_nonvegetated_cell_count,vegetation_unclassified_cell_count,vegetation_unclassified_fraction,case,geomorph_dynamic,biome4_variant,audit_optpft_00_count,audit_optpft_00_npp_sum_gC_m2_yr,audit_optpft_00_npp_mean_gC_m2_yr,audit_optpft_01_count,audit_optpft_01_npp_sum_gC_m2_yr,audit_optpft_01_npp_mean_gC_m2_yr,audit_optpft_02_count,audit_optpft_02_npp_sum_gC_m2_yr,audit_optpft_02_npp_mean_gC_m2_yr,audit_optpft_03_count,audit_optpft_03_npp_sum_gC_m2_yr,audit_optpft_03_npp_mean_gC_m2_yr,audit_optpft_04_count,audit_optpft_04_npp_sum_gC_m2_yr,audit_optpft_04_npp_mean_gC_m2_yr,audit_optpft_05_count,audit_optpft_05_npp_sum_gC_m2_yr,audit_optpft_05_npp_mean_gC_m2_yr,audit_optpft_06_count,audit_optpft_06_npp_sum_gC_m2_yr,audit_optpft_06_npp_mean_gC_m2_yr,audit_optpft_07_count,audit_optpft_07_npp_sum_gC_m2_yr,audit_optpft_07_npp_mean_gC_m2_yr,audit_optpft_08_count,audit_optpft_08_npp_sum_gC_m2_yr,audit_optpft_08_npp_mean_gC_m2_yr,audit_optpft_09_count,audit_optpft_09_npp_sum_gC_m2_yr,audit_optpft_09_npp_mean_gC_m2_yr,audit_optpft_10_count,audit_optpft_10_npp_sum_gC_m2_yr,audit_optpft_10_npp_mean_gC_m2_yr,audit_optpft_11_count,audit_optpft_11_npp_sum_gC_m2_yr,audit_optpft_11_npp_mean_gC_m2_yr,audit_optpft_12_count,audit_optpft_12_npp_sum_gC_m2_yr,audit_optpft_12_npp_mean_gC_m2_yr,audit_optpft_13_count,audit_optpft_13_npp_sum_gC_m2_yr,audit_optpft_13_npp_mean_gC_m2_yr,audit_optpft_14_count,audit_optpft_14_npp_sum_gC_m2_yr,audit_optpft_14_npp_mean_gC_m2_yr,audit_biome_01_count,audit_biome_02_count,audit_biome_03_count,audit_biome_04_count,audit_biome_05_count,audit_biome_06_count,audit_biome_07_count,audit_biome_08_count,audit_biome_09_count,audit_biome_10_count,audit_biome_11_count,audit_biome_12_count,audit_biome_13_count,audit_biome_14_count,audit_biome_15_count,audit_biome_16_count,audit_biome_17_count,audit_biome_18_count,audit_biome_19_count,audit_biome_20_count,audit_biome_21_count,audit_biome_22_count,audit_biome_23_count,audit_biome_24_count,audit_biome_25_count,audit_biome_26_count,audit_biome_27_count,audit_biome_28_count,geomorph_accepted_substeps_to_next,geomorph_rejected_substeps_to_next,geomorph_rejected_fluvial_trials_to_next,geomorph_min_dt_kyr_to_next,geomorph_max_dt_kyr_to_next,geomorph_fluvial_tolerance_m,geomorph_max_accepted_fluvial_change_m_to_next
static,model_static/summary_timeseries.csv,20,21.0,298,119200.0,1163.0774822875155,14.20121742195375,1163 ± 14.2,1136.41357421875,1211.7552490234375,1.940387676626244,0.0022496970965876,1.94 ± 0.00225,1.940000057220459,1.9574874639511108,0.3721090606572333,0.227557946985991,0.3721 ± 0.2276,0.0274833136904463,1.5032500055566438,270.0,0.0,270 ± 0,270.0,270.0,54.4341240953279,0.0033940222320541,54.43 ± 0.003394,54.42782974243164,54.43901824951172,75.3416748046875,0,1,0,0,0:298,0,0,0.0,model_static,False,mckenzie2003,0,0.0,,0,0.0,,0,0.0,,0,0.0,,0,0.0,,0,0.0,,298,80460.0,270.0,0,0.0,,0,0.0,,0,0.0,,0,0.0,,0,0.0,,0,0.0,,0,0.0,,0,0.0,,0,0,0,0,0,0,0,298,0,0,0,0,0,0,0,0,0,0,0,0,0,0,0,0,0,0,0,0,,,,,,,
static,model_static/summary_timeseries.csv,20,20.9,298,119200.0,1163.0774822875155,14.20121742195375,1163 ± 14.2,1136.41357421875,1211.7552490234375,1.940387676626244,0.0022496970965876,1.94 ± 0.00225,1.940000057220459,1.9574874639511108,0.3721090606572333,0.227557946985991,0.3721 ± 0.2276,0.0274833136904463,1.5032500055566438,284.0,0.0,284 ± 0,284.0,284.0,54.69596354593367,0.0016147713757334,54.7 ± 0.001615,54.69206619262695,54.69884490966797,75.3416748046875,0,1,0,0,0:298,0,0,0.0,model_static,False,mckenzie2003,0,0.0,,0,0.0,,0,0.0,,0,0.0,,0,0.0,,0,0.0,,298,84632.0,284.0,0,0.0,,0,0.0,,0,0.0,,0,0.0,,0,0.0,,0,0.0,,0,0.0,,0,0.0,,0,0,0,0,0,0,0,298,0,0,0,0,0,0,0,0,0,0,0,0,0,0,0,0,0,0,0,0,,,,,,,
static,model_static/summary_timeseries.csv,20,20.8,298,119200.0,1163.0774822875155,14.20121742195375,1163 ± 14.2,1136.41357421875,1211.7552490234375,1.940387676626244,0.0022496970965876,1.94 ± 0.00225,1.940000057220459,1.9574874639511108,0.3721090606572333,0.227557946985991,0.3721 ± 0.2276,0.0274833136904463,1.5032500055566438,285.8489932885906,0.3580554210156793,285.8 ± 0.3581,285.0,286.0,54.80182807717547,0.0186462158953981,54.8 ± 0.01865,54.7552375793457,54.8132438659668,75.3416748046875,0,1,0,0,0:298,0,0,0.0,model_static,False,mckenzie2003,0,0.0,,0,0.0,,0,0.0,,0,0.0,,0,0.0,,0,0.0,,298,85183.0,285.8489932885906,0,0.0,,0,0.0,,0,0.0,,0,0.0,,0,0.0,,0,0.0,,0,0.0,,0,0.0,,0,0,0,0,0,0,0,298,0,0,0,0,0,0,0,0,0,0,0,0,0,0,0,0,0,0,0,0,,,,,,,
static,model_static/summary_timeseries.csv,20,20.7,298,119200.0,1163.0774822875155,14.20121742195375,1163 ± 14.2,1136.41357421875,1211.7552490234375,1.940387676626244,0.0022496970965876,1.94 ± 0.00225,1.940000057220459,1.9574874639511108,0.3721090606572333,0.227557946985991,0.3721 ± 0.2276,0.0274833136904463,1.5032500055566438,282.3288590604027,0.4697986577181208,282.3 ± 0.4698,282.0,283.0,55.82393170043126,0.0204174134320504,55.82 ± 0.02042,55.8046760559082,55.85511016845703,75.3416748046875,0,1,0,0,0:298,0,0,0.0,model_static,False,mckenzie2003,0,0.0,,0,0.0,,0,0.0,,0,0.0,,0,0.0,,0,0.0,,298,84134.0,282.3288590604027,0,0.0,,0,0.0,,0,0.0,,0,0.0,,0,0.0,,0,0.0,,0,0.0,,0,0.0,,0,0,0,0,0,0,0,298,0,0,0,0,0,0,0,0,0,0,0,0,0,0,0,0,0,0,0,0,,,,,,,
static,model_static/summary_timeseries.csv,20,20.6,298,119200.0,1163.0774822875155,14.20121742195375,1163 ± 14.2,1136.41357421875,1211.7552490234375,1.940387676626244,0.0022496970965876,1.94 ± 0.00225,1.940000057220459,1.9574874639511108,0.3721090606572333,0.227557946985991,0.3721 ± 0.2276,0.0274833136904463,1.5032500055566438,285.0,0.0,285 ± 0,285.0,285.0,55.60274312320172,0.0013309327213762,55.6 ± 0.001331,55.59366226196289,55.604713439941406,75.3416748046875,0,1,0,0,0:298,0,0,0.0,model_static,False,mckenzie2003,0,0.0,,0,0.0,,0,0.0,,0,0.0,,0,0.0,,0,0.0,,298,84930.0,285.0,0,0.0,,0,0.0,,0,0.0,,0,0.0,,0,0.0,,0,0.0,,0,0.0,,0,0.0,,0,0,0,0,0,0,0,298,0,0,0,0,0,0,0,0,0,0,0,0,0,0,0,0,0,0,0,0,,,,,,,
static,model_static/summary_timeseries.csv,20,20.5,298,119200.0,1163.0774822875155,14.20121742195375,1163 ± 14.2,1136.41357421875,1211.7552490234375,1.940387676626244,0.0022496970965876,1.94 ± 0.00225,1.940000057220459,1.9574874639511108,0.3721090606572333,0.227557946985991,0.3721 ± 0.2276,0.0274833136904463,1.5032500055566438,287.98993288590606,0.0998286898029766,288 ± 0.09983,287.0,288.0,53.000161715001866,0.0051318571289294,53 ± 0.005132,52.950984954833984,53.0036506652832,75.3416748046875,0,1,0,0,0:298,0,0,0.0,model_static,False,mckenzie2003,0,0.0,,0,0.0,,0,0.0,,0,0.0,,0,0.0,,0,0.0,,298,85821.0,287.98993288590606,0,0.0,,0,0.0,,0,0.0,,0,0.0,,0,0.0,,0,0.0,,0,0.0,,0,0.0,,0,0,0,0,0,0,0,298,0,0,0,0,0,0,0,0,0,0,0,0,0,0,0,0,0,0,0,0,,,,,,,
static,model_static/summary_timeseries.csv,20,20.4,298,119200.0,1163.0774822875155,14.20121742195375,1163 ± 14.2,1136.41357421875,1211.7552490234375,1.940387676626244,0.0022496970965876,1.94 ± 0.00225,1.940000057220459,1.9574874639511108,0.3721090606572333,0.227557946985991,0.3721 ± 0.2276,0.0274833136904463,1.5032500055566438,281.0,0.0,281 ± 0,281.0,281.0,52.76498423326736,0.0029857690889273,52.76 ± 0.002986,52.76165390014648,52.771034240722656,75.3416748046875,0,1,0,0,0:298,0,0,0.0,model_static,False,mckenzie2003,0,0.0,,0,0.0,,0,0.0,,0,0.0,,0,0.0,,0,0.0,,298,83738.0,281.0,0,0.0,,0,0.0,,0,0.0,,0,0.0,,0,0.0,,0,0.0,,0,0.0,,0,0.0,,0,0,0,0,0,0,0,298,0,0,0,0,0,0,0,0,0,0,0,0,0,0,0,0,0,0,0,0,,,,,,,
static,model_static/summary_timeseries.csv,20,20.3,298,119200.0,1163.0774822875155,14.20121742195375,1163 ± 14.2,1136.41357421875,1211.7552490234375,1.940387676626244,0.0022496970965876,1.94 ± 0.00225,1.940000057220459,1.9574874639511108,0.3721090606572333,0.227557946985991,0.3721 ± 0.2276,0.0274833136904463,1.5032500055566438,284.0,0.0,284 ± 0,284.0,284.0,54.54056342976205,0.0058339007013942,54.54 ± 0.005834,54.52579498291016,54.5452995300293,75.3416748046875,0,1,0,0,0:298,0,0,0.0,model_static,False,mckenzie2003,0,0.0,,0,0.0,,0,0.0,,0,0.0,,0,0.0,,0,0.0,,298,84632.0,284.0,0,0.0,,0,0.0,,0,0.0,,0,0.0,,0,0.0,,0,0.0,,0,0.0,,0,0.0,,0,0,0,0,0,0,0,298,0,0,0,0,0,0,0,0,0,0,0,0,0,0,0,0,0,0,0,0,,,,,,,
static,model_static/summary_timeseries.csv,20,20.2,298,119200.0,1163.0774822875155,14.20121742195375,1163 ± 14.2,1136.41357421875,1211.7552490234375,1.940387676626244,0.0022496970965876,1.94 ± 0.00225,1.940000057220459,1.9574874639511108,0.3721090606572333,0.227557946985991,0.3721 ± 0.2276,0.0274833136904463,1.5032500055566438,284.0,0.0,284 ± 0,284.0,284.0,53.613964349631495,0.0015885004012996,53.61 ± 0.001589,53.6090087890625,53.616798400878906,75.3416748046875,0,1,0,0,0:298,0,0,0.0,model_static,False,mckenzie2003,0,0.0,,0,0.0,,0,0.0,,0,0.0,,0,0.0,,0,0.0,,298,84632.0,284.0,0,0.0,,0,0.0,,0,0.0,,0,0.0,,0,0.0,,0,0.0,,0,0.0,,0,0.0,,0,0,0,0,0,0,0,298,0,0,0,0,0,0,0,0,0,0,0,0,0,0,0,0,0,0,0,0,,,,,,,
static,model_static/summary_timeseries.csv,20,20.1,298,119200.0,1163.0774822875155,14.20121742195375,1163 ± 14.2,1136.41357421875,1211.7552490234375,1.940387676626244,0.0022496970965876,1.94 ± 0.00225,1.940000057220459,1.9574874639511108,0.3721090606572333,0.227557946985991,0.3721 ± 0.2276,0.0274833136904463,1.5032500055566438,291.0,0.0,291 ± 0,291.0,291.0,57.57706256840853,0.0015332029326696,57.58 ± 0.001533,57.57209777832031,57.57999801635742,75.3416748046875,0,1,0,0,0:298,0,0,0.0,model_static,False,mckenzie2003,0,0.0,,0,0.0,,0,0.0,,0,0.0,,0,0.0,,0,0.0,,298,86718.0,291.0,0,0.0,,0,0.0,,0,0.0,,0,0.0,,0,0.0,,0,0.0,,0,0.0,,0,0.0,,0,0,0,0,0,0,0,298,0,0,0,0,0,0,0,0,0,0,0,0,0,0,0,0,0,0,0,0,,,,,,,
static,model_static/summary_timeseries.csv,20,20.0,298,119200.0,1163.0774822875155,14.20121742195375,1163 ± 14.2,1136.41357421875,1211.7552490234375,1.940387676626244,0.0022496970965876,1.94 ± 0.00225,1.940000057220459,1.9574874639511108,0.3721090606572333,0.227557946985991,0.3721 ± 0.2276,0.0274833136904463,1.5032500055566438,293.0,0.0,293 ± 0,293.0,293.0,56.32850776262731,0.0009296688576866,56.33 ± 0.0009297,56.32661819458008,56.33053588867188,75.3416748046875,0,1,0,0,0:298,0,0,0.0,model_static,False,mckenzie2003,0,0.0,,0,0.0,,0,0.0,,0,0.0,,0,0.0,,0,0.0,,298,87314.0,293.0,0,0.0,,0,0.0,,0,0.0,,0,0.0,,0,0.0,,0,0.0,,0,0.0,,0,0.0,,0,0,0,0,0,0,0,298,0,0,0,0,0,0,0,0,0,0,0,0,0,0,0,0,0,0,0,0,,,,,,,
static,model_static/summary_timeseries.csv,20,19.9,298,119200.0,1163.0774822875155,14.20121742195375,1163 ± 14.2,1136.41357421875,1211.7552490234375,1.940387676626244,0.0022496970965876,1.94 ± 0.00225,1.940000057220459,1.9574874639511108,0.3721090606572333,0.227557946985991,0.3721 ± 0.2276,0.0274833136904463,1.5032500055566438,294.4127516778523,0.4923288842658124,294.4 ± 0.4923,294.0,295.0,55.160477042998245,0.0238722506929254,55.16 ± 0.02387,55.13188171386719,55.19028854370117,75.3416748046875,0,1,0,0,0:298,0,0,0.0,model_static,False,mckenzie2003,0,0.0,,0,0.0,,0,0.0,,0,0.0,,0,0.0,,0,0.0,,298,87735.0,294.4127516778523,0,0.0,,0,0.0,,0,0.0,,0,0.0,,0,0.0,,0,0.0,,0,0.0,,0,0.0,,0,0,0,0,0,0,0,298,0,0,0,0,0,0,0,0,0,0,0,0,0,0,0,0,0,0,0,0,,,,,,,
static,model_static/summary_timeseries.csv,20,19.8,298,119200.0,1163.0774822875155,14.20121742195375,1163 ± 14.2,1136.41357421875,1211.7552490234375,1.940387676626244,0.0022496970965876,1.94 ± 0.00225,1.940000057220459,1.9574874639511108,0.3721090606572333,0.227557946985991,0.3721 ± 0.2276,0.0274833136904463,1.5032500055566438,291.0,0.0,291 ± 0,291.0,291.0,57.560314101660815,0.0012894305028946,57.56 ± 0.001289,57.5544548034668,57.56306076049805,75.3416748046875,0,1,0,0,0:298,0,0,0.0,model_static,False,mckenzie2003,0,0.0,,0,0.0,,0,0.0,,0,0.0,,0,0.0,,0,0.0,,298,86718.0,291.0,0,0.0,,0,0.0,,0,0.0,,0,0.0,,0,0.0,,0,0.0,,0,0.0,,0,0.0,,0,0,0,0,0,0,0,298,0,0,0,0,0,0,0,0,0,0,0,0,0,0,0,0,0,0,0,0,,,,,,,
static,model_static/summary_timeseries.csv,20,19.7,298,119200.0,1163.0774822875155,14.20121742195375,1163 ± 14.2,1136.41357421875,1211.7552490234375,1.940387676626244,0.0022496970965876,1.94 ± 0.00225,1.940000057220459,1.9574874639511108,0.3721090606572333,0.227557946985991,0.3721 ± 0.2276,0.0274833136904463,1.5032500055566438,286.0,0.0,286 ± 0,286.0,286.0,56.821148776368005,0.0028349193426814,56.82 ± 0.002835,56.814937591552734,56.82730865478516,75.3416748046875,0,1,0,0,0:298,0,0,0.0,model_static,False,mckenzie2003,0,0.0,,0,0.0,,0,0.0,,0,0.0,,0,0.0,,0,0.0,,298,85228.0,286.0,0,0.0,,0,0.0,,0,0.0,,0,0.0,,0,0.0,,0,0.0,,0,0.0,,0,0.0,,0,0,0,0,0,0,0,298,0,0,0,0,0,0,0,0,0,0,0,0,0,0,0,0,0,0,0,0,,,,,,,
static,model_static/summary_timeseries.csv,20,19.6,298,119200.0,1163.0774822875155,14.20121742195375,1163 ± 14.2,1136.41357421875,1211.7552490234375,1.940387676626244,0.0022496970965876,1.94 ± 0.00225,1.940000057220459,1.9574874639511108,0.3721090606572333,0.227557946985991,0.3721 ± 0.2276,0.0274833136904463,1.5032500055566438,241.0,0.0,241 ± 0,241.0,241.0,51.529473477562,0.0022374719544815,51.53 ± 0.002237,51.50986862182617,51.53253555297852,75.3416748046875,0,1,0,0,0:298,0,0,0.0,model_static,False,mckenzie2003,0,0.0,,0,0.0,,0,0.0,,0,0.0,,0,0.0,,0,0.0,,298,71818.0,241.0,0,0.0,,0,0.0,,0,0.0,,0,0.0,,0,0.0,,0,0.0,,0,0.0,,0,0.0,,0,0,0,0,0,0,0,0,0,298,0,0,0,0,0,0,0,0,0,0,0,0,0,0,0,0,0,0,,,,,,,
static,model_static/summary_timeseries.csv,20,19.5,298,119200.0,1163.0774822875155,14.20121742195375,1163 ± 14.2,1136.41357421875,1211.7552490234375,1.940387676626244,0.0022496970965876,1.94 ± 0.00225,1.940000057220459,1.9574874639511108,0.3721090606572333,0.227557946985991,0.3721 ± 0.2276,0.0274833136904463,1.5032500055566438,287.0,0.0,287 ± 0,287.0,287.0,57.01937222320761,0.0031676553954912,57.02 ± 0.003168,57.00796508789063,57.02390670776367,75.3416748046875,0,1,0,0,0:298,0,0,0.0,model_static,False,mckenzie2003,0,0.0,,0,0.0,,0,0.0,,0,0.0,,0,0.0,,0,0.0,,298,85526.0,287.0,0,0.0,,0,0.0,,0,0.0,,0,0.0,,0,0.0,,0,0.0,,0,0.0,,0,0.0,,0,0,0,0,0,0,0,298,0,0,0,0,0,0,0,0,0,0,0,0,0,0,0,0,0,0,0,0,,,,,,,
static,model_static/summary_timeseries.csv,20,19.4,298,119200.0,1163.0774822875155,14.20121742195375,1163 ± 14.2,1136.41357421875,1211.7552490234375,1.940387676626244,0.0022496970965876,1.94 ± 0.00225,1.940000057220459,1.9574874639511108,0.3721090606572333,0.227557946985991,0.3721 ± 0.2276,0.0274833136904463,1.5032500055566438,286.0,0.0,286 ± 0,286.0,286.0,54.69555003531027,0.0009170485059634,54.7 ± 0.000917,54.69089126586914,54.69725799560547,75.3416748046875,0,1,0,0,0:298,0,0,0.0,model_static,False,mckenzie2003,0,0.0,,0,0.0,,0,0.0,,0,0.0,,0,0.0,,0,0.0,,298,85228.0,286.0,0,0.0,,0,0.0,,0,0.0,,0,0.0,,0,0.0,,0,0.0,,0,0.0,,0,0.0,,0,0,0,0,0,0,0,298,0,0,0,0,0,0,0,0,0,0,0,0,0,0,0,0,0,0,0,0,,,,,,,
static,model_static/summary_timeseries.csv,20,19.3,298,119200.0,1163.0774822875155,14.20121742195375,1163 ± 14.2,1136.41357421875,1211.7552490234375,1.940387676626244,0.0022496970965876,1.94 ± 0.00225,1.940000057220459,1.9574874639511108,0.3721090606572333,0.227557946985991,0.3721 ± 0.2276,0.0274833136904463,1.5032500055566438,288.0,0.0,288 ± 0,288.0,288.0,57.69513578222902,0.0018022524318158,57.7 ± 0.001802,57.680755615234375,57.70053482055664,75.3416748046875,0,1,0,0,0:298,0,0,0.0,model_static,False,mckenzie2003,0,0.0,,0,0.0,,0,0.0,,0,0.0,,0,0.0,,0,0.0,,298,85824.0,288.0,0,0.0,,0,0.0,,0,0.0,,0,0.0,,0,0.0,,0,0.0,,0,0.0,,0,0.0,,0,0,0,0,0,0,0,298,0,0,0,0,0,0,0,0,0,0,0,0,0,0,0,0,0,0,0,0,,,,,,,
static,model_static/summary_timeseries.csv,20,19.2,298,119200.0,1163.0774822875155,14.20121742195375,1163 ± 14.2,1136.41357421875,1211.7552490234375,1.940387676626244,0.0022496970965876,1.94 ± 0.00225,1.940000057220459,1.9574874639511108,0.3721090606572333,0.227557946985991,0.3721 ± 0.2276,0.0274833136904463,1.5032500055566438,284.0,0.0,284 ± 0,284.0,284.0,56.75148732230167,0.0016461653967957,56.75 ± 0.001646,56.73729705810547,56.75465774536133,75.3416748046875,0,1,0,0,0:298,0,0,0.0,model_static,False,mckenzie2003,0,0.0,,0,0.0,,0,0.0,,0,0.0,,0,0.0,,0,0.0,,298,84632.0,284.0,0,0.0,,0,0.0,,0,0.0,,0,0.0,,0,0.0,,0,0.0,,0,0.0,,0,0.0,,0,0,0,0,0,0,0,298,0,0,0,0,0,0,0,0,0,0,0,0,0,0,0,0,0,0,0,0,,,,,,,
static,model_static/summary_timeseries.csv,20,19.1,298,119200.0,1163.0774822875155,14.20121742195375,1163 ± 14.2,1136.41357421875,1211.7552490234375,1.940387676626244,0.0022496970965876,1.94 ± 0.00225,1.940000057220459,1.9574874639511108,0.3721090606572333,0.227557946985991,0.3721 ± 0.2276,0.0274833136904463,1.5032500055566438,284.0,0.0,284 ± 0,284.0,284.0,55.58279810655837,0.0073239715591837,55.58 ± 0.007324,55.56858444213867,55.5899658203125,75.3416748046875,0,1,0,0,0:298,0,0,0.0,model_static,False,mckenzie2003,0,0.0,,0,0.0,,0,0.0,,0,0.0,,0,0.0,,0,0.0,,298,84632.0,284.0,0,0.0,,0,0.0,,0,0.0,,0,0.0,,0,0.0,,0,0.0,,0,0.0,,0,0.0,,0,0,0,0,0,0,0,298,0,0,0,0,0,0,0,0,0,0,0,0,0,0,0,0,0,0,0,0,,,,,,,
static,model_static/summary_timeseries.csv,20,19.0,298,119200.0,1163.0774822875155,14.20121742195375,1163 ± 14.2,1136.41357421875,1211.7552490234375,1.940387676626244,0.0022496970965876,1.94 ± 0.00225,1.940000057220459,1.9574874639511108,0.3721090606572333,0.227557946985991,0.3721 ± 0.2276,0.0274833136904463,1.5032500055566438,285.0,0.0,285 ± 0,285.0,285.0,56.96817111328944,0.001144296730716,56.97 ± 0.001144,56.95905303955078,56.97016143798828,75.3416748046875,0,1,0,0,0:298,0,0,0.0,model_static,False,mckenzie2003,0,0.0,,0,0.0,,0,0.0,,0,0.0,,0,0.0,,0,0.0,,298,84930.0,285.0,0,0.0,,0,0.0,,0,0.0,,0,0.0,,0,0.0,,0,0.0,,0,0.0,,0,0.0,,0,0,0,0,0,0,0,298,0,0,0,0,0,0,0,0,0,0,0,0,0,0,0,0,0,0,0,0,,,,,,,
static,model_static/summary_timeseries.csv,20,18.9,298,119200.0,1163.0774822875155,14.20121742195375,1163 ± 14.2,1136.41357421875,1211.7552490234375,1.940387676626244,0.0022496970965876,1.94 ± 0.00225,1.940000057220459,1.9574874639511108,0.3721090606572333,0.227557946985991,0.3721 ± 0.2276,0.0274833136904463,1.5032500055566438,279.99328859060404,0.0816478191986338,280 ± 0.08165,279.0,280.0,55.13119012717433,0.0041141589267473,55.13 ± 0.004114,55.08603286743164,55.136417388916016,75.3416748046875,0,1,0,0,0:298,0,0,0.0,model_static,False,mckenzie2003,0,0.0,,0,0.0,,0,0.0,,0,0.0,,0,0.0,,0,0.0,,298,83438.0,279.99328859060404,0,0.0,,0,0.0,,0,0.0,,0,0.0,,0,0.0,,0,0.0,,0,0.0,,0,0.0,,0,0,0,0,0,0,0,298,0,0,0,0,0,0,0,0,0,0,0,0,0,0,0,0,0,0,0,0,,,,,,,
static,model_static/summary_timeseries.csv,20,18.8,298,119200.0,1163.0774822875155,14.20121742195375,1163 ± 14.2,1136.41357421875,1211.7552490234375,1.940387676626244,0.0022496970965876,1.94 ± 0.00225,1.940000057220459,1.9574874639511108,0.3721090606572333,0.227557946985991,0.3721 ± 0.2276,0.0274833136904463,1.5032500055566438,282.0,0.0,282 ± 0,282.0,282.0,56.31886758740316,0.0019980284849167,56.32 ± 0.001998,56.31134414672852,56.32077407836914,75.3416748046875,0,1,0,0,0:298,0,0,0.0,model_static,False,mckenzie2003,0,0.0,,0,0.0,,0,0.0,,0,0.0,,0,0.0,,0,0.0,,298,84036.0,282.0,0,0.0,,0,0.0,,0,0.0,,0,0.0,,0,0.0,,0,0.0,,0,0.0,,0,0.0,,0,0,0,0,0,0,0,298,0,0,0,0,0,0,0,0,0,0,0,0,0,0,0,0,0,0,0,0,,,,,,,
static,model_static/summary_timeseries.csv,20,18.7,298,119200.0,1163.0774822875155,14.20121742195375,1163 ± 14.2,1136.41357421875,1211.7552490234375,1.940387676626244,0.0022496970965876,1.94 ± 0.00225,1.940000057220459,1.9574874639511108,0.3721090606572333,0.227557946985991,0.3721 ± 0.2276,0.0274833136904463,1.5032500055566438,281.996644295302,0.0578311675825976,282 ± 0.05783,281.0,282.0,57.41669621563598,0.0031983782055243,57.42 ± 0.003198,57.36689758300781,57.419315338134766,75.3416748046875,0,1,0,0,0:298,0,0,0.0,model_static,False,mckenzie2003,0,0.0,,0,0.0,,0,0.0,,0,0.0,,0,0.0,,0,0.0,,298,84035.0,281.996644295302,0,0.0,,0,0.0,,0,0.0,,0,0.0,,0,0.0,,0,0.0,,0,0.0,,0,0.0,,0,0,0,0,0,0,0,298,0,0,0,0,0,0,0,0,0,0,0,0,0,0,0,0,0,0,0,0,,,,,,,
static,model_static/summary_timeseries.csv,20,18.6,298,119200.0,1163.0774822875155,14.20121742195375,1163 ± 14.2,1136.41357421875,1211.7552490234375,1.940387676626244,0.0022496970965876,1.94 ± 0.00225,1.940000057220459,1.9574874639511108,0.3721090606572333,0.227557946985991,0.3721 ± 0.2276,0.0274833136904463,1.5032500055566438,280.0,0.0,280 ± 0,280.0,280.0,59.29340018201994,0.0057665690378697,59.29 ± 0.005767,59.28556060791016,59.30112075805664,75.3416748046875,0,1,0,0,0:298,0,0,0.0,model_static,False,mckenzie2003,0,0.0,,0,0.0,,0,0.0,,0,0.0,,0,0.0,,0,0.0,,298,83440.0,280.0,0,0.0,,0,0.0,,0,0.0,,0,0.0,,0,0.0,,0,0.0,,0,0.0,,0,0.0,,0,0,0,0,0,0,0,298,0,0,0,0,0,0,0,0,0,0,0,0,0,0,0,0,0,0,0,0,,,,,,,
static,model_static/summary_timeseries.csv,20,18.5,298,119200.0,1163.0774822875155,14.20121742195375,1163 ± 14.2,1136.41357421875,1211.7552490234375,1.940387676626244,0.0022496970965876,1.94 ± 0.00225,1.940000057220459,1.9574874639511108,0.3721090606572333,0.227557946985991,0.3721 ± 0.2276,0.0274833136904463,1.5032500055566438,276.39261744966444,0.4883328658644927,276.4 ± 0.4883,276.0,277.0,58.494966481356016,0.0212503682720993,58.49 ± 0.02125,58.47604370117188,58.523399353027344,75.3416748046875,0,1,0,0,0:298,0,0,0.0,model_static,False,mckenzie2003,0,0.0,,0,0.0,,0,0.0,,0,0.0,,0,0.0,,0,0.0,,298,82365.0,276.39261744966444,0,0.0,,0,0.0,,0,0.0,,0,0.0,,0,0.0,,0,0.0,,0,0.0,,0,0.0,,0,0,0,0,0,0,0,298,0,0,0,0,0,0,0,0,0,0,0,0,0,0,0,0,0,0,0,0,,,,,,,
static,model_static/summary_timeseries.csv,20,18.4,298,119200.0,1163.0774822875155,14.20121742195375,1163 ± 14.2,1136.41357421875,1211.7552490234375,1.940387676626244,0.0022496970965876,1.94 ± 0.00225,1.940000057220459,1.9574874639511108,0.3721090606572333,0.227557946985991,0.3721 ± 0.2276,0.0274833136904463,1.5032500055566438,278.0,0.0,278 ± 0,278.0,278.0,58.78113440699225,0.0010883710879877,58.78 ± 0.001088,58.77857208251953,58.78372573852539,75.3416748046875,0,1,0,0,0:298,0,0,0.0,model_static,False,mckenzie2003,0,0.0,,0,0.0,,0,0.0,,0,0.0,,0,0.0,,0,0.0,,298,82844.0,278.0,0,0.0,,0,0.0,,0,0.0,,0,0.0,,0,0.0,,0,0.0,,0,0.0,,0,0.0,,0,0,0,0,0,0,0,298,0,0,0,0,0,0,0,0,0,0,0,0,0,0,0,0,0,0,0,0,,,,,,,
static,model_static/summary_timeseries.csv,20,18.3,298,119200.0,1163.0774822875155,14.20121742195375,1163 ± 14.2,1136.41357421875,1211.7552490234375,1.940387676626244,0.0022496970965876,1.94 ± 0.00225,1.940000057220459,1.9574874639511108,0.3721090606572333,0.227557946985991,0.3721 ± 0.2276,0.0274833136904463,1.5032500055566438,273.0,0.0,273 ± 0,273.0,273.0,57.180363520679855,0.0009517419748452,57.18 ± 0.0009517,57.17869567871094,57.18233871459961,75.3416748046875,0,1,0,0,0:298,0,0,0.0,model_static,False,mckenzie2003,0,0.0,,0,0.0,,0,0.0,,0,0.0,,0,0.0,,0,0.0,,298,81354.0,273.0,0,0.0,,0,0.0,,0,0.0,,0,0.0,,0,0.0,,0,0.0,,0,0.0,,0,0.0,,0,0,0,0,0,0,0,298,0,0,0,0,0,0,0,0,0,0,0,0,0,0,0,0,0,0,0,0,,,,,,,
static,model_static/summary_timeseries.csv,20,18.2,298,119200.0,1163.0774822875155,14.20121742195375,1163 ± 14.2,1136.41357421875,1211.7552490234375,1.940387676626244,0.0022496970965876,1.94 ± 0.00225,1.940000057220459,1.9574874639511108,0.3721090606572333,0.227557946985991,0.3721 ± 0.2276,0.0274833136904463,1.5032500055566438,302.0,0.0,302 ± 0,302.0,302.0,63.71099195544352,0.0013758266757773,63.71 ± 0.001376,63.706241607666016,63.71355438232422,75.3416748046875,2,1,2,2,2:298,0,0,0.0,model_static,False,mckenzie2003,0,0.0,,0,0.0,,0,0.0,,0,0.0,,0,0.0,,0,0.0,,298,89996.0,302.0,0,0.0,,0,0.0,,0,0.0,,0,0.0,,0,0.0,,0,0.0,,0,0.0,,0,0.0,,0,0,0,0,0,0,298,0,0,0,0,0,0,0,0,0,0,0,0,0,0,0,0,0,0,0,0,0,,,,,,,
static,model_static/summary_timeseries.csv,20,18.1,298,119200.0,1163.0774822875155,14.20121742195375,1163 ± 14.2,1136.41357421875,1211.7552490234375,1.940387676626244,0.0022496970965876,1.94 ± 0.00225,1.940000057220459,1.9574874639511108,0.3721090606572333,0.227557946985991,0.3721 ± 0.2276,0.0274833136904463,1.5032500055566438,336.0,0.0,336 ± 0,336.0,336.0,68.78065168137519,0.0007729778451279,68.78 ± 0.000773,68.77574920654297,68.78216552734375,75.3416748046875,1,1,1,1,1:298,0,0,0.0,model_static,False,mckenzie2003,0,0.0,,0,0.0,,0,0.0,,0,0.0,,0,0.0,,0,0.0,,298,100128.0,336.0,0,0.0,,0,0.0,,0,0.0,,0,0.0,,0,0.0,,0,0.0,,0,0.0,,0,0.0,,0,0,0,0,0,0,298,0,0,0,0,0,0,0,0,0,0,0,0,0,0,0,0,0,0,0,0,0,,,,,,,
static,model_static/summary_timeseries.csv,20,18.0,298,119200.0,1163.0774822875155,14.20121742195375,1163 ± 14.2,1136.41357421875,1211.7552490234375,1.940387676626244,0.0022496970965876,1.94 ± 0.00225,1.940000057220459,1.9574874639511108,0.3721090606572333,0.227557946985991,0.3721 ± 0.2276,0.0274833136904463,1.5032500055566438,299.0503355704698,0.2186364581108983,299.1 ± 0.2186,299.0,300.0,63.25986566479574,0.0104190525953637,63.26 ± 0.01042,63.25428771972656,63.304725646972656,75.3416748046875,2,1,2,2,2:298,0,0,0.0,model_static,False,mckenzie2003,0,0.0,,0,0.0,,0,0.0,,0,0.0,,0,0.0,,0,0.0,,298,89117.0,299.0503355704698,0,0.0,,0,0.0,,0,0.0,,0,0.0,,0,0.0,,0,0.0,,0,0.0,,0,0.0,,0,0,0,0,0,0,298,0,0,0,0,0,0,0,0,0,0,0,0,0,0,0,0,0,0,0,0,0,,,,,,,
static,model_static/summary_timeseries.csv,20,17.9,298,119200.0,1163.0774822875155,14.20121742195375,1163 ± 14.2,1136.41357421875,1211.7552490234375,1.940387676626244,0.0022496970965876,1.94 ± 0.00225,1.940000057220459,1.9574874639511108,0.3721090606572333,0.227557946985991,0.3721 ± 0.2276,0.0274833136904463,1.5032500055566438,271.0,0.0,271 ± 0,271.0,271.0,55.254335633860336,0.0014217814449091,55.25 ± 0.001422,55.24360656738281,55.25682067871094,75.3416748046875,0,1,0,0,0:298,0,0,0.0,model_static,False,mckenzie2003,0,0.0,,0,0.0,,0,0.0,,0,0.0,,0,0.0,,0,0.0,,298,80758.0,271.0,0,0.0,,0,0.0,,0,0.0,,0,0.0,,0,0.0,,0,0.0,,0,0.0,,0,0.0,,0,0,0,0,0,0,0,298,0,0,0,0,0,0,0,0,0,0,0,0,0,0,0,0,0,0,0,0,,,,,,,
static,model_static/summary_timeseries.csv,20,17.8,298,119200.0,1163.0774822875155,14.20121742195375,1163 ± 14.2,1136.41357421875,1211.7552490234375,1.940387676626244,0.0022496970965876,1.94 ± 0.00225,1.940000057220459,1.9574874639511108,0.3721090606572333,0.227557946985991,0.3721 ± 0.2276,0.0274833136904463,1.5032500055566438,265.51006711409394,0.4998986429405658,265.5 ± 0.4999,265.0,266.0,57.31804799073495,0.0231078387667143,57.32 ± 0.02311,57.29275131225586,57.342716217041016,75.3416748046875,0,1,0,0,0:298,0,0,0.0,model_static,False,mckenzie2003,0,0.0,,0,0.0,,0,0.0,,0,0.0,,0,0.0,,0,0.0,,298,79122.0,265.51006711409394,0,0.0,,0,0.0,,0,0.0,,0,0.0,,0,0.0,,0,0.0,,0,0.0,,0,0.0,,0,0,0,0,0,0,0,298,0,0,0,0,0,0,0,0,0,0,0,0,0,0,0,0,0,0,0,0,,,,,,,
static,model_static/summary_timeseries.csv,20,17.7,298,119200.0,1163.0774822875155,14.20121742195375,1163 ± 14.2,1136.41357421875,1211.7552490234375,1.940387676626244,0.0022496970965876,1.94 ± 0.00225,1.940000057220459,1.9574874639511108,0.3721090606572333,0.227557946985991,0.3721 ± 0.2276,0.0274833136904463,1.5032500055566438,272.0,0.0,272 ± 0,272.0,272.0,53.983259930706666,0.0009784776114791,53.98 ± 0.0009785,53.98141479492188,53.98525238037109,75.3416748046875,0,1,0,0,0:298,0,0,0.0,model_static,False,mckenzie2003,0,0.0,,0,0.0,,0,0.0,,0,0.0,,0,0.0,,0,0.0,,298,81056.0,272.0,0,0.0,,0,0.0,,0,0.0,,0,0.0,,0,0.0,,0,0.0,,0,0.0,,0,0.0,,0,0,0,0,0,0,0,298,0,0,0,0,0,0,0,0,0,0,0,0,0,0,0,0,0,0,0,0,,,,,,,
static,model_static/summary_timeseries.csv,20,17.6,298,119200.0,1163.0774822875155,14.20121742195375,1163 ± 14.2,1136.41357421875,1211.7552490234375,1.940387676626244,0.0022496970965876,1.94 ± 0.00225,1.940000057220459,1.9574874639511108,0.3721090606572333,0.227557946985991,0.3721 ± 0.2276,0.0274833136904463,1.5032500055566438,273.0,0.0,273 ± 0,273.0,273.0,54.822740170779646,0.0040972443165056,54.82 ± 0.004097,54.81665802001953,54.830074310302734,75.3416748046875,0,1,0,0,0:298,0,0,0.0,model_static,False,mckenzie2003,0,0.0,,0,0.0,,0,0.0,,0,0.0,,0,0.0,,0,0.0,,298,81354.0,273.0,0,0.0,,0,0.0,,0,0.0,,0,0.0,,0,0.0,,0,0.0,,0,0.0,,0,0.0,,0,0,0,0,0,0,0,298,0,0,0,0,0,0,0,0,0,0,0,0,0,0,0,0,0,0,0,0,,,,,,,
static,model_static/summary_timeseries.csv,20,17.5,298,119200.0,1163.0774822875155,14.20121742195375,1163 ± 14.2,1136.41357421875,1211.7552490234375,1.940387676626244,0.0022496970965876,1.94 ± 0.00225,1.940000057220459,1.9574874639511108,0.3721090606572333,0.227557946985991,0.3721 ± 0.2276,0.0274833136904463,1.5032500055566438,271.0,0.0,271 ± 0,271.0,271.0,56.10722727423546,0.001299934621276,56.11 ± 0.0013,56.10201644897461,56.10929107666016,75.3416748046875,0,1,0,0,0:298,0,0,0.0,model_static,False,mckenzie2003,0,0.0,,0,0.0,,0,0.0,,0,0.0,,0,0.0,,0,0.0,,298,80758.0,271.0,0,0.0,,0,0.0,,0,0.0,,0,0.0,,0,0.0,,0,0.0,,0,0.0,,0,0.0,,0,0,0,0,0,0,0,298,0,0,0,0,0,0,0,0,0,0,0,0,0,0,0,0,0,0,0,0,,,,,,,
static,model_static/summary_timeseries.csv,20,17.4,298,119200.0,1163.0774822875155,14.20121742195375,1163 ± 14.2,1136.41357421875,1211.7552490234375,1.940387676626244,0.0022496970965876,1.94 ± 0.00225,1.940000057220459,1.9574874639511108,0.3721090606572333,0.227557946985991,0.3721 ± 0.2276,0.0274833136904463,1.5032500055566438,271.7013422818792,0.4576694063706672,271.7 ± 0.4577,271.0,272.0,55.53806504627202,0.0204377159222432,55.54 ± 0.02044,55.505279541015625,55.553070068359375,75.3416748046875,0,1,0,0,0:298,0,0,0.0,model_static,False,mckenzie2003,0,0.0,,0,0.0,,0,0.0,,0,0.0,,0,0.0,,0,0.0,,298,80967.0,271.7013422818792,0,0.0,,0,0.0,,0,0.0,,0,0.0,,0,0.0,,0,0.0,,0,0.0,,0,0.0,,0,0,0,0,0,0,0,298,0,0,0,0,0,0,0,0,0,0,0,0,0,0,0,0,0,0,0,0,,,,,,,
static,model_static/summary_timeseries.csv,20,17.3,298,119200.0,1163.0774822875155,14.20121742195375,1163 ± 14.2,1136.41357421875,1211.7552490234375,1.940387676626244,0.0022496970965876,1.94 ± 0.00225,1.940000057220459,1.9574874639511108,0.3721090606572333,0.227557946985991,0.3721 ± 0.2276,0.0274833136904463,1.5032500055566438,268.9865771812081,0.1150766993253842,269 ± 0.1151,268.0,269.0,57.08220029997346,0.0079600472711207,57.08 ± 0.00796,57.0269775390625,57.08854293823242,75.3416748046875,0,1,0,0,0:298,0,0,0.0,model_static,False,mckenzie2003,0,0.0,,0,0.0,,0,0.0,,0,0.0,,0,0.0,,0,0.0,,298,80158.0,268.9865771812081,0,0.0,,0,0.0,,0,0.0,,0,0.0,,0,0.0,,0,0.0,,0,0.0,,0,0.0,,0,0,0,0,0,0,0,298,0,0,0,0,0,0,0,0,0,0,0,0,0,0,0,0,0,0,0,0,,,,,,,
static,model_static/summary_timeseries.csv,20,17.2,298,119200.0,1163.0774822875155,14.20121742195375,1163 ± 14.2,1136.41357421875,1211.7552490234375,1.940387676626244,0.0022496970965876,1.94 ± 0.00225,1.940000057220459,1.9574874639511108,0.3721090606572333,0.227557946985991,0.3721 ± 0.2276,0.0274833136904463,1.5032500055566438,276.0,0.0,276 ± 0,276.0,276.0,54.77194167783596,0.0029828013589194,54.77 ± 0.002983,54.767608642578125,54.77589416503906,75.3416748046875,0,1,0,0,0:298,0,0,0.0,model_static,False,mckenzie2003,0,0.0,,0,0.0,,0,0.0,,0,0.0,,0,0.0,,0,0.0,,298,82248.0,276.0,0,0.0,,0,0.0,,0,0.0,,0,0.0,,0,0.0,,0,0.0,,0,0.0,,0,0.0,,0,0,0,0,0,0,0,298,0,0,0,0,0,0,0,0,0,0,0,0,0,0,0,0,0,0,0,0,,,,,,,
static,model_static/summary_timeseries.csv,20,17.1,298,119200.0,1163.0774822875155,14.20121742195375,1163 ± 14.2,1136.41357421875,1211.7552490234375,1.940387676626244,0.0022496970965876,1.94 ± 0.00225,1.940000057220459,1.9574874639511108,0.3721090606572333,0.227557946985991,0.3721 ± 0.2276,0.0274833136904463,1.5032500055566438,277.62080536912754,0.4851866267633151,277.6 ± 0.4852,277.0,278.0,57.24214154441885,0.0278545933843373,57.24 ± 0.02785,57.20499801635742,57.273250579833984,75.3416748046875,0,1,0,0,0:298,0,0,0.0,model_static,False,mckenzie2003,0,0.0,,0,0.0,,0,0.0,,0,0.0,,0,0.0,,0,0.0,,298,82731.0,277.62080536912754,0,0.0,,0,0.0,,0,0.0,,0,0.0,,0,0.0,,0,0.0,,0,0.0,,0,0.0,,0,0,0,0,0,0,0,298,0,0,0,0,0,0,0,0,0,0,0,0,0,0,0,0,0,0,0,0,,,,,,,
static,model_static/summary_timeseries.csv,20,17.0,298,119200.0,1163.0774822875155,14.20121742195375,1163 ± 14.2,1136.41357421875,1211.7552490234375,1.940387676626244,0.0022496970965876,1.94 ± 0.00225,1.940000057220459,1.9574874639511108,0.3721090606572333,0.227557946985991,0.3721 ± 0.2276,0.0274833136904463,1.5032500055566438,288.86241610738256,0.3444627194772748,288.9 ± 0.3445,288.0,289.0,60.47845096716145,0.0169357302955702,60.48 ± 0.01694,60.43663024902344,60.49953842163086,75.3416748046875,0,1,0,0,0:298,0,0,0.0,model_static,False,mckenzie2003,0,0.0,,0,0.0,,0,0.0,,0,0.0,,0,0.0,,0,0.0,,298,86081.0,288.86241610738256,0,0.0,,0,0.0,,0,0.0,,0,0.0,,0,0.0,,0,0.0,,0,0.0,,0,0.0,,0,0,0,0,0,0,0,298,0,0,0,0,0,0,0,0,0,0,0,0,0,0,0,0,0,0,0,0,,,,,,,
static,model_static/summary_timeseries.csv,20,16.9,298,119200.0,1163.0774822875155,14.20121742195375,1163 ± 14.2,1136.41357421875,1211.7552490234375,1.940387676626244,0.0022496970965876,1.94 ± 0.00225,1.940000057220459,1.9574874639511108,0.3721090606572333,0.227557946985991,0.3721 ± 0.2276,0.0274833136904463,1.5032500055566438,286.0,0.0,286 ± 0,286.0,286.0,60.4013625279369,0.0017793262927544,60.4 ± 0.001779,60.39753341674805,60.404911041259766,75.3416748046875,0,1,0,0,0:298,0,0,0.0,model_static,False,mckenzie2003,0,0.0,,0,0.0,,0,0.0,,0,0.0,,0,0.0,,0,0.0,,298,85228.0,286.0,0,0.0,,0,0.0,,0,0.0,,0,0.0,,0,0.0,,0,0.0,,0,0.0,,0,0.0,,0,0,0,0,0,0,0,298,0,0,0,0,0,0,0,0,0,0,0,0,0,0,0,0,0,0,0,0,,,,,,,
static,model_static/summary_timeseries.csv,20,16.8,298,119200.0,1163.0774822875155,14.20121742195375,1163 ± 14.2,1136.41357421875,1211.7552490234375,1.940387676626244,0.0022496970965876,1.94 ± 0.00225,1.940000057220459,1.9574874639511108,0.3721090606572333,0.227557946985991,0.3721 ± 0.2276,0.0274833136904463,1.5032500055566438,283.99328859060404,0.0816478191986338,284 ± 0.08165,283.0,284.0,58.58180921669774,0.003807295463676,58.58 ± 0.003807,58.53731536865234,58.58451843261719,75.3416748046875,0,1,0,0,0:298,0,0,0.0,model_static,False,mckenzie2003,0,0.0,,0,0.0,,0,0.0,,0,0.0,,0,0.0,,0,0.0,,298,84630.0,283.99328859060404,0,0.0,,0,0.0,,0,0.0,,0,0.0,,0,0.0,,0,0.0,,0,0.0,,0,0.0,,0,0,0,0,0,0,0,298,0,0,0,0,0,0,0,0,0,0,0,0,0,0,0,0,0,0,0,0,,,,,,,
static,model_static/summary_timeseries.csv,20,16.7,298,119200.0,1163.0774822875155,14.20121742195375,1163 ± 14.2,1136.41357421875,1211.7552490234375,1.940387676626244,0.0022496970965876,1.94 ± 0.00225,1.940000057220459,1.9574874639511108,0.3721090606572333,0.227557946985991,0.3721 ± 0.2276,0.0274833136904463,1.5032500055566438,294.8590604026846,0.3479592321292811,294.9 ± 0.348,294.0,295.0,58.16613426464516,0.0194221799181797,58.17 ± 0.01942,58.11684799194336,58.17990493774414,75.3416748046875,0,1,0,0,0:298,0,0,0.0,model_static,False,mckenzie2003,0,0.0,,0,0.0,,0,0.0,,0,0.0,,0,0.0,,0,0.0,,298,87868.0,294.8590604026846,0,0.0,,0,0.0,,0,0.0,,0,0.0,,0,0.0,,0,0.0,,0,0.0,,0,0.0,,0,0,0,0,0,0,0,298,0,0,0,0,0,0,0,0,0,0,0,0,0,0,0,0,0,0,0,0,,,,,,,
static,model_static/summary_timeseries.csv,20,16.6,298,119200.0,1163.0774822875155,14.20121742195375,1163 ± 14.2,1136.41357421875,1211.7552490234375,1.940387676626244,0.0022496970965876,1.94 ± 0.00225,1.940000057220459,1.9574874639511108,0.3721090606572333,0.227557946985991,0.3721 ± 0.2276,0.0274833136904463,1.5032500055566438,296.0,0.0,296 ± 0,296.0,296.0,60.01970885103981,0.0026718926800428,60.02 ± 0.002672,60.01148223876953,60.02468490600586,75.3416748046875,0,1,0,0,0:298,0,0,0.0,model_static,False,mckenzie2003,0,0.0,,0,0.0,,0,0.0,,0,0.0,,0,0.0,,0,0.0,,298,88208.0,296.0,0,0.0,,0,0.0,,0,0.0,,0,0.0,,0,0.0,,0,0.0,,0,0.0,,0,0.0,,0,0,0,0,0,0,0,298,0,0,0,0,0,0,0,0,0,0,0,0,0,0,0,0,0,0,0,0,,,,,,,
static,model_static/summary_timeseries.csv,20,16.5,298,119200.0,1163.0774822875155,14.20121742195375,1163 ± 14.2,1136.41357421875,1211.7552490234375,1.940387676626244,0.0022496970965876,1.94 ± 0.00225,1.940000057220459,1.9574874639511108,0.3721090606572333,0.227557946985991,0.3721 ± 0.2276,0.0274833136904463,1.5032500055566438,295.503355704698,0.4999887391191724,295.5 ± 0.5,295.0,296.0,59.12065390772467,0.0256783767380708,59.12 ± 0.02568,59.08221435546875,59.1507682800293,75.3416748046875,0,1,0,0,0:298,0,0,0.0,model_static,False,mckenzie2003,0,0.0,,0,0.0,,0,0.0,,0,0.0,,0,0.0,,0,0.0,,298,88060.0,295.503355704698,0,0.0,,0,0.0,,0,0.0,,0,0.0,,0,0.0,,0,0.0,,0,0.0,,0,0.0,,0,0,0,0,0,0,0,298,0,0,0,0,0,0,0,0,0,0,0,0,0,0,0,0,0,0,0,0,,,,,,,
static,model_static/summary_timeseries.csv,20,16.4,298,119200.0,1163.0774822875155,14.20121742195375,1163 ± 14.2,1136.41357421875,1211.7552490234375,1.940387676626244,0.0022496970965876,1.94 ± 0.00225,1.940000057220459,1.9574874639511108,0.3721090606572333,0.227557946985991,0.3721 ± 0.2276,0.0274833136904463,1.5032500055566438,300.99328859060404,0.0816478191986338,301 ± 0.08165,300.0,301.0,62.2829808228768,0.0044204313693663,62.28 ± 0.00442,62.23332977294922,62.28668975830078,75.3416748046875,0,1,0,0,0:298,0,0,0.0,model_static,False,mckenzie2003,0,0.0,,0,0.0,,0,0.0,,0,0.0,,0,0.0,,0,0.0,,298,89696.0,300.99328859060404,0,0.0,,0,0.0,,0,0.0,,0,0.0,,0,0.0,,0,0.0,,0,0.0,,0,0.0,,0,0,0,0,0,0,0,298,0,0,0,0,0,0,0,0,0,0,0,0,0,0,0,0,0,0,0,0,,,,,,,
static,model_static/summary_timeseries.csv,20,16.3,298,119200.0,1163.0774822875155,14.20121742195375,1163 ± 14.2,1136.41357421875,1211.7552490234375,1.940387676626244,0.0022496970965876,1.94 ± 0.00225,1.940000057220459,1.9574874639511108,0.3721090606572333,0.227557946985991,0.3721 ± 0.2276,0.0274833136904463,1.5032500055566438,308.0,0.0,308 ± 0,308.0,308.0,61.32671581498729,0.0008911972831162,61.33 ± 0.0008912,61.323951721191406,61.32841873168945,75.3416748046875,0,1,0,0,0:298,0,0,0.0,model_static,False,mckenzie2003,0,0.0,,0,0.0,,0,0.0,,0,0.0,,0,0.0,,0,0.0,,298,91784.0,308.0,0,0.0,,0,0.0,,0,0.0,,0,0.0,,0,0.0,,0,0.0,,0,0.0,,0,0.0,,0,0,0,0,0,0,0,298,0,0,0,0,0,0,0,0,0,0,0,0,0,0,0,0,0,0,0,0,,,,,,,
static,model_static/summary_timeseries.csv,20,16.2,298,119200.0,1163.0774822875155,14.20121742195375,1163 ± 14.2,1136.41357421875,1211.7552490234375,1.940387676626244,0.0022496970965876,1.94 ± 0.00225,1.940000057220459,1.9574874639511108,0.3721090606572333,0.227557946985991,0.3721 ± 0.2276,0.0274833136904463,1.5032500055566438,326.2852348993289,0.4515262467827475,326.3 ± 0.4515,326.0,327.0,65.66552588443628,0.0200237351367173,65.67 ± 0.02002,65.64742279052734,65.69857788085938,75.3416748046875,0,1,0,0,0:298,0,0,0.0,model_static,False,mckenzie2003,0,0.0,,0,0.0,,0,0.0,,0,0.0,,0,0.0,,0,0.0,,298,97233.0,326.2852348993289,0,0.0,,0,0.0,,0,0.0,,0,0.0,,0,0.0,,0,0.0,,0,0.0,,0,0.0,,0,0,0,0,0,0,0,298,0,0,0,0,0,0,0,0,0,0,0,0,0,0,0,0,0,0,0,0,,,,,,,
static,model_static/summary_timeseries.csv,20,16.1,298,119200.0,1163.0774822875155,14.20121742195375,1163 ± 14.2,1136.41357421875,1211.7552490234375,1.940387676626244,0.0022496970965876,1.94 ± 0.00225,1.940000057220459,1.9574874639511108,0.3721090606572333,0.227557946985991,0.3721 ± 0.2276,0.0274833136904463,1.5032500055566438,328.0,0.0,328 ± 0,328.0,328.0,65.85393004449422,0.0049496347197344,65.85 ± 0.00495,65.84947204589844,65.86392974853516,75.3416748046875,0,1,0,0,0:298,0,0,0.0,model_static,False,mckenzie2003,0,0.0,,0,0.0,,0,0.0,,0,0.0,,0,0.0,,0,0.0,,298,97744.0,328.0,0,0.0,,0,0.0,,0,0.0,,0,0.0,,0,0.0,,0,0.0,,0,0.0,,0,0.0,,0,0,0,0,0,0,0,298,0,0,0,0,0,0,0,0,0,0,0,0,0,0,0,0,0,0,0,0,,,,,,,
static,model_static/summary_timeseries.csv,20,16.0,298,119200.0,1163.0774822875155,14.20121742195375,1163 ± 14.2,1136.41357421875,1211.7552490234375,1.940387676626244,0.0022496970965876,1.94 ± 0.00225,1.940000057220459,1.9574874639511108,0.3721090606572333,0.227557946985991,0.3721 ± 0.2276,0.0274833136904463,1.5032500055566438,326.0,0.0,326 ± 0,326.0,326.0,67.19709544853876,0.0010201306231294,67.2 ± 0.00102,67.19530487060547,67.1987533569336,75.3416748046875,0,1,0,0,0:298,0,0,0.0,model_static,False,mckenzie2003,0,0.0,,0,0.0,,0,0.0,,0,0.0,,0,0.0,,0,0.0,,298,97148.0,326.0,0,0.0,,0,0.0,,0,0.0,,0,0.0,,0,0.0,,0,0.0,,0,0.0,,0,0.0,,0,0,0,0,0,0,0,298,0,0,0,0,0,0,0,0,0,0,0,0,0,0,0,0,0,0,0,0,,,,,,,
static,model_static/summary_timeseries.csv,20,15.9,298,119200.0,1163.0774822875155,14.20121742195375,1163 ± 14.2,1136.41357421875,1211.7552490234375,1.940387676626244,0.0022496970965876,1.94 ± 0.00225,1.940000057220459,1.9574874639511108,0.3721090606572333,0.227557946985991,0.3721 ± 0.2276,0.0274833136904463,1.5032500055566438,326.996644295302,0.0578311675825976,327 ± 0.05783,326.0,327.0,67.41061227273622,0.0027219191474322,67.41 ± 0.002722,67.3674087524414,67.41287994384766,75.3416748046875,2,1,2,2,2:298,0,0,0.0,model_static,False,mckenzie2003,0,0.0,,0,0.0,,0,0.0,,0,0.0,,0,0.0,,0,0.0,,298,97445.0,326.996644295302,0,0.0,,0,0.0,,0,0.0,,0,0.0,,0,0.0,,0,0.0,,0,0.0,,0,0.0,,0,0,0,0,0,0,298,0,0,0,0,0,0,0,0,0,0,0,0,0,0,0,0,0,0,0,0,0,,,,,,,
static,model_static/summary_timeseries.csv,20,15.8,298,119200.0,1163.0774822875155,14.20121742195375,1163 ± 14.2,1136.41357421875,1211.7552490234375,1.940387676626244,0.0022496970965876,1.94 ± 0.00225,1.940000057220459,1.9574874639511108,0.3721090606572333,0.227557946985991,0.3721 ± 0.2276,0.0274833136904463,1.5032500055566438,329.0,0.0,329 ± 0,329.0,329.0,68.4260581355767,0.0009905257303873,68.43 ± 0.0009905,68.42400360107422,68.42790222167969,75.3416748046875,2,1,2,2,2:298,0,0,0.0,model_static,False,mckenzie2003,0,0.0,,0,0.0,,0,0.0,,0,0.0,,0,0.0,,0,0.0,,298,98042.0,329.0,0,0.0,,0,0.0,,0,0.0,,0,0.0,,0,0.0,,0,0.0,,0,0.0,,0,0.0,,0,0,0,0,0,0,298,0,0,0,0,0,0,0,0,0,0,0,0,0,0,0,0,0,0,0,0,0,,,,,,,
static,model_static/summary_timeseries.csv,20,15.7,298,119200.0,1163.0774822875155,14.20121742195375,1163 ± 14.2,1136.41357421875,1211.7552490234375,1.940387676626244,0.0022496970965876,1.94 ± 0.00225,1.940000057220459,1.9574874639511108,0.3721090606572333,0.227557946985991,0.3721 ± 0.2276,0.0274833136904463,1.5032500055566438,326.16442953020135,0.3706648888134781,326.2 ± 0.3707,326.0,327.0,67.22253917207654,0.0192770117648179,67.22 ± 0.01928,67.2059555053711,67.26531982421875,75.3416748046875,2,1,2,2,2:298,0,0,0.0,model_static,False,mckenzie2003,0,0.0,,0,0.0,,0,0.0,,0,0.0,,0,0.0,,0,0.0,,298,97197.0,326.16442953020135,0,0.0,,0,0.0,,0,0.0,,0,0.0,,0,0.0,,0,0.0,,0,0.0,,0,0.0,,0,0,0,0,0,0,298,0,0,0,0,0,0,0,0,0,0,0,0,0,0,0,0,0,0,0,0,0,,,,,,,
static,model_static/summary_timeseries.csv,20,15.6,298,119200.0,1163.0774822875155,14.20121742195375,1163 ± 14.2,1136.41357421875,1211.7552490234375,1.940387676626244,0.0022496970965876,1.94 ± 0.00225,1.940000057220459,1.9574874639511108,0.3721090606572333,0.227557946985991,0.3721 ± 0.2276,0.0274833136904463,1.5032500055566438,329.0,0.0,329 ± 0,329.0,329.0,73.26659877188254,0.0016058314135144,73.27 ± 0.001606,73.26443481445312,73.27167510986328,75.3416748046875,2,1,2,2,2:298,0,0,0.0,model_static,False,mckenzie2003,0,0.0,,0,0.0,,0,0.0,,0,0.0,,0,0.0,,0,0.0,,298,98042.0,329.0,0,0.0,,0,0.0,,0,0.0,,0,0.0,,0,0.0,,0,0.0,,0,0.0,,0,0.0,,0,0,0,0,0,0,298,0,0,0,0,0,0,0,0,0,0,0,0,0,0,0,0,0,0,0,0,0,,,,,,,
static,model_static/summary_timeseries.csv,20,15.5,298,119200.0,1163.0774822875155,14.20121742195375,1163 ± 14.2,1136.41357421875,1211.7552490234375,1.940387676626244,0.0022496970965876,1.94 ± 0.00225,1.940000057220459,1.9574874639511108,0.3721090606572333,0.227557946985991,0.3721 ± 0.2276,0.0274833136904463,1.5032500055566438,333.9295302013423,0.2559371136331321,333.9 ± 0.2559,333.0,334.0,72.2953228790488,0.0121139534194899,72.3 ± 0.01211,72.23920440673828,72.30015563964844,75.3416748046875,2,1,2,2,2:298,0,0,0.0,model_static,False,mckenzie2003,0,0.0,,0,0.0,,0,0.0,,0,0.0,,0,0.0,,0,0.0,,298,99511.0,333.9295302013423,0,0.0,,0,0.0,,0,0.0,,0,0.0,,0,0.0,,0,0.0,,0,0.0,,0,0.0,,0,0,0,0,0,0,298,0,0,0,0,0,0,0,0,0,0,0,0,0,0,0,0,0,0,0,0,0,,,,,,,
static,model_static/summary_timeseries.csv,20,15.4,298,119200.0,1163.0774822875155,14.20121742195375,1163 ± 14.2,1136.41357421875,1211.7552490234375,1.940387676626244,0.0022496970965876,1.94 ± 0.00225,1.940000057220459,1.9574874639511108,0.3721090606572333,0.227557946985991,0.3721 ± 0.2276,0.0274833136904463,1.5032500055566438,336.17785234899327,0.3823884032640871,336.2 ± 0.3824,336.0,337.0,75.03854792550106,0.0184146131574769,75.04 ± 0.01841,75.01692199707031,75.07853698730469,75.3416748046875,2,1,2,2,2:298,0,0,0.0,model_static,False,mckenzie2003,0,0.0,,0,0.0,,0,0.0,,0,0.0,,0,0.0,,0,0.0,,298,100181.0,336.17785234899327,0,0.0,,0,0.0,,0,0.0,,0,0.0,,0,0.0,,0,0.0,,0,0.0,,0,0.0,,0,0,0,0,0,0,298,0,0,0,0,0,0,0,0,0,0,0,0,0,0,0,0,0,0,0,0,0,,,,,,,
static,model_static/summary_timeseries.csv,20,15.3,298,119200.0,1163.0774822875155,14.20121742195375,1163 ± 14.2,1136.41357421875,1211.7552490234375,1.940387676626244,0.0022496970965876,1.94 ± 0.00225,1.940000057220459,1.9574874639511108,0.3721090606572333,0.227557946985991,0.3721 ± 0.2276,0.0274833136904463,1.5032500055566438,342.0,0.0,342 ± 0,342.0,342.0,77.97256229067808,0.0022715230568664,77.97 ± 0.002272,77.95943450927734,77.97502899169922,75.3416748046875,2,1,2,2,2:298,0,0,0.0,model_static,False,mckenzie2003,0,0.0,,0,0.0,,0,0.0,,0,0.0,,0,0.0,,0,0.0,,298,101916.0,342.0,0,0.0,,0,0.0,,0,0.0,,0,0.0,,0,0.0,,0,0.0,,0,0.0,,0,0.0,,0,0,0,0,0,0,298,0,0,0,0,0,0,0,0,0,0,0,0,0,0,0,0,0,0,0,0,0,,,,,,,
static,model_static/summary_timeseries.csv,20,15.2,298,119200.0,1163.0774822875155,14.20121742195375,1163 ± 14.2,1136.41357421875,1211.7552490234375,1.940387676626244,0.0022496970965876,1.94 ± 0.00225,1.940000057220459,1.9574874639511108,0.3721090606572333,0.227557946985991,0.3721 ± 0.2276,0.0274833136904463,1.5032500055566438,347.16107382550337,0.3675990318826618,347.2 ± 0.3676,347.0,348.0,76.78568984678128,0.0159220959282266,76.79 ± 0.01592,76.77644348144531,76.82302856445312,75.3416748046875,1,1,1,1,1:298,0,0,0.0,model_static,False,mckenzie2003,0,0.0,,0,0.0,,0,0.0,,0,0.0,,0,0.0,,0,0.0,,298,103454.0,347.16107382550337,0,0.0,,0,0.0,,0,0.0,,0,0.0,,0,0.0,,0,0.0,,0,0.0,,0,0.0,,0,0,0,0,0,0,298,0,0,0,0,0,0,0,0,0,0,0,0,0,0,0,0,0,0,0,0,0,,,,,,,
static,model_static/summary_timeseries.csv,20,15.1,298,119200.0,1163.0774822875155,14.20121742195375,1163 ± 14.2,1136.41357421875,1211.7552490234375,1.940387676626244,0.0022496970965876,1.94 ± 0.00225,1.940000057220459,1.9574874639511108,0.3721090606572333,0.227557946985991,0.3721 ± 0.2276,0.0274833136904463,1.5032500055566438,353.2751677852349,0.4465987854929967,353.3 ± 0.4466,353.0,354.0,76.25813936067108,0.0251586736701978,76.26 ± 0.02516,76.23745727539062,76.30030822753906,75.3416748046875,1,1,1,1,1:298,0,0,0.0,model_static,False,mckenzie2003,0,0.0,,0,0.0,,0,0.0,,0,0.0,,0,0.0,,0,0.0,,298,105276.0,353.2751677852349,0,0.0,,0,0.0,,0,0.0,,0,0.0,,0,0.0,,0,0.0,,0,0.0,,0,0.0,,0,0,0,0,0,0,298,0,0,0,0,0,0,0,0,0,0,0,0,0,0,0,0,0,0,0,0,0,,,,,,,
static,model_static/summary_timeseries.csv,20,15.0,298,119200.0,1163.0774822875155,14.20121742195375,1163 ± 14.2,1136.41357421875,1211.7552490234375,1.940387676626244,0.0022496970965876,1.94 ± 0.00225,1.940000057220459,1.9574874639511108,0.3721090606572333,0.227557946985991,0.3721 ± 0.2276,0.0274833136904463,1.5032500055566438,350.9865771812081,0.1150766993253842,351 ± 0.1151,350.0,351.0,74.30377210066622,0.0052507687887743,74.3 ± 0.005251,74.258544921875,74.3063735961914,75.3416748046875,1,1,1,1,1:298,0,0,0.0,model_static,False,mckenzie2003,0,0.0,,0,0.0,,0,0.0,,0,0.0,,0,0.0,,0,0.0,,298,104594.0,350.9865771812081,0,0.0,,0,0.0,,0,0.0,,0,0.0,,0,0.0,,0,0.0,,0,0.0,,0,0.0,,0,0,0,0,0,0,298,0,0,0,0,0,0,0,0,0,0,0,0,0,0,0,0,0,0,0,0,0,,,,,,,
static,model_static/summary_timeseries.csv,20,14.9,298,119200.0,1163.0774822875155,14.20121742195375,1163 ± 14.2,1136.41357421875,1211.7552490234375,1.940387676626244,0.0022496970965876,1.94 ± 0.00225,1.940000057220459,1.9574874639511108,0.3721090606572333,0.227557946985991,0.3721 ± 0.2276,0.0274833136904463,1.5032500055566438,354.0,0.0,354 ± 0,354.0,354.0,71.38703624034088,0.0010924301651718,71.39 ± 0.001092,71.38465881347656,71.38955688476562,75.3416748046875,1,1,1,1,1:298,0,0,0.0,model_static,False,mckenzie2003,0,0.0,,0,0.0,,0,0.0,,0,0.0,,0,0.0,,0,0.0,,298,105492.0,354.0,0,0.0,,0,0.0,,0,0.0,,0,0.0,,0,0.0,,0,0.0,,0,0.0,,0,0.0,,0,0,0,0,0,0,298,0,0,0,0,0,0,0,0,0,0,0,0,0,0,0,0,0,0,0,0,0,,,,,,,
static,model_static/summary_timeseries.csv,20,14.8,298,119200.0,1163.0774822875155,14.20121742195375,1163 ± 14.2,1136.41357421875,1211.7552490234375,1.940387676626244,0.0022496970965876,1.94 ± 0.00225,1.940000057220459,1.9574874639511108,0.3721090606572333,0.227557946985991,0.3721 ± 0.2276,0.0274833136904463,1.5032500055566438,353.8993288590604,0.3008927754558375,353.9 ± 0.3009,353.0,354.0,73.96331113776904,0.0142573145331113,73.96 ± 0.01426,73.91561126708984,73.97119903564453,75.3416748046875,1,1,1,1,1:298,0,0,0.0,model_static,False,mckenzie2003,0,0.0,,0,0.0,,0,0.0,,0,0.0,,0,0.0,,0,0.0,,298,105462.0,353.8993288590604,0,0.0,,0,0.0,,0,0.0,,0,0.0,,0,0.0,,0,0.0,,0,0.0,,0,0.0,,0,0,0,0,0,0,298,0,0,0,0,0,0,0,0,0,0,0,0,0,0,0,0,0,0,0,0,0,,,,,,,
static,model_static/summary_timeseries.csv,20,14.7,298,119200.0,1163.0774822875155,14.20121742195375,1163 ± 14.2,1136.41357421875,1211.7552490234375,1.940387676626244,0.0022496970965876,1.94 ± 0.00225,1.940000057220459,1.9574874639511108,0.3721090606572333,0.227557946985991,0.3721 ± 0.2276,0.0274833136904463,1.5032500055566438,359.0,0.0,359 ± 0,359.0,359.0,72.95094847199101,0.0032819815235321,72.95 ± 0.003282,72.94107818603516,72.95409393310547,75.3416748046875,1,1,1,1,1:298,0,0,0.0,model_static,False,mckenzie2003,0,0.0,,0,0.0,,0,0.0,,0,0.0,,0,0.0,,0,0.0,,298,106982.0,359.0,0,0.0,,0,0.0,,0,0.0,,0,0.0,,0,0.0,,0,0.0,,0,0.0,,0,0.0,,0,0,0,0,0,0,298,0,0,0,0,0,0,0,0,0,0,0,0,0,0,0,0,0,0,0,0,0,,,,,,,
static,model_static/summary_timeseries.csv,20,14.6,298,119200.0,1163.0774822875155,14.20121742195375,1163 ± 14.2,1136.41357421875,1211.7552490234375,1.940387676626244,0.0022496970965876,1.94 ± 0.00225,1.940000057220459,1.9574874639511108,0.3721090606572333,0.227557946985991,0.3721 ± 0.2276,0.0274833136904463,1.5032500055566438,374.996644295302,0.0578311675825976,375 ± 0.05783,374.0,375.0,76.60315299834181,0.002747105692476,76.6 ± 0.002747,76.5606689453125,76.60565185546875,75.3416748046875,1,1,1,1,1:298,0,0,0.0,model_static,False,mckenzie2003,0,0.0,,0,0.0,,0,0.0,,0,0.0,,0,0.0,,0,0.0,,298,111749.0,374.996644295302,0,0.0,,0,0.0,,0,0.0,,0,0.0,,0,0.0,,0,0.0,,0,0.0,,0,0.0,,0,0,0,0,0,0,298,0,0,0,0,0,0,0,0,0,0,0,0,0,0,0,0,0,0,0,0,0,,,,,,,
static,model_static/summary_timeseries.csv,20,14.5,298,119200.0,1163.0774822875155,14.20121742195375,1163 ± 14.2,1136.41357421875,1211.7552490234375,1.940387676626244,0.0022496970965876,1.94 ± 0.00225,1.940000057220459,1.9574874639511108,0.3721090606572333,0.227557946985991,0.3721 ± 0.2276,0.0274833136904463,1.5032500055566438,385.0,0.0,385 ± 0,385.0,385.0,78.33054635988786,0.0006979201797939,78.33 ± 0.0006979,78.32930755615234,78.33158874511719,75.3416748046875,1,1,1,1,1:298,0,0,0.0,model_static,False,mckenzie2003,0,0.0,,0,0.0,,0,0.0,,0,0.0,,0,0.0,,0,0.0,,298,114730.0,385.0,0,0.0,,0,0.0,,0,0.0,,0,0.0,,0,0.0,,0,0.0,,0,0.0,,0,0.0,,0,0,0,0,0,0,298,0,0,0,0,0,0,0,0,0,0,0,0,0,0,0,0,0,0,0,0,0,,,,,,,
static,model_static/summary_timeseries.csv,20,14.4,298,119200.0,1163.0774822875155,14.20121742195375,1163 ± 14.2,1136.41357421875,1211.7552490234375,1.940387676626244,0.0022496970965876,1.94 ± 0.00225,1.940000057220459,1.9574874639511108,0.3721090606572333,0.227557946985991,0.3721 ± 0.2276,0.0274833136904463,1.5032500055566438,395.16442953020135,0.3706648888134781,395.2 ± 0.3707,395.0,396.0,78.1877420412614,0.0192329476004326,78.19 ± 0.01923,78.17488098144531,78.23141479492188,75.3416748046875,1,1,1,1,1:298,0,0,0.0,model_static,False,mckenzie2003,0,0.0,,0,0.0,,0,0.0,,0,0.0,,0,0.0,,0,0.0,,298,117759.0,395.16442953020135,0,0.0,,0,0.0,,0,0.0,,0,0.0,,0,0.0,,0,0.0,,0,0.0,,0,0.0,,0,0,0,0,0,0,298,0,0,0,0,0,0,0,0,0,0,0,0,0,0,0,0,0,0,0,0,0,,,,,,,
static,model_static/summary_timeseries.csv,20,14.3,298,119200.0,1163.0774822875155,14.20121742195375,1163 ± 14.2,1136.41357421875,1211.7552490234375,1.940387676626244,0.0022496970965876,1.94 ± 0.00225,1.940000057220459,1.9574874639511108,0.3721090606572333,0.227557946985991,0.3721 ± 0.2276,0.0274833136904463,1.5032500055566438,388.1107382550336,0.3138077339800278,388.1 ± 0.3138,388.0,389.0,78.62382386994842,0.0145247692311419,78.62 ± 0.01452,78.60943603515625,78.66458129882812,75.3416748046875,1,1,1,1,1:298,0,0,0.0,model_static,False,mckenzie2003,0,0.0,,0,0.0,,0,0.0,,0,0.0,,0,0.0,,0,0.0,,298,115657.0,388.1107382550336,0,0.0,,0,0.0,,0,0.0,,0,0.0,,0,0.0,,0,0.0,,0,0.0,,0,0.0,,0,0,0,0,0,0,298,0,0,0,0,0,0,0,0,0,0,0,0,0,0,0,0,0,0,0,0,0,,,,,,,
static,model_static/summary_timeseries.csv,20,14.2,298,119200.0,1163.0774822875155,14.20121742195375,1163 ± 14.2,1136.41357421875,1211.7552490234375,1.940387676626244,0.0022496970965876,1.94 ± 0.00225,1.940000057220459,1.9574874639511108,0.3721090606572333,0.227557946985991,0.3721 ± 0.2276,0.0274833136904463,1.5032500055566438,377.0,0.0,377 ± 0,377.0,377.0,74.53836866033157,0.0011419786787783,74.54 ± 0.001142,74.52982330322266,74.54014587402344,75.3416748046875,1,1,1,1,1:298,0,0,0.0,model_static,False,mckenzie2003,0,0.0,,0,0.0,,0,0.0,,0,0.0,,0,0.0,,0,0.0,,298,112346.0,377.0,0,0.0,,0,0.0,,0,0.0,,0,0.0,,0,0.0,,0,0.0,,0,0.0,,0,0.0,,0,0,0,0,0,0,298,0,0,0,0,0,0,0,0,0,0,0,0,0,0,0,0,0,0,0,0,0,,,,,,,
static,model_static/summary_timeseries.csv,20,14.1,298,119200.0,1163.0774822875155,14.20121742195375,1163 ± 14.2,1136.41357421875,1211.7552490234375,1.940387676626244,0.0022496970965876,1.94 ± 0.00225,1.940000057220459,1.9574874639511108,0.3721090606572333,0.227557946985991,0.3721 ± 0.2276,0.0274833136904463,1.5032500055566438,363.4127516778523,0.4923288842658124,363.4 ± 0.4923,363.0,364.0,74.9843937150584,0.0227010068184136,74.98 ± 0.0227,74.95230102539062,75.0160140991211,75.3416748046875,1,1,1,1,1:298,0,0,0.0,model_static,False,mckenzie2003,0,0.0,,0,0.0,,0,0.0,,0,0.0,,0,0.0,,0,0.0,,298,108297.0,363.4127516778523,0,0.0,,0,0.0,,0,0.0,,0,0.0,,0,0.0,,0,0.0,,0,0.0,,0,0.0,,0,0,0,0,0,0,298,0,0,0,0,0,0,0,0,0,0,0,0,0,0,0,0,0,0,0,0,0,,,,,,,
static,model_static/summary_timeseries.csv,20,14.0,298,119200.0,1163.0774822875155,14.20121742195375,1163 ± 14.2,1136.41357421875,1211.7552490234375,1.940387676626244,0.0022496970965876,1.94 ± 0.00225,1.940000057220459,1.9574874639511108,0.3721090606572333,0.227557946985991,0.3721 ± 0.2276,0.0274833136904463,1.5032500055566438,362.5771812080537,0.4940071468343072,362.6 ± 0.494,362.0,363.0,72.92305420229098,0.0266581201239615,72.92 ± 0.02666,72.88883209228516,72.95549774169922,75.3416748046875,1,1,1,1,1:298,0,0,0.0,model_static,False,mckenzie2003,0,0.0,,0,0.0,,0,0.0,,0,0.0,,0,0.0,,0,0.0,,298,108048.0,362.5771812080537,0,0.0,,0,0.0,,0,0.0,,0,0.0,,0,0.0,,0,0.0,,0,0.0,,0,0.0,,0,0,0,0,0,0,298,0,0,0,0,0,0,0,0,0,0,0,0,0,0,0,0,0,0,0,0,0,,,,,,,
static,model_static/summary_timeseries.csv,20,13.9,298,119200.0,1163.0774822875155,14.20121742195375,1163 ± 14.2,1136.41357421875,1211.7552490234375,1.940387676626244,0.0022496970965876,1.94 ± 0.00225,1.940000057220459,1.9574874639511108,0.3721090606572333,0.227557946985991,0.3721 ± 0.2276,0.0274833136904463,1.5032500055566438,379.0,0.0,379 ± 0,379.0,379.0,75.29663080817102,0.0025257355532865,75.3 ± 0.002526,75.29277038574219,75.30152130126953,75.3416748046875,1,1,1,1,1:298,0,0,0.0,model_static,False,mckenzie2003,0,0.0,,0,0.0,,0,0.0,,0,0.0,,0,0.0,,0,0.0,,298,112942.0,379.0,0,0.0,,0,0.0,,0,0.0,,0,0.0,,0,0.0,,0,0.0,,0,0.0,,0,0.0,,0,0,0,0,0,0,298,0,0,0,0,0,0,0,0,0,0,0,0,0,0,0,0,0,0,0,0,0,,,,,,,
static,model_static/summary_timeseries.csv,20,13.8,298,119200.0,1163.0774822875155,14.20121742195375,1163 ± 14.2,1136.41357421875,1211.7552490234375,1.940387676626244,0.0022496970965876,1.94 ± 0.00225,1.940000057220459,1.9574874639511108,0.3721090606572333,0.227557946985991,0.3721 ± 0.2276,0.0274833136904463,1.5032500055566438,391.993288590604,0.0816478191986338,392 ± 0.08165,391.0,392.0,76.77992683769072,0.0039098856170786,76.78 ± 0.00391,76.73423767089844,76.78296661376953,75.3416748046875,1,1,1,1,1:298,0,0,0.0,model_static,False,mckenzie2003,0,0.0,,0,0.0,,0,0.0,,0,0.0,,0,0.0,,0,0.0,,298,116814.0,391.993288590604,0,0.0,,0,0.0,,0,0.0,,0,0.0,,0,0.0,,0,0.0,,0,0.0,,0,0.0,,0,0,0,0,0,0,298,0,0,0,0,0,0,0,0,0,0,0,0,0,0,0,0,0,0,0,0,0,,,,,,,
static,model_static/summary_timeseries.csv,20,13.7,298,119200.0,1163.0774822875155,14.20121742195375,1163 ± 14.2,1136.41357421875,1211.7552490234375,1.940387676626244,0.0022496970965876,1.94 ± 0.00225,1.940000057220459,1.9574874639511108,0.3721090606572333,0.227557946985991,0.3721 ± 0.2276,0.0274833136904463,1.5032500055566438,398.993288590604,0.0816478191986338,399 ± 0.08165,398.0,399.0,80.32285198749312,0.0050281408865477,80.32 ± 0.005028,80.27689361572266,80.32960510253906,75.3416748046875,1,1,1,1,1:298,0,0,0.0,model_static,False,mckenzie2003,0,0.0,,0,0.0,,0,0.0,,0,0.0,,0,0.0,,0,0.0,,298,118900.0,398.993288590604,0,0.0,,0,0.0,,0,0.0,,0,0.0,,0,0.0,,0,0.0,,0,0.0,,0,0.0,,0,0,0,0,0,0,298,0,0,0,0,0,0,0,0,0,0,0,0,0,0,0,0,0,0,0,0,0,,,,,,,
static,model_static/summary_timeseries.csv,20,13.6,298,119200.0,1163.0774822875155,14.20121742195375,1163 ± 14.2,1136.41357421875,1211.7552490234375,1.940387676626244,0.0022496970965876,1.94 ± 0.00225,1.940000057220459,1.9574874639511108,0.3721090606572333,0.227557946985991,0.3721 ± 0.2276,0.0274833136904463,1.5032500055566438,403.0,0.0,403 ± 0,403.0,403.0,78.10854659624547,0.0007273310630458,78.11 ± 0.0007273,78.1068344116211,78.10987854003906,75.3416748046875,1,1,1,1,1:298,0,0,0.0,model_static,False,mckenzie2003,0,0.0,,0,0.0,,0,0.0,,0,0.0,,0,0.0,,0,0.0,,298,120094.0,403.0,0,0.0,,0,0.0,,0,0.0,,0,0.0,,0,0.0,,0,0.0,,0,0.0,,0,0.0,,0,0,0,0,0,0,298,0,0,0,0,0,0,0,0,0,0,0,0,0,0,0,0,0,0,0,0,0,,,,,,,
static,model_static/summary_timeseries.csv,20,13.5,298,119200.0,1163.0774822875155,14.20121742195375,1163 ± 14.2,1136.41357421875,1211.7552490234375,1.940387676626244,0.0022496970965876,1.94 ± 0.00225,1.940000057220459,1.9574874639511108,0.3721090606572333,0.227557946985991,0.3721 ± 0.2276,0.0274833136904463,1.5032500055566438,398.993288590604,0.0816478191986338,399 ± 0.08165,398.0,399.0,79.8318582829213,0.0041761704056869,79.83 ± 0.004176,79.78620910644531,79.83619689941406,75.3416748046875,1,1,1,1,1:298,0,0,0.0,model_static,False,mckenzie2003,0,0.0,,0,0.0,,0,0.0,,0,0.0,,0,0.0,,0,0.0,,298,118900.0,398.993288590604,0,0.0,,0,0.0,,0,0.0,,0,0.0,,0,0.0,,0,0.0,,0,0.0,,0,0.0,,0,0,0,0,0,0,298,0,0,0,0,0,0,0,0,0,0,0,0,0,0,0,0,0,0,0,0,0,,,,,,,
static,model_static/summary_timeseries.csv,20,13.4,298,119200.0,1163.0774822875155,14.20121742195375,1163 ± 14.2,1136.41357421875,1211.7552490234375,1.940387676626244,0.0022496970965876,1.94 ± 0.00225,1.940000057220459,1.9574874639511108,0.3721090606572333,0.227557946985991,0.3721 ± 0.2276,0.0274833136904463,1.5032500055566438,394.9395973154362,0.2382314006617295,394.9 ± 0.2382,394.0,395.0,76.68013292351026,0.0113649169217546,76.68 ± 0.01136,76.63334655761719,76.68467712402344,75.3416748046875,1,1,1,1,1:298,0,0,0.0,model_static,False,mckenzie2003,0,0.0,,0,0.0,,0,0.0,,0,0.0,,0,0.0,,0,0.0,,298,117692.0,394.9395973154362,0,0.0,,0,0.0,,0,0.0,,0,0.0,,0,0.0,,0,0.0,,0,0.0,,0,0.0,,0,0,0,0,0,0,298,0,0,0,0,0,0,0,0,0,0,0,0,0,0,0,0,0,0,0,0,0,,,,,,,
static,model_static/summary_timeseries.csv,20,13.3,298,119200.0,1163.0774822875155,14.20121742195375,1163 ± 14.2,1136.41357421875,1211.7552490234375,1.940387676626244,0.0022496970965876,1.94 ± 0.00225,1.940000057220459,1.9574874639511108,0.3721090606572333,0.227557946985991,0.3721 ± 0.2276,0.0274833136904463,1.5032500055566438,393.8255033557047,0.379535986995938,393.8 ± 0.3795,393.0,394.0,78.32144252085845,0.0169080728719046,78.32 ± 0.01691,78.27758026123047,78.3313217163086,75.3416748046875,1,1,1,1,1:298,0,0,0.0,model_static,False,mckenzie2003,0,0.0,,0,0.0,,0,0.0,,0,0.0,,0,0.0,,0,0.0,,298,117360.0,393.8255033557047,0,0.0,,0,0.0,,0,0.0,,0,0.0,,0,0.0,,0,0.0,,0,0.0,,0,0.0,,0,0,0,0,0,0,298,0,0,0,0,0,0,0,0,0,0,0,0,0,0,0,0,0,0,0,0,0,,,,,,,
static,model_static/summary_timeseries.csv,20,13.2,298,119200.0,1163.0774822875155,14.20121742195375,1163 ± 14.2,1136.41357421875,1211.7552490234375,1.940387676626244,0.0022496970965876,1.94 ± 0.00225,1.940000057220459,1.9574874639511108,0.3721090606572333,0.227557946985991,0.3721 ± 0.2276,0.0274833136904463,1.5032500055566438,390.9697986577181,0.1711409395973154,391 ± 0.1711,390.0,391.0,78.49020024754057,0.009078145090045,78.49 ± 0.009078,78.43960571289062,78.50276184082031,75.3416748046875,1,1,1,1,1:298,0,0,0.0,model_static,False,mckenzie2003,0,0.0,,0,0.0,,0,0.0,,0,0.0,,0,0.0,,0,0.0,,298,116509.0,390.9697986577181,0,0.0,,0,0.0,,0,0.0,,0,0.0,,0,0.0,,0,0.0,,0,0.0,,0,0.0,,0,0,0,0,0,0,298,0,0,0,0,0,0,0,0,0,0,0,0,0,0,0,0,0,0,0,0,0,,,,,,,
static,model_static/summary_timeseries.csv,20,13.1,298,119200.0,1163.0774822875155,14.20121742195375,1163 ± 14.2,1136.41357421875,1211.7552490234375,1.940387676626244,0.0022496970965876,1.94 ± 0.00225,1.940000057220459,1.9574874639511108,0.3721090606572333,0.227557946985991,0.3721 ± 0.2276,0.0274833136904463,1.5032500055566438,396.51006711409394,0.4998986429405658,396.5 ± 0.4999,396.0,397.0,78.48894290796062,0.024315506553272,78.49 ± 0.02432,78.45975494384766,78.5139389038086,75.3416748046875,1,1,1,1,1:298,0,0,0.0,model_static,False,mckenzie2003,0,0.0,,0,0.0,,0,0.0,,0,0.0,,0,0.0,,0,0.0,,298,118160.0,396.51006711409394,0,0.0,,0,0.0,,0,0.0,,0,0.0,,0,0.0,,0,0.0,,0,0.0,,0,0.0,,0,0,0,0,0,0,298,0,0,0,0,0,0,0,0,0,0,0,0,0,0,0,0,0,0,0,0,0,,,,,,,
static,model_static/summary_timeseries.csv,20,13.0,298,119200.0,1163.0774822875155,14.20121742195375,1163 ± 14.2,1136.41357421875,1211.7552490234375,1.940387676626244,0.0022496970965876,1.94 ± 0.00225,1.940000057220459,1.9574874639511108,0.3721090606572333,0.227557946985991,0.3721 ± 0.2276,0.0274833136904463,1.5032500055566438,396.0,0.0,396 ± 0,396.0,396.0,83.47464613946492,0.0050462556160124,83.47 ± 0.005046,83.4679183959961,83.48159790039062,75.3416748046875,1,1,1,1,1:298,0,0,0.0,model_static,False,mckenzie2003,0,0.0,,0,0.0,,0,0.0,,0,0.0,,0,0.0,,0,0.0,,298,118008.0,396.0,0,0.0,,0,0.0,,0,0.0,,0,0.0,,0,0.0,,0,0.0,,0,0.0,,0,0.0,,0,0,0,0,0,0,298,0,0,0,0,0,0,0,0,0,0,0,0,0,0,0,0,0,0,0,0,0,,,,,,,
static,model_static/summary_timeseries.csv,20,12.9,298,119200.0,1163.0774822875155,14.20121742195375,1163 ± 14.2,1136.41357421875,1211.7552490234375,1.940387676626244,0.0022496970965876,1.94 ± 0.00225,1.940000057220459,1.9574874639511108,0.3721090606572333,0.227557946985991,0.3721 ± 0.2276,0.0274833136904463,1.5032500055566438,384.0,0.0,384 ± 0,384.0,384.0,66.18049265714299,0.0008791224896329,66.18 ± 0.0008791,66.1787109375,66.18226623535156,75.3416748046875,1,1,1,1,1:298,0,0,0.0,model_static,False,mckenzie2003,0,0.0,,0,0.0,,0,0.0,,0,0.0,,0,0.0,,0,0.0,,298,114432.0,384.0,0,0.0,,0,0.0,,0,0.0,,0,0.0,,0,0.0,,0,0.0,,0,0.0,,0,0.0,,0,0,0,0,0,0,298,0,0,0,0,0,0,0,0,0,0,0,0,0,0,0,0,0,0,0,0,0,,,,,,,
static,model_static/summary_timeseries.csv,20,12.8,298,119200.0,1163.0774822875155,14.20121742195375,1163 ± 14.2,1136.41357421875,1211.7552490234375,1.940387676626244,0.0022496970965876,1.94 ± 0.00225,1.940000057220459,1.9574874639511108,0.3721090606572333,0.227557946985991,0.3721 ± 0.2276,0.0274833136904463,1.5032500055566438,385.0,0.0,385 ± 0,385.0,385.0,65.33120599529087,0.0049114644279703,65.33 ± 0.004911,65.31910705566406,65.33570861816406,75.3416748046875,1,1,1,1,1:298,0,0,0.0,model_static,False,mckenzie2003,0,0.0,,0,0.0,,0,0.0,,0,0.0,,0,0.0,,0,0.0,,298,114730.0,385.0,0,0.0,,0,0.0,,0,0.0,,0,0.0,,0,0.0,,0,0.0,,0,0.0,,0,0.0,,0,0,0,0,0,0,298,0,0,0,0,0,0,0,0,0,0,0,0,0,0,0,0,0,0,0,0,0,,,,,,,
static,model_static/summary_timeseries.csv,20,12.7,298,119200.0,1163.0774822875155,14.20121742195375,1163 ± 14.2,1136.41357421875,1211.7552490234375,1.940387676626244,0.0022496970965876,1.94 ± 0.00225,1.940000057220459,1.9574874639511108,0.3721090606572333,0.227557946985991,0.3721 ± 0.2276,0.0274833136904463,1.5032500055566438,388.0,0.0,388 ± 0,388.0,388.0,65.84216124259386,0.0018691465159907,65.84 ± 0.001869,65.83586883544922,65.84564208984375,75.3416748046875,1,1,1,1,1:298,0,0,0.0,model_static,False,mckenzie2003,0,0.0,,0,0.0,,0,0.0,,0,0.0,,0,0.0,,0,0.0,,298,115624.0,388.0,0,0.0,,0,0.0,,0,0.0,,0,0.0,,0,0.0,,0,0.0,,0,0.0,,0,0.0,,0,0,0,0,0,0,298,0,0,0,0,0,0,0,0,0,0,0,0,0,0,0,0,0,0,0,0,0,,,,,,,
static,model_static/summary_timeseries.csv,20,12.6,298,119200.0,1163.0774822875155,14.20121742195375,1163 ± 14.2,1136.41357421875,1211.7552490234375,1.940387676626244,0.0022496970965876,1.94 ± 0.00225,1.940000057220459,1.9574874639511108,0.3721090606572333,0.227557946985991,0.3721 ± 0.2276,0.0274833136904463,1.5032500055566438,385.0,0.0,385 ± 0,385.0,385.0,63.31710321311183,0.0012098533060114,63.32 ± 0.00121,63.313323974609375,63.319942474365234,75.3416748046875,1,1,1,1,1:298,0,0,0.0,model_static,False,mckenzie2003,0,0.0,,0,0.0,,0,0.0,,0,0.0,,0,0.0,,0,0.0,,298,114730.0,385.0,0,0.0,,0,0.0,,0,0.0,,0,0.0,,0,0.0,,0,0.0,,0,0.0,,0,0.0,,0,0,0,0,0,0,298,0,0,0,0,0,0,0,0,0,0,0,0,0,0,0,0,0,0,0,0,0,,,,,,,
static,model_static/summary_timeseries.csv,20,12.5,298,119200.0,1163.0774822875155,14.20121742195375,1163 ± 14.2,1136.41357421875,1211.7552490234375,1.940387676626244,0.0022496970965876,1.94 ± 0.00225,1.940000057220459,1.9574874639511108,0.3721090606572333,0.227557946985991,0.3721 ± 0.2276,0.0274833136904463,1.5032500055566438,382.4395973154362,0.4963381062315194,382.4 ± 0.4963,382.0,383.0,63.25805273632075,0.0239553235117202,63.26 ± 0.02396,63.2320442199707,63.292179107666016,75.3416748046875,1,1,1,1,1:298,0,0,0.0,model_static,False,mckenzie2003,0,0.0,,0,0.0,,0,0.0,,0,0.0,,0,0.0,,0,0.0,,298,113967.0,382.4395973154362,0,0.0,,0,0.0,,0,0.0,,0,0.0,,0,0.0,,0,0.0,,0,0.0,,0,0.0,,0,0,0,0,0,0,298,0,0,0,0,0,0,0,0,0,0,0,0,0,0,0,0,0,0,0,0,0,,,,,,,
static,model_static/summary_timeseries.csv,20,12.4,298,119200.0,1163.0774822875155,14.20121742195375,1163 ± 14.2,1136.41357421875,1211.7552490234375,1.940387676626244,0.0022496970965876,1.94 ± 0.00225,1.940000057220459,1.9574874639511108,0.3721090606572333,0.227557946985991,0.3721 ± 0.2276,0.0274833136904463,1.5032500055566438,384.0,0.0,384 ± 0,384.0,384.0,64.89962740392492,0.0017009553239246,64.9 ± 0.001701,64.89641571044922,64.90271759033203,75.3416748046875,1,1,1,1,1:298,0,0,0.0,model_static,False,mckenzie2003,0,0.0,,0,0.0,,0,0.0,,0,0.0,,0,0.0,,0,0.0,,298,114432.0,384.0,0,0.0,,0,0.0,,0,0.0,,0,0.0,,0,0.0,,0,0.0,,0,0.0,,0,0.0,,0,0,0,0,0,0,298,0,0,0,0,0,0,0,0,0,0,0,0,0,0,0,0,0,0,0,0,0,,,,,,,
static,model_static/summary_timeseries.csv,20,12.3,298,119200.0,1163.0774822875155,14.20121742195375,1163 ± 14.2,1136.41357421875,1211.7552490234375,1.940387676626244,0.0022496970965876,1.94 ± 0.00225,1.940000057220459,1.9574874639511108,0.3721090606572333,0.227557946985991,0.3721 ± 0.2276,0.0274833136904463,1.5032500055566438,381.0973154362416,0.2963868116342489,381.1 ± 0.2964,381.0,382.0,63.83537301441167,0.0153899164505939,63.84 ± 0.01539,63.82619857788086,63.88530731201172,75.3416748046875,1,1,1,1,1:298,0,0,0.0,model_static,False,mckenzie2003,0,0.0,,0,0.0,,0,0.0,,0,0.0,,0,0.0,,0,0.0,,298,113567.0,381.0973154362416,0,0.0,,0,0.0,,0,0.0,,0,0.0,,0,0.0,,0,0.0,,0,0.0,,0,0.0,,0,0,0,0,0,0,298,0,0,0,0,0,0,0,0,0,0,0,0,0,0,0,0,0,0,0,0,0,,,,,,,
static,model_static/summary_timeseries.csv,20,12.2,298,119200.0,1163.0774822875155,14.20121742195375,1163 ± 14.2,1136.41357421875,1211.7552490234375,1.940387676626244,0.0022496970965876,1.94 ± 0.00225,1.940000057220459,1.9574874639511108,0.3721090606572333,0.227557946985991,0.3721 ± 0.2276,0.0274833136904463,1.5032500055566438,381.9832214765101,0.1284406658322459,382 ± 0.1284,381.0,382.0,61.685513157172494,0.0065546011615249,61.69 ± 0.006555,61.63603591918945,61.69000625610352,75.3416748046875,1,1,1,1,1:298,0,0,0.0,model_static,False,mckenzie2003,0,0.0,,0,0.0,,0,0.0,,0,0.0,,0,0.0,,0,0.0,,298,113831.0,381.9832214765101,0,0.0,,0,0.0,,0,0.0,,0,0.0,,0,0.0,,0,0.0,,0,0.0,,0,0.0,,0,0,0,0,0,0,298,0,0,0,0,0,0,0,0,0,0,0,0,0,0,0,0,0,0,0,0,0,,,,,,,
static,model_static/summary_timeseries.csv,20,12.1,298,119200.0,1163.0774822875155,14.20121742195375,1163 ± 14.2,1136.41357421875,1211.7552490234375,1.940387676626244,0.0022496970965876,1.94 ± 0.00225,1.940000057220459,1.9574874639511108,0.3721090606572333,0.227557946985991,0.3721 ± 0.2276,0.0274833136904463,1.5032500055566438,388.6476510067114,0.4777019784521593,388.6 ± 0.4777,388.0,389.0,63.980107646660514,0.0226647812505687,63.98 ± 0.02266,63.944862365722656,63.99946594238281,75.3416748046875,1,1,1,1,1:298,0,0,0.0,model_static,False,mckenzie2003,0,0.0,,0,0.0,,0,0.0,,0,0.0,,0,0.0,,0,0.0,,298,115817.0,388.6476510067114,0,0.0,,0,0.0,,0,0.0,,0,0.0,,0,0.0,,0,0.0,,0,0.0,,0,0.0,,0,0,0,0,0,0,298,0,0,0,0,0,0,0,0,0,0,0,0,0,0,0,0,0,0,0,0,0,,,,,,,
static,model_static/summary_timeseries.csv,20,12.0,298,119200.0,1163.0774822875155,14.20121742195375,1163 ± 14.2,1136.41357421875,1211.7552490234375,1.940387676626244,0.0022496970965876,1.94 ± 0.00225,1.940000057220459,1.9574874639511108,0.3721090606572333,0.227557946985991,0.3721 ± 0.2276,0.0274833136904463,1.5032500055566438,393.0,0.0,393 ± 0,393.0,393.0,67.29708060962241,0.000860029222906,67.3 ± 0.00086,67.29510498046875,67.29889678955078,75.3416748046875,1,1,1,1,1:298,0,0,0.0,model_static,False,mckenzie2003,0,0.0,,0,0.0,,0,0.0,,0,0.0,,0,0.0,,0,0.0,,298,117114.0,393.0,0,0.0,,0,0.0,,0,0.0,,0,0.0,,0,0.0,,0,0.0,,0,0.0,,0,0.0,,0,0,0,0,0,0,298,0,0,0,0,0,0,0,0,0,0,0,0,0,0,0,0,0,0,0,0,0,,,,,,,
static,model_static/summary_timeseries.csv,20,11.9,298,119200.0,1163.0774822875155,14.20121742195375,1163 ± 14.2,1136.41357421875,1211.7552490234375,1.940387676626244,0.0022496970965876,1.94 ± 0.00225,1.940000057220459,1.9574874639511108,0.3721090606572333,0.227557946985991,0.3721 ± 0.2276,0.0274833136904463,1.5032500055566438,407.0,0.0,407 ± 0,407.0,407.0,68.78797198301994,0.0019762295426406,68.79 ± 0.001976,68.7818603515625,68.7920913696289,75.3416748046875,1,1,1,1,1:298,0,0,0.0,model_static,False,mckenzie2003,0,0.0,,0,0.0,,0,0.0,,0,0.0,,0,0.0,,0,0.0,,298,121286.0,407.0,0,0.0,,0,0.0,,0,0.0,,0,0.0,,0,0.0,,0,0.0,,0,0.0,,0,0.0,,0,0,0,0,0,0,298,0,0,0,0,0,0,0,0,0,0,0,0,0,0,0,0,0,0,0,0,0,,,,,,,
static,model_static/summary_timeseries.csv,20,11.8,298,119200.0,1163.0774822875155,14.20121742195375,1163 ± 14.2,1136.41357421875,1211.7552490234375,1.940387676626244,0.0022496970965876,1.94 ± 0.00225,1.940000057220459,1.9574874639511108,0.3721090606572333,0.227557946985991,0.3721 ± 0.2276,0.0274833136904463,1.5032500055566438,412.0,0.0,412 ± 0,412.0,412.0,69.69026685881134,0.001505321756287,69.69 ± 0.001505,69.68685150146484,69.6936264038086,75.3416748046875,1,1,1,1,1:298,0,0,0.0,model_static,False,mckenzie2003,0,0.0,,0,0.0,,0,0.0,,0,0.0,,0,0.0,,0,0.0,,298,122776.0,412.0,0,0.0,,0,0.0,,0,0.0,,0,0.0,,0,0.0,,0,0.0,,0,0.0,,0,0.0,,0,0,0,0,0,0,298,0,0,0,0,0,0,0,0,0,0,0,0,0,0,0,0,0,0,0,0,0,,,,,,,
static,model_static/summary_timeseries.csv,20,11.7,298,119200.0,1163.0774822875155,14.20121742195375,1163 ± 14.2,1136.41357421875,1211.7552490234375,1.940387676626244,0.0022496970965876,1.94 ± 0.00225,1.940000057220459,1.9574874639511108,0.3721090606572333,0.227557946985991,0.3721 ± 0.2276,0.0274833136904463,1.5032500055566438,412.0,0.0,412 ± 0,412.0,412.0,70.63084921100796,0.0035552892839691,70.63 ± 0.003555,70.61759948730469,70.63380432128906,75.3416748046875,1,1,1,1,1:298,0,0,0.0,model_static,False,mckenzie2003,0,0.0,,0,0.0,,0,0.0,,0,0.0,,0,0.0,,0,0.0,,298,122776.0,412.0,0,0.0,,0,0.0,,0,0.0,,0,0.0,,0,0.0,,0,0.0,,0,0.0,,0,0.0,,0,0,0,0,0,0,298,0,0,0,0,0,0,0,0,0,0,0,0,0,0,0,0,0,0,0,0,0,,,,,,,
static,model_static/summary_timeseries.csv,20,11.6,298,119200.0,1163.0774822875155,14.20121742195375,1163 ± 14.2,1136.41357421875,1211.7552490234375,1.940387676626244,0.0022496970965876,1.94 ± 0.00225,1.940000057220459,1.9574874639511108,0.3721090606572333,0.227557946985991,0.3721 ± 0.2276,0.0274833136904463,1.5032500055566438,420.0,0.0,420 ± 0,420.0,420.0,69.91844753290982,0.0039616086067572,69.92 ± 0.003962,69.9129638671875,69.92697143554688,75.3416748046875,1,1,1,1,1:298,0,0,0.0,model_static,False,mckenzie2003,0,0.0,,0,0.0,,0,0.0,,0,0.0,,0,0.0,,0,0.0,,298,125160.0,420.0,0,0.0,,0,0.0,,0,0.0,,0,0.0,,0,0.0,,0,0.0,,0,0.0,,0,0.0,,0,0,0,0,0,0,298,0,0,0,0,0,0,0,0,0,0,0,0,0,0,0,0,0,0,0,0,0,,,,,,,
static,model_static/summary_timeseries.csv,20,11.5,298,119200.0,1163.0774822875155,14.20121742195375,1163 ± 14.2,1136.41357421875,1211.7552490234375,1.940387676626244,0.0022496970965876,1.94 ± 0.00225,1.940000057220459,1.9574874639511108,0.3721090606572333,0.227557946985991,0.3721 ± 0.2276,0.0274833136904463,1.5032500055566438,427.0,0.0,427 ± 0,427.0,427.0,73.9404312748237,0.0044420673638689,73.94 ± 0.004442,73.92516326904297,73.94540405273438,75.3416748046875,1,1,1,1,1:298,0,0,0.0,model_static,False,mckenzie2003,0,0.0,,0,0.0,,0,0.0,,0,0.0,,0,0.0,,0,0.0,,298,127246.0,427.0,0,0.0,,0,0.0,,0,0.0,,0,0.0,,0,0.0,,0,0.0,,0,0.0,,0,0.0,,0,0,0,0,0,0,298,0,0,0,0,0,0,0,0,0,0,0,0,0,0,0,0,0,0,0,0,0,,,,,,,
static,model_static/summary_timeseries.csv,20,11.4,298,119200.0,1163.0774822875155,14.20121742195375,1163 ± 14.2,1136.41357421875,1211.7552490234375,1.940387676626244,0.0022496970965876,1.94 ± 0.00225,1.940000057220459,1.9574874639511108,0.3721090606572333,0.227557946985991,0.3721 ± 0.2276,0.0274833136904463,1.5032500055566438,434.1140939597315,0.3179253498611278,434.1 ± 0.3179,434.0,435.0,72.29382385663538,0.0141521487418474,72.29 ± 0.01415,72.28083038330078,72.33525085449219,75.3416748046875,1,1,1,1,1:298,0,0,0.0,model_static,False,mckenzie2003,0,0.0,,0,0.0,,0,0.0,,0,0.0,,0,0.0,,0,0.0,,298,129366.0,434.1140939597315,0,0.0,,0,0.0,,0,0.0,,0,0.0,,0,0.0,,0,0.0,,0,0.0,,0,0.0,,0,0,0,0,0,0,298,0,0,0,0,0,0,0,0,0,0,0,0,0,0,0,0,0,0,0,0,0,,,,,,,
static,model_static/summary_timeseries.csv,20,11.3,298,119200.0,1163.0774822875155,14.20121742195375,1163 ± 14.2,1136.41357421875,1211.7552490234375,1.940387676626244,0.0022496970965876,1.94 ± 0.00225,1.940000057220459,1.9574874639511108,0.3721090606572333,0.227557946985991,0.3721 ± 0.2276,0.0274833136904463,1.5032500055566438,433.0,0.0,433 ± 0,433.0,433.0,71.60035242170295,0.0036908845765884,71.6 ± 0.003691,71.5866470336914,71.6034164428711,75.3416748046875,1,1,1,1,1:298,0,0,0.0,model_static,False,mckenzie2003,0,0.0,,0,0.0,,0,0.0,,0,0.0,,0,0.0,,0,0.0,,298,129034.0,433.0,0,0.0,,0,0.0,,0,0.0,,0,0.0,,0,0.0,,0,0.0,,0,0.0,,0,0.0,,0,0,0,0,0,0,298,0,0,0,0,0,0,0,0,0,0,0,0,0,0,0,0,0,0,0,0,0,,,,,,,
static,model_static/summary_timeseries.csv,20,11.2,298,119200.0,1163.0774822875155,14.20121742195375,1163 ± 14.2,1136.41357421875,1211.7552490234375,1.940387676626244,0.0022496970965876,1.94 ± 0.00225,1.940000057220459,1.9574874639511108,0.3721090606572333,0.227557946985991,0.3721 ± 0.2276,0.0274833136904463,1.5032500055566438,440.7953020134228,0.403480756503243,440.8 ± 0.4035,440.0,441.0,74.51066143880755,0.0166755192293238,74.51 ± 0.01668,74.46138000488281,74.52543640136719,75.3416748046875,1,1,1,1,1:298,0,0,0.0,model_static,False,mckenzie2003,0,0.0,,0,0.0,,0,0.0,,0,0.0,,0,0.0,,0,0.0,,298,131357.0,440.7953020134228,0,0.0,,0,0.0,,0,0.0,,0,0.0,,0,0.0,,0,0.0,,0,0.0,,0,0.0,,0,0,0,0,0,0,298,0,0,0,0,0,0,0,0,0,0,0,0,0,0,0,0,0,0,0,0,0,,,,,,,
static,model_static/summary_timeseries.csv,20,11.1,298,119200.0,1163.0774822875155,14.20121742195375,1163 ± 14.2,1136.41357421875,1211.7552490234375,1.940387676626244,0.0022496970965876,1.94 ± 0.00225,1.940000057220459,1.9574874639511108,0.3721090606572333,0.227557946985991,0.3721 ± 0.2276,0.0274833136904463,1.5032500055566438,438.9261744966443,0.2614867079030625,438.9 ± 0.2615,438.0,439.0,76.63265753112384,0.0130770265932049,76.63 ± 0.01308,76.5846176147461,76.6388168334961,75.3416748046875,1,1,1,1,1:298,0,0,0.0,model_static,False,mckenzie2003,0,0.0,,0,0.0,,0,0.0,,0,0.0,,0,0.0,,0,0.0,,298,130800.0,438.9261744966443,0,0.0,,0,0.0,,0,0.0,,0,0.0,,0,0.0,,0,0.0,,0,0.0,,0,0.0,,0,0,0,0,0,0,298,0,0,0,0,0,0,0,0,0,0,0,0,0,0,0,0,0,0,0,0,0,,,,,,,
static,model_static/summary_timeseries.csv,20,11.0,298,119200.0,1163.0774822875155,14.20121742195375,1163 ± 14.2,1136.41357421875,1211.7552490234375,1.940387676626244,0.0022496970965876,1.94 ± 0.00225,1.940000057220459,1.9574874639511108,0.3721090606572333,0.227557946985991,0.3721 ± 0.2276,0.0274833136904463,1.5032500055566438,443.0,0.0,443 ± 0,443.0,443.0,75.72748965064952,0.0011880434183616,75.73 ± 0.001188,75.72086334228516,75.73019409179688,75.3416748046875,1,1,1,1,1:298,0,0,0.0,model_static,False,mckenzie2003,0,0.0,,0,0.0,,0,0.0,,0,0.0,,0,0.0,,0,0.0,,298,132014.0,443.0,0,0.0,,0,0.0,,0,0.0,,0,0.0,,0,0.0,,0,0.0,,0,0.0,,0,0.0,,0,0,0,0,0,0,298,0,0,0,0,0,0,0,0,0,0,0,0,0,0,0,0,0,0,0,0,0,,,,,,,
static,model_static/summary_timeseries.csv,20,10.9,298,119200.0,1163.0774822875155,14.20121742195375,1163 ± 14.2,1136.41357421875,1211.7552490234375,1.940387676626244,0.0022496970965876,1.94 ± 0.00225,1.940000057220459,1.9574874639511108,0.3721090606572333,0.227557946985991,0.3721 ± 0.2276,0.0274833136904463,1.5032500055566438,441.6040268456376,0.4890587034157498,441.6 ± 0.4891,441.0,442.0,74.54286762211947,0.0218500358122533,74.54 ± 0.02185,74.51465606689453,74.56261444091797,75.3416748046875,1,1,1,1,1:298,0,0,0.0,model_static,False,mckenzie2003,0,0.0,,0,0.0,,0,0.0,,0,0.0,,0,0.0,,0,0.0,,298,131598.0,441.6040268456376,0,0.0,,0,0.0,,0,0.0,,0,0.0,,0,0.0,,0,0.0,,0,0.0,,0,0.0,,0,0,0,0,0,0,298,0,0,0,0,0,0,0,0,0,0,0,0,0,0,0,0,0,0,0,0,0,,,,,,,
static,model_static/summary_timeseries.csv,20,10.8,298,119200.0,1163.0774822875155,14.20121742195375,1163 ± 14.2,1136.41357421875,1211.7552490234375,1.940387676626244,0.0022496970965876,1.94 ± 0.00225,1.940000057220459,1.9574874639511108,0.3721090606572333,0.227557946985991,0.3721 ± 0.2276,0.0274833136904463,1.5032500055566438,446.9832214765101,0.1284406658322459,447 ± 0.1284,446.0,447.0,74.78219386875229,0.0084392903306952,74.78 ± 0.008439,74.73194885253906,74.7937240600586,75.3416748046875,1,1,1,1,1:298,0,0,0.0,model_static,False,mckenzie2003,0,0.0,,0,0.0,,0,0.0,,0,0.0,,0,0.0,,0,0.0,,298,133201.0,446.9832214765101,0,0.0,,0,0.0,,0,0.0,,0,0.0,,0,0.0,,0,0.0,,0,0.0,,0,0.0,,0,0,0,0,0,0,298,0,0,0,0,0,0,0,0,0,0,0,0,0,0,0,0,0,0,0,0,0,,,,,,,
static,model_static/summary_timeseries.csv,20,10.7,298,119200.0,1163.0774822875155,14.20121742195375,1163 ± 14.2,1136.41357421875,1211.7552490234375,1.940387676626244,0.0022496970965876,1.94 ± 0.00225,1.940000057220459,1.9574874639511108,0.3721090606572333,0.227557946985991,0.3721 ± 0.2276,0.0274833136904463,1.5032500055566438,441.1845637583893,0.3879432657986113,441.2 ± 0.3879,441.0,442.0,77.49072567728543,0.020820415332142,77.49 ± 0.02082,77.4735107421875,77.5429916381836,75.3416748046875,1,1,1,1,1:298,0,0,0.0,model_static,False,mckenzie2003,0,0.0,,0,0.0,,0,0.0,,0,0.0,,0,0.0,,0,0.0,,298,131473.0,441.1845637583893,0,0.0,,0,0.0,,0,0.0,,0,0.0,,0,0.0,,0,0.0,,0,0.0,,0,0.0,,0,0,0,0,0,0,298,0,0,0,0,0,0,0,0,0,0,0,0,0,0,0,0,0,0,0,0,0,,,,,,,
static,model_static/summary_timeseries.csv,20,10.6,298,119200.0,1163.0774822875155,14.20121742195375,1163 ± 14.2,1136.41357421875,1211.7552490234375,1.940387676626244,0.0022496970965876,1.94 ± 0.00225,1.940000057220459,1.9574874639511108,0.3721090606572333,0.227557946985991,0.3721 ± 0.2276,0.0274833136904463,1.5032500055566438,441.0,0.0,441 ± 0,441.0,441.0,73.96290178746985,0.001294400997133,73.96 ± 0.001294,73.95745086669922,73.96484375,75.3416748046875,1,1,1,1,1:298,0,0,0.0,model_static,False,mckenzie2003,0,0.0,,0,0.0,,0,0.0,,0,0.0,,0,0.0,,0,0.0,,298,131418.0,441.0,0,0.0,,0,0.0,,0,0.0,,0,0.0,,0,0.0,,0,0.0,,0,0.0,,0,0.0,,0,0,0,0,0,0,298,0,0,0,0,0,0,0,0,0,0,0,0,0,0,0,0,0,0,0,0,0,,,,,,,
static,model_static/summary_timeseries.csv,20,10.5,298,119200.0,1163.0774822875155,14.20121742195375,1163 ± 14.2,1136.41357421875,1211.7552490234375,1.940387676626244,0.0022496970965876,1.94 ± 0.00225,1.940000057220459,1.9574874639511108,0.3721090606572333,0.227557946985991,0.3721 ± 0.2276,0.0274833136904463,1.5032500055566438,441.9832214765101,0.1284406658322459,442 ± 0.1284,441.0,442.0,75.98992812393496,0.0060194852373719,75.99 ± 0.006019,75.94123840332031,75.99272155761719,75.3416748046875,1,1,1,1,1:298,0,0,0.0,model_static,False,mckenzie2003,0,0.0,,0,0.0,,0,0.0,,0,0.0,,0,0.0,,0,0.0,,298,131711.0,441.9832214765101,0,0.0,,0,0.0,,0,0.0,,0,0.0,,0,0.0,,0,0.0,,0,0.0,,0,0.0,,0,0,0,0,0,0,298,0,0,0,0,0,0,0,0,0,0,0,0,0,0,0,0,0,0,0,0,0,,,,,,,
static,model_static/summary_timeseries.csv,20,10.4,298,119200.0,1163.0774822875155,14.20121742195375,1163 ± 14.2,1136.41357421875,1211.7552490234375,1.940387676626244,0.0022496970965876,1.94 ± 0.00225,1.940000057220459,1.9574874639511108,0.3721090606572333,0.227557946985991,0.3721 ± 0.2276,0.0274833136904463,1.5032500055566438,430.496644295302,0.4999887391191724,430.5 ± 0.5,430.0,431.0,73.93455973887603,0.0220415746419965,73.93 ± 0.02204,73.89900970458984,73.95804595947266,75.3416748046875,1,1,1,1,1:298,0,0,0.0,model_static,False,mckenzie2003,0,0.0,,0,0.0,,0,0.0,,0,0.0,,0,0.0,,0,0.0,,298,128288.0,430.496644295302,0,0.0,,0,0.0,,0,0.0,,0,0.0,,0,0.0,,0,0.0,,0,0.0,,0,0.0,,0,0,0,0,0,0,298,0,0,0,0,0,0,0,0,0,0,0,0,0,0,0,0,0,0,0,0,0,,,,,,,
static,model_static/summary_timeseries.csv,20,10.3,298,119200.0,1163.0774822875155,14.20121742195375,1163 ± 14.2,1136.41357421875,1211.7552490234375,1.940387676626244,0.0022496970965876,1.94 ± 0.00225,1.940000057220459,1.9574874639511108,0.3721090606572333,0.227557946985991,0.3721 ± 0.2276,0.0274833136904463,1.5032500055566438,436.0,0.0,436 ± 0,436.0,436.0,76.36141012819022,0.0023161286754109,76.36 ± 0.002316,76.35801696777344,76.36761474609375,75.3416748046875,1,1,1,1,1:298,0,0,0.0,model_static,False,mckenzie2003,0,0.0,,0,0.0,,0,0.0,,0,0.0,,0,0.0,,0,0.0,,298,129928.0,436.0,0,0.0,,0,0.0,,0,0.0,,0,0.0,,0,0.0,,0,0.0,,0,0.0,,0,0.0,,0,0,0,0,0,0,298,0,0,0,0,0,0,0,0,0,0,0,0,0,0,0,0,0,0,0,0,0,,,,,,,
static,model_static/summary_timeseries.csv,20,10.2,298,119200.0,1163.0774822875155,14.20121742195375,1163 ± 14.2,1136.41357421875,1211.7552490234375,1.940387676626244,0.0022496970965876,1.94 ± 0.00225,1.940000057220459,1.9574874639511108,0.3721090606572333,0.227557946985991,0.3721 ± 0.2276,0.0274833136904463,1.5032500055566438,436.0,0.0,436 ± 0,436.0,436.0,79.27316340504076,0.0013012756647745,79.27 ± 0.001301,79.2620620727539,79.2750473022461,75.3416748046875,1,1,1,1,1:298,0,0,0.0,model_static,False,mckenzie2003,0,0.0,,0,0.0,,0,0.0,,0,0.0,,0,0.0,,0,0.0,,298,129928.0,436.0,0,0.0,,0,0.0,,0,0.0,,0,0.0,,0,0.0,,0,0.0,,0,0.0,,0,0.0,,0,0,0,0,0,0,298,0,0,0,0,0,0,0,0,0,0,0,0,0,0,0,0,0,0,0,0,0,,,,,,,
static,model_static/summary_timeseries.csv,20,10.1,298,119200.0,1163.0774822875155,14.20121742195375,1163 ± 14.2,1136.41357421875,1211.7552490234375,1.940387676626244,0.0022496970965876,1.94 ± 0.00225,1.940000057220459,1.9574874639511108,0.3721090606572333,0.227557946985991,0.3721 ± 0.2276,0.0274833136904463,1.5032500055566438,437.0,0.0,437 ± 0,437.0,437.0,76.66134200640172,0.0018487578311766,76.66 ± 0.001849,76.65371704101562,76.66504669189453,75.3416748046875,1,1,1,1,1:298,0,0,0.0,model_static,False,mckenzie2003,0,0.0,,0,0.0,,0,0.0,,0,0.0,,0,0.0,,0,0.0,,298,130226.0,437.0,0,0.0,,0,0.0,,0,0.0,,0,0.0,,0,0.0,,0,0.0,,0,0.0,,0,0.0,,0,0,0,0,0,0,298,0,0,0,0,0,0,0,0,0,0,0,0,0,0,0,0,0,0,0,0,0,,,,,,,
static,model_static/summary_timeseries.csv,20,10.0,298,119200.0,1163.0774822875155,14.20121742195375,1163 ± 14.2,1136.41357421875,1211.7552490234375,1.940387676626244,0.0022496970965876,1.94 ± 0.00225,1.940000057220459,1.9574874639511108,0.3721090606572333,0.227557946985991,0.3721 ± 0.2276,0.0274833136904463,1.5032500055566438,434.9832214765101,0.1284406658322459,435 ± 0.1284,434.0,435.0,73.64363968612363,0.0074032654546276,73.64 ± 0.007403,73.59465789794922,73.65967559814453,75.3416748046875,1,1,1,1,1:298,0,0,0.0,model_static,False,mckenzie2003,0,0.0,,0,0.0,,0,0.0,,0,0.0,,0,0.0,,0,0.0,,298,129625.0,434.9832214765101,0,0.0,,0,0.0,,0,0.0,,0,0.0,,0,0.0,,0,0.0,,0,0.0,,0,0.0,,0,0,0,0,0,0,298,0,0,0,0,0,0,0,0,0,0,0,0,0,0,0,0,0,0,0,0,0,,,,,,,
static,model_static/summary_timeseries.csv,20,9.9,298,119200.0,1163.0774822875155,14.20121742195375,1163 ± 14.2,1136.41357421875,1211.7552490234375,1.940387676626244,0.0022496970965876,1.94 ± 0.00225,1.940000057220459,1.9574874639511108,0.3721090606572333,0.227557946985991,0.3721 ± 0.2276,0.0274833136904463,1.5032500055566438,439.996644295302,0.0578311675825976,440 ± 0.05783,439.0,440.0,76.54821313947639,0.0035594267991358,76.55 ± 0.003559,76.49720764160156,76.5530014038086,75.3416748046875,1,1,1,1,1:298,0,0,0.0,model_static,False,mckenzie2003,0,0.0,,0,0.0,,0,0.0,,0,0.0,,0,0.0,,0,0.0,,298,131119.0,439.996644295302,0,0.0,,0,0.0,,0,0.0,,0,0.0,,0,0.0,,0,0.0,,0,0.0,,0,0.0,,0,0,0,0,0,0,298,0,0,0,0,0,0,0,0,0,0,0,0,0,0,0,0,0,0,0,0,0,,,,,,,
static,model_static/summary_timeseries.csv,20,9.8,298,119200.0,1163.0774822875155,14.20121742195375,1163 ± 14.2,1136.41357421875,1211.7552490234375,1.940387676626244,0.0022496970965876,1.94 ± 0.00225,1.940000057220459,1.9574874639511108,0.3721090606572333,0.227557946985991,0.3721 ± 0.2276,0.0274833136904463,1.5032500055566438,439.0872483221477,0.2821986045856193,439.1 ± 0.2822,439.0,440.0,74.62531667107703,0.0126307075292932,74.63 ± 0.01263,74.6123275756836,74.66635131835938,75.3416748046875,1,1,1,1,1:298,0,0,0.0,model_static,False,mckenzie2003,0,0.0,,0,0.0,,0,0.0,,0,0.0,,0,0.0,,0,0.0,,298,130848.0,439.0872483221477,0,0.0,,0,0.0,,0,0.0,,0,0.0,,0,0.0,,0,0.0,,0,0.0,,0,0.0,,0,0,0,0,0,0,298,0,0,0,0,0,0,0,0,0,0,0,0,0,0,0,0,0,0,0,0,0,,,,,,,
static,model_static/summary_timeseries.csv,20,9.7,298,119200.0,1163.0774822875155,14.20121742195375,1163 ± 14.2,1136.41357421875,1211.7552490234375,1.940387676626244,0.0022496970965876,1.94 ± 0.00225,1.940000057220459,1.9574874639511108,0.3721090606572333,0.227557946985991,0.3721 ± 0.2276,0.0274833136904463,1.5032500055566438,441.0,0.0,441 ± 0,441.0,441.0,79.14093521937428,0.0010919582203112,79.14 ± 0.001092,79.13109588623047,79.1425552368164,75.3416748046875,1,1,1,1,1:298,0,0,0.0,model_static,False,mckenzie2003,0,0.0,,0,0.0,,0,0.0,,0,0.0,,0,0.0,,0,0.0,,298,131418.0,441.0,0,0.0,,0,0.0,,0,0.0,,0,0.0,,0,0.0,,0,0.0,,0,0.0,,0,0.0,,0,0,0,0,0,0,298,0,0,0,0,0,0,0,0,0,0,0,0,0,0,0,0,0,0,0,0,0,,,,,,,
static,model_static/summary_timeseries.csv,20,9.6,298,119200.0,1163.0774822875155,14.20121742195375,1163 ± 14.2,1136.41357421875,1211.7552490234375,1.940387676626244,0.0022496970965876,1.94 ± 0.00225,1.940000057220459,1.9574874639511108,0.3721090606572333,0.227557946985991,0.3721 ± 0.2276,0.0274833136904463,1.5032500055566438,444.9463087248322,0.2254074580368679,444.9 ± 0.2254,444.0,445.0,79.91225604882976,0.0113791254715911,79.91 ± 0.01138,79.86445617675781,79.91793823242188,75.3416748046875,1,1,1,1,1:298,0,0,0.0,model_static,False,mckenzie2003,0,0.0,,0,0.0,,0,0.0,,0,0.0,,0,0.0,,0,0.0,,298,132594.0,444.9463087248322,0,0.0,,0,0.0,,0,0.0,,0,0.0,,0,0.0,,0,0.0,,0,0.0,,0,0.0,,0,0,0,0,0,0,298,0,0,0,0,0,0,0,0,0,0,0,0,0,0,0,0,0,0,0,0,0,,,,,,,
static,model_static/summary_timeseries.csv,20,9.5,298,119200.0,1163.0774822875155,14.20121742195375,1163 ± 14.2,1136.41357421875,1211.7552490234375,1.940387676626244,0.0022496970965876,1.94 ± 0.00225,1.940000057220459,1.9574874639511108,0.3721090606572333,0.227557946985991,0.3721 ± 0.2276,0.0274833136904463,1.5032500055566438,435.0,0.0,435 ± 0,435.0,435.0,79.97820860587511,0.0033902787413215,79.98 ± 0.00339,79.9708251953125,79.9865951538086,75.3416748046875,1,1,1,1,1:298,0,0,0.0,model_static,False,mckenzie2003,0,0.0,,0,0.0,,0,0.0,,0,0.0,,0,0.0,,0,0.0,,298,129630.0,435.0,0,0.0,,0,0.0,,0,0.0,,0,0.0,,0,0.0,,0,0.0,,0,0.0,,0,0.0,,0,0,0,0,0,0,298,0,0,0,0,0,0,0,0,0,0,0,0,0,0,0,0,0,0,0,0,0,,,,,,,
static,model_static/summary_timeseries.csv,20,9.4,298,119200.0,1163.0774822875155,14.20121742195375,1163 ± 14.2,1136.41357421875,1211.7552490234375,1.940387676626244,0.0022496970965876,1.94 ± 0.00225,1.940000057220459,1.9574874639511108,0.3721090606572333,0.227557946985991,0.3721 ± 0.2276,0.0274833136904463,1.5032500055566438,442.9530201342282,0.2115957418850261,443 ± 0.2116,442.0,443.0,77.52709648593161,0.0114143972012665,77.53 ± 0.01141,77.47755432128906,77.53577423095703,75.3416748046875,1,1,1,1,1:298,0,0,0.0,model_static,False,mckenzie2003,0,0.0,,0,0.0,,0,0.0,,0,0.0,,0,0.0,,0,0.0,,298,132000.0,442.9530201342282,0,0.0,,0,0.0,,0,0.0,,0,0.0,,0,0.0,,0,0.0,,0,0.0,,0,0.0,,0,0,0,0,0,0,298,0,0,0,0,0,0,0,0,0,0,0,0,0,0,0,0,0,0,0,0,0,,,,,,,
static,model_static/summary_timeseries.csv,20,9.3,298,119200.0,1163.0774822875155,14.20121742195375,1163 ± 14.2,1136.41357421875,1211.7552490234375,1.940387676626244,0.0022496970965876,1.94 ± 0.00225,1.940000057220459,1.9574874639511108,0.3721090606572333,0.227557946985991,0.3721 ± 0.2276,0.0274833136904463,1.5032500055566438,444.9127516778523,0.2821986045856193,444.9 ± 0.2822,444.0,445.0,76.39460127145652,0.0159322166345408,76.39 ± 0.01593,76.34508514404297,76.40739440917969,75.3416748046875,1,1,1,1,1:298,0,0,0.0,model_static,False,mckenzie2003,0,0.0,,0,0.0,,0,0.0,,0,0.0,,0,0.0,,0,0.0,,298,132584.0,444.9127516778523,0,0.0,,0,0.0,,0,0.0,,0,0.0,,0,0.0,,0,0.0,,0,0.0,,0,0.0,,0,0,0,0,0,0,298,0,0,0,0,0,0,0,0,0,0,0,0,0,0,0,0,0,0,0,0,0,,,,,,,
static,model_static/summary_timeseries.csv,20,9.2,298,119200.0,1163.0774822875155,14.20121742195375,1163 ± 14.2,1136.41357421875,1211.7552490234375,1.940387676626244,0.0022496970965876,1.94 ± 0.00225,1.940000057220459,1.9574874639511108,0.3721090606572333,0.227557946985991,0.3721 ± 0.2276,0.0274833136904463,1.5032500055566438,448.993288590604,0.0816478191986338,449 ± 0.08165,448.0,449.0,77.03323041672675,0.0037122810626761,77.03 ± 0.003712,76.98917388916016,77.03558349609375,75.3416748046875,1,1,1,1,1:298,0,0,0.0,model_static,False,mckenzie2003,0,0.0,,0,0.0,,0,0.0,,0,0.0,,0,0.0,,0,0.0,,298,133800.0,448.993288590604,0,0.0,,0,0.0,,0,0.0,,0,0.0,,0,0.0,,0,0.0,,0,0.0,,0,0.0,,0,0,0,0,0,0,298,0,0,0,0,0,0,0,0,0,0,0,0,0,0,0,0,0,0,0,0,0,,,,,,,
static,model_static/summary_timeseries.csv,20,9.1,298,119200.0,1163.0774822875155,14.20121742195375,1163 ± 14.2,1136.41357421875,1211.7552490234375,1.940387676626244,0.0022496970965876,1.94 ± 0.00225,1.940000057220459,1.9574874639511108,0.3721090606572333,0.227557946985991,0.3721 ± 0.2276,0.0274833136904463,1.5032500055566438,448.9060402684564,0.291772686164888,448.9 ± 0.2918,448.0,449.0,78.04057698601844,0.0142529980611312,78.04 ± 0.01425,77.99512481689453,78.04731750488281,75.3416748046875,1,1,1,1,1:298,0,0,0.0,model_static,False,mckenzie2003,0,0.0,,0,0.0,,0,0.0,,0,0.0,,0,0.0,,0,0.0,,298,133774.0,448.9060402684564,0,0.0,,0,0.0,,0,0.0,,0,0.0,,0,0.0,,0,0.0,,0,0.0,,0,0.0,,0,0,0,0,0,0,298,0,0,0,0,0,0,0,0,0,0,0,0,0,0,0,0,0,0,0,0,0,,,,,,,
static,model_static/summary_timeseries.csv,20,9.0,298,119200.0,1163.0774822875155,14.20121742195375,1163 ± 14.2,1136.41357421875,1211.7552490234375,1.940387676626244,0.0022496970965876,1.94 ± 0.00225,1.940000057220459,1.9574874639511108,0.3721090606572333,0.227557946985991,0.3721 ± 0.2276,0.0274833136904463,1.5032500055566438,444.1711409395973,0.3766320729718374,444.2 ± 0.3766,444.0,445.0,79.33253432920316,0.0187289044399235,79.33 ± 0.01873,79.32159423828125,79.37466430664062,75.3416748046875,1,1,1,1,1:298,0,0,0.0,model_static,False,mckenzie2003,0,0.0,,0,0.0,,0,0.0,,0,0.0,,0,0.0,,0,0.0,,298,132363.0,444.1711409395973,0,0.0,,0,0.0,,0,0.0,,0,0.0,,0,0.0,,0,0.0,,0,0.0,,0,0.0,,0,0,0,0,0,0,298,0,0,0,0,0,0,0,0,0,0,0,0,0,0,0,0,0,0,0,0,0,,,,,,,
static,model_static/summary_timeseries.csv,20,8.9,298,119200.0,1163.0774822875155,14.20121742195375,1163 ± 14.2,1136.41357421875,1211.7552490234375,1.940387676626244,0.0022496970965876,1.94 ± 0.00225,1.940000057220459,1.9574874639511108,0.3721090606572333,0.227557946985991,0.3721 ± 0.2276,0.0274833136904463,1.5032500055566438,433.0,0.0,433 ± 0,433.0,433.0,74.91018466821453,0.0008053697016993,74.91 ± 0.0008054,74.908447265625,74.91165924072266,75.3416748046875,1,1,1,1,1:298,0,0,0.0,model_static,False,mckenzie2003,0,0.0,,0,0.0,,0,0.0,,0,0.0,,0,0.0,,0,0.0,,298,129034.0,433.0,0,0.0,,0,0.0,,0,0.0,,0,0.0,,0,0.0,,0,0.0,,0,0.0,,0,0.0,,0,0,0,0,0,0,298,0,0,0,0,0,0,0,0,0,0,0,0,0,0,0,0,0,0,0,0,0,,,,,,,
static,model_static/summary_timeseries.csv,20,8.8,298,119200.0,1163.0774822875155,14.20121742195375,1163 ± 14.2,1136.41357421875,1211.7552490234375,1.940387676626244,0.0022496970965876,1.94 ± 0.00225,1.940000057220459,1.9574874639511108,0.3721090606572333,0.227557946985991,0.3721 ± 0.2276,0.0274833136904463,1.5032500055566438,431.0,0.0,431 ± 0,431.0,431.0,74.98565420368374,0.0032708904536383,74.99 ± 0.003271,74.98193359375,74.99689483642578,75.3416748046875,1,1,1,1,1:298,0,0,0.0,model_static,False,mckenzie2003,0,0.0,,0,0.0,,0,0.0,,0,0.0,,0,0.0,,0,0.0,,298,128438.0,431.0,0,0.0,,0,0.0,,0,0.0,,0,0.0,,0,0.0,,0,0.0,,0,0.0,,0,0.0,,0,0,0,0,0,0,298,0,0,0,0,0,0,0,0,0,0,0,0,0,0,0,0,0,0,0,0,0,,,,,,,
static,model_static/summary_timeseries.csv,20,8.7,298,119200.0,1163.0774822875155,14.20121742195375,1163 ± 14.2,1136.41357421875,1211.7552490234375,1.940387676626244,0.0022496970965876,1.94 ± 0.00225,1.940000057220459,1.9574874639511108,0.3721090606572333,0.227557946985991,0.3721 ± 0.2276,0.0274833136904463,1.5032500055566438,443.0,0.0,443 ± 0,443.0,443.0,77.45202106757452,0.0028831373885861,77.45 ± 0.002883,77.44325256347656,77.45556640625,75.3416748046875,1,1,1,1,1:298,0,0,0.0,model_static,False,mckenzie2003,0,0.0,,0,0.0,,0,0.0,,0,0.0,,0,0.0,,0,0.0,,298,132014.0,443.0,0,0.0,,0,0.0,,0,0.0,,0,0.0,,0,0.0,,0,0.0,,0,0.0,,0,0.0,,0,0,0,0,0,0,298,0,0,0,0,0,0,0,0,0,0,0,0,0,0,0,0,0,0,0,0,0,,,,,,,
static,model_static/summary_timeseries.csv,20,8.6,298,119200.0,1163.0774822875155,14.20121742195375,1163 ± 14.2,1136.41357421875,1211.7552490234375,1.940387676626244,0.0022496970965876,1.94 ± 0.00225,1.940000057220459,1.9574874639511108,0.3721090606572333,0.227557946985991,0.3721 ± 0.2276,0.0274833136904463,1.5032500055566438,439.1946308724832,0.395916273926245,439.2 ± 0.3959,439.0,440.0,78.4162046701316,0.0177818220313583,78.42 ± 0.01778,78.40589904785156,78.45327758789062,75.3416748046875,1,1,1,1,1:298,0,0,0.0,model_static,False,mckenzie2003,0,0.0,,0,0.0,,0,0.0,,0,0.0,,0,0.0,,0,0.0,,298,130880.0,439.1946308724832,0,0.0,,0,0.0,,0,0.0,,0,0.0,,0,0.0,,0,0.0,,0,0.0,,0,0.0,,0,0,0,0,0,0,298,0,0,0,0,0,0,0,0,0,0,0,0,0,0,0,0,0,0,0,0,0,,,,,,,
static,model_static/summary_timeseries.csv,20,8.5,298,119200.0,1163.0774822875155,14.20121742195375,1163 ± 14.2,1136.41357421875,1211.7552490234375,1.940387676626244,0.0022496970965876,1.94 ± 0.00225,1.940000057220459,1.9574874639511108,0.3721090606572333,0.227557946985991,0.3721 ± 0.2276,0.0274833136904463,1.5032500055566438,441.0,0.0,441 ± 0,441.0,441.0,79.60997833661585,0.0012274157585483,79.61 ± 0.001227,79.60508728027344,79.6119384765625,75.3416748046875,1,1,1,1,1:298,0,0,0.0,model_static,False,mckenzie2003,0,0.0,,0,0.0,,0,0.0,,0,0.0,,0,0.0,,0,0.0,,298,131418.0,441.0,0,0.0,,0,0.0,,0,0.0,,0,0.0,,0,0.0,,0,0.0,,0,0.0,,0,0.0,,0,0,0,0,0,0,298,0,0,0,0,0,0,0,0,0,0,0,0,0,0,0,0,0,0,0,0,0,,,,,,,
static,model_static/summary_timeseries.csv,20,8.4,298,119200.0,1163.0774822875155,14.20121742195375,1163 ± 14.2,1136.41357421875,1211.7552490234375,1.940387676626244,0.0022496970965876,1.94 ± 0.00225,1.940000057220459,1.9574874639511108,0.3721090606572333,0.227557946985991,0.3721 ± 0.2276,0.0274833136904463,1.5032500055566438,446.993288590604,0.0816478191986338,447 ± 0.08165,446.0,447.0,80.4969180830373,0.0037859178842233,80.5 ± 0.003786,80.45159149169922,80.49887084960938,75.3416748046875,1,1,1,1,1:298,0,0,0.0,model_static,False,mckenzie2003,0,0.0,,0,0.0,,0,0.0,,0,0.0,,0,0.0,,0,0.0,,298,133204.0,446.993288590604,0,0.0,,0,0.0,,0,0.0,,0,0.0,,0,0.0,,0,0.0,,0,0.0,,0,0.0,,0,0,0,0,0,0,298,0,0,0,0,0,0,0,0,0,0,0,0,0,0,0,0,0,0,0,0,0,,,,,,,
static,model_static/summary_timeseries.csv,20,8.3,298,119200.0,1163.0774822875155,14.20121742195375,1163 ± 14.2,1136.41357421875,1211.7552490234375,1.940387676626244,0.0022496970965876,1.94 ± 0.00225,1.940000057220459,1.9574874639511108,0.3721090606572333,0.227557946985991,0.3721 ± 0.2276,0.0274833136904463,1.5032500055566438,441.0,0.0,441 ± 0,441.0,441.0,78.58250726789436,0.0053527491238957,78.58 ± 0.005353,78.57156372070312,78.58753967285156,75.3416748046875,1,1,1,1,1:298,0,0,0.0,model_static,False,mckenzie2003,0,0.0,,0,0.0,,0,0.0,,0,0.0,,0,0.0,,0,0.0,,298,131418.0,441.0,0,0.0,,0,0.0,,0,0.0,,0,0.0,,0,0.0,,0,0.0,,0,0.0,,0,0.0,,0,0,0,0,0,0,298,0,0,0,0,0,0,0,0,0,0,0,0,0,0,0,0,0,0,0,0,0,,,,,,,
static,model_static/summary_timeseries.csv,20,8.2,298,119200.0,1163.0774822875155,14.20121742195375,1163 ± 14.2,1136.41357421875,1211.7552490234375,1.940387676626244,0.0022496970965876,1.94 ± 0.00225,1.940000057220459,1.9574874639511108,0.3721090606572333,0.227557946985991,0.3721 ± 0.2276,0.0274833136904463,1.5032500055566438,441.0,0.0,441 ± 0,441.0,441.0,79.9455695952345,0.0014769074731337,79.95 ± 0.001477,79.93186950683594,79.94735717773438,75.3416748046875,1,1,1,1,1:298,0,0,0.0,model_static,False,mckenzie2003,0,0.0,,0,0.0,,0,0.0,,0,0.0,,0,0.0,,0,0.0,,298,131418.0,441.0,0,0.0,,0,0.0,,0,0.0,,0,0.0,,0,0.0,,0,0.0,,0,0.0,,0,0.0,,0,0,0,0,0,0,298,0,0,0,0,0,0,0,0,0,0,0,0,0,0,0,0,0,0,0,0,0,,,,,,,
static,model_static/summary_timeseries.csv,20,8.1,298,119200.0,1163.0774822875155,14.20121742195375,1163 ± 14.2,1136.41357421875,1211.7552490234375,1.940387676626244,0.0022496970965876,1.94 ± 0.00225,1.940000057220459,1.9574874639511108,0.3721090606572333,0.227557946985991,0.3721 ± 0.2276,0.0274833136904463,1.5032500055566438,440.0771812080537,0.2668787537011219,440.1 ± 0.2669,440.0,441.0,79.61607819115555,0.0141710065076526,79.62 ± 0.01417,79.6046142578125,79.6697006225586,75.3416748046875,1,1,1,1,1:298,0,0,0.0,model_static,False,mckenzie2003,0,0.0,,0,0.0,,0,0.0,,0,0.0,,0,0.0,,0,0.0,,298,131143.0,440.0771812080537,0,0.0,,0,0.0,,0,0.0,,0,0.0,,0,0.0,,0,0.0,,0,0.0,,0,0.0,,0,0,0,0,0,0,298,0,0,0,0,0,0,0,0,0,0,0,0,0,0,0,0,0,0,0,0,0,,,,,,,
static,model_static/summary_timeseries.csv,20,8.0,298,119200.0,1163.0774822875155,14.20121742195375,1163 ± 14.2,1136.41357421875,1211.7552490234375,1.940387676626244,0.0022496970965876,1.94 ± 0.00225,1.940000057220459,1.9574874639511108,0.3721090606572333,0.227557946985991,0.3721 ± 0.2276,0.0274833136904463,1.5032500055566438,449.755033557047,0.4300673026166542,449.8 ± 0.4301,449.0,450.0,80.58612613549968,0.0192336859296991,80.59 ± 0.01923,80.5390853881836,80.59869384765625,75.3416748046875,1,1,1,1,1:298,0,0,0.0,model_static,False,mckenzie2003,0,0.0,,0,0.0,,0,0.0,,0,0.0,,0,0.0,,0,0.0,,298,134027.0,449.755033557047,0,0.0,,0,0.0,,0,0.0,,0,0.0,,0,0.0,,0,0.0,,0,0.0,,0,0.0,,0,0,0,0,0,0,298,0,0,0,0,0,0,0,0,0,0,0,0,0,0,0,0,0,0,0,0,0,,,,,,,
static,model_static/summary_timeseries.csv,20,7.9,298,119200.0,1163.0774822875155,14.20121742195375,1163 ± 14.2,1136.41357421875,1211.7552490234375,1.940387676626244,0.0022496970965876,1.94 ± 0.00225,1.940000057220459,1.9574874639511108,0.3721090606572333,0.227557946985991,0.3721 ± 0.2276,0.0274833136904463,1.5032500055566438,449.9395973154362,0.2382314006617295,449.9 ± 0.2382,449.0,450.0,82.71262185525575,0.0106065087006453,82.71 ± 0.01061,82.67036437988281,82.71693420410156,75.3416748046875,1,1,1,1,1:298,0,0,0.0,model_static,False,mckenzie2003,0,0.0,,0,0.0,,0,0.0,,0,0.0,,0,0.0,,0,0.0,,298,134082.0,449.9395973154362,0,0.0,,0,0.0,,0,0.0,,0,0.0,,0,0.0,,0,0.0,,0,0.0,,0,0.0,,0,0,0,0,0,0,298,0,0,0,0,0,0,0,0,0,0,0,0,0,0,0,0,0,0,0,0,0,,,,,,,
static,model_static/summary_timeseries.csv,20,7.8,298,119200.0,1163.0774822875155,14.20121742195375,1163 ± 14.2,1136.41357421875,1211.7552490234375,1.940387676626244,0.0022496970965876,1.94 ± 0.00225,1.940000057220459,1.9574874639511108,0.3721090606572333,0.227557946985991,0.3721 ± 0.2276,0.0274833136904463,1.5032500055566438,447.38926174496646,0.487582853340971,447.4 ± 0.4876,447.0,448.0,83.20938796485031,0.0219751582091117,83.21 ± 0.02198,83.18128204345703,83.23809814453125,75.3416748046875,1,1,1,1,1:298,0,0,0.0,model_static,False,mckenzie2003,0,0.0,,0,0.0,,0,0.0,,0,0.0,,0,0.0,,0,0.0,,298,133322.0,447.38926174496646,0,0.0,,0,0.0,,0,0.0,,0,0.0,,0,0.0,,0,0.0,,0,0.0,,0,0.0,,0,0,0,0,0,0,298,0,0,0,0,0,0,0,0,0,0,0,0,0,0,0,0,0,0,0,0,0,,,,,,,
static,model_static/summary_timeseries.csv,20,7.7,298,119200.0,1163.0774822875155,14.20121742195375,1163 ± 14.2,1136.41357421875,1211.7552490234375,1.940387676626244,0.0022496970965876,1.94 ± 0.00225,1.940000057220459,1.9574874639511108,0.3721090606572333,0.227557946985991,0.3721 ± 0.2276,0.0274833136904463,1.5032500055566438,448.0,0.0,448 ± 0,448.0,448.0,80.75469776127963,0.0008358740491309,80.75 ± 0.0008359,80.7529067993164,80.7567138671875,75.3416748046875,1,1,1,1,1:298,0,0,0.0,model_static,False,mckenzie2003,0,0.0,,0,0.0,,0,0.0,,0,0.0,,0,0.0,,0,0.0,,298,133504.0,448.0,0,0.0,,0,0.0,,0,0.0,,0,0.0,,0,0.0,,0,0.0,,0,0.0,,0,0.0,,0,0,0,0,0,0,298,0,0,0,0,0,0,0,0,0,0,0,0,0,0,0,0,0,0,0,0,0,,,,,,,
static,model_static/summary_timeseries.csv,20,7.6,298,119200.0,1163.0774822875155,14.20121742195375,1163 ± 14.2,1136.41357421875,1211.7552490234375,1.940387676626244,0.0022496970965876,1.94 ± 0.00225,1.940000057220459,1.9574874639511108,0.3721090606572333,0.227557946985991,0.3721 ± 0.2276,0.0274833136904463,1.5032500055566438,447.4127516778523,0.4923288842658124,447.4 ± 0.4923,447.0,448.0,83.05100603551672,0.0223798913500398,83.05 ± 0.02238,83.02347564697266,83.07910919189453,75.3416748046875,1,1,1,1,1:298,0,0,0.0,model_static,False,mckenzie2003,0,0.0,,0,0.0,,0,0.0,,0,0.0,,0,0.0,,0,0.0,,298,133329.0,447.4127516778523,0,0.0,,0,0.0,,0,0.0,,0,0.0,,0,0.0,,0,0.0,,0,0.0,,0,0.0,,0,0,0,0,0,0,298,0,0,0,0,0,0,0,0,0,0,0,0,0,0,0,0,0,0,0,0,0,,,,,,,
static,model_static/summary_timeseries.csv,20,7.5,298,119200.0,1163.0774822875155,14.20121742195375,1163 ± 14.2,1136.41357421875,1211.7552490234375,1.940387676626244,0.0022496970965876,1.94 ± 0.00225,1.940000057220459,1.9574874639511108,0.3721090606572333,0.227557946985991,0.3721 ± 0.2276,0.0274833136904463,1.5032500055566438,446.0,0.0,446 ± 0,446.0,446.0,81.24094762098069,0.0018121760863538,81.24 ± 0.001812,81.23857116699219,81.24626159667969,75.3416748046875,1,1,1,1,1:298,0,0,0.0,model_static,False,mckenzie2003,0,0.0,,0,0.0,,0,0.0,,0,0.0,,0,0.0,,0,0.0,,298,132908.0,446.0,0,0.0,,0,0.0,,0,0.0,,0,0.0,,0,0.0,,0,0.0,,0,0.0,,0,0.0,,0,0,0,0,0,0,298,0,0,0,0,0,0,0,0,0,0,0,0,0,0,0,0,0,0,0,0,0,,,,,,,
static,model_static/summary_timeseries.csv,20,7.4,298,119200.0,1163.0774822875155,14.20121742195375,1163 ± 14.2,1136.41357421875,1211.7552490234375,1.940387676626244,0.0022496970965876,1.94 ± 0.00225,1.940000057220459,1.9574874639511108,0.3721090606572333,0.227557946985991,0.3721 ± 0.2276,0.0274833136904463,1.5032500055566438,449.993288590604,0.0816478191986338,450 ± 0.08165,449.0,450.0,82.13017756826926,0.0050115042975958,82.13 ± 0.005012,82.08234405517578,82.13590240478516,75.3416748046875,1,1,1,1,1:298,0,0,0.0,model_static,False,mckenzie2003,0,0.0,,0,0.0,,0,0.0,,0,0.0,,0,0.0,,0,0.0,,298,134098.0,449.993288590604,0,0.0,,0,0.0,,0,0.0,,0,0.0,,0,0.0,,0,0.0,,0,0.0,,0,0.0,,0,0,0,0,0,0,298,0,0,0,0,0,0,0,0,0,0,0,0,0,0,0,0,0,0,0,0,0,,,,,,,
static,model_static/summary_timeseries.csv,20,7.3,298,119200.0,1163.0774822875155,14.20121742195375,1163 ± 14.2,1136.41357421875,1211.7552490234375,1.940387676626244,0.0022496970965876,1.94 ± 0.00225,1.940000057220459,1.9574874639511108,0.3721090606572333,0.227557946985991,0.3721 ± 0.2276,0.0274833136904463,1.5032500055566438,452.0,0.0,452 ± 0,452.0,452.0,83.91374698101274,0.0012522319085839,83.91 ± 0.001252,83.90216827392578,83.915283203125,75.3416748046875,1,1,1,1,1:298,0,0,0.0,model_static,False,mckenzie2003,0,0.0,,0,0.0,,0,0.0,,0,0.0,,0,0.0,,0,0.0,,298,134696.0,452.0,0,0.0,,0,0.0,,0,0.0,,0,0.0,,0,0.0,,0,0.0,,0,0.0,,0,0.0,,0,0,0,0,0,0,298,0,0,0,0,0,0,0,0,0,0,0,0,0,0,0,0,0,0,0,0,0,,,,,,,
static,model_static/summary_timeseries.csv,20,7.2,298,119200.0,1163.0774822875155,14.20121742195375,1163 ± 14.2,1136.41357421875,1211.7552490234375,1.940387676626244,0.0022496970965876,1.94 ± 0.00225,1.940000057220459,1.9574874639511108,0.3721090606572333,0.227557946985991,0.3721 ± 0.2276,0.0274833136904463,1.5032500055566438,452.9060402684564,0.291772686164888,452.9 ± 0.2918,452.0,453.0,82.71526024325583,0.0139393826295206,82.72 ± 0.01394,82.67170715332031,82.7263412475586,75.3416748046875,1,1,1,1,1:298,0,0,0.0,model_static,False,mckenzie2003,0,0.0,,0,0.0,,0,0.0,,0,0.0,,0,0.0,,0,0.0,,298,134966.0,452.9060402684564,0,0.0,,0,0.0,,0,0.0,,0,0.0,,0,0.0,,0,0.0,,0,0.0,,0,0.0,,0,0,0,0,0,0,298,0,0,0,0,0,0,0,0,0,0,0,0,0,0,0,0,0,0,0,0,0,,,,,,,
static,model_static/summary_timeseries.csv,20,7.1,298,119200.0,1163.0774822875155,14.20121742195375,1163 ± 14.2,1136.41357421875,1211.7552490234375,1.940387676626244,0.0022496970965876,1.94 ± 0.00225,1.940000057220459,1.9574874639511108,0.3721090606572333,0.227557946985991,0.3721 ± 0.2276,0.0274833136904463,1.5032500055566438,453.9295302013423,0.2559371136331321,453.9 ± 0.2559,453.0,454.0,84.63129343122444,0.0115677805840196,84.63 ± 0.01157,84.5783462524414,84.63653564453125,75.3416748046875,1,1,1,1,1:298,0,0,0.0,model_static,False,mckenzie2003,0,0.0,,0,0.0,,0,0.0,,0,0.0,,0,0.0,,0,0.0,,298,135271.0,453.9295302013423,0,0.0,,0,0.0,,0,0.0,,0,0.0,,0,0.0,,0,0.0,,0,0.0,,0,0.0,,0,0,0,0,0,0,298,0,0,0,0,0,0,0,0,0,0,0,0,0,0,0,0,0,0,0,0,0,,,,,,,
static,model_static/summary_timeseries.csv,20,7.0,298,119200.0,1163.0774822875155,14.20121742195375,1163 ± 14.2,1136.41357421875,1211.7552490234375,1.940387676626244,0.0022496970965876,1.94 ± 0.00225,1.940000057220459,1.9574874639511108,0.3721090606572333,0.227557946985991,0.3721 ± 0.2276,0.0274833136904463,1.5032500055566438,454.0,0.0,454 ± 0,454.0,454.0,83.50216746490274,0.0014913894007288,83.5 ± 0.001491,83.49939727783203,83.50592041015625,75.3416748046875,1,1,1,1,1:298,0,0,0.0,model_static,False,mckenzie2003,0,0.0,,0,0.0,,0,0.0,,0,0.0,,0,0.0,,0,0.0,,298,135292.0,454.0,0,0.0,,0,0.0,,0,0.0,,0,0.0,,0,0.0,,0,0.0,,0,0.0,,0,0.0,,0,0,0,0,0,0,298,0,0,0,0,0,0,0,0,0,0,0,0,0,0,0,0,0,0,0,0,0,,,,,,,
static,model_static/summary_timeseries.csv,20,6.9,298,119200.0,1163.0774822875155,14.20121742195375,1163 ± 14.2,1136.41357421875,1211.7552490234375,1.940387676626244,0.0022496970965876,1.94 ± 0.00225,1.940000057220459,1.9574874639511108,0.3721090606572333,0.227557946985991,0.3721 ± 0.2276,0.0274833136904463,1.5032500055566438,451.48993288590606,0.4998986429405658,451.5 ± 0.4999,451.0,452.0,83.2379207483074,0.025892351669852,83.24 ± 0.02589,83.2056884765625,83.2660903930664,75.3416748046875,1,1,1,1,1:298,0,0,0.0,model_static,False,mckenzie2003,0,0.0,,0,0.0,,0,0.0,,0,0.0,,0,0.0,,0,0.0,,298,134544.0,451.48993288590606,0,0.0,,0,0.0,,0,0.0,,0,0.0,,0,0.0,,0,0.0,,0,0.0,,0,0.0,,0,0,0,0,0,0,298,0,0,0,0,0,0,0,0,0,0,0,0,0,0,0,0,0,0,0,0,0,,,,,,,
static,model_static/summary_timeseries.csv,20,6.8,298,119200.0,1163.0774822875155,14.20121742195375,1163 ± 14.2,1136.41357421875,1211.7552490234375,1.940387676626244,0.0022496970965876,1.94 ± 0.00225,1.940000057220459,1.9574874639511108,0.3721090606572333,0.227557946985991,0.3721 ± 0.2276,0.0274833136904463,1.5032500055566438,451.9060402684564,0.291772686164888,451.9 ± 0.2918,451.0,452.0,81.31530690033163,0.0148351535785229,81.32 ± 0.01484,81.25785827636719,81.32194519042969,75.3416748046875,1,1,1,1,1:298,0,0,0.0,model_static,False,mckenzie2003,0,0.0,,0,0.0,,0,0.0,,0,0.0,,0,0.0,,0,0.0,,298,134668.0,451.9060402684564,0,0.0,,0,0.0,,0,0.0,,0,0.0,,0,0.0,,0,0.0,,0,0.0,,0,0.0,,0,0,0,0,0,0,298,0,0,0,0,0,0,0,0,0,0,0,0,0,0,0,0,0,0,0,0,0,,,,,,,
static,model_static/summary_timeseries.csv,20,6.7,298,119200.0,1163.0774822875155,14.20121742195375,1163 ± 14.2,1136.41357421875,1211.7552490234375,1.940387676626244,0.0022496970965876,1.94 ± 0.00225,1.940000057220459,1.9574874639511108,0.3721090606572333,0.227557946985991,0.3721 ± 0.2276,0.0274833136904463,1.5032500055566438,457.4026845637584,0.490438279367654,457.4 ± 0.4904,457.0,458.0,84.70242831851012,0.0232453703295616,84.7 ± 0.02325,84.67717742919922,84.73922729492188,75.3416748046875,1,1,1,1,1:298,0,0,0.0,model_static,False,mckenzie2003,0,0.0,,0,0.0,,0,0.0,,0,0.0,,0,0.0,,0,0.0,,298,136306.0,457.4026845637584,0,0.0,,0,0.0,,0,0.0,,0,0.0,,0,0.0,,0,0.0,,0,0.0,,0,0.0,,0,0,0,0,0,0,298,0,0,0,0,0,0,0,0,0,0,0,0,0,0,0,0,0,0,0,0,0,,,,,,,
static,model_static/summary_timeseries.csv,20,6.6,298,119200.0,1163.0774822875155,14.20121742195375,1163 ± 14.2,1136.41357421875,1211.7552490234375,1.940387676626244,0.0022496970965876,1.94 ± 0.00225,1.940000057220459,1.9574874639511108,0.3721090606572333,0.227557946985991,0.3721 ± 0.2276,0.0274833136904463,1.5032500055566438,455.993288590604,0.0816478191986338,456 ± 0.08165,455.0,456.0,85.37118279373885,0.0038311868378713,85.37 ± 0.003831,85.3265151977539,85.37567138671875,75.3416748046875,1,1,1,1,1:298,0,0,0.0,model_static,False,mckenzie2003,0,0.0,,0,0.0,,0,0.0,,0,0.0,,0,0.0,,0,0.0,,298,135886.0,455.993288590604,0,0.0,,0,0.0,,0,0.0,,0,0.0,,0,0.0,,0,0.0,,0,0.0,,0,0.0,,0,0,0,0,0,0,298,0,0,0,0,0,0,0,0,0,0,0,0,0,0,0,0,0,0,0,0,0,,,,,,,
static,model_static/summary_timeseries.csv,20,6.5,298,119200.0,1163.0774822875155,14.20121742195375,1163 ± 14.2,1136.41357421875,1211.7552490234375,1.940387676626244,0.0022496970965876,1.94 ± 0.00225,1.940000057220459,1.9574874639511108,0.3721090606572333,0.227557946985991,0.3721 ± 0.2276,0.0274833136904463,1.5032500055566438,458.9597315436242,0.1965881679983464,459 ± 0.1966,458.0,459.0,83.82574680507584,0.0095980697955675,83.83 ± 0.009598,83.77886962890625,83.83132934570312,75.3416748046875,1,1,1,1,1:298,0,0,0.0,model_static,False,mckenzie2003,0,0.0,,0,0.0,,0,0.0,,0,0.0,,0,0.0,,0,0.0,,298,136770.0,458.9597315436242,0,0.0,,0,0.0,,0,0.0,,0,0.0,,0,0.0,,0,0.0,,0,0.0,,0,0.0,,0,0,0,0,0,0,298,0,0,0,0,0,0,0,0,0,0,0,0,0,0,0,0,0,0,0,0,0,,,,,,,
static,model_static/summary_timeseries.csv,20,6.4,298,119200.0,1163.0774822875155,14.20121742195375,1163 ± 14.2,1136.41357421875,1211.7552490234375,1.940387676626244,0.0022496970965876,1.94 ± 0.00225,1.940000057220459,1.9574874639511108,0.3721090606572333,0.227557946985991,0.3721 ± 0.2276,0.0274833136904463,1.5032500055566438,454.0,0.0,454 ± 0,454.0,454.0,85.7628501021622,0.0012303763693341,85.76 ± 0.00123,85.75776672363281,85.76551818847656,75.3416748046875,1,1,1,1,1:298,0,0,0.0,model_static,False,mckenzie2003,0,0.0,,0,0.0,,0,0.0,,0,0.0,,0,0.0,,0,0.0,,298,135292.0,454.0,0,0.0,,0,0.0,,0,0.0,,0,0.0,,0,0.0,,0,0.0,,0,0.0,,0,0.0,,0,0,0,0,0,0,298,0,0,0,0,0,0,0,0,0,0,0,0,0,0,0,0,0,0,0,0,0,,,,,,,
static,model_static/summary_timeseries.csv,20,6.3,298,119200.0,1163.0774822875155,14.20121742195375,1163 ± 14.2,1136.41357421875,1211.7552490234375,1.940387676626244,0.0022496970965876,1.94 ± 0.00225,1.940000057220459,1.9574874639511108,0.3721090606572333,0.227557946985991,0.3721 ± 0.2276,0.0274833136904463,1.5032500055566438,458.71140939597313,0.4531071256273355,458.7 ± 0.4531,458.0,459.0,80.37077357144963,0.0215238183405245,80.37 ± 0.02152,80.33354187011719,80.38719940185547,75.3416748046875,1,1,1,1,1:298,0,0,0.0,model_static,False,mckenzie2003,0,0.0,,0,0.0,,0,0.0,,0,0.0,,0,0.0,,0,0.0,,298,136696.0,458.71140939597313,0,0.0,,0,0.0,,0,0.0,,0,0.0,,0,0.0,,0,0.0,,0,0.0,,0,0.0,,0,0,0,0,0,0,298,0,0,0,0,0,0,0,0,0,0,0,0,0,0,0,0,0,0,0,0,0,,,,,,,
static,model_static/summary_timeseries.csv,20,6.2,298,119200.0,1163.0774822875155,14.20121742195375,1163 ± 14.2,1136.41357421875,1211.7552490234375,1.940387676626244,0.0022496970965876,1.94 ± 0.00225,1.940000057220459,1.9574874639511108,0.3721090606572333,0.227557946985991,0.3721 ± 0.2276,0.0274833136904463,1.5032500055566438,460.0,0.0,460 ± 0,460.0,460.0,83.20734743463913,0.0030501338788804,83.21 ± 0.00305,83.1997299194336,83.21295166015625,75.3416748046875,1,1,1,1,1:298,0,0,0.0,model_static,False,mckenzie2003,0,0.0,,0,0.0,,0,0.0,,0,0.0,,0,0.0,,0,0.0,,298,137080.0,460.0,0,0.0,,0,0.0,,0,0.0,,0,0.0,,0,0.0,,0,0.0,,0,0.0,,0,0.0,,0,0,0,0,0,0,298,0,0,0,0,0,0,0,0,0,0,0,0,0,0,0,0,0,0,0,0,0,,,,,,,
static,model_static/summary_timeseries.csv,20,6.1,298,119200.0,1163.0774822875155,14.20121742195375,1163 ± 14.2,1136.41357421875,1211.7552490234375,1.940387676626244,0.0022496970965876,1.94 ± 0.00225,1.940000057220459,1.9574874639511108,0.3721090606572333,0.227557946985991,0.3721 ± 0.2276,0.0274833136904463,1.5032500055566438,463.6677852348993,0.4710075529646813,463.7 ± 0.471,463.0,464.0,87.34761247058843,0.022550060380535,87.35 ± 0.02255,87.30596923828125,87.36478424072266,75.3416748046875,1,1,1,1,1:298,0,0,0.0,model_static,False,mckenzie2003,0,0.0,,0,0.0,,0,0.0,,0,0.0,,0,0.0,,0,0.0,,298,138173.0,463.6677852348993,0,0.0,,0,0.0,,0,0.0,,0,0.0,,0,0.0,,0,0.0,,0,0.0,,0,0.0,,0,0,0,0,0,0,298,0,0,0,0,0,0,0,0,0,0,0,0,0,0,0,0,0,0,0,0,0,,,,,,,
static,model_static/summary_timeseries.csv,20,6.0,298,119200.0,1163.0774822875155,14.20121742195375,1163 ± 14.2,1136.41357421875,1211.7552490234375,1.940387676626244,0.0022496970965876,1.94 ± 0.00225,1.940000057220459,1.9574874639511108,0.3721090606572333,0.227557946985991,0.3721 ± 0.2276,0.0274833136904463,1.5032500055566438,468.0,0.0,468 ± 0,468.0,468.0,87.13208760511155,0.0020010799624726,87.13 ± 0.002001,87.12744903564453,87.13597106933594,75.3416748046875,1,1,1,1,1:298,0,0,0.0,model_static,False,mckenzie2003,0,0.0,,0,0.0,,0,0.0,,0,0.0,,0,0.0,,0,0.0,,298,139464.0,468.0,0,0.0,,0,0.0,,0,0.0,,0,0.0,,0,0.0,,0,0.0,,0,0.0,,0,0.0,,0,0,0,0,0,0,298,0,0,0,0,0,0,0,0,0,0,0,0,0,0,0,0,0,0,0,0,0,,,,,,,
static,model_static/summary_timeseries.csv,20,5.9,298,119200.0,1163.0774822875155,14.20121742195375,1163 ± 14.2,1136.41357421875,1211.7552490234375,1.940387676626244,0.0022496970965876,1.94 ± 0.00225,1.940000057220459,1.9574874639511108,0.3721090606572333,0.227557946985991,0.3721 ± 0.2276,0.0274833136904463,1.5032500055566438,463.0,0.0,463 ± 0,463.0,463.0,88.37474277675553,0.0009324344024903,88.37 ± 0.0009324,88.3652114868164,88.3763656616211,75.3416748046875,1,1,1,1,1:298,0,0,0.0,model_static,False,mckenzie2003,0,0.0,,0,0.0,,0,0.0,,0,0.0,,0,0.0,,0,0.0,,298,137974.0,463.0,0,0.0,,0,0.0,,0,0.0,,0,0.0,,0,0.0,,0,0.0,,0,0.0,,0,0.0,,0,0,0,0,0,0,298,0,0,0,0,0,0,0,0,0,0,0,0,0,0,0,0,0,0,0,0,0,,,,,,,
static,model_static/summary_timeseries.csv,20,5.8,298,119200.0,1163.0774822875155,14.20121742195375,1163 ± 14.2,1136.41357421875,1211.7552490234375,1.940387676626244,0.0022496970965876,1.94 ± 0.00225,1.940000057220459,1.9574874639511108,0.3721090606572333,0.227557946985991,0.3721 ± 0.2276,0.0274833136904463,1.5032500055566438,464.741610738255,0.4377490732826943,464.7 ± 0.4377,464.0,465.0,85.87685017937781,0.0222277108536877,85.88 ± 0.02223,85.83222198486328,85.8917236328125,75.3416748046875,1,1,1,1,1:298,0,0,0.0,model_static,False,mckenzie2003,0,0.0,,0,0.0,,0,0.0,,0,0.0,,0,0.0,,0,0.0,,298,138493.0,464.741610738255,0,0.0,,0,0.0,,0,0.0,,0,0.0,,0,0.0,,0,0.0,,0,0.0,,0,0.0,,0,0,0,0,0,0,298,0,0,0,0,0,0,0,0,0,0,0,0,0,0,0,0,0,0,0,0,0,,,,,,,
static,model_static/summary_timeseries.csv,20,5.7,298,119200.0,1163.0774822875155,14.20121742195375,1163 ± 14.2,1136.41357421875,1211.7552490234375,1.940387676626244,0.0022496970965876,1.94 ± 0.00225,1.940000057220459,1.9574874639511108,0.3721090606572333,0.227557946985991,0.3721 ± 0.2276,0.0274833136904463,1.5032500055566438,469.97986577181206,0.1404593928621231,470 ± 0.1405,469.0,470.0,87.56116518878297,0.0071446652823572,87.56 ± 0.007145,87.51127624511719,87.56586456298828,75.3416748046875,1,1,1,1,1:298,0,0,0.0,model_static,False,mckenzie2003,0,0.0,,0,0.0,,0,0.0,,0,0.0,,0,0.0,,0,0.0,,298,140054.0,469.97986577181206,0,0.0,,0,0.0,,0,0.0,,0,0.0,,0,0.0,,0,0.0,,0,0.0,,0,0.0,,0,0,0,0,0,0,298,0,0,0,0,0,0,0,0,0,0,0,0,0,0,0,0,0,0,0,0,0,,,,,,,
static,model_static/summary_timeseries.csv,20,5.6,298,119200.0,1163.0774822875155,14.20121742195375,1163 ± 14.2,1136.41357421875,1211.7552490234375,1.940387676626244,0.0022496970965876,1.94 ± 0.00225,1.940000057220459,1.9574874639511108,0.3721090606572333,0.227557946985991,0.3721 ± 0.2276,0.0274833136904463,1.5032500055566438,469.0,0.0,469 ± 0,469.0,469.0,88.56743178911657,0.003556488929556,88.57 ± 0.003556,88.56169891357422,88.57598876953125,75.3416748046875,1,1,1,1,1:298,0,0,0.0,model_static,False,mckenzie2003,0,0.0,,0,0.0,,0,0.0,,0,0.0,,0,0.0,,0,0.0,,298,139762.0,469.0,0,0.0,,0,0.0,,0,0.0,,0,0.0,,0,0.0,,0,0.0,,0,0.0,,0,0.0,,0,0,0,0,0,0,298,0,0,0,0,0,0,0,0,0,0,0,0,0,0,0,0,0,0,0,0,0,,,,,,,
static,model_static/summary_timeseries.csv,20,5.5,298,119200.0,1163.0774822875155,14.20121742195375,1163 ± 14.2,1136.41357421875,1211.7552490234375,1.940387676626244,0.0022496970965876,1.94 ± 0.00225,1.940000057220459,1.9574874639511108,0.3721090606572333,0.227557946985991,0.3721 ± 0.2276,0.0274833136904463,1.5032500055566438,467.0,0.0,467 ± 0,467.0,467.0,89.79195821365253,0.0063412405363916,89.79 ± 0.006341,89.78297424316406,89.8067626953125,75.3416748046875,1,1,1,1,1:298,0,0,0.0,model_static,False,mckenzie2003,0,0.0,,0,0.0,,0,0.0,,0,0.0,,0,0.0,,0,0.0,,298,139166.0,467.0,0,0.0,,0,0.0,,0,0.0,,0,0.0,,0,0.0,,0,0.0,,0,0.0,,0,0.0,,0,0,0,0,0,0,298,0,0,0,0,0,0,0,0,0,0,0,0,0,0,0,0,0,0,0,0,0,,,,,,,
static,model_static/summary_timeseries.csv,20,5.4,298,119200.0,1163.0774822875155,14.20121742195375,1163 ± 14.2,1136.41357421875,1211.7552490234375,1.940387676626244,0.0022496970965876,1.94 ± 0.00225,1.940000057220459,1.9574874639511108,0.3721090606572333,0.227557946985991,0.3721 ± 0.2276,0.0274833136904463,1.5032500055566438,469.0771812080537,0.2668787537011219,469.1 ± 0.2669,469.0,470.0,91.29284836941918,0.0124139623640297,91.29 ± 0.01241,91.27752685546876,91.33512115478516,75.3416748046875,1,1,1,1,1:298,0,0,0.0,model_static,False,mckenzie2003,0,0.0,,0,0.0,,0,0.0,,0,0.0,,0,0.0,,0,0.0,,298,139785.0,469.0771812080537,0,0.0,,0,0.0,,0,0.0,,0,0.0,,0,0.0,,0,0.0,,0,0.0,,0,0.0,,0,0,0,0,0,0,298,0,0,0,0,0,0,0,0,0,0,0,0,0,0,0,0,0,0,0,0,0,,,,,,,
static,model_static/summary_timeseries.csv,20,5.3,298,119200.0,1163.0774822875155,14.20121742195375,1163 ± 14.2,1136.41357421875,1211.7552490234375,1.940387676626244,0.0022496970965876,1.94 ± 0.00225,1.940000057220459,1.9574874639511108,0.3721090606572333,0.227557946985991,0.3721 ± 0.2276,0.0274833136904463,1.5032500055566438,470.993288590604,0.0816478191986338,471 ± 0.08165,470.0,471.0,87.07168195071637,0.0036965982181138,87.07 ± 0.003697,87.02774047851562,87.07374572753906,75.3416748046875,1,1,1,1,1:298,0,0,0.0,model_static,False,mckenzie2003,0,0.0,,0,0.0,,0,0.0,,0,0.0,,0,0.0,,0,0.0,,298,140356.0,470.993288590604,0,0.0,,0,0.0,,0,0.0,,0,0.0,,0,0.0,,0,0.0,,0,0.0,,0,0.0,,0,0,0,0,0,0,298,0,0,0,0,0,0,0,0,0,0,0,0,0,0,0,0,0,0,0,0,0,,,,,,,
static,model_static/summary_timeseries.csv,20,5.2,298,119200.0,1163.0774822875155,14.20121742195375,1163 ± 14.2,1136.41357421875,1211.7552490234375,1.940387676626244,0.0022496970965876,1.94 ± 0.00225,1.940000057220459,1.9574874639511108,0.3721090606572333,0.227557946985991,0.3721 ± 0.2276,0.0274833136904463,1.5032500055566438,468.0,0.0,468 ± 0,468.0,468.0,87.7682098286264,0.003199039133508,87.77 ± 0.003199,87.76180267333984,87.77323913574219,75.3416748046875,1,1,1,1,1:298,0,0,0.0,model_static,False,mckenzie2003,0,0.0,,0,0.0,,0,0.0,,0,0.0,,0,0.0,,0,0.0,,298,139464.0,468.0,0,0.0,,0,0.0,,0,0.0,,0,0.0,,0,0.0,,0,0.0,,0,0.0,,0,0.0,,0,0,0,0,0,0,298,0,0,0,0,0,0,0,0,0,0,0,0,0,0,0,0,0,0,0,0,0,,,,,,,
static,model_static/summary_timeseries.csv,20,5.1,298,119200.0,1163.0774822875155,14.20121742195375,1163 ± 14.2,1136.41357421875,1211.7552490234375,1.940387676626244,0.0022496970965876,1.94 ± 0.00225,1.940000057220459,1.9574874639511108,0.3721090606572333,0.227557946985991,0.3721 ± 0.2276,0.0274833136904463,1.5032500055566438,465.993288590604,0.0816478191986338,466 ± 0.08165,465.0,466.0,88.70547280535602,0.0040784329159597,88.71 ± 0.004078,88.6589126586914,88.70918273925781,75.3416748046875,1,1,1,1,1:298,0,0,0.0,model_static,False,mckenzie2003,0,0.0,,0,0.0,,0,0.0,,0,0.0,,0,0.0,,0,0.0,,298,138866.0,465.993288590604,0,0.0,,0,0.0,,0,0.0,,0,0.0,,0,0.0,,0,0.0,,0,0.0,,0,0.0,,0,0,0,0,0,0,298,0,0,0,0,0,0,0,0,0,0,0,0,0,0,0,0,0,0,0,0,0,,,,,,,
static,model_static/summary_timeseries.csv,20,5.0,298,119200.0,1163.0774822875155,14.20121742195375,1163 ± 14.2,1136.41357421875,1211.7552490234375,1.940387676626244,0.0022496970965876,1.94 ± 0.00225,1.940000057220459,1.9574874639511108,0.3721090606572333,0.227557946985991,0.3721 ± 0.2276,0.0274833136904463,1.5032500055566438,472.244966442953,0.4300673026166542,472.2 ± 0.4301,472.0,473.0,92.98010476643609,0.021256196681647,92.98 ± 0.02126,92.9577865600586,93.0195083618164,75.3416748046875,1,1,1,1,1:298,0,0,0.0,model_static,False,mckenzie2003,0,0.0,,0,0.0,,0,0.0,,0,0.0,,0,0.0,,0,0.0,,298,140729.0,472.244966442953,0,0.0,,0,0.0,,0,0.0,,0,0.0,,0,0.0,,0,0.0,,0,0.0,,0,0.0,,0,0,0,0,0,0,298,0,0,0,0,0,0,0,0,0,0,0,0,0,0,0,0,0,0,0,0,0,,,,,,,
static,model_static/summary_timeseries.csv,20,4.9,298,119200.0,1163.0774822875155,14.20121742195375,1163 ± 14.2,1136.41357421875,1211.7552490234375,1.940387676626244,0.0022496970965876,1.94 ± 0.00225,1.940000057220459,1.9574874639511108,0.3721090606572333,0.227557946985991,0.3721 ± 0.2276,0.0274833136904463,1.5032500055566438,476.9597315436242,0.1965881679983464,477 ± 0.1966,476.0,477.0,87.29223138693995,0.0091345323180889,87.29 ± 0.009135,87.2479248046875,87.29761505126953,75.3416748046875,1,1,1,1,1:298,0,0,0.0,model_static,False,mckenzie2003,0,0.0,,0,0.0,,0,0.0,,0,0.0,,0,0.0,,0,0.0,,298,142134.0,476.9597315436242,0,0.0,,0,0.0,,0,0.0,,0,0.0,,0,0.0,,0,0.0,,0,0.0,,0,0.0,,0,0,0,0,0,0,298,0,0,0,0,0,0,0,0,0,0,0,0,0,0,0,0,0,0,0,0,0,,,,,,,
static,model_static/summary_timeseries.csv,20,4.8,298,119200.0,1163.0774822875155,14.20121742195375,1163 ± 14.2,1136.41357421875,1211.7552490234375,1.940387676626244,0.0022496970965876,1.94 ± 0.00225,1.940000057220459,1.9574874639511108,0.3721090606572333,0.227557946985991,0.3721 ± 0.2276,0.0274833136904463,1.5032500055566438,487.2919463087249,10.080481617199704,487.3 ± 10.08,482.0,508.0,89.87251898746362,0.9298271488725256,89.87 ± 0.9298,89.40149688720703,91.78510284423828,75.3416748046875,1,1,1,1,1:298,0,0,0.0,model_static,False,mckenzie2003,0,0.0,,0,0.0,,0,0.0,,0,0.0,,57,28956.0,508.0,0,0.0,,241,116257.0,482.3941908713693,0,0.0,,0,0.0,,0,0.0,,0,0.0,,0,0.0,,0,0.0,,0,0.0,,0,0.0,,0,0,0,0,0,0,298,0,0,0,0,0,0,0,0,0,0,0,0,0,0,0,0,0,0,0,0,0,,,,,,,
static,model_static/summary_timeseries.csv,20,4.7,298,119200.0,1163.0774822875155,14.20121742195375,1163 ± 14.2,1136.41357421875,1211.7552490234375,1.940387676626244,0.0022496970965876,1.94 ± 0.00225,1.940000057220459,1.9574874639511108,0.3721090606572333,0.227557946985991,0.3721 ± 0.2276,0.0274833136904463,1.5032500055566438,503.1577181208054,12.68587800797784,503.2 ± 12.69,486.0,513.0,92.27454097158956,1.1757867044530208,92.27 ± 1.176,90.71720123291016,93.18937683105467,75.3416748046875,1,1,1,1,1:298,0,0,0.0,model_static,False,mckenzie2003,0,0.0,,0,0.0,,0,0.0,,0,0.0,,186,95418.0,513.0,0,0.0,,112,54523.0,486.8125,0,0.0,,0,0.0,,0,0.0,,0,0.0,,0,0.0,,0,0.0,,0,0.0,,0,0.0,,0,0,0,0,0,0,298,0,0,0,0,0,0,0,0,0,0,0,0,0,0,0,0,0,0,0,0,0,,,,,,,
static,model_static/summary_timeseries.csv,20,4.6,298,119200.0,1163.0774822875155,14.20121742195375,1163 ± 14.2,1136.41357421875,1211.7552490234375,1.940387676626244,0.0022496970965876,1.94 ± 0.00225,1.940000057220459,1.9574874639511108,0.3721090606572333,0.227557946985991,0.3721 ± 0.2276,0.0274833136904463,1.5032500055566438,486.5335570469799,7.223229777685484,486.5 ± 7.223,483.0,507.0,90.11003192159151,0.7194197104749019,90.11 ± 0.7194,89.80440521240234,92.14892578125,75.3416748046875,1,1,1,1,1:298,0,0,0.0,model_static,False,mckenzie2003,0,0.0,,0,0.0,,0,0.0,,0,0.0,,33,16731.0,507.0,0,0.0,,265,128256.0,483.98490566037736,0,0.0,,0,0.0,,0,0.0,,0,0.0,,0,0.0,,0,0.0,,0,0.0,,0,0.0,,0,0,0,0,0,0,298,0,0,0,0,0,0,0,0,0,0,0,0,0,0,0,0,0,0,0,0,0,,,,,,,
static,model_static/summary_timeseries.csv,20,4.5,298,119200.0,1163.0774822875155,14.20121742195375,1163 ± 14.2,1136.41357421875,1211.7552490234375,1.940387676626244,0.0022496970965876,1.94 ± 0.00225,1.940000057220459,1.9574874639511108,0.3721090606572333,0.227557946985991,0.3721 ± 0.2276,0.0274833136904463,1.5032500055566438,496.4295302013423,10.499763521502622,496.4 ± 10.5,486.0,507.0,90.17651116287948,1.099002483364788,90.18 ± 1.099,89.0748291015625,91.28455352783205,75.3416748046875,1,1,1,1,1:298,0,0,0.0,model_static,False,mckenzie2003,0,0.0,,0,0.0,,0,0.0,,0,0.0,,148,75036.0,507.0,0,0.0,,150,72900.0,486.0,0,0.0,,0,0.0,,0,0.0,,0,0.0,,0,0.0,,0,0.0,,0,0.0,,0,0.0,,0,0,0,0,0,0,298,0,0,0,0,0,0,0,0,0,0,0,0,0,0,0,0,0,0,0,0,0,,,,,,,
static,model_static/summary_timeseries.csv,20,4.4,298,119200.0,1163.0774822875155,14.20121742195375,1163 ± 14.2,1136.41357421875,1211.7552490234375,1.940387676626244,0.0022496970965876,1.94 ± 0.00225,1.940000057220459,1.9574874639511108,0.3721090606572333,0.227557946985991,0.3721 ± 0.2276,0.0274833136904463,1.5032500055566438,484.0,0.0,484 ± 0,484.0,484.0,90.06550843923684,0.0020210949446824,90.07 ± 0.002021,90.058349609375,90.06940460205078,75.3416748046875,1,1,1,1,1:298,0,0,0.0,model_static,False,mckenzie2003,0,0.0,,0,0.0,,0,0.0,,0,0.0,,0,0.0,,0,0.0,,298,144232.0,484.0,0,0.0,,0,0.0,,0,0.0,,0,0.0,,0,0.0,,0,0.0,,0,0.0,,0,0.0,,0,0,0,0,0,0,298,0,0,0,0,0,0,0,0,0,0,0,0,0,0,0,0,0,0,0,0,0,,,,,,,
static,model_static/summary_timeseries.csv,20,4.3,298,119200.0,1163.0774822875155,14.20121742195375,1163 ± 14.2,1136.41357421875,1211.7552490234375,1.940387676626244,0.0022496970965876,1.94 ± 0.00225,1.940000057220459,1.9574874639511108,0.3721090606572333,0.227557946985991,0.3721 ± 0.2276,0.0274833136904463,1.5032500055566438,507.493288590604,1.2349585993946597,507.5 ± 1.235,488.0,508.0,92.4621468102372,0.1262183919345604,92.46 ± 0.1262,90.32465362548828,92.4926528930664,75.3416748046875,2,1,2,2,2:298,0,0,0.0,model_static,False,mckenzie2003,0,0.0,,0,0.0,,0,0.0,,0,0.0,,297,150745.0,507.5589225589226,0,0.0,,1,488.0,488.0,0,0.0,,0,0.0,,0,0.0,,0,0.0,,0,0.0,,0,0.0,,0,0.0,,0,0.0,,0,0,0,0,0,0,298,0,0,0,0,0,0,0,0,0,0,0,0,0,0,0,0,0,0,0,0,0,,,,,,,
static,model_static/summary_timeseries.csv,20,4.2,298,119200.0,1163.0774822875155,14.20121742195375,1163 ± 14.2,1136.41357421875,1211.7552490234375,1.940387676626244,0.0022496970965876,1.94 ± 0.00225,1.940000057220459,1.9574874639511108,0.3721090606572333,0.227557946985991,0.3721 ± 0.2276,0.0274833136904463,1.5032500055566438,488.8053691275168,3.931763359966928,488.8 ± 3.932,488.0,508.0,87.80756280886247,0.4229765260744517,87.81 ± 0.423,87.71839904785156,89.87338256835938,75.3416748046875,1,2,1,2,1:287; 2:11,0,0,0.0,model_static,False,mckenzie2003,0,0.0,,0,0.0,,0,0.0,,0,0.0,,12,6096.0,508.0,0,0.0,,286,139568.0,488.0,0,0.0,,0,0.0,,0,0.0,,0,0.0,,0,0.0,,0,0.0,,0,0.0,,0,0.0,,0,0,0,0,0,0,298,0,0,0,0,0,0,0,0,0,0,0,0,0,0,0,0,0,0,0,0,0,,,,,,,
static,model_static/summary_timeseries.csv,20,4.1,298,119200.0,1163.0774822875155,14.20121742195375,1163 ± 14.2,1136.41357421875,1211.7552490234375,1.940387676626244,0.0022496970965876,1.94 ± 0.00225,1.940000057220459,1.9574874639511108,0.3721090606572333,0.227557946985991,0.3721 ± 0.2276,0.0274833136904463,1.5032500055566438,488.0,0.0,488 ± 0,488.0,488.0,87.5911746185098,0.0039984099884102,87.59 ± 0.003998,87.58134460449219,87.5955581665039,75.3416748046875,2,1,2,2,2:298,0,0,0.0,model_static,False,mckenzie2003,0,0.0,,0,0.0,,0,0.0,,0,0.0,,0,0.0,,0,0.0,,298,145424.0,488.0,0,0.0,,0,0.0,,0,0.0,,0,0.0,,0,0.0,,0,0.0,,0,0.0,,0,0.0,,0,0,0,0,0,0,298,0,0,0,0,0,0,0,0,0,0,0,0,0,0,0,0,0,0,0,0,0,,,,,,,
static,model_static/summary_timeseries.csv,20,4.0,298,119200.0,1163.0774822875155,14.20121742195375,1163 ± 14.2,1136.41357421875,1211.7552490234375,1.940387676626244,0.0022496970965876,1.94 ± 0.00225,1.940000057220459,1.9574874639511108,0.3721090606572333,0.227557946985991,0.3721 ± 0.2276,0.0274833136904463,1.5032500055566438,495.78859060402687,1.7278620921752248,495.8 ± 1.728,495.0,516.0,88.70308925961488,0.1803676235390358,88.7 ± 0.1804,88.65570831298828,90.88046264648438,75.3416748046875,1,1,1,1,1:298,0,0,0.0,model_static,False,mckenzie2003,0,0.0,,0,0.0,,0,0.0,,0,0.0,,2,1032.0,516.0,0,0.0,,296,146713.0,495.65202702702703,0,0.0,,0,0.0,,0,0.0,,0,0.0,,0,0.0,,0,0.0,,0,0.0,,0,0.0,,0,0,0,0,0,0,298,0,0,0,0,0,0,0,0,0,0,0,0,0,0,0,0,0,0,0,0,0,,,,,,,
static,model_static/summary_timeseries.csv,20,3.9,298,119200.0,1163.0774822875155,14.20121742195375,1163 ± 14.2,1136.41357421875,1211.7552490234375,1.940387676626244,0.0022496970965876,1.94 ± 0.00225,1.940000057220459,1.9574874639511108,0.3721090606572333,0.227557946985991,0.3721 ± 0.2276,0.0274833136904463,1.5032500055566438,506.3959731543624,9.043384464704602,506.4 ± 9.043,497.0,516.0,86.91951454725842,1.055260584356216,86.92 ± 1.055,85.87812042236328,88.04283905029297,75.3416748046875,2,1,2,2,2:298,0,0,0.0,model_static,False,mckenzie2003,0,0.0,,0,0.0,,0,0.0,,0,0.0,,140,72240.0,516.0,0,0.0,,158,78666.0,497.8860759493671,0,0.0,,0,0.0,,0,0.0,,0,0.0,,0,0.0,,0,0.0,,0,0.0,,0,0.0,,0,0,0,0,0,0,298,0,0,0,0,0,0,0,0,0,0,0,0,0,0,0,0,0,0,0,0,0,,,,,,,
static,model_static/summary_timeseries.csv,20,3.8,298,119200.0,1163.0774822875155,14.20121742195375,1163 ± 14.2,1136.41357421875,1211.7552490234375,1.940387676626244,0.0022496970965876,1.94 ± 0.00225,1.940000057220459,1.9574874639511108,0.3721090606572333,0.227557946985991,0.3721 ± 0.2276,0.0274833136904463,1.5032500055566438,499.738255033557,8.723489829617566,499.7 ± 8.723,494.0,513.0,88.00802169390172,0.9819606625276308,88.01 ± 0.982,87.36089324951172,89.50199127197266,75.3416748046875,2,1,2,2,2:298,0,0,0.0,model_static,False,mckenzie2003,0,0.0,,0,0.0,,0,0.0,,0,0.0,,90,46170.0,513.0,0,0.0,,208,102752.0,494.0,0,0.0,,0,0.0,,0,0.0,,0,0.0,,0,0.0,,0,0.0,,0,0.0,,0,0.0,,0,0,0,0,0,0,298,0,0,0,0,0,0,0,0,0,0,0,0,0,0,0,0,0,0,0,0,0,,,,,,,
static,model_static/summary_timeseries.csv,20,3.7,298,119200.0,1163.0774822875155,14.20121742195375,1163 ± 14.2,1136.41357421875,1211.7552490234375,1.940387676626244,0.0022496970965876,1.94 ± 0.00225,1.940000057220459,1.9574874639511108,0.3721090606572333,0.227557946985991,0.3721 ± 0.2276,0.0274833136904463,1.5032500055566438,507.3154362416107,8.917660065919984,507.3 ± 8.918,496.0,515.0,89.65878577520384,1.0464977421740465,89.66 ± 1.046,88.3980712890625,90.56243896484376,75.3416748046875,2,1,2,2,2:298,0,0,0.0,model_static,False,mckenzie2003,0,0.0,,0,0.0,,0,0.0,,0,0.0,,171,88065.0,515.0,0,0.0,,127,63115.0,496.9685039370079,0,0.0,,0,0.0,,0,0.0,,0,0.0,,0,0.0,,0,0.0,,0,0.0,,0,0.0,,0,0,0,0,0,0,298,0,0,0,0,0,0,0,0,0,0,0,0,0,0,0,0,0,0,0,0,0,,,,,,,
static,model_static/summary_timeseries.csv,20,3.6,298,119200.0,1163.0774822875155,14.20121742195375,1163 ± 14.2,1136.41357421875,1211.7552490234375,1.940387676626244,0.0022496970965876,1.94 ± 0.00225,1.940000057220459,1.9574874639511108,0.3721090606572333,0.227557946985991,0.3721 ± 0.2276,0.0274833136904463,1.5032500055566438,515.3221476510067,5.544534108006142,515.3 ± 5.545,497.0,517.0,90.28965001458288,0.6002357482478337,90.29 ± 0.6002,88.30565643310547,90.4745101928711,75.3416748046875,2,2,1,2,1:4; 2:294,0,0,0.0,model_static,False,mckenzie2003,0,0.0,,0,0.0,,0,0.0,,0,0.0,,273,141141.0,517.0,0,0.0,,25,12425.0,497.0,0,0.0,,0,0.0,,0,0.0,,0,0.0,,0,0.0,,0,0.0,,0,0.0,,0,0.0,,0,0,0,0,0,0,298,0,0,0,0,0,0,0,0,0,0,0,0,0,0,0,0,0,0,0,0,0,,,,,,,
static,model_static/summary_timeseries.csv,20,3.5,298,119200.0,1163.0774822875155,14.20121742195375,1163 ± 14.2,1136.41357421875,1211.7552490234375,1.940387676626244,0.0022496970965876,1.94 ± 0.00225,1.940000057220459,1.9574874639511108,0.3721090606572333,0.227557946985991,0.3721 ± 0.2276,0.0274833136904463,1.5032500055566438,505.8053691275168,8.002665539445472,505.8 ± 8.003,501.0,520.0,89.7344804290157,0.937151903442208,89.73 ± 0.9372,89.17033386230469,91.34087371826172,75.3416748046875,2,1,2,2,2:298,0,0,0.0,model_static,False,mckenzie2003,0,0.0,,0,0.0,,0,0.0,,0,0.0,,79,41011.0,519.126582278481,0,0.0,,219,109719.0,501.0,0,0.0,,0,0.0,,0,0.0,,0,0.0,,0,0.0,,0,0.0,,0,0.0,,0,0.0,,0,0,0,0,0,0,298,0,0,0,0,0,0,0,0,0,0,0,0,0,0,0,0,0,0,0,0,0,,,,,,,
static,model_static/summary_timeseries.csv,20,3.4,298,119200.0,1163.0774822875155,14.20121742195375,1163 ± 14.2,1136.41357421875,1211.7552490234375,1.940387676626244,0.0022496970965876,1.94 ± 0.00225,1.940000057220459,1.9574874639511108,0.3721090606572333,0.227557946985991,0.3721 ± 0.2276,0.0274833136904463,1.5032500055566438,506.7046979865772,9.030524935654954,506.7 ± 9.031,501.0,521.0,87.11625535696145,0.9958461700135788,87.12 ± 0.9958,86.48561096191406,88.69674682617188,75.3416748046875,2,1,2,2,2:298,0,0,0.0,model_static,False,mckenzie2003,0,0.0,,0,0.0,,0,0.0,,0,0.0,,85,44285.0,521.0,0,0.0,,213,106713.0,501.0,0,0.0,,0,0.0,,0,0.0,,0,0.0,,0,0.0,,0,0.0,,0,0.0,,0,0.0,,0,0,0,0,0,0,298,0,0,0,0,0,0,0,0,0,0,0,0,0,0,0,0,0,0,0,0,0,,,,,,,
static,model_static/summary_timeseries.csv,20,3.3,298,119200.0,1163.0774822875155,14.20121742195375,1163 ± 14.2,1136.41357421875,1211.7552490234375,1.940387676626244,0.0022496970965876,1.94 ± 0.00225,1.940000057220459,1.9574874639511108,0.3721090606572333,0.227557946985991,0.3721 ± 0.2276,0.0274833136904463,1.5032500055566438,517.0,0.0,517 ± 0,517.0,517.0,90.2385550377353,0.0020150887961697,90.24 ± 0.002015,90.2323760986328,90.24227142333984,75.3416748046875,2,1,2,2,2:298,0,0,0.0,model_static,False,mckenzie2003,0,0.0,,0,0.0,,0,0.0,,0,0.0,,298,154066.0,517.0,0,0.0,,0,0.0,,0,0.0,,0,0.0,,0,0.0,,0,0.0,,0,0.0,,0,0.0,,0,0.0,,0,0.0,,0,0,0,0,0,0,298,0,0,0,0,0,0,0,0,0,0,0,0,0,0,0,0,0,0,0,0,0,,,,,,,
static,model_static/summary_timeseries.csv,20,3.2,298,119200.0,1163.0774822875155,14.20121742195375,1163 ± 14.2,1136.41357421875,1211.7552490234375,1.940387676626244,0.0022496970965876,1.94 ± 0.00225,1.940000057220459,1.9574874639511108,0.3721090606572333,0.227557946985991,0.3721 ± 0.2276,0.0274833136904463,1.5032500055566438,523.3657718120805,0.4816459213653296,523.4 ± 0.4816,523.0,524.0,90.04486977494003,0.0227359884337867,90.04 ± 0.02274,90.024169921875,90.0767593383789,75.3416748046875,2,1,2,2,2:298,0,0,0.0,model_static,False,mckenzie2003,0,0.0,,0,0.0,,0,0.0,,0,0.0,,298,155963.0,523.3657718120805,0,0.0,,0,0.0,,0,0.0,,0,0.0,,0,0.0,,0,0.0,,0,0.0,,0,0.0,,0,0.0,,0,0.0,,0,0,0,0,0,0,298,0,0,0,0,0,0,0,0,0,0,0,0,0,0,0,0,0,0,0,0,0,,,,,,,
static,model_static/summary_timeseries.csv,20,3.1,298,119200.0,1163.0774822875155,14.20121742195375,1163 ± 14.2,1136.41357421875,1211.7552490234375,1.940387676626244,0.0022496970965876,1.94 ± 0.00225,1.940000057220459,1.9574874639511108,0.3721090606572333,0.227557946985991,0.3721 ± 0.2276,0.0274833136904463,1.5032500055566438,508.7315436241611,7.431233624889899,508.7 ± 7.431,505.0,524.0,89.81255317534377,0.8530153548586648,89.81 ± 0.853,89.38265991210938,91.57159423828124,75.3416748046875,2,1,2,2,2:298,0,0,0.0,model_static,False,mckenzie2003,0,0.0,,0,0.0,,0,0.0,,0,0.0,,57,29868.0,524.0,0,0.0,,241,121734.0,505.12033195020746,0,0.0,,0,0.0,,0,0.0,,0,0.0,,0,0.0,,0,0.0,,0,0.0,,0,0.0,,0,0,0,0,0,0,298,0,0,0,0,0,0,0,0,0,0,0,0,0,0,0,0,0,0,0,0,0,,,,,,,
static,model_static/summary_timeseries.csv,20,3.0,298,119200.0,1163.0774822875155,14.20121742195375,1163 ± 14.2,1136.41357421875,1211.7552490234375,1.940387676626244,0.0022496970965876,1.94 ± 0.00225,1.940000057220459,1.9574874639511108,0.3721090606572333,0.227557946985991,0.3721 ± 0.2276,0.0274833136904463,1.5032500055566438,528.0,0.0,528 ± 0,528.0,528.0,90.99328487831474,0.0015508843617576,90.99 ± 0.001551,90.9882583618164,91.000244140625,75.3416748046875,2,1,2,2,2:298,0,0,0.0,model_static,False,mckenzie2003,0,0.0,,0,0.0,,0,0.0,,0,0.0,,298,157344.0,528.0,0,0.0,,0,0.0,,0,0.0,,0,0.0,,0,0.0,,0,0.0,,0,0.0,,0,0.0,,0,0.0,,0,0.0,,0,0,0,0,0,0,298,0,0,0,0,0,0,0,0,0,0,0,0,0,0,0,0,0,0,0,0,0,,,,,,,
static,model_static/summary_timeseries.csv,20,2.9,298,119200.0,1163.0774822875155,14.20121742195375,1163 ± 14.2,1136.41357421875,1211.7552490234375,1.940387676626244,0.0022496970965876,1.94 ± 0.00225,1.940000057220459,1.9574874639511108,0.3721090606572333,0.227557946985991,0.3721 ± 0.2276,0.0274833136904463,1.5032500055566438,530.6979865771812,0.4591310436640824,530.7 ± 0.4591,530.0,531.0,93.20744203401092,0.0203424497228036,93.21 ± 0.02034,93.1706085205078,93.22184753417967,75.3416748046875,2,1,2,2,2:298,0,0,0.0,model_static,False,mckenzie2003,0,0.0,,0,0.0,,0,0.0,,0,0.0,,298,158148.0,530.6979865771812,0,0.0,,0,0.0,,0,0.0,,0,0.0,,0,0.0,,0,0.0,,0,0.0,,0,0.0,,0,0.0,,0,0.0,,0,0,0,0,0,0,298,0,0,0,0,0,0,0,0,0,0,0,0,0,0,0,0,0,0,0,0,0,,,,,,,
static,model_static/summary_timeseries.csv,20,2.8,298,119200.0,1163.0774822875155,14.20121742195375,1163 ± 14.2,1136.41357421875,1211.7552490234375,1.940387676626244,0.0022496970965876,1.94 ± 0.00225,1.940000057220459,1.9574874639511108,0.3721090606572333,0.227557946985991,0.3721 ± 0.2276,0.0274833136904463,1.5032500055566438,522.2013422818792,7.659691291527409,522.2 ± 7.66,509.0,527.0,94.55717475942318,0.9496785648713452,94.56 ± 0.9497,92.99827575683594,95.1542510986328,75.3416748046875,2,1,2,2,2:298,0,0,0.0,model_static,False,mckenzie2003,0,0.0,,0,0.0,,0,0.0,,0,0.0,,214,112778.0,527.0,0,0.0,,84,42838.0,509.9761904761905,0,0.0,,0,0.0,,0,0.0,,0,0.0,,0,0.0,,0,0.0,,0,0.0,,0,0.0,,0,0,0,0,0,0,298,0,0,0,0,0,0,0,0,0,0,0,0,0,0,0,0,0,0,0,0,0,,,,,,,
static,model_static/summary_timeseries.csv,20,2.7,298,119200.0,1163.0774822875155,14.20121742195375,1163 ± 14.2,1136.41357421875,1211.7552490234375,1.940387676626244,0.0022496970965876,1.94 ± 0.00225,1.940000057220459,1.9574874639511108,0.3721090606572333,0.227557946985991,0.3721 ± 0.2276,0.0274833136904463,1.5032500055566438,531.98322147651,0.1284406658322459,532 ± 0.1284,531.0,532.0,90.22590145648726,0.0061654393455918,90.23 ± 0.006165,90.17833709716795,90.22809600830078,75.3416748046875,2,1,2,2,2:298,0,0,0.0,model_static,False,mckenzie2003,0,0.0,,0,0.0,,0,0.0,,0,0.0,,298,158531.0,531.98322147651,0,0.0,,0,0.0,,0,0.0,,0,0.0,,0,0.0,,0,0.0,,0,0.0,,0,0.0,,0,0.0,,0,0.0,,0,0,0,0,0,0,298,0,0,0,0,0,0,0,0,0,0,0,0,0,0,0,0,0,0,0,0,0,,,,,,,
static,model_static/summary_timeseries.csv,20,2.6,298,119200.0,1163.0774822875155,14.20121742195375,1163 ± 14.2,1136.41357421875,1211.7552490234375,1.940387676626244,0.0022496970965876,1.94 ± 0.00225,1.940000057220459,1.9574874639511108,0.3721090606572333,0.227557946985991,0.3721 ± 0.2276,0.0274833136904463,1.5032500055566438,526.0234899328859,5.800611970280758,526 ± 5.801,509.0,528.0,90.41516469148982,0.6587300299018796,90.42 ± 0.6587,88.48091888427734,90.6488800048828,75.3416748046875,2,1,2,2,2:298,0,0,0.0,model_static,False,mckenzie2003,0,0.0,,0,0.0,,0,0.0,,0,0.0,,267,140976.0,528.0,0,0.0,,31,15779.0,509.0,0,0.0,,0,0.0,,0,0.0,,0,0.0,,0,0.0,,0,0.0,,0,0.0,,0,0.0,,0,0,0,0,0,0,298,0,0,0,0,0,0,0,0,0,0,0,0,0,0,0,0,0,0,0,0,0,,,,,,,
static,model_static/summary_timeseries.csv,20,2.5,298,119200.0,1163.0774822875155,14.20121742195375,1163 ± 14.2,1136.41357421875,1211.7552490234375,1.940387676626244,0.0022496970965876,1.94 ± 0.00225,1.940000057220459,1.9574874639511108,0.3721090606572333,0.227557946985991,0.3721 ± 0.2276,0.0274833136904463,1.5032500055566438,524.993288590604,0.0816478191986338,525 ± 0.08165,524.0,525.0,89.7391061462812,0.0041543804924304,89.74 ± 0.004154,89.69290161132812,89.74321746826172,75.3416748046875,2,1,2,2,2:298,0,0,0.0,model_static,False,mckenzie2003,0,0.0,,0,0.0,,0,0.0,,0,0.0,,298,156448.0,524.993288590604,0,0.0,,0,0.0,,0,0.0,,0,0.0,,0,0.0,,0,0.0,,0,0.0,,0,0.0,,0,0.0,,0,0.0,,0,0,0,0,0,0,298,0,0,0,0,0,0,0,0,0,0,0,0,0,0,0,0,0,0,0,0,0,,,,,,,
static,model_static/summary_timeseries.csv,20,2.4,298,119200.0,1163.0774822875155,14.20121742195375,1163 ± 14.2,1136.41357421875,1211.7552490234375,1.940387676626244,0.0022496970965876,1.94 ± 0.00225,1.940000057220459,1.9574874639511108,0.3721090606572333,0.227557946985991,0.3721 ± 0.2276,0.0274833136904463,1.5032500055566438,531.006711409396,6.402072487733326,531 ± 6.402,518.0,535.0,90.11816426731596,0.7648085821507495,90.12 ± 0.7648,88.56069946289062,90.53460693359376,75.3416748046875,2,1,2,2,2:298,0,0,0.0,model_static,False,mckenzie2003,0,0.0,,0,0.0,,0,0.0,,0,0.0,,240,128196.0,534.15,0,0.0,,58,30044.0,518.0,0,0.0,,0,0.0,,0,0.0,,0,0.0,,0,0.0,,0,0.0,,0,0.0,,0,0.0,,0,0,0,0,0,0,298,0,0,0,0,0,0,0,0,0,0,0,0,0,0,0,0,0,0,0,0,0,,,,,,,
static,model_static/summary_timeseries.csv,20,2.3,298,119200.0,1163.0774822875155,14.20121742195375,1163 ± 14.2,1136.41357421875,1211.7552490234375,1.940387676626244,0.0022496970965876,1.94 ± 0.00225,1.940000057220459,1.9574874639511108,0.3721090606572333,0.227557946985991,0.3721 ± 0.2276,0.0274833136904463,1.5032500055566438,531.9463087248322,0.9252986813215618,531.9 ± 0.9253,516.0,532.0,90.03221816504562,0.1205369446341416,90.03 ± 0.1205,87.9549789428711,90.04061889648438,75.3416748046875,2,1,2,2,2:298,0,0,0.0,model_static,False,mckenzie2003,0,0.0,,0,0.0,,0,0.0,,0,0.0,,297,158004.0,532.0,0,0.0,,1,516.0,516.0,0,0.0,,0,0.0,,0,0.0,,0,0.0,,0,0.0,,0,0.0,,0,0.0,,0,0.0,,0,0,0,0,0,0,298,0,0,0,0,0,0,0,0,0,0,0,0,0,0,0,0,0,0,0,0,0,,,,,,,
static,model_static/summary_timeseries.csv,20,2.2,298,119200.0,1163.0774822875155,14.20121742195375,1163 ± 14.2,1136.41357421875,1211.7552490234375,1.940387676626244,0.0022496970965876,1.94 ± 0.00225,1.940000057220459,1.9574874639511108,0.3721090606572333,0.227557946985991,0.3721 ± 0.2276,0.0274833136904463,1.5032500055566438,528.01677852349,1.0312501492902886,528 ± 1.031,516.0,529.0,92.7346575436176,0.1419977789525604,92.73 ± 0.142,91.01448059082033,92.78736114501952,75.3416748046875,2,1,2,2,2:298,0,0,0.0,model_static,False,mckenzie2003,0,0.0,,0,0.0,,0,0.0,,0,0.0,,296,156317.0,528.097972972973,0,0.0,,2,1032.0,516.0,0,0.0,,0,0.0,,0,0.0,,0,0.0,,0,0.0,,0,0.0,,0,0.0,,0,0.0,,0,0,0,0,0,0,298,0,0,0,0,0,0,0,0,0,0,0,0,0,0,0,0,0,0,0,0,0,,,,,,,
static,model_static/summary_timeseries.csv,20,2.1,298,119200.0,1163.0774822875155,14.20121742195375,1163 ± 14.2,1136.41357421875,1211.7552490234375,1.940387676626244,0.0022496970965876,1.94 ± 0.00225,1.940000057220459,1.9574874639511108,0.3721090606572333,0.227557946985991,0.3721 ± 0.2276,0.0274833136904463,1.5032500055566438,527.9127516778524,1.0614216495822395,527.9 ± 1.061,515.0,528.0,88.6422809370412,0.1611087279029477,88.64 ± 0.1611,86.68181610107422,88.65716552734375,75.3416748046875,2,1,2,2,2:298,0,0,0.0,model_static,False,mckenzie2003,0,0.0,,0,0.0,,0,0.0,,0,0.0,,296,156288.0,528.0,0,0.0,,2,1030.0,515.0,0,0.0,,0,0.0,,0,0.0,,0,0.0,,0,0.0,,0,0.0,,0,0.0,,0,0.0,,0,0,0,0,0,0,298,0,0,0,0,0,0,0,0,0,0,0,0,0,0,0,0,0,0,0,0,0,,,,,,,
static,model_static/summary_timeseries.csv,20,2.0,298,119200.0,1163.0774822875155,14.20121742195375,1163 ± 14.2,1136.41357421875,1211.7552490234375,1.940387676626244,0.0022496970965876,1.94 ± 0.00225,1.940000057220459,1.9574874639511108,0.3721090606572333,0.227557946985991,0.3721 ± 0.2276,0.0274833136904463,1.5032500055566438,528.993288590604,0.0816478191986338,529 ± 0.08165,528.0,529.0,87.48803209138397,0.0045193851614356,87.49 ± 0.004519,87.4423828125,87.496337890625,75.3416748046875,2,1,2,2,2:298,0,0,0.0,model_static,False,mckenzie2003,0,0.0,,0,0.0,,0,0.0,,0,0.0,,298,157640.0,528.993288590604,0,0.0,,0,0.0,,0,0.0,,0,0.0,,0,0.0,,0,0.0,,0,0.0,,0,0.0,,0,0.0,,0,0.0,,0,0,0,0,0,0,298,0,0,0,0,0,0,0,0,0,0,0,0,0,0,0,0,0,0,0,0,0,,,,,,,
static,model_static/summary_timeseries.csv,20,1.9,298,119200.0,1163.0774822875155,14.20121742195375,1163 ± 14.2,1136.41357421875,1211.7552490234375,1.940387676626244,0.0022496970965876,1.94 ± 0.00225,1.940000057220459,1.9574874639511108,0.3721090606572333,0.227557946985991,0.3721 ± 0.2276,0.0274833136904463,1.5032500055566438,539.0,0.0,539 ± 0,539.0,539.0,89.5982863919047,0.0012417489459656,89.6 ± 0.001242,89.59554290771484,89.60157775878906,75.3416748046875,2,1,2,2,2:298,0,0,0.0,model_static,False,mckenzie2003,0,0.0,,0,0.0,,0,0.0,,0,0.0,,298,160622.0,539.0,0,0.0,,0,0.0,,0,0.0,,0,0.0,,0,0.0,,0,0.0,,0,0.0,,0,0.0,,0,0.0,,0,0.0,,0,0,0,0,0,0,298,0,0,0,0,0,0,0,0,0,0,0,0,0,0,0,0,0,0,0,0,0,,,,,,,
static,model_static/summary_timeseries.csv,20,1.8,298,119200.0,1163.0774822875155,14.20121742195375,1163 ± 14.2,1136.41357421875,1211.7552490234375,1.940387676626244,0.0022496970965876,1.94 ± 0.00225,1.940000057220459,1.9574874639511108,0.3721090606572333,0.227557946985991,0.3721 ± 0.2276,0.0274833136904463,1.5032500055566438,541.996644295302,0.0578311675825976,542 ± 0.05783,541.0,542.0,89.68571047174851,0.0028558831022614,89.69 ± 0.002856,89.6388931274414,89.6877212524414,75.3416748046875,2,1,2,2,2:298,0,0,0.0,model_static,False,mckenzie2003,0,0.0,,0,0.0,,0,0.0,,0,0.0,,298,161515.0,541.996644295302,0,0.0,,0,0.0,,0,0.0,,0,0.0,,0,0.0,,0,0.0,,0,0.0,,0,0.0,,0,0.0,,0,0.0,,0,0,0,0,0,0,298,0,0,0,0,0,0,0,0,0,0,0,0,0,0,0,0,0,0,0,0,0,,,,,,,
static,model_static/summary_timeseries.csv,20,1.7,298,119200.0,1163.0774822875155,14.20121742195375,1163 ± 14.2,1136.41357421875,1211.7552490234375,1.940387676626244,0.0022496970965876,1.94 ± 0.00225,1.940000057220459,1.9574874639511108,0.3721090606572333,0.227557946985991,0.3721 ± 0.2276,0.0274833136904463,1.5032500055566438,538.996644295302,0.0578311675825976,539 ± 0.05783,538.0,539.0,89.69812677370622,0.0030785506846227,89.7 ± 0.003079,89.65201568603516,89.70134735107422,75.3416748046875,2,1,2,2,2:298,0,0,0.0,model_static,False,mckenzie2003,0,0.0,,0,0.0,,0,0.0,,0,0.0,,298,160621.0,538.996644295302,0,0.0,,0,0.0,,0,0.0,,0,0.0,,0,0.0,,0,0.0,,0,0.0,,0,0.0,,0,0.0,,0,0.0,,0,0,0,0,0,0,298,0,0,0,0,0,0,0,0,0,0,0,0,0,0,0,0,0,0,0,0,0,,,,,,,
static,model_static/summary_timeseries.csv,20,1.6,298,119200.0,1163.0774822875155,14.20121742195375,1163 ± 14.2,1136.41357421875,1211.7552490234375,1.940387676626244,0.0022496970965876,1.94 ± 0.00225,1.940000057220459,1.9574874639511108,0.3721090606572333,0.227557946985991,0.3721 ± 0.2276,0.0274833136904463,1.5032500055566438,539.3053691275168,0.4605635933032701,539.3 ± 0.4606,539.0,540.0,88.68921904595906,0.0217683058584805,88.69 ± 0.02177,88.67144775390625,88.7232437133789,75.3416748046875,2,1,2,2,2:298,0,0,0.0,model_static,False,mckenzie2003,0,0.0,,0,0.0,,0,0.0,,0,0.0,,298,160713.0,539.3053691275168,0,0.0,,0,0.0,,0,0.0,,0,0.0,,0,0.0,,0,0.0,,0,0.0,,0,0.0,,0,0.0,,0,0.0,,0,0,0,0,0,0,298,0,0,0,0,0,0,0,0,0,0,0,0,0,0,0,0,0,0,0,0,0,,,,,,,
static,model_static/summary_timeseries.csv,20,1.5,298,119200.0,1163.0774822875155,14.20121742195375,1163 ± 14.2,1136.41357421875,1211.7552490234375,1.940387676626244,0.0022496970965876,1.94 ± 0.00225,1.940000057220459,1.9574874639511108,0.3721090606572333,0.227557946985991,0.3721 ± 0.2276,0.0274833136904463,1.5032500055566438,536.0,0.0,536 ± 0,536.0,536.0,88.10578378254935,0.0017708054925309,88.11 ± 0.001771,88.1004638671875,88.10924530029297,75.3416748046875,2,1,2,2,2:298,0,0,0.0,model_static,False,mckenzie2003,0,0.0,,0,0.0,,0,0.0,,0,0.0,,298,159728.0,536.0,0,0.0,,0,0.0,,0,0.0,,0,0.0,,0,0.0,,0,0.0,,0,0.0,,0,0.0,,0,0.0,,0,0.0,,0,0,0,0,0,0,298,0,0,0,0,0,0,0,0,0,0,0,0,0,0,0,0,0,0,0,0,0,,,,,,,
static,model_static/summary_timeseries.csv,20,1.4,298,119200.0,1163.0774822875155,14.20121742195375,1163 ± 14.2,1136.41357421875,1211.7552490234375,1.940387676626244,0.0022496970965876,1.94 ± 0.00225,1.940000057220459,1.9574874639511108,0.3721090606572333,0.227557946985991,0.3721 ± 0.2276,0.0274833136904463,1.5032500055566438,538.0,0.0,538 ± 0,538.0,538.0,87.6593901102975,0.0040574816863106,87.66 ± 0.004057,87.65099334716797,87.666259765625,75.3416748046875,2,1,2,2,2:298,0,0,0.0,model_static,False,mckenzie2003,0,0.0,,0,0.0,,0,0.0,,0,0.0,,298,160324.0,538.0,0,0.0,,0,0.0,,0,0.0,,0,0.0,,0,0.0,,0,0.0,,0,0.0,,0,0.0,,0,0.0,,0,0.0,,0,0,0,0,0,0,298,0,0,0,0,0,0,0,0,0,0,0,0,0,0,0,0,0,0,0,0,0,,,,,,,
static,model_static/summary_timeseries.csv,20,1.3,298,119200.0,1163.0774822875155,14.20121742195375,1163 ± 14.2,1136.41357421875,1211.7552490234375,1.940387676626244,0.0022496970965876,1.94 ± 0.00225,1.940000057220459,1.9574874639511108,0.3721090606572333,0.227557946985991,0.3721 ± 0.2276,0.0274833136904463,1.5032500055566438,535.9865771812081,0.1150766993253842,536 ± 0.1151,535.0,536.0,90.48271002545452,0.0055537913482285,90.48 ± 0.005554,90.4322509765625,90.48673248291016,75.3416748046875,2,1,2,2,2:298,0,0,0.0,model_static,False,mckenzie2003,0,0.0,,0,0.0,,0,0.0,,0,0.0,,298,159724.0,535.9865771812081,0,0.0,,0,0.0,,0,0.0,,0,0.0,,0,0.0,,0,0.0,,0,0.0,,0,0.0,,0,0.0,,0,0.0,,0,0,0,0,0,0,298,0,0,0,0,0,0,0,0,0,0,0,0,0,0,0,0,0,0,0,0,0,,,,,,,
static,model_static/summary_timeseries.csv,20,1.2,298,119200.0,1163.0774822875155,14.20121742195375,1163 ± 14.2,1136.41357421875,1211.7552490234375,1.940387676626244,0.0022496970965876,1.94 ± 0.00225,1.940000057220459,1.9574874639511108,0.3721090606572333,0.227557946985991,0.3721 ± 0.2276,0.0274833136904463,1.5032500055566438,544.0,0.0,544 ± 0,544.0,544.0,90.7913251787224,0.0033511703760595,90.79 ± 0.003351,90.78722381591795,90.7985382080078,75.3416748046875,2,1,2,2,2:298,0,0,0.0,model_static,False,mckenzie2003,0,0.0,,0,0.0,,0,0.0,,0,0.0,,298,162112.0,544.0,0,0.0,,0,0.0,,0,0.0,,0,0.0,,0,0.0,,0,0.0,,0,0.0,,0,0.0,,0,0.0,,0,0.0,,0,0,0,0,0,0,298,0,0,0,0,0,0,0,0,0,0,0,0,0,0,0,0,0,0,0,0,0,,,,,,,
static,model_static/summary_timeseries.csv,20,1.1,298,119200.0,1163.0774822875155,14.20121742195375,1163 ± 14.2,1136.41357421875,1211.7552490234375,1.940387676626244,0.0022496970965876,1.94 ± 0.00225,1.940000057220459,1.9574874639511108,0.3721090606572333,0.227557946985991,0.3721 ± 0.2276,0.0274833136904463,1.5032500055566438,542.993288590604,0.0816478191986338,543 ± 0.08165,542.0,543.0,90.5101775611007,0.0046714796422462,90.51 ± 0.004671,90.45374298095705,90.51238250732422,75.3416748046875,2,1,2,2,2:298,0,0,0.0,model_static,False,mckenzie2003,0,0.0,,0,0.0,,0,0.0,,0,0.0,,298,161812.0,542.993288590604,0,0.0,,0,0.0,,0,0.0,,0,0.0,,0,0.0,,0,0.0,,0,0.0,,0,0.0,,0,0.0,,0,0.0,,0,0,0,0,0,0,298,0,0,0,0,0,0,0,0,0,0,0,0,0,0,0,0,0,0,0,0,0,,,,,,,
static,model_static/summary_timeseries.csv,20,1.0,298,119200.0,1163.0774822875155,14.20121742195375,1163 ± 14.2,1136.41357421875,1211.7552490234375,1.940387676626244,0.0022496970965876,1.94 ± 0.00225,1.940000057220459,1.9574874639511108,0.3721090606572333,0.227557946985991,0.3721 ± 0.2276,0.0274833136904463,1.5032500055566438,546.996644295302,0.0578311675825976,547 ± 0.05783,546.0,547.0,89.8959820382547,0.0032018487060001,89.9 ± 0.003202,89.85053253173828,89.89881134033203,75.3416748046875,2,1,2,2,2:298,0,0,0.0,model_static,False,mckenzie2003,0,0.0,,0,0.0,,0,0.0,,0,0.0,,298,163005.0,546.996644295302,0,0.0,,0,0.0,,0,0.0,,0,0.0,,0,0.0,,0,0.0,,0,0.0,,0,0.0,,0,0.0,,0,0.0,,0,0,0,0,0,0,298,0,0,0,0,0,0,0,0,0,0,0,0,0,0,0,0,0,0,0,0,0,,,,,,,
static,model_static/summary_timeseries.csv,20,0.9,298,119200.0,1163.0774822875155,14.20121742195375,1163 ± 14.2,1136.41357421875,1211.7552490234375,1.940387676626244,0.0022496970965876,1.94 ± 0.00225,1.940000057220459,1.9574874639511108,0.3721090606572333,0.227557946985991,0.3721 ± 0.2276,0.0274833136904463,1.5032500055566438,546.0,0.0,546 ± 0,546.0,546.0,91.09030409947336,0.00181357839959,91.09 ± 0.001814,91.08050537109376,91.09243774414062,75.3416748046875,2,1,2,2,2:298,0,0,0.0,model_static,False,mckenzie2003,0,0.0,,0,0.0,,0,0.0,,0,0.0,,298,162708.0,546.0,0,0.0,,0,0.0,,0,0.0,,0,0.0,,0,0.0,,0,0.0,,0,0.0,,0,0.0,,0,0.0,,0,0.0,,0,0,0,0,0,0,298,0,0,0,0,0,0,0,0,0,0,0,0,0,0,0,0,0,0,0,0,0,,,,,,,
static,model_static/summary_timeseries.csv,20,0.8,298,119200.0,1163.0774822875155,14.20121742195375,1163 ± 14.2,1136.41357421875,1211.7552490234375,1.940387676626244,0.0022496970965876,1.94 ± 0.00225,1.940000057220459,1.9574874639511108,0.3721090606572333,0.227557946985991,0.3721 ± 0.2276,0.0274833136904463,1.5032500055566438,546.8087248322148,0.3933051969831636,546.8 ± 0.3933,546.0,547.0,88.35896178379954,0.0184763047190423,88.36 ± 0.01848,88.32038879394531,88.37102508544922,75.3416748046875,2,1,2,2,2:298,0,0,0.0,model_static,False,mckenzie2003,0,0.0,,0,0.0,,0,0.0,,0,0.0,,298,162949.0,546.8087248322148,0,0.0,,0,0.0,,0,0.0,,0,0.0,,0,0.0,,0,0.0,,0,0.0,,0,0.0,,0,0.0,,0,0.0,,0,0,0,0,0,0,298,0,0,0,0,0,0,0,0,0,0,0,0,0,0,0,0,0,0,0,0,0,,,,,,,
static,model_static/summary_timeseries.csv,20,0.7,298,119200.0,1163.0774822875155,14.20121742195375,1163 ± 14.2,1136.41357421875,1211.7552490234375,1.940387676626244,0.0022496970965876,1.94 ± 0.00225,1.940000057220459,1.9574874639511108,0.3721090606572333,0.227557946985991,0.3721 ± 0.2276,0.0274833136904463,1.5032500055566438,544.0973154362416,0.2963868116342489,544.1 ± 0.2964,544.0,545.0,90.01922085141176,0.0133617938878907,90.02 ± 0.01336,90.01060485839844,90.05976104736328,75.3416748046875,2,1,2,2,2:298,0,0,0.0,model_static,False,mckenzie2003,0,0.0,,0,0.0,,0,0.0,,0,0.0,,298,162141.0,544.0973154362416,0,0.0,,0,0.0,,0,0.0,,0,0.0,,0,0.0,,0,0.0,,0,0.0,,0,0.0,,0,0.0,,0,0.0,,0,0,0,0,0,0,298,0,0,0,0,0,0,0,0,0,0,0,0,0,0,0,0,0,0,0,0,0,,,,,,,
static,model_static/summary_timeseries.csv,20,0.6,298,119200.0,1163.0774822875155,14.20121742195375,1163 ± 14.2,1136.41357421875,1211.7552490234375,1.940387676626244,0.0022496970965876,1.94 ± 0.00225,1.940000057220459,1.9574874639511108,0.3721090606572333,0.227557946985991,0.3721 ± 0.2276,0.0274833136904463,1.5032500055566438,542.6275167785235,0.4834661013918052,542.6 ± 0.4835,542.0,543.0,90.77909228945738,0.0211929293018339,90.78 ± 0.02119,90.74942779541016,90.79683685302734,75.3416748046875,2,1,2,2,2:298,0,0,0.0,model_static,False,mckenzie2003,0,0.0,,0,0.0,,0,0.0,,0,0.0,,298,161703.0,542.6275167785235,0,0.0,,0,0.0,,0,0.0,,0,0.0,,0,0.0,,0,0.0,,0,0.0,,0,0.0,,0,0.0,,0,0.0,,0,0,0,0,0,0,298,0,0,0,0,0,0,0,0,0,0,0,0,0,0,0,0,0,0,0,0,0,,,,,,,
static,model_static/summary_timeseries.csv,20,0.5,298,119200.0,1163.0774822875155,14.20121742195375,1163 ± 14.2,1136.41357421875,1211.7552490234375,1.940387676626244,0.0022496970965876,1.94 ± 0.00225,1.940000057220459,1.9574874639511108,0.3721090606572333,0.227557946985991,0.3721 ± 0.2276,0.0274833136904463,1.5032500055566438,553.0335570469799,0.1800860116107213,553 ± 0.1801,553.0,554.0,89.86954511092013,0.0086272561253593,89.87 ± 0.008627,89.8576889038086,89.91280364990234,75.3416748046875,2,1,2,2,2:298,0,0,0.0,model_static,False,mckenzie2003,0,0.0,,0,0.0,,0,0.0,,0,0.0,,298,164804.0,553.0335570469799,0,0.0,,0,0.0,,0,0.0,,0,0.0,,0,0.0,,0,0.0,,0,0.0,,0,0.0,,0,0.0,,0,0.0,,0,0,0,0,0,0,298,0,0,0,0,0,0,0,0,0,0,0,0,0,0,0,0,0,0,0,0,0,,,,,,,
static,model_static/summary_timeseries.csv,20,0.4,298,119200.0,1163.0774822875155,14.20121742195375,1163 ± 14.2,1136.41357421875,1211.7552490234375,1.940387676626244,0.0022496970965876,1.94 ± 0.00225,1.940000057220459,1.9574874639511108,0.3721090606572333,0.227557946985991,0.3721 ± 0.2276,0.0274833136904463,1.5032500055566438,546.0973154362416,0.2963868116342489,546.1 ± 0.2964,546.0,547.0,83.57117935795112,0.0152840523601155,83.57 ± 0.01528,83.56153106689453,83.6166000366211,75.3416748046875,2,1,2,2,2:298,0,0,0.0,model_static,False,mckenzie2003,0,0.0,,0,0.0,,0,0.0,,0,0.0,,298,162737.0,546.0973154362416,0,0.0,,0,0.0,,0,0.0,,0,0.0,,0,0.0,,0,0.0,,0,0.0,,0,0.0,,0,0.0,,0,0.0,,0,0,0,0,0,0,298,0,0,0,0,0,0,0,0,0,0,0,0,0,0,0,0,0,0,0,0,0,,,,,,,
static,model_static/summary_timeseries.csv,20,0.3,298,119200.0,1163.0774822875155,14.20121742195375,1163 ± 14.2,1136.41357421875,1211.7552490234375,1.940387676626244,0.0022496970965876,1.94 ± 0.00225,1.940000057220459,1.9574874639511108,0.3721090606572333,0.227557946985991,0.3721 ± 0.2276,0.0274833136904463,1.5032500055566438,535.2248322147651,3.012243607185402,535.2 ± 3.012,523.0,536.0,81.5695244961937,0.4098517801914296,81.57 ± 0.4099,79.90178680419922,81.67343139648438,75.3416748046875,2,1,2,2,2:298,0,0,0.0,model_static,False,mckenzie2003,0,0.0,,0,0.0,,0,0.0,,0,0.0,,281,150606.0,535.9644128113879,0,0.0,,17,8891.0,523.0,0,0.0,,0,0.0,,0,0.0,,0,0.0,,0,0.0,,0,0.0,,0,0.0,,0,0.0,,0,0,0,0,0,0,298,0,0,0,0,0,0,0,0,0,0,0,0,0,0,0,0,0,0,0,0,0,,,,,,,
static,model_static/summary_timeseries.csv,20,0.2,298,119200.0,1163.0774822875155,14.20121742195375,1163 ± 14.2,1136.41357421875,1211.7552490234375,1.940387676626244,0.0022496970965876,1.94 ± 0.00225,1.940000057220459,1.9574874639511108,0.3721090606572333,0.227557946985991,0.3721 ± 0.2276,0.0274833136904463,1.5032500055566438,537.4429530201343,4.876161090896206,537.4 ± 4.876,522.0,539.0,83.59371262108719,0.5518572160762228,83.59 ± 0.5519,81.84465789794922,83.77188873291016,75.3416748046875,2,1,2,2,2:298,0,0,0.0,model_static,False,mckenzie2003,0,0.0,,0,0.0,,0,0.0,,0,0.0,,271,146064.0,538.9815498154982,0,0.0,,27,14094.0,522.0,0,0.0,,0,0.0,,0,0.0,,0,0.0,,0,0.0,,0,0.0,,0,0.0,,0,0.0,,0,0,0,0,0,0,298,0,0,0,0,0,0,0,0,0,0,0,0,0,0,0,0,0,0,0,0,0,,,,,,,
static,model_static/summary_timeseries.csv,20,0.1,298,119200.0,1163.0774822875155,14.20121742195375,1163 ± 14.2,1136.41357421875,1211.7552490234375,1.940387676626244,0.0022496970965876,1.94 ± 0.00225,1.940000057220459,1.9574874639511108,0.3721090606572333,0.227557946985991,0.3721 ± 0.2276,0.0274833136904463,1.5032500055566438,558.989932885906,0.0998286898029766,559 ± 0.09983,558.0,559.0,84.24952505738943,0.0056017867235764,84.25 ± 0.005602,84.20401000976562,84.25670623779297,75.3416748046875,2,1,2,2,2:298,0,0,0.0,model_static,False,mckenzie2003,0,0.0,,0,0.0,,0,0.0,,0,0.0,,298,166579.0,558.989932885906,0,0.0,,0,0.0,,0,0.0,,0,0.0,,0,0.0,,0,0.0,,0,0.0,,0,0.0,,0,0.0,,0,0.0,,0,0,0,0,0,0,298,0,0,0,0,0,0,0,0,0,0,0,0,0,0,0,0,0,0,0,0,0,,,,,,,
static,model_static/summary_timeseries.csv,20,0.0,298,119200.0,1163.0774822875155,14.20121742195375,1163 ± 14.2,1136.41357421875,1211.7552490234375,1.940387676626244,0.0022496970965876,1.94 ± 0.00225,1.940000057220459,1.9574874639511108,0.3721090606572333,0.227557946985991,0.3721 ± 0.2276,0.0274833136904463,1.5032500055566438,614.9798657718121,0.1404593928621231,615 ± 0.1405,614.0,615.0,93.32085805291295,0.0061648481198098,93.32 ± 0.006165,93.27745056152344,93.3244400024414,75.3416748046875,1,1,1,1,1:298,0,0,0.0,model_static,False,mckenzie2003,0,0.0,,0,0.0,,0,0.0,,0,0.0,,298,183264.0,614.9798657718121,0,0.0,,0,0.0,,0,0.0,,0,0.0,,0,0.0,,0,0.0,,0,0.0,,0,0.0,,0,0.0,,0,0.0,,0,0,0,0,0,0,298,0,0,0,0,0,0,0,0,0,0,0,0,0,0,0,0,0,0,0,0,0,,,,,,,
dynamic,model_dynamic/summary_timeseries.csv,20,21.0,298,119200.0,1163.0774822875155,14.20121742195375,1163 ± 14.2,1136.41357421875,1211.7552490234375,1.940387676626244,0.0022496970965876,1.94 ± 0.00225,1.940000057220459,1.9574874639511108,0.3721090606572333,0.227557946985991,0.3721 ± 0.2276,0.0274833136904463,1.5032500055566438,270.0,0.0,270 ± 0,270.0,270.0,54.4341240953279,0.0033940222320541,54.43 ± 0.003394,54.42782974243164,54.43901824951172,75.3416748046875,0,1,0,0,0:298,0,0,0.0,model_dynamic,True,mckenzie2003,0,0.0,,0,0.0,,0,0.0,,0,0.0,,0,0.0,,0,0.0,,298,80460.0,270.0,0,0.0,,0,0.0,,0,0.0,,0,0.0,,0,0.0,,0,0.0,,0,0.0,,0,0.0,,0,0,0,0,0,0,0,298,0,0,0,0,0,0,0,0,0,0,0,0,0,0,0,0,0,0,0,0,16.0,18.0,18.0,0.00625,0.0062500000000013,0.025,0.0184963292449345
dynamic,model_dynamic/summary_timeseries.csv,20,20.9,298,119200.0,1163.080242267485,14.193633172114271,1163 ± 14.19,1136.437064222636,1211.649744411344,1.9237786434891877,0.0536237968864974,1.924 ± 0.05362,1.645742079046716,2.070870316356021,0.3712721273491519,0.2264072049382381,0.3713 ± 0.2264,0.0329835566946363,1.4938363782754716,284.0,0.0,284 ± 0,284.0,284.0,54.695966349352126,0.0016147832235265,54.7 ± 0.001615,54.69206619262695,54.69884490966797,75.21268018870796,0,1,0,0,0:298,0,0,0.0,model_dynamic,True,mckenzie2003,0,0.0,,0,0.0,,0,0.0,,0,0.0,,0,0.0,,0,0.0,,298,84632.0,284.0,0,0.0,,0,0.0,,0,0.0,,0,0.0,,0,0.0,,0,0.0,,0,0.0,,0,0.0,,0,0,0,0,0,0,0,298,0,0,0,0,0,0,0,0,0,0,0,0,0,0,0,0,0,0,0,0,16.0,18.0,18.0,0.0062499999999998,0.0062499999999998,0.025,0.0179861401905072
dynamic,model_dynamic/summary_timeseries.csv,20,20.8,298,119200.0,1163.0832561949237,14.186454923710976,1163 ± 14.19,1136.4605558225028,1211.5495372168407,1.907509796958099,0.1057762801212548,1.908 ± 0.1058,1.361702938560625,2.1921951475633685,0.3704579266558777,0.2252859039127512,0.3705 ± 0.2253,0.0384910645797289,1.4846011096334195,285.8489932885906,0.3580554210156793,285.8 ± 0.3581,285.0,286.0,54.80181564740687,0.018647618949135,54.8 ± 0.01865,54.7552375793457,54.8132438659668,75.0889813943379,0,1,0,0,0:298,0,0,0.0,model_dynamic,True,mckenzie2003,0,0.0,,0,0.0,,0,0.0,,0,0.0,,0,0.0,,0,0.0,,298,85183.0,285.8489932885906,0,0.0,,0,0.0,,0,0.0,,0,0.0,,0,0.0,,0,0.0,,0,0.0,,0,0.0,,0,0,0,0,0,0,0,298,0,0,0,0,0,0,0,0,0,0,0,0,0,0,0,0,0,0,0,0,16.0,18.0,18.0,0.00625,0.0062500000000013,0.025,0.0175389480955771
dynamic,model_dynamic/summary_timeseries.csv,20,20.7,298,119200.0,1163.085546389119,14.180843884624748,1163 ± 14.18,1136.484088346533,1211.4550504986555,1.890552511945898,0.157726420688274,1.891 ± 0.1577,1.0873003179720322,2.30534120927777,0.3697046780436279,0.2242048089249617,0.3697 ± 0.2242,0.0385997419659934,1.4755905531577638,282.3255033557047,0.4685626117496773,282.3 ± 0.4686,282.0,283.0,55.82378560264639,0.0203520521087586,55.82 ± 0.02035,55.8046760559082,55.85511016845703,74.97096215212264,0,1,0,0,0:298,0,0,0.0,model_dynamic,True,mckenzie2003,0,0.0,,0,0.0,,0,0.0,,0,0.0,,0,0.0,,0,0.0,,298,84133.0,282.3255033557047,0,0.0,,0,0.0,,0,0.0,,0,0.0,,0,0.0,,0,0.0,,0,0.0,,0,0.0,,0,0,0,0,0,0,0,298,0,0,0,0,0,0,0,0,0,0,0,0,0,0,0,0,0,0,0,0,16.0,18.0,18.0,0.0062499999999998,0.0062499999999998,0.025,0.0168333644894331
dynamic,model_dynamic/summary_timeseries.csv,20,20.6,298,119200.0,1163.0883395531132,14.175380745945372,1163 ± 14.18,1136.5077170915729,1211.3642444542418,1.8741651021124923,0.2084303205782631,1.874 ± 0.2084,0.8274813575518278,2.41333124125973,0.3689598805078725,0.2231386718467455,0.369 ± 0.2231,0.0387024573350955,1.4666728573786476,285.0,0.0,285 ± 0,285.0,285.0,55.60274413448053,0.0013418346107851,55.6 ± 0.001342,55.59366226196289,55.604713439941406,74.85652736266911,0,1,0,0,0:298,0,0,0.0,model_dynamic,True,mckenzie2003,0,0.0,,0,0.0,,0,0.0,,0,0.0,,0,0.0,,0,0.0,,298,84930.0,285.0,0,0.0,,0,0.0,,0,0.0,,0,0.0,,0,0.0,,0,0.0,,0,0.0,,0,0.0,,0,0,0,0,0,0,0,298,0,0,0,0,0,0,0,0,0,0,0,0,0,0,0,0,0,0,0,0,16.0,18.0,18.0,0.00625,0.0062500000000013,0.025,0.0165205256379743
dynamic,model_dynamic/summary_timeseries.csv,20,20.5,298,119200.0,1163.0914665315918,14.1703495468265,1163 ± 14.17,1136.5313627824896,1211.278890341533,1.8581644861985989,0.2578989773074882,1.858 ± 0.2579,0.5771544933152888,2.515171426866864,0.3682419651661687,0.2220937544198845,0.3682 ± 0.2221,0.0387980458083193,1.4580024576044477,287.98993288590606,0.0998286898029766,288 ± 0.09983,287.0,288.0,53.00015856595648,0.0051195478820823,53 ± 0.00512,52.9512939453125,53.0036506652832,74.74752755904342,0,1,0,0,0:298,0,0,0.0,model_dynamic,True,mckenzie2003,0,0.0,,0,0.0,,0,0.0,,0,0.0,,0,0.0,,0,0.0,,298,85821.0,287.98993288590606,0,0.0,,0,0.0,,0,0.0,,0,0.0,,0,0.0,,0,0.0,,0,0.0,,0,0.0,,0,0,0,0,0,0,0,298,0,0,0,0,0,0,0,0,0,0,0,0,0,0,0,0,0,0,0,0,16.0,18.0,18.0,0.00625,0.0062500000000013,0.025,0.0169483141065071
dynamic,model_dynamic/summary_timeseries.csv,20,20.4,298,119200.0,1163.0942619566663,14.166058496869931,1163 ± 14.17,1136.5548720098986,1211.2023934135866,1.8418404654097005,0.305374948259287,1.842 ± 0.3054,0.3256042444987412,2.6080028955362264,0.3676202817666548,0.2211061930834502,0.3676 ± 0.2211,0.038883560029122,1.449888880354356,281.0,0.0,281 ± 0,281.0,281.0,52.765089751890045,0.003054840367814,52.77 ± 0.003055,52.76165390014648,52.771034240722656,74.64752140368796,0,1,0,0,0:298,0,0,0.0,model_dynamic,True,mckenzie2003,0,0.0,,0,0.0,,0,0.0,,0,0.0,,0,0.0,,0,0.0,,298,83738.0,281.0,0,0.0,,0,0.0,,0,0.0,,0,0.0,,0,0.0,,0,0.0,,0,0.0,,0,0.0,,0,0,0,0,0,0,0,298,0,0,0,0,0,0,0,0,0,0,0,0,0,0,0,0,0,0,0,0,16.0,18.0,18.0,0.0062499999999998,0.0062499999999998,0.025,0.0166341228275394
dynamic,model_dynamic/summary_timeseries.csv,20,20.3,298,119200.0,1163.0971965562835,14.16215088066933,1163 ± 14.16,1136.5783874199828,1211.1305234039116,1.8257364992540792,0.3517111395946533,1.826 ± 0.3517,0.0880483153920156,2.695816116008229,0.3670366774487764,0.2201489760206459,0.367 ± 0.2201,0.0389630495484862,1.4420089671402685,283.93959731543623,1.0409610164867569,283.9 ± 1.041,266.0,284.0,54.53768504866017,0.0502312108642137,54.54 ± 0.05023,53.67789840698242,54.5452995300293,74.55213598392879,0,1,0,0,0:298,0,0,0.0,model_dynamic,True,mckenzie2003,0,0.0,,0,0.0,,0,0.0,,0,0.0,,0,0.0,,0,0.0,,297,84348.0,284.0,1,266.0,266.0,0,0.0,,0,0.0,,0,0.0,,0,0.0,,0,0.0,,0,0.0,,0,0.0,,0,0,0,0,0,0,0,297,1,0,0,0,0,0,0,0,0,0,0,0,0,0,0,0,0,0,0,0,11.0,12.0,12.0,0.00625,0.0125,0.025,0.0245895412510942
dynamic,model_dynamic/summary_timeseries.csv,20,20.2,298,119200.0,1163.1012468009908,14.157997275948144,1163 ± 14.16,1136.602049417712,1211.0598375465386,1.8109475618601223,0.3941558660563982,1.811 ± 0.3942,0.0,2.7791536171971303,0.3664321547147675,0.2192165399103594,0.3664 ± 0.2192,0.038538356868692,1.4340693459218443,283.0469798657718,16.424051593457715,283 ± 16.42,0.0,284.0,53.63815874701378,0.4170431509477704,53.64 ± 0.417,53.6090087890625,60.82529830932617,74.45778812882668,0,2,0,4,0:297; 4:1,1,0,0.0,model_dynamic,True,mckenzie2003,1,0.0,0.0,0,0.0,,0,0.0,,0,0.0,,0,0.0,,0,0.0,,297,84348.0,284.0,0,0.0,,0,0.0,,0,0.0,,0,0.0,,0,0.0,,0,0.0,,0,0.0,,0,0.0,,0,0,0,0,0,0,0,297,0,0,0,0,0,0,0,0,0,0,0,0,0,0,0,0,0,0,0,0,8.0,9.0,9.0,0.0124999999999997,0.0124999999999997,0.025,0.024027352498122
dynamic,model_dynamic/summary_timeseries.csv,20,20.1,298,119200.0,1163.1052310643206,14.154762170017516,1163 ± 14.15,1136.6256775665634,1210.994195467696,1.7962065367464533,0.4344319390897461,1.796 ± 0.4344,0.0,2.853550674322853,0.3658863363729961,0.2183654265377457,0.3659 ± 0.2184,0.0373490483940996,1.4264230385742138,290.0234899328859,16.828869766535902,290 ± 16.83,0.0,291.0,57.60161404961708,0.4230944259399018,57.6 ± 0.4231,57.572410583496094,64.8930435180664,74.36851790113269,0,2,0,4,0:297; 4:1,1,0,0.0,model_dynamic,True,mckenzie2003,1,0.0,0.0,0,0.0,,0,0.0,,0,0.0,,0,0.0,,0,0.0,,297,86427.0,291.0,0,0.0,,0,0.0,,0,0.0,,0,0.0,,0,0.0,,0,0.0,,0,0.0,,0,0.0,,0,0,0,0,0,0,0,297,0,0,0,0,0,0,0,0,0,0,0,0,0,0,0,0,0,0,0,0,8.0,9.0,9.0,0.0125,0.0125000000000014,0.025,0.0222148907965619
dynamic,model_dynamic/summary_timeseries.csv,20,20.0,298,119200.0,1163.1107693867757,14.150801439339608,1163 ± 14.15,1136.649606303047,1210.926840527412,1.783302232200329,0.4724889781299549,1.783 ± 0.4725,0.0,2.9351211344527144,0.3652724552467358,0.217476311390147,0.3653 ± 0.2175,0.0360960266098934,1.4184517860474302,291.8859060402685,17.011654197681864,291.9 ± 17.01,0.0,293.0,56.34725080400505,0.4323210022490542,56.35 ± 0.4323,55.43478012084961,63.692501068115234,74.27723422436497,0,2,0,4,0:297; 4:1,1,0,0.0,model_dynamic,True,mckenzie2003,1,0.0,0.0,0,0.0,,0,0.0,,0,0.0,,0,0.0,,0,0.0,,295,86435.0,293.0,2,547.0,273.5,0,0.0,,0,0.0,,0,0.0,,0,0.0,,0,0.0,,0,0.0,,0,0.0,,0,0,0,0,0,0,0,295,2,0,0,0,0,0,0,0,0,0,0,0,0,0,0,0,0,0,0,0,8.0,9.0,9.0,0.0125,0.0125000000000014,0.025,0.0225924329994734
dynamic,model_dynamic/summary_timeseries.csv,20,19.9,298,119200.0,1163.116286791564,14.147098952156044,1163 ± 14.15,1136.6734816670285,1210.8647225222303,1.7705011252250238,0.5088937922219018,1.771 ± 0.5089,0.0,3.016117525924069,0.3647154343441663,0.2166237153591216,0.3647 ± 0.2166,0.034890516809517,1.4111939638620905,291.38255033557044,29.407481428466248,291.4 ± 29.41,0.0,295.0,55.23379067286549,0.7193188711403944,55.23 ± 0.7193,55.13207244873047,62.36030578613281,74.19124085520207,0,2,0,4,0:295; 4:3,3,0,0.0,model_dynamic,True,mckenzie2003,3,0.0,0.0,0,0.0,,0,0.0,,0,0.0,,0,0.0,,0,0.0,,295,86832.0,294.3457627118644,0,0.0,,0,0.0,,0,0.0,,0,0.0,,0,0.0,,0,0.0,,0,0.0,,0,0.0,,0,0,0,0,0,0,0,295,0,0,0,0,0,0,0,0,0,0,0,0,0,0,0,0,0,0,0,0,8.0,9.0,9.0,0.0124999999999997,0.0124999999999997,0.025,0.0224087568692522
dynamic,model_dynamic/summary_timeseries.csv,20,19.8,298,119200.0,1163.1224636030622,14.143647787972226,1163 ± 14.14,1136.697309698231,1210.8074012071756,1.7585540117876055,0.5418418442548233,1.759 ± 0.5418,0.0,3.0930859874687067,0.3641903036379388,0.2158070702856871,0.3642 ± 0.2158,0.0337287586285739,1.4046459833982132,286.76174496644296,33.609985926835385,286.8 ± 33.61,0.0,291.0,57.65727830413204,0.8449023122256313,57.66 ± 0.8449,56.71173858642578,64.95704650878906,74.1100915089446,0,3,0,4,0:294; 3:1; 4:3,3,0,0.0,model_dynamic,True,mckenzie2003,3,0.0,0.0,0,0.0,,0,0.0,,0,0.0,,0,0.0,,0,0.0,,292,84959.0,290.9554794520548,2,492.0,246.0,0,0.0,,0,0.0,,1,4.0,4.0,0,0.0,,0,0.0,,0,0.0,,0,0.0,,0,0,0,0,0,0,0,292,2,0,0,0,0,0,0,0,0,0,0,0,1,0,0,0,0,0,0,0,8.0,9.0,9.0,0.0125,0.0125000000000014,0.025,0.0210394345498037
dynamic,model_dynamic/summary_timeseries.csv,20,19.7,298,119200.0,1163.1300401217245,14.139686620016198,1163 ± 14.14,1136.721325247806,1210.7506497973418,1.7483722894595684,0.5714421190458421,1.748 ± 0.5714,0.0,3.170864233889536,0.3636407466547666,0.2149876395541357,0.3636 ± 0.215,0.032541917665085,1.397960001364574,280.3020134228188,38.15857142408945,280.3 ± 38.16,0.0,286.0,56.96897917625888,1.0193151351090914,56.97 ± 1.019,55.999019622802734,64.23521423339844,74.02932454953566,0,2,0,4,0:293; 4:5,5,0,0.0,model_dynamic,True,mckenzie2003,5,0.0,0.0,0,0.0,,0,0.0,,0,0.0,,0,0.0,,0,0.0,,290,82939.0,285.996551724138,3,591.0,197.0,0,0.0,,0,0.0,,0,0.0,,0,0.0,,0,0.0,,0,0.0,,0,0.0,,0,0,0,0,0,0,0,290,3,0,0,0,0,0,0,0,0,0,0,0,0,0,0,0,0,0,0,0,8.0,9.0,9.0,0.0124999999999997,0.0124999999999997,0.025,0.0209393252741929
dynamic,model_dynamic/summary_timeseries.csv,20,19.6,298,119200.0,1163.138209043648,14.135661175121095,1163 ± 14.14,1136.7453141428964,1210.6979428365146,1.73899092281531,0.5984707673304699,1.739 ± 0.5985,0.0,3.2455516229415946,0.3631056079561428,0.2142064955836041,0.3631 ± 0.2142,0.0313932930712971,1.3915352699792114,235.1275167785235,36.57479026727776,235.1 ± 36.57,0.0,241.0,51.66901069999541,0.9502589136567936,51.67 ± 0.9503,50.36190414428711,57.770355224609375,73.95262869361818,0,2,0,4,0:291; 4:7,7,0,0.0,model_dynamic,True,mckenzie2003,7,0.0,0.0,0,0.0,,0,0.0,,0,0.0,,0,0.0,,0,0.0,,289,69649.0,241.0,2,419.0,209.5,0,0.0,,0,0.0,,0,0.0,,0,0.0,,0,0.0,,0,0.0,,0,0.0,,0,0,0,0,0,0,0,0,0,289,2,0,0,0,0,0,0,0,0,0,0,0,0,0,0,0,0,0,8.0,9.0,9.0,0.0125,0.0125000000000014,0.025,0.02245943956168
dynamic,model_dynamic/summary_timeseries.csv,20,19.5,298,119200.0,1163.1459301314742,14.132681240180707,1163 ± 14.13,1136.768922711217,1210.6543163712174,1.729086334614816,0.6239493675194306,1.729 ± 0.6239,0.0,3.311216620003552,0.3626879585295736,0.2135328043237337,0.3627 ± 0.2135,0.0303813082781679,1.385984313182464,278.0402684563758,49.120708627169805,278 ± 49.12,0.0,287.0,57.23843822863278,1.328928784751956,57.24 ± 1.329,55.83970642089844,64.74151611328125,73.88539366000032,0,2,0,4,0:289; 4:9,9,0,0.0,model_dynamic,True,mckenzie2003,9,0.0,0.0,0,0.0,,0,0.0,,0,0.0,,0,0.0,,0,0.0,,285,81786.0,286.9684210526316,4,1070.0,267.5,0,0.0,,0,0.0,,0,0.0,,0,0.0,,0,0.0,,0,0.0,,0,0.0,,0,0,0,0,0,0,0,285,4,0,0,0,0,0,0,0,0,0,0,0,0,0,0,0,0,0,0,0,8.0,9.0,9.0,0.0125,0.0125000000000014,0.025,0.0198373756056112
dynamic,model_dynamic/summary_timeseries.csv,20,19.4,298,119200.0,1163.1556712132262,14.128023193819336,1163 ± 14.13,1136.792979381515,1210.6070128911713,1.7217265051847113,0.6466220575985088,1.722 ± 0.6466,0.0,3.3827413011004146,0.36214117505609,0.2127835535963695,0.3621 ± 0.2128,0.029272295934927,1.3798235935011345,274.02013422818794,56.53145110237639,274 ± 56.53,0.0,286.0,55.005439988718734,1.4822575615997764,55.01 ± 1.482,53.82028579711914,62.1518440246582,73.81403350965661,0,2,0,4,0:286; 4:12,12,0,0.0,model_dynamic,True,mckenzie2003,12,0.0,0.0,0,0.0,,0,0.0,,0,0.0,,0,0.0,,0,0.0,,284,81219.0,285.9823943661972,2,439.0,219.5,0,0.0,,0,0.0,,0,0.0,,0,0.0,,0,0.0,,0,0.0,,0,0.0,,0,0,0,0,0,0,0,284,2,0,0,0,0,0,0,0,0,0,0,0,0,0,0,0,0,0,0,0,8.0,9.0,9.0,0.0124999999999997,0.0124999999999997,0.025,0.0201253905129683
dynamic,model_dynamic/summary_timeseries.csv,20,19.3,298,119200.0,1163.1658843575617,14.123618801707012,1163 ± 14.12,1136.8168987968802,1210.5644327473656,1.7149209417678657,0.6670440726042823,1.715 ± 0.667,0.0,3.450035692528032,0.3616262534580149,0.2120837380724775,0.3616 ± 0.2121,0.0282299907065406,1.3740690589343212,274.244966442953,60.81176583462321,274.2 ± 60.81,0.0,288.0,58.04066837233985,1.6089851893851703,58.04 ± 1.609,56.77480697631836,65.35650634765625,73.74753395048538,0,3,0,4,0:284; 3:1; 4:13,13,0,0.0,model_dynamic,True,mckenzie2003,13,0.0,0.0,0,0.0,,0,0.0,,0,0.0,,0,0.0,,0,0.0,,281,80908.0,287.9288256227758,3,810.0,270.0,0,0.0,,0,0.0,,1,7.0,7.0,0,0.0,,0,0.0,,0,0.0,,0,0.0,,0,0,0,0,0,0,0,281,3,0,0,0,0,0,0,0,0,0,0,0,1,0,0,0,0,0,0,0,8.0,9.0,9.0,0.0125,0.0125000000000014,0.025,0.0185384774608941
dynamic,model_dynamic/summary_timeseries.csv,20,19.2,298,119200.0,1163.17700869112,14.118528636310373,1163 ± 14.12,1136.8410589399855,1210.5217187966207,1.709375753646356,0.6865729692587575,1.709 ± 0.6866,0.0,3.519262724442714,0.3610660953605514,0.2113578422453773,0.3611 ± 0.2114,0.0271558246998739,1.368105948945798,268.3993288590604,64.02357681988187,268.4 ± 64.02,0.0,284.0,57.15615116349803,1.7097735758562749,57.16 ± 1.71,55.93770217895508,64.4234619140625,73.68065985663497,0,3,0,4,0:282; 3:1; 4:15,15,0,0.0,model_dynamic,True,mckenzie2003,15,0.0,0.0,0,0.0,,0,0.0,,0,0.0,,0,0.0,,0,0.0,,279,79236.0,284.0,3,742.0,247.33333333333331,0,0.0,,0,0.0,,1,5.0,5.0,0,0.0,,0,0.0,,0,0.0,,0,0.0,,0,0,0,0,0,0,0,279,3,0,0,0,0,0,0,0,0,0,0,0,1,0,0,0,0,0,0,0,8.0,9.0,9.0,0.0124999999999997,0.0124999999999997,0.025,0.018535609401701
dynamic,model_dynamic/summary_timeseries.csv,20,19.1,298,119200.0,1163.1885684121337,14.113661221339871,1163 ± 14.11,1136.865175432974,1210.4822303374992,1.7043781080345002,0.7045251247339429,1.704 ± 0.7045,0.0,3.5858647556659986,0.3605141082378023,0.2106735106599729,0.3605 ± 0.2107,0.02612502089853,1.3623823952050214,267.5704697986577,65.88420338354246,267.6 ± 65.88,0.0,284.0,56.00417632544601,1.7463914955829123,56 ± 1.746,54.4955940246582,63.09620666503906,73.61705490452528,0,2,0,4,0:281; 4:17,17,0,0.0,model_dynamic,True,mckenzie2003,17,0.0,0.0,0,0.0,,0,0.0,,0,0.0,,0,0.0,,0,0.0,,279,79236.0,284.0,2,500.0,250.0,0,0.0,,0,0.0,,0,0.0,,0,0.0,,0,0.0,,0,0.0,,0,0.0,,0,0,0,0,0,0,0,279,2,0,0,0,0,0,0,0,0,0,0,0,0,0,0,0,0,0,0,0,8.0,9.0,9.0,0.0125,0.0125000000000014,0.025,0.0184494089812217
dynamic,model_dynamic/summary_timeseries.csv,20,19.0,298,119200.0,1163.200470117924,14.108761549685044,1163 ± 14.11,1136.889235255812,1210.4458500743642,1.699742956529067,0.7216168647047377,1.7 ± 0.7216,0.0,3.65000628074508,0.3599713548278143,0.2100332473422317,0.36 ± 0.21,0.0251405235356962,1.3569055971988249,267.28859060402687,68.30103080790947,267.3 ± 68.3,0.0,285.0,57.439655572776026,1.8106079357537883,57.44 ± 1.811,56.949520111083984,64.46963500976562,73.55661481855213,0,2,0,4,0:280; 4:18,18,0,0.0,model_dynamic,True,mckenzie2003,18,0.0,0.0,0,0.0,,0,0.0,,0,0.0,,0,0.0,,0,0.0,,279,79514.0,284.9964157706093,1,138.0,138.0,0,0.0,,0,0.0,,0,0.0,,0,0.0,,0,0.0,,0,0.0,,0,0.0,,0,0,0,0,0,0,0,279,1,0,0,0,0,0,0,0,0,0,0,0,0,0,0,0,0,0,0,0,7.0,8.0,8.0,0.0125,0.025,0.025,0.0249948892775361
dynamic,model_dynamic/summary_timeseries.csv,20,18.9,298,119200.0,1163.21279936255,14.103637961273092,1163 ± 14.1,1136.9134209916683,1210.410485002851,1.6957518206725386,0.7381744021914874,1.696 ± 0.7382,0.0,3.7069089049465926,0.3594199706968267,0.2093883054816536,0.3594 ± 0.2094,0.0241587277948825,1.3513952112065029,262.0838926174497,68.40063833360655,262.1 ± 68.4,0.0,280.0,55.61152587480993,1.852354594995668,55.61 ± 1.852,54.334808349609375,62.70753479003906,73.49706401118237,0,2,0,4,0:279; 4:19,19,0,0.0,model_dynamic,True,mckenzie2003,19,0.0,0.0,0,0.0,,0,0.0,,0,0.0,,0,0.0,,0,0.0,,278,77838.0,279.9928057553957,1,263.0,263.0,0,0.0,,0,0.0,,0,0.0,,0,0.0,,0,0.0,,0,0.0,,0,0.0,,0,0,0,0,0,0,0,278,1,0,0,0,0,0,0,0,0,0,0,0,0,0,0,0,0,0,1,0,8.0,9.0,9.0,0.0124999999999997,0.0124999999999997,0.025,0.0178481570828243
dynamic,model_dynamic/summary_timeseries.csv,20,18.8,298,119200.0,1163.22502012867,14.09916813951597,1163 ± 14.1,1136.9374958580297,1210.3784824264442,1.691573092842367,0.7538547185683594,1.692 ± 0.7539,0.0,3.752457077377984,0.3589000390288379,0.2087879157474418,0.3589 ± 0.2088,0.0232377191134144,1.346195054317947,265.31879194630875,65.58489336323404,265.3 ± 65.58,0.0,282.0,56.75215799216456,1.7394457342392329,56.75 ± 1.739,55.34372329711914,63.80343246459961,73.4409865684147,0,2,0,4,0:281; 4:17,17,0,0.0,model_dynamic,True,mckenzie2003,17,0.0,0.0,0,0.0,,0,0.0,,0,0.0,,0,0.0,,0,0.0,,278,78395.0,281.99640287769785,3,670.0,223.33333333333331,0,0.0,,0,0.0,,0,0.0,,0,0.0,,0,0.0,,0,0.0,,0,0.0,,0,0,0,0,0,0,0,278,3,0,0,0,0,0,0,0,0,0,0,0,0,0,0,0,0,0,1,0,7.0,7.0,7.0,0.0125,0.025,0.025,0.0249849451771166
dynamic,model_dynamic/summary_timeseries.csv,20,18.7,298,119200.0,1163.2373691462558,14.094629062297017,1163 ± 14.09,1136.961684108729,1210.3474544054325,1.6876366385234762,0.7693960149480265,1.688 ± 0.7694,0.0,3.7991562164410912,0.3583746706179864,0.2081816057778512,0.3584 ± 0.2082,0.0223264820987792,1.3409753803829074,264.8120805369128,67.0670173818963,264.8 ± 67.07,0.0,282.0,57.86737457377799,1.816937123061964,57.87 ± 1.817,56.47814178466797,65.08209228515625,73.38577029670341,0,3,0,4,0:280; 3:1; 4:17,17,0,0.0,model_dynamic,True,mckenzie2003,17,0.0,0.0,0,0.0,,0,0.0,,0,0.0,,0,0.0,,0,0.0,,277,78113.0,281.9963898916968,3,794.0,264.6666666666667,0,0.0,,0,0.0,,1,7.0,7.0,0,0.0,,0,0.0,,0,0.0,,0,0.0,,0,0,0,0,0,0,0,277,3,0,0,0,0,0,0,0,0,0,0,0,1,0,0,0,0,0,1,0,5.0,5.0,5.0,0.0124999999999997,0.0249999999999994,0.025,0.0244534398722251
dynamic,model_dynamic/summary_timeseries.csv,20,18.6,298,119200.0,1163.2499969978028,14.090011909030602,1163 ± 14.09,1136.98597858043,1210.317453860444,1.684152365067514,0.7847806012061446,1.684 ± 0.7848,0.0,3.847137173702521,0.3578463508939438,0.2075735805085757,0.3578 ± 0.2076,0.0214301935389278,1.335749013813489,262.9161073825503,66.68298492724558,262.9 ± 66.68,0.0,280.0,59.767977029685206,1.9097298808163023,59.77 ± 1.91,58.42446899414063,67.2930908203125,73.33147528001382,0,2,0,4,0:280; 4:18,18,0,0.0,model_dynamic,True,mckenzie2003,18,0.0,0.0,0,0.0,,0,0.0,,0,0.0,,0,0.0,,0,0.0,,277,77560.0,280.0,3,789.0,263.0,0,0.0,,0,0.0,,0,0.0,,0,0.0,,0,0.0,,0,0.0,,0,0.0,,0,0,0,0,0,0,0,277,3,0,0,0,0,0,0,0,0,0,0,0,0,0,0,0,0,0,1,0,6.0,6.0,6.0,0.0125,0.025,0.025,0.0235230079668944
dynamic,model_dynamic/summary_timeseries.csv,20,18.5,298,119200.0,1163.2629059150458,14.085285871957788,1163 ± 14.09,1137.0104381694491,1210.2882114603442,1.681203485230972,0.800137908855492,1.681 ± 0.8001,0.0,3.897772661677158,0.3573052667153587,0.2069565994710948,0.3573 ± 0.207,0.0205415972460996,1.3304584684203824,259.18791946308727,65.90392327003588,259.2 ± 65.9,0.0,277.0,58.99028803678167,1.971257278734371,58.99 ± 1.971,57.69345474243164,66.75037384033203,73.27777329089508,0,2,0,4,0:280; 4:18,18,0,0.0,model_dynamic,True,mckenzie2003,18,0.0,0.0,0,0.0,,0,0.0,,0,0.0,,0,0.0,,0,0.0,,276,76263.0,276.3152173913044,4,975.0,243.75,0,0.0,,0,0.0,,0,0.0,,0,0.0,,0,0.0,,0,0.0,,0,0.0,,0,0,0,0,0,0,0,276,4,0,0,0,0,0,0,0,0,0,0,0,0,0,0,0,0,0,1,0,6.0,6.0,6.0,0.0125,0.025,0.025,0.0237264492145903
dynamic,model_dynamic/summary_timeseries.csv,20,18.4,298,119200.0,1163.275807692921,14.08062962598144,1163 ± 14.08,1137.03486485246,1210.2610124995956,1.6782597396052426,0.8152600633409058,1.678 ± 0.8153,0.0,3.947381047605184,0.3567924541254529,0.2063608119107631,0.3568 ± 0.2064,0.0197052762077686,1.3253474764238478,260.11073825503354,67.84455549410899,260.1 ± 67.84,0.0,278.0,59.308682755335866,2.04573457834628,59.31 ± 2.046,57.93528366088867,67.24256896972656,73.22614764713558,0,3,0,4,0:279; 3:1; 4:18,18,0,0.0,model_dynamic,True,mckenzie2003,18,0.0,0.0,0,0.0,,0,0.0,,0,0.0,,0,0.0,,0,0.0,,277,76987.0,277.93140794223825,2,522.0,261.0,0,0.0,,0,0.0,,1,4.0,4.0,0,0.0,,0,0.0,,0,0.0,,0,0.0,,0,0,0,0,0,0,0,277,2,0,0,0,0,0,0,0,0,0,0,0,1,0,0,0,0,0,1,0,5.0,5.0,5.0,0.0124999999999997,0.0249999999999994,0.025,0.0234635608793548
dynamic,model_dynamic/summary_timeseries.csv,20,18.3,298,119200.0,1163.2888930809852,14.07598111948402,1163 ± 14.08,1137.0593395719875,1210.235071601437,1.67562645259871,0.8301374582685639,1.676 ± 0.8301,0.0,3.9972667615222086,0.3562889650966232,0.2057716285392661,0.3563 ± 0.2058,0.0189067073311203,1.320299487367253,255.006711409396,66.8916781016315,255 ± 66.89,0.0,273.0,57.69613442644977,1.955066056369268,57.7 ± 1.955,56.37781524658203,65.14232635498047,73.17573202944959,0,2,0,4,0:279; 4:19,19,0,0.0,model_dynamic,True,mckenzie2003,19,0.0,0.0,0,0.0,,0,0.0,,0,0.0,,0,0.0,,0,0.0,,276,75348.0,273.0,3,644.0,214.66666666666663,0,0.0,,0,0.0,,0,0.0,,0,0.0,,0,0.0,,0,0.0,,0,0.0,,0,0,0,0,0,0,0,276,3,0,0,0,0,0,0,0,0,0,0,0,0,0,0,0,0,0,1,0,6.0,6.0,6.0,0.0125,0.025,0.025,0.0239582772564149
dynamic,model_dynamic/summary_timeseries.csv,20,18.2,298,119200.0,1163.3019551146072,14.071657788735555,1163 ± 14.07,1137.083716423469,1210.2113197629053,1.6728944747373629,0.8446502766370703,1.673 ± 0.8447,0.0,4.0444407595585945,0.3558158506538979,0.2052117603008859,0.3558 ± 0.2052,0.0181764603554432,1.3154906172457004,280.49328859060404,77.2081751108668,280.5 ± 77.21,0.0,302.0,64.42004870728358,2.584788804448766,64.42 ± 2.585,62.82466125488281,73.94767761230469,73.12760333943629,2,4,1,4,1:3; 2:274; 3:1; 4:20,20,0,0.0,model_dynamic,True,mckenzie2003,20,0.0,0.0,0,0.0,,0,0.0,,0,0.0,,0,0.0,,0,0.0,,276,83303.0,301.82246376811594,1,280.0,280.0,0,0.0,,0,0.0,,1,4.0,4.0,0,0.0,,0,0.0,,0,0.0,,0,0.0,,0,0,0,1,0,0,276,0,0,0,0,0,0,0,0,0,0,0,0,0,1,0,0,0,0,0,1,0,5.0,5.0,5.0,0.0124999999999997,0.0249999999999994,0.025,0.0213884782870234
dynamic,model_dynamic/summary_timeseries.csv,20,18.1,298,119200.0,1163.3158745630883,14.066552456914264,1163 ± 14.07,1137.108648870537,1210.185945635013,1.6719224087169404,0.8590945496790987,1.672 ± 0.8591,0.0,4.103160754191284,0.3552497016350233,0.2045779284294237,0.3552 ± 0.2046,0.0174072428608916,1.3101878114692695,311.8724832214765,85.80341106395159,311.9 ± 85.8,0.0,336.0,69.60387392492102,3.0396427070660472,69.6 ± 3.04,67.81713104248047,80.78278350830078,73.07729676447593,1,3,1,4,1:277; 3:2; 4:19,19,0,0.0,model_dynamic,True,mckenzie2003,19,0.0,0.0,0,0.0,,0,0.0,,0,0.0,,0,0.0,,0,0.0,,273,91697.0,335.8864468864469,4,1230.0,307.5,0,0.0,,0,0.0,,2,11.0,5.5,0,0.0,,0,0.0,,0,0.0,,0,0.0,,0,0,0,4,0,0,273,0,0,0,0,0,0,0,0,0,0,0,0,0,2,0,0,0,0,0,1,0,5.0,5.0,5.0,0.0125000000000007,0.025,0.025,0.0249081966159137
dynamic,model_dynamic/summary_timeseries.csv,20,18.0,298,119200.0,1163.3301498702087,14.061270565522364,1163 ± 14.06,1137.1340471893163,1210.1601397082593,1.6721880491383092,0.8732854648746612,1.672 ± 0.8733,0.0,4.172995179747559,0.3546373912236186,0.2038940116170304,0.3546 ± 0.2039,0.0166264939218148,1.3045550412158056,280.3120805369128,68.36081672607929,280.3 ± 68.36,0.0,300.0,63.87307515240356,2.299226443246828,63.87 ± 2.299,62.4250373840332,73.06453704833984,73.02609251894296,2,3,1,4,1:11; 2:272; 4:15,15,0,0.0,model_dynamic,True,mckenzie2003,15,0.0,0.0,0,0.0,,0,0.0,,0,0.0,,0,0.0,,0,0.0,,273,81618.0,298.967032967033,10,1915.0,191.5,0,0.0,,0,0.0,,0,0.0,,0,0.0,,0,0.0,,0,0.0,,0,0.0,,0,0,0,10,0,0,273,0,0,0,0,0,0,0,0,0,0,0,0,0,0,0,0,0,0,0,1,0,7.0,7.0,7.0,0.0125,0.025,0.025,0.0212494038566593
dynamic,model_dynamic/summary_timeseries.csv,20,17.9,298,119200.0,1163.343745142501,14.056888888025531,1163 ± 14.06,1137.159013834223,1210.137165592692,1.6708492812904072,0.8879754233329108,1.671 ± 0.888,0.0,4.230166854339454,0.3541147305597896,0.2032859172284879,0.3541 ± 0.2033,0.0153411316188211,1.2994652981615031,251.38926174496643,69.15076529631264,251.4 ± 69.15,0.0,271.0,55.80099506506184,1.9863914877402704,55.8 ± 1.986,54.41323852539063,63.029563903808594,72.97815175846904,0,3,0,4,0:277; 3:7; 4:14,14,0,0.0,model_dynamic,True,mckenzie2003,14,0.0,0.0,0,0.0,,0,0.0,,0,0.0,,0,0.0,,0,0.0,,272,73712.0,271.0,5,1166.0,233.2,0,0.0,,0,0.0,,7,36.0,5.142857142857143,0,0.0,,0,0.0,,0,0.0,,0,0.0,,0,0,0,0,0,0,0,272,5,0,0,0,0,0,0,0,0,0,0,0,7,0,0,0,0,0,1,0,6.0,7.0,7.0,0.0124999999999997,0.0249999999999994,0.025,0.0242247579218928
dynamic,model_dynamic/summary_timeseries.csv,20,17.8,298,119200.0,1163.356652957436,14.053410552883111,1163 ± 14.05,1137.183357285686,1210.1180845670751,1.668036496728038,0.9017049826742846,1.668 ± 0.9017,0.0,4.273730425859152,0.3537077806536848,0.2027849418642187,0.3537 ± 0.2028,0.0141953963490336,1.295117476842692,245.5738255033557,69.34334563137331,245.6 ± 69.34,0.0,266.0,57.90022794992332,2.119712922349126,57.9 ± 2.12,56.12024688720703,65.48514556884766,72.93472728138909,0,3,0,4,0:276; 3:1; 4:21,21,0,0.0,model_dynamic,True,mckenzie2003,21,0.0,0.0,0,0.0,,0,0.0,,0,0.0,,0,0.0,,0,0.0,,272,72201.0,265.44485294117646,4,976.0,244.0,0,0.0,,0,0.0,,1,4.0,4.0,0,0.0,,0,0.0,,0,0.0,,0,0.0,,0,0,0,0,0,0,0,272,4,0,0,0,0,0,0,0,0,0,0,0,1,0,0,0,0,0,1,0,7.0,7.0,7.0,0.0125,0.025,0.025,0.023176040796587
dynamic,model_dynamic/summary_timeseries.csv,20,17.7,298,119200.0,1163.3698535219037,14.05004457340936,1163 ± 14.05,1137.2078812664397,1210.0993649951674,1.6658227212206504,0.9152725330760776,1.666 ± 0.9153,0.0,4.320041364600067,0.3532890267179587,0.202264097768592,0.3533 ± 0.2023,0.0130769914185314,1.2902068997925125,250.55704697986576,72.51469488200311,250.6 ± 72.51,0.0,272.0,54.58143366103205,2.098127105646927,54.58 ± 2.098,52.847755432128906,61.88651657104492,72.89148372872796,0,3,0,4,0:275; 3:1; 4:22,22,0,0.0,model_dynamic,True,mckenzie2003,22,0.0,0.0,0,0.0,,0,0.0,,0,0.0,,0,0.0,,0,0.0,,271,73711.0,271.99630996309963,4,947.0,236.75,0,0.0,,0,0.0,,1,8.0,8.0,0,0.0,,0,0.0,,0,0.0,,0,0.0,,0,0,0,0,0,0,0,271,4,0,0,0,0,0,0,0,0,0,0,0,1,0,0,0,0,0,1,0,6.0,6.0,6.0,0.0124999999999997,0.0249999999999994,0.025,0.0247347639532469
dynamic,model_dynamic/summary_timeseries.csv,20,17.6,298,119200.0,1163.382888787668,14.047043397282945,1163 ± 14.05,1137.2321772450764,1210.0826528150014,1.6632042632256925,0.9283445048915456,1.663 ± 0.9283,0.0,4.361929672908447,0.3529179212754853,0.2017855970376751,0.3529 ± 0.2018,0.0120874792664178,1.285411635031063,250.55369127516775,74.29999144000776,250.6 ± 74.3,0.0,273.0,55.4100684607589,1.988357913147849,55.41 ± 1.988,53.94091033935547,62.15884017944336,72.85047556992504,0,3,0,4,0:274; 3:1; 4:23,23,0,0.0,model_dynamic,True,mckenzie2003,23,0.0,0.0,0,0.0,,0,0.0,,0,0.0,,0,0.0,,0,0.0,,270,73710.0,273.0,4,949.0,237.25,0,0.0,,0,0.0,,1,6.0,6.0,0,0.0,,0,0.0,,0,0.0,,0,0.0,,0,0,0,0,0,0,0,270,4,0,0,0,0,0,0,0,0,0,0,0,1,0,0,0,0,0,0,0,6.0,7.0,7.0,0.0125,0.025,0.025,0.0243765673668072
dynamic,model_dynamic/summary_timeseries.csv,20,17.5,298,119200.0,1163.3958502212015,14.04411501812675,1163 ± 14.04,1137.2565629686926,1210.0664873156627,1.6606629509170312,0.941342124603504,1.661 ± 0.9413,0.0,4.409116759480928,0.3525202112037728,0.2013143694523449,0.3525 ± 0.2013,0.011096969751498,1.280616720270414,247.9765100671141,75.05141046858297,248 ± 75.05,0.0,271.0,56.74631454160549,2.132649677514799,56.75 ± 2.133,55.17819213867188,63.869140625,72.80992434697009,0,3,0,4,0:273; 3:1; 4:24,24,0,0.0,model_dynamic,True,mckenzie2003,24,0.0,0.0,0,0.0,,0,0.0,,0,0.0,,0,0.0,,0,0.0,,270,73170.0,271.0,3,720.0,240.0,0,0.0,,0,0.0,,1,7.0,7.0,0,0.0,,0,0.0,,0,0.0,,0,0.0,,0,0,0,0,0,0,0,270,3,0,0,0,0,0,0,0,0,0,0,0,1,0,0,0,0,0,0,0,7.0,7.0,7.0,0.0125,0.025,0.025,0.023195593152542
dynamic,model_dynamic/summary_timeseries.csv,20,17.4,298,119200.0,1163.408874680996,14.04129493489193,1163 ± 14.04,1137.281070509567,1210.0507828593995,1.6584011304952877,0.9542376779861828,1.658 ± 0.9542,0.0,4.47033801461996,0.3521107512154762,0.2008315253688021,0.3521 ± 0.2008,0.0100815702475237,1.2758002542686124,247.7214765100671,76.59292471201712,247.7 ± 76.59,0.0,272.0,56.19783310602176,2.131639535265024,56.2 ± 2.132,54.63956451416016,63.21370315551758,72.76971234983262,0,3,0,4,0:272; 3:2; 4:24,24,0,0.0,model_dynamic,True,mckenzie2003,24,0.0,0.0,0,0.0,,0,0.0,,0,0.0,,0,0.0,,0,0.0,,270,73356.0,271.68888888888887,2,455.0,227.5,0,0.0,,0,0.0,,2,10.0,5.0,0,0.0,,0,0.0,,0,0.0,,0,0.0,,0,0,0,0,0,0,0,270,2,0,0,0,0,0,0,0,0,0,0,0,2,0,0,0,0,0,0,0,6.0,6.0,6.0,0.0124999999999997,0.0249999999999994,0.025,0.0234643353151663
dynamic,model_dynamic/summary_timeseries.csv,20,17.3,298,119200.0,1163.4218326734135,14.039013962525992,1163 ± 14.04,1137.3055597219886,1210.0359754761334,1.656107608215828,0.9669987078311716,1.656 ± 0.967,0.0,4.530757375583938,0.3517237385180786,0.2003598003557661,0.3517 ± 0.2004,0.0090889458956486,1.2710740403330152,244.95302013422815,76.20207465780676,245 ± 76.2,0.0,269.0,57.73584149507868,2.0879650095783373,57.74 ± 2.088,56.08694839477539,64.39260864257812,72.73041575414481,0,2,0,4,0:272; 4:26,26,0,0.0,model_dynamic,True,mckenzie2003,26,0.0,0.0,0,0.0,,0,0.0,,0,0.0,,0,0.0,,0,0.0,,270,72619.0,268.9592592592593,2,377.0,188.5,0,0.0,,0,0.0,,0,0.0,,0,0.0,,0,0.0,,0,0.0,,0,0.0,,0,0,0,0,0,0,0,270,2,0,0,0,0,0,0,0,0,0,0,0,0,0,0,0,0,0,0,0,5.0,5.0,5.0,0.0125,0.025,0.025,0.0227476905648337
dynamic,model_dynamic/summary_timeseries.csv,20,17.2,298,119200.0,1163.4352268829498,14.036337820458296,1163 ± 14.04,1137.330190848466,1210.021389778369,1.654473588519972,0.9795350189142976,1.654 ± 0.9795,0.0,4.592476790073217,0.3513206597672482,0.1998714233502941,0.3513 ± 0.1999,0.0080762841631244,1.266304197685097,250.76845637583887,79.13243981987041,250.8 ± 79.13,0.0,276.0,55.43380011488127,2.11827763083391,55.43 ± 2.118,53.517234802246094,62.21543884277344,72.69119892990307,0,3,0,4,0:271; 3:1; 4:26,26,0,0.0,model_dynamic,True,mckenzie2003,26,0.0,0.0,0,0.0,,0,0.0,,0,0.0,,0,0.0,,0,0.0,,269,74229.0,275.9442379182156,2,494.0,247.0,0,0.0,,0,0.0,,1,6.0,6.0,0,0.0,,0,0.0,,0,0.0,,0,0.0,,0,0,0,0,0,0,0,269,2,0,0,0,0,0,0,0,0,0,0,0,1,0,0,0,0,0,1,0,7.0,8.0,8.0,0.0124999999999997,0.0249999999999994,0.025,0.02410933065092
dynamic,model_dynamic/summary_timeseries.csv,20,17.1,298,119200.0,1163.4483213094406,14.0341730634263,1163 ± 14.03,1137.354671879449,1210.0082195258385,1.652361164399034,0.991989747649178,1.652 ± 0.992,0.0,4.651718654757084,0.3509555499074877,0.1994147554254313,0.351 ± 0.1994,0.0071195479911314,1.2617219624224274,252.14429530201343,79.6290644406804,252.1 ± 79.63,0.0,278.0,57.89142023636991,2.080797903461944,57.89 ± 2.081,56.3656005859375,64.60428619384766,72.65354764638937,0,3,0,4,0:271; 3:1; 4:26,26,0,0.0,model_dynamic,True,mckenzie2003,26,0.0,0.0,0,0.0,,0,0.0,,0,0.0,,0,0.0,,0,0.0,,268,74393.0,277.5858208955224,3,742.0,247.33333333333331,0,0.0,,0,0.0,,1,4.0,4.0,0,0.0,,0,0.0,,0,0.0,,0,0.0,,0,0,0,0,0,0,0,268,3,0,0,0,0,0,0,0,0,0,0,0,1,0,0,0,0,0,0,0,7.0,8.0,8.0,0.0125,0.025,0.025,0.0234915993449828
dynamic,model_dynamic/summary_timeseries.csv,20,17.0,298,119200.0,1163.4618199098602,14.031756933979178,1163 ± 14.03,1137.3793775730278,1209.995421799199,1.6509751138354352,1.0045194792043175,1.651 ± 1.005,0.0,4.713244694144116,0.350567877715263,0.1989354754049318,0.3506 ± 0.1989,0.0061242741735032,1.2570395635203426,262.2953020134228,82.88129324446639,262.3 ± 82.88,0.0,289.0,61.16085693820211,2.172546844222792,61.16 ± 2.173,59.535400390625,68.17967987060547,72.6160442261712,0,3,0,4,0:271; 3:1; 4:26,26,0,0.0,model_dynamic,True,mckenzie2003,26,0.0,0.0,0,0.0,,0,0.0,,0,0.0,,0,0.0,,0,0.0,,268,77405.0,288.82462686567163,3,755.0,251.66666666666663,0,0.0,,0,0.0,,1,4.0,4.0,0,0.0,,0,0.0,,0,0.0,,0,0.0,,0,0,0,0,0,0,0,268,3,0,0,0,0,0,0,0,0,0,0,0,1,0,0,0,0,0,0,0,6.0,6.0,6.0,0.0125,0.025,0.025,0.0228272572327413
dynamic,model_dynamic/summary_timeseries.csv,20,16.9,298,119200.0,1163.4757247480914,14.029063965848575,1163 ± 14.03,1137.4043807311325,1209.982704267296,1.6504717517251122,1.017189787065304,1.65 ± 1.017,0.0,4.777969596806231,0.3501491947019202,0.1984293870042134,0.3501 ± 0.1984,0.0050697504870114,1.2521990671185077,259.66107382550337,81.9712007140185,259.7 ± 81.97,0.0,286.0,61.06314564391271,2.1036089855680147,61.06 ± 2.104,59.38379669189453,67.81876373291016,72.57832353616368,0,3,0,4,0:271; 3:2; 4:25,25,0,0.0,model_dynamic,True,mckenzie2003,25,0.0,0.0,0,0.0,,0,0.0,,0,0.0,,0,0.0,,0,0.0,,268,76620.0,285.8955223880597,3,748.0,249.33333333333331,0,0.0,,0,0.0,,2,11.0,5.5,0,0.0,,0,0.0,,0,0.0,,0,0.0,,0,0,0,0,0,0,0,268,3,0,0,0,0,0,0,0,0,0,0,0,2,0,0,0,0,0,1,0,7.0,7.0,7.0,0.0124999999999997,0.0249999999999994,0.025,0.0231897747918193
dynamic,model_dynamic/summary_timeseries.csv,20,16.8,298,119200.0,1163.4896839892049,14.026440767363544,1163 ± 14.03,1137.4294010384456,1209.970293250488,1.6500571468842815,1.029728173967955,1.65 ± 1.03,0.0,4.842288217483512,0.3497394322721208,0.1979311111637806,0.3497 ± 0.1979,0.0040457438790791,1.247412550052036,257.9630872483221,80.4102858699705,258 ± 80.41,0.0,284.0,59.22391136220637,2.0491230950461854,59.22 ± 2.049,57.51707458496094,65.81560516357422,72.54089221204231,0,3,0,4,0:272; 3:2; 4:24,24,0,0.0,model_dynamic,True,mckenzie2003,24,0.0,0.0,0,0.0,,0,0.0,,0,0.0,,0,0.0,,0,0.0,,266,75534.0,283.9624060150376,6,1328.0,221.33333333333331,0,0.0,,0,0.0,,2,11.0,5.5,0,0.0,,0,0.0,,0,0.0,,0,0.0,,0,0,0,0,0,0,0,266,6,0,0,0,0,0,0,0,0,0,0,0,2,0,0,0,0,0,1,0,6.0,6.0,6.0,0.0125,0.025,0.025,0.0242232931950267
dynamic,model_dynamic/summary_timeseries.csv,20,16.7,298,119200.0,1163.503452598028,14.0241094962471,1164 ± 14.02,1137.4542976121318,1209.958335473603,1.6492640028117862,1.042215483313239,1.649 ± 1.042,0.0,4.904503879665501,0.3493586740579424,0.1974579894484771,0.3494 ± 0.1975,0.0030959248323335,1.2427663560585682,267.2852348993289,83.80367667915783,267.3 ± 83.8,0.0,295.0,58.83550878179153,2.0768779058065387,58.84 ± 2.077,57.24041366577149,65.44778442382812,72.50403786147126,0,3,0,4,0:272; 3:1; 4:25,25,0,0.0,model_dynamic,True,mckenzie2003,25,0.0,0.0,0,0.0,,0,0.0,,0,0.0,,0,0.0,,0,0.0,,265,78107.0,294.7433962264151,7,1537.0,219.57142857142856,0,0.0,,0,0.0,,1,7.0,7.0,0,0.0,,0,0.0,,0,0.0,,0,0.0,,0,0,0,0,0,0,0,265,7,0,0,0,0,0,0,0,0,0,0,0,1,0,0,0,0,0,1,0,7.0,8.0,8.0,0.0124999999999997,0.0249999999999994,0.025,0.0249769310776628
dynamic,model_dynamic/summary_timeseries.csv,20,16.6,298,119200.0,1163.5171267337887,14.022024646537282,1164 ± 14.02,1137.479199901945,1209.9468104546345,1.6484101744312756,1.0545336389852449,1.648 ± 1.055,0.0,4.966354518371256,0.3489915680326167,0.1969933751915886,0.349 ± 0.197,0.0022208673792597,1.2381719514441187,267.41946308724835,85.4335678788911,267.4 ± 85.43,0.0,296.0,60.72650608600386,2.164434770604494,60.73 ± 2.164,59.020904541015625,67.46885681152344,72.4676105526894,0,3,0,4,0:271; 3:2; 4:25,25,0,0.0,model_dynamic,True,mckenzie2003,25,0.0,0.0,0,0.0,,0,0.0,,0,0.0,,0,0.0,,0,0.0,,264,78120.0,295.90909090909093,7,1558.0,222.57142857142856,0,0.0,,0,0.0,,2,13.0,6.5,0,0.0,,0,0.0,,0,0.0,,0,0.0,,0,0,0,0,0,0,0,264,7,0,0,0,0,0,0,0,0,0,0,0,2,0,0,0,0,0,0,0,7.0,8.0,8.0,0.0125,0.025,0.025,0.0238532976472771
dynamic,model_dynamic/summary_timeseries.csv,20,16.5,298,119200.0,1163.530781932862,14.01998117599313,1164 ± 14.02,1137.5042809642034,1209.935363490049,1.6478624762244627,1.0666461525736497,1.648 ± 1.067,0.0,5.029435291959121,0.3486311897127278,0.1965089711459522,0.3486 ± 0.1965,0.0015166549708646,1.233516823836344,267.4530201342282,83.60970854728541,267.5 ± 83.61,0.0,296.0,59.84235653461226,2.180662400829924,59.84 ± 2.181,58.11702346801758,66.54609680175781,72.43108252584557,0,2,0,4,0:273; 4:25,25,0,0.0,model_dynamic,True,mckenzie2003,25,0.0,0.0,0,0.0,,0,0.0,,0,0.0,,0,0.0,,0,0.0,,264,77970.0,295.34090909090907,9,1731.0,192.33333333333331,0,0.0,,0,0.0,,0,0.0,,0,0.0,,0,0.0,,0,0.0,,0,0.0,,0,0,0,0,0,0,0,264,9,0,0,0,0,0,0,0,0,0,0,0,0,0,0,0,0,0,1,0,7.0,7.0,7.0,0.0125,0.025,0.025,0.0230860355895737
dynamic,model_dynamic/summary_timeseries.csv,20,16.4,298,119200.0,1163.5445109319712,14.018034317663648,1164 ± 14.02,1137.5293167612883,1209.924078298363,1.6473408303293835,1.0786095674841616,1.647 ± 1.079,0.0,5.091414956316185,0.3482878949135177,0.196040866360387,0.3483 ± 0.196,0.0013556804945363,1.2289475826759355,271.28859060402687,87.271065440467,271.3 ± 87.27,0.0,301.0,63.04178147027957,2.292325058358892,63.04 ± 2.292,61.33185577392578,70.07604217529297,72.3947615370746,0,3,0,4,0:271; 3:2; 4:25,25,0,0.0,model_dynamic,True,mckenzie2003,25,0.0,0.0,0,0.0,,0,0.0,,0,0.0,,0,0.0,,0,0.0,,262,78844.0,300.9312977099237,9,1986.0,220.66666666666663,0,0.0,,0,0.0,,2,14.0,7.0,0,0.0,,0,0.0,,0,0.0,,0,0.0,,0,0,0,0,0,0,0,262,9,0,0,0,0,0,0,0,0,0,0,0,2,0,0,0,0,0,1,0,8.0,9.0,9.0,0.0124999999999997,0.0124999999999997,0.025,0.0155674891551222
dynamic,model_dynamic/summary_timeseries.csv,20,16.3,298,119200.0,1163.55861249167,14.015520858427742,1164 ± 14.02,1137.5546467703296,1209.9126645680426,1.6477109015047002,1.0902309540648831,1.648 ± 1.09,0.0,5.156332053416842,0.3479120036538682,0.195554527288098,0.3479 ± 0.1956,0.0019445316289011,1.2242495274893497,279.2953020134228,86.1936327516262,279.3 ± 86.19,0.0,308.0,62.05553703820145,2.269917175901758,62.06 ± 2.27,60.27244186401367,69.37129211425781,72.35801779771305,0,3,0,4,0:273; 3:2; 4:23,23,0,0.0,model_dynamic,True,mckenzie2003,23,0.0,0.0,0,0.0,,0,0.0,,0,0.0,,0,0.0,,0,0.0,,261,80362.0,307.90038314176246,12,2860.0,238.33333333333331,0,0.0,,0,0.0,,2,8.0,4.0,0,0.0,,0,0.0,,0,0.0,,0,0.0,,0,0,0,0,0,0,0,261,12,0,0,0,0,0,0,0,0,0,0,0,2,0,0,0,0,0,1,0,8.0,9.0,9.0,0.0125,0.0125000000000014,0.025,0.0158079338398286
dynamic,model_dynamic/summary_timeseries.csv,20,16.2,298,119200.0,1163.5725862743125,14.013247750319891,1164 ± 14.01,1137.579933049497,1209.9009711006277,1.6478271854955,1.1020702446476482,1.648 ± 1.102,0.0,5.220181111819897,0.3475552820887944,0.195080397134136,0.3476 ± 0.1951,0.0028306487897569,1.2196176775169345,295.8724832214765,91.18598065673396,295.9 ± 91.19,0.0,327.0,66.35462216882898,2.1524270998508577,66.35 ± 2.152,64.46797943115234,73.31690979003906,72.3210380511307,0,3,0,4,0:273; 3:2; 4:23,23,0,0.0,model_dynamic,True,mckenzie2003,23,0.0,0.0,0,0.0,,0,0.0,,0,0.0,,0,0.0,,0,0.0,,261,85120.0,326.13026819923374,12,3040.0,253.33333333333331,0,0.0,,0,0.0,,2,10.0,5.0,0,0.0,,0,0.0,,0,0.0,,0,0.0,,0,0,0,0,0,0,0,261,12,0,0,0,0,0,0,0,0,0,0,0,2,0,0,0,0,0,1,0,8.0,9.0,9.0,0.0124999999999997,0.0124999999999997,0.025,0.0146370023943853
dynamic,model_dynamic/summary_timeseries.csv,20,16.1,298,119200.0,1163.5872076864996,14.01053746234226,1164 ± 14.01,1137.6056406521502,1209.8888100795027,1.6492999947018003,1.1137540187680477,1.649 ± 1.114,0.0,5.288253567125948,0.3471551734949232,0.194573741722015,0.3472 ± 0.1946,0.0039240834728764,1.2147966013295413,298.5973154362416,88.95507647333575,298.6 ± 88.96,0.0,328.0,66.51814679651453,2.1296380353353825,66.52 ± 2.13,64.72422790527344,73.615234375,72.2831694273525,0,3,0,4,0:275; 3:3; 4:20,20,0,0.0,model_dynamic,True,mckenzie2003,20,0.0,0.0,0,0.0,,0,0.0,,0,0.0,,0,0.0,,0,0.0,,260,85264.0,327.9384615384615,15,3704.0,246.9333333333333,0,0.0,,0,0.0,,3,14.0,4.666666666666667,0,0.0,,0,0.0,,0,0.0,,0,0.0,,0,0,0,0,0,0,0,260,15,0,0,0,0,0,0,0,0,0,0,0,3,0,0,0,0,0,1,0,8.0,9.0,9.0,0.0125,0.0125000000000014,0.025,0.0144030312931706
dynamic,model_dynamic/summary_timeseries.csv,20,16.0,298,119200.0,1163.601784756175,14.007979540139472,1164 ± 14.01,1137.6313955835535,1209.87597331786,1.6507775202812371,1.1256144587705776,1.651 ± 1.126,0.0,5.356303230221528,0.346765361952864,0.1940749169574719,0.3468 ± 0.1941,0.0050606260196906,1.2099857181058091,296.8288590604027,89.12539751715487,296.8 ± 89.13,0.0,326.0,67.84944800562506,2.137519278232612,67.85 ± 2.138,66.07897186279297,75.04060363769531,72.2445777343064,0,3,0,4,0:274; 3:3; 4:21,21,0,0.0,model_dynamic,True,mckenzie2003,21,0.0,0.0,0,0.0,,0,0.0,,0,0.0,,0,0.0,,0,0.0,,261,85059.0,325.8965517241379,13,3381.0,260.0769230769231,0,0.0,,0,0.0,,3,15.0,5.0,0,0.0,,0,0.0,,0,0.0,,0,0.0,,0,0,0,0,0,0,0,261,13,0,0,0,0,0,0,0,0,0,0,0,3,0,0,0,0,0,1,0,8.0,9.0,9.0,0.0124999999999999,0.0124999999999999,0.025,0.0139024961065962
dynamic,model_dynamic/summary_timeseries.csv,20,15.9,298,119200.0,1163.6166841297295,14.005281644059291,1164 ± 14.01,1137.6572954990822,1209.8628166283138,1.6528430000491003,1.1374838822588478,1.653 ± 1.137,0.0,5.425407802029749,0.3463664848459094,0.1935685806147199,0.3464 ± 0.1936,0.0062529574451483,1.205143430653183,298.6140939597315,87.86075432383669,298.6 ± 87.86,0.0,327.0,68.03792666748866,2.144594079917069,68.04 ± 2.145,66.20494842529297,75.34506225585938,72.20552112923156,2,4,1,4,1:15; 2:260; 3:4; 4:19,19,0,0.0,model_dynamic,True,mckenzie2003,19,0.0,0.0,0,0.0,,0,0.0,,0,0.0,,0,0.0,,0,0.0,,261,85328.0,326.9272030651341,14,3637.0,259.7857142857143,0,0.0,,0,0.0,,4,22.0,5.5,0,0.0,,0,0.0,,0,0.0,,0,0.0,,0,0,0,14,0,0,261,0,0,0,0,0,0,0,0,0,0,0,0,0,4,0,0,0,0,0,1,0,8.0,9.0,9.0,0.0124999999999999,0.0124999999999999,0.025,0.0143417237631856
dynamic,model_dynamic/summary_timeseries.csv,20,15.8,298,119200.0,1163.6315080967247,14.002762603427833,1164 ± 14,1137.6832482373206,1209.8493087353334,1.654882654620409,1.1494537924207855,1.655 ± 1.149,0.0,5.49449430275034,0.3459762905492157,0.1930684841156759,0.346 ± 0.1931,0.0074597564057677,1.200307137037785,301.6174496644296,85.7665081701309,301.6 ± 85.77,0.0,329.0,69.03866333929484,2.147528119541793,69.04 ± 2.148,66.65228271484375,76.51022338867188,72.16606049801271,2,4,1,4,1:17; 2:260; 3:2; 4:19,19,0,0.0,model_dynamic,True,mckenzie2003,19,0.0,0.0,0,0.0,,0,0.0,,0,0.0,,0,0.0,,0,0.0,,261,85849.0,328.92337164750955,16,4022.0,251.375,0,0.0,,0,0.0,,2,11.0,5.5,0,0.0,,0,0.0,,0,0.0,,0,0.0,,0,0,0,16,0,0,261,0,0,0,0,0,0,0,0,0,0,0,0,0,2,0,0,0,0,0,1,0,8.0,9.0,9.0,0.0125,0.0125000000000014,0.025,0.0132219977335794
dynamic,model_dynamic/summary_timeseries.csv,20,15.7,298,119200.0,1163.6465072510623,14.000167618847025,1164 ± 14,1137.709325525253,1209.8356121276647,1.6573066001918777,1.1614043278666062,1.657 ± 1.161,0.0,5.5643520295748985,0.3455814327706419,0.1925631756448764,0.3456 ± 0.1926,0.0087030701469107,1.1954446468633118,299.53355704697987,84.31691902374128,299.5 ± 84.32,0.0,327.0,67.8285218309236,2.1745005890141185,67.83 ± 2.175,65.6343002319336,75.5079345703125,72.12628660241171,2,4,1,4,1:18; 2:259; 3:3; 4:18,18,0,0.0,model_dynamic,True,mckenzie2003,18,0.0,0.0,0,0.0,,0,0.0,,0,0.0,,0,0.0,,0,0.0,,261,85086.0,326.0,16,4156.0,259.75,0,0.0,,0,0.0,,3,19.0,6.333333333333333,0,0.0,,0,0.0,,0,0.0,,0,0.0,,0,0,0,16,0,0,261,0,0,0,0,0,0,0,0,0,0,0,0,0,3,0,0,0,0,0,2,0,8.0,9.0,9.0,0.0124999999999999,0.0124999999999999,0.025,0.0148133041201509
dynamic,model_dynamic/summary_timeseries.csv,20,15.6,298,119200.0,1163.6613065787096,13.997760879921383,1164 ± 14,1137.7353320730786,1209.8218243613612,1.6593140693841482,1.173466926700257,1.659 ± 1.173,0.0,5.632770387816721,0.3452055325691724,0.1920770889580809,0.3452 ± 0.1921,0.0099146087445161,1.190644179749685,302.76174496644296,82.94681897555292,302.8 ± 82.95,0.0,329.0,73.88262588705793,2.236094202741821,73.88 ± 2.236,71.64778900146484,81.86506652832031,72.08649228828267,2,4,1,4,1:20; 2:259; 3:1; 4:18,18,0,0.0,model_dynamic,True,mckenzie2003,18,0.0,0.0,0,0.0,,0,0.0,,0,0.0,,0,0.0,,0,0.0,,259,85211.0,329.0,20,5008.0,250.4,0,0.0,,0,0.0,,1,4.0,4.0,0,0.0,,0,0.0,,0,0.0,,0,0.0,,0,0,0,20,0,0,259,0,0,0,0,0,0,0,0,0,0,0,0,0,1,0,0,0,0,0,1,0,8.0,9.0,9.0,0.0124999999999999,0.0124999999999999,0.025,0.0130327641877353
dynamic,model_dynamic/summary_timeseries.csv,20,15.5,298,119200.0,1163.677057754547,13.994989228281447,1164 ± 13.99,1137.761908742547,1209.8081419062246,1.6635830661431237,1.184865075496233,1.664 ± 1.185,0.0,5.706750290937683,0.3447733331452265,0.1915474999938619,0.3448 ± 0.1915,0.011248688587606,1.185649791904698,309.7852348993289,80.34648656162366,309.8 ± 80.35,0.0,334.0,72.83215982321924,2.130321087547413,72.83 ± 2.13,70.38153076171875,81.02873992919922,72.04623316367793,2,4,1,4,1:21; 2:259; 3:5; 4:13,13,0,0.0,model_dynamic,True,mckenzie2003,13,0.0,0.0,0,0.0,,0,0.0,,0,0.0,,0,0.0,,0,0.0,,260,86798.0,333.8384615384616,20,5490.0,274.5,0,0.0,,0,0.0,,5,28.0,5.6,0,0.0,,0,0.0,,0,0.0,,0,0.0,,0,0,0,20,0,0,260,0,0,0,0,0,0,0,0,0,0,0,0,0,5,0,0,0,0,0,1,0,6.0,6.0,6.0,0.0124999999999999,0.0249999999999999,0.025,0.0246155964189485
dynamic,model_dynamic/summary_timeseries.csv,20,15.4,298,119200.0,1163.6923997865674,13.992469264742288,1164 ± 13.99,1137.7884409807216,1209.7938383975295,1.667118824625217,1.1969080946198851,1.667 ± 1.197,0.0,5.779688487649373,0.3443600807612863,0.1910273507655806,0.3444 ± 0.191,0.012572581574101,1.1806613615235029,312.1040268456376,80.68535655438355,312.1 ± 80.69,0.0,337.0,75.60121684746454,2.2035760862551137,75.6 ± 2.204,73.17462921142578,84.1170883178711,72.00539741680814,2,4,1,4,1:21; 2:259; 3:4; 4:14,14,0,0.0,model_dynamic,True,mckenzie2003,14,0.0,0.0,0,0.0,,0,0.0,,0,0.0,,0,0.0,,0,0.0,,260,87384.0,336.0923076923077,20,5593.0,279.65,0,0.0,,0,0.0,,4,30.0,7.5,0,0.0,,0,0.0,,0,0.0,,0,0.0,,0,0,0,20,0,0,260,0,0,0,0,0,0,0,0,0,0,0,0,0,4,0,0,0,0,0,1,0,8.0,9.0,9.0,0.0124999999999999,0.0124999999999999,0.025,0.0131487793311655
dynamic,model_dynamic/summary_timeseries.csv,20,15.3,298,119200.0,1163.708369919735,13.989671198428654,1164 ± 13.99,1137.8152676348486,1209.7795803510764,1.6719581631500808,1.208324044172279,1.672 ± 1.208,0.0,5.8549807021917175,0.343920690891384,0.1904921732486652,0.3439 ± 0.1905,0.0139359550462417,1.1755963001130774,320.48322147651004,74.40773792723168,320.5 ± 74.41,0.0,342.0,78.44955969176837,2.0791497254086444,78.45 ± 2.079,75.99004364013672,87.18846130371094,71.96431271622782,2,4,1,4,1:25; 2:259; 3:7; 4:7,7,0,0.0,model_dynamic,True,mckenzie2003,7,0.0,0.0,0,0.0,,0,0.0,,0,0.0,,0,0.0,,0,0.0,,260,88900.0,341.9230769230769,24,6562.0,273.4166666666667,0,0.0,,0,0.0,,7,42.0,6.0,0,0.0,,0,0.0,,0,0.0,,0,0.0,,0,0,0,24,0,0,260,0,0,0,0,0,0,0,0,0,0,0,0,0,7,0,0,0,0,0,1,0,8.0,9.0,9.0,0.0125,0.0125000000000014,0.025,0.013607844788581
dynamic,model_dynamic/summary_timeseries.csv,20,15.2,298,119200.0,1163.7248962176743,13.986659390771218,1164 ± 13.99,1137.8424073446365,1209.7651282460429,1.6779628176097097,1.2193006167740967,1.678 ± 1.219,0.0,5.932876112753862,0.3434557922114966,0.18993947072835,0.3435 ± 0.1899,0.0153422220595142,1.170436006720756,330.6510067114094,59.63326693911855,330.7 ± 59.63,0.0,348.0,77.1215695630784,1.747922741408528,77.12 ± 1.748,74.85778045654297,86.00505828857422,71.92272090140659,1,3,1,4,1:291; 3:3; 4:4,4,0,0.0,model_dynamic,True,mckenzie2003,4,0.0,0.0,0,0.0,,0,0.0,,0,0.0,,0,0.0,,0,0.0,,261,90561.0,346.97701149425285,30,7957.0,265.2333333333333,0,0.0,,0,0.0,,3,16.0,5.333333333333333,0,0.0,,0,0.0,,0,0.0,,0,0.0,,0,0,0,30,0,0,261,0,0,0,0,0,0,0,0,0,0,0,0,0,3,0,0,0,0,0,0,0,8.0,9.0,9.0,0.0124999999999999,0.0124999999999999,0.025,0.0137335290082762
dynamic,model_dynamic/summary_timeseries.csv,20,15.1,298,119200.0,1163.7406881958284,13.984103987354615,1164 ± 13.98,1137.86949042242,1209.7496305270524,1.682675148020603,1.2315585930819766,1.683 ± 1.232,0.0,6.009471564168332,0.3430194696587484,0.1893975509182665,0.343 ± 0.1894,0.0167263633369925,1.165267142194857,336.3523489932886,60.89169622353178,336.4 ± 60.89,0.0,354.0,76.60265291457208,1.7411767585457272,76.6 ± 1.741,74.23216247558594,85.27074432373047,71.88014010463257,1,3,1,4,1:291; 3:3; 4:4,4,0,0.0,model_dynamic,True,mckenzie2003,4,0.0,0.0,0,0.0,,0,0.0,,0,0.0,,0,0.0,,0,0.0,,262,92499.0,353.0496183206107,29,7716.0,266.0689655172414,0,0.0,,0,0.0,,3,18.0,6.0,0,0.0,,0,0.0,,0,0.0,,0,0.0,,0,0,0,29,0,0,262,0,0,0,0,0,0,0,0,0,0,0,0,0,3,0,0,0,0,0,0,0,8.0,9.0,9.0,0.0124999999999999,0.0124999999999999,0.025,0.0138371275435111
dynamic,model_dynamic/summary_timeseries.csv,20,15.0,298,119200.0,1163.7563542447344,13.981603267011192,1164 ± 13.98,1137.896574010286,1209.7334505603376,1.687136731628056,1.2440518372285017,1.687 ± 1.244,0.0,6.08534751723287,0.3425937405617339,0.1888627510954287,0.3426 ± 0.1889,0.0181012241479934,1.1600884877190254,333.741610738255,61.5782664535057,333.7 ± 61.58,0.0,351.0,74.70493431859369,1.8922565467509416,74.7 ± 1.892,72.2547607421875,84.07473754882812,71.83687655005156,1,3,1,4,1:291; 3:3; 4:4,4,0,0.0,model_dynamic,True,mckenzie2003,4,0.0,0.0,0,0.0,,0,0.0,,0,0.0,,0,0.0,,0,0.0,,263,92248.0,350.7528517110266,28,7190.0,256.7857142857143,0,0.0,,0,0.0,,3,17.0,5.666666666666667,0,0.0,,0,0.0,,0,0.0,,0,0.0,,0,0,0,28,0,0,263,0,0,0,0,0,0,0,0,0,0,0,0,0,3,0,0,0,0,0,0,0,8.0,9.0,9.0,0.0124999999999999,0.0124999999999999,0.025,0.0140083921516859
dynamic,model_dynamic/summary_timeseries.csv,20,14.9,298,119200.0,1163.7714811388314,13.979441155307631,1164 ± 13.98,1137.9235097176158,1209.7168284210902,1.6906621575373368,1.2569691922614408,1.691 ± 1.257,0.0,6.159073626251794,0.3421971217014372,0.188344616438656,0.3422 ± 0.1883,0.0194467553823113,1.154960027796303,334.58053691275165,67.98851479976723,334.6 ± 67.99,0.0,354.0,71.85907520063772,2.02720260059088,71.86 ± 2.027,69.68096923828125,81.13541412353516,71.79331870347437,1,3,1,4,1:289; 3:4; 4:5,5,0,0.0,model_dynamic,True,mckenzie2003,5,0.0,0.0,0,0.0,,0,0.0,,0,0.0,,0,0.0,,0,0.0,,264,93378.0,353.70454545454544,25,6302.0,252.08,0,0.0,,0,0.0,,4,25.0,6.25,0,0.0,,0,0.0,,0,0.0,,0,0.0,,0,0,0,25,0,0,264,0,0,0,0,0,0,0,0,0,0,0,0,0,4,0,0,0,0,0,0,0,8.0,9.0,9.0,0.0124999999999999,0.0124999999999999,0.025,0.0131562573564886
dynamic,model_dynamic/summary_timeseries.csv,20,14.8,298,119200.0,1163.786051986454,13.9775733898909,1164 ± 13.98,1137.95021839368,1209.7000217502175,1.6930911787581264,1.2702485563090835,1.693 ± 1.27,0.0,6.229769733242244,0.3418338743047162,0.1878522581580781,0.3418 ± 0.1879,0.0207488604615728,1.149928530097814,330.68791946308727,78.65697289027827,330.7 ± 78.66,0.0,354.0,74.56797747003952,2.317875704474041,74.57 ± 2.318,72.61665344238281,84.03667449951172,71.74980335653754,1,3,1,4,1:284; 3:6; 4:8,8,0,0.0,model_dynamic,True,mckenzie2003,8,0.0,0.0,0,0.0,,0,0.0,,0,0.0,,0,0.0,,0,0.0,,264,93350.0,353.5984848484849,20,5157.0,257.85,0,0.0,,0,0.0,,6,38.0,6.333333333333333,0,0.0,,0,0.0,,0,0.0,,0,0.0,,0,0,0,20,0,0,264,0,0,0,0,0,0,0,0,0,0,0,0,0,6,0,0,0,0,0,2,0,8.0,9.0,9.0,0.0125,0.0125000000000014,0.025,0.0131132305905434
dynamic,model_dynamic/summary_timeseries.csv,20,14.7,298,119200.0,1163.8015953215415,13.975246539779166,1164 ± 13.98,1137.9772042322638,1209.683432843538,1.6972937946364728,1.2822443964719077,1.697 ± 1.282,0.0,6.30249988412454,0.3414367334462311,0.1873440528962084,0.3414 ± 0.1873,0.0220873819514553,1.1448350629229829,338.19463087248323,71.43126210611008,338.2 ± 71.43,0.0,359.0,73.48895832036166,2.1903042852843093,73.49 ± 2.19,71.6612548828125,83.37784576416016,71.70622861127413,1,3,1,4,1:288; 3:4; 4:6,6,0,0.0,model_dynamic,True,mckenzie2003,6,0.0,0.0,0,0.0,,0,0.0,,0,0.0,,0,0.0,,0,0.0,,264,94699.0,358.7083333333333,24,6060.0,252.5,0,0.0,,0,0.0,,4,23.0,5.75,0,0.0,,0,0.0,,0,0.0,,0,0.0,,0,0,0,24,0,0,264,0,0,0,0,0,0,0,0,0,0,0,0,0,4,0,0,0,0,0,0,0,8.0,9.0,9.0,0.0124999999999999,0.0124999999999999,0.025,0.0129179735071273
dynamic,model_dynamic/summary_timeseries.csv,20,14.6,298,119200.0,1163.8168285168697,13.97318305653192,1164 ± 13.97,1138.0041401890735,1209.666694155391,1.7008695088837984,1.2947454748568556,1.701 ± 1.295,0.0,6.37398710195077,0.341050976699108,0.1868423382865951,0.3411 ± 0.1868,0.0234071243430323,1.1397765921094738,352.5570469798658,75.6397664090828,352.6 ± 75.64,0.0,375.0,77.16981823812395,2.2329523459087217,77.17 ± 2.233,75.12651062011719,86.97795104980469,71.66255396631755,1,3,1,4,1:288; 3:4; 4:6,6,0,0.0,model_dynamic,True,mckenzie2003,6,0.0,0.0,0,0.0,,0,0.0,,0,0.0,,0,0.0,,0,0.0,,264,98901.0,374.625,24,6135.0,255.625,0,0.0,,0,0.0,,4,26.0,6.5,0,0.0,,0,0.0,,0,0.0,,0,0.0,,0,0,0,24,0,0,264,0,0,0,0,0,0,0,0,0,0,0,0,0,4,0,0,0,0,0,0,0,8.0,9.0,9.0,0.0124999999999999,0.0124999999999999,0.025,0.0135557750746573
dynamic,model_dynamic/summary_timeseries.csv,20,14.5,298,119200.0,1163.8331575714255,13.97056907406142,1164 ± 13.97,1138.0314802936075,1209.649979314823,1.7064952162223217,1.3059815952129763,1.706 ± 1.306,0.0,6.448632787631222,0.3406216356764597,0.1863209235996711,0.3406 ± 0.1863,0.0247761485825494,1.1346085932069188,366.33892617449663,66.09629868243789,366.3 ± 66.1,0.0,385.0,78.74188496122424,1.894083958660236,78.74 ± 1.894,76.5921630859375,88.70918273925781,71.61849902121548,1,3,1,4,1:291; 3:3; 4:4,4,0,0.0,model_dynamic,True,mckenzie2003,4,0.0,0.0,0,0.0,,0,0.0,,0,0.0,,0,0.0,,0,0.0,,265,101900.0,384.52830188679246,26,7248.0,278.7692307692308,0,0.0,,0,0.0,,3,21.0,7.0,0,0.0,,0,0.0,,0,0.0,,0,0.0,,0,0,0,26,0,0,265,0,0,0,0,0,0,0,0,0,0,0,0,0,3,0,0,0,0,0,0,0,8.0,9.0,9.0,0.0124999999999999,0.0124999999999999,0.025,0.0138930169472855
dynamic,model_dynamic/summary_timeseries.csv,20,14.4,298,119200.0,1163.8495571707151,13.967941897418486,1164 ± 13.97,1138.059040612799,1209.633048447635,1.7123988904274654,1.317179292537864,1.712 ± 1.317,0.0,6.524597333229532,0.3401887821675434,0.1857924273229894,0.3402 ± 0.1858,0.0261620297753748,1.1293841943740397,379.03691275167785,57.6616081422999,379 ± 57.66,0.0,396.0,78.50490582869357,1.7573953198352734,78.5 ± 1.757,76.15769958496094,89.49408721923828,71.57400783483604,1,3,1,4,1:294; 3:1; 4:3,3,0,0.0,model_dynamic,True,mckenzie2003,3,0.0,0.0,0,0.0,,0,0.0,,0,0.0,,0,0.0,,0,0.0,,264,104233.0,394.8219696969697,30,8714.0,290.46666666666664,0,0.0,,0,0.0,,1,6.0,6.0,0,0.0,,0,0.0,,0,0.0,,0,0.0,,0,0,0,30,0,0,264,0,0,0,0,0,0,0,0,0,0,0,0,0,1,0,0,0,0,0,0,0,8.0,9.0,9.0,0.0124999999999999,0.0124999999999999,0.025,0.0141584083895248
dynamic,model_dynamic/summary_timeseries.csv,20,14.3,298,119200.0,1163.865653532048,13.965467483115274,1164 ± 13.97,1138.0866495590394,1209.6155956617313,1.7177974940194982,1.3290099107062563,1.718 ± 1.329,0.0,6.600176724205534,0.3397671480595229,0.1852684180687875,0.3398 ± 0.1853,0.0253995773901379,1.1241413297325056,373.2248322147651,53.36005142481683,373.2 ± 53.36,0.0,389.0,78.91820590128034,1.671145734697402,78.92 ± 1.671,76.34664154052734,89.74553680419922,71.52894610269186,1,2,1,4,1:295; 4:3,3,0,0.0,model_dynamic,True,mckenzie2003,3,0.0,0.0,0,0.0,,0,0.0,,0,0.0,,0,0.0,,0,0.0,,265,102760.0,387.7735849056604,30,8461.0,282.03333333333336,0,0.0,,0,0.0,,0,0.0,,0,0.0,,0,0.0,,0,0.0,,0,0.0,,0,0,0,30,0,0,265,0,0,0,0,0,0,0,0,0,0,0,0,0,0,0,0,0,0,0,0,0,8.0,9.0,9.0,0.0125,0.0125000000000014,0.025,0.0142958842021535
dynamic,model_dynamic/summary_timeseries.csv,20,14.2,298,119200.0,1163.8821296003907,13.962637935125644,1164 ± 13.96,1138.1143351745316,1209.5979938081632,1.7236251864373224,1.340573208749336,1.724 ± 1.341,0.0,6.675664876067136,0.3393381486261723,0.1847544776926062,0.3393 ± 0.1848,0.0248003623167831,1.118894328403784,364.66107382550337,45.21992376029804,364.7 ± 45.22,0.0,377.0,74.73760556214607,1.3666009829824983,74.74 ± 1.367,72.34112548828125,84.67147827148438,71.48365863363165,1,2,1,4,1:296; 4:2,2,0,0.0,model_dynamic,True,mckenzie2003,2,0.0,0.0,0,0.0,,0,0.0,,0,0.0,,0,0.0,,0,0.0,,265,99849.0,376.788679245283,31,8820.0,284.51612903225805,0,0.0,,0,0.0,,0,0.0,,0,0.0,,0,0.0,,0,0.0,,0,0.0,,0,0,0,31,0,0,265,0,0,0,0,0,0,0,0,0,0,0,0,0,0,0,0,0,0,0,0,0,8.0,9.0,9.0,0.0124999999999999,0.0124999999999999,0.025,0.0143611872363485
dynamic,model_dynamic/summary_timeseries.csv,20,14.1,298,119200.0,1163.8972309501185,13.960611449758469,1164 ± 13.96,1138.1416499048069,1209.579967619721,1.7269201266644996,1.353658481738922,1.727 ± 1.354,0.0,6.746137825994726,0.3389725962412872,0.1842695893703141,0.339 ± 0.1843,0.0241574964022759,1.1137660719665687,347.43624161073825,58.3597178979031,347.4 ± 58.36,0.0,364.0,75.36973039255847,1.8117441912290853,75.37 ± 1.812,72.95350646972656,84.99783325195312,71.43831771491409,1,3,1,4,1:293; 3:2; 4:3,3,0,0.0,model_dynamic,True,mckenzie2003,3,0.0,0.0,0,0.0,,0,0.0,,0,0.0,,0,0.0,,0,0.0,,266,96590.0,363.1203007518797,27,6934.0,256.81481481481484,0,0.0,,0,0.0,,2,12.0,6.0,0,0.0,,0,0.0,,0,0.0,,0,0.0,,0,0,0,27,0,0,266,0,0,0,0,0,0,0,0,0,0,0,0,0,2,0,0,0,0,0,0,0,8.0,9.0,9.0,0.0124999999999999,0.0124999999999999,0.025,0.0137728609316724
dynamic,model_dynamic/summary_timeseries.csv,20,14.0,298,119200.0,1163.9128064418528,13.958301096281623,1164 ± 13.96,1138.1690331060404,1209.5622845134762,1.7310701557486614,1.3654571161278208,1.731 ± 1.365,0.0,6.81495504423847,0.3385943049927431,0.1837857888887372,0.3386 ± 0.1838,0.0235846270774707,1.108662537468077,346.69127516778525,57.96456905868604,346.7 ± 57.96,0.0,363.0,73.29141081739593,1.758084039794117,73.29 ± 1.758,70.833984375,82.65878295898438,71.39325140743586,1,3,1,4,1:293; 3:1; 4:4,4,0,0.0,model_dynamic,True,mckenzie2003,4,0.0,0.0,0,0.0,,0,0.0,,0,0.0,,0,0.0,,0,0.0,,266,96383.0,362.3421052631579,27,6923.0,256.4074074074074,0,0.0,,0,0.0,,1,8.0,8.0,0,0.0,,0,0.0,,0,0.0,,0,0.0,,0,0,0,27,0,0,266,0,0,0,0,0,0,0,0,0,0,0,0,0,1,0,0,0,0,0,0,0,8.0,9.0,9.0,0.0124999999999999,0.0124999999999999,0.025,0.012738840800739
dynamic,model_dynamic/summary_timeseries.csv,20,13.9,298,119200.0,1163.9282147348483,13.95616384382934,1164 ± 13.96,1138.1962559271556,1209.544684847055,1.7345596126104164,1.377305934249489,1.735 ± 1.377,0.0,6.879999800321539,0.3382269562086477,0.1833207458891667,0.3382 ± 0.1833,0.0230327906737545,1.1036408687729946,359.61073825503354,69.8852570034256,359.6 ± 69.89,0.0,379.0,75.78129429145147,2.052724154276319,75.78 ± 2.053,73.91898345947266,85.47996520996094,71.34842891989933,1,3,1,4,1:290; 3:4; 4:4,4,0,0.0,model_dynamic,True,mckenzie2003,4,0.0,0.0,0,0.0,,0,0.0,,0,0.0,,0,0.0,,0,0.0,,266,100751.0,378.7631578947368,24,6384.0,266.0,0,0.0,,0,0.0,,4,29.0,7.25,0,0.0,,0,0.0,,0,0.0,,0,0.0,,0,0,0,24,0,0,266,0,0,0,0,0,0,0,0,0,0,0,0,0,4,0,0,0,0,0,0,0,8.0,9.0,9.0,0.0124999999999999,0.0124999999999999,0.025,0.0135900514898209
dynamic,model_dynamic/summary_timeseries.csv,20,13.8,298,119200.0,1163.944637043261,13.953444196554855,1164 ± 13.95,1138.223767415412,1209.527119146988,1.7397819497643026,1.3880223930189317,1.74 ± 1.388,0.0,6.945666265646389,0.3378253574030969,0.1828453218341451,0.3378 ± 0.1828,0.0228921557376585,1.098550095782145,374.6845637583893,62.66696755169447,374.7 ± 62.67,0.0,392.0,77.1905798175991,1.86882938861936,77.19 ± 1.869,75.26565551757812,87.55211639404297,71.30335173157596,1,3,1,4,1:293; 3:1; 4:4,4,0,0.0,model_dynamic,True,mckenzie2003,4,0.0,0.0,0,0.0,,0,0.0,,0,0.0,,0,0.0,,0,0.0,,267,104563.0,391.621722846442,26,7085.0,272.5,0,0.0,,0,0.0,,1,8.0,8.0,0,0.0,,0,0.0,,0,0.0,,0,0.0,,0,0,0,26,0,0,267,0,0,0,0,0,0,0,0,0,0,0,0,0,1,0,0,0,0,0,0,0,8.0,9.0,9.0,0.0125,0.0125000000000014,0.025,0.0135013607966384
dynamic,model_dynamic/summary_timeseries.csv,20,13.7,298,119200.0,1163.9613232668426,13.95065702154293,1164 ± 13.95,1138.2514833522266,1209.509519799123,1.7455085550684275,1.3986659305292004,1.746 ± 1.399,0.0,7.011167729609057,0.3374147204041414,0.1823669367238106,0.3374 ± 0.1824,0.02255393001576,1.0934182842258329,383.5771812080537,57.164038210553606,383.6 ± 57.16,0.0,399.0,80.64035000897094,1.6474333440727065,80.64 ± 1.647,78.03335571289062,91.17428588867188,71.25803644689631,1,3,1,4,1:294; 3:2; 4:2,2,0,0.0,model_dynamic,True,mckenzie2003,2,0.0,0.0,0,0.0,,0,0.0,,0,0.0,,0,0.0,,0,0.0,,268,106829.0,398.61567164179104,26,7462.0,287.0,0,0.0,,0,0.0,,2,15.0,7.5,0,0.0,,0,0.0,,0,0.0,,0,0.0,,0,0,0,26,0,0,268,0,0,0,0,0,0,0,0,0,0,0,0,0,2,0,0,0,0,0,0,0,8.0,9.0,9.0,0.0124999999999999,0.0124999999999999,0.025,0.0141321409014987
dynamic,model_dynamic/summary_timeseries.csv,20,13.6,298,119200.0,1163.978903843232,13.947530733000088,1164 ± 13.95,1138.279603945093,1209.4921632766884,1.7529001844505785,1.4086395523024555,1.753 ± 1.409,0.0,7.078507234934424,0.3369707586485636,0.1818741034678271,0.337 ± 0.1819,0.0223357342895625,1.0882077350312245,391.58053691275165,43.81560535009126,391.6 ± 43.82,0.0,403.0,78.23016016915341,1.205785229636856,78.23 ± 1.206,75.7574234008789,89.04420471191406,71.21255933159546,1,3,1,4,1:296; 3:1; 4:1,1,0,0.0,model_dynamic,True,mckenzie2003,1,0.0,0.0,0,0.0,,0,0.0,,0,0.0,,0,0.0,,0,0.0,,268,107927.0,402.71268656716416,28,8757.0,312.75,0,0.0,,0,0.0,,1,7.0,7.0,0,0.0,,0,0.0,,0,0.0,,0,0.0,,0,0,0,28,0,0,268,0,0,0,0,0,0,0,0,0,0,0,0,0,1,0,0,0,0,0,0,0,8.0,9.0,9.0,0.0124999999999999,0.0124999999999999,0.025,0.014356486757502
dynamic,model_dynamic/summary_timeseries.csv,20,13.5,298,119200.0,1163.9952874820258,13.945016250922952,1164 ± 13.95,1138.3075542613203,1209.4740781661003,1.7581597787659682,1.4202612750279984,1.758 ± 1.42,0.0,7.142148003903002,0.3365740607536754,0.1813979244643231,0.3366 ± 0.1814,0.0221592619578307,1.0830297640530413,386.16107382550337,48.13753605421022,386.2 ± 48.14,0.0,399.0,80.05052894233857,1.469381881010022,80.05 ± 1.469,77.44432067871094,91.13233184814452,71.16652390477998,1,3,1,4,1:296; 3:1; 4:1,1,0,0.0,model_dynamic,True,mckenzie2003,1,0.0,0.0,0,0.0,,0,0.0,,0,0.0,,0,0.0,,0,0.0,,268,106871.0,398.7723880597015,28,8200.0,292.85714285714283,0,0.0,,0,0.0,,1,5.0,5.0,0,0.0,,0,0.0,,0,0.0,,0,0.0,,0,0,0,28,0,0,268,0,0,0,0,0,0,0,0,0,0,0,0,0,1,0,0,0,0,0,0,0,8.0,9.0,9.0,0.0124999999999999,0.0124999999999999,0.025,0.0139308515156204
dynamic,model_dynamic/summary_timeseries.csv,20,13.4,298,119200.0,1164.0125104798556,13.942095395922182,1164 ± 13.94,1138.3357165961947,1209.456154478941,1.7648248608720387,1.4308169981573151,1.765 ± 1.431,0.0,7.205781947221471,0.3361501766042351,0.1809178466423208,0.3362 ± 0.1809,0.0223306314555771,1.0778270456794254,383.83557046979865,43.12425246713339,383.8 ± 43.12,0.0,395.0,76.82601334744652,1.2360180385074149,76.83 ± 1.236,74.3843002319336,87.94303131103516,71.12043788274627,1,3,1,4,1:296; 3:1; 4:1,1,0,0.0,model_dynamic,True,mckenzie2003,1,0.0,0.0,0,0.0,,0,0.0,,0,0.0,,0,0.0,,0,0.0,,270,106518.0,394.5111111111111,26,7856.0,302.15384615384613,0,0.0,,0,0.0,,1,9.0,9.0,0,0.0,,0,0.0,,0,0.0,,0,0.0,,0,0,0,26,0,0,270,0,0,0,0,0,0,0,0,0,0,0,0,0,1,0,0,0,0,0,0,0,8.0,9.0,9.0,0.0124999999999999,0.0124999999999999,0.025,0.0143824988039891
dynamic,model_dynamic/summary_timeseries.csv,20,13.3,298,119200.0,1164.0285381867454,13.93981698127161,1164 ± 13.94,1138.3636021226396,1209.439005268758,1.769336491781339,1.442622618932604,1.769 ± 1.443,0.0,7.264651626229364,0.3357789435396576,0.1804630506952148,0.3358 ± 0.1805,0.0222801429494289,1.0727033615593249,380.506711409396,49.952812853771945,380.5 ± 49.95,0.0,394.0,78.61275625548907,1.5721757571417905,78.61 ± 1.572,76.7431411743164,89.61483001708984,71.07540314611833,1,3,1,4,1:296; 3:1; 4:1,1,0,0.0,model_dynamic,True,mckenzie2003,1,0.0,0.0,0,0.0,,0,0.0,,0,0.0,,0,0.0,,0,0.0,,271,106584.0,393.2988929889299,25,6802.0,272.08,0,0.0,,0,0.0,,1,5.0,5.0,0,0.0,,0,0.0,,0,0.0,,0,0.0,,0,0,0,25,0,0,271,0,0,0,0,0,0,0,0,0,0,0,0,0,1,0,0,0,0,0,0,0,8.0,9.0,9.0,0.0125,0.0125000000000014,0.025,0.0141010361406977
dynamic,model_dynamic/summary_timeseries.csv,20,13.2,298,119200.0,1164.0453751286227,13.93718855068477,1164 ± 13.94,1138.3916948956603,1209.421672676708,1.7752656322133429,1.4532901053433938,1.775 ± 1.453,0.0,7.324401668131188,0.3353825421755269,0.1800018151477073,0.3354 ± 0.18,0.0223178051041731,1.0675601995866926,379.13422818791946,45.1785655832796,379.1 ± 45.18,0.0,391.0,78.71080134859021,1.3446417517053988,78.71 ± 1.345,76.78118133544922,89.71332550048828,71.02997778104759,1,3,1,4,1:296; 3:1; 4:1,1,0,0.0,model_dynamic,True,mckenzie2003,1,0.0,0.0,0,0.0,,0,0.0,,0,0.0,,0,0.0,,0,0.0,,272,106188.0,390.3970588235294,24,6789.0,282.875,0,0.0,,0,0.0,,1,5.0,5.0,0,0.0,,0,0.0,,0,0.0,,0,0.0,,0,0,0,24,0,0,272,0,0,0,0,0,0,0,0,0,0,0,0,0,1,0,0,0,0,0,0,0,8.0,9.0,9.0,0.0124999999999999,0.0124999999999999,0.025,0.0140497848868764
dynamic,model_dynamic/summary_timeseries.csv,20,13.1,298,119200.0,1164.0621318378464,13.93461151312501,1164 ± 13.93,1138.4198450178412,1209.403913622142,1.781021989681268,1.464178172861042,1.781 ± 1.464,0.0,7.382691243318821,0.3349912931743702,0.1795471581871035,0.335 ± 0.1795,0.0226700282006814,1.0624290132379566,384.82214765100673,45.24028220118249,384.8 ± 45.24,0.0,397.0,78.68470874248735,1.313958002309786,78.68 ± 1.314,76.5299301147461,89.49547576904297,70.98406860430077,1,3,1,4,1:296; 3:1; 4:1,1,0,0.0,model_dynamic,True,mckenzie2003,1,0.0,0.0,0,0.0,,0,0.0,,0,0.0,,0,0.0,,0,0.0,,272,107712.0,396.0,24,6959.0,289.9583333333333,0,0.0,,0,0.0,,1,6.0,6.0,0,0.0,,0,0.0,,0,0.0,,0,0.0,,0,0,0,24,0,0,272,0,0,0,0,0,0,0,0,0,0,0,0,0,1,0,0,0,0,0,0,0,8.0,9.0,9.0,0.0124999999999999,0.0124999999999999,0.025,0.0237259537939345
dynamic,model_dynamic/summary_timeseries.csv,20,13.0,298,119200.0,1164.0786689022118,13.932168422845333,1164 ± 13.93,1138.4480495658393,1209.3857130340136,1.786505880804613,1.4749980266709264,1.787 ± 1.475,0.0,7.439484210340623,0.3346122109621142,0.1790944749969123,0.3346 ± 0.1791,0.0228486482654842,1.0573040310651345,384.4865771812081,45.13159157489319,384.5 ± 45.13,0.0,396.0,83.67898290749365,1.320132861733164,83.68 ± 1.32,81.29102325439453,94.56333923339844,70.93766346817438,1,3,1,4,1:296; 3:1; 4:1,1,0,0.0,model_dynamic,True,mckenzie2003,1,0.0,0.0,0,0.0,,0,0.0,,0,0.0,,0,0.0,,0,0.0,,273,107970.0,395.4945054945055,23,6600.0,286.95652173913044,0,0.0,,0,0.0,,1,7.0,7.0,0,0.0,,0,0.0,,0,0.0,,0,0.0,,0,0,0,23,0,0,273,0,0,0,0,0,0,0,0,0,0,0,0,0,1,0,0,0,0,0,0,0,8.0,9.0,9.0,0.0124999999999999,0.0124999999999999,0.025,0.022285705044959
dynamic,model_dynamic/summary_timeseries.csv,20,12.9,298,119200.0,1164.09683591399,13.929110381629716,1164 ± 13.93,1138.4768093045368,1209.3680955162151,1.794963833316373,1.484293640291386,1.795 ± 1.484,0.0117883835595408,7.499883277495936,0.3341771121271306,0.1786234610816586,0.3342 ± 0.1786,0.0233125465003989,1.0520991966168942,377.6442953020134,24.851930319610656,377.6 ± 24.85,132.0,384.0,66.17589528128605,0.6839682598947615,66.18 ± 0.684,63.88744354248047,74.74166870117188,70.89128621167833,1,1,1,1,1:298,0,0,0.0,model_dynamic,True,mckenzie2003,0,0.0,,0,0.0,,0,0.0,,0,0.0,,0,0.0,,0,0.0,,274,105114.0,383.62773722627736,24,7424.0,309.3333333333333,0,0.0,,0,0.0,,0,0.0,,0,0.0,,0,0.0,,0,0.0,,0,0.0,,0,0,0,24,0,0,274,0,0,0,0,0,0,0,0,0,0,0,0,0,0,0,0,0,0,0,0,0,10.0,11.0,11.0,0.0062499999999999,0.0124999999999999,0.025,0.020997372217322
dynamic,model_dynamic/summary_timeseries.csv,20,12.8,298,119200.0,1164.109535192036,13.928617148029945,1164 ± 13.93,1138.5038332324684,1209.3496596108446,1.7937241678313185,1.4984285431532478,1.794 ± 1.498,0.0,7.540158790450058,0.3339649575115779,0.178261141012465,0.334 ± 0.1783,0.0242173844021869,1.047396322906232,365.4530201342282,75.06305721187276,365.5 ± 75.06,0.0,385.0,65.78671854774424,1.9752420481213124,65.79 ± 1.975,63.32260513305664,74.92682647705078,70.84582637837616,1,3,1,4,1:288; 3:2; 4:8,8,0,0.0,model_dynamic,True,mckenzie2003,8,0.0,0.0,0,0.0,,0,0.0,,0,0.0,,0,0.0,,0,0.0,,273,104988.0,384.57142857142856,15,3901.0,260.06666666666666,0,0.0,,0,0.0,,2,16.0,8.0,0,0.0,,0,0.0,,0,0.0,,0,0.0,,0,0,0,15,0,0,273,0,0,0,0,0,0,0,0,0,0,0,0,0,2,0,0,0,0,0,0,0,6.0,6.0,6.0,0.0093750000000003,0.025,0.025,0.0238278266638554
dynamic,model_dynamic/summary_timeseries.csv,20,12.7,298,119200.0,1164.1236268507305,13.927323479389562,1164 ± 13.93,1138.530804661523,1209.332111211049,1.794324762346436,1.5102459955866545,1.794 ± 1.51,0.0,7.595607959143508,0.3337161312814543,0.1779087285139167,0.3337 ± 0.1779,0.0252725088685358,1.0427733640049668,364.1912751677853,85.29896293765663,364.2 ± 85.3,0.0,388.0,66.41243892388056,2.1473969579088528,66.41 ± 2.147,63.866455078125,75.04022979736328,70.80130654952632,1,3,1,4,1:285; 3:1; 4:12,12,0,0.0,model_dynamic,True,mckenzie2003,12,0.0,0.0,0,0.0,,0,0.0,,0,0.0,,0,0.0,,0,0.0,,272,105420.0,387.5735294117647,13,3105.0,238.84615384615384,0,0.0,,0,0.0,,1,4.0,4.0,0,0.0,,0,0.0,,0,0.0,,0,0.0,,0,0,0,13,0,0,272,0,0,0,0,0,0,0,0,0,0,0,0,0,1,0,0,0,0,0,0,0,7.0,8.0,8.0,0.0062499999999999,0.0249999999999999,0.025,0.0231146043803536
dynamic,model_dynamic/summary_timeseries.csv,20,12.6,298,119200.0,1164.138090119096,13.925913819250194,1164 ± 13.93,1138.5578641879574,1209.315299111885,1.795591236283526,1.5213697619783018,1.796 ± 1.521,0.0,7.653141007676252,0.3334594495122144,0.1775577311772125,0.3335 ± 0.1776,0.0260954070266378,1.039977807593774,358.87919463087246,90.70350790162476,358.9 ± 90.7,0.0,385.0,63.947399408225245,2.2489051067898096,63.95 ± 2.249,61.873443603515625,72.3998031616211,70.75743492392758,1,3,1,4,1:282; 3:3; 4:13,13,0,0.0,model_dynamic,True,mckenzie2003,13,0.0,0.0,0,0.0,,0,0.0,,0,0.0,,0,0.0,,0,0.0,,271,104235.0,384.6309963099631,11,2688.0,244.3636363636364,0,0.0,,0,0.0,,3,23.0,7.666666666666667,0,0.0,,0,0.0,,0,0.0,,0,0.0,,0,0,0,11,0,0,271,0,0,0,0,0,0,0,0,0,0,0,0,0,3,0,0,0,0,0,0,0,8.0,8.0,8.0,0.0062499999999999,0.0249999999999999,0.025,0.0239185920035534
dynamic,model_dynamic/summary_timeseries.csv,20,12.5,298,119200.0,1164.1523953272217,13.924608791562726,1164 ± 13.92,1138.5846906789286,1209.2996716421517,1.7963690161530634,1.532087555341852,1.796 ± 1.532,0.0,7.707838737987995,0.3332254572975709,0.1772339868174864,0.3332 ± 0.1772,0.0270828453717899,1.0396735089010445,353.8020134228188,95.88827599063504,353.8 ± 95.89,0.0,383.0,63.916012463153606,2.3606486103387536,63.92 ± 2.361,61.81550979614258,72.42221069335938,70.71498096322307,1,3,1,4,1:279; 3:5; 4:14,14,0,0.0,model_dynamic,True,mckenzie2003,14,0.0,0.0,0,0.0,,0,0.0,,0,0.0,,0,0.0,,0,0.0,,269,102799.0,382.1524163568773,10,2599.0,259.9,0,0.0,,0,0.0,,5,35.0,7.0,0,0.0,,0,0.0,,0,0.0,,0,0.0,,0,0,0,10,0,0,269,0,0,0,0,0,0,0,0,0,0,0,0,0,5,0,0,0,0,0,0,0,7.0,7.0,7.0,0.0062499999999999,0.0249999999999999,0.025,0.0231721775760403
dynamic,model_dynamic/summary_timeseries.csv,20,12.4,298,119200.0,1164.166731878129,13.923468584103428,1164 ± 13.92,1138.611541270672,1209.2842686584802,1.7972578788704423,1.5425804909275511,1.797 ± 1.543,0.0,7.762019896204198,0.3329991394320725,0.1769152006227323,0.333 ± 0.1769,0.0278547687138384,1.0394181007529038,353.01006711409394,100.57717611381348,353 ± 100.6,0.0,384.0,65.62179204441557,2.4304821232566542,65.62 ± 2.43,63.570682525634766,73.93293762207031,70.67272738780821,1,3,1,4,1:277; 3:7; 4:14,14,0,0.0,model_dynamic,True,mckenzie2003,14,0.0,0.0,0,0.0,,0,0.0,,0,0.0,,0,0.0,,0,0.0,,268,102863.0,383.81716417910445,9,2289.0,254.33333333333331,0,0.0,,0,0.0,,7,45.0,6.428571428571429,0,0.0,,0,0.0,,0,0.0,,0,0.0,,0,0,0,9,0,0,268,0,0,0,0,0,0,0,0,0,0,0,0,0,7,0,0,0,0,0,0,0,7.0,7.0,7.0,0.0062499999999999,0.0249999999999999,0.025,0.0213043679210442
dynamic,model_dynamic/summary_timeseries.csv,20,12.3,298,119200.0,1164.181728038934,13.922277285311454,1164 ± 13.92,1138.6385878657084,1209.269224366452,1.7992067317169884,1.552750738674604,1.799 ± 1.553,0.0,7.81670133547873,0.3327477176253937,0.1765906572135291,0.3327 ± 0.1766,0.0285213060158869,1.039074184249877,350.4865771812081,99.49564838733328,350.5 ± 99.5,0.0,382.0,64.52391693576071,2.308171661977966,64.52 ± 2.308,62.494388580322266,72.43705749511719,70.63063650074378,1,3,1,4,1:277; 3:6; 4:15,15,0,0.0,model_dynamic,True,mckenzie2003,15,0.0,0.0,0,0.0,,0,0.0,,0,0.0,,0,0.0,,0,0.0,,268,102083.0,380.9067164179105,9,2321.0,257.8888888888889,0,0.0,,0,0.0,,6,41.0,6.833333333333333,0,0.0,,0,0.0,,0,0.0,,0,0.0,,0,0,0,9,0,0,268,0,0,0,0,0,0,0,0,0,0,0,0,0,6,0,0,0,0,0,0,0,7.0,7.0,7.0,0.00625,0.025,0.025,0.0216396955308352
dynamic,model_dynamic/summary_timeseries.csv,20,12.2,298,119200.0,1164.1967440337094,13.921236735435976,1164 ± 13.92,1138.665557666628,1209.2549633701956,1.800984556035372,1.5626965969329598,1.801 ± 1.563,0.0,7.86875928928508,0.3325003664631553,0.17627729982595,0.3325 ± 0.1763,0.0291991712998877,1.038847969951742,350.6677852348993,101.18459625484448,350.7 ± 101.2,0.0,382.0,62.37384455636044,2.295311230075064,62.37 ± 2.295,60.27790069580078,70.16346740722656,70.58940570356754,1,3,1,4,1:276; 3:6; 4:16,16,0,0.0,model_dynamic,True,mckenzie2003,16,0.0,0.0,0,0.0,,0,0.0,,0,0.0,,0,0.0,,0,0.0,,268,102310.0,381.7537313432836,8,2151.0,268.875,0,0.0,,0,0.0,,6,38.0,6.333333333333333,0,0.0,,0,0.0,,0,0.0,,0,0.0,,0,0,0,8,0,0,268,0,0,0,0,0,0,0,0,0,0,0,0,0,6,0,0,0,0,0,0,0,6.0,7.0,7.0,0.0093749999999999,0.0249999999999999,0.025,0.022375735933137
dynamic,model_dynamic/summary_timeseries.csv,20,12.1,298,119200.0,1164.211553148201,13.920375211202048,1164 ± 13.92,1138.692331532145,1209.241613870788,1.8022261054337527,1.5724676937694944,1.802 ± 1.572,0.0,7.917621604519907,0.3322749455640666,0.1759841131844103,0.3323 ± 0.176,0.0299074532658929,1.038822283690503,355.68791946308727,105.2133973483292,355.7 ± 105.2,0.0,389.0,64.66796195267031,2.2868075197578293,64.67 ± 2.287,62.52448272705078,72.2864761352539,70.54928233864257,1,3,1,4,1:275; 3:3; 4:20,20,0,0.0,model_dynamic,True,mckenzie2003,20,0.0,0.0,0,0.0,,0,0.0,,0,0.0,,0,0.0,,0,0.0,,268,104060.0,388.2835820895522,7,1917.0,273.85714285714283,0,0.0,,0,0.0,,3,18.0,6.0,0,0.0,,0,0.0,,0,0.0,,0,0.0,,0,0,0,7,0,0,268,0,0,0,0,0,0,0,0,0,0,0,0,0,3,0,0,0,0,0,0,0,8.0,8.0,8.0,0.0054687499999999,0.0249999999999999,0.025,0.0204353122402777
dynamic,model_dynamic/summary_timeseries.csv,20,12.0,298,119200.0,1164.2269023141075,13.919291291131003,1164 ± 13.92,1138.719382930855,1209.228434670673,1.804443493488481,1.5818427456089672,1.804 ± 1.582,0.0,7.96896565454494,0.3320208387241126,0.1756827234978578,0.332 ± 0.1757,0.0306124060739698,1.0386535466822715,361.3825503355704,102.64852374512182,361.4 ± 102.6,0.0,393.0,67.96701697535163,2.274472934691906,67.97 ± 2.274,65.82779693603516,75.80191802978516,70.509051739818,1,3,1,4,1:277; 3:2; 4:19,19,0,0.0,model_dynamic,True,mckenzie2003,19,0.0,0.0,0,0.0,,0,0.0,,0,0.0,,0,0.0,,0,0.0,,268,105210.0,392.5746268656716,9,2472.0,274.6666666666667,0,0.0,,0,0.0,,2,10.0,5.0,0,0.0,,0,0.0,,0,0.0,,0,0.0,,0,0,0,9,0,0,268,0,0,0,0,0,0,0,0,0,0,0,0,0,2,0,0,0,0,0,0,0,8.0,9.0,9.0,0.0062499999999999,0.0249999999999999,0.025,0.0220106611716762
dynamic,model_dynamic/summary_timeseries.csv,20,11.9,298,119200.0,1164.242821765172,13.917832999749756,1164 ± 13.92,1138.7468136862888,1209.2153370471422,1.8078555339182965,1.5909710024040982,1.808 ± 1.591,0.0,8.023994463050794,0.3317356180908601,0.1753649667399051,0.3317 ± 0.1754,0.0313612261202688,1.0382782189554365,375.3020134228188,104.38044795558798,375.3 ± 104.4,0.0,407.0,69.44924757784645,2.2845262743459056,69.45 ± 2.285,67.25747680664062,77.5881118774414,70.4685233608534,1,3,1,4,1:277; 3:8; 4:13,13,0,0.0,model_dynamic,True,mckenzie2003,13,0.0,0.0,0,0.0,,0,0.0,,0,0.0,,0,0.0,,0,0.0,,268,108925.0,406.4365671641791,9,2861.0,317.8888888888889,0,0.0,,0,0.0,,8,54.0,6.75,0,0.0,,0,0.0,,0,0.0,,0,0.0,,0,0,0,9,0,0,268,0,0,0,0,0,0,0,0,0,0,0,0,0,8,0,0,0,0,0,0,0,8.0,8.0,8.0,0.0062499999999999,0.0249999999999999,0.025,0.022870018189785
dynamic,model_dynamic/summary_timeseries.csv,20,11.8,298,119200.0,1164.2588073542731,13.916154950168265,1164 ± 13.92,1138.7744543463202,1209.2022669018584,1.8116244915942177,1.600096851316414,1.812 ± 1.6,0.0,8.079923442904398,0.3314369997983528,0.1750391224430573,0.3314 ± 0.175,0.0321698765902691,1.0378140645116758,384.2684563758389,93.78968553301758,384.3 ± 93.79,0.0,412.0,70.29053069761136,2.1091465290546694,70.29 ± 2.109,68.0927734375,78.34735107421875,70.42781255553814,1,3,1,4,1:284; 3:3; 4:11,11,0,0.0,model_dynamic,True,mckenzie2003,11,0.0,0.0,0,0.0,,0,0.0,,0,0.0,,0,0.0,,0,0.0,,269,110648.0,411.3308550185874,15,3848.0,256.53333333333336,0,0.0,,0,0.0,,3,16.0,5.333333333333333,0,0.0,,0,0.0,,0,0.0,,0,0.0,,0,0,0,15,0,0,269,0,0,0,0,0,0,0,0,0,0,0,0,0,3,0,0,0,0,0,0,0,9.0,10.0,10.0,0.00625,0.025,0.025,0.0232660768053447
dynamic,model_dynamic/summary_timeseries.csv,20,11.7,298,119200.0,1164.2750650212956,13.914396079420742,1164 ± 13.91,1138.8022320174225,1209.1893702103623,1.815773042688115,1.6090776523673125,1.816 ± 1.609,0.0,8.136019152875058,0.33113159920511,0.174708001179175,0.3311 ± 0.1747,0.0330351922519626,1.0373096447979022,386.16107382550337,89.7689104127885,386.2 ± 89.77,0.0,412.0,71.20158739538,2.125909288781811,71.2 ± 2.126,69.05079650878906,79.8325424194336,70.38713819294003,1,3,1,4,1:285; 3:4; 4:9,9,0,0.0,model_dynamic,True,mckenzie2003,9,0.0,0.0,0,0.0,,0,0.0,,0,0.0,,0,0.0,,0,0.0,,269,110651.0,411.34200743494426,16,4400.0,275.0,0,0.0,,0,0.0,,4,25.0,6.25,0,0.0,,0,0.0,,0,0.0,,0,0.0,,0,0,0,16,0,0,269,0,0,0,0,0,0,0,0,0,0,0,0,0,4,0,0,0,0,0,1,0,8.0,8.0,8.0,0.0062499999999999,0.0249999999999999,0.025,0.0240385465338532
dynamic,model_dynamic/summary_timeseries.csv,20,11.6,298,119200.0,1164.291516643419,13.912581050719467,1164 ± 13.91,1138.830143023513,1209.176601492294,1.8202694037939569,1.617946337455542,1.82 ± 1.618,0.0,8.192470089431875,0.3308214813092349,0.1743753916099865,0.3308 ± 0.1744,0.0339240619975968,1.0367589505182069,396.7080536912752,82.45612216681708,396.7 ± 82.46,0.0,420.0,70.42264129331448,1.945128082820064,70.42 ± 1.945,68.297119140625,78.83463287353516,70.34645846878107,1,3,1,4,1:289; 3:1; 4:8,8,0,0.0,model_dynamic,True,mckenzie2003,8,0.0,0.0,0,0.0,,0,0.0,,0,0.0,,0,0.0,,0,0.0,,269,112814.0,419.3828996282528,20,5399.0,269.95,0,0.0,,0,0.0,,1,6.0,6.0,0,0.0,,0,0.0,,0,0.0,,0,0.0,,0,0,0,20,0,0,269,0,0,0,0,0,0,0,0,0,0,0,0,0,1,0,0,0,0,0,0,0,8.0,9.0,9.0,0.0062499999999999,0.0249999999999999,0.025,0.0235246891246072
dynamic,model_dynamic/summary_timeseries.csv,20,11.5,298,119200.0,1164.3076894924109,13.910932446917736,1164 ± 13.91,1138.8580269049785,1209.163848425644,1.824232666728283,1.6271242795541732,1.824 ± 1.627,0.0,8.248145767272005,0.3305244860639443,0.1740527469482316,0.3305 ± 0.1741,0.0348639732290353,1.0362622519865496,403.7147651006711,83.02944320968268,403.7 ± 83.03,0.0,427.0,74.42624477412076,1.8475939388875209,74.43 ± 1.848,72.27488708496094,82.39998626708984,70.30582152066563,1,3,1,4,1:289; 3:1; 4:8,8,0,0.0,model_dynamic,True,mckenzie2003,8,0.0,0.0,0,0.0,,0,0.0,,0,0.0,,0,0.0,,0,0.0,,270,115122.0,426.3777777777778,19,5179.0,272.57894736842104,0,0.0,,0,0.0,,1,6.0,6.0,0,0.0,,0,0.0,,0,0.0,,0,0.0,,0,0,0,19,0,0,270,0,0,0,0,0,0,0,0,0,0,0,0,0,1,0,0,0,0,0,0,0,8.0,9.0,9.0,0.0124999999999999,0.0124999999999999,0.025,0.0246666971646524
dynamic,model_dynamic/summary_timeseries.csv,20,11.4,298,119200.0,1164.3247396425268,13.908960154028906,1164 ± 13.91,1138.8863868896324,1209.1513023992454,1.8299565770039252,1.6355935200229117,1.83 ± 1.636,0.0,8.306197023890848,0.3301946137389857,0.1737148833669793,0.3302 ± 0.1737,0.0357431814960711,1.0355344527851948,413.7315436241611,76.97259434478975,413.7 ± 76.97,0.0,435.0,72.66451655138259,1.6521881522857986,72.66 ± 1.652,70.17300415039062,80.92625427246094,70.26491550961305,1,3,1,4,1:290; 3:2; 4:6,6,0,0.0,model_dynamic,True,mckenzie2003,6,0.0,0.0,0,0.0,,0,0.0,,0,0.0,,0,0.0,,0,0.0,,270,117062.0,433.56296296296296,20,6218.0,310.9,0,0.0,,0,0.0,,2,12.0,6.0,0,0.0,,0,0.0,,0,0.0,,0,0.0,,0,0,0,20,0,0,270,0,0,0,0,0,0,0,0,0,0,0,0,0,2,0,0,0,0,0,1,0,7.0,7.0,7.0,0.0062499999999999,0.0249999999999999,0.025,0.0246719220013643
dynamic,model_dynamic/summary_timeseries.csv,20,11.3,298,119200.0,1164.341066399452,13.9073823292161,1164 ± 13.91,1138.9146230422934,1209.138406276892,1.8343892032036055,1.6448417477227837,1.834 ± 1.645,0.0,8.3624908435873,0.3298935290678367,0.1733918642082838,0.3299 ± 0.1734,0.0366385546037566,1.034896090120789,412.3993288590604,77.25164753278364,412.4 ± 77.25,0.0,433.0,71.97582137344668,1.6634400434233931,71.98 ± 1.663,69.12596893310547,80.19792938232422,70.22378323459861,1,3,1,4,1:290; 3:1; 4:7,7,0,0.0,model_dynamic,True,mckenzie2003,7,0.0,0.0,0,0.0,,0,0.0,,0,0.0,,0,0.0,,0,0.0,,270,116772.0,432.4888888888889,20,6116.0,305.8,0,0.0,,0,0.0,,1,7.0,7.0,0,0.0,,0,0.0,,0,0.0,,0,0.0,,0,0,0,20,0,0,270,0,0,0,0,0,0,0,0,0,0,0,0,0,1,0,0,0,0,0,0,0,7.0,8.0,8.0,0.00625,0.025,0.025,0.0242798915726263
dynamic,model_dynamic/summary_timeseries.csv,20,11.2,298,119200.0,1164.3574032656716,13.905764001975037,1164 ± 13.91,1138.9428135860633,1209.125513584168,1.83867509097712,1.6540189843607591,1.839 ± 1.654,0.0,8.417624366366224,0.3295932735066369,0.1730783044563293,0.3296 ± 0.1731,0.037689891674231,1.0343076674821878,419.2315436241611,79.7036251625996,419.2 ± 79.7,0.0,441.0,74.91665424116506,1.729387784168972,74.92 ± 1.729,72.08102416992188,83.24633026123047,70.18269999810468,1,3,1,4,1:290; 3:1; 4:7,7,0,0.0,model_dynamic,True,mckenzie2003,7,0.0,0.0,0,0.0,,0,0.0,,0,0.0,,0,0.0,,0,0.0,,270,118859.0,440.2185185185185,20,6066.0,303.3,0,0.0,,0,0.0,,1,6.0,6.0,0,0.0,,0,0.0,,0,0.0,,0,0.0,,0,0,0,20,0,0,270,0,0,0,0,0,0,0,0,0,0,0,0,0,1,0,0,0,0,0,0,0,8.0,9.0,9.0,0.0124999999999999,0.0124999999999999,0.025,0.0243390234730929
dynamic,model_dynamic/summary_timeseries.csv,20,11.1,298,119200.0,1164.3744170239293,13.903886946032411,1164 ± 13.9,1138.9713706033897,1209.1128199027653,1.8443375217487663,1.6625588616183578,1.844 ± 1.663,0.0,8.47432310039701,0.3292697959137092,0.1727521728568792,0.3293 ± 0.1728,0.0386314079005545,1.0335566604832458,419.83892617449663,73.62512220010997,419.8 ± 73.63,0.0,439.0,76.95387227103214,1.5976960616850662,76.95 ± 1.598,74.18868255615234,85.54214477539062,70.14144929937561,1,3,1,4,1:291; 3:3; 4:4,4,0,0.0,model_dynamic,True,mckenzie2003,4,0.0,0.0,0,0.0,,0,0.0,,0,0.0,,0,0.0,,0,0.0,,270,118376.0,438.4296296296296,21,6718.0,319.9047619047619,0,0.0,,0,0.0,,3,18.0,6.0,0,0.0,,0,0.0,,0,0.0,,0,0.0,,0,0,0,21,0,0,270,0,0,0,0,0,0,0,0,0,0,0,0,0,3,0,0,0,0,0,0,0,8.0,9.0,9.0,0.0124999999999999,0.0124999999999999,0.025,0.0236187973986309
dynamic,model_dynamic/summary_timeseries.csv,20,11.0,298,119200.0,1164.391935647658,13.901792953623804,1164 ± 13.9,1139.0001938640482,1209.1002358932317,1.850880291983417,1.670808722818132,1.851 ± 1.671,0.0,8.531796712047438,0.3289275567123114,0.1724235075290652,0.3289 ± 0.1724,0.0396534275793223,1.0326905209508397,427.496644295302,62.030153325823335,427.5 ± 62.03,0.0,443.0,75.94381063576513,1.3796637922088155,75.94 ± 1.38,73.23591613769531,84.48036193847656,70.10004202918344,1,3,1,4,1:294; 3:2; 4:2,2,0,0.0,model_dynamic,True,mckenzie2003,2,0.0,0.0,0,0.0,,0,0.0,,0,0.0,,0,0.0,,0,0.0,,270,119508.0,442.6222222222222,24,7876.0,328.1666666666667,0,0.0,,0,0.0,,2,10.0,5.0,0,0.0,,0,0.0,,0,0.0,,0,0.0,,0,0,0,24,0,0,270,0,0,0,0,0,0,0,0,0,0,0,0,0,2,0,0,0,0,0,0,0,8.0,9.0,9.0,0.0124999999999999,0.0124999999999999,0.025,0.0238583834546423
dynamic,model_dynamic/summary_timeseries.csv,20,10.9,298,119200.0,1164.4089087425657,13.899892292402454,1164 ± 13.9,1139.0289637600135,1209.087179312708,1.856454354777701,1.6795852943570244,1.856 ± 1.68,0.0,8.587822139253491,0.3286035062949515,0.1721037554768288,0.3286 ± 0.1721,0.0407724662817932,1.031864282941208,426.26510067114094,61.33071471352461,426.3 ± 61.33,0.0,442.0,74.75474294880092,1.3343238145161498,74.75 ± 1.334,72.7737045288086,83.1278305053711,70.05821555269449,1,3,1,4,1:294; 3:1; 4:3,3,0,0.0,model_dynamic,True,mckenzie2003,3,0.0,0.0,0,0.0,,0,0.0,,0,0.0,,0,0.0,,0,0.0,,270,119125.0,441.2037037037037,24,7898.0,329.0833333333333,0,0.0,,0,0.0,,1,4.0,4.0,0,0.0,,0,0.0,,0,0.0,,0,0.0,,0,0,0,24,0,0,270,0,0,0,0,0,0,0,0,0,0,0,0,0,1,0,0,0,0,0,0,0,8.0,9.0,9.0,0.0124999999999999,0.0124999999999999,0.025,0.0241826715839635
dynamic,model_dynamic/summary_timeseries.csv,20,10.8,298,119200.0,1164.4254550515363,13.898093426647328,1164 ± 13.9,1139.0576429189778,1209.0738810545545,1.861287161396117,1.6885670709303258,1.861 ± 1.689,0.0,8.642298192759835,0.3282981327918914,0.1717907807921964,0.3283 ± 0.1718,0.0419185972552363,1.0311035050920303,430.59060402684565,64.57720143574461,430.6 ± 64.58,0.0,447.0,75.04766000837287,1.4523966700539443,75.05 ± 1.452,73.06800079345703,83.49646759033203,70.01623813557671,1,2,1,4,1:294; 4:4,4,0,0.0,model_dynamic,True,mckenzie2003,4,0.0,0.0,0,0.0,,0,0.0,,0,0.0,,0,0.0,,0,0.0,,270,120596.0,446.6518518518519,24,7720.0,321.6666666666667,0,0.0,,0,0.0,,0,0.0,,0,0.0,,0,0.0,,0,0.0,,0,0.0,,0,0,0,24,0,0,270,0,0,0,0,0,0,0,0,0,0,0,0,0,0,0,0,0,0,0,0,0,8.0,9.0,9.0,0.0125,0.0125000000000014,0.025,0.0240634082942975
dynamic,model_dynamic/summary_timeseries.csv,20,10.7,298,119200.0,1164.4421143806717,13.896217526678305,1164 ± 13.9,1139.086393203339,1209.0605074671705,1.8663365163286048,1.697289113525544,1.866 ± 1.697,0.0,8.6964468512131,0.3279899407933899,0.1714773076115156,0.328 ± 0.1715,0.0430577965842772,1.030329181374324,425.3758389261745,62.848542401668496,425.4 ± 62.85,0.0,442.0,77.73882337224563,1.3985568383652858,77.74 ± 1.399,75.7842025756836,85.98420715332031,69.97411426383132,1,2,1,4,1:294; 4:4,4,0,0.0,model_dynamic,True,mckenzie2003,4,0.0,0.0,0,0.0,,0,0.0,,0,0.0,,0,0.0,,0,0.0,,270,119047.0,440.9148148148148,24,7715.0,321.4583333333333,0,0.0,,0,0.0,,0,0.0,,0,0.0,,0,0.0,,0,0.0,,0,0.0,,0,0,0,24,0,0,270,0,0,0,0,0,0,0,0,0,0,0,0,0,0,0,0,0,0,0,0,0,8.0,9.0,9.0,0.0124999999999999,0.0124999999999999,0.025,0.0231815704893981
dynamic,model_dynamic/summary_timeseries.csv,20,10.6,298,119200.0,1164.4595982581784,13.89403341473963,1164 ± 13.89,1139.1154793420646,1209.0473940258414,1.8728291905839984,1.7052614367450956,1.873 ± 1.705,0.0,8.751724868868298,0.3276592642976375,0.1711541673731932,0.3277 ± 0.1712,0.0441010453898384,1.0294133519632511,427.4865771812081,57.367777544235125,427.5 ± 57.37,0.0,441.0,74.10536047916284,1.2296837409983132,74.11 ± 1.23,71.62848663330078,82.76871490478516,69.93191468377677,1,3,1,4,1:294; 3:2; 4:2,2,0,0.0,model_dynamic,True,mckenzie2003,2,0.0,0.0,0,0.0,,0,0.0,,0,0.0,,0,0.0,,0,0.0,,271,119424.0,440.6789667896679,23,7954.0,345.8260869565217,0,0.0,,0,0.0,,2,13.0,6.5,0,0.0,,0,0.0,,0,0.0,,0,0.0,,0,0,0,23,0,0,271,0,0,0,0,0,0,0,0,0,0,0,0,0,2,0,0,0,0,0,0,0,8.0,9.0,9.0,0.0124999999999999,0.0124999999999999,0.025,0.0242453759679286
dynamic,model_dynamic/summary_timeseries.csv,20,10.5,298,119200.0,1164.4759477178657,13.892364035195,1164 ± 13.89,1139.144205299277,1209.0337475939598,1.8771503462393175,1.714298776925435,1.877 ± 1.714,0.0,8.803816880449515,0.3273778997424177,0.1708571329163368,0.3274 ± 0.1709,0.0441541344358089,1.0286878957508467,426.6308724832215,62.382168011507545,426.6 ± 62.38,0.0,442.0,76.23620208637827,1.3679329454122426,76.24 ± 1.368,74.2585220336914,84.38431549072266,69.88954229468277,1,2,1,4,1:294; 4:4,4,0,0.0,model_dynamic,True,mckenzie2003,4,0.0,0.0,0,0.0,,0,0.0,,0,0.0,,0,0.0,,0,0.0,,272,120091.0,441.5110294117647,22,7045.0,320.22727272727275,0,0.0,,0,0.0,,0,0.0,,0,0.0,,0,0.0,,0,0.0,,0,0.0,,0,0,0,22,0,0,272,0,0,0,0,0,0,0,0,0,0,0,0,0,0,0,0,0,0,0,0,0,8.0,9.0,9.0,0.0124999999999999,0.0124999999999999,0.025,0.0235476500497366
dynamic,model_dynamic/summary_timeseries.csv,20,10.4,298,119200.0,1164.492983522278,13.89037421976168,1164 ± 13.89,1139.1731963468274,1209.0202965698547,1.8827499910550305,1.7225392465616414,1.883 ± 1.723,0.0,8.856756797553912,0.3270706466762568,0.1705490341942975,0.3271 ± 0.1705,0.0442087515546047,1.027852917050331,416.7718120805369,57.82095957795081,416.8 ± 57.82,0.0,431.0,74.13667105348318,1.2609130145749516,74.14 ± 1.261,71.7043228149414,82.43489837646484,69.84710022302738,1,2,1,4,1:294; 4:4,4,0,0.0,model_dynamic,True,mckenzie2003,4,0.0,0.0,0,0.0,,0,0.0,,0,0.0,,0,0.0,,0,0.0,,273,117391.0,430.003663003663,21,6807.0,324.1428571428572,0,0.0,,0,0.0,,0,0.0,,0,0.0,,0,0.0,,0,0.0,,0,0.0,,0,0,0,21,0,0,273,0,0,0,0,0,0,0,0,0,0,0,0,0,0,0,0,0,0,0,0,0,8.0,9.0,9.0,0.0124999999999999,0.0124999999999999,0.025,0.0241330555335334
dynamic,model_dynamic/summary_timeseries.csv,20,10.3,298,119200.0,1164.509432892952,13.888707631365708,1165 ± 13.89,1139.2019800838827,1209.0082624003287,1.887195235335372,1.7312897454565113,1.887 ± 1.731,0.0,8.907574462046496,0.3267914269552041,0.1702614902098048,0.3268 ± 0.1703,0.0442620473594319,1.0271465452100854,421.0503355704698,61.54046644245156,421.1 ± 61.54,0.0,436.0,76.62730627892002,1.3758165106808595,76.63 ± 1.376,74.41500854492188,84.90442657470703,69.80628231644596,1,2,1,4,1:294; 4:4,4,0,0.0,model_dynamic,True,mckenzie2003,4,0.0,0.0,0,0.0,,0,0.0,,0,0.0,,0,0.0,,0,0.0,,274,119323.0,435.485401459854,20,6150.0,307.5,0,0.0,,0,0.0,,0,0.0,,0,0.0,,0,0.0,,0,0.0,,0,0.0,,0,0,0,20,0,0,274,0,0,0,0,0,0,0,0,0,0,0,0,0,0,0,0,0,0,0,0,0,8.0,9.0,9.0,0.0125,0.0125000000000014,0.025,0.0233340729851803
dynamic,model_dynamic/summary_timeseries.csv,20,10.2,298,119200.0,1164.526609360072,13.88670384969784,1165 ± 13.89,1139.210385799408,1208.996029048979,1.8930042761437464,1.7392789511883002,1.893 ± 1.739,0.0,8.959480889577302,0.3264844657096709,0.1699617572852371,0.3265 ± 0.17,0.0443171391996737,1.026303757044733,422.62080536912754,57.715401937679424,422.6 ± 57.72,0.0,436.0,79.468843498486,1.2490857428985127,79.47 ± 1.249,77.14018249511719,88.23585510253906,69.78564324957097,1,3,1,4,1:294; 3:1; 4:3,3,0,0.0,model_dynamic,True,mckenzie2003,3,0.0,0.0,0,0.0,,0,0.0,,0,0.0,,0,0.0,,0,0.0,,274,119355.0,435.6021897810219,20,6582.0,329.1,0,0.0,,0,0.0,,1,4.0,4.0,0,0.0,,0,0.0,,0,0.0,,0,0.0,,0,0,0,20,0,0,274,0,0,0,0,0,0,0,0,0,0,0,0,0,1,0,0,0,0,0,1,0,8.0,9.0,9.0,0.0124999999999999,0.0124999999999999,0.025,0.0224414455415808
dynamic,model_dynamic/summary_timeseries.csv,20,10.1,298,119200.0,1164.5444798535552,13.884477595476792,1165 ± 13.88,1139.210385799408,1208.983636839792,1.9001092809263835,1.7468629828881597,1.9 ± 1.747,0.0,9.012541335591116,0.3261533482180363,0.1696553465984241,0.3262 ± 0.1697,0.0443746033315967,1.0253053398957783,426.53691275167785,47.12157964586127,426.5 ± 47.12,0.0,437.0,76.7867089085931,1.074608226548328,76.79 ± 1.075,74.44670867919922,85.39314270019531,69.77325104038391,1,3,1,4,1:296; 3:1; 4:1,1,0,0.0,model_dynamic,True,mckenzie2003,1,0.0,0.0,0,0.0,,0,0.0,,0,0.0,,0,0.0,,0,0.0,,278,121274.0,436.23741007194246,18,5834.0,324.1111111111111,0,0.0,,0,0.0,,1,0.0,0.0,0,0.0,,0,0.0,,0,0.0,,0,0.0,,0,0,0,18,0,0,278,0,0,0,0,0,0,0,0,0,0,0,0,0,1,0,0,0,0,0,0,0,8.0,9.0,9.0,0.0124999999999999,0.0124999999999999,0.025,0.0231661972937622
dynamic,model_dynamic/summary_timeseries.csv,20,10.0,298,119200.0,1164.5611717033476,13.882695753544803,1165 ± 13.88,1139.210385799408,1208.9699259959689,1.9052040379351705,1.7551983645030038,1.905 ± 1.755,0.0,9.06307692636879,0.3258676874228402,0.1693659014319606,0.3259 ± 0.1694,0.0444306674085154,1.0244391158418946,423.5939597315436,49.767306494624776,423.6 ± 49.77,0.0,435.0,73.82261972619384,1.1543706723426934,73.82 ± 1.154,71.90309143066406,82.39282989501953,69.75954019656092,1,2,1,4,1:296; 4:2,2,0,0.0,model_dynamic,True,mckenzie2003,2,0.0,0.0,0,0.0,,0,0.0,,0,0.0,,0,0.0,,0,0.0,,278,120741.0,434.3201438848921,18,5490.0,305.0,0,0.0,,0,0.0,,0,0.0,,0,0.0,,0,0.0,,0,0.0,,0,0.0,,0,0,0,18,0,0,278,0,0,0,0,0,0,0,0,0,0,0,0,0,0,0,0,0,0,0,0,0,8.0,9.0,9.0,0.0124999999999999,0.0124999999999999,0.025,0.0240557538132547
dynamic,model_dynamic/summary_timeseries.csv,20,9.9,298,119200.0,1164.5770977495265,13.881192497409865,1165 ± 13.88,1139.210385799408,1208.9558077542265,1.9088910972009283,1.7637824868608936,1.909 ± 1.764,0.0,9.111161348432102,0.3256133858948595,0.1690933875506564,0.3256 ± 0.1691,0.044484676769901,1.023745523685125,425.6912751677853,61.05145803258222,425.7 ± 61.05,0.0,440.0,76.832109156871,1.338545148321042,76.83 ± 1.339,74.84481048583984,85.2761459350586,69.74542195481854,1,2,1,4,1:294; 4:4,4,0,0.0,model_dynamic,True,mckenzie2003,4,0.0,0.0,0,0.0,,0,0.0,,0,0.0,,0,0.0,,0,0.0,,278,122126.0,439.3021582733813,16,4730.0,295.625,0,0.0,,0,0.0,,0,0.0,,0,0.0,,0,0.0,,0,0.0,,0,0.0,,0,0,0,16,0,0,278,0,0,0,0,0,0,0,0,0,0,0,0,0,0,0,0,0,0,0,1,0,8.0,9.0,9.0,0.0124999999999999,0.0124999999999999,0.025,0.0230998625915788
dynamic,model_dynamic/summary_timeseries.csv,20,9.8,298,119200.0,1164.5940008789466,13.87924953889593,1165 ± 13.88,1139.210385799408,1208.9419258250396,1.9143710366003075,1.771350219931808,1.914 ± 1.771,0.0,9.160678493353338,0.3253211360943191,0.1688043859907276,0.3253 ± 0.1688,0.0445407488614377,1.0228912313176677,426.36241610738256,56.82596943489936,426.4 ± 56.83,0.0,440.0,74.83563803346365,1.204258420002014,74.84 ± 1.204,72.94805145263672,83.76063537597656,69.7315400256316,1,3,1,4,1:294; 3:2; 4:2,2,0,0.0,model_dynamic,True,mckenzie2003,2,0.0,0.0,0,0.0,,0,0.0,,0,0.0,,0,0.0,,0,0.0,,278,121879.0,438.4136690647482,16,5166.0,322.875,0,0.0,,0,0.0,,2,11.0,5.5,0,0.0,,0,0.0,,0,0.0,,0,0.0,,0,0,0,16,0,0,278,0,0,0,0,0,0,0,0,0,0,0,0,0,2,0,0,0,0,0,0,0,8.0,9.0,9.0,0.0125,0.0125000000000014,0.025,0.0236465380229992
dynamic,model_dynamic/summary_timeseries.csv,20,9.7,298,119200.0,1164.6101677738316,13.87766503753181,1165 ± 13.88,1139.210385799408,1208.927776481296,1.9185411145732365,1.7795690018101598,1.919 ± 1.78,0.0,9.208320518811242,0.32505988479002,0.1685340210687121,0.3251 ± 0.1685,0.0445954519639995,1.022147111786089,427.4060402684564,59.25657636676109,427.4 ± 59.26,0.0,441.0,79.376605117081,1.251935045011926,79.38 ± 1.252,77.45860290527344,87.86392974853516,69.71739068188799,1,2,1,4,1:294; 4:4,4,0,0.0,model_dynamic,True,mckenzie2003,4,0.0,0.0,0,0.0,,0,0.0,,0,0.0,,0,0.0,,0,0.0,,277,122018.0,440.4981949458484,17,5349.0,314.6470588235294,0,0.0,,0,0.0,,0,0.0,,0,0.0,,0,0.0,,0,0.0,,0,0.0,,0,0,0,17,0,0,277,0,0,0,0,0,0,0,0,0,0,0,0,0,0,0,0,0,0,0,0,0,8.0,9.0,9.0,0.0124999999999999,0.0124999999999999,0.025,0.022249980074089
dynamic,model_dynamic/summary_timeseries.csv,20,9.6,298,119200.0,1164.6277226089494,13.87548256047342,1165 ± 13.88,1139.210385799408,1208.9140864778428,1.9252331156180165,1.7865362427935252,1.925 ± 1.787,0.0,9.258146501981102,0.3247476655461772,0.1682419441826885,0.3247 ± 0.1682,0.0443443697500995,1.0211607067384234,434.4731543624161,47.85507642575057,434.5 ± 47.86,0.0,445.0,79.99876106825451,1.0583400011778912,80 ± 1.058,77.55591583251953,88.85504150390625,69.70370067843487,1,3,1,4,1:296; 3:1; 4:1,1,0,0.0,model_dynamic,True,mckenzie2003,1,0.0,0.0,0,0.0,,0,0.0,,0,0.0,,0,0.0,,0,0.0,,277,123128.0,444.5054151624549,19,6340.0,333.6842105263158,0,0.0,,0,0.0,,1,5.0,5.0,0,0.0,,0,0.0,,0,0.0,,0,0.0,,0,0,0,19,0,0,277,0,0,0,0,0,0,0,0,0,0,0,0,0,1,0,0,0,0,0,0,0,8.0,9.0,9.0,0.0124999999999999,0.0124999999999999,0.025,0.0219799303561227
dynamic,model_dynamic/summary_timeseries.csv,20,9.5,298,119200.0,1164.6451787838216,13.873392371820607,1165 ± 13.87,1139.210385799408,1208.900080716484,1.9317621493956336,1.793830891643165,1.932 ± 1.794,0.0,9.307561945659955,0.3244403821873599,0.1679553859322362,0.3244 ± 0.168,0.0436130773421182,1.020122125408365,426.1241610738255,42.73440710330143,426.1 ± 42.73,0.0,435.0,80.03166841340546,0.9684237180757788,80.03 ± 0.9684,77.52742767333984,89.05467987060547,69.68969491707594,1,3,1,4,1:296; 3:1; 4:1,1,0,0.0,model_dynamic,True,mckenzie2003,1,0.0,0.0,0,0.0,,0,0.0,,0,0.0,,0,0.0,,0,0.0,,278,120824.0,434.6187050359712,18,6154.0,341.8888888888889,0,0.0,,0,0.0,,1,7.0,7.0,0,0.0,,0,0.0,,0,0.0,,0,0.0,,0,0,0,18,0,0,278,0,0,0,0,0,0,0,0,0,0,0,0,0,1,0,0,0,0,0,0,0,8.0,9.0,9.0,0.0124999999999999,0.0124999999999999,0.025,0.0219053604089993
dynamic,model_dynamic/summary_timeseries.csv,20,9.4,298,119200.0,1164.6625323908297,13.871349473849309,1165 ± 13.87,1139.210385799408,1208.8857338653474,1.9380955619712408,1.8012166684413706,1.938 ± 1.801,0.0,9.356183116667848,0.3241383047226452,0.1676740514363158,0.3241 ± 0.1677,0.0428904179610701,1.0190766584855746,434.741610738255,38.6022178322256,434.7 ± 38.6,0.0,443.0,77.57062599642965,0.9118628452638808,77.57 ± 0.9119,75.19432067871094,86.19078826904297,69.67534806593949,1,2,1,4,1:297; 4:1,1,0,0.0,model_dynamic,True,mckenzie2003,1,0.0,0.0,0,0.0,,0,0.0,,0,0.0,,0,0.0,,0,0.0,,279,123444.0,442.4516129032258,18,6109.0,339.3888888888889,0,0.0,,0,0.0,,0,0.0,,0,0.0,,0,0.0,,0,0.0,,0,0.0,,0,0,0,18,0,0,279,0,0,0,0,0,0,0,0,0,0,0,0,0,0,0,0,0,0,0,0,0,8.0,9.0,9.0,0.0124999999999999,0.0124999999999999,0.025,0.0225902600576808
dynamic,model_dynamic/summary_timeseries.csv,20,9.3,298,119200.0,1164.6790255054684,13.869647114435551,1165 ± 13.87,1139.210385799408,1208.8708137205658,1.942899924022526,1.809354488713216,1.943 ± 1.809,0.0,9.40271974807205,0.3238658879041886,0.1674072292973706,0.3239 ± 0.1674,0.0421569779121356,1.0181455849759171,434.82214765100673,46.85632666361853,434.8 ± 46.86,0.0,445.0,76.49652568125884,1.044810223790985,76.5 ± 1.045,74.16567993164062,85.29597473144531,69.66042792115786,1,3,1,4,1:296; 3:1; 4:1,1,0,0.0,model_dynamic,True,mckenzie2003,1,0.0,0.0,0,0.0,,0,0.0,,0,0.0,,0,0.0,,0,0.0,,279,123987.0,444.3978494623656,17,5584.0,328.47058823529414,0,0.0,,0,0.0,,1,6.0,6.0,0,0.0,,0,0.0,,0,0.0,,0,0.0,,0,0,0,17,0,0,279,0,0,0,0,0,0,0,0,0,0,0,0,0,1,0,0,0,0,0,0,0,8.0,9.0,9.0,0.0125,0.0125000000000014,0.025,0.0223128521892814
dynamic,model_dynamic/summary_timeseries.csv,20,9.2,298,119200.0,1164.6953554986007,13.86797316629669,1165 ± 13.87,1139.210385799408,1208.8558485465142,1.947348345782775,1.8173547814182225,1.947 ± 1.817,0.0,9.448109296478233,0.3236008226189829,0.1671476580448652,0.3236 ± 0.1671,0.0414313920936877,1.017278354298918,437.5671140939597,50.92629091576028,437.6 ± 50.93,0.0,449.0,77.18807274223174,1.1273129590565842,77.19 ± 1.127,74.75543212890625,85.85862731933594,69.6454627471062,1,2,1,4,1:296; 4:2,2,0,0.0,model_dynamic,True,mckenzie2003,2,0.0,0.0,0,0.0,,0,0.0,,0,0.0,,0,0.0,,0,0.0,,278,124720.0,448.6330935251799,18,5675.0,315.27777777777777,0,0.0,,0,0.0,,0,0.0,,0,0.0,,0,0.0,,0,0.0,,0,0.0,,0,0,0,18,0,0,278,0,0,0,0,0,0,0,0,0,0,0,0,0,0,0,0,0,0,0,0,0,8.0,9.0,9.0,0.0124999999999999,0.0124999999999999,0.025,0.0230943720856835
dynamic,model_dynamic/summary_timeseries.csv,20,9.1,298,119200.0,1164.712126462401,13.866080932170036,1165 ± 13.87,1139.210385799408,1208.8409864997584,1.952456878673397,1.824896063767239,1.952 ± 1.825,0.0,9.493391569064196,0.3233152010117955,0.1668894936928338,0.3233 ± 0.1669,0.0407249657908505,1.0163786634515783,437.7046979865772,50.0206673199886,437.7 ± 50.02,0.0,449.0,78.18688260788886,1.1068508144890443,78.19 ± 1.107,76.33365631103516,87.15314483642578,69.63060070035044,1,2,1,4,1:296; 4:2,2,0,0.0,model_dynamic,True,mckenzie2003,2,0.0,0.0,0,0.0,,0,0.0,,0,0.0,,0,0.0,,0,0.0,,278,124705.0,448.5791366906475,18,5731.0,318.3888888888889,0,0.0,,0,0.0,,0,0.0,,0,0.0,,0,0.0,,0,0.0,,0,0.0,,0,0,0,18,0,0,278,0,0,0,0,0,0,0,0,0,0,0,0,0,0,0,0,0,0,0,0,0,8.0,9.0,9.0,0.0124999999999999,0.0124999999999999,0.025,0.0227282008293474
dynamic,model_dynamic/summary_timeseries.csv,20,9.0,298,119200.0,1164.7291279769856,13.86411315401248,1165 ± 13.86,1139.210385799408,1208.8262777291734,1.9580090515024076,1.8321997743639535,1.958 ± 1.832,0.0,9.538647074649855,0.3230231300356688,0.1666319441134308,0.323 ± 0.1666,0.0400410558614261,1.015427718347025,434.1744966442953,45.92527217934188,434.2 ± 45.93,0.0,445.0,79.42514468199455,0.9580091250916298,79.43 ± 0.958,77.53852081298828,88.2214126586914,69.61589192976544,1,2,1,4,1:296; 4:2,2,0,0.0,model_dynamic,True,mckenzie2003,2,0.0,0.0,0,0.0,,0,0.0,,0,0.0,,0,0.0,,0,0.0,,278,123410.0,443.9208633093525,18,5974.0,331.8888888888889,0,0.0,,0,0.0,,0,0.0,,0,0.0,,0,0.0,,0,0.0,,0,0.0,,0,0,0,18,0,0,278,0,0,0,0,0,0,0,0,0,0,0,0,0,0,0,0,0,0,0,0,0,8.0,9.0,9.0,0.0124999999999999,0.0124999999999999,0.025,0.0223248155951857
dynamic,model_dynamic/summary_timeseries.csv,20,8.9,298,119200.0,1164.746761019526,13.861831989333592,1165 ± 13.86,1139.210385799408,1208.8118331867663,1.9643998008817805,1.838949814086613,1.964 ± 1.839,0.0,9.58391567545413,0.3227147644175033,0.166378356725295,0.3227 ± 0.1664,0.039383785355114,1.0144133932765784,424.5973154362416,41.55984113874451,424.6 ± 41.56,0.0,433.0,74.93083900093232,0.8751593748971708,74.93 ± 0.8752,72.50566864013672,83.57976531982422,69.60144738735835,1,3,1,4,1:296; 3:1; 4:1,1,0,0.0,model_dynamic,True,mckenzie2003,1,0.0,0.0,0,0.0,,0,0.0,,0,0.0,,0,0.0,,0,0.0,,278,120333.0,432.8525179856115,18,6191.0,343.94444444444446,0,0.0,,0,0.0,,1,6.0,6.0,0,0.0,,0,0.0,,0,0.0,,0,0.0,,0,0,0,18,0,0,278,0,0,0,0,0,0,0,0,0,0,0,0,0,1,0,0,0,0,0,0,0,8.0,9.0,9.0,0.0124999999999999,0.0124999999999999,0.025,0.023761016328398
dynamic,model_dynamic/summary_timeseries.csv,20,8.8,298,119200.0,1164.762947109336,13.860209623290702,1165 ± 13.86,1139.210385799408,1208.7970443045394,1.9681789329600368,1.8469473436985275,1.968 ± 1.847,0.0,9.625964085379383,0.3224650174342047,0.1661556170955393,0.3225 ± 0.1662,0.0387183251210359,1.013649086980808,419.37919463087246,52.6936871722577,419.4 ± 52.69,0.0,431.0,75.17265854905915,1.144440532787738,75.17 ± 1.144,73.35003662109375,83.654541015625,69.58665850513148,1,3,1,4,1:295; 3:1; 4:2,2,0,0.0,model_dynamic,True,mckenzie2003,2,0.0,0.0,0,0.0,,0,0.0,,0,0.0,,0,0.0,,0,0.0,,279,120164.0,430.6953405017921,16,4803.0,300.1875,0,0.0,,0,0.0,,1,8.0,8.0,0,0.0,,0,0.0,,0,0.0,,0,0.0,,0,0,0,16,0,0,279,0,0,0,0,0,0,0,0,0,0,0,0,0,1,0,0,0,0,0,0,0,8.0,9.0,9.0,0.0125,0.0125000000000014,0.025,0.0211147146979775
dynamic,model_dynamic/summary_timeseries.csv,20,8.7,298,119200.0,1164.7795383353307,13.858364330153115,1165 ± 13.86,1139.210385799408,1208.7825275798382,1.9725841369931376,1.854179873148424,1.973 ± 1.854,0.0,9.667644708251496,0.3222005386889371,0.1659282226128877,0.3222 ± 0.1659,0.0380759882585666,1.012893829934547,430.9362416107383,54.19241720498178,430.9 ± 54.19,0.0,443.0,77.65190247401296,1.1289736369749388,77.65 ± 1.129,75.7717056274414,86.18498229980469,69.57214178043023,1,3,1,4,1:295; 3:1; 4:2,2,0,0.0,model_dynamic,True,mckenzie2003,2,0.0,0.0,0,0.0,,0,0.0,,0,0.0,,0,0.0,,0,0.0,,279,123515.0,442.7060931899642,16,4897.0,306.0625,0,0.0,,0,0.0,,1,7.0,7.0,0,0.0,,0,0.0,,0,0.0,,0,0.0,,0,0,0,16,0,0,279,0,0,0,0,0,0,0,0,0,0,0,0,0,1,0,0,0,0,0,0,0,8.0,9.0,9.0,0.0124999999999999,0.0124999999999999,0.025,0.0210417573008109
dynamic,model_dynamic/summary_timeseries.csv,20,8.6,298,119200.0,1164.7968177395994,13.856270508922902,1165 ± 13.86,1139.210385799408,1208.76826054579,1.9782541475770252,1.860881406164183,1.978 ± 1.861,0.0,9.71023754275017,0.32190997075848,0.1656888014051865,0.3219 ± 0.1657,0.037467259434626,1.0120008772234408,428.9362416107383,47.484430107699865,428.9 ± 47.48,0.0,440.0,78.53818386513115,1.0029104330995684,78.54 ± 1.003,76.70372009277344,86.90135955810547,69.55787474638214,1,2,1,4,1:296; 4:2,2,0,0.0,model_dynamic,True,mckenzie2003,2,0.0,0.0,0,0.0,,0,0.0,,0,0.0,,0,0.0,,0,0.0,,279,122475.0,438.97849462365593,17,5348.0,314.5882352941176,0,0.0,,0,0.0,,0,0.0,,0,0.0,,0,0.0,,0,0.0,,0,0.0,,0,0,0,17,0,0,279,0,0,0,0,0,0,0,0,0,0,0,0,0,0,0,0,0,0,0,0,0,8.0,9.0,9.0,0.0124999999999999,0.0124999999999999,0.025,0.0202250067112019
dynamic,model_dynamic/summary_timeseries.csv,20,8.5,298,119200.0,1164.814124515683,13.854222942261607,1165 ± 13.85,1139.210385799408,1208.754143823677,1.984044213551422,1.867665965372716,1.984 ± 1.868,0.0,9.752643301400992,0.3216214243043443,0.165453236495731,0.3216 ± 0.1655,0.036886327093996,1.0110618880311568,430.76510067114094,50.17651918316833,430.8 ± 50.18,0.0,441.0,79.7004067337753,1.0138392193190813,79.7 ± 1.014,77.55203247070312,88.3056869506836,69.54375802426898,1,3,1,4,1:295; 3:1; 4:2,2,0,0.0,model_dynamic,True,mckenzie2003,2,0.0,0.0,0,0.0,,0,0.0,,0,0.0,,0,0.0,,0,0.0,,279,122985.0,440.8064516129032,16,5377.0,336.0625,0,0.0,,0,0.0,,1,6.0,6.0,0,0.0,,0,0.0,,0,0.0,,0,0.0,,0,0,0,16,0,0,279,0,0,0,0,0,0,0,0,0,0,0,0,0,1,0,0,0,0,0,0,0,8.0,9.0,9.0,0.0124999999999999,0.0124999999999999,0.025,0.0193813535051048
dynamic,model_dynamic/summary_timeseries.csv,20,8.4,298,119200.0,1164.8316455070487,13.852100785093056,1165 ± 13.85,1139.210385799408,1208.7400779237028,1.990258545849976,1.8742507887484985,1.99 ± 1.874,0.0,9.795015174871534,0.3213260689280918,0.1652159818573353,0.3213 ± 0.1652,0.0363335529933575,1.0100579334401492,437.3087248322148,49.30665573445667,437.3 ± 49.31,0.0,447.0,80.54762478002766,1.0300659398504182,80.55 ± 1.03,78.02721405029297,89.48116302490234,69.5296921242948,1,3,1,4,1:295; 3:2; 4:1,1,0,0.0,model_dynamic,True,mckenzie2003,1,0.0,0.0,0,0.0,,0,0.0,,0,0.0,,0,0.0,,0,0.0,,279,124662.0,446.81720430107526,16,5645.0,352.8125,0,0.0,,0,0.0,,2,11.0,5.5,0,0.0,,0,0.0,,0,0.0,,0,0.0,,0,0,0,16,0,0,279,0,0,0,0,0,0,0,0,0,0,0,0,0,2,0,0,0,0,0,0,0,8.0,9.0,9.0,0.0124999999999999,0.0124999999999999,0.025,0.019078637938296
dynamic,model_dynamic/summary_timeseries.csv,20,8.3,298,119200.0,1164.8493418748726,13.84993565978072,1165 ± 13.85,1139.210385799408,1208.725911953849,1.9967647160882167,1.880778964683076,1.997 ± 1.881,0.0,9.837189511880572,0.3210247278370589,0.1649795424861149,0.321 ± 0.165,0.0358056736060352,1.0089997747849535,432.8053691275168,43.40857519779555,432.8 ± 43.41,0.0,441.0,78.6161870508386,0.9618256818589048,78.62 ± 0.9618,76.1257553100586,87.43803405761719,69.51552615444098,1,3,1,4,1:296; 3:1; 4:1,1,0,0.0,model_dynamic,True,mckenzie2003,1,0.0,0.0,0,0.0,,0,0.0,,0,0.0,,0,0.0,,0,0.0,,279,123002.0,440.8673835125448,17,5968.0,351.05882352941177,0,0.0,,0,0.0,,1,6.0,6.0,0,0.0,,0,0.0,,0,0.0,,0,0.0,,0,0,0,17,0,0,279,0,0,0,0,0,0,0,0,0,0,0,0,0,1,0,0,0,0,0,0,0,8.0,9.0,9.0,0.0125,0.0125000000000014,0.025,0.0194729701704122
dynamic,model_dynamic/summary_timeseries.csv,20,8.2,298,119200.0,1164.8663960082122,13.84801532818241,1165 ± 13.85,1139.210385799408,1208.711423811903,2.002079314130423,1.8878303038723436,2.002 ± 1.888,0.0,9.87767394216724,0.3207481258908671,0.16475684788613,0.3207 ± 0.1648,0.0352838025591535,1.0080394958518293,431.7919463087249,48.63599561401252,431.8 ± 48.64,0.0,441.0,80.01476292962195,1.0272647253031613,80.01 ± 1.027,77.49722290039062,88.7254638671875,69.50103801249497,1,3,1,4,1:295; 3:2; 4:1,1,0,0.0,model_dynamic,True,mckenzie2003,1,0.0,0.0,0,0.0,,0,0.0,,0,0.0,,0,0.0,,0,0.0,,279,123002.0,440.8673835125448,16,5657.0,353.5625,0,0.0,,0,0.0,,2,15.0,7.5,0,0.0,,0,0.0,,0,0.0,,0,0.0,,0,0,0,16,0,0,279,0,0,0,0,0,0,0,0,0,0,0,0,0,2,0,0,0,0,0,0,0,8.0,9.0,9.0,0.0124999999999999,0.0124999999999999,0.025,0.0161894444432428
dynamic,model_dynamic/summary_timeseries.csv,20,8.1,298,119200.0,1164.8838630065534,13.84594976698872,1165 ± 13.85,1139.210385799408,1208.697099239971,2.00817583545476,1.8944063604626311,2.008 ± 1.894,0.0,9.918314237917755,0.3204561444377146,0.1645282288992577,0.3205 ± 0.1645,0.0347960813339304,1.0070089598247542,431.8154362416107,43.62126694065269,431.8 ± 43.62,0.0,441.0,79.66563328480561,0.9421891594183612,79.67 ± 0.9422,77.52212524414062,88.07029724121094,69.48671344056311,1,2,1,4,1:296; 4:2,2,0,0.0,model_dynamic,True,mckenzie2003,2,0.0,0.0,0,0.0,,0,0.0,,0,0.0,,0,0.0,,0,0.0,,280,123134.0,439.7642857142857,16,5547.0,346.6875,0,0.0,,0,0.0,,0,0.0,,0,0.0,,0,0.0,,0,0.0,,0,0.0,,0,0,0,16,0,0,280,0,0,0,0,0,0,0,0,0,0,0,0,0,0,0,0,0,0,0,0,0,8.0,9.0,9.0,0.0124999999999999,0.0124999999999999,0.025,0.0138225136714407
dynamic,model_dynamic/summary_timeseries.csv,20,8.0,298,119200.0,1164.9011815314054,13.843942887971098,1165 ± 13.84,1139.210385799408,1208.682673979673,2.0139669068198423,1.9011157409428965,2.014 ± 1.901,0.0,9.958173651145003,0.3201702138508798,0.1643070017905694,0.3202 ± 0.1643,0.0343292848834206,1.005993580762186,441.244966442953,45.181554614110695,441.2 ± 45.18,0.0,450.0,80.63807102177768,0.9699718435783776,80.64 ± 0.97,78.51513671875,89.14903259277344,69.47228818026497,1,2,1,4,1:296; 4:2,2,0,0.0,model_dynamic,True,mckenzie2003,2,0.0,0.0,0,0.0,,0,0.0,,0,0.0,,0,0.0,,0,0.0,,280,125853.0,449.475,16,5638.0,352.375,0,0.0,,0,0.0,,0,0.0,,0,0.0,,0,0.0,,0,0.0,,0,0.0,,0,0,0,16,0,0,280,0,0,0,0,0,0,0,0,0,0,0,0,0,0,0,0,0,0,0,0,0,8.0,9.0,9.0,0.0124999999999999,0.0124999999999999,0.025,0.0136278414080986
dynamic,model_dynamic/summary_timeseries.csv,20,7.9,298,119200.0,1164.9187499806496,13.841843487543752,1165 ± 13.84,1139.210385799408,1208.6682298284975,2.0202083523412377,1.9075905262262247,2.02 ± 1.908,0.0,9.99799521774508,0.3198743778734039,0.1640828020569983,0.3199 ± 0.1641,0.0338933520234219,1.004918378932455,441.9530201342282,43.63474626353196,442 ± 43.63,0.0,450.0,82.74208698656734,0.9428513304205068,82.74 ± 0.9429,80.26500701904297,91.39147186279295,69.45784402908976,1,2,1,4,1:296; 4:2,2,0,0.0,model_dynamic,True,mckenzie2003,2,0.0,0.0,0,0.0,,0,0.0,,0,0.0,,0,0.0,,0,0.0,,280,125925.0,449.7321428571428,16,5777.0,361.0625,0,0.0,,0,0.0,,0,0.0,,0,0.0,,0,0.0,,0,0.0,,0,0.0,,0,0,0,16,0,0,280,0,0,0,0,0,0,0,0,0,0,0,0,0,0,0,0,0,0,0,0,0,8.0,9.0,9.0,0.0125,0.0125000000000005,0.025,0.0138625501764007
dynamic,model_dynamic/summary_timeseries.csv,20,7.8,298,119200.0,1164.9368489272308,13.839570719039688,1165 ± 13.84,1139.210385799408,1208.653985253829,2.027432026925544,1.913606036428224,2.027 ± 1.914,0.0,10.038258828030552,0.3195623639503658,0.1638520968761962,0.3196 ± 0.1639,0.033502258269082,1.0037336928473886,440.496644295302,40.34176548479902,440.5 ± 40.34,0.0,448.0,83.20790261390225,0.867539478702014,83.21 ± 0.8675,80.80599975585938,91.95249938964844,69.44359945442102,1,3,1,4,1:296; 3:1; 4:1,1,0,0.0,model_dynamic,True,mckenzie2003,1,0.0,0.0,0,0.0,,0,0.0,,0,0.0,,0,0.0,,0,0.0,,280,125213.0,447.1892857142857,16,6047.0,377.9375,0,0.0,,0,0.0,,1,8.0,8.0,0,0.0,,0,0.0,,0,0.0,,0,0.0,,0,0,0,16,0,0,280,0,0,0,0,0,0,0,0,0,0,0,0,0,1,0,0,0,0,0,0,0,8.0,9.0,9.0,0.0124999999999999,0.0124999999999999,0.025,0.0139851381872984
dynamic,model_dynamic/summary_timeseries.csv,20,7.7,298,119200.0,1164.9549542766829,13.837293727742209,1165 ± 13.84,1139.210385799408,1208.6395850448482,2.0346565994836454,1.919654160181531,2.035 ± 1.92,0.0,10.0781331926405,0.3192515864498502,0.1636234286555157,0.3193 ± 0.1636,0.0331390258858359,1.0025163441552951,442.0302013422819,34.79888180857608,442 ± 34.8,0.0,448.0,80.75742488579462,0.821356089756263,80.76 ± 0.8214,78.64679718017578,89.45838165283203,69.42919924544026,1,2,1,4,1:297; 4:1,1,0,0.0,model_dynamic,True,mckenzie2003,1,0.0,0.0,0,0.0,,0,0.0,,0,0.0,,0,0.0,,0,0.0,,280,125412.0,447.9,17,6313.0,371.3529411764706,0,0.0,,0,0.0,,0,0.0,,0,0.0,,0,0.0,,0,0.0,,0,0.0,,0,0,0,17,0,0,280,0,0,0,0,0,0,0,0,0,0,0,0,0,0,0,0,0,0,0,0,0,8.0,9.0,9.0,0.0125,0.0125000000000005,0.025,0.0141299050249451
dynamic,model_dynamic/summary_timeseries.csv,20,7.6,298,119200.0,1164.972230214851,13.835268340045204,1165 ± 13.84,1139.210385799408,1208.624548708891,2.0403542558684147,1.926354485138308,2.04 ± 1.926,0.0,10.116400362086766,0.3189663676646276,0.163408518492803,0.319 ± 0.1634,0.0327777467718121,1.0014071240990987,440.3590604026846,41.953816911927966,440.4 ± 41.95,0.0,448.0,83.08267859644538,0.922996448231289,83.08 ± 0.923,81.04428100585938,91.72534942626952,69.41416290948337,1,3,1,4,1:296; 3:1; 4:1,1,0,0.0,model_dynamic,True,mckenzie2003,1,0.0,0.0,0,0.0,,0,0.0,,0,0.0,,0,0.0,,0,0.0,,280,125237.0,447.275,16,5982.0,373.875,0,0.0,,0,0.0,,1,8.0,8.0,0,0.0,,0,0.0,,0,0.0,,0,0.0,,0,0,0,16,0,0,280,0,0,0,0,0,0,0,0,0,0,0,0,0,1,0,0,0,0,0,0,0,8.0,9.0,9.0,0.0124999999999999,0.0124999999999999,0.025,0.0138960881449644
dynamic,model_dynamic/summary_timeseries.csv,20,7.5,298,119200.0,1164.9902486973333,13.833004828053156,1165 ± 13.83,1139.210385799408,1208.609857309595,2.04737359708689,1.932336250017944,2.047 ± 1.932,0.0,10.155205436249483,0.3186573671765959,0.1631839775585284,0.3187 ± 0.1632,0.032466371156226,1.0001837885717153,440.1040268456376,34.6608581032792,440.1 ± 34.66,0.0,446.0,81.25699146962006,0.826960994173433,81.26 ± 0.827,79.45848846435547,90.11034393310548,69.39947151018714,1,2,1,4,1:297; 4:1,1,0,0.0,model_dynamic,True,mckenzie2003,1,0.0,0.0,0,0.0,,0,0.0,,0,0.0,,0,0.0,,0,0.0,,281,125266.0,445.7864768683274,16,5885.0,367.8125,0,0.0,,0,0.0,,0,0.0,,0,0.0,,0,0.0,,0,0.0,,0,0.0,,0,0,0,16,0,0,281,0,0,0,0,0,0,0,0,0,0,0,0,0,0,0,0,0,0,0,0,0,8.0,9.0,9.0,0.0124999999999999,0.0124999999999999,0.025,0.0140775348732062
dynamic,model_dynamic/summary_timeseries.csv,20,7.4,298,119200.0,1165.0076499796994,13.83093668884974,1165 ± 13.83,1139.210385799408,1208.5946922143291,2.053218464565856,1.9388751177927597,2.053 ± 1.939,0.0,10.19272519529633,0.3183693469294275,0.1629718113030838,0.3184 ± 0.163,0.0321669044396822,0.9990395647700576,443.5771812080537,37.75071557311993,443.6 ± 37.75,0.0,450.0,82.17530653780739,0.8914377300717751,82.18 ± 0.8914,80.3260269165039,90.63778686523438,69.38430641492118,1,2,1,4,1:297; 4:1,1,0,0.0,model_dynamic,True,mckenzie2003,1,0.0,0.0,0,0.0,,0,0.0,,0,0.0,,0,0.0,,0,0.0,,282,126810.0,449.6808510638298,15,5376.0,358.4,0,0.0,,0,0.0,,0,0.0,,0,0.0,,0,0.0,,0,0.0,,0,0.0,,0,0,0,15,0,0,282,0,0,0,0,0,0,0,0,0,0,0,0,0,0,0,0,0,0,0,0,0,8.0,9.0,9.0,0.0125,0.0125000000000005,0.025,0.0136943907541752
dynamic,model_dynamic/summary_timeseries.csv,20,7.3,298,119200.0,1165.025395967738,13.828734389219502,1165 ± 13.83,1139.210385799408,1208.579607969461,2.0596270132591394,1.945066907433986,2.06 ± 1.945,0.0,10.230133678774791,0.318067521189245,0.1627535686512294,0.3181 ± 0.1628,0.0319062308925117,0.9978417376718772,445.96308724832215,36.19534036715777,446 ± 36.2,0.0,452.0,83.95160419028878,0.8159996694071371,83.95 ± 0.816,82.10089111328125,92.09429931640624,69.36922217005304,1,2,1,4,1:297; 4:1,1,0,0.0,model_dynamic,True,mckenzie2003,1,0.0,0.0,0,0.0,,0,0.0,,0,0.0,,0,0.0,,0,0.0,,283,127814.0,451.63957597173146,14,5083.0,363.07142857142856,0,0.0,,0,0.0,,0,0.0,,0,0.0,,0,0.0,,0,0.0,,0,0.0,,0,0,0,14,0,0,283,0,0,0,0,0,0,0,0,0,0,0,0,0,0,0,0,0,0,0,0,0,8.0,9.0,9.0,0.0124999999999999,0.0124999999999999,0.025,0.014056495609219
dynamic,model_dynamic/summary_timeseries.csv,20,7.2,298,119200.0,1165.043662229928,13.826357298450574,1165 ± 13.83,1139.210385799408,1208.5647488475122,2.0669325841353925,1.950866057951831,2.067 ± 1.951,0.0,10.267816673145315,0.3177477645138556,0.1625261869187324,0.3177 ± 0.1625,0.0316933923918687,0.9965465037954616,447.48993288590606,33.36348875454559,447.5 ± 33.36,0.0,453.0,82.72222931113019,0.73914474933566,82.72 ± 0.7391,80.49915313720703,91.0517807006836,69.35436304810423,1,2,1,4,1:297; 4:1,1,0,0.0,model_dynamic,True,mckenzie2003,1,0.0,0.0,0,0.0,,0,0.0,,0,0.0,,0,0.0,,0,0.0,,283,128101.0,452.6537102473498,14,5251.0,375.07142857142856,0,0.0,,0,0.0,,0,0.0,,0,0.0,,0,0.0,,0,0.0,,0,0.0,,0,0,0,14,0,0,283,0,0,0,0,0,0,0,0,0,0,0,0,0,0,0,0,0,0,0,0,0,8.0,9.0,9.0,0.0125,0.0125000000000005,0.025,0.0140388887138186
dynamic,model_dynamic/summary_timeseries.csv,20,7.1,298,119200.0,1165.061412397477,13.82417772092453,1165 ± 13.82,1139.210385799408,1208.549481660321,2.0732917415581507,1.9571451698357405,2.073 ± 1.957,0.0,10.30445918098326,0.3174445735517409,0.162308285988613,0.3174 ± 0.1623,0.0314991375989156,0.995293136844904,448.21140939597313,35.22486162552087,448.2 ± 35.22,0.0,454.0,84.66544229392237,0.809770131840473,84.67 ± 0.8098,82.54529571533203,93.21929168701172,69.33909586091295,1,2,1,4,1:297; 4:1,1,0,0.0,model_dynamic,True,mckenzie2003,1,0.0,0.0,0,0.0,,0,0.0,,0,0.0,,0,0.0,,0,0.0,,284,128820.0,453.59154929577466,13,4747.0,365.1538461538461,0,0.0,,0,0.0,,0,0.0,,0,0.0,,0,0.0,,0,0.0,,0,0.0,,0,0,0,13,0,0,284,0,0,0,0,0,0,0,0,0,0,0,0,0,0,0,0,0,0,0,0,0,8.0,9.0,9.0,0.0124999999999999,0.0124999999999999,0.025,0.0144450930518218
dynamic,model_dynamic/summary_timeseries.csv,20,7.0,298,119200.0,1165.0797871194875,13.821786483454702,1165 ± 13.82,1139.210385799408,1208.5344621635973,2.0807431977806186,1.962845572236528,2.081 ± 1.963,0.0,10.341417163045255,0.3171222998527148,0.1620840634984405,0.3171 ± 0.1621,0.0313559189952295,0.993938333978878,449.1174496644296,32.04395519652229,449.1 ± 32.04,0.0,454.0,83.51760946184197,0.6902594466909785,83.52 ± 0.6903,81.62348937988281,92.14097595214844,69.3240763641893,1,2,1,4,1:297; 4:1,1,0,0.0,model_dynamic,True,mckenzie2003,1,0.0,0.0,0,0.0,,0,0.0,,0,0.0,,0,0.0,,0,0.0,,285,129306.0,453.7052631578948,12,4531.0,377.5833333333333,0,0.0,,0,0.0,,0,0.0,,0,0.0,,0,0.0,,0,0.0,,0,0.0,,0,0,0,12,0,0,285,0,0,0,0,0,0,0,0,0,0,0,0,0,0,0,0,0,0,0,0,0,8.0,9.0,9.0,0.0124999999999999,0.0124999999999999,0.025,0.01410868446461
dynamic,model_dynamic/summary_timeseries.csv,20,6.9,298,119200.0,1165.097643827405,13.81956302866431,1165 ± 13.82,1139.210385799408,1208.5190328959643,2.0872686231155013,1.9689761592944357,2.087 ± 1.969,0.0,10.37739201020715,0.3168160093587259,0.1618672829534313,0.3168 ± 0.1619,0.0312330581938595,0.9926214311797892,446.36241610738256,33.34177595288869,446.4 ± 33.34,0.0,452.0,83.27351187379568,0.7370217730874543,83.27 ± 0.737,81.46138000488281,91.56623840332033,69.30864709655657,1,2,1,4,1:297; 4:1,1,0,0.0,model_dynamic,True,mckenzie2003,1,0.0,0.0,0,0.0,,0,0.0,,0,0.0,,0,0.0,,0,0.0,,286,129009.0,451.0804195804196,11,4007.0,364.27272727272725,0,0.0,,0,0.0,,0,0.0,,0,0.0,,0,0.0,,0,0.0,,0,0.0,,0,0,0,11,0,0,286,0,0,0,0,0,0,0,0,0,0,0,0,0,0,0,0,0,0,0,0,0,8.0,9.0,9.0,0.0125,0.0125000000000005,0.025,0.013865359891183
dynamic,model_dynamic/summary_timeseries.csv,20,6.8,298,119200.0,1165.1153992625398,13.817332607406158,1165 ± 13.82,1139.210385799408,1208.503555975331,2.0936014317533025,1.9750707840423043,2.094 ± 1.975,0.0,10.412711708641975,0.3165162386329228,0.1616582065514087,0.3165 ± 0.1617,0.0311416615331562,0.9913117600916604,446.8456375838926,33.57046577342193,446.8 ± 33.57,0.0,452.0,81.34902234685501,0.7323965148076933,81.35 ± 0.7324,79.50434875488281,89.55026245117188,69.29317017592302,1,2,1,4,1:297; 4:1,1,0,0.0,model_dynamic,True,mckenzie2003,1,0.0,0.0,0,0.0,,0,0.0,,0,0.0,,0,0.0,,0,0.0,,286,129159.0,451.6048951048951,11,4001.0,363.7272727272728,0,0.0,,0,0.0,,0,0.0,,0,0.0,,0,0.0,,0,0.0,,0,0.0,,0,0,0,11,0,0,286,0,0,0,0,0,0,0,0,0,0,0,0,0,0,0,0,0,0,0,0,0,8.0,9.0,9.0,0.0124999999999999,0.0124999999999999,0.025,0.0142028040768912
dynamic,model_dynamic/summary_timeseries.csv,20,6.7,298,119200.0,1165.1324926520035,13.815354130514448,1165 ± 13.82,1139.210385799408,1208.4878369725946,2.098763532771808,1.981625312100732,2.099 ± 1.982,0.0,10.446744565569126,0.316240320630465,0.16146281730207,0.3162 ± 0.1615,0.031069003227767,0.9900921922668828,451.5939597315436,37.70371375115787,451.6 ± 37.7,0.0,458.0,84.7601681907705,0.8660129542699311,84.76 ± 0.866,82.98715209960938,93.25067901611328,69.27745117318659,1,2,1,4,1:297; 4:1,1,0,0.0,model_dynamic,True,mckenzie2003,1,0.0,0.0,0,0.0,,0,0.0,,0,0.0,,0,0.0,,0,0.0,,286,130715.0,457.04545454545456,11,3860.0,350.90909090909093,0,0.0,,0,0.0,,0,0.0,,0,0.0,,0,0.0,,0,0.0,,0,0.0,,0,0,0,11,0,0,286,0,0,0,0,0,0,0,0,0,0,0,0,0,0,0,0,0,0,0,0,0,8.0,9.0,9.0,0.0125,0.0125000000000005,0.025,0.0144305272794409
dynamic,model_dynamic/summary_timeseries.csv,20,6.6,298,119200.0,1165.1506420586738,13.812999646788484,1165 ± 13.81,1139.210385799408,1208.4726594846284,2.1058261358251675,1.9871701573269656,2.106 ± 1.987,0.0,10.481694005121335,0.3159291163855792,0.161249805204452,0.3159 ± 0.1612,0.0310630266576966,0.9887072779822528,451.4429530201342,31.74560848989614,451.4 ± 31.75,0.0,456.0,85.40428724864985,0.6621994281369613,85.4 ± 0.6622,83.5335464477539,93.79591369628906,69.2622736852204,1,2,1,4,1:297; 4:1,1,0,0.0,model_dynamic,True,mckenzie2003,1,0.0,0.0,0,0.0,,0,0.0,,0,0.0,,0,0.0,,0,0.0,,288,131199.0,455.5520833333333,9,3331.0,370.1111111111111,0,0.0,,0,0.0,,0,0.0,,0,0.0,,0,0.0,,0,0.0,,0,0.0,,0,0,0,9,0,0,288,0,0,0,0,0,0,0,0,0,0,0,0,0,0,0,0,0,0,0,0,0,8.0,9.0,9.0,0.0124999999999999,0.0124999999999999,0.025,0.014627591857943
dynamic,model_dynamic/summary_timeseries.csv,20,6.5,298,119200.0,1165.169118550939,13.81043579014799,1165 ± 13.81,1139.210385799408,1208.457454393444,2.1132399744591392,1.992516863049021,2.113 ± 1.993,0.0,10.516412820995182,0.3155964395593915,0.1610260561993635,0.3156 ± 0.161,0.031096774519716,0.9872815473075232,454.56375838926175,31.5263439744922,454.6 ± 31.53,0.0,459.0,83.8482982968324,0.640179800901219,83.85 ± 0.6402,82.03845977783203,92.316162109375,69.24706859403591,1,2,1,4,1:297; 4:1,1,0,0.0,model_dynamic,True,mckenzie2003,1,0.0,0.0,0,0.0,,0,0.0,,0,0.0,,0,0.0,,0,0.0,,288,132084.0,458.625,9,3376.0,375.1111111111111,0,0.0,,0,0.0,,0,0.0,,0,0.0,,0,0.0,,0,0.0,,0,0.0,,0,0,0,9,0,0,288,0,0,0,0,0,0,0,0,0,0,0,0,0,0,0,0,0,0,0,0,0,8.0,9.0,9.0,0.0124999999999999,0.0124999999999999,0.025,0.0141432785170569
dynamic,model_dynamic/summary_timeseries.csv,20,6.4,298,119200.0,1165.1870081389152,13.80807446245494,1165 ± 13.81,1139.210385799408,1208.441819240808,2.119576643558748,1.9983522109400695,2.12 ± 1.998,0.0,10.550046925855272,0.3152820397037079,0.1608130209150978,0.3153 ± 0.1608,0.0311486797918019,0.9859148122044976,449.4395973154362,32.78050926628975,449.4 ± 32.78,0.0,454.0,85.79944165120989,0.6957304522438984,85.8 ± 0.6957,84.08158111572266,94.10441589355467,69.23143344139999,1,2,1,4,1:297; 4:1,1,0,0.0,model_dynamic,True,mckenzie2003,1,0.0,0.0,0,0.0,,0,0.0,,0,0.0,,0,0.0,,0,0.0,,288,130687.0,453.77430555555554,9,3246.0,360.6666666666667,0,0.0,,0,0.0,,0,0.0,,0,0.0,,0,0.0,,0,0.0,,0,0.0,,0,0,0,9,0,0,288,0,0,0,0,0,0,0,0,0,0,0,0,0,0,0,0,0,0,0,0,0,8.0,9.0,9.0,0.0125,0.0125000000000005,0.025,0.0147300798538877
dynamic,model_dynamic/summary_timeseries.csv,20,6.3,298,119200.0,1165.205490801926,13.805528896207724,1165 ± 13.81,1139.210385799408,1208.4265499296523,2.126950801980801,2.003666024854877,2.127 ± 2.004,0.0,10.58393059596406,0.3149503998508224,0.1605932237859214,0.315 ± 0.1606,0.0312535161601186,0.9844576515616428,454.63758389261744,30.72255467851764,454.6 ± 30.72,0.0,459.0,80.40046507560167,0.5941120933580009,80.4 ± 0.5941,78.25869750976562,88.40789794921875,69.21616413024435,1,2,1,4,1:297; 4:1,1,0,0.0,model_dynamic,True,mckenzie2003,1,0.0,0.0,0,0.0,,0,0.0,,0,0.0,,0,0.0,,0,0.0,,290,132893.0,458.25172413793103,7,2589.0,369.8571428571428,0,0.0,,0,0.0,,0,0.0,,0,0.0,,0,0.0,,0,0.0,,0,0.0,,0,0,0,7,0,0,290,0,0,0,0,0,0,0,0,0,0,0,0,0,0,0,0,0,0,0,0,0,8.0,9.0,9.0,0.0124999999999999,0.0124999999999999,0.025,0.0149495622888304
dynamic,model_dynamic/summary_timeseries.csv,20,6.2,298,119200.0,1165.2222814134304,13.803490333844325,1165 ± 13.8,1139.210385799408,1208.410452650439,2.131272201278957,2.0103505603327028,2.131 ± 2.01,0.0,10.615247644691538,0.3146734070784195,0.1604028737205107,0.3147 ± 0.1604,0.0313439292601635,0.98325058971514,454.0335570469799,43.27195351694814,454 ± 43.27,0.0,460.0,83.30081048747837,0.8798325426607976,83.3 ± 0.8798,81.48651885986328,91.59217071533205,69.20006685103112,1,3,1,4,1:296; 3:1; 4:1,1,0,0.0,model_dynamic,True,mckenzie2003,1,0.0,0.0,0,0.0,,0,0.0,,0,0.0,,0,0.0,,0,0.0,,290,133283.0,459.596551724138,6,2010.0,335.0,0,0.0,,0,0.0,,1,9.0,9.0,0,0.0,,0,0.0,,0,0.0,,0,0.0,,0,0,0,6,0,0,290,0,0,0,0,0,0,0,0,0,0,0,0,0,1,0,0,0,0,0,0,0,8.0,9.0,9.0,0.0125,0.0125000000000005,0.025,0.0137443433136355
dynamic,model_dynamic/summary_timeseries.csv,20,6.1,298,119200.0,1165.2399559753223,13.801163879063708,1165 ± 13.8,1139.210385799408,1208.3949137535324,2.137221065290606,2.016075289398795,2.137 ± 2.016,0.0,10.64718759205564,0.3143698839360729,0.1601986244848883,0.3144 ± 0.1602,0.0314952980417841,0.9819101270758333,458.9597315436242,34.23279545248516,459 ± 34.23,0.0,464.0,87.40327433131685,0.7130357537464759,87.4 ± 0.713,85.63538360595703,95.6073989868164,69.1845279541244,1,2,1,4,1:297; 4:1,1,0,0.0,model_dynamic,True,mckenzie2003,1,0.0,0.0,0,0.0,,0,0.0,,0,0.0,,0,0.0,,0,0.0,,290,134341.0,463.2448275862069,7,2429.0,347.0,0,0.0,,0,0.0,,0,0.0,,0,0.0,,0,0.0,,0,0.0,,0,0.0,,0,0,0,7,0,0,290,0,0,0,0,0,0,0,0,0,0,0,0,0,0,0,0,0,0,0,0,0,8.0,9.0,9.0,0.0124999999999999,0.0124999999999999,0.025,0.0152932200476142
dynamic,model_dynamic/summary_timeseries.csv,20,6.0,298,119200.0,1165.258726267633,13.798496957215397,1165 ± 13.8,1139.210385799408,1208.3801231108594,2.145184148574556,2.020949036226084,2.145 ± 2.021,0.0,10.680217930229094,0.3140326647496628,0.1599797737216406,0.314 ± 0.16,0.0317176294760814,0.9803754369133088,464.4194630872484,29.929254790742352,464.4 ± 29.93,0.0,468.0,87.15363081349622,0.5417629764612476,87.15 ± 0.5418,85.26419830322266,95.20303344726562,69.1697373114514,1,2,1,4,1:297; 4:1,1,0,0.0,model_dynamic,True,mckenzie2003,1,0.0,0.0,0,0.0,,0,0.0,,0,0.0,,0,0.0,,0,0.0,,291,136075.0,467.61168384879727,6,2322.0,387.0,0,0.0,,0,0.0,,0,0.0,,0,0.0,,0,0.0,,0,0.0,,0,0.0,,0,0,0,6,0,0,291,0,0,0,0,0,0,0,0,0,0,0,0,0,0,0,0,0,0,0,0,0,8.0,9.0,9.0,0.0124999999999999,0.0124999999999999,0.025,0.0151302564968973
dynamic,model_dynamic/summary_timeseries.csv,20,5.9,298,119200.0,1165.277237218374,13.795872660555956,1165 ± 13.8,1139.210385799408,1208.3649219362885,2.1526476150592364,2.026149074565935,2.153 ± 2.026,0.0,10.712729817886624,0.3136976613770832,0.1597619711733932,0.3137 ± 0.1598,0.0319666632256348,0.9788302143482546,459.4530201342282,30.116543330102765,459.5 ± 30.12,0.0,463.0,88.39740164327941,0.5578387063559623,88.4 ± 0.5578,86.51970672607422,96.59613800048828,69.15453613688055,1,2,1,4,1:297; 4:1,1,0,0.0,model_dynamic,True,mckenzie2003,1,0.0,0.0,0,0.0,,0,0.0,,0,0.0,,0,0.0,,0,0.0,,291,134656.0,462.7353951890034,6,2261.0,376.8333333333333,0,0.0,,0,0.0,,0,0.0,,0,0.0,,0,0.0,,0,0.0,,0,0.0,,0,0,0,6,0,0,291,0,0,0,0,0,0,0,0,0,0,0,0,0,0,0,0,0,0,0,0,0,8.0,9.0,9.0,0.0125,0.0125000000000005,0.025,0.0156796757180687
dynamic,model_dynamic/summary_timeseries.csv,20,5.8,298,119200.0,1165.296011932999,13.793165303403072,1165 ± 13.79,1139.210385799408,1208.3497978521775,2.160603939950119,2.0310689738128183,2.161 ± 2.031,0.0,10.74521310968582,0.31335625050058,0.1595429464067454,0.3134 ± 0.1595,0.0318358553860673,0.9772204624959816,461.493288590604,29.2328356440014,461.5 ± 29.23,0.0,465.0,85.90260517197167,0.5172289747373463,85.9 ± 0.5172,83.44747924804688,93.83169555664062,69.13941205276956,1,2,1,4,1:297; 4:1,1,0,0.0,model_dynamic,True,mckenzie2003,1,0.0,0.0,0,0.0,,0,0.0,,0,0.0,,0,0.0,,0,0.0,,293,136032.0,464.2730375426621,4,1493.0,373.25,0,0.0,,0,0.0,,0,0.0,,0,0.0,,0,0.0,,0,0.0,,0,0.0,,0,0,0,4,0,0,293,0,0,0,0,0,0,0,0,0,0,0,0,0,0,0,0,0,0,0,0,0,8.0,9.0,9.0,0.0124999999999999,0.0124999999999999,0.025,0.0145936049251321
dynamic,model_dynamic/summary_timeseries.csv,20,5.7,298,119200.0,1165.3140119190855,13.79072574927585,1165 ± 13.79,1139.210385799408,1208.3338505511388,2.167046651347801,2.036705465546459,2.167 ± 2.037,0.0,10.776979512072046,0.3130339631795624,0.1593359591137426,0.313 ± 0.1593,0.031394680291161,0.9756997467991322,466.4026845637584,31.321759373361868,466.4 ± 31.32,0.0,470.0,87.60628814185226,0.5785038253415261,87.61 ± 0.5785,85.78070068359375,95.519287109375,69.12346475173081,1,2,1,4,1:297; 4:1,1,0,0.0,model_dynamic,True,mckenzie2003,1,0.0,0.0,0,0.0,,0,0.0,,0,0.0,,0,0.0,,0,0.0,,293,137599.0,469.6211604095563,4,1389.0,347.25,0,0.0,,0,0.0,,0,0.0,,0,0.0,,0,0.0,,0,0.0,,0,0.0,,0,0,0,4,0,0,293,0,0,0,0,0,0,0,0,0,0,0,0,0,0,0,0,0,0,0,0,0,8.0,9.0,9.0,0.0125,0.0125000000000005,0.025,0.016494168183122
dynamic,model_dynamic/summary_timeseries.csv,20,5.6,298,119200.0,1165.3323756251327,13.78812486957301,1165 ± 13.79,1139.210385799408,1208.3181407517666,2.174239195698317,2.0418598777689256,2.174 ± 2.042,0.0223304616118462,10.808836388313926,0.3126934104299865,0.1591181017023716,0.3127 ± 0.1591,0.0309638449811422,0.9740955330947166,466.66107382550337,17.609748716367594,466.7 ± 17.61,249.0,469.0,88.58686429222158,0.3798236846871657,88.59 ± 0.3798,86.74983215332031,94.18638610839844,69.10775495235862,1,1,1,1,1:298,0,0,0.0,model_dynamic,True,mckenzie2003,0,0.0,,0,0.0,,0,0.0,,0,0.0,,0,0.0,,0,0.0,,293,137332.0,468.70989761092153,5,1733.0,346.6,0,0.0,,0,0.0,,0,0.0,,0,0.0,,0,0.0,,0,0.0,,0,0.0,,0,0,0,5,0,0,293,0,0,0,0,0,0,0,0,0,0,0,0,0,0,0,0,0,0,0,0,0,8.0,9.0,9.0,0.0124999999999999,0.0124999999999999,0.025,0.0166950966953944
dynamic,model_dynamic/summary_timeseries.csv,20,5.5,298,119200.0,1165.3508182098149,13.785525480372185,1165 ± 13.79,1139.210385799408,1208.3024636277642,2.1816320335646995,2.046993031988288,2.182 ± 2.047,0.0328846558779161,10.840526640165782,0.3123447678569563,0.1588958943751253,0.3123 ± 0.1589,0.0305397134811638,0.972437287310897,465.0771812080537,14.395798328126034,465.1 ± 14.4,310.0,467.0,89.79482141277134,0.2510789943270181,89.79 ± 0.2511,87.48189544677734,92.6897430419922,69.0920778283562,1,1,1,1,1:298,0,0,0.0,model_dynamic,True,mckenzie2003,0,0.0,,0,0.0,,0,0.0,,0,0.0,,0,0.0,,0,0.0,,293,136774.0,466.8054607508532,5,1819.0,363.8,0,0.0,,0,0.0,,0,0.0,,0,0.0,,0,0.0,,0,0.0,,0,0.0,,0,0,0,5,0,0,293,0,0,0,0,0,0,0,0,0,0,0,0,0,0,0,0,0,0,0,0,0,8.0,9.0,9.0,0.0124999999999999,0.0124999999999999,0.025,0.016912073355941
dynamic,model_dynamic/summary_timeseries.csv,20,5.4,298,119200.0,1165.3695104014323,13.78284167146258,1165 ± 13.78,1139.210385799408,1208.2868886019946,2.1894698382018336,2.05193450231915,2.189 ± 2.052,0.0357134075397621,10.872097971401251,0.3119909612855491,0.1586717704462197,0.312 ± 0.1587,0.0301233731629218,0.9707146893636144,467.3557046979866,12.795539189933296,467.4 ± 12.8,324.0,470.0,91.28375912352696,0.1934201342965791,91.28 ± 0.1934,89.50472259521484,93.3469467163086,69.07650280258667,1,1,1,1,1:298,0,0,0.0,model_dynamic,True,mckenzie2003,0,0.0,,0,0.0,,0,0.0,,0,0.0,,0,0.0,,0,0.0,,293,137382.0,468.8805460750853,5,1890.0,378.0,0,0.0,,0,0.0,,0,0.0,,0,0.0,,0,0.0,,0,0.0,,0,0.0,,0,0,0,5,0,0,293,0,0,0,0,0,0,0,0,0,0,0,0,0,0,0,0,0,0,0,0,0,8.0,9.0,9.0,0.0125,0.0125000000000005,0.025,0.0167381456963096
dynamic,model_dynamic/summary_timeseries.csv,20,5.3,298,119200.0,1165.3885019880108,13.78006283470596,1165 ± 13.78,1139.210385799408,1208.2713443076252,2.19787686832547,2.0566079729786373,2.198 ± 2.057,0.039643889770066,10.903673073028235,0.3116267977096278,0.1584407686419695,0.3116 ± 0.1584,0.0297158389111031,0.9689110382895656,469.5872483221477,10.988131416468606,469.6 ± 10.99,344.0,471.0,87.06427316857665,0.1953540727516436,87.06 ± 0.1954,85.16789245605469,88.50471496582031,69.06095850821725,1,1,1,1,1:298,0,0,0.0,model_dynamic,True,mckenzie2003,0,0.0,,0,0.0,,0,0.0,,0,0.0,,0,0.0,,0,0.0,,294,138409.0,470.7789115646258,4,1528.0,382.0,0,0.0,,0,0.0,,0,0.0,,0,0.0,,0,0.0,,0,0.0,,0,0.0,,0,0,0,4,0,0,294,0,0,0,0,0,0,0,0,0,0,0,0,0,0,0,0,0,0,0,0,0,8.0,9.0,9.0,0.0124999999999999,0.0124999999999999,0.025,0.0176741659636089
dynamic,model_dynamic/summary_timeseries.csv,20,5.2,298,119200.0,1165.4061951606684,13.77759697760646,1165 ± 13.78,1139.210385799408,1208.2544548167525,2.2037917048937974,2.0624697089376447,2.204 ± 2.062,0.0227221520778359,10.933414606587132,0.3112971777242168,0.1582312550146924,0.3113 ± 0.1582,0.0292879646677207,0.967259336417976,465.993288590604,17.289868486267334,466 ± 17.29,254.0,468.0,87.79701138182774,0.381363001526943,87.8 ± 0.3814,85.88541412353516,93.171630859375,69.04406901734433,1,1,1,1,1:298,0,0,0.0,model_dynamic,True,mckenzie2003,0,0.0,,0,0.0,,0,0.0,,0,0.0,,0,0.0,,0,0.0,,294,137541.0,467.8265306122449,4,1325.0,331.25,0,0.0,,0,0.0,,0,0.0,,0,0.0,,0,0.0,,0,0.0,,0,0.0,,0,0,0,4,0,0,294,0,0,0,0,0,0,0,0,0,0,0,0,0,0,0,0,0,0,0,0,0,8.0,9.0,9.0,0.0125,0.0125000000000005,0.025,0.0166496655044941
dynamic,model_dynamic/summary_timeseries.csv,20,5.1,298,119200.0,1165.4242983722102,13.774980500090662,1165 ± 13.77,1139.210385799408,1208.2378158395788,2.2103111615764184,2.06788391566314,2.21 ± 2.068,0.0366675237998756,10.962903065683506,0.3109553295771187,0.1580163673543813,0.311 ± 0.158,0.0288656144889177,0.9655772621832304,464.46308724832215,12.550581413807189,464.5 ± 12.55,330.0,466.0,88.70701125484185,0.1555864761983361,88.71 ± 0.1556,86.80287170410156,90.42129516601562,69.02743004017088,1,1,1,1,1:298,0,0,0.0,model_dynamic,True,mckenzie2003,0,0.0,,0,0.0,,0,0.0,,0,0.0,,0,0.0,,0,0.0,,294,136958.0,465.843537414966,4,1452.0,363.0,0,0.0,,0,0.0,,0,0.0,,0,0.0,,0,0.0,,0,0.0,,0,0.0,,0,0,0,4,0,0,294,0,0,0,0,0,0,0,0,0,0,0,0,0,0,0,0,0,0,0,0,0,8.0,9.0,9.0,0.0124999999999999,0.0124999999999999,0.025,0.0174787515206074
dynamic,model_dynamic/summary_timeseries.csv,20,5.0,298,119200.0,1165.4424677752202,13.772447278565402,1165 ± 13.77,1139.210385799408,1208.221371814134,2.217030006704452,2.073263331973647,2.217 ± 2.073,0.0293623471782785,10.992230878545923,0.310615312033523,0.1578014031020021,0.3106 ± 0.1578,0.0284498629469936,0.9638518032783232,470.5503355704698,14.235759983348268,470.6 ± 14.24,298.0,473.0,92.9877368747788,0.2489751073642492,92.99 ± 0.249,91.1151123046875,96.70233917236328,69.01098601472609,1,1,1,1,1:298,0,0,0.0,model_dynamic,True,mckenzie2003,0,0.0,,0,0.0,,0,0.0,,0,0.0,,0,0.0,,0,0.0,,294,138793.0,472.0850340136054,4,1431.0,357.75,0,0.0,,0,0.0,,0,0.0,,0,0.0,,0,0.0,,0,0.0,,0,0.0,,0,0,0,4,0,0,294,0,0,0,0,0,0,0,0,0,0,0,0,0,0,0,0,0,0,0,0,0,8.0,9.0,9.0,0.0124999999999999,0.0124999999999999,0.025,0.0159382954401035
dynamic,model_dynamic/summary_timeseries.csv,20,4.9,298,119200.0,1165.4618992449364,13.769456305479345,1165 ± 13.77,1139.210385799408,1208.2058566162295,2.2260717577983167,2.077423809302638,2.226 ± 2.077,0.0558639494413894,11.022519632213418,0.3102384527124242,0.15756708468338,0.3102 ± 0.1576,0.0280573551763885,0.9619439085895284,476.0671140939597,6.932236174781967,476.1 ± 6.932,399.0,477.0,87.26584013356458,0.2244668297943353,87.27 ± 0.2245,85.10103607177734,87.44032287597656,68.99547081682158,1,1,1,1,1:298,0,0,0.0,model_dynamic,True,mckenzie2003,0,0.0,,0,0.0,,0,0.0,,0,0.0,,0,0.0,,0,0.0,,294,140195.0,476.8537414965986,4,1673.0,418.25,0,0.0,,0,0.0,,0,0.0,,0,0.0,,0,0.0,,0,0.0,,0,0.0,,0,0,0,4,0,0,294,0,0,0,0,0,0,0,0,0,0,0,0,0,0,0,0,0,0,0,0,0,8.0,9.0,9.0,0.0125,0.0125000000000005,0.025,0.0179780610484176
dynamic,model_dynamic/summary_timeseries.csv,20,4.8,298,119200.0,1165.4794787781843,13.767080188078134,1165 ± 13.77,1139.210385799408,1208.188575054312,2.231631915550181,2.083348622008175,2.232 ± 2.083,0.0371458134163002,11.050586786742585,0.3099096244484159,0.1573594671125349,0.3099 ± 0.1574,0.027637329744919,0.9602389028865936,485.0234899328859,15.5037163298073,485 ± 15.5,341.0,508.0,89.78405457055008,0.8828628328653448,89.78 ± 0.8829,87.63575744628906,91.78467559814452,68.97818925490401,1,1,1,1,1:298,0,0,0.0,model_dynamic,True,mckenzie2003,0,0.0,,0,0.0,,0,0.0,,0,0.0,,47,23876.0,508.0,0,0.0,,247,119120.0,482.2672064777328,4,1541.0,385.25,0,0.0,,0,0.0,,0,0.0,,0,0.0,,0,0.0,,0,0.0,,0,0.0,,0,0,0,4,0,0,294,0,0,0,0,0,0,0,0,0,0,0,0,0,0,0,0,0,0,0,0,0,8.0,9.0,9.0,0.0124999999999999,0.0124999999999999,0.025,0.0174546186567588
dynamic,model_dynamic/summary_timeseries.csv,20,4.7,298,119200.0,1165.4977989085392,13.76424987701985,1165 ± 13.76,1139.210385799408,1208.1717712740833,2.238516214032593,2.0885173641094377,2.239 ± 2.089,0.0433938147232065,11.07888693254538,0.3095589323393803,0.157138229637334,0.3096 ± 0.1571,0.0274090035330066,0.9584409993607526,499.06375838926175,18.184345781800733,499.1 ± 18.18,367.0,513.0,92.00081795814052,1.2348016808072135,92 ± 1.235,88.97894287109375,93.1890640258789,68.96138547467535,1,1,1,1,1:298,0,0,0.0,model_dynamic,True,mckenzie2003,0,0.0,,0,0.0,,0,0.0,,0,0.0,,154,79002.0,513.0,0,0.0,,140,68142.0,486.72857142857146,4,1577.0,394.25,0,0.0,,0,0.0,,0,0.0,,0,0.0,,0,0.0,,0,0.0,,0,0.0,,0,0,0,4,0,0,294,0,0,0,0,0,0,0,0,0,0,0,0,0,0,0,0,0,0,0,0,0,8.0,9.0,9.0,0.0125,0.0125000000000005,0.025,0.0171185689083661
dynamic,model_dynamic/summary_timeseries.csv,20,4.6,298,119200.0,1165.5167940516476,13.761105760008055,1166 ± 13.76,1139.210385799408,1208.1551736816598,2.246556599633802,2.0931339906985427,2.247 ± 2.093,0.0479999183033934,11.107173582352807,0.3091842708922844,0.1569092000072868,0.3092 ± 0.1569,0.0270452832854272,0.9564671712547752,484.4530201342282,11.4419812022136,484.5 ± 11.44,379.0,507.0,89.99452521816995,0.6242050809083787,89.99 ± 0.6242,87.75297546386719,92.14892578125,68.94478788225183,1,1,1,1,1:298,0,0,0.0,model_dynamic,True,mckenzie2003,0,0.0,,0,0.0,,0,0.0,,0,0.0,,21,10647.0,507.0,0,0.0,,273,132106.0,483.9047619047619,4,1614.0,403.5,0,0.0,,0,0.0,,0,0.0,,0,0.0,,0,0.0,,0,0.0,,0,0.0,,0,0,0,4,0,0,294,0,0,0,0,0,0,0,0,0,0,0,0,0,0,0,0,0,0,0,0,0,8.0,9.0,9.0,0.0124999999999999,0.0124999999999999,0.025,0.0173415880801722
dynamic,model_dynamic/summary_timeseries.csv,20,4.5,298,119200.0,1165.5348787770365,13.758279469208262,1166 ± 13.76,1139.210385799408,1208.1382748471142,2.253076452950749,2.098390333518538,2.253 ± 2.098,0.0446295551688289,11.134724026354135,0.3088293029415292,0.1566921415814398,0.3088 ± 0.1567,0.0266545387125635,0.9546324619108676,496.0973154362416,15.61256784364161,496.1 ± 15.61,372.0,507.0,90.24710495199932,1.127585575356947,90.25 ± 1.128,87.1588363647461,91.28436279296876,68.92788904770623,1,1,1,1,1:298,0,0,0.0,model_dynamic,True,mckenzie2003,0,0.0,,0,0.0,,0,0.0,,0,0.0,,160,81120.0,507.0,0,0.0,,134,65118.0,485.955223880597,4,1599.0,399.75,0,0.0,,0,0.0,,0,0.0,,0,0.0,,0,0.0,,0,0.0,,0,0.0,,0,0,0,4,0,0,294,0,0,0,0,0,0,0,0,0,0,0,0,0,0,0,0,0,0,0,0,0,8.0,9.0,9.0,0.0124999999999999,0.0124999999999999,0.025,0.017398579261071
dynamic,model_dynamic/summary_timeseries.csv,20,4.4,298,119200.0,1165.5529803951629,13.75558103479136,1166 ± 13.76,1139.210385799408,1208.121206847061,2.259682581385179,2.103714425443182,2.26 ± 2.104,0.0345043460734633,11.162374981991205,0.3084730255851963,0.1564777322327682,0.3085 ± 0.1565,0.026253313160132,0.9527170560517711,482.5234899328859,13.1151758465069,482.5 ± 13.12,331.0,484.0,90.06632219865018,0.1747037513002292,90.07 ± 0.1747,88.32271575927734,92.44617462158205,68.91082104765314,1,1,1,1,1:298,0,0,0.0,model_dynamic,True,mckenzie2003,0,0.0,,0,0.0,,0,0.0,,0,0.0,,0,0.0,,0,0.0,,294,142283.0,483.9557823129252,4,1509.0,377.25,0,0.0,,0,0.0,,0,0.0,,0,0.0,,0,0.0,,0,0.0,,0,0.0,,0,0,0,4,0,0,294,0,0,0,0,0,0,0,0,0,0,0,0,0,0,0,0,0,0,0,0,0,8.0,9.0,9.0,0.0125,0.0125000000000005,0.025,0.0163348383134984
dynamic,model_dynamic/summary_timeseries.csv,20,4.3,298,119200.0,1165.5712611900733,13.752533689448676,1166 ± 13.75,1139.210385799408,1208.104419772199,2.2663779819546117,2.108733411219374,2.266 ± 2.109,0.0458532460928717,11.189128715179264,0.3081072402717674,0.1562559137650261,0.3081 ± 0.1563,0.0258634626881325,0.950857819447755,506.01006711409394,12.479374903498686,506 ± 12.48,378.0,508.0,92.41157885045811,0.4253158755733295,92.41 ± 0.4253,88.56683349609375,92.49222564697266,68.89403397279102,2,2,1,2,1:9; 2:289,0,0,0.0,model_dynamic,True,mckenzie2003,0,0.0,,0,0.0,,0,0.0,,0,0.0,,293,148693.0,507.4846416382253,0,0.0,,1,488.0,488.0,4,1610.0,402.5,0,0.0,,0,0.0,,0,0.0,,0,0.0,,0,0.0,,0,0.0,,0,0.0,,0,0,0,4,0,0,294,0,0,0,0,0,0,0,0,0,0,0,0,0,0,0,0,0,0,0,0,0,8.0,9.0,9.0,0.0124999999999999,0.0124999999999999,0.025,0.016997656646674
dynamic,model_dynamic/summary_timeseries.csv,20,4.2,298,119200.0,1165.5901445868788,13.74918523466986,1166 ± 13.75,1139.210385799408,1208.0868191630875,2.274135773401463,2.1133459729215867,2.274 ± 2.113,0.0467916334132169,11.21624704432984,0.3077237351981623,0.1560271671540833,0.3077 ± 0.156,0.0254907001528063,0.9488823709410408,487.86241610738256,10.91322685262804,487.9 ± 10.91,380.0,508.0,87.80747455878546,0.5118009808142387,87.81 ± 0.5118,85.55720520019531,89.87338256835938,68.87643336367978,1,2,1,2,1:286; 2:12,0,0,0.0,model_dynamic,True,mckenzie2003,0,0.0,,0,0.0,,0,0.0,,0,0.0,,15,7620.0,508.0,0,0.0,,279,136141.0,487.9605734767025,4,1622.0,405.5,0,0.0,,0,0.0,,0,0.0,,0,0.0,,0,0.0,,0,0.0,,0,0.0,,0,0,0,4,0,0,294,0,0,0,0,0,0,0,0,0,0,0,0,0,0,0,0,0,0,0,0,0,8.0,9.0,9.0,0.0125,0.0125000000000005,0.025,0.0175341220833643
dynamic,model_dynamic/summary_timeseries.csv,20,4.1,298,119200.0,1165.6078243703066,13.74656291150338,1166 ± 13.75,1139.210385799408,1208.068790427206,2.2795450900923995,2.1189314467063167,2.28 ± 2.119,0.0312174877856634,11.24150520936151,0.3073841387376343,0.1558232100771417,0.3074 ± 0.1558,0.0251013140299548,0.9471037716957676,486.3456375838926,14.9265988574942,486.3 ± 14.93,317.0,488.0,87.6020694707064,0.2311755681545938,87.6 ± 0.2312,85.85893249511719,90.7660675048828,68.85840462779811,2,2,1,2,1:7; 2:291,0,0,0.0,model_dynamic,True,mckenzie2003,0,0.0,,0,0.0,,0,0.0,,0,0.0,,0,0.0,,0,0.0,,294,143462.0,487.9659863945578,4,1469.0,367.25,0,0.0,,0,0.0,,0,0.0,,0,0.0,,0,0.0,,0,0.0,,0,0.0,,0,0,0,4,0,0,294,0,0,0,0,0,0,0,0,0,0,0,0,0,0,0,0,0,0,0,0,0,8.0,9.0,9.0,0.0124999999999999,0.0124999999999999,0.025,0.016450877690506
dynamic,model_dynamic/summary_timeseries.csv,20,4.0,298,119200.0,1165.6255098761626,13.743869462057637,1166 ± 13.74,1139.210385799408,1208.0518376612924,2.284946899496509,2.124345376923297,2.285 ± 2.124,0.0296121768151496,11.26631462578333,0.307046783351568,0.1556227094615351,0.307 ± 0.1556,0.0247178467455947,0.945338565518621,493.8859060402685,15.696162999406042,493.9 ± 15.7,312.0,516.0,88.70550969783092,0.289797414161332,88.71 ± 0.2898,86.90157318115234,92.3803939819336,68.84145186188448,1,1,1,1,1:298,0,0,0.0,model_dynamic,True,mckenzie2003,0,0.0,,0,0.0,,0,0.0,,0,0.0,,1,516.0,516.0,0,0.0,,293,145184.0,495.5085324232082,4,1478.0,369.5,0,0.0,,0,0.0,,0,0.0,,0,0.0,,0,0.0,,0,0.0,,0,0.0,,0,0,0,4,0,0,294,0,0,0,0,0,0,0,0,0,0,0,0,0,0,0,0,0,0,0,0,0,8.0,9.0,9.0,0.0125,0.0125000000000001,0.025,0.0161006313937153
dynamic,model_dynamic/summary_timeseries.csv,20,3.9,298,119200.0,1165.643549958922,13.741098854199006,1166 ± 13.74,1139.210385799408,1208.0362561575034,2.2909468581087404,2.1293926177774547,2.291 ± 2.129,0.0344305843574563,11.291038669617274,0.3066999350887645,0.1554163532561407,0.3067 ± 0.1554,0.0243458041004119,0.9435273872305068,504.4597315436242,17.106262519252873,504.5 ± 17.11,339.0,516.0,86.87115678211187,1.0644600693012083,86.87 ± 1.064,84.12651824951172,88.29290771484375,68.82587035809547,2,2,1,2,1:9; 2:289,0,0,0.0,model_dynamic,True,mckenzie2003,0,0.0,,0,0.0,,0,0.0,,0,0.0,,133,68628.0,516.0,0,0.0,,161,80155.0,497.8571428571428,4,1546.0,386.5,0,0.0,,0,0.0,,0,0.0,,0,0.0,,0,0.0,,0,0.0,,0,0.0,,0,0,0,4,0,0,294,0,0,0,0,0,0,0,0,0,0,0,0,0,0,0,0,0,0,0,0,0,8.0,9.0,9.0,0.0125,0.0125000000000001,0.025,0.0167812457054359
dynamic,model_dynamic/summary_timeseries.csv,20,3.8,298,119200.0,1165.661111931363,13.738438867428076,1166 ± 13.74,1139.210385799408,1208.0189024293466,2.296019333083147,2.1348242601395597,2.296 ± 2.135,0.0313943083578026,11.315032573203236,0.3063680891398357,0.1552206056887983,0.3064 ± 0.1552,0.0239643225639319,0.9418507088123378,499.6308724832215,19.119142167611763,499.6 ± 19.12,320.0,513.0,88.21122966996775,1.062355551073672,88.21 ± 1.062,85.58689880371094,90.5535888671875,68.8085166299386,2,2,1,2,1:9; 2:289,0,0,0.0,model_dynamic,True,mckenzie2003,0,0.0,,0,0.0,,0,0.0,,0,0.0,,116,59508.0,513.0,0,0.0,,178,87921.0,493.938202247191,4,1461.0,365.25,0,0.0,,0,0.0,,0,0.0,,0,0.0,,0,0.0,,0,0.0,,0,0.0,,0,0,0,4,0,0,294,0,0,0,0,0,0,0,0,0,0,0,0,0,0,0,0,0,0,0,0,0,8.0,9.0,9.0,0.0124999999999999,0.0124999999999999,0.025,0.0167064194089583
dynamic,model_dynamic/summary_timeseries.csv,20,3.7,298,119200.0,1165.67903167998,13.735890334564816,1166 ± 13.74,1139.210385799408,1208.0024790552204,2.3017775793146478,2.1399556401610984,2.302 ± 2.14,0.0296241406753012,11.339676167921256,0.3060338537920888,0.1550267407594369,0.306 ± 0.155,0.0235982968905155,0.9401024859802468,506.2684563758389,19.01064021124448,506.3 ± 19.01,311.0,515.0,89.75595860833289,1.0467883200573136,89.76 ± 1.047,86.62224578857422,92.14202880859376,68.79209325581246,2,2,1,2,1:9; 2:289,0,0,0.0,model_dynamic,True,mckenzie2003,0,0.0,,0,0.0,,0,0.0,,0,0.0,,183,94245.0,515.0,0,0.0,,111,55139.0,496.7477477477477,4,1484.0,371.0,0,0.0,,0,0.0,,0,0.0,,0,0.0,,0,0.0,,0,0.0,,0,0.0,,0,0,0,4,0,0,294,0,0,0,0,0,0,0,0,0,0,0,0,0,0,0,0,0,0,0,0,0,8.0,9.0,9.0,0.0125,0.0125000000000001,0.025,0.0159548776436397
dynamic,model_dynamic/summary_timeseries.csv,20,3.6,298,119200.0,1165.6972785281037,13.733191010863608,1166 ± 13.73,1139.210385799408,1207.985880679592,2.308156441538917,2.1447796979263227,2.308 ± 2.145,0.0346526598558915,11.363799106742672,0.3056856229833614,0.1548253998152666,0.3057 ± 0.1548,0.0232429476568357,0.9382073803253428,514.6912751677852,16.20108511108536,514.7 ± 16.2,339.0,517.0,90.38738496511574,0.4454840382337917,90.39 ± 0.4455,86.51300048828125,90.68067932128906,68.77549488018417,2,2,1,2,1:18; 2:280,0,0,0.0,model_dynamic,True,mckenzie2003,0,0.0,,0,0.0,,0,0.0,,0,0.0,,286,147862.0,517.0,0,0.0,,8,3976.0,497.0,4,1540.0,385.0,0,0.0,,0,0.0,,0,0.0,,0,0.0,,0,0.0,,0,0.0,,0,0.0,,0,0,0,4,0,0,294,0,0,0,0,0,0,0,0,0,0,0,0,0,0,0,0,0,0,0,0,0,8.0,9.0,9.0,0.0125,0.0125000000000001,0.025,0.0161483710298838
dynamic,model_dynamic/summary_timeseries.csv,20,3.5,298,119200.0,1165.715763091764,13.730258930900726,1166 ± 13.73,1139.210385799408,1207.969806086814,2.3148410065628946,2.1493740041766256,2.315 ± 2.149,0.0407116967094304,11.3875225280528,0.3053296050061784,0.1546218366666246,0.3053 ± 0.1546,0.0229001583743265,0.936310398227348,504.98993288590606,15.341631936182486,505 ± 15.34,368.0,520.0,89.80278450370635,0.9869619250286272,89.8 ± 0.987,87.36902618408203,91.34087371826172,68.7594202874061,2,2,1,2,1:9; 2:289,0,0,0.0,model_dynamic,True,mckenzie2003,0,0.0,,0,0.0,,0,0.0,,0,0.0,,90,46711.0,519.0111111111111,0,0.0,,204,102176.0,500.8627450980392,4,1600.0,400.0,0,0.0,,0,0.0,,0,0.0,,0,0.0,,0,0.0,,0,0.0,,0,0.0,,0,0,0,4,0,0,294,0,0,0,0,0,0,0,0,0,0,0,0,0,0,0,0,0,0,0,0,0,8.0,9.0,9.0,0.0125,0.0125000000000001,0.025,0.0165996052501306
dynamic,model_dynamic/summary_timeseries.csv,20,3.4,298,119200.0,1165.7340037941713,13.7276208558556,1166 ± 13.73,1139.210385799408,1207.9538506479023,2.321143819188894,2.154138048074862,2.321 ± 2.154,0.0373003112246869,11.411053162932305,0.3049872139300543,0.1544285211722763,0.305 ± 0.1544,0.0225581180173354,0.934489971897131,504.6442953020134,16.16237814977799,504.6 ± 16.16,353.0,521.0,87.05423790336455,0.9783091988559044,87.05 ± 0.9783,84.7327651977539,88.6963119506836,68.74346484849434,2,2,1,2,1:10; 2:288,0,0,0.0,model_dynamic,True,mckenzie2003,0,0.0,,0,0.0,,0,0.0,,0,0.0,,77,40117.0,521.0,0,0.0,,217,108686.0,500.8571428571428,4,1581.0,395.25,0,0.0,,0,0.0,,0,0.0,,0,0.0,,0,0.0,,0,0.0,,0,0.0,,0,0,0,4,0,0,294,0,0,0,0,0,0,0,0,0,0,0,0,0,0,0,0,0,0,0,0,0,8.0,9.0,9.0,0.0125,0.0125000000000001,0.025,0.01648342723104
dynamic,model_dynamic/summary_timeseries.csv,20,3.3,298,119200.0,1165.75151206497,13.725011363351106,1166 ± 13.73,1139.210385799408,1207.9372873373295,2.32601210785619,2.15937514761044,2.326 ± 2.159,0.0274032734861079,11.43295563008826,0.3046601659012634,0.1542403507762223,0.3047 ± 0.1542,0.0222239999099987,0.9327248402903886,514.9328859060403,18.90852740035749,514.9 ± 18.91,302.0,517.0,90.23185476520716,0.2512058090720044,90.23 ± 0.2512,86.45000457763672,92.287353515625,68.72690153792155,2,2,1,2,1:5; 2:293,0,0,0.0,model_dynamic,True,mckenzie2003,0,0.0,,0,0.0,,0,0.0,,0,0.0,,294,151998.0,517.0,0,0.0,,0,0.0,,4,1452.0,363.0,0,0.0,,0,0.0,,0,0.0,,0,0.0,,0,0.0,,0,0.0,,0,0.0,,0,0,0,4,0,0,294,0,0,0,0,0,0,0,0,0,0,0,0,0,0,0,0,0,0,0,0,0,8.0,9.0,9.0,0.0124999999999999,0.0124999999999999,0.025,0.0156697465884647
dynamic,model_dynamic/summary_timeseries.csv,20,3.2,298,119200.0,1165.7698945925608,13.722181706074812,1166 ± 13.72,1139.210385799408,1207.9212107337853,2.332477381881984,2.16387404895359,2.332 ± 2.164,0.0408775744314372,11.455493308588403,0.3043043341315274,0.1540370999422124,0.3043 ± 0.154,0.0218962781120734,0.930732014500318,521.7348993288591,13.970013072947417,521.7 ± 13.97,374.0,524.0,90.00533274196138,0.3314203057424697,90.01 ± 0.3314,86.20120239257812,90.07611846923828,68.71082493437734,2,2,1,2,1:5; 2:293,0,0,0.0,model_dynamic,True,mckenzie2003,0,0.0,,0,0.0,,0,0.0,,0,0.0,,294,153850.0,523.2993197278912,0,0.0,,0,0.0,,4,1627.0,406.75,0,0.0,,0,0.0,,0,0.0,,0,0.0,,0,0.0,,0,0.0,,0,0.0,,0,0,0,4,0,0,294,0,0,0,0,0,0,0,0,0,0,0,0,0,0,0,0,0,0,0,0,0,8.0,9.0,9.0,0.0125,0.0125000000000001,0.025,0.0166289407661318
dynamic,model_dynamic/summary_timeseries.csv,20,3.1,298,119200.0,1165.7880925869597,13.719438105788395,1166 ± 13.72,1139.210385799408,1207.905060125204,2.338615154635997,2.168593822387708,2.339 ± 2.169,0.0345123202914478,11.477640564735609,0.3039541888144144,0.1538414369223107,0.304 ± 0.1538,0.0215722289097195,0.9287355178117714,506.83892617449663,16.651407064754636,506.8 ± 16.65,342.0,524.0,89.80308215250105,0.8600467272526526,89.8 ± 0.86,87.6383056640625,91.770263671875,68.69467432579609,2,2,1,2,1:8; 2:290,0,0,0.0,model_dynamic,True,mckenzie2003,0,0.0,,0,0.0,,0,0.0,,0,0.0,,55,28820.0,524.0,0,0.0,,239,120667.0,504.8828451882845,4,1551.0,387.75,0,0.0,,0,0.0,,0,0.0,,0,0.0,,0,0.0,,0,0.0,,0,0.0,,0,0,0,4,0,0,294,0,0,0,0,0,0,0,0,0,0,0,0,0,0,0,0,0,0,0,0,0,8.0,9.0,9.0,0.0125,0.0125000000000001,0.025,0.0156331315326558
dynamic,model_dynamic/summary_timeseries.csv,20,3.0,298,119200.0,1165.8063756224365,13.716748856163312,1166 ± 13.72,1139.210385799408,1207.88993595906,2.344860425568482,2.173125262975676,2.345 ± 2.173,0.0454511552194597,11.499207538698304,0.3036055837383498,0.1536470107999419,0.3036 ± 0.1536,0.0212498904702026,0.9266878108472324,526.5201342281879,13.082133314659336,526.5 ± 13.08,389.0,528.0,90.94586796088508,0.4108025077990521,90.95 ± 0.4108,86.89459228515625,90.99468994140624,68.67955015965208,2,2,1,2,1:9; 2:289,0,0,0.0,model_dynamic,True,mckenzie2003,0,0.0,,0,0.0,,0,0.0,,0,0.0,,294,155232.0,528.0,0,0.0,,0,0.0,,4,1671.0,417.75,0,0.0,,0,0.0,,0,0.0,,0,0.0,,0,0.0,,0,0.0,,0,0.0,,0,0,0,4,0,0,294,0,0,0,0,0,0,0,0,0,0,0,0,0,0,0,0,0,0,0,0,0,8.0,9.0,9.0,0.0125,0.0125000000000001,0.025,0.0164550591790829
dynamic,model_dynamic/summary_timeseries.csv,20,2.9,298,119200.0,1165.8248351890638,13.713940966661566,1166 ± 13.71,1139.210385799408,1207.8738746473616,2.351379296919182,2.1777908712522924,2.351 ± 2.178,0.0431159318006266,11.520894516758156,0.303245614447375,0.153450173666164,0.3032 ± 0.1535,0.0209383430634182,0.9246349249276564,529.0838926174497,13.52761315729554,529.1 ± 13.53,383.0,531.0,93.15867120627588,0.3960515418365515,93.16 ± 0.3961,88.90705108642578,93.22184753417967,68.66348884795366,2,2,1,2,1:8; 2:290,0,0,0.0,model_dynamic,True,mckenzie2003,0,0.0,,0,0.0,,0,0.0,,0,0.0,,294,155997.0,530.6020408163265,0,0.0,,0,0.0,,4,1670.0,417.5,0,0.0,,0,0.0,,0,0.0,,0,0.0,,0,0.0,,0,0.0,,0,0.0,,0,0,0,4,0,0,294,0,0,0,0,0,0,0,0,0,0,0,0,0,0,0,0,0,0,0,0,0,8.0,9.0,9.0,0.0125,0.0125000000000001,0.025,0.016020124789238
dynamic,model_dynamic/summary_timeseries.csv,20,2.8,298,119200.0,1165.843884597421,13.710929048887992,1166 ± 13.71,1139.210385799408,1207.858301662218,2.3589687110173747,2.1818970395149764,2.359 ± 2.182,0.0514234074678332,11.542741768607058,0.3028700243984831,0.153246046673492,0.3029 ± 0.1532,0.020639638506144,0.9224908468864004,519.5838926174497,12.667190972327234,519.6 ± 12.67,410.0,527.0,94.32574414246834,1.0783634107923692,94.33 ± 1.078,90.7529067993164,95.1542510986328,68.6479158628099,2,2,1,2,1:5; 2:293,0,0,0.0,model_dynamic,True,mckenzie2003,0,0.0,,0,0.0,,0,0.0,,0,0.0,,185,97492.0,526.9837837837838,0,0.0,,109,55586.0,509.9633027522936,4,1758.0,439.5,0,0.0,,0,0.0,,0,0.0,,0,0.0,,0,0.0,,0,0.0,,0,0.0,,0,0,0,4,0,0,294,0,0,0,0,0,0,0,0,0,0,0,0,0,0,0,0,0,0,0,0,0,8.0,9.0,9.0,0.0124999999999999,0.0124999999999999,0.025,0.015557652675302
dynamic,model_dynamic/summary_timeseries.csv,20,2.7,298,119200.0,1165.8631233648634,13.707785952957591,1166 ± 13.71,1139.210385799408,1207.843705342167,2.366922559872497,2.185789305182137,2.367 ± 2.186,0.0590817387995281,11.564147097427735,0.30248764368041,0.1530420970146855,0.3025 ± 0.153,0.0203433789191117,0.920247201487734,531.1577181208054,8.07672670431002,531.2 ± 8.077,438.0,532.0,90.18282722626756,0.4203548403940333,90.18 ± 0.4204,85.64692687988281,90.22809600830078,68.63331954275895,2,2,1,2,1:6; 2:292,0,0,0.0,model_dynamic,True,mckenzie2003,0,0.0,,0,0.0,,0,0.0,,0,0.0,,295,156930.0,531.9661016949152,0,0.0,,0,0.0,,3,1355.0,451.6666666666667,0,0.0,,0,0.0,,0,0.0,,0,0.0,,0,0.0,,0,0.0,,0,0.0,,0,0,0,3,0,0,295,0,0,0,0,0,0,0,0,0,0,0,0,0,0,0,0,0,0,0,0,0,8.0,9.0,9.0,0.0125,0.0125000000000001,0.025,0.0163874573155958
dynamic,model_dynamic/summary_timeseries.csv,20,2.6,298,119200.0,1165.8812356813946,13.70508190587095,1166 ± 13.71,1139.210385799408,1207.826932697577,2.372698248396263,2.1907389350950788,2.373 ± 2.191,0.0452375617262362,11.584671135390115,0.3021335000187991,0.1528526683381046,0.3021 ± 0.1529,0.0200402950765007,0.9181860278512816,526.0906040268457,11.564315874645343,526.1 ± 11.56,389.0,528.0,90.5081724896527,0.5763258144315184,90.51 ± 0.5763,86.21402740478516,90.6488800048828,68.61654689816896,2,2,1,2,1:8; 2:290,0,0,0.0,model_dynamic,True,mckenzie2003,0,0.0,,0,0.0,,0,0.0,,0,0.0,,282,148896.0,528.0,0,0.0,,13,6617.0,509.0,3,1262.0,420.6666666666667,0,0.0,,0,0.0,,0,0.0,,0,0.0,,0,0.0,,0,0.0,,0,0.0,,0,0,0,3,0,0,295,0,0,0,0,0,0,0,0,0,0,0,0,0,0,0,0,0,0,0,0,0,8.0,9.0,9.0,0.0125,0.0125000000000001,0.025,0.0162879728752544
dynamic,model_dynamic/summary_timeseries.csv,20,2.5,298,119200.0,1165.8994907014762,13.702368159482418,1166 ± 13.7,1139.210385799408,1207.8104631315032,2.378694198698344,2.195521451246135,2.379 ± 2.196,0.0424494122316123,11.604938082331676,0.3017790879928794,0.1526652826088028,0.3018 ± 0.1527,0.0197473709811104,0.9161112079184044,523.8355704697987,11.766883194406486,523.8 ± 11.77,382.0,525.0,89.70795817023156,0.3192250722701404,89.71 ± 0.3192,85.58714294433594,89.74279022216797,68.60007733209522,2,2,1,2,1:5; 2:293,0,0,0.0,model_dynamic,True,mckenzie2003,0,0.0,,0,0.0,,0,0.0,,0,0.0,,295,154872.0,524.9898305084746,0,0.0,,0,0.0,,3,1231.0,410.3333333333333,0,0.0,,0,0.0,,0,0.0,,0,0.0,,0,0.0,,0,0.0,,0,0.0,,0,0,0,3,0,0,295,0,0,0,0,0,0,0,0,0,0,0,0,0,0,0,0,0,0,0,0,0,8.0,9.0,9.0,0.0125,0.0125000000000001,0.025,0.0163803038139555
dynamic,model_dynamic/summary_timeseries.csv,20,2.4,298,119200.0,1165.9176087445085,13.699694417126397,1166 ± 13.7,1139.210385799408,1207.7940032500735,2.3843365042570093,2.200311150888006,2.384 ± 2.2,0.0396744638853631,11.624669748176228,0.3014276317350137,0.1524799640805144,0.3014 ± 0.1525,0.0194512891037359,0.9140719046501142,529.01677852349,14.72464446846715,529 ± 14.72,376.0,535.0,90.01566742250583,0.8521949296561968,90.02 ± 0.8522,86.08982849121094,90.53460693359376,68.58361745066554,2,2,1,2,1:5; 2:293,0,0,0.0,model_dynamic,True,mckenzie2003,0,0.0,,0,0.0,,0,0.0,,0,0.0,,225,120179.0,534.1288888888889,0,0.0,,70,36260.0,518.0,3,1208.0,402.6666666666667,0,0.0,,0,0.0,,0,0.0,,0,0.0,,0,0.0,,0,0.0,,0,0.0,,0,0,0,3,0,0,295,0,0,0,0,0,0,0,0,0,0,0,0,0,0,0,0,0,0,0,0,0,8.0,9.0,9.0,0.0125,0.0125000000000001,0.025,0.0162202795524034
dynamic,model_dynamic/summary_timeseries.csv,20,2.3,298,119200.0,1165.9358633715665,13.696932818349438,1166 ± 13.7,1139.210385799408,1207.7779939263694,2.3902015089298065,2.204869647334244,2.39 ± 2.205,0.0432473139766519,11.644277055720124,0.3010742034977041,0.1522928788827536,0.3011 ± 0.1523,0.0191628117000659,0.9120137467024704,530.6677852348994,12.386682437449704,530.7 ± 12.39,389.0,532.0,89.99352958218363,0.3732029452875575,89.99 ± 0.3732,85.4688949584961,90.04061889648438,68.56760812696143,2,2,1,2,1:5; 2:293,0,0,0.0,model_dynamic,True,mckenzie2003,0,0.0,,0,0.0,,0,0.0,,0,0.0,,293,155876.0,532.0,0,0.0,,2,1032.0,516.0,3,1231.0,410.3333333333333,0,0.0,,0,0.0,,0,0.0,,0,0.0,,0,0.0,,0,0.0,,0,0.0,,0,0,0,3,0,0,295,0,0,0,0,0,0,0,0,0,0,0,0,0,0,0,0,0,0,0,0,0,8.0,9.0,9.0,0.0124999999999999,0.0124999999999999,0.025,0.016275050324221
dynamic,model_dynamic/summary_timeseries.csv,20,2.2,298,119200.0,1165.9540217713493,13.69424510978804,1166 ± 13.69,1139.210385799408,1207.762013413142,2.395890037907546,2.209535878598256,2.396 ± 2.21,0.040984004045483,11.66345482881004,0.3007235001314238,0.1521116315711926,0.3007 ± 0.1521,0.0188765659825457,0.9099580280014732,526.6879194630873,12.68037331798424,526.7 ± 12.68,381.0,529.0,92.70764257443832,0.3002573489744633,92.71 ± 0.3003,88.73477935791016,92.78736114501952,68.55162761373413,2,2,1,2,1:4; 2:294,0,0,0.0,model_dynamic,True,mckenzie2003,0,0.0,,0,0.0,,0,0.0,,0,0.0,,293,154711.0,528.0238907849829,0,0.0,,2,1032.0,516.0,3,1210.0,403.3333333333333,0,0.0,,0,0.0,,0,0.0,,0,0.0,,0,0.0,,0,0.0,,0,0.0,,0,0,0,3,0,0,295,0,0,0,0,0,0,0,0,0,0,0,0,0,0,0,0,0,0,0,0,0,8.0,9.0,9.0,0.0125,0.0125000000000001,0.025,0.0156137098393324
dynamic,model_dynamic/summary_timeseries.csv,20,2.1,298,119200.0,1165.973036113303,13.691310885306947,1166 ± 13.69,1139.210385799408,1207.74578774547,2.403024019643512,2.2134299788786658,2.403 ± 2.213,0.052517284705664,11.682871927141472,0.3003530628941352,0.1519190575198702,0.3004 ± 0.1519,0.0186048876672902,0.907805215320488,527.0637583892617,9.053492890896688,527.1 ± 9.053,419.0,528.0,88.60867002346372,0.4152083313049172,88.61 ± 0.4152,84.28504180908203,88.65716552734375,68.53540194606217,2,2,1,2,1:4; 2:294,0,0,0.0,model_dynamic,True,mckenzie2003,0,0.0,,0,0.0,,0,0.0,,0,0.0,,294,155232.0,528.0,0,0.0,,1,515.0,515.0,3,1318.0,439.3333333333333,0,0.0,,0,0.0,,0,0.0,,0,0.0,,0,0.0,,0,0.0,,0,0.0,,0,0,0,3,0,0,295,0,0,0,0,0,0,0,0,0,0,0,0,0,0,0,0,0,0,0,0,0,8.0,9.0,9.0,0.0125,0.0125000000000001,0.025,0.0232072836051869
dynamic,model_dynamic/summary_timeseries.csv,20,2.0,298,119200.0,1165.99073285494,13.688894067934326,1166 ± 13.69,1139.210385799408,1207.728983947237,2.4078537784588367,2.218317007930114,2.408 ± 2.218,0.0379128622223659,11.701144122480953,0.3000260017992396,0.1517542314074711,0.3 ± 0.1518,0.0183211010885968,0.905799368081794,527.5536912751678,14.305586384721504,527.6 ± 14.31,368.0,529.0,87.47093180201998,0.1819381051469179,87.47 ± 0.1819,84.96739196777344,87.49568939208984,68.51859814782938,2,2,1,2,1:4; 2:294,0,0,0.0,model_dynamic,True,mckenzie2003,0,0.0,,0,0.0,,0,0.0,,0,0.0,,295,156052.0,528.9898305084746,0,0.0,,0,0.0,,3,1159.0,386.3333333333333,0,0.0,,0,0.0,,0,0.0,,0,0.0,,0,0.0,,0,0.0,,0,0.0,,0,0,0,3,0,0,295,0,0,0,0,0,0,0,0,0,0,0,0,0,0,0,0,0,0,0,0,0,8.0,9.0,9.0,0.0125,0.0125000000000001,0.025,0.0235181017107712
dynamic,model_dynamic/summary_timeseries.csv,20,1.9,298,119200.0,1166.0081795057135,13.686581273028365,1166 ± 13.69,1139.210385799408,1207.7132435380795,2.4122361165676307,2.223195343548801,2.412 ± 2.223,0.0328271717893941,11.718878182957171,0.2997125572300119,0.1515967029496163,0.2997 ± 0.1516,0.018037012777967,0.903847200033391,537.2751677852349,17.245895946145307,537.3 ± 17.25,344.0,539.0,89.59343722042621,0.132406581438049,89.59 ± 0.1324,87.4781723022461,90.45191192626952,68.50285773867176,2,2,1,2,1:5; 2:293,0,0,0.0,model_dynamic,True,mckenzie2003,0,0.0,,0,0.0,,0,0.0,,0,0.0,,295,159005.0,539.0,0,0.0,,0,0.0,,3,1103.0,367.6666666666667,0,0.0,,0,0.0,,0,0.0,,0,0.0,,0,0.0,,0,0.0,,0,0.0,,0,0,0,3,0,0,295,0,0,0,0,0,0,0,0,0,0,0,0,0,0,0,0,0,0,0,0,0,8.0,9.0,9.0,0.0124999999999999,0.0124999999999999,0.025,0.0229492494466204
dynamic,model_dynamic/summary_timeseries.csv,20,1.8,298,119200.0,1166.0262195042303,13.684079467085752,1166 ± 13.68,1139.210385799408,1207.69804342985,2.417672454021118,2.2275353436444227,2.418 ± 2.228,0.0415411128320694,11.736763201766808,0.2993836139197637,0.1514312126687842,0.2994 ± 0.1514,0.0177654720304306,0.9018111880337872,540.5973154362416,13.916539077917736,540.6 ± 13.92,386.0,542.0,89.66011062724478,0.2699781134718468,89.66 ± 0.27,85.94495391845703,89.68750762939453,68.48765763044207,2,2,1,2,1:6; 2:292,0,0,0.0,model_dynamic,True,mckenzie2003,0,0.0,,0,0.0,,0,0.0,,0,0.0,,295,159888.0,541.9932203389831,0,0.0,,0,0.0,,3,1210.0,403.3333333333333,0,0.0,,0,0.0,,0,0.0,,0,0.0,,0,0.0,,0,0.0,,0,0.0,,0,0,0,3,0,0,295,0,0,0,0,0,0,0,0,0,0,0,0,0,0,0,0,0,0,0,0,0,8.0,9.0,9.0,0.0125,0.0125000000000001,0.025,0.0229201123088899
dynamic,model_dynamic/summary_timeseries.csv,20,1.7,298,119200.0,1166.0441875241509,13.681587500552668,1166 ± 13.68,1139.210385799408,1207.6829515132583,2.4229962589868665,2.231894243499997,2.423 ± 2.232,0.041156816605346,11.754382242698618,0.299057805580556,0.1512704903784153,0.2991 ± 0.1513,0.0174981176504046,0.8997717145013114,537.6375838926175,13.572432959654073,537.6 ± 13.57,384.0,539.0,89.67291267446224,0.2688370597755931,89.67 ± 0.2688,85.79985046386719,89.7009048461914,68.47256571385037,2,2,1,2,1:5; 2:293,0,0,0.0,model_dynamic,True,mckenzie2003,0,0.0,,0,0.0,,0,0.0,,0,0.0,,295,159003.0,538.9932203389831,0,0.0,,0,0.0,,3,1213.0,404.3333333333333,0,0.0,,0,0.0,,0,0.0,,0,0.0,,0,0.0,,0,0.0,,0,0.0,,0,0,0,3,0,0,295,0,0,0,0,0,0,0,0,0,0,0,0,0,0,0,0,0,0,0,0,0,8.0,9.0,9.0,0.0124999999999999,0.0124999999999999,0.025,0.0229082398356074
dynamic,model_dynamic/summary_timeseries.csv,20,1.6,298,119200.0,1166.0621156292752,13.67915749104349,1166 ± 13.68,1139.210385799408,1207.6680271918244,2.4282606920440952,2.2362200822983502,2.428 ± 2.236,0.0415748740925473,11.771707911174085,0.298735668663189,0.1511109850066248,0.2987 ± 0.1511,0.017234568684177,0.8977358610409539,537.9362416107383,13.038120231195167,537.9 ± 13.04,389.0,540.0,88.65972698134864,0.2818595222725966,88.66 ± 0.2819,84.62791442871094,88.72322845458984,68.45764139241646,2,2,1,2,1:4; 2:294,0,0,0.0,model_dynamic,True,mckenzie2003,0,0.0,,0,0.0,,0,0.0,,0,0.0,,295,159074.0,539.2338983050847,0,0.0,,0,0.0,,3,1231.0,410.3333333333333,0,0.0,,0,0.0,,0,0.0,,0,0.0,,0,0.0,,0,0.0,,0,0.0,,0,0,0,3,0,0,295,0,0,0,0,0,0,0,0,0,0,0,0,0,0,0,0,0,0,0,0,0,8.0,9.0,9.0,0.0125,0.0125000000000001,0.025,0.023148190325752
dynamic,model_dynamic/summary_timeseries.csv,20,1.5,298,119200.0,1166.0797927874085,13.676852218528795,1166 ± 13.68,1139.210385799408,1207.6530827397712,2.433040438287521,2.2407379900881867,2.433 ± 2.241,0.0382908374769982,11.788557692747492,0.2984234382438567,0.1509597669768369,0.2984 ± 0.151,0.0169709701977744,0.8957418436178777,534.4161073825503,14.33403078477246,534.4 ± 14.33,374.0,536.0,88.07436759999935,0.3139652205724415,88.07 ± 0.314,84.28156280517578,88.10924530029297,68.44269694036325,2,2,1,2,1:4; 2:294,0,0,0.0,model_dynamic,True,mckenzie2003,0,0.0,,0,0.0,,0,0.0,,0,0.0,,294,157584.0,536.0,0,0.0,,0,0.0,,4,1672.0,418.0,0,0.0,,0,0.0,,0,0.0,,0,0.0,,0,0.0,,0,0.0,,0,0.0,,0,0,0,4,0,0,294,0,0,0,0,0,0,0,0,0,0,0,0,0,0,0,0,0,0,0,0,0,8.0,9.0,9.0,0.0125,0.0125000000000001,0.025,0.0232823710612214
dynamic,model_dynamic/summary_timeseries.csv,20,1.4,298,119200.0,1166.0972488321386,13.674653600930112,1166 ± 13.67,1139.210385799408,1207.638282498862,2.4374702470611758,2.245342216975545,2.437 ± 2.245,0.0365575969275656,11.80501591206312,0.2981201730777912,0.1508162334098062,0.2981 ± 0.1508,0.0167087608541608,0.893777771406981,536.0738255033557,17.39130923890943,536.1 ± 17.39,361.0,538.0,87.64142728971954,0.2250193702419015,87.64 ± 0.225,83.92810821533203,87.666259765625,68.4278966994541,2,2,1,2,1:6; 2:292,0,0,0.0,model_dynamic,True,mckenzie2003,0,0.0,,0,0.0,,0,0.0,,0,0.0,,294,158172.0,538.0,0,0.0,,0,0.0,,4,1578.0,394.5,0,0.0,,0,0.0,,0,0.0,,0,0.0,,0,0.0,,0,0.0,,0,0.0,,0,0,0,4,0,0,294,0,0,0,0,0,0,0,0,0,0,0,0,0,0,0,0,0,0,0,0,0,8.0,9.0,9.0,0.0124999999999999,0.0124999999999999,0.025,0.0233846633612003
dynamic,model_dynamic/summary_timeseries.csv,20,1.3,298,119200.0,1166.1146697302106,13.67246205137016,1166 ± 13.67,1139.210385799408,1207.6236290580691,2.441794643637676,2.2498635235143385,2.442 ± 2.25,0.0348665325803366,11.821125329787993,0.2978195785748478,0.1506723048167089,0.2978 ± 0.1507,0.0164485983922968,0.8918365275614003,534.1778523489933,16.29917174013578,534.2 ± 16.3,355.0,536.0,90.45809762429872,0.2747383595148747,90.46 ± 0.2747,86.62779998779297,90.66815185546876,68.41324325866117,2,2,1,2,1:4; 2:294,0,0,0.0,model_dynamic,True,mckenzie2003,0,0.0,,0,0.0,,0,0.0,,0,0.0,,294,157577.0,535.9761904761905,0,0.0,,0,0.0,,4,1608.0,402.0,0,0.0,,0,0.0,,0,0.0,,0,0.0,,0,0.0,,0,0.0,,0,0.0,,0,0,0,4,0,0,294,0,0,0,0,0,0,0,0,0,0,0,0,0,0,0,0,0,0,0,0,0,8.0,9.0,9.0,0.0125,0.0125000000000001,0.025,0.0226256485720626
dynamic,model_dynamic/summary_timeseries.csv,20,1.2,298,119200.0,1166.1327926894653,13.670056733305046,1166 ± 13.67,1139.210385799408,1207.60970620403,2.447397837632878,2.253757198327386,2.447 ± 2.254,0.0451448622274037,11.837476944877034,0.2975020633174278,0.1505211272305315,0.2975 ± 0.1505,0.0162026954843457,0.8897937943789551,542.5738255033557,12.693452817335665,542.6 ± 12.69,404.0,544.0,90.745574259918,0.3981615990112017,90.75 ± 0.3982,86.57176208496094,90.79800415039062,68.3993204046219,2,2,1,2,1:5; 2:293,0,0,0.0,model_dynamic,True,mckenzie2003,0,0.0,,0,0.0,,0,0.0,,0,0.0,,294,159936.0,544.0,0,0.0,,0,0.0,,4,1751.0,437.75,0,0.0,,0,0.0,,0,0.0,,0,0.0,,0,0.0,,0,0.0,,0,0.0,,0,0,0,4,0,0,294,0,0,0,0,0,0,0,0,0,0,0,0,0,0,0,0,0,0,0,0,0,8.0,9.0,9.0,0.0124999999999999,0.0124999999999999,0.025,0.0225322958588635
dynamic,model_dynamic/summary_timeseries.csv,20,1.1,298,119200.0,1166.1508930810317,13.667649802028972,1166 ± 13.67,1139.210385799408,1207.595790028632,2.452972132183295,2.2576569133260214,2.453 ± 2.258,0.0463991293683478,11.853645714103957,0.2971846338280184,0.1503709209073652,0.2972 ± 0.1504,0.0159610909943423,0.8877312805851356,541.6644295302013,11.931072026776183,541.7 ± 11.93,408.0,543.0,90.46371367793756,0.4054828252269176,90.46 ± 0.4055,86.45879364013672,90.51238250732422,68.38540422922392,2,2,1,2,1:4; 2:294,0,0,0.0,model_dynamic,True,mckenzie2003,0,0.0,,0,0.0,,0,0.0,,0,0.0,,294,159641.0,542.9965986394558,0,0.0,,0,0.0,,4,1775.0,443.75,0,0.0,,0,0.0,,0,0.0,,0,0.0,,0,0.0,,0,0.0,,0,0.0,,0,0,0,4,0,0,294,0,0,0,0,0,0,0,0,0,0,0,0,0,0,0,0,0,0,0,0,0,8.0,9.0,9.0,0.0125,0.0125000000000001,0.025,0.0225844744799369
dynamic,model_dynamic/summary_timeseries.csv,20,1.0,298,119200.0,1166.1689077082394,13.665312118818028,1166 ± 13.67,1139.210385799408,1207.5818079293265,2.4583629082807867,2.2616315108169305,2.458 ± 2.262,0.0455135888764343,11.869507250857673,0.2968712809475922,0.1502240830057345,0.2969 ± 0.1502,0.0157214779831834,0.8856764074717672,545.6342281879195,12.34530191764718,545.6 ± 12.35,405.0,547.0,89.85082470170603,0.393152605853554,89.85 ± 0.3932,86.00699615478516,89.89881134033203,68.3714221299183,2,2,1,2,1:6; 2:292,0,0,0.0,model_dynamic,True,mckenzie2003,0,0.0,,0,0.0,,0,0.0,,0,0.0,,294,160818.0,547.0,0,0.0,,0,0.0,,4,1781.0,445.25,0,0.0,,0,0.0,,0,0.0,,0,0.0,,0,0.0,,0,0.0,,0,0.0,,0,0,0,4,0,0,294,0,0,0,0,0,0,0,0,0,0,0,0,0,0,0,0,0,0,0,0,0,8.0,9.0,9.0,0.0124999999999999,0.0124999999999999,0.025,0.0227168486462192
dynamic,model_dynamic/summary_timeseries.csv,20,0.9,298,119200.0,1166.1866645841058,13.663079999057633,1166 ± 13.66,1139.210385799408,1207.5677436283825,2.463339145861289,2.2657533767892,2.463 ± 2.266,0.0434578316833147,11.885018492668284,0.2965667128405435,0.1500840301996523,0.2966 ± 0.1501,0.0154826704196919,0.883639716948914,544.5268456375838,13.159869498508828,544.5 ± 13.16,401.0,546.0,91.04915201583964,0.3669866741538511,91.05 ± 0.367,87.1500244140625,91.09213256835938,68.3573578289745,2,2,1,2,1:4; 2:294,0,0,0.0,model_dynamic,True,mckenzie2003,0,0.0,,0,0.0,,0,0.0,,0,0.0,,294,160524.0,546.0,0,0.0,,0,0.0,,4,1745.0,436.25,0,0.0,,0,0.0,,0,0.0,,0,0.0,,0,0.0,,0,0.0,,0,0.0,,0,0,0,4,0,0,294,0,0,0,0,0,0,0,0,0,0,0,0,0,0,0,0,0,0,0,0,0,8.0,9.0,9.0,0.0124999999999999,0.0124999999999999,0.025,0.0224014481747375
dynamic,model_dynamic/summary_timeseries.csv,20,0.8,298,119200.0,1166.2047558889244,13.660715025370155,1166 ± 13.66,1139.210385799408,1207.5540132773242,2.4688879103115355,2.269537216171856,2.469 ± 2.27,0.048255757421431,11.900482778582392,0.2962540188065399,0.1499388885980856,0.2963 ± 0.1499,0.0152512635921612,0.8815603551039406,545.506711409396,11.208590691632663,545.5 ± 11.21,420.0,547.0,88.30858286915209,0.4153747637394691,88.31 ± 0.4154,84.3653335571289,88.37081146240234,68.34362747791624,2,2,1,2,1:4; 2:294,0,0,0.0,model_dynamic,True,mckenzie2003,0,0.0,,0,0.0,,0,0.0,,0,0.0,,294,160749.0,546.765306122449,0,0.0,,0,0.0,,4,1812.0,453.0,0,0.0,,0,0.0,,0,0.0,,0,0.0,,0,0.0,,0,0.0,,0,0.0,,0,0,0,4,0,0,294,0,0,0,0,0,0,0,0,0,0,0,0,0,0,0,0,0,0,0,0,0,8.0,9.0,9.0,0.0125,0.0125000000000001,0.025,0.023067545366466
dynamic,model_dynamic/summary_timeseries.csv,20,0.7,298,119200.0,1166.2220633242098,13.658625191598352,1166 ± 13.66,1139.210385799408,1207.5398149878538,2.473042274423366,2.273948608239932,2.473 ± 2.274,0.0389163458304423,11.915237979324951,0.2959602401931874,0.1498061577653466,0.296 ± 0.1498,0.0150127216709657,0.8795798297308803,542.5302013422819,13.60075848999185,542.5 ± 13.6,383.0,545.0,89.9820006197731,0.3286271673921471,89.98 ± 0.3286,86.1323013305664,90.05976104736328,68.32942918844583,2,2,1,2,1:4; 2:294,0,0,0.0,model_dynamic,True,mckenzie2003,0,0.0,,0,0.0,,0,0.0,,0,0.0,,294,159940.0,544.0136054421769,0,0.0,,0,0.0,,4,1734.0,433.5,0,0.0,,0,0.0,,0,0.0,,0,0.0,,0,0.0,,0,0.0,,0,0.0,,0,0,0,4,0,0,294,0,0,0,0,0,0,0,0,0,0,0,0,0,0,0,0,0,0,0,0,0,8.0,9.0,9.0,0.0124999999999999,0.0124999999999999,0.025,0.0226323947832717
dynamic,model_dynamic/summary_timeseries.csv,20,0.6,298,119200.0,1166.239739413625,13.656424503999826,1166 ± 13.66,1139.210385799408,1207.5261324696382,2.477929847628368,2.27792981338559,2.478 ± 2.278,0.0451722561683661,11.930022996740234,0.2956604662380209,0.1496700118928395,0.2957 ± 0.1497,0.0147834445546764,0.8775440657158075,541.1711409395973,12.139882662005022,541.2 ± 12.14,402.0,543.0,90.72970394160124,0.3900093905638817,90.73 ± 0.39,86.87798309326172,90.79683685302734,68.31574667023028,2,2,1,2,1:5; 2:293,0,0,0.0,model_dynamic,True,mckenzie2003,0,0.0,,0,0.0,,0,0.0,,0,0.0,,294,159499.0,542.5136054421769,0,0.0,,0,0.0,,4,1770.0,442.5,0,0.0,,0,0.0,,0,0.0,,0,0.0,,0,0.0,,0,0.0,,0,0.0,,0,0,0,4,0,0,294,0,0,0,0,0,0,0,0,0,0,0,0,0,0,0,0,0,0,0,0,0,8.0,9.0,9.0,0.0124999999999999,0.0124999999999999,0.025,0.0223906508271107
dynamic,model_dynamic/summary_timeseries.csv,20,0.5,298,119200.0,1166.2576058021575,13.654131066504956,1166 ± 13.65,1139.210385799408,1207.5126951012007,2.483126463535366,2.281725675951225,2.483 ± 2.282,0.0475007668158877,11.944686471360711,0.2953539029742444,0.1495309905743901,0.2954 ± 0.1495,0.0145598127877125,0.8754808109340232,551.7181208053692,11.528826163588308,551.7 ± 11.53,420.0,553.0,89.8188289923956,0.4210268460887252,89.82 ± 0.421,85.87413787841797,89.87159729003906,68.30230930179277,2,2,1,2,1:5; 2:293,0,0,0.0,model_dynamic,True,mckenzie2003,0,0.0,,0,0.0,,0,0.0,,0,0.0,,294,162582.0,553.0,0,0.0,,0,0.0,,4,1830.0,457.5,0,0.0,,0,0.0,,0,0.0,,0,0.0,,0,0.0,,0,0.0,,0,0.0,,0,0,0,4,0,0,294,0,0,0,0,0,0,0,0,0,0,0,0,0,0,0,0,0,0,0,0,0,8.0,9.0,9.0,0.0124999999999999,0.0124999999999999,0.025,0.0226009514053748
dynamic,model_dynamic/summary_timeseries.csv,20,0.4,298,119200.0,1166.275238133239,13.65194489024748,1166 ± 13.65,1139.210385799408,1207.4990216124904,2.487866036419348,2.285746594034325,2.488 ± 2.286,0.0444545241301281,11.958999154184278,0.2950548065647707,0.1493987226451617,0.2951 ± 0.1494,0.0143355996816372,0.8734415770425508,544.7248322147651,11.766953532739338,544.7 ± 11.77,408.0,547.0,83.5254254181113,0.3660765456239638,83.53 ± 0.3661,79.84330749511719,83.61614227294922,68.28863581308246,2,2,1,2,1:5; 2:293,0,0,0.0,model_dynamic,True,mckenzie2003,0,0.0,,0,0.0,,0,0.0,,0,0.0,,294,160529.0,546.0170068027211,0,0.0,,0,0.0,,4,1799.0,449.75,0,0.0,,0,0.0,,0,0.0,,0,0.0,,0,0.0,,0,0.0,,0,0.0,,0,0,0,4,0,0,294,0,0,0,0,0,0,0,0,0,0,0,0,0,0,0,0,0,0,0,0,0,8.0,9.0,9.0,0.0125,0.0125,0.025,0.0242680145349223
dynamic,model_dynamic/summary_timeseries.csv,20,0.3,298,119200.0,1166.2912800020456,13.65047329049652,1166 ± 13.65,1139.210385799408,1207.4848392538831,2.489832593393752,2.2909415149869763,2.49 ± 2.291,0.0232942751021014,11.972065528968844,0.2948101165943158,0.1492990980153569,0.2948 ± 0.1493,0.0140902285685226,0.8716685641059797,532.9261744966443,22.268524137102546,532.9 ± 22.27,282.0,536.0,81.58587244533052,0.5206792258237521,81.59 ± 0.5207,77.48056030273438,84.8711166381836,68.27445345447518,2,2,1,2,1:5; 2:293,0,0,0.0,model_dynamic,True,mckenzie2003,0,0.0,,0,0.0,,0,0.0,,0,0.0,,280,150066.0,535.95,0,0.0,,14,7322.0,523.0,4,1424.0,356.0,0,0.0,,0,0.0,,0,0.0,,0,0.0,,0,0.0,,0,0.0,,0,0.0,,0,0,0,4,0,0,294,0,0,0,0,0,0,0,0,0,0,0,0,0,0,0,0,0,0,0,0,0,8.0,9.0,9.0,0.0124999999999999,0.0124999999999999,0.025,0.0247893838308942
dynamic,model_dynamic/summary_timeseries.csv,20,0.2,298,119200.0,1166.3069588879562,13.649261415600558,1166 ± 13.65,1139.210385799408,1207.4711506387482,2.491207065533737,2.296207397834252,2.491 ± 2.296,0.01620847200024,11.984586969579755,0.294582771855137,0.1492175535918048,0.2946 ± 0.1492,0.0138407274805638,0.8700059903371201,533.7348993288591,29.694985060470117,533.7 ± 29.69,217.0,539.0,83.5852773013531,0.7028916398845781,83.59 ± 0.7029,81.77008056640625,88.13064575195312,68.26076483934025,2,2,1,2,1:6; 2:292,0,0,0.0,model_dynamic,True,mckenzie2003,0,0.0,,0,0.0,,0,0.0,,0,0.0,,261,140669.0,538.9616858237548,0,0.0,,33,17223.0,521.9090909090909,4,1161.0,290.25,0,0.0,,0,0.0,,0,0.0,,0,0.0,,0,0.0,,0,0.0,,0,0.0,,0,0,0,4,0,0,294,0,0,0,0,0,0,0,0,0,0,0,0,0,0,0,0,0,0,0,0,0,8.0,9.0,9.0,0.0125,0.0125,0.025,0.0241247128753884
dynamic,model_dynamic/summary_timeseries.csv,20,0.1,298,119200.0,1166.323067886165,13.647954166632918,1166 ± 13.65,1139.210385799408,1207.4580437214022,2.4934463859251963,2.300980774092121,2.493 ± 2.301,0.022256995382996,11.997213834144038,0.2943324704412588,0.1491337066379926,0.2943 ± 0.1491,0.0136035192436291,0.8682660354126014,555.5201342281879,28.214327075636167,555.5 ± 28.21,281.0,559.0,84.26461661422013,0.3587590616656962,84.26 ± 0.3588,80.37220764160156,87.57833099365234,68.24765792199423,2,2,1,2,1:8; 2:290,0,0,0.0,model_dynamic,True,mckenzie2003,0,0.0,,0,0.0,,0,0.0,,0,0.0,,293,163781.0,558.9795221843003,0,0.0,,0,0.0,,5,1764.0,352.8,0,0.0,,0,0.0,,0,0.0,,0,0.0,,0,0.0,,0,0.0,,0,0.0,,0,0,0,5,0,0,293,0,0,0,0,0,0,0,0,0,0,0,0,0,0,0,0,0,0,0,0,0,8.0,9.0,9.0,0.0125,0.0125,0.025,0.0239419680402794
dynamic,model_dynamic/summary_timeseries.csv,20,0.0,298,119200.0,1166.3393235018616,13.646696708956844,1166 ± 13.65,1139.210385799408,1207.4451610257388,2.495988768681397,2.305672171131852,2.496 ± 2.306,0.0141795893738176,12.009742794584016,0.2940822144966735,0.1490532694120699,0.2941 ± 0.1491,0.0133716849600624,0.8665112395185552,610.989932885906,33.07389376817891,611 ± 33.07,226.0,615.0,93.33055281159062,0.3847165826598827,93.33 ± 0.3847,88.83128356933594,97.3207015991211,68.23477522633084,1,1,1,1,1:298,0,0,0.0,model_dynamic,True,mckenzie2003,0,0.0,,0,0.0,,0,0.0,,0,0.0,,293,180183.0,614.9590443686006,0,0.0,,0,0.0,,5,1892.0,378.4,0,0.0,,0,0.0,,0,0.0,,0,0.0,,0,0.0,,0,0.0,,0,0.0,,0,0,0,5,0,0,293,0,0,0,0,0,0,0,0,0,0,0,0,0,0,0,0,0,0,0,0,0,,,,,,,
