variant,target_age_ka,climate_age_ka,depth_m,whc_top_mm,whc_bottom_mm,whc_total_mm,biome_id,optpft,npp_gC_m2_yr,lai,firedays,pft01_npp,pft01_lai,pft01_wetness,pft01_aet,pft01_firedays,pft01_greendays,pft02_npp,pft02_lai,pft02_wetness,pft02_aet,pft02_firedays,pft02_greendays,pft03_npp,pft03_lai,pft03_wetness,pft03_aet,pft03_firedays,pft03_greendays,pft04_npp,pft04_lai,pft04_wetness,pft04_aet,pft04_firedays,pft04_greendays,pft05_npp,pft05_lai,pft05_wetness,pft05_aet,pft05_firedays,pft05_greendays,pft06_npp,pft06_lai,pft06_wetness,pft06_aet,pft06_firedays,pft06_greendays,pft07_npp,pft07_lai,pft07_wetness,pft07_aet,pft07_firedays,pft07_greendays,pft08_npp,pft08_lai,pft08_wetness,pft08_aet,pft08_firedays,pft08_greendays,pft09_npp,pft09_lai,pft09_wetness,pft09_aet,pft09_firedays,pft09_greendays,pft10_npp,pft10_lai,pft10_wetness,pft10_aet,pft10_firedays,pft10_greendays,pft11_npp,pft11_lai,pft11_wetness,pft11_aet,pft11_firedays,pft11_greendays,pft12_npp,pft12_lai,pft12_wetness,pft12_aet,pft12_firedays,pft12_greendays,pft13_npp,pft13_lai,pft13_wetness,pft13_aet,pft13_firedays,pft13_greendays
mckenzie2003,3.5,3.5,0.01,2.369999885559082,0.0,2.369999885559082,4,7,149.0,0.82,54.0,0.0,0.0,0.0,0.0,0.0,0.0,0.0,0.0,0.0,0.0,0.0,0.0,0.0,0.0,0.0,0.0,0.0,0.0,109.81582641601562,0.38499999046325684,62.9,72.0,40.0,286.0,0.0,0.0,0.0,0.0,0.0,0.0,93.05731201171875,0.38499999046325684,63.2,58.0,34.0,365.0,149.05722045898438,0.8224999904632568,62.7,126.0,54.0,286.0,0.0,0.0,0.0,0.0,0.0,0.0,0.0,0.0,0.0,0.0,0.0,0.0,11.062726974487305,0.10374999046325684,69.0,5.0,4.0,365.0,0.0,0.0,0.0,0.0,0.0,0.0,0.0,0.0,0.0,0.0,0.0,0.0,0.0,0.0,0.0,0.0,0.0,0.0
mckenzie2003,3.5,3.5,0.02,4.739999771118164,0.0,4.739999771118164,4,7,245.0,1.57,90.0,0.0,0.0,0.0,0.0,0.0,0.0,0.0,0.0,0.0,0.0,0.0,0.0,0.0,0.0,0.0,0.0,0.0,0.0,184.14639282226562,0.7599999904632568,64.3,134.0,67.0,286.0,0.0,0.0,0.0,0.0,0.0,0.0,156.0621795654297,0.7131249904632568,66.8,112.0,57.0,365.0,245.26585388183594,1.5724999904632568,63.9,233.0,90.0,286.0,0.0,0.0,0.0,0.0,0.0,0.0,0.0,0.0,0.0,0.0,0.0,0.0,17.48944091796875,0.16624999046325684,71.6,10.0,6.0,365.0,0.0,0.0,0.0,0.0,0.0,0.0,0.0,0.0,0.0,0.0,0.0,0.0,0.0,0.0,0.0,0.0,0.0,0.0
mckenzie2003,3.5,3.5,0.03,7.110000133514404,0.0,7.110000133514404,4,7,316.0,2.2,115.0,0.0,0.0,0.0,0.0,0.0,0.0,0.0,0.0,0.0,0.0,0.0,0.0,0.0,0.0,0.0,0.0,0.0,0.0,252.4796600341797,1.1506249904632568,65.5,194.0,92.0,286.0,0.0,0.0,0.0,0.0,0.0,0.0,211.52772521972656,1.0099999904632568,68.2,161.0,77.0,365.0,315.8989562988281,2.197499990463257,65.0,331.0,115.0,286.0,0.0,0.0,0.0,0.0,0.0,0.0,0.0,0.0,0.0,0.0,0.0,0.0,23.68937873840332,0.24437499046325684,72.7,14.0,9.0,365.0,0.0,0.0,0.0,0.0,0.0,0.0,0.0,0.0,0.0,0.0,0.0,0.0,0.0,0.0,0.0,0.0,0.0,0.0
mckenzie2003,3.5,3.5,0.04,9.479999542236328,0.0,9.479999542236328,4,7,365.0,2.64,133.0,0.0,0.0,0.0,0.0,0.0,0.0,0.0,0.0,0.0,0.0,0.0,0.0,0.0,0.0,0.0,0.0,0.0,0.0,312.41033935546875,1.4943749904632568,65.9,247.0,114.0,286.0,0.0,0.0,0.0,0.0,0.0,0.0,259.2826843261719,1.3068749904632568,69.1,206.0,95.0,365.0,364.98651123046875,2.634999990463257,65.3,415.0,133.0,286.0,285.2513427734375,2.306874990463257,66.0,245.0,104.0,192.0,0.0,0.0,0.0,0.0,0.0,0.0,29.61347007751465,0.30687499046325684,73.7,18.0,11.0,365.0,0.0,0.0,0.0,0.0,0.0,0.0,0.0,0.0,0.0,0.0,0.0,0.0,0.0,0.0,0.0,0.0,0.0,0.0
mckenzie2003,3.5,3.5,0.05,11.850000381469727,0.0,11.850000381469727,4,7,398.0,2.93,145.0,0.0,0.0,0.0,0.0,0.0,0.0,0.0,0.0,0.0,0.0,0.0,0.0,0.0,0.0,0.0,0.0,0.0,0.0,362.34979248046875,1.8381249904632568,66.2,297.0,132.0,286.0,0.0,0.0,0.0,0.0,0.0,0.0,299.5632629394531,1.5724999904632568,69.7,247.0,109.0,365.0,397.53515625,2.931874990463257,65.5,477.0,145.0,286.0,339.2267150878906,2.728749990463257,66.2,293.0,124.0,238.0,0.0,0.0,0.0,0.0,0.0,0.0,35.284358978271484,0.35374999046325684,74.2,22.0,13.0,365.0,0.0,0.0,0.0,0.0,0.0,0.0,0.0,0.0,0.0,0.0,0.0,0.0,0.0,0.0,0.0,0.0,0.0,0.0
mckenzie2003,3.5,3.5,0.06,14.170000076293945,0.0,14.170000076293945,4,7,437.0,3.32,159.0,0.0,0.0,0.0,0.0,0.0,0.0,0.0,0.0,0.0,0.0,0.0,0.0,0.0,0.0,0.0,0.0,0.0,0.0,402.4202575683594,2.103749990463257,66.7,341.0,147.0,286.0,0.0,0.0,0.0,0.0,0.0,0.0,333.230224609375,1.8224999904632568,70.4,285.0,122.0,365.0,436.8490905761719,3.322499990463257,65.9,516.0,159.0,286.0,367.0519714355469,3.009999990463257,66.6,329.0,134.0,239.0,0.0,0.0,0.0,0.0,0.0,0.0,40.71562957763672,0.41624999046325684,74.7,26.0,15.0,365.0,0.0,0.0,0.0,0.0,0.0,0.0,0.0,0.0,0.0,0.0,0.0,0.0,0.0,0.0,0.0,0.0,0.0,0.0
mckenzie2003,3.5,3.5,0.08,18.809999465942383,0.0,18.809999465942383,4,7,453.0,3.45,162.0,0.0,0.0,0.0,0.0,0.0,0.0,0.0,0.0,0.0,0.0,0.0,0.0,0.0,0.0,0.0,0.0,0.0,0.0,458.31640625,2.525624990463257,67.9,416.0,167.0,286.0,0.0,0.0,0.0,0.0,0.0,0.0,384.39178466796875,2.166249990463257,71.3,349.0,137.0,365.0,452.6188659667969,3.447499990463257,67.0,531.0,162.0,286.0,403.05743408203125,3.478749990463257,67.8,386.0,147.0,243.0,0.0,0.0,0.0,0.0,0.0,0.0,50.934059143066406,0.5256249904632568,75.7,33.0,19.0,365.0,0.0,0.0,0.0,0.0,0.0,0.0,0.0,0.0,0.0,0.0,0.0,0.0,0.0,0.0,0.0,0.0,0.0,0.0
mckenzie2003,3.5,3.5,0.1,23.450000762939453,0.0,23.450000762939453,4,7,455.0,3.48,70.0,0.0,0.0,0.0,0.0,0.0,0.0,0.0,0.0,0.0,0.0,0.0,0.0,0.0,0.0,0.0,0.0,0.0,0.0,497.9528503417969,2.806874990463257,69.0,466.0,182.0,286.0,0.0,0.0,0.0,0.0,0.0,0.0,419.3783264160156,2.431874990463257,72.3,400.0,55.0,365.0,454.9104919433594,3.478749990463257,68.3,534.0,70.0,286.0,408.7081604003906,4.025625228881836,68.8,417.0,146.0,250.0,0.0,0.0,0.0,0.0,0.0,0.0,60.299095153808594,0.6349999904632568,76.3,40.0,22.0,365.0,0.0,0.0,0.0,0.0,0.0,0.0,0.0,0.0,0.0,0.0,0.0,0.0,0.0,0.0,0.0,0.0,0.0,0.0
mckenzie2003,3.5,3.5,0.12,28.09000015258789,0.0,28.09000015258789,4,7,455.0,3.48,60.0,0.0,0.0,0.0,0.0,0.0,0.0,0.0,0.0,0.0,0.0,0.0,0.0,0.0,0.0,0.0,0.0,0.0,0.0,515.8858032226562,2.963124990463257,70.1,479.0,187.0,286.0,0.0,0.0,0.0,0.0,0.0,0.0,443.71435546875,2.588124990463257,73.2,441.0,58.0,365.0,454.9104919433594,3.478749990463257,69.8,536.0,60.0,286.0,408.5407409667969,4.025625228881836,70.0,420.0,62.0,254.0,0.0,0.0,0.0,0.0,0.0,0.0,68.95259094238281,0.7287499904632568,77.0,47.0,25.0,365.0,0.0,0.0,0.0,0.0,0.0,0.0,0.0,0.0,0.0,0.0,0.0,0.0,0.0,0.0,0.0,0.0,0.0,0.0
mckenzie2003,3.5,3.5,0.15,35.04999923706055,0.0,35.04999923706055,7,6,468.0,2.76,58.0,0.0,0.0,0.0,0.0,0.0,0.0,0.0,0.0,0.0,0.0,0.0,0.0,0.0,0.0,0.0,0.0,0.0,0.0,519.56640625,2.978749990463257,71.5,486.0,100.0,286.0,0.0,0.0,0.0,0.0,0.0,0.0,468.1401062011719,2.759999990463257,74.0,485.0,58.0,365.0,454.9104919433594,3.478749990463257,71.2,539.0,58.0,286.0,408.5407409667969,4.025625228881836,71.4,423.0,54.0,254.0,0.0,0.0,0.0,0.0,0.0,0.0,80.67436981201172,0.8224999904632568,77.7,55.0,29.0,365.0,0.0,0.0,0.0,0.0,0.0,0.0,0.0,0.0,0.0,0.0,0.0,0.0,0.0,0.0,0.0,0.0,0.0,0.0
mckenzie2003,3.5,3.5,0.2,45.95000076293945,0.0,45.95000076293945,7,6,492.0,2.98,57.0,0.0,0.0,0.0,0.0,0.0,0.0,0.0,0.0,0.0,0.0,0.0,0.0,0.0,0.0,0.0,0.0,0.0,0.0,519.56640625,2.978749990463257,73.5,487.0,68.0,286.0,0.0,0.0,0.0,0.0,0.0,0.0,492.4471740722656,2.978749990463257,75.1,517.0,57.0,365.0,454.9104919433594,3.478749990463257,73.2,540.0,54.0,286.0,408.5407409667969,4.025625228881836,73.2,426.0,51.0,254.0,0.0,0.0,0.0,0.0,0.0,0.0,97.44133758544922,1.0412499904632568,78.7,69.0,16.0,365.0,0.0,0.0,0.0,0.0,0.0,0.0,0.0,0.0,0.0,0.0,0.0,0.0,0.0,0.0,0.0,0.0,0.0,0.0
mckenzie2003,3.5,3.5,0.3,67.75,0.0,67.75,7,6,499.0,3.07,42.0,0.0,0.0,0.0,0.0,0.0,0.0,0.0,0.0,0.0,0.0,0.0,0.0,0.0,0.0,0.0,0.0,0.0,0.0,519.56640625,2.978749990463257,76.1,487.0,60.0,286.0,0.0,0.0,0.0,0.0,0.0,0.0,499.20318603515625,3.072499990463257,76.8,529.0,42.0,365.0,454.9104919433594,3.478749990463257,75.8,540.0,43.0,286.0,407.0404052734375,4.025625228881836,76.2,425.0,45.0,268.0,0.0,0.0,0.0,0.0,0.0,0.0,122.78582000732422,1.3068749904632568,80.2,90.0,15.0,365.0,0.0,0.0,0.0,0.0,0.0,0.0,0.0,0.0,0.0,0.0,0.0,0.0,0.0,0.0,0.0,0.0,0.0,0.0
mckenzie2003,3.5,3.5,0.5,67.75,41.400001525878906,109.1500015258789,7,6,501.0,3.1,2.0,0.0,0.0,0.0,0.0,0.0,0.0,0.0,0.0,0.0,0.0,0.0,0.0,0.0,0.0,0.0,0.0,0.0,0.0,519.56640625,2.978749990463257,77.8,487.0,7.0,286.0,0.0,0.0,0.0,0.0,0.0,0.0,500.6100769042969,3.103749990463257,77.7,529.0,2.0,365.0,454.9104919433594,3.478749990463257,76.8,540.0,8.0,286.0,405.7544250488281,4.025625228881836,77.3,424.0,24.0,280.0,0.0,0.0,0.0,0.0,0.0,0.0,153.50216674804688,1.6818749904632568,80.2,119.0,2.0,365.0,0.0,0.0,0.0,0.0,0.0,0.0,0.0,0.0,0.0,0.0,0.0,0.0,0.0,0.0,0.0,0.0,0.0,0.0
mckenzie2003,3.5,3.5,1.5,67.75,230.8000030517578,298.54998779296875,7,6,501.0,3.1,0.0,0.0,0.0,0.0,0.0,0.0,0.0,0.0,0.0,0.0,0.0,0.0,0.0,0.0,0.0,0.0,0.0,0.0,0.0,519.56640625,2.978749990463257,78.3,487.0,0.0,286.0,0.0,0.0,0.0,0.0,0.0,0.0,500.6100769042969,3.103749990463257,77.7,529.0,0.0,365.0,454.9104919433594,3.478749990463257,77.2,540.0,0.0,286.0,405.7544250488281,4.025625228881836,77.6,424.0,13.0,280.0,0.0,0.0,0.0,0.0,0.0,0.0,189.12078857421875,2.103749990463257,80.3,158.0,0.0,365.0,0.0,0.0,0.0,0.0,0.0,0.0,0.0,0.0,0.0,0.0,0.0,0.0,0.0,0.0,0.0,0.0,0.0,0.0
mckenzie2003,3.4,3.4,0.01,2.369999885559082,0.0,2.369999885559082,4,7,149.0,0.82,54.0,0.0,0.0,0.0,0.0,0.0,0.0,0.0,0.0,0.0,0.0,0.0,0.0,0.0,0.0,0.0,0.0,0.0,0.0,109.59657287597656,0.38499999046325684,63.1,72.0,40.0,286.0,0.0,0.0,0.0,0.0,0.0,0.0,92.6384048461914,0.38499999046325684,64.8,58.0,34.0,365.0,148.8346710205078,0.8224999904632568,62.9,126.0,54.0,286.0,0.0,0.0,0.0,0.0,0.0,0.0,0.0,0.0,0.0,0.0,0.0,0.0,11.033268928527832,0.10374999046325684,63.7,5.0,4.0,365.0,0.0,0.0,0.0,0.0,0.0,0.0,0.0,0.0,0.0,0.0,0.0,0.0,0.0,0.0,0.0,0.0,0.0,0.0
mckenzie2003,3.4,3.4,0.02,4.739999771118164,0.0,4.739999771118164,4,7,245.0,1.57,89.0,0.0,0.0,0.0,0.0,0.0,0.0,0.0,0.0,0.0,0.0,0.0,0.0,0.0,0.0,0.0,0.0,0.0,0.0,183.8291778564453,0.7443749904632568,65.1,136.0,67.0,286.0,0.0,0.0,0.0,0.0,0.0,0.0,155.52197265625,0.6974999904632568,64.9,111.0,57.0,365.0,245.01846313476562,1.5724999904632568,64.5,234.0,89.0,286.0,0.0,0.0,0.0,0.0,0.0,0.0,0.0,0.0,0.0,0.0,0.0,0.0,17.434354782104492,0.16624999046325684,69.2,10.0,6.0,365.0,0.0,0.0,0.0,0.0,0.0,0.0,0.0,0.0,0.0,0.0,0.0,0.0,0.0,0.0,0.0,0.0,0.0,0.0
mckenzie2003,3.4,3.4,0.03,7.110000133514404,0.0,7.110000133514404,4,7,316.0,2.2,115.0,0.0,0.0,0.0,0.0,0.0,0.0,0.0,0.0,0.0,0.0,0.0,0.0,0.0,0.0,0.0,0.0,0.0,0.0,252.11050415039062,1.1037499904632568,65.7,193.0,92.0,286.0,0.0,0.0,0.0,0.0,0.0,0.0,210.84014892578125,1.0256249904632568,68.3,161.0,77.0,365.0,315.8881530761719,2.197499990463257,65.2,332.0,115.0,286.0,0.0,0.0,0.0,0.0,0.0,0.0,0.0,0.0,0.0,0.0,0.0,0.0,23.60138511657715,0.22874999046325684,72.9,14.0,9.0,365.0,0.0,0.0,0.0,0.0,0.0,0.0,0.0,0.0,0.0,0.0,0.0,0.0,0.0,0.0,0.0,0.0,0.0,0.0
mckenzie2003,3.4,3.4,0.04,9.479999542236328,0.0,9.479999542236328,4,7,365.0,2.64,133.0,0.0,0.0,0.0,0.0,0.0,0.0,0.0,0.0,0.0,0.0,0.0,0.0,0.0,0.0,0.0,0.0,0.0,0.0,312.00927734375,1.4787499904632568,66.3,247.0,114.0,286.0,0.0,0.0,0.0,0.0,0.0,0.0,258.37213134765625,1.3068749904632568,69.2,206.0,94.0,365.0,365.29522705078125,2.634999990463257,65.4,416.0,133.0,286.0,286.21142578125,2.291249990463257,66.3,245.0,104.0,193.0,0.0,0.0,0.0,0.0,0.0,0.0,29.485610961914062,0.29124999046325684,73.8,18.0,11.0,365.0,0.0,0.0,0.0,0.0,0.0,0.0,0.0,0.0,0.0,0.0,0.0,0.0,0.0,0.0,0.0,0.0,0.0,0.0
mckenzie2003,3.4,3.4,0.05,11.850000381469727,0.0,11.850000381469727,4,7,398.0,2.92,145.0,0.0,0.0,0.0,0.0,0.0,0.0,0.0,0.0,0.0,0.0,0.0,0.0,0.0,0.0,0.0,0.0,0.0,0.0,362.3889465332031,1.8537499904632568,66.7,297.0,132.0,286.0,0.0,0.0,0.0,0.0,0.0,0.0,298.7908935546875,1.5724999904632568,69.9,247.0,109.0,365.0,398.0896911621094,2.916249990463257,65.8,479.0,145.0,286.0,339.0401306152344,2.697499990463257,66.4,293.0,124.0,239.0,0.0,0.0,0.0,0.0,0.0,0.0,35.162471771240234,0.35374999046325684,74.4,22.0,13.0,365.0,0.0,0.0,0.0,0.0,0.0,0.0,0.0,0.0,0.0,0.0,0.0,0.0,0.0,0.0,0.0,0.0,0.0,0.0
mckenzie2003,3.4,3.4,0.06,14.170000076293945,0.0,14.170000076293945,4,7,438.0,3.32,160.0,0.0,0.0,0.0,0.0,0.0,0.0,0.0,0.0,0.0,0.0,0.0,0.0,0.0,0.0,0.0,0.0,0.0,0.0,402.76214599609375,2.103749990463257,67.0,342.0,147.0,286.0,0.0,0.0,0.0,0.0,0.0,0.0,332.6141357421875,1.7912499904632568,70.7,285.0,121.0,365.0,437.5093078613281,3.322499990463257,66.0,518.0,160.0,286.0,367.4194641113281,3.041249990463257,66.9,330.0,134.0,240.0,0.0,0.0,0.0,0.0,0.0,0.0,40.56141662597656,0.41624999046325684,75.0,26.0,15.0,365.0,0.0,0.0,0.0,0.0,0.0,0.0,0.0,0.0,0.0,0.0,0.0,0.0,0.0,0.0,0.0,0.0,0.0,0.0
mckenzie2003,3.4,3.4,0.08,18.809999465942383,0.0,18.809999465942383,4,7,454.0,3.45,162.0,0.0,0.0,0.0,0.0,0.0,0.0,0.0,0.0,0.0,0.0,0.0,0.0,0.0,0.0,0.0,0.0,0.0,0.0,459.3424377441406,2.556874990463257,68.2,417.0,168.0,286.0,0.0,0.0,0.0,0.0,0.0,0.0,383.9815979003906,2.134999990463257,71.6,349.0,137.0,365.0,453.8890075683594,3.447499990463257,67.2,533.0,162.0,286.0,403.7083435058594,3.478749990463257,68.0,387.0,147.0,243.0,0.0,0.0,0.0,0.0,0.0,0.0,50.76496887207031,0.5412499904632568,75.9,33.0,19.0,365.0,0.0,0.0,0.0,0.0,0.0,0.0,0.0,0.0,0.0,0.0,0.0,0.0,0.0,0.0,0.0,0.0,0.0,0.0
mckenzie2003,3.4,3.4,0.1,23.450000762939453,0.0,23.450000762939453,4,7,456.0,3.45,69.0,0.0,0.0,0.0,0.0,0.0,0.0,0.0,0.0,0.0,0.0,0.0,0.0,0.0,0.0,0.0,0.0,0.0,0.0,499.05810546875,2.806874990463257,69.3,468.0,182.0,286.0,0.0,0.0,0.0,0.0,0.0,0.0,419.31414794921875,2.416249990463257,72.5,401.0,54.0,365.0,455.9833068847656,3.447499990463257,68.7,536.0,69.0,286.0,409.45037841796875,4.025625228881836,69.1,419.0,146.0,251.0,0.0,0.0,0.0,0.0,0.0,0.0,60.120086669921875,0.6193749904632568,76.5,40.0,22.0,365.0,0.0,0.0,0.0,0.0,0.0,0.0,0.0,0.0,0.0,0.0,0.0,0.0,0.0,0.0,0.0,0.0,0.0,0.0
mckenzie2003,3.4,3.4,0.12,28.09000015258789,0.0,28.09000015258789,4,7,456.0,3.45,59.0,0.0,0.0,0.0,0.0,0.0,0.0,0.0,0.0,0.0,0.0,0.0,0.0,0.0,0.0,0.0,0.0,0.0,0.0,517.795654296875,2.978749990463257,70.3,481.0,188.0,286.0,0.0,0.0,0.0,0.0,0.0,0.0,443.95208740234375,2.588124990463257,73.2,442.0,57.0,365.0,455.9833068847656,3.447499990463257,70.0,538.0,59.0,286.0,409.28289794921875,4.025625228881836,70.2,421.0,61.0,255.0,0.0,0.0,0.0,0.0,0.0,0.0,68.73533630371094,0.7131249904632568,77.2,46.0,25.0,365.0,0.0,0.0,0.0,0.0,0.0,0.0,0.0,0.0,0.0,0.0,0.0,0.0,0.0,0.0,0.0,0.0,0.0,0.0
mckenzie2003,3.4,3.4,0.15,35.04999923706055,0.0,35.04999923706055,7,6,468.0,2.76,58.0,0.0,0.0,0.0,0.0,0.0,0.0,0.0,0.0,0.0,0.0,0.0,0.0,0.0,0.0,0.0,0.0,0.0,0.0,520.981201171875,2.994374990463257,71.7,487.0,101.0,286.0,0.0,0.0,0.0,0.0,0.0,0.0,468.4691162109375,2.759999990463257,74.3,486.0,58.0,365.0,455.9833068847656,3.447499990463257,71.5,540.0,57.0,286.0,409.28289794921875,4.025625228881836,71.8,424.0,53.0,255.0,0.0,0.0,0.0,0.0,0.0,0.0,80.44471740722656,0.8537499904632568,77.8,55.0,29.0,365.0,0.0,0.0,0.0,0.0,0.0,0.0,0.0,0.0,0.0,0.0,0.0,0.0,0.0,0.0,0.0,0.0,0.0,0.0
mckenzie2003,3.4,3.4,0.2,45.95000076293945,0.0,45.95000076293945,7,6,493.0,2.98,56.0,0.0,0.0,0.0,0.0,0.0,0.0,0.0,0.0,0.0,0.0,0.0,0.0,0.0,0.0,0.0,0.0,0.0,0.0,520.981201171875,2.994374990463257,73.7,488.0,68.0,286.0,0.0,0.0,0.0,0.0,0.0,0.0,493.3669738769531,2.978749990463257,75.2,519.0,56.0,365.0,455.9833068847656,3.447499990463257,73.5,541.0,54.0,286.0,409.28289794921875,4.025625228881836,73.6,427.0,51.0,255.0,0.0,0.0,0.0,0.0,0.0,0.0,97.2092056274414,1.0099999904632568,78.8,69.0,16.0,365.0,0.0,0.0,0.0,0.0,0.0,0.0,0.0,0.0,0.0,0.0,0.0,0.0,0.0,0.0,0.0,0.0,0.0,0.0
mckenzie2003,3.4,3.4,0.3,67.75,0.0,67.75,7,6,500.0,3.09,42.0,0.0,0.0,0.0,0.0,0.0,0.0,0.0,0.0,0.0,0.0,0.0,0.0,0.0,0.0,0.0,0.0,0.0,0.0,520.981201171875,2.994374990463257,76.2,488.0,60.0,286.0,0.0,0.0,0.0,0.0,0.0,0.0,500.0072021484375,3.088124990463257,76.8,530.0,42.0,365.0,455.9833068847656,3.447499990463257,75.9,541.0,42.0,286.0,407.8116455078125,4.025625228881836,76.4,427.0,44.0,269.0,0.0,0.0,0.0,0.0,0.0,0.0,122.59822082519531,1.3224999904632568,80.3,90.0,15.0,365.0,0.0,0.0,0.0,0.0,0.0,0.0,0.0,0.0,0.0,0.0,0.0,0.0,0.0,0.0,0.0,0.0,0.0,0.0
mckenzie2003,3.4,3.4,0.5,67.75,41.400001525878906,109.1500015258789,7,6,501.0,3.1,2.0,0.0,0.0,0.0,0.0,0.0,0.0,0.0,0.0,0.0,0.0,0.0,0.0,0.0,0.0,0.0,0.0,0.0,0.0,520.981201171875,2.994374990463257,78.0,488.0,7.0,286.0,0.0,0.0,0.0,0.0,0.0,0.0,501.3072509765625,3.103749990463257,77.7,530.0,2.0,365.0,455.9833068847656,3.447499990463257,77.1,541.0,8.0,286.0,406.494140625,4.025625228881836,77.6,425.0,24.0,281.0,0.0,0.0,0.0,0.0,0.0,0.0,153.31106567382812,1.6662499904632568,80.4,119.0,2.0,365.0,0.0,0.0,0.0,0.0,0.0,0.0,0.0,0.0,0.0,0.0,0.0,0.0,0.0,0.0,0.0,0.0,0.0,0.0
mckenzie2003,3.4,3.4,1.5,67.75,230.8000030517578,298.54998779296875,7,6,501.0,3.1,0.0,0.0,0.0,0.0,0.0,0.0,0.0,0.0,0.0,0.0,0.0,0.0,0.0,0.0,0.0,0.0,0.0,0.0,0.0,520.981201171875,2.994374990463257,78.7,488.0,0.0,286.0,0.0,0.0,0.0,0.0,0.0,0.0,501.3072509765625,3.103749990463257,78.0,530.0,0.0,365.0,455.9833068847656,3.447499990463257,77.4,541.0,0.0,286.0,406.494140625,4.025625228881836,77.8,425.0,13.0,281.0,0.0,0.0,0.0,0.0,0.0,0.0,188.9840545654297,2.134999990463257,80.4,158.0,0.0,365.0,0.0,0.0,0.0,0.0,0.0,0.0,0.0,0.0,0.0,0.0,0.0,0.0,0.0,0.0,0.0,0.0,0.0,0.0
mckenzie2003,3.3,3.3,0.01,2.369999885559082,0.0,2.369999885559082,4,7,150.0,0.82,55.0,0.0,0.0,0.0,0.0,0.0,0.0,0.0,0.0,0.0,0.0,0.0,0.0,0.0,0.0,0.0,0.0,0.0,0.0,110.09913635253906,0.38499999046325684,63.2,72.0,40.0,286.0,0.0,0.0,0.0,0.0,0.0,0.0,93.40052795410156,0.38499999046325684,63.4,58.0,34.0,365.0,150.03562927246094,0.8224999904632568,63.1,126.0,55.0,286.0,0.0,0.0,0.0,0.0,0.0,0.0,0.0,0.0,0.0,0.0,0.0,0.0,11.099745750427246,0.10374999046325684,69.2,5.0,4.0,365.0,0.0,0.0,0.0,0.0,0.0,0.0,0.0,0.0,0.0,0.0,0.0,0.0,0.0,0.0,0.0,0.0,0.0,0.0
mckenzie2003,3.3,3.3,0.02,4.739999771118164,0.0,4.739999771118164,4,7,247.0,1.54,90.0,0.0,0.0,0.0,0.0,0.0,0.0,0.0,0.0,0.0,0.0,0.0,0.0,0.0,0.0,0.0,0.0,0.0,0.0,184.56446838378906,0.7599999904632568,64.5,135.0,67.0,286.0,0.0,0.0,0.0,0.0,0.0,0.0,156.7216796875,0.6974999904632568,67.1,112.0,57.0,365.0,247.02432250976562,1.5412499904632568,64.0,233.0,90.0,286.0,0.0,0.0,0.0,0.0,0.0,0.0,0.0,0.0,0.0,0.0,0.0,0.0,17.534791946411133,0.16624999046325684,71.7,10.0,6.0,365.0,0.0,0.0,0.0,0.0,0.0,0.0,0.0,0.0,0.0,0.0,0.0,0.0,0.0,0.0,0.0,0.0,0.0,0.0
mckenzie2003,3.3,3.3,0.03,7.110000133514404,0.0,7.110000133514404,4,7,318.0,2.23,116.0,0.0,0.0,0.0,0.0,0.0,0.0,0.0,0.0,0.0,0.0,0.0,0.0,0.0,0.0,0.0,0.0,0.0,0.0,253.0996551513672,1.1193749904632568,65.7,194.0,92.0,286.0,0.0,0.0,0.0,0.0,0.0,0.0,212.34823608398438,1.0099999904632568,68.4,161.0,78.0,365.0,317.9136047363281,2.228749990463257,65.2,332.0,116.0,286.0,0.0,0.0,0.0,0.0,0.0,0.0,0.0,0.0,0.0,0.0,0.0,0.0,23.7394962310791,0.24437499046325684,72.9,14.0,9.0,365.0,0.0,0.0,0.0,0.0,0.0,0.0,0.0,0.0,0.0,0.0,0.0,0.0,0.0,0.0,0.0,0.0,0.0,0.0
mckenzie2003,3.3,3.3,0.04,9.479999542236328,0.0,9.479999542236328,4,7,367.0,2.64,134.0,0.0,0.0,0.0,0.0,0.0,0.0,0.0,0.0,0.0,0.0,0.0,0.0,0.0,0.0,0.0,0.0,0.0,0.0,313.0182800292969,1.4943749904632568,66.1,248.0,114.0,286.0,0.0,0.0,0.0,0.0,0.0,0.0,260.17999267578125,1.2912499904632568,69.2,206.0,95.0,365.0,367.2762756347656,2.634999990463257,65.4,416.0,134.0,286.0,288.5329284667969,2.353749990463257,66.1,247.0,105.0,194.0,0.0,0.0,0.0,0.0,0.0,0.0,29.6695613861084,0.30687499046325684,73.8,18.0,11.0,365.0,0.0,0.0,0.0,0.0,0.0,0.0,0.0,0.0,0.0,0.0,0.0,0.0,0.0,0.0,0.0,0.0,0.0,0.0
mckenzie2003,3.3,3.3,0.05,11.850000381469727,0.0,11.850000381469727,4,7,400.0,2.93,146.0,0.0,0.0,0.0,0.0,0.0,0.0,0.0,0.0,0.0,0.0,0.0,0.0,0.0,0.0,0.0,0.0,0.0,0.0,363.0176086425781,1.8849999904632568,66.6,298.0,133.0,286.0,0.0,0.0,0.0,0.0,0.0,0.0,300.7877502441406,1.5724999904632568,69.9,248.0,110.0,365.0,399.849609375,2.931874990463257,65.8,479.0,146.0,286.0,339.0726623535156,2.713124990463257,66.4,293.0,124.0,238.0,0.0,0.0,0.0,0.0,0.0,0.0,35.37062454223633,0.36937499046325684,74.4,22.0,13.0,365.0,0.0,0.0,0.0,0.0,0.0,0.0,0.0,0.0,0.0,0.0,0.0,0.0,0.0,0.0,0.0,0.0,0.0,0.0
mckenzie2003,3.3,3.3,0.06,14.170000076293945,0.0,14.170000076293945,4,7,439.0,3.32,160.0,0.0,0.0,0.0,0.0,0.0,0.0,0.0,0.0,0.0,0.0,0.0,0.0,0.0,0.0,0.0,0.0,0.0,0.0,403.0709533691406,2.119374990463257,66.9,342.0,147.0,286.0,0.0,0.0,0.0,0.0,0.0,0.0,334.7933349609375,1.8068749904632568,70.5,285.0,122.0,365.0,439.4979248046875,3.322499990463257,66.1,517.0,160.0,286.0,366.71026611328125,3.072499990463257,66.8,331.0,134.0,239.0,0.0,0.0,0.0,0.0,0.0,0.0,40.80659103393555,0.41624999046325684,74.9,26.0,15.0,365.0,0.0,0.0,0.0,0.0,0.0,0.0,0.0,0.0,0.0,0.0,0.0,0.0,0.0,0.0,0.0,0.0,0.0,0.0
mckenzie2003,3.3,3.3,0.08,18.809999465942383,0.0,18.809999465942383,4,7,455.0,3.49,162.0,0.0,0.0,0.0,0.0,0.0,0.0,0.0,0.0,0.0,0.0,0.0,0.0,0.0,0.0,0.0,0.0,0.0,0.0,458.448974609375,2.509999990463257,68.2,417.0,167.0,286.0,0.0,0.0,0.0,0.0,0.0,0.0,386.1791687011719,2.197499990463257,71.5,350.0,138.0,365.0,454.9703674316406,3.494374990463257,67.3,532.0,162.0,286.0,401.83612060546875,3.416249990463257,68.0,386.0,147.0,243.0,0.0,0.0,0.0,0.0,0.0,0.0,51.01228332519531,0.5412499904632568,75.8,33.0,19.0,365.0,0.0,0.0,0.0,0.0,0.0,0.0,0.0,0.0,0.0,0.0,0.0,0.0,0.0,0.0,0.0,0.0,0.0,0.0
mckenzie2003,3.3,3.3,0.1,23.450000762939453,0.0,23.450000762939453,4,7,456.0,3.51,68.0,0.0,0.0,0.0,0.0,0.0,0.0,0.0,0.0,0.0,0.0,0.0,0.0,0.0,0.0,0.0,0.0,0.0,0.0,502.4415283203125,2.916249990463257,69.3,467.0,183.0,286.0,0.0,0.0,0.0,0.0,0.0,0.0,421.3816833496094,2.447499990463257,72.4,402.0,55.0,365.0,456.4354553222656,3.509999990463257,68.8,534.0,68.0,286.0,405.8826599121094,4.025625228881836,69.1,417.0,145.0,250.0,0.0,0.0,0.0,0.0,0.0,0.0,60.45835876464844,0.6349999904632568,76.4,40.0,22.0,365.0,0.0,0.0,0.0,0.0,0.0,0.0,0.0,0.0,0.0,0.0,0.0,0.0,0.0,0.0,0.0,0.0,0.0,0.0
mckenzie2003,3.3,3.3,0.12,28.09000015258789,0.0,28.09000015258789,4,7,456.0,3.51,60.0,0.0,0.0,0.0,0.0,0.0,0.0,0.0,0.0,0.0,0.0,0.0,0.0,0.0,0.0,0.0,0.0,0.0,0.0,514.1715087890625,2.978749990463257,70.3,480.0,187.0,286.0,0.0,0.0,0.0,0.0,0.0,0.0,445.79925537109375,2.572499990463257,73.3,442.0,58.0,365.0,456.4354553222656,3.509999990463257,70.0,536.0,60.0,286.0,405.71282958984375,4.025625228881836,70.3,419.0,60.0,254.0,0.0,0.0,0.0,0.0,0.0,0.0,69.12833404541016,0.7287499904632568,77.1,47.0,25.0,365.0,0.0,0.0,0.0,0.0,0.0,0.0,0.0,0.0,0.0,0.0,0.0,0.0,0.0,0.0,0.0,0.0,0.0,0.0
mckenzie2003,3.3,3.3,0.15,35.04999923706055,0.0,35.04999923706055,7,4,517.0,3.03,96.0,0.0,0.0,0.0,0.0,0.0,0.0,0.0,0.0,0.0,0.0,0.0,0.0,0.0,0.0,0.0,0.0,0.0,0.0,517.1558227539062,3.025624990463257,71.8,486.0,96.0,286.0,0.0,0.0,0.0,0.0,0.0,0.0,470.2088317871094,2.775624990463257,74.2,487.0,59.0,365.0,456.4354553222656,3.509999990463257,71.6,538.0,58.0,286.0,405.71282958984375,4.025625228881836,71.6,422.0,53.0,254.0,0.0,0.0,0.0,0.0,0.0,0.0,80.82622528076172,0.8381249904632568,77.8,55.0,30.0,365.0,0.0,0.0,0.0,0.0,0.0,0.0,0.0,0.0,0.0,0.0,0.0,0.0,0.0,0.0,0.0,0.0,0.0,0.0
mckenzie2003,3.3,3.3,0.2,45.95000076293945,0.0,45.95000076293945,7,4,517.0,3.03,68.0,0.0,0.0,0.0,0.0,0.0,0.0,0.0,0.0,0.0,0.0,0.0,0.0,0.0,0.0,0.0,0.0,0.0,0.0,517.1558227539062,3.025624990463257,73.9,486.0,68.0,286.0,0.0,0.0,0.0,0.0,0.0,0.0,494.19439697265625,3.025624990463257,75.3,519.0,57.0,365.0,456.4354553222656,3.509999990463257,73.6,540.0,54.0,286.0,405.71282958984375,4.025625228881836,73.6,425.0,51.0,254.0,0.0,0.0,0.0,0.0,0.0,0.0,97.658935546875,1.0412499904632568,78.9,69.0,16.0,365.0,0.0,0.0,0.0,0.0,0.0,0.0,0.0,0.0,0.0,0.0,0.0,0.0,0.0,0.0,0.0,0.0,0.0,0.0
mckenzie2003,3.3,3.3,0.3,67.75,0.0,67.75,7,4,517.0,3.03,60.0,0.0,0.0,0.0,0.0,0.0,0.0,0.0,0.0,0.0,0.0,0.0,0.0,0.0,0.0,0.0,0.0,0.0,0.0,517.1558227539062,3.025624990463257,76.4,486.0,60.0,286.0,0.0,0.0,0.0,0.0,0.0,0.0,501.6798095703125,3.072499990463257,77.0,528.0,42.0,365.0,456.4354553222656,3.509999990463257,76.0,540.0,43.0,286.0,404.19085693359375,4.025625228881836,76.3,424.0,44.0,268.0,0.0,0.0,0.0,0.0,0.0,0.0,123.04885864257812,1.3068749904632568,80.4,90.0,15.0,365.0,0.0,0.0,0.0,0.0,0.0,0.0,0.0,0.0,0.0,0.0,0.0,0.0,0.0,0.0,0.0,0.0,0.0,0.0
mckenzie2003,3.3,3.3,0.5,67.75,41.400001525878906,109.1500015258789,7,4,517.0,3.03,7.0,0.0,0.0,0.0,0.0,0.0,0.0,0.0,0.0,0.0,0.0,0.0,0.0,0.0,0.0,0.0,0.0,0.0,0.0,517.1558227539062,3.025624990463257,78.1,486.0,7.0,286.0,0.0,0.0,0.0,0.0,0.0,0.0,501.87432861328125,3.072499990463257,77.9,528.0,2.0,365.0,456.4354553222656,3.509999990463257,77.1,540.0,8.0,286.0,402.88629150390625,4.025625228881836,77.6,423.0,24.0,280.0,0.0,0.0,0.0,0.0,0.0,0.0,153.709716796875,1.6818749904632568,80.4,120.0,2.0,365.0,0.0,0.0,0.0,0.0,0.0,0.0,0.0,0.0,0.0,0.0,0.0,0.0,0.0,0.0,0.0,0.0,0.0,0.0
mckenzie2003,3.3,3.3,1.5,67.75,230.8000030517578,298.54998779296875,7,4,517.0,3.03,0.0,0.0,0.0,0.0,0.0,0.0,0.0,0.0,0.0,0.0,0.0,0.0,0.0,0.0,0.0,0.0,0.0,0.0,0.0,517.1558227539062,3.025624990463257,78.7,486.0,0.0,286.0,0.0,0.0,0.0,0.0,0.0,0.0,501.87432861328125,3.072499990463257,78.0,528.0,0.0,365.0,456.4354553222656,3.509999990463257,77.4,540.0,0.0,286.0,402.88629150390625,4.025625228881836,77.8,423.0,13.0,280.0,0.0,0.0,0.0,0.0,0.0,0.0,189.09698486328125,2.119374990463257,80.4,158.0,0.0,365.0,0.0,0.0,0.0,0.0,0.0,0.0,0.0,0.0,0.0,0.0,0.0,0.0,0.0,0.0,0.0,0.0,0.0,0.0
mckenzie2003,3.2,3.2,0.01,2.369999885559082,0.0,2.369999885559082,4,7,151.0,0.82,55.0,0.0,0.0,0.0,0.0,0.0,0.0,0.0,0.0,0.0,0.0,0.0,0.0,0.0,0.0,0.0,0.0,0.0,0.0,110.19774627685547,0.38499999046325684,62.9,71.0,40.0,286.0,0.0,0.0,0.0,0.0,0.0,0.0,94.03730773925781,0.38499999046325684,63.2,57.0,34.0,365.0,150.7672119140625,0.8224999904632568,62.7,126.0,55.0,286.0,0.0,0.0,0.0,0.0,0.0,0.0,0.0,0.0,0.0,0.0,0.0,0.0,11.124648094177246,0.10374999046325684,63.7,5.0,4.0,365.0,0.0,0.0,0.0,0.0,0.0,0.0,0.0,0.0,0.0,0.0,0.0,0.0,0.0,0.0,0.0,0.0,0.0,0.0
mckenzie2003,3.2,3.2,0.02,4.739999771118164,0.0,4.739999771118164,4,7,248.0,1.54,91.0,0.0,0.0,0.0,0.0,0.0,0.0,0.0,0.0,0.0,0.0,0.0,0.0,0.0,0.0,0.0,0.0,0.0,0.0,185.04534912109375,0.7443749904632568,64.4,134.0,68.0,286.0,0.0,0.0,0.0,0.0,0.0,0.0,158.0196075439453,0.6974999904632568,67.0,112.0,58.0,365.0,248.49693298339844,1.5412499904632568,63.9,233.0,91.0,286.0,0.0,0.0,0.0,0.0,0.0,0.0,0.0,0.0,0.0,0.0,0.0,0.0,17.607324600219727,0.16624999046325684,69.2,10.0,6.0,365.0,0.0,0.0,0.0,0.0,0.0,0.0,0.0,0.0,0.0,0.0,0.0,0.0,0.0,0.0,0.0,0.0,0.0,0.0
mckenzie2003,3.2,3.2,0.03,7.110000133514404,0.0,7.110000133514404,4,7,320.0,2.23,117.0,0.0,0.0,0.0,0.0,0.0,0.0,0.0,0.0,0.0,0.0,0.0,0.0,0.0,0.0,0.0,0.0,0.0,0.0,253.79754638671875,1.1193749904632568,65.7,193.0,93.0,286.0,0.0,0.0,0.0,0.0,0.0,0.0,214.2643280029297,1.0256249904632568,68.3,161.0,78.0,365.0,320.3735656738281,2.228749990463257,65.0,332.0,117.0,286.0,0.0,0.0,0.0,0.0,0.0,0.0,0.0,0.0,0.0,0.0,0.0,0.0,23.8458194732666,0.22874999046325684,72.9,14.0,9.0,365.0,0.0,0.0,0.0,0.0,0.0,0.0,0.0,0.0,0.0,0.0,0.0,0.0,0.0,0.0,0.0,0.0,0.0,0.0
mckenzie2003,3.2,3.2,0.04,9.479999542236328,0.0,9.479999542236328,4,7,370.0,2.67,135.0,0.0,0.0,0.0,0.0,0.0,0.0,0.0,0.0,0.0,0.0,0.0,0.0,0.0,0.0,0.0,0.0,0.0,0.0,313.99932861328125,1.4943749904632568,66.1,247.0,115.0,286.0,0.0,0.0,0.0,0.0,0.0,0.0,262.59283447265625,1.2912499904632568,69.1,206.0,96.0,365.0,370.18267822265625,2.666249990463257,65.3,416.0,135.0,286.0,280.46087646484375,2.275624990463257,66.2,242.0,102.0,187.0,0.0,0.0,0.0,0.0,0.0,0.0,29.81869125366211,0.30687499046325684,73.7,18.0,11.0,365.0,0.0,0.0,0.0,0.0,0.0,0.0,0.0,0.0,0.0,0.0,0.0,0.0,0.0,0.0,0.0,0.0,0.0,0.0
mckenzie2003,3.2,3.2,0.05,11.850000381469727,0.0,11.850000381469727,4,7,403.0,3.01,147.0,0.0,0.0,0.0,0.0,0.0,0.0,0.0,0.0,0.0,0.0,0.0,0.0,0.0,0.0,0.0,0.0,0.0,0.0,364.47906494140625,1.8381249904632568,66.5,297.0,133.0,286.0,0.0,0.0,0.0,0.0,0.0,0.0,303.41357421875,1.5724999904632568,69.7,248.0,111.0,365.0,403.1086120605469,3.009999990463257,65.6,479.0,147.0,286.0,341.3941650390625,2.728749990463257,66.5,293.0,125.0,239.0,0.0,0.0,0.0,0.0,0.0,0.0,35.56435012817383,0.36937499046325684,74.3,22.0,13.0,365.0,0.0,0.0,0.0,0.0,0.0,0.0,0.0,0.0,0.0,0.0,0.0,0.0,0.0,0.0,0.0,0.0,0.0,0.0
mckenzie2003,3.2,3.2,0.06,14.170000076293945,0.0,14.170000076293945,4,7,442.0,3.39,162.0,0.0,0.0,0.0,0.0,0.0,0.0,0.0,0.0,0.0,0.0,0.0,0.0,0.0,0.0,0.0,0.0,0.0,0.0,404.94293212890625,2.119374990463257,66.8,342.0,148.0,286.0,0.0,0.0,0.0,0.0,0.0,0.0,337.64434814453125,1.8224999904632568,70.4,285.0,123.0,365.0,442.49639892578125,3.384999990463257,65.8,517.0,162.0,286.0,369.7251892089844,3.072499990463257,66.8,330.0,135.0,240.0,0.0,0.0,0.0,0.0,0.0,0.0,41.019927978515625,0.41624999046325684,75.0,26.0,15.0,365.0,0.0,0.0,0.0,0.0,0.0,0.0,0.0,0.0,0.0,0.0,0.0,0.0,0.0,0.0,0.0,0.0,0.0,0.0
mckenzie2003,3.2,3.2,0.08,18.809999465942383,0.0,18.809999465942383,4,7,459.0,3.51,164.0,0.0,0.0,0.0,0.0,0.0,0.0,0.0,0.0,0.0,0.0,0.0,0.0,0.0,0.0,0.0,0.0,0.0,0.0,461.349365234375,2.525624990463257,67.9,416.0,168.0,286.0,0.0,0.0,0.0,0.0,0.0,0.0,389.6235656738281,2.150624990463257,71.5,350.0,139.0,365.0,458.9924621582031,3.509999990463257,67.0,534.0,164.0,286.0,405.9794921875,3.509999990463257,67.8,386.0,148.0,244.0,0.0,0.0,0.0,0.0,0.0,0.0,51.33304214477539,0.5256249904632568,75.7,33.0,19.0,365.0,0.0,0.0,0.0,0.0,0.0,0.0,0.0,0.0,0.0,0.0,0.0,0.0,0.0,0.0,0.0,0.0,0.0,0.0
mckenzie2003,3.2,3.2,0.1,23.450000762939453,0.0,23.450000762939453,4,7,462.0,3.51,71.0,0.0,0.0,0.0,0.0,0.0,0.0,0.0,0.0,0.0,0.0,0.0,0.0,0.0,0.0,0.0,0.0,0.0,0.0,500.7235107421875,2.806874990463257,69.1,466.0,183.0,286.0,0.0,0.0,0.0,0.0,0.0,0.0,425.1269836425781,2.431874990463257,72.3,402.0,58.0,365.0,461.7932434082031,3.509999990463257,68.3,538.0,71.0,286.0,412.3485107421875,4.025625228881836,68.9,418.0,147.0,251.0,0.0,0.0,0.0,0.0,0.0,0.0,60.78532028198242,0.6349999904632568,76.4,40.0,22.0,365.0,0.0,0.0,0.0,0.0,0.0,0.0,0.0,0.0,0.0,0.0,0.0,0.0,0.0,0.0,0.0,0.0,0.0,0.0
mckenzie2003,3.2,3.2,0.12,28.09000015258789,0.0,28.09000015258789,4,7,462.0,3.51,63.0,0.0,0.0,0.0,0.0,0.0,0.0,0.0,0.0,0.0,0.0,0.0,0.0,0.0,0.0,0.0,0.0,0.0,0.0,519.0572509765625,2.978749990463257,70.1,480.0,188.0,286.0,0.0,0.0,0.0,0.0,0.0,0.0,449.7696838378906,2.572499990463257,73.0,442.0,58.0,365.0,461.7932434082031,3.509999990463257,69.6,540.0,63.0,286.0,412.17926025390625,4.025625228881836,70.0,421.0,64.0,255.0,0.0,0.0,0.0,0.0,0.0,0.0,69.5123519897461,0.7287499904632568,77.1,47.0,25.0,365.0,0.0,0.0,0.0,0.0,0.0,0.0,0.0,0.0,0.0,0.0,0.0,0.0,0.0,0.0,0.0,0.0,0.0,0.0
mckenzie2003,3.2,3.2,0.15,35.04999923706055,0.0,35.04999923706055,7,4,523.0,3.04,105.0,0.0,0.0,0.0,0.0,0.0,0.0,0.0,0.0,0.0,0.0,0.0,0.0,0.0,0.0,0.0,0.0,0.0,0.0,523.471435546875,3.041249990463257,71.3,488.0,105.0,286.0,0.0,0.0,0.0,0.0,0.0,0.0,474.47021484375,2.806874990463257,73.9,487.0,59.0,365.0,461.7932434082031,3.509999990463257,71.2,542.0,58.0,286.0,412.17926025390625,4.025625228881836,71.5,424.0,54.0,255.0,0.0,0.0,0.0,0.0,0.0,0.0,81.33487701416016,0.8537499904632568,77.8,56.0,30.0,365.0,0.0,0.0,0.0,0.0,0.0,0.0,0.0,0.0,0.0,0.0,0.0,0.0,0.0,0.0,0.0,0.0,0.0,0.0
mckenzie2003,3.2,3.2,0.2,45.95000076293945,0.0,45.95000076293945,7,4,523.0,3.04,68.0,0.0,0.0,0.0,0.0,0.0,0.0,0.0,0.0,0.0,0.0,0.0,0.0,0.0,0.0,0.0,0.0,0.0,0.0,523.471435546875,3.041249990463257,73.3,489.0,68.0,286.0,0.0,0.0,0.0,0.0,0.0,0.0,499.2427062988281,3.025624990463257,74.8,519.0,57.0,365.0,461.7932434082031,3.509999990463257,73.2,543.0,54.0,286.0,412.17926025390625,4.025625228881836,73.1,427.0,51.0,255.0,0.0,0.0,0.0,0.0,0.0,0.0,98.23705291748047,1.0256249904632568,78.7,69.0,16.0,365.0,0.0,0.0,0.0,0.0,0.0,0.0,0.0,0.0,0.0,0.0,0.0,0.0,0.0,0.0,0.0,0.0,0.0,0.0
mckenzie2003,3.2,3.2,0.3,67.75,0.0,67.75,7,4,523.0,3.04,60.0,0.0,0.0,0.0,0.0,0.0,0.0,0.0,0.0,0.0,0.0,0.0,0.0,0.0,0.0,0.0,0.0,0.0,0.0,523.471435546875,3.041249990463257,76.0,489.0,60.0,286.0,0.0,0.0,0.0,0.0,0.0,0.0,506.0261535644531,3.119374990463257,76.4,532.0,42.0,365.0,461.7932434082031,3.509999990463257,75.6,543.0,43.0,286.0,410.7079772949219,4.025625228881836,76.2,427.0,45.0,269.0,0.0,0.0,0.0,0.0,0.0,0.0,123.87982940673828,1.3224999904632568,80.2,91.0,15.0,365.0,0.0,0.0,0.0,0.0,0.0,0.0,0.0,0.0,0.0,0.0,0.0,0.0,0.0,0.0,0.0,0.0,0.0,0.0
mckenzie2003,3.2,3.2,0.5,67.75,41.400001525878906,109.1500015258789,7,4,523.0,3.04,8.0,0.0,0.0,0.0,0.0,0.0,0.0,0.0,0.0,0.0,0.0,0.0,0.0,0.0,0.0,0.0,0.0,0.0,0.0,523.471435546875,3.041249990463257,77.7,489.0,8.0,286.0,0.0,0.0,0.0,0.0,0.0,0.0,508.1434020996094,3.119374990463257,77.4,532.0,2.0,365.0,461.7932434082031,3.509999990463257,76.8,543.0,8.0,286.0,409.39007568359375,4.025625228881836,77.3,425.0,24.0,281.0,0.0,0.0,0.0,0.0,0.0,0.0,154.8739471435547,1.6818749904632568,80.2,120.0,2.0,365.0,0.0,0.0,0.0,0.0,0.0,0.0,0.0,0.0,0.0,0.0,0.0,0.0,0.0,0.0,0.0,0.0,0.0,0.0
mckenzie2003,3.2,3.2,1.5,67.75,230.8000030517578,298.54998779296875,7,4,523.0,3.04,0.0,0.0,0.0,0.0,0.0,0.0,0.0,0.0,0.0,0.0,0.0,0.0,0.0,0.0,0.0,0.0,0.0,0.0,0.0,523.471435546875,3.041249990463257,78.3,489.0,0.0,286.0,0.0,0.0,0.0,0.0,0.0,0.0,508.1434020996094,3.119374990463257,77.8,532.0,0.0,365.0,461.7932434082031,3.509999990463257,77.2,543.0,0.0,286.0,409.39007568359375,4.025625228881836,77.4,425.0,14.0,281.0,0.0,0.0,0.0,0.0,0.0,0.0,190.84934997558594,2.134999990463257,80.2,158.0,0.0,365.0,0.0,0.0,0.0,0.0,0.0,0.0,0.0,0.0,0.0,0.0,0.0,0.0,0.0,0.0,0.0,0.0,0.0,0.0
mckenzie2003,3.1,3.1,0.01,2.369999885559082,0.0,2.369999885559082,4,7,150.0,0.82,55.0,0.0,0.0,0.0,0.0,0.0,0.0,0.0,0.0,0.0,0.0,0.0,0.0,0.0,0.0,0.0,0.0,0.0,0.0,109.83800506591797,0.38499999046325684,63.2,72.0,40.0,286.0,0.0,0.0,0.0,0.0,0.0,0.0,93.1762924194336,0.38499999046325684,63.3,58.0,34.0,365.0,149.55239868164062,0.8224999904632568,62.8,126.0,55.0,286.0,0.0,0.0,0.0,0.0,0.0,0.0,0.0,0.0,0.0,0.0,0.0,0.0,11.058300018310547,0.10374999046325684,69.2,5.0,4.0,365.0,0.0,0.0,0.0,0.0,0.0,0.0,0.0,0.0,0.0,0.0,0.0,0.0,0.0,0.0,0.0,0.0,0.0,0.0
mckenzie2003,3.1,3.1,0.02,4.739999771118164,0.0,4.739999771118164,4,7,247.0,1.57,90.0,0.0,0.0,0.0,0.0,0.0,0.0,0.0,0.0,0.0,0.0,0.0,0.0,0.0,0.0,0.0,0.0,0.0,0.0,184.2501678466797,0.7287499904632568,64.6,134.0,67.0,286.0,0.0,0.0,0.0,0.0,0.0,0.0,156.4717559814453,0.6974999904632568,67.2,112.0,57.0,365.0,246.5894317626953,1.5724999904632568,64.2,233.0,90.0,286.0,0.0,0.0,0.0,0.0,0.0,0.0,0.0,0.0,0.0,0.0,0.0,0.0,17.490644454956055,0.16624999046325684,71.7,10.0,6.0,365.0,0.0,0.0,0.0,0.0,0.0,0.0,0.0,0.0,0.0,0.0,0.0,0.0,0.0,0.0,0.0,0.0,0.0,0.0
mckenzie2003,3.1,3.1,0.03,7.110000133514404,0.0,7.110000133514404,4,7,318.0,2.18,116.0,0.0,0.0,0.0,0.0,0.0,0.0,0.0,0.0,0.0,0.0,0.0,0.0,0.0,0.0,0.0,0.0,0.0,0.0,252.74252319335938,1.1193749904632568,65.7,194.0,92.0,286.0,0.0,0.0,0.0,0.0,0.0,0.0,212.1804962158203,1.0099999904632568,68.5,161.0,77.0,365.0,318.0119934082031,2.181874990463257,65.3,333.0,116.0,286.0,0.0,0.0,0.0,0.0,0.0,0.0,0.0,0.0,0.0,0.0,0.0,0.0,23.679319381713867,0.22874999046325684,73.0,14.0,9.0,365.0,0.0,0.0,0.0,0.0,0.0,0.0,0.0,0.0,0.0,0.0,0.0,0.0,0.0,0.0,0.0,0.0,0.0,0.0
mckenzie2003,3.1,3.1,0.04,9.479999542236328,0.0,9.479999542236328,4,7,368.0,2.64,134.0,0.0,0.0,0.0,0.0,0.0,0.0,0.0,0.0,0.0,0.0,0.0,0.0,0.0,0.0,0.0,0.0,0.0,0.0,312.9012145996094,1.4474999904632568,66.3,247.0,114.0,286.0,0.0,0.0,0.0,0.0,0.0,0.0,260.05438232421875,1.3224999904632568,69.3,207.0,95.0,365.0,367.82733154296875,2.634999990463257,65.6,417.0,134.0,286.0,287.39361572265625,2.244374990463257,66.2,246.0,105.0,194.0,0.0,0.0,0.0,0.0,0.0,0.0,29.588871002197266,0.30687499046325684,73.9,18.0,11.0,365.0,0.0,0.0,0.0,0.0,0.0,0.0,0.0,0.0,0.0,0.0,0.0,0.0,0.0,0.0,0.0,0.0,0.0,0.0
mckenzie2003,3.1,3.1,0.05,11.850000381469727,0.0,11.850000381469727,4,7,401.0,2.95,146.0,0.0,0.0,0.0,0.0,0.0,0.0,0.0,0.0,0.0,0.0,0.0,0.0,0.0,0.0,0.0,0.0,0.0,0.0,363.5387268066406,1.8224999904632568,66.7,297.0,133.0,286.0,0.0,0.0,0.0,0.0,0.0,0.0,300.6372375488281,1.5412499904632568,69.8,247.0,110.0,365.0,400.86981201171875,2.947499990463257,65.8,480.0,146.0,286.0,340.2835388183594,2.681874990463257,66.5,293.0,124.0,238.0,0.0,0.0,0.0,0.0,0.0,0.0,35.287776947021484,0.35374999046325684,74.5,22.0,13.0,365.0,0.0,0.0,0.0,0.0,0.0,0.0,0.0,0.0,0.0,0.0,0.0,0.0,0.0,0.0,0.0,0.0,0.0,0.0
mckenzie2003,3.1,3.1,0.06,14.170000076293945,0.0,14.170000076293945,4,7,440.0,3.32,161.0,0.0,0.0,0.0,0.0,0.0,0.0,0.0,0.0,0.0,0.0,0.0,0.0,0.0,0.0,0.0,0.0,0.0,0.0,404.291748046875,2.119374990463257,67.0,342.0,148.0,286.0,0.0,0.0,0.0,0.0,0.0,0.0,334.8100891113281,1.7756249904632568,70.7,285.0,122.0,365.0,439.9249572753906,3.322499990463257,66.2,519.0,161.0,286.0,368.91015625,3.009999990463257,67.0,330.0,135.0,239.0,0.0,0.0,0.0,0.0,0.0,0.0,40.68878936767578,0.41624999046325684,75.1,26.0,15.0,365.0,0.0,0.0,0.0,0.0,0.0,0.0,0.0,0.0,0.0,0.0,0.0,0.0,0.0,0.0,0.0,0.0,0.0,0.0
mckenzie2003,3.1,3.1,0.08,18.809999465942383,0.0,18.809999465942383,4,7,457.0,3.49,163.0,0.0,0.0,0.0,0.0,0.0,0.0,0.0,0.0,0.0,0.0,0.0,0.0,0.0,0.0,0.0,0.0,0.0,0.0,461.18603515625,2.556874990463257,68.2,417.0,168.0,286.0,0.0,0.0,0.0,0.0,0.0,0.0,386.6022644042969,2.150624990463257,71.6,350.0,138.0,365.0,457.2780456542969,3.494374990463257,67.3,534.0,163.0,286.0,405.51141357421875,3.400624990463257,68.0,386.0,148.0,243.0,0.0,0.0,0.0,0.0,0.0,0.0,50.92845153808594,0.5412499904632568,75.8,33.0,19.0,365.0,0.0,0.0,0.0,0.0,0.0,0.0,0.0,0.0,0.0,0.0,0.0,0.0,0.0,0.0,0.0,0.0,0.0,0.0
mckenzie2003,3.1,3.1,0.1,23.450000762939453,0.0,23.450000762939453,4,7,460.0,3.51,69.0,0.0,0.0,0.0,0.0,0.0,0.0,0.0,0.0,0.0,0.0,0.0,0.0,0.0,0.0,0.0,0.0,0.0,0.0,500.7896728515625,2.759999990463257,69.3,467.0,183.0,286.0,0.0,0.0,0.0,0.0,0.0,0.0,422.2030944824219,2.416249990463257,72.5,402.0,55.0,365.0,459.5716857910156,3.509999990463257,68.6,537.0,69.0,286.0,412.18505859375,4.025625228881836,69.3,420.0,147.0,251.0,0.0,0.0,0.0,0.0,0.0,0.0,60.304710388183594,0.6349999904632568,76.6,40.0,22.0,365.0,0.0,0.0,0.0,0.0,0.0,0.0,0.0,0.0,0.0,0.0,0.0,0.0,0.0,0.0,0.0,0.0,0.0,0.0
mckenzie2003,3.1,3.1,0.12,28.09000015258789,0.0,28.09000015258789,4,7,460.0,3.51,60.0,0.0,0.0,0.0,0.0,0.0,0.0,0.0,0.0,0.0,0.0,0.0,0.0,0.0,0.0,0.0,0.0,0.0,0.0,520.7799682617188,2.978749990463257,70.3,482.0,189.0,286.0,0.0,0.0,0.0,0.0,0.0,0.0,446.9582214355469,2.588124990463257,73.3,443.0,58.0,365.0,459.5716857910156,3.509999990463257,69.9,539.0,60.0,286.0,412.01593017578125,4.025625228881836,70.2,422.0,61.0,255.0,0.0,0.0,0.0,0.0,0.0,0.0,68.98381042480469,0.7287499904632568,77.2,46.0,25.0,365.0,0.0,0.0,0.0,0.0,0.0,0.0,0.0,0.0,0.0,0.0,0.0,0.0,0.0,0.0,0.0,0.0,0.0,0.0
mckenzie2003,3.1,3.1,0.15,35.04999923706055,0.0,35.04999923706055,7,6,472.0,2.79,59.0,0.0,0.0,0.0,0.0,0.0,0.0,0.0,0.0,0.0,0.0,0.0,0.0,0.0,0.0,0.0,0.0,0.0,0.0,524.01904296875,2.994374990463257,71.7,488.0,98.0,286.0,0.0,0.0,0.0,0.0,0.0,0.0,471.7006530761719,2.791249990463257,74.0,487.0,59.0,365.0,459.5716857910156,3.509999990463257,71.5,542.0,58.0,286.0,412.01593017578125,4.025625228881836,71.7,425.0,54.0,255.0,0.0,0.0,0.0,0.0,0.0,0.0,80.77197265625,0.8381249904632568,78.0,55.0,29.0,365.0,0.0,0.0,0.0,0.0,0.0,0.0,0.0,0.0,0.0,0.0,0.0,0.0,0.0,0.0,0.0,0.0,0.0,0.0
mckenzie2003,3.1,3.1,0.2,45.95000076293945,0.0,45.95000076293945,7,6,497.0,3.04,57.0,0.0,0.0,0.0,0.0,0.0,0.0,0.0,0.0,0.0,0.0,0.0,0.0,0.0,0.0,0.0,0.0,0.0,0.0,524.01904296875,2.994374990463257,73.7,489.0,69.0,286.0,0.0,0.0,0.0,0.0,0.0,0.0,497.1622619628906,3.041249990463257,75.2,521.0,57.0,365.0,459.5716857910156,3.509999990463257,73.5,543.0,54.0,286.0,412.01593017578125,4.025625228881836,73.4,428.0,51.0,255.0,0.0,0.0,0.0,0.0,0.0,0.0,97.5505142211914,1.0256249904632568,78.8,69.0,16.0,365.0,0.0,0.0,0.0,0.0,0.0,0.0,0.0,0.0,0.0,0.0,0.0,0.0,0.0,0.0,0.0,0.0,0.0,0.0
mckenzie2003,3.1,3.1,0.3,67.75,0.0,67.75,7,6,504.0,3.07,42.0,0.0,0.0,0.0,0.0,0.0,0.0,0.0,0.0,0.0,0.0,0.0,0.0,0.0,0.0,0.0,0.0,0.0,0.0,524.01904296875,2.994374990463257,76.2,489.0,60.0,286.0,0.0,0.0,0.0,0.0,0.0,0.0,504.1274719238281,3.072499990463257,76.8,531.0,42.0,365.0,459.5716857910156,3.509999990463257,75.9,543.0,43.0,286.0,410.5565185546875,4.025625228881836,76.2,428.0,45.0,269.0,0.0,0.0,0.0,0.0,0.0,0.0,123.10997772216797,1.3224999904632568,80.3,91.0,15.0,365.0,0.0,0.0,0.0,0.0,0.0,0.0,0.0,0.0,0.0,0.0,0.0,0.0,0.0,0.0,0.0,0.0,0.0,0.0
mckenzie2003,3.1,3.1,0.5,67.75,41.400001525878906,109.1500015258789,7,6,505.0,3.07,2.0,0.0,0.0,0.0,0.0,0.0,0.0,0.0,0.0,0.0,0.0,0.0,0.0,0.0,0.0,0.0,0.0,0.0,0.0,524.01904296875,2.994374990463257,78.0,489.0,8.0,286.0,0.0,0.0,0.0,0.0,0.0,0.0,505.3109436035156,3.072499990463257,77.7,531.0,2.0,365.0,459.5716857910156,3.509999990463257,77.1,543.0,8.0,286.0,409.2499694824219,4.025625228881836,77.5,426.0,25.0,281.0,0.0,0.0,0.0,0.0,0.0,0.0,153.9110565185547,1.6818749904632568,80.3,119.0,2.0,365.0,0.0,0.0,0.0,0.0,0.0,0.0,0.0,0.0,0.0,0.0,0.0,0.0,0.0,0.0,0.0,0.0,0.0,0.0
mckenzie2003,3.1,3.1,1.5,67.75,230.8000030517578,298.54998779296875,7,6,505.0,3.07,0.0,0.0,0.0,0.0,0.0,0.0,0.0,0.0,0.0,0.0,0.0,0.0,0.0,0.0,0.0,0.0,0.0,0.0,0.0,524.01904296875,2.994374990463257,78.5,489.0,0.0,286.0,0.0,0.0,0.0,0.0,0.0,0.0,505.3109436035156,3.072499990463257,77.8,531.0,0.0,365.0,459.5716857910156,3.509999990463257,77.3,543.0,0.0,286.0,409.2499694824219,4.025625228881836,77.8,426.0,14.0,281.0,0.0,0.0,0.0,0.0,0.0,0.0,189.8441619873047,2.134999990463257,80.3,158.0,0.0,365.0,0.0,0.0,0.0,0.0,0.0,0.0,0.0,0.0,0.0,0.0,0.0,0.0,0.0,0.0,0.0,0.0,0.0,0.0
mckenzie2003,3.0,3.0,0.01,2.369999885559082,0.0,2.369999885559082,4,7,150.0,0.82,55.0,0.0,0.0,0.0,0.0,0.0,0.0,0.0,0.0,0.0,0.0,0.0,0.0,0.0,0.0,0.0,0.0,0.0,0.0,110.3899917602539,0.38499999046325684,63.4,72.0,40.0,286.0,0.0,0.0,0.0,0.0,0.0,0.0,93.39474487304688,0.38499999046325684,63.3,57.0,34.0,365.0,149.9163055419922,0.8224999904632568,62.6,125.0,55.0,286.0,0.0,0.0,0.0,0.0,0.0,0.0,0.0,0.0,0.0,0.0,0.0,0.0,11.158345222473145,0.10374999046325684,69.0,5.0,4.0,365.0,0.0,0.0,0.0,0.0,0.0,0.0,0.0,0.0,0.0,0.0,0.0,0.0,0.0,0.0,0.0,0.0,0.0,0.0
mckenzie2003,3.0,3.0,0.02,4.739999771118164,0.0,4.739999771118164,4,7,247.0,1.54,90.0,0.0,0.0,0.0,0.0,0.0,0.0,0.0,0.0,0.0,0.0,0.0,0.0,0.0,0.0,0.0,0.0,0.0,0.0,185.35067749023438,0.7443749904632568,64.6,135.0,68.0,286.0,0.0,0.0,0.0,0.0,0.0,0.0,156.9374542236328,0.7131249904632568,67.2,112.0,57.0,365.0,247.3092803955078,1.5412499904632568,64.2,233.0,90.0,286.0,0.0,0.0,0.0,0.0,0.0,0.0,0.0,0.0,0.0,0.0,0.0,0.0,17.65366554260254,0.16624999046325684,71.8,10.0,6.0,365.0,0.0,0.0,0.0,0.0,0.0,0.0,0.0,0.0,0.0,0.0,0.0,0.0,0.0,0.0,0.0,0.0,0.0,0.0
mckenzie2003,3.0,3.0,0.03,7.110000133514404,0.0,7.110000133514404,4,7,319.0,2.18,117.0,0.0,0.0,0.0,0.0,0.0,0.0,0.0,0.0,0.0,0.0,0.0,0.0,0.0,0.0,0.0,0.0,0.0,0.0,254.5472869873047,1.1193749904632568,66.0,194.0,93.0,286.0,0.0,0.0,0.0,0.0,0.0,0.0,212.89151000976562,1.0099999904632568,68.4,161.0,78.0,365.0,319.2474060058594,2.181874990463257,65.4,332.0,117.0,286.0,0.0,0.0,0.0,0.0,0.0,0.0,0.0,0.0,0.0,0.0,0.0,0.0,23.8978328704834,0.24437499046325684,73.1,14.0,9.0,365.0,0.0,0.0,0.0,0.0,0.0,0.0,0.0,0.0,0.0,0.0,0.0,0.0,0.0,0.0,0.0,0.0,0.0,0.0
mckenzie2003,3.0,3.0,0.04,9.479999542236328,0.0,9.479999542236328,4,7,369.0,2.6,135.0,0.0,0.0,0.0,0.0,0.0,0.0,0.0,0.0,0.0,0.0,0.0,0.0,0.0,0.0,0.0,0.0,0.0,0.0,315.23760986328125,1.5099999904632568,66.3,248.0,115.0,286.0,0.0,0.0,0.0,0.0,0.0,0.0,261.09173583984375,1.3068749904632568,69.3,206.0,95.0,365.0,369.12603759765625,2.603749990463257,65.7,416.0,135.0,286.0,285.0069580078125,2.275624990463257,66.4,244.0,104.0,190.0,0.0,0.0,0.0,0.0,0.0,0.0,29.894439697265625,0.29124999046325684,73.9,18.0,11.0,365.0,0.0,0.0,0.0,0.0,0.0,0.0,0.0,0.0,0.0,0.0,0.0,0.0,0.0,0.0,0.0,0.0,0.0,0.0
mckenzie2003,3.0,3.0,0.05,11.850000381469727,0.0,11.850000381469727,4,7,403.0,2.92,147.0,0.0,0.0,0.0,0.0,0.0,0.0,0.0,0.0,0.0,0.0,0.0,0.0,0.0,0.0,0.0,0.0,0.0,0.0,366.2098693847656,1.8068749904632568,66.7,297.0,134.0,286.0,0.0,0.0,0.0,0.0,0.0,0.0,302.02239990234375,1.5724999904632568,70.2,248.0,110.0,365.0,402.5993957519531,2.916249990463257,65.8,479.0,147.0,286.0,343.60052490234375,2.697499990463257,66.8,293.0,125.0,240.0,0.0,0.0,0.0,0.0,0.0,0.0,35.6442985534668,0.35374999046325684,74.5,22.0,13.0,365.0,0.0,0.0,0.0,0.0,0.0,0.0,0.0,0.0,0.0,0.0,0.0,0.0,0.0,0.0,0.0,0.0,0.0,0.0
mckenzie2003,3.0,3.0,0.06,14.170000076293945,0.0,14.170000076293945,4,7,442.0,3.37,161.0,0.0,0.0,0.0,0.0,0.0,0.0,0.0,0.0,0.0,0.0,0.0,0.0,0.0,0.0,0.0,0.0,0.0,0.0,407.1759948730469,2.134999990463257,67.0,343.0,149.0,286.0,0.0,0.0,0.0,0.0,0.0,0.0,336.27783203125,1.7912499904632568,70.6,285.0,123.0,365.0,442.3628845214844,3.369374990463257,66.2,518.0,161.0,286.0,372.6741027832031,3.041249990463257,67.0,330.0,136.0,241.0,0.0,0.0,0.0,0.0,0.0,0.0,41.13277053833008,0.41624999046325684,75.1,26.0,15.0,365.0,0.0,0.0,0.0,0.0,0.0,0.0,0.0,0.0,0.0,0.0,0.0,0.0,0.0,0.0,0.0,0.0,0.0,0.0
mckenzie2003,3.0,3.0,0.08,18.809999465942383,0.0,18.809999465942383,4,7,459.0,3.51,164.0,0.0,0.0,0.0,0.0,0.0,0.0,0.0,0.0,0.0,0.0,0.0,0.0,0.0,0.0,0.0,0.0,0.0,0.0,464.52508544921875,2.556874990463257,68.2,418.0,170.0,286.0,0.0,0.0,0.0,0.0,0.0,0.0,388.26025390625,2.119374990463257,71.7,349.0,138.0,365.0,459.3542175292969,3.509999990463257,67.3,535.0,164.0,286.0,409.4871520996094,3.431874990463257,68.2,387.0,149.0,245.0,0.0,0.0,0.0,0.0,0.0,0.0,51.463539123535156,0.5412499904632568,76.0,33.0,19.0,365.0,0.0,0.0,0.0,0.0,0.0,0.0,0.0,0.0,0.0,0.0,0.0,0.0,0.0,0.0,0.0,0.0,0.0,0.0
mckenzie2003,3.0,3.0,0.1,23.450000762939453,0.0,23.450000762939453,4,7,462.0,3.51,70.0,0.0,0.0,0.0,0.0,0.0,0.0,0.0,0.0,0.0,0.0,0.0,0.0,0.0,0.0,0.0,0.0,0.0,0.0,504.5065612792969,2.822499990463257,69.4,468.0,184.0,286.0,0.0,0.0,0.0,0.0,0.0,0.0,424.23089599609375,2.431874990463257,72.6,402.0,58.0,365.0,462.1336975097656,3.509999990463257,68.7,538.0,70.0,286.0,416.68017578125,4.025625228881836,69.2,421.0,149.0,252.0,0.0,0.0,0.0,0.0,0.0,0.0,61.01201629638672,0.6193749904632568,76.6,40.0,22.0,365.0,0.0,0.0,0.0,0.0,0.0,0.0,0.0,0.0,0.0,0.0,0.0,0.0,0.0,0.0,0.0,0.0,0.0,0.0
mckenzie2003,3.0,3.0,0.12,28.09000015258789,0.0,28.09000015258789,4,7,462.0,3.51,62.0,0.0,0.0,0.0,0.0,0.0,0.0,0.0,0.0,0.0,0.0,0.0,0.0,0.0,0.0,0.0,0.0,0.0,0.0,523.6380004882812,2.994374990463257,70.3,482.0,190.0,286.0,0.0,0.0,0.0,0.0,0.0,0.0,449.112060546875,2.572499990463257,73.2,442.0,57.0,365.0,462.1336975097656,3.509999990463257,69.9,540.0,62.0,286.0,416.55230712890625,4.025625228881836,70.2,424.0,63.0,255.0,0.0,0.0,0.0,0.0,0.0,0.0,69.74588775634766,0.7131249904632568,77.2,47.0,25.0,365.0,0.0,0.0,0.0,0.0,0.0,0.0,0.0,0.0,0.0,0.0,0.0,0.0,0.0,0.0,0.0,0.0,0.0,0.0
mckenzie2003,3.0,3.0,0.15,35.04999923706055,0.0,35.04999923706055,7,4,528.0,3.06,106.0,0.0,0.0,0.0,0.0,0.0,0.0,0.0,0.0,0.0,0.0,0.0,0.0,0.0,0.0,0.0,0.0,0.0,0.0,528.2144775390625,3.056874990463257,71.6,490.0,106.0,286.0,0.0,0.0,0.0,0.0,0.0,0.0,474.0569152832031,2.775624990463257,74.2,487.0,58.0,365.0,462.1336975097656,3.509999990463257,71.3,543.0,58.0,286.0,416.55230712890625,4.025625228881836,71.8,427.0,54.0,255.0,0.0,0.0,0.0,0.0,0.0,0.0,81.68462371826172,0.8537499904632568,77.8,56.0,30.0,365.0,0.0,0.0,0.0,0.0,0.0,0.0,0.0,0.0,0.0,0.0,0.0,0.0,0.0,0.0,0.0,0.0,0.0,0.0
mckenzie2003,3.0,3.0,0.2,45.95000076293945,0.0,45.95000076293945,7,4,528.0,3.06,69.0,0.0,0.0,0.0,0.0,0.0,0.0,0.0,0.0,0.0,0.0,0.0,0.0,0.0,0.0,0.0,0.0,0.0,0.0,528.2144775390625,3.056874990463257,73.7,491.0,69.0,286.0,0.0,0.0,0.0,0.0,0.0,0.0,499.6442565917969,3.056874990463257,75.2,521.0,56.0,365.0,462.1336975097656,3.509999990463257,73.4,543.0,54.0,286.0,416.55230712890625,4.025625228881836,73.3,430.0,52.0,255.0,0.0,0.0,0.0,0.0,0.0,0.0,98.6865234375,1.0256249904632568,78.8,69.0,16.0,365.0,0.0,0.0,0.0,0.0,0.0,0.0,0.0,0.0,0.0,0.0,0.0,0.0,0.0,0.0,0.0,0.0,0.0,0.0
mckenzie2003,3.0,3.0,0.3,67.75,0.0,67.75,7,4,528.0,3.06,60.0,0.0,0.0,0.0,0.0,0.0,0.0,0.0,0.0,0.0,0.0,0.0,0.0,0.0,0.0,0.0,0.0,0.0,0.0,528.2144775390625,3.056874990463257,76.2,491.0,60.0,286.0,0.0,0.0,0.0,0.0,0.0,0.0,506.5627136230469,3.103749990463257,76.7,532.0,42.0,365.0,462.1336975097656,3.509999990463257,75.7,543.0,42.0,286.0,415.09466552734375,4.025625228881836,76.2,429.0,45.0,269.0,0.0,0.0,0.0,0.0,0.0,0.0,124.57261657714844,1.3224999904632568,80.3,91.0,15.0,365.0,0.0,0.0,0.0,0.0,0.0,0.0,0.0,0.0,0.0,0.0,0.0,0.0,0.0,0.0,0.0,0.0,0.0,0.0
mckenzie2003,3.0,3.0,0.5,67.75,41.400001525878906,109.1500015258789,7,4,528.0,3.06,8.0,0.0,0.0,0.0,0.0,0.0,0.0,0.0,0.0,0.0,0.0,0.0,0.0,0.0,0.0,0.0,0.0,0.0,0.0,528.2144775390625,3.056874990463257,77.9,491.0,8.0,286.0,0.0,0.0,0.0,0.0,0.0,0.0,508.4710693359375,3.088124990463257,77.5,532.0,2.0,365.0,462.1336975097656,3.509999990463257,77.0,543.0,9.0,286.0,413.79095458984375,4.025625228881836,77.4,428.0,25.0,281.0,0.0,0.0,0.0,0.0,0.0,0.0,155.93458557128906,1.6818749904632568,80.3,120.0,2.0,365.0,0.0,0.0,0.0,0.0,0.0,0.0,0.0,0.0,0.0,0.0,0.0,0.0,0.0,0.0,0.0,0.0,0.0,0.0
mckenzie2003,3.0,3.0,1.5,67.75,230.8000030517578,298.54998779296875,7,4,528.0,3.06,0.0,0.0,0.0,0.0,0.0,0.0,0.0,0.0,0.0,0.0,0.0,0.0,0.0,0.0,0.0,0.0,0.0,0.0,0.0,528.2144775390625,3.056874990463257,78.6,491.0,0.0,286.0,0.0,0.0,0.0,0.0,0.0,0.0,508.4710693359375,3.088124990463257,77.9,532.0,0.0,365.0,462.1336975097656,3.509999990463257,77.4,543.0,0.0,286.0,413.79095458984375,4.025625228881836,77.7,428.0,14.0,281.0,0.0,0.0,0.0,0.0,0.0,0.0,192.25796508789062,2.119374990463257,80.3,159.0,0.0,365.0,0.0,0.0,0.0,0.0,0.0,0.0,0.0,0.0,0.0,0.0,0.0,0.0,0.0,0.0,0.0,0.0,0.0,0.0
mckenzie2003,2.9,2.9,0.01,2.369999885559082,0.0,2.369999885559082,4,7,150.0,0.81,55.0,0.0,0.0,0.0,0.0,0.0,0.0,0.0,0.0,0.0,0.0,0.0,0.0,0.0,0.0,0.0,0.0,0.0,0.0,110.24310302734375,0.38499999046325684,63.6,72.0,40.0,286.0,0.0,0.0,0.0,0.0,0.0,0.0,93.53431701660156,0.38499999046325684,64.9,58.0,34.0,365.0,150.11585998535156,0.8068749904632568,62.7,126.0,55.0,286.0,0.0,0.0,0.0,0.0,0.0,0.0,0.0,0.0,0.0,0.0,0.0,0.0,11.130581855773926,0.10374999046325684,69.1,5.0,4.0,365.0,0.0,0.0,0.0,0.0,0.0,0.0,0.0,0.0,0.0,0.0,0.0,0.0,0.0,0.0,0.0,0.0,0.0,0.0
mckenzie2003,2.9,2.9,0.02,4.739999771118164,0.0,4.739999771118164,4,7,248.0,1.56,90.0,0.0,0.0,0.0,0.0,0.0,0.0,0.0,0.0,0.0,0.0,0.0,0.0,0.0,0.0,0.0,0.0,0.0,0.0,185.09547424316406,0.7287499904632568,65.2,136.0,68.0,286.0,0.0,0.0,0.0,0.0,0.0,0.0,157.0828857421875,0.6818749904632568,65.0,111.0,57.0,365.0,247.7515869140625,1.5568749904632568,64.6,235.0,90.0,286.0,0.0,0.0,0.0,0.0,0.0,0.0,0.0,0.0,0.0,0.0,0.0,0.0,17.60991859436035,0.16624999046325684,71.7,10.0,6.0,365.0,0.0,0.0,0.0,0.0,0.0,0.0,0.0,0.0,0.0,0.0,0.0,0.0,0.0,0.0,0.0,0.0,0.0,0.0
mckenzie2003,2.9,2.9,0.03,7.110000133514404,0.0,7.110000133514404,4,7,320.0,2.17,117.0,0.0,0.0,0.0,0.0,0.0,0.0,0.0,0.0,0.0,0.0,0.0,0.0,0.0,0.0,0.0,0.0,0.0,0.0,254.13250732421875,1.1193749904632568,65.7,194.0,93.0,286.0,0.0,0.0,0.0,0.0,0.0,0.0,213.02725219726562,0.9943749904632568,68.5,162.0,78.0,365.0,320.0686950683594,2.166249990463257,65.2,333.0,117.0,286.0,0.0,0.0,0.0,0.0,0.0,0.0,0.0,0.0,0.0,0.0,0.0,0.0,23.8333740234375,0.22874999046325684,72.9,14.0,9.0,365.0,0.0,0.0,0.0,0.0,0.0,0.0,0.0,0.0,0.0,0.0,0.0,0.0,0.0,0.0,0.0,0.0,0.0,0.0
mckenzie2003,2.9,2.9,0.04,9.479999542236328,0.0,9.479999542236328,4,7,370.0,2.65,135.0,0.0,0.0,0.0,0.0,0.0,0.0,0.0,0.0,0.0,0.0,0.0,0.0,0.0,0.0,0.0,0.0,0.0,0.0,315.0287780761719,1.4787499904632568,66.2,248.0,115.0,286.0,0.0,0.0,0.0,0.0,0.0,0.0,261.300537109375,1.2912499904632568,69.1,207.0,95.0,365.0,370.4920959472656,2.650624990463257,65.5,417.0,135.0,286.0,285.2778625488281,2.275624990463257,66.3,245.0,104.0,191.0,0.0,0.0,0.0,0.0,0.0,0.0,29.816280364990234,0.30687499046325684,73.7,18.0,11.0,365.0,0.0,0.0,0.0,0.0,0.0,0.0,0.0,0.0,0.0,0.0,0.0,0.0,0.0,0.0,0.0,0.0,0.0,0.0
mckenzie2003,2.9,2.9,0.05,11.850000381469727,0.0,11.850000381469727,4,7,404.0,2.95,148.0,0.0,0.0,0.0,0.0,0.0,0.0,0.0,0.0,0.0,0.0,0.0,0.0,0.0,0.0,0.0,0.0,0.0,0.0,366.2290344238281,1.8068749904632568,66.6,297.0,134.0,286.0,0.0,0.0,0.0,0.0,0.0,0.0,302.2808532714844,1.5568749904632568,69.9,248.0,110.0,365.0,404.40167236328125,2.947499990463257,65.8,481.0,148.0,286.0,344.1329040527344,2.697499990463257,66.6,294.0,126.0,239.0,0.0,0.0,0.0,0.0,0.0,0.0,35.52092361450195,0.35374999046325684,74.4,22.0,13.0,365.0,0.0,0.0,0.0,0.0,0.0,0.0,0.0,0.0,0.0,0.0,0.0,0.0,0.0,0.0,0.0,0.0,0.0,0.0
mckenzie2003,2.9,2.9,0.06,14.170000076293945,0.0,14.170000076293945,4,7,445.0,3.34,162.0,0.0,0.0,0.0,0.0,0.0,0.0,0.0,0.0,0.0,0.0,0.0,0.0,0.0,0.0,0.0,0.0,0.0,0.0,407.54302978515625,2.103749990463257,67.0,343.0,149.0,286.0,0.0,0.0,0.0,0.0,0.0,0.0,336.7398681640625,1.7912499904632568,70.5,286.0,123.0,365.0,444.8243408203125,3.338124990463257,66.0,520.0,162.0,286.0,373.439208984375,3.041249990463257,67.1,331.0,136.0,240.0,0.0,0.0,0.0,0.0,0.0,0.0,41.03601837158203,0.41624999046325684,74.9,26.0,15.0,365.0,0.0,0.0,0.0,0.0,0.0,0.0,0.0,0.0,0.0,0.0,0.0,0.0,0.0,0.0,0.0,0.0,0.0,0.0
mckenzie2003,2.9,2.9,0.08,18.809999465942383,0.0,18.809999465942383,4,7,462.0,3.51,165.0,0.0,0.0,0.0,0.0,0.0,0.0,0.0,0.0,0.0,0.0,0.0,0.0,0.0,0.0,0.0,0.0,0.0,0.0,465.57940673828125,2.541249990463257,68.1,418.0,170.0,286.0,0.0,0.0,0.0,0.0,0.0,0.0,389.18841552734375,2.166249990463257,71.5,351.0,139.0,365.0,462.18017578125,3.509999990463257,67.1,536.0,165.0,286.0,411.0505676269531,3.416249990463257,67.9,388.0,150.0,244.0,0.0,0.0,0.0,0.0,0.0,0.0,51.334102630615234,0.5256249904632568,75.8,33.0,19.0,365.0,0.0,0.0,0.0,0.0,0.0,0.0,0.0,0.0,0.0,0.0,0.0,0.0,0.0,0.0,0.0,0.0,0.0,0.0
mckenzie2003,2.9,2.9,0.1,23.450000762939453,0.0,23.450000762939453,4,7,465.0,3.53,70.0,0.0,0.0,0.0,0.0,0.0,0.0,0.0,0.0,0.0,0.0,0.0,0.0,0.0,0.0,0.0,0.0,0.0,0.0,505.96234130859375,2.822499990463257,69.2,469.0,185.0,286.0,0.0,0.0,0.0,0.0,0.0,0.0,425.4001159667969,2.416249990463257,72.3,403.0,55.0,365.0,464.8798828125,3.525624990463257,68.7,540.0,70.0,286.0,418.76165771484375,4.025625228881836,69.1,422.0,150.0,251.0,0.0,0.0,0.0,0.0,0.0,0.0,60.857975006103516,0.6193749904632568,76.4,40.0,22.0,365.0,0.0,0.0,0.0,0.0,0.0,0.0,0.0,0.0,0.0,0.0,0.0,0.0,0.0,0.0,0.0,0.0,0.0,0.0
mckenzie2003,2.9,2.9,0.12,28.09000015258789,0.0,28.09000015258789,4,7,465.0,3.53,63.0,0.0,0.0,0.0,0.0,0.0,0.0,0.0,0.0,0.0,0.0,0.0,0.0,0.0,0.0,0.0,0.0,0.0,0.0,526.2640991210938,3.009999990463257,70.1,483.0,191.0,286.0,0.0,0.0,0.0,0.0,0.0,0.0,450.6563415527344,2.541249990463257,73.2,444.0,58.0,365.0,464.8798828125,3.525624990463257,69.7,542.0,63.0,286.0,418.59173583984375,4.025625228881836,70.2,425.0,63.0,255.0,0.0,0.0,0.0,0.0,0.0,0.0,69.6002426147461,0.7131249904632568,77.0,47.0,25.0,365.0,0.0,0.0,0.0,0.0,0.0,0.0,0.0,0.0,0.0,0.0,0.0,0.0,0.0,0.0,0.0,0.0,0.0,0.0
mckenzie2003,2.9,2.9,0.15,35.04999923706055,0.0,35.04999923706055,7,4,531.0,3.03,102.0,0.0,0.0,0.0,0.0,0.0,0.0,0.0,0.0,0.0,0.0,0.0,0.0,0.0,0.0,0.0,0.0,0.0,0.0,530.5543212890625,3.025624990463257,71.6,491.0,102.0,286.0,0.0,0.0,0.0,0.0,0.0,0.0,476.0451354980469,2.775624990463257,74.1,489.0,59.0,365.0,464.8798828125,3.525624990463257,71.4,545.0,59.0,286.0,418.59173583984375,4.025625228881836,71.6,428.0,54.0,255.0,0.0,0.0,0.0,0.0,0.0,0.0,81.50779724121094,0.8381249904632568,77.8,56.0,30.0,365.0,0.0,0.0,0.0,0.0,0.0,0.0,0.0,0.0,0.0,0.0,0.0,0.0,0.0,0.0,0.0,0.0,0.0,0.0
mckenzie2003,2.9,2.9,0.2,45.95000076293945,0.0,45.95000076293945,7,4,531.0,3.03,69.0,0.0,0.0,0.0,0.0,0.0,0.0,0.0,0.0,0.0,0.0,0.0,0.0,0.0,0.0,0.0,0.0,0.0,0.0,530.5543212890625,3.025624990463257,73.3,492.0,69.0,286.0,0.0,0.0,0.0,0.0,0.0,0.0,502.1426086425781,3.072499990463257,75.1,523.0,57.0,365.0,464.8798828125,3.525624990463257,73.2,546.0,55.0,286.0,418.59173583984375,4.025625228881836,73.3,432.0,52.0,255.0,0.0,0.0,0.0,0.0,0.0,0.0,98.53362274169922,1.0412499904632568,78.8,69.0,16.0,365.0,0.0,0.0,0.0,0.0,0.0,0.0,0.0,0.0,0.0,0.0,0.0,0.0,0.0,0.0,0.0,0.0,0.0,0.0
mckenzie2003,2.9,2.9,0.3,67.75,0.0,67.75,7,4,531.0,3.03,61.0,0.0,0.0,0.0,0.0,0.0,0.0,0.0,0.0,0.0,0.0,0.0,0.0,0.0,0.0,0.0,0.0,0.0,0.0,530.5543212890625,3.025624990463257,76.2,492.0,61.0,286.0,0.0,0.0,0.0,0.0,0.0,0.0,509.13128662109375,3.088124990463257,76.8,534.0,42.0,365.0,464.8798828125,3.525624990463257,75.9,546.0,43.0,286.0,417.32720947265625,4.025625228881836,76.2,431.0,45.0,267.0,0.0,0.0,0.0,0.0,0.0,0.0,124.44762420654297,1.3224999904632568,80.3,91.0,15.0,365.0,0.0,0.0,0.0,0.0,0.0,0.0,0.0,0.0,0.0,0.0,0.0,0.0,0.0,0.0,0.0,0.0,0.0,0.0
mckenzie2003,2.9,2.9,0.5,67.75,41.400001525878906,109.1500015258789,7,4,531.0,3.03,8.0,0.0,0.0,0.0,0.0,0.0,0.0,0.0,0.0,0.0,0.0,0.0,0.0,0.0,0.0,0.0,0.0,0.0,0.0,530.5543212890625,3.025624990463257,77.7,492.0,8.0,286.0,0.0,0.0,0.0,0.0,0.0,0.0,511.1210632324219,3.103749990463257,77.7,535.0,3.0,365.0,464.8798828125,3.525624990463257,77.0,546.0,9.0,286.0,415.774658203125,4.025625228881836,77.3,430.0,26.0,281.0,0.0,0.0,0.0,0.0,0.0,0.0,155.90151977539062,1.6818749904632568,80.3,120.0,2.0,365.0,0.0,0.0,0.0,0.0,0.0,0.0,0.0,0.0,0.0,0.0,0.0,0.0,0.0,0.0,0.0,0.0,0.0,0.0
mckenzie2003,2.9,2.9,1.5,67.75,230.8000030517578,298.54998779296875,7,4,531.0,3.03,0.0,0.0,0.0,0.0,0.0,0.0,0.0,0.0,0.0,0.0,0.0,0.0,0.0,0.0,0.0,0.0,0.0,0.0,0.0,530.5543212890625,3.025624990463257,78.7,492.0,0.0,286.0,0.0,0.0,0.0,0.0,0.0,0.0,511.1210632324219,3.103749990463257,78.0,535.0,0.0,365.0,464.8798828125,3.525624990463257,77.2,546.0,0.0,286.0,415.774658203125,4.025625228881836,77.7,430.0,14.0,281.0,0.0,0.0,0.0,0.0,0.0,0.0,192.44036865234375,2.119374990463257,80.3,159.0,0.0,365.0,0.0,0.0,0.0,0.0,0.0,0.0,0.0,0.0,0.0,0.0,0.0,0.0,0.0,0.0,0.0,0.0,0.0,0.0
mckenzie2003,2.8,2.8,0.01,2.369999885559082,0.0,2.369999885559082,4,7,151.0,0.82,55.0,0.0,0.0,0.0,0.0,0.0,0.0,0.0,0.0,0.0,0.0,0.0,0.0,0.0,0.0,0.0,0.0,0.0,0.0,110.30907440185547,0.38499999046325684,63.8,73.0,40.0,286.0,0.0,0.0,0.0,0.0,0.0,0.0,93.98247528076172,0.38499999046325684,65.1,58.0,34.0,365.0,150.9806365966797,0.8224999904632568,62.9,126.0,55.0,286.0,0.0,0.0,0.0,0.0,0.0,0.0,0.0,0.0,0.0,0.0,0.0,0.0,11.131592750549316,0.10374999046325684,64.0,5.0,4.0,365.0,0.0,0.0,0.0,0.0,0.0,0.0,0.0,0.0,0.0,0.0,0.0,0.0,0.0,0.0,0.0,0.0,0.0,0.0
mckenzie2003,2.8,2.8,0.02,4.739999771118164,0.0,4.739999771118164,4,7,249.0,1.57,91.0,0.0,0.0,0.0,0.0,0.0,0.0,0.0,0.0,0.0,0.0,0.0,0.0,0.0,0.0,0.0,0.0,0.0,0.0,185.28408813476562,0.7287499904632568,65.2,136.0,68.0,286.0,0.0,0.0,0.0,0.0,0.0,0.0,157.75674438476562,0.6974999904632568,65.0,112.0,58.0,365.0,248.9775848388672,1.5724999904632568,64.8,235.0,91.0,286.0,0.0,0.0,0.0,0.0,0.0,0.0,0.0,0.0,0.0,0.0,0.0,0.0,17.617948532104492,0.16624999046325684,69.3,10.0,6.0,365.0,0.0,0.0,0.0,0.0,0.0,0.0,0.0,0.0,0.0,0.0,0.0,0.0,0.0,0.0,0.0,0.0,0.0,0.0
mckenzie2003,2.8,2.8,0.03,7.110000133514404,0.0,7.110000133514404,4,7,321.0,2.18,117.0,0.0,0.0,0.0,0.0,0.0,0.0,0.0,0.0,0.0,0.0,0.0,0.0,0.0,0.0,0.0,0.0,0.0,0.0,254.2849884033203,1.1037499904632568,65.9,194.0,93.0,286.0,0.0,0.0,0.0,0.0,0.0,0.0,213.92515563964844,1.0256249904632568,68.4,162.0,78.0,365.0,321.28265380859375,2.181874990463257,65.5,333.0,117.0,286.0,0.0,0.0,0.0,0.0,0.0,0.0,0.0,0.0,0.0,0.0,0.0,0.0,23.83452796936035,0.24437499046325684,73.0,14.0,9.0,365.0,0.0,0.0,0.0,0.0,0.0,0.0,0.0,0.0,0.0,0.0,0.0,0.0,0.0,0.0,0.0,0.0,0.0,0.0
mckenzie2003,2.8,2.8,0.04,9.479999542236328,0.0,9.479999542236328,4,7,372.0,2.7,136.0,0.0,0.0,0.0,0.0,0.0,0.0,0.0,0.0,0.0,0.0,0.0,0.0,0.0,0.0,0.0,0.0,0.0,0.0,315.149658203125,1.4943749904632568,66.3,248.0,115.0,286.0,0.0,0.0,0.0,0.0,0.0,0.0,262.28759765625,1.3068749904632568,69.2,207.0,96.0,365.0,371.7194519042969,2.697499990463257,65.7,418.0,136.0,286.0,291.0998229980469,2.275624990463257,66.3,246.0,106.0,194.0,0.0,0.0,0.0,0.0,0.0,0.0,29.829851150512695,0.29124999046325684,73.7,18.0,11.0,365.0,0.0,0.0,0.0,0.0,0.0,0.0,0.0,0.0,0.0,0.0,0.0,0.0,0.0,0.0,0.0,0.0,0.0,0.0
mckenzie2003,2.8,2.8,0.05,11.850000381469727,0.0,11.850000381469727,4,7,405.0,2.95,148.0,0.0,0.0,0.0,0.0,0.0,0.0,0.0,0.0,0.0,0.0,0.0,0.0,0.0,0.0,0.0,0.0,0.0,0.0,366.1291198730469,1.8381249904632568,66.7,298.0,134.0,286.0,0.0,0.0,0.0,0.0,0.0,0.0,303.3247985839844,1.5412499904632568,70.0,248.0,111.0,365.0,404.99993896484375,2.947499990463257,65.9,481.0,148.0,286.0,342.3809814453125,2.744374990463257,66.7,294.0,125.0,239.0,0.0,0.0,0.0,0.0,0.0,0.0,35.55531692504883,0.35374999046325684,74.5,22.0,13.0,365.0,0.0,0.0,0.0,0.0,0.0,0.0,0.0,0.0,0.0,0.0,0.0,0.0,0.0,0.0,0.0,0.0,0.0,0.0
mckenzie2003,2.8,2.8,0.06,14.170000076293945,0.0,14.170000076293945,4,7,445.0,3.35,162.0,0.0,0.0,0.0,0.0,0.0,0.0,0.0,0.0,0.0,0.0,0.0,0.0,0.0,0.0,0.0,0.0,0.0,0.0,407.04754638671875,2.119374990463257,67.2,343.0,149.0,286.0,0.0,0.0,0.0,0.0,0.0,0.0,337.8393859863281,1.8068749904632568,70.6,286.0,123.0,365.0,444.83734130859375,3.353749990463257,66.3,521.0,162.0,286.0,371.5225524902344,3.041249990463257,67.2,331.0,136.0,240.0,0.0,0.0,0.0,0.0,0.0,0.0,41.040340423583984,0.41624999046325684,74.9,26.0,15.0,365.0,0.0,0.0,0.0,0.0,0.0,0.0,0.0,0.0,0.0,0.0,0.0,0.0,0.0,0.0,0.0,0.0,0.0,0.0
mckenzie2003,2.8,2.8,0.08,18.809999465942383,0.0,18.809999465942383,4,7,462.0,3.51,165.0,0.0,0.0,0.0,0.0,0.0,0.0,0.0,0.0,0.0,0.0,0.0,0.0,0.0,0.0,0.0,0.0,0.0,0.0,464.247314453125,2.541249990463257,68.3,419.0,169.0,286.0,0.0,0.0,0.0,0.0,0.0,0.0,390.2309875488281,2.119374990463257,71.7,351.0,139.0,365.0,462.02911376953125,3.509999990463257,67.4,536.0,165.0,286.0,408.18231201171875,3.463124990463257,68.2,388.0,149.0,244.0,0.0,0.0,0.0,0.0,0.0,0.0,51.31707000732422,0.5256249904632568,75.8,33.0,19.0,365.0,0.0,0.0,0.0,0.0,0.0,0.0,0.0,0.0,0.0,0.0,0.0,0.0,0.0,0.0,0.0,0.0,0.0,0.0
mckenzie2003,2.8,2.8,0.1,23.450000762939453,0.0,23.450000762939453,4,7,464.0,3.53,68.0,0.0,0.0,0.0,0.0,0.0,0.0,0.0,0.0,0.0,0.0,0.0,0.0,0.0,0.0,0.0,0.0,0.0,0.0,504.043701171875,2.822499990463257,69.3,470.0,184.0,286.0,0.0,0.0,0.0,0.0,0.0,0.0,426.2242126464844,2.400624990463257,72.5,403.0,55.0,365.0,463.8954162597656,3.525624990463257,69.0,539.0,68.0,286.0,414.4802551269531,4.025625228881836,69.3,421.0,148.0,251.0,0.0,0.0,0.0,0.0,0.0,0.0,60.81574249267578,0.6349999904632568,76.5,40.0,22.0,365.0,0.0,0.0,0.0,0.0,0.0,0.0,0.0,0.0,0.0,0.0,0.0,0.0,0.0,0.0,0.0,0.0,0.0,0.0
mckenzie2003,2.8,2.8,0.12,28.09000015258789,0.0,28.09000015258789,4,7,464.0,3.53,60.0,0.0,0.0,0.0,0.0,0.0,0.0,0.0,0.0,0.0,0.0,0.0,0.0,0.0,0.0,0.0,0.0,0.0,0.0,523.8378295898438,2.994374990463257,70.3,483.0,190.0,286.0,0.0,0.0,0.0,0.0,0.0,0.0,451.27301025390625,2.634999990463257,73.3,445.0,58.0,365.0,463.8954162597656,3.525624990463257,70.0,541.0,60.0,286.0,414.310546875,4.025625228881836,70.4,423.0,61.0,255.0,0.0,0.0,0.0,0.0,0.0,0.0,69.54387664794922,0.7287499904632568,77.1,47.0,25.0,365.0,0.0,0.0,0.0,0.0,0.0,0.0,0.0,0.0,0.0,0.0,0.0,0.0,0.0,0.0,0.0,0.0,0.0,0.0
mckenzie2003,2.8,2.8,0.15,35.04999923706055,0.0,35.04999923706055,7,4,527.0,3.01,100.0,0.0,0.0,0.0,0.0,0.0,0.0,0.0,0.0,0.0,0.0,0.0,0.0,0.0,0.0,0.0,0.0,0.0,0.0,526.6680297851562,3.009999990463257,71.8,489.0,100.0,286.0,0.0,0.0,0.0,0.0,0.0,0.0,476.22967529296875,2.806874990463257,74.3,489.0,59.0,365.0,463.8954162597656,3.525624990463257,71.7,543.0,58.0,286.0,414.310546875,4.025625228881836,71.8,426.0,54.0,255.0,0.0,0.0,0.0,0.0,0.0,0.0,81.4425277709961,0.8537499904632568,77.9,56.0,30.0,365.0,0.0,0.0,0.0,0.0,0.0,0.0,0.0,0.0,0.0,0.0,0.0,0.0,0.0,0.0,0.0,0.0,0.0,0.0
mckenzie2003,2.8,2.8,0.2,45.95000076293945,0.0,45.95000076293945,7,4,527.0,3.01,68.0,0.0,0.0,0.0,0.0,0.0,0.0,0.0,0.0,0.0,0.0,0.0,0.0,0.0,0.0,0.0,0.0,0.0,0.0,526.6680297851562,3.009999990463257,73.8,490.0,68.0,286.0,0.0,0.0,0.0,0.0,0.0,0.0,502.03631591796875,3.025624990463257,75.2,523.0,57.0,365.0,463.8954162597656,3.525624990463257,73.6,544.0,55.0,286.0,414.310546875,4.025625228881836,73.6,429.0,52.0,255.0,0.0,0.0,0.0,0.0,0.0,0.0,98.40169525146484,1.0256249904632568,78.8,69.0,16.0,365.0,0.0,0.0,0.0,0.0,0.0,0.0,0.0,0.0,0.0,0.0,0.0,0.0,0.0,0.0,0.0,0.0,0.0,0.0
mckenzie2003,2.8,2.8,0.3,67.75,0.0,67.75,7,4,527.0,3.01,60.0,0.0,0.0,0.0,0.0,0.0,0.0,0.0,0.0,0.0,0.0,0.0,0.0,0.0,0.0,0.0,0.0,0.0,0.0,526.6680297851562,3.009999990463257,76.3,490.0,60.0,286.0,0.0,0.0,0.0,0.0,0.0,0.0,508.872314453125,3.072499990463257,76.9,533.0,42.0,365.0,463.8954162597656,3.525624990463257,76.1,544.0,42.0,286.0,413.04437255859375,4.025625228881836,76.3,429.0,45.0,267.0,0.0,0.0,0.0,0.0,0.0,0.0,124.17431640625,1.3224999904632568,80.3,91.0,15.0,365.0,0.0,0.0,0.0,0.0,0.0,0.0,0.0,0.0,0.0,0.0,0.0,0.0,0.0,0.0,0.0,0.0,0.0,0.0
mckenzie2003,2.8,2.8,0.5,67.75,41.400001525878906,109.1500015258789,7,4,527.0,3.01,8.0,0.0,0.0,0.0,0.0,0.0,0.0,0.0,0.0,0.0,0.0,0.0,0.0,0.0,0.0,0.0,0.0,0.0,0.0,526.6680297851562,3.009999990463257,77.9,490.0,8.0,286.0,0.0,0.0,0.0,0.0,0.0,0.0,509.82354736328125,3.134999990463257,77.9,533.0,3.0,365.0,463.8954162597656,3.525624990463257,77.1,544.0,9.0,286.0,411.490234375,4.025625228881836,77.5,427.0,25.0,281.0,0.0,0.0,0.0,0.0,0.0,0.0,155.2715606689453,1.6506249904632568,80.3,119.0,2.0,365.0,0.0,0.0,0.0,0.0,0.0,0.0,0.0,0.0,0.0,0.0,0.0,0.0,0.0,0.0,0.0,0.0,0.0,0.0
mckenzie2003,2.8,2.8,1.5,67.75,230.8000030517578,298.54998779296875,7,4,527.0,3.01,0.0,0.0,0.0,0.0,0.0,0.0,0.0,0.0,0.0,0.0,0.0,0.0,0.0,0.0,0.0,0.0,0.0,0.0,0.0,526.6680297851562,3.009999990463257,78.8,490.0,0.0,286.0,0.0,0.0,0.0,0.0,0.0,0.0,509.82354736328125,3.134999990463257,78.2,533.0,0.0,365.0,463.8954162597656,3.525624990463257,77.5,544.0,0.0,286.0,411.490234375,4.025625228881836,77.8,427.0,14.0,281.0,0.0,0.0,0.0,0.0,0.0,0.0,191.41705322265625,2.072499990463257,80.3,158.0,0.0,365.0,0.0,0.0,0.0,0.0,0.0,0.0,0.0,0.0,0.0,0.0,0.0,0.0,0.0,0.0,0.0,0.0,0.0,0.0
mckenzie2003,2.7,2.7,0.01,2.369999885559082,0.0,2.369999885559082,4,7,152.0,0.84,55.0,0.0,0.0,0.0,0.0,0.0,0.0,0.0,0.0,0.0,0.0,0.0,0.0,0.0,0.0,0.0,0.0,0.0,0.0,111.384033203125,0.38499999046325684,63.7,73.0,41.0,286.0,0.0,0.0,0.0,0.0,0.0,0.0,94.56626892089844,0.38499999046325684,65.1,58.0,35.0,365.0,151.8812255859375,0.8381249904632568,63.2,126.0,55.0,286.0,0.0,0.0,0.0,0.0,0.0,0.0,0.0,0.0,0.0,0.0,0.0,0.0,11.263846397399902,0.10374999046325684,64.1,5.0,4.0,365.0,0.0,0.0,0.0,0.0,0.0,0.0,0.0,0.0,0.0,0.0,0.0,0.0,0.0,0.0,0.0,0.0,0.0,0.0
mckenzie2003,2.7,2.7,0.02,4.739999771118164,0.0,4.739999771118164,4,7,251.0,1.57,92.0,0.0,0.0,0.0,0.0,0.0,0.0,0.0,0.0,0.0,0.0,0.0,0.0,0.0,0.0,0.0,0.0,0.0,0.0,187.27691650390625,0.7287499904632568,65.3,136.0,68.0,286.0,0.0,0.0,0.0,0.0,0.0,0.0,159.0301971435547,0.7287499904632568,65.1,112.0,58.0,365.0,250.71240234375,1.5724999904632568,64.2,233.0,92.0,286.0,0.0,0.0,0.0,0.0,0.0,0.0,0.0,0.0,0.0,0.0,0.0,0.0,17.85134506225586,0.16624999046325684,69.4,10.0,7.0,365.0,0.0,0.0,0.0,0.0,0.0,0.0,0.0,0.0,0.0,0.0,0.0,0.0,0.0,0.0,0.0,0.0,0.0,0.0
mckenzie2003,2.7,2.7,0.03,7.110000133514404,0.0,7.110000133514404,4,7,323.0,2.2,118.0,0.0,0.0,0.0,0.0,0.0,0.0,0.0,0.0,0.0,0.0,0.0,0.0,0.0,0.0,0.0,0.0,0.0,0.0,257.3149108886719,1.1193749904632568,65.7,194.0,94.0,286.0,0.0,0.0,0.0,0.0,0.0,0.0,215.83917236328125,1.0256249904632568,68.3,162.0,79.0,365.0,323.3664245605469,2.197499990463257,65.3,332.0,118.0,286.0,0.0,0.0,0.0,0.0,0.0,0.0,0.0,0.0,0.0,0.0,0.0,0.0,24.18731117248535,0.24437499046325684,72.9,14.0,9.0,365.0,0.0,0.0,0.0,0.0,0.0,0.0,0.0,0.0,0.0,0.0,0.0,0.0,0.0,0.0,0.0,0.0,0.0,0.0
mckenzie2003,2.7,2.7,0.04,9.479999542236328,0.0,9.479999542236328,4,7,374.0,2.71,136.0,0.0,0.0,0.0,0.0,0.0,0.0,0.0,0.0,0.0,0.0,0.0,0.0,0.0,0.0,0.0,0.0,0.0,0.0,318.66705322265625,1.5256249904632568,66.3,248.0,116.0,286.0,0.0,0.0,0.0,0.0,0.0,0.0,264.7026672363281,1.3224999904632568,69.3,207.0,97.0,365.0,373.6856994628906,2.713124990463257,65.6,417.0,136.0,286.0,292.6687316894531,2.259999990463257,66.3,246.0,107.0,193.0,0.0,0.0,0.0,0.0,0.0,0.0,30.273391723632812,0.30687499046325684,73.8,18.0,11.0,365.0,0.0,0.0,0.0,0.0,0.0,0.0,0.0,0.0,0.0,0.0,0.0,0.0,0.0,0.0,0.0,0.0,0.0,0.0
mckenzie2003,2.7,2.7,0.05,11.850000381469727,0.0,11.850000381469727,4,7,407.0,2.92,149.0,0.0,0.0,0.0,0.0,0.0,0.0,0.0,0.0,0.0,0.0,0.0,0.0,0.0,0.0,0.0,0.0,0.0,0.0,370.0604248046875,1.8537499904632568,66.7,298.0,135.0,286.0,0.0,0.0,0.0,0.0,0.0,0.0,306.0504455566406,1.5724999904632568,70.0,248.0,112.0,365.0,407.105224609375,2.916249990463257,65.8,480.0,149.0,286.0,346.977294921875,2.681874990463257,66.6,293.0,127.0,239.0,0.0,0.0,0.0,0.0,0.0,0.0,36.079891204833984,0.35374999046325684,74.5,22.0,13.0,365.0,0.0,0.0,0.0,0.0,0.0,0.0,0.0,0.0,0.0,0.0,0.0,0.0,0.0,0.0,0.0,0.0,0.0,0.0
mckenzie2003,2.7,2.7,0.06,14.170000076293945,0.0,14.170000076293945,4,7,447.0,3.37,163.0,0.0,0.0,0.0,0.0,0.0,0.0,0.0,0.0,0.0,0.0,0.0,0.0,0.0,0.0,0.0,0.0,0.0,0.0,411.320068359375,2.134999990463257,67.1,343.0,150.0,286.0,0.0,0.0,0.0,0.0,0.0,0.0,340.6954650878906,1.8068749904632568,70.7,285.0,124.0,365.0,446.5919189453125,3.369374990463257,66.2,519.0,163.0,286.0,376.1539611816406,3.072499990463257,66.9,331.0,137.0,240.0,0.0,0.0,0.0,0.0,0.0,0.0,41.660072326660156,0.41624999046325684,75.0,26.0,15.0,365.0,0.0,0.0,0.0,0.0,0.0,0.0,0.0,0.0,0.0,0.0,0.0,0.0,0.0,0.0,0.0,0.0,0.0,0.0
mckenzie2003,2.7,2.7,0.08,18.809999465942383,0.0,18.809999465942383,4,7,464.0,3.53,166.0,0.0,0.0,0.0,0.0,0.0,0.0,0.0,0.0,0.0,0.0,0.0,0.0,0.0,0.0,0.0,0.0,0.0,0.0,468.6229248046875,2.541249990463257,68.3,418.0,171.0,286.0,0.0,0.0,0.0,0.0,0.0,0.0,393.2757568359375,2.166249990463257,71.5,350.0,140.0,365.0,463.6558532714844,3.525624990463257,67.3,535.0,166.0,286.0,412.9453430175781,3.478749990463257,68.1,388.0,151.0,244.0,0.0,0.0,0.0,0.0,0.0,0.0,52.121761322021484,0.5412499904632568,75.8,33.0,19.0,365.0,0.0,0.0,0.0,0.0,0.0,0.0,0.0,0.0,0.0,0.0,0.0,0.0,0.0,0.0,0.0,0.0,0.0,0.0
mckenzie2003,2.7,2.7,0.1,23.450000762939453,0.0,23.450000762939453,4,7,466.0,3.53,71.0,0.0,0.0,0.0,0.0,0.0,0.0,0.0,0.0,0.0,0.0,0.0,0.0,0.0,0.0,0.0,0.0,0.0,0.0,508.510009765625,2.822499990463257,69.3,469.0,186.0,286.0,0.0,0.0,0.0,0.0,0.0,0.0,429.3762512207031,2.447499990463257,72.4,402.0,56.0,365.0,466.01806640625,3.525624990463257,68.6,538.0,71.0,286.0,419.9175109863281,4.025625228881836,69.3,420.0,150.0,251.0,0.0,0.0,0.0,0.0,0.0,0.0,61.79168701171875,0.6193749904632568,76.6,40.0,23.0,365.0,0.0,0.0,0.0,0.0,0.0,0.0,0.0,0.0,0.0,0.0,0.0,0.0,0.0,0.0,0.0,0.0,0.0,0.0
mckenzie2003,2.7,2.7,0.12,28.09000015258789,0.0,28.09000015258789,4,7,466.0,3.53,61.0,0.0,0.0,0.0,0.0,0.0,0.0,0.0,0.0,0.0,0.0,0.0,0.0,0.0,0.0,0.0,0.0,0.0,0.0,527.8884887695312,2.994374990463257,70.3,483.0,192.0,286.0,0.0,0.0,0.0,0.0,0.0,0.0,454.32080078125,2.634999990463257,73.3,443.0,59.0,365.0,466.01806640625,3.525624990463257,70.0,540.0,61.0,286.0,419.79425048828125,4.025625228881836,70.3,423.0,63.0,254.0,0.0,0.0,0.0,0.0,0.0,0.0,70.68648529052734,0.7131249904632568,77.2,47.0,26.0,365.0,0.0,0.0,0.0,0.0,0.0,0.0,0.0,0.0,0.0,0.0,0.0,0.0,0.0,0.0,0.0,0.0,0.0,0.0
mckenzie2003,2.7,2.7,0.15,35.04999923706055,0.0,35.04999923706055,7,4,532.0,3.04,100.0,0.0,0.0,0.0,0.0,0.0,0.0,0.0,0.0,0.0,0.0,0.0,0.0,0.0,0.0,0.0,0.0,0.0,0.0,531.728759765625,3.041249990463257,71.7,490.0,100.0,286.0,0.0,0.0,0.0,0.0,0.0,0.0,479.21820068359375,2.806874990463257,74.2,487.0,60.0,365.0,466.01806640625,3.525624990463257,71.4,542.0,59.0,286.0,419.79425048828125,4.025625228881836,71.8,426.0,55.0,254.0,0.0,0.0,0.0,0.0,0.0,0.0,82.72450256347656,0.8381249904632568,77.9,56.0,30.0,365.0,0.0,0.0,0.0,0.0,0.0,0.0,0.0,0.0,0.0,0.0,0.0,0.0,0.0,0.0,0.0,0.0,0.0,0.0
mckenzie2003,2.7,2.7,0.2,45.95000076293945,0.0,45.95000076293945,7,4,532.0,3.04,69.0,0.0,0.0,0.0,0.0,0.0,0.0,0.0,0.0,0.0,0.0,0.0,0.0,0.0,0.0,0.0,0.0,0.0,0.0,531.728759765625,3.041249990463257,73.7,490.0,69.0,286.0,0.0,0.0,0.0,0.0,0.0,0.0,504.7085876464844,3.041249990463257,75.2,521.0,57.0,365.0,466.01806640625,3.525624990463257,73.5,543.0,55.0,286.0,419.79425048828125,4.025625228881836,73.3,429.0,52.0,254.0,0.0,0.0,0.0,0.0,0.0,0.0,100.00991821289062,1.0256249904632568,78.8,69.0,16.0,365.0,0.0,0.0,0.0,0.0,0.0,0.0,0.0,0.0,0.0,0.0,0.0,0.0,0.0,0.0,0.0,0.0,0.0,0.0
mckenzie2003,2.7,2.7,0.3,67.75,0.0,67.75,7,4,532.0,3.04,61.0,0.0,0.0,0.0,0.0,0.0,0.0,0.0,0.0,0.0,0.0,0.0,0.0,0.0,0.0,0.0,0.0,0.0,0.0,531.728759765625,3.041249990463257,76.2,490.0,61.0,286.0,0.0,0.0,0.0,0.0,0.0,0.0,511.4012756347656,3.134999990463257,76.9,532.0,43.0,365.0,466.01806640625,3.525624990463257,75.9,543.0,43.0,286.0,418.42962646484375,4.025625228881836,76.4,429.0,45.0,267.0,0.0,0.0,0.0,0.0,0.0,0.0,126.1889419555664,1.3537499904632568,80.3,91.0,16.0,365.0,0.0,0.0,0.0,0.0,0.0,0.0,0.0,0.0,0.0,0.0,0.0,0.0,0.0,0.0,0.0,0.0,0.0,0.0
mckenzie2003,2.7,2.7,0.5,67.75,41.400001525878906,109.1500015258789,7,4,532.0,3.04,8.0,0.0,0.0,0.0,0.0,0.0,0.0,0.0,0.0,0.0,0.0,0.0,0.0,0.0,0.0,0.0,0.0,0.0,0.0,531.728759765625,3.041249990463257,78.0,490.0,8.0,286.0,0.0,0.0,0.0,0.0,0.0,0.0,512.968505859375,3.119374990463257,77.7,532.0,2.0,365.0,466.01806640625,3.525624990463257,77.1,543.0,9.0,286.0,416.99957275390625,4.025625228881836,77.7,427.0,25.0,280.0,0.0,0.0,0.0,0.0,0.0,0.0,157.82835388183594,1.7131249904632568,80.3,120.0,2.0,365.0,0.0,0.0,0.0,0.0,0.0,0.0,0.0,0.0,0.0,0.0,0.0,0.0,0.0,0.0,0.0,0.0,0.0,0.0
mckenzie2003,2.7,2.7,1.5,67.75,230.8000030517578,298.54998779296875,7,4,532.0,3.04,0.0,0.0,0.0,0.0,0.0,0.0,0.0,0.0,0.0,0.0,0.0,0.0,0.0,0.0,0.0,0.0,0.0,0.0,0.0,531.728759765625,3.041249990463257,78.6,490.0,0.0,286.0,0.0,0.0,0.0,0.0,0.0,0.0,512.968505859375,3.119374990463257,77.9,532.0,0.0,365.0,466.01806640625,3.525624990463257,77.5,543.0,0.0,286.0,416.99957275390625,4.025625228881836,77.7,427.0,14.0,280.0,0.0,0.0,0.0,0.0,0.0,0.0,194.5906982421875,2.134999990463257,80.4,159.0,0.0,365.0,0.0,0.0,0.0,0.0,0.0,0.0,0.0,0.0,0.0,0.0,0.0,0.0,0.0,0.0,0.0,0.0,0.0,0.0
mckenzie2003,2.6,2.6,0.01,2.369999885559082,0.0,2.369999885559082,4,7,150.0,0.81,55.0,0.0,0.0,0.0,0.0,0.0,0.0,0.0,0.0,0.0,0.0,0.0,0.0,0.0,0.0,0.0,0.0,0.0,0.0,110.1280517578125,0.38499999046325684,63.2,72.0,40.0,286.0,0.0,0.0,0.0,0.0,0.0,0.0,93.30313110351562,0.38499999046325684,65.0,58.0,34.0,365.0,150.04246520996094,0.8068749904632568,63.0,126.0,55.0,286.0,0.0,0.0,0.0,0.0,0.0,0.0,0.0,0.0,0.0,0.0,0.0,0.0,11.088333129882812,0.10374999046325684,63.9,5.0,4.0,365.0,0.0,0.0,0.0,0.0,0.0,0.0,0.0,0.0,0.0,0.0,0.0,0.0,0.0,0.0,0.0,0.0,0.0,0.0
mckenzie2003,2.6,2.6,0.02,4.739999771118164,0.0,4.739999771118164,4,7,247.0,1.54,90.0,0.0,0.0,0.0,0.0,0.0,0.0,0.0,0.0,0.0,0.0,0.0,0.0,0.0,0.0,0.0,0.0,0.0,0.0,184.7779998779297,0.7443749904632568,65.1,136.0,67.0,286.0,0.0,0.0,0.0,0.0,0.0,0.0,156.6330108642578,0.6974999904632568,65.0,111.0,57.0,365.0,247.45860290527344,1.5412499904632568,64.1,233.0,90.0,286.0,0.0,0.0,0.0,0.0,0.0,0.0,0.0,0.0,0.0,0.0,0.0,0.0,17.541528701782227,0.16624999046325684,69.2,10.0,6.0,365.0,0.0,0.0,0.0,0.0,0.0,0.0,0.0,0.0,0.0,0.0,0.0,0.0,0.0,0.0,0.0,0.0,0.0,0.0
mckenzie2003,2.6,2.6,0.03,7.110000133514404,0.0,7.110000133514404,4,7,319.0,2.14,117.0,0.0,0.0,0.0,0.0,0.0,0.0,0.0,0.0,0.0,0.0,0.0,0.0,0.0,0.0,0.0,0.0,0.0,0.0,253.63246154785156,1.1193749904632568,65.7,194.0,93.0,286.0,0.0,0.0,0.0,0.0,0.0,0.0,212.44256591796875,1.0099999904632568,68.3,161.0,78.0,365.0,319.45806884765625,2.134999990463257,65.3,333.0,117.0,286.0,0.0,0.0,0.0,0.0,0.0,0.0,0.0,0.0,0.0,0.0,0.0,0.0,23.740013122558594,0.22874999046325684,72.9,14.0,9.0,365.0,0.0,0.0,0.0,0.0,0.0,0.0,0.0,0.0,0.0,0.0,0.0,0.0,0.0,0.0,0.0,0.0,0.0,0.0
mckenzie2003,2.6,2.6,0.04,9.479999542236328,0.0,9.479999542236328,4,7,370.0,2.64,135.0,0.0,0.0,0.0,0.0,0.0,0.0,0.0,0.0,0.0,0.0,0.0,0.0,0.0,0.0,0.0,0.0,0.0,0.0,314.3883056640625,1.4787499904632568,66.3,248.0,115.0,286.0,0.0,0.0,0.0,0.0,0.0,0.0,260.5395202636719,1.3068749904632568,69.2,206.0,95.0,365.0,369.6495666503906,2.634999990463257,65.4,417.0,135.0,286.0,288.88092041015625,2.259999990463257,66.3,246.0,105.0,193.0,0.0,0.0,0.0,0.0,0.0,0.0,29.682783126831055,0.29124999046325684,73.7,18.0,11.0,365.0,0.0,0.0,0.0,0.0,0.0,0.0,0.0,0.0,0.0,0.0,0.0,0.0,0.0,0.0,0.0,0.0,0.0,0.0
mckenzie2003,2.6,2.6,0.05,11.850000381469727,0.0,11.850000381469727,4,7,403.0,2.92,147.0,0.0,0.0,0.0,0.0,0.0,0.0,0.0,0.0,0.0,0.0,0.0,0.0,0.0,0.0,0.0,0.0,0.0,0.0,365.41070556640625,1.8537499904632568,66.7,297.0,133.0,286.0,0.0,0.0,0.0,0.0,0.0,0.0,301.4262390136719,1.5568749904632568,69.8,248.0,110.0,365.0,403.31451416015625,2.916249990463257,65.8,480.0,147.0,286.0,341.852783203125,2.713124990463257,66.4,293.0,125.0,239.0,0.0,0.0,0.0,0.0,0.0,0.0,35.379093170166016,0.35374999046325684,74.5,22.0,13.0,365.0,0.0,0.0,0.0,0.0,0.0,0.0,0.0,0.0,0.0,0.0,0.0,0.0,0.0,0.0,0.0,0.0,0.0,0.0
mckenzie2003,2.6,2.6,0.06,14.170000076293945,0.0,14.170000076293945,4,7,443.0,3.34,162.0,0.0,0.0,0.0,0.0,0.0,0.0,0.0,0.0,0.0,0.0,0.0,0.0,0.0,0.0,0.0,0.0,0.0,0.0,406.5382385253906,2.119374990463257,67.1,343.0,148.0,286.0,0.0,0.0,0.0,0.0,0.0,0.0,335.72808837890625,1.8224999904632568,70.6,286.0,123.0,365.0,443.4681091308594,3.338124990463257,66.0,519.0,162.0,286.0,370.9415588378906,3.025624990463257,66.9,330.0,135.0,240.0,0.0,0.0,0.0,0.0,0.0,0.0,40.87044143676758,0.41624999046325684,75.0,26.0,15.0,365.0,0.0,0.0,0.0,0.0,0.0,0.0,0.0,0.0,0.0,0.0,0.0,0.0,0.0,0.0,0.0,0.0,0.0,0.0
mckenzie2003,2.6,2.6,0.08,18.809999465942383,0.0,18.809999465942383,4,7,461.0,3.45,165.0,0.0,0.0,0.0,0.0,0.0,0.0,0.0,0.0,0.0,0.0,0.0,0.0,0.0,0.0,0.0,0.0,0.0,0.0,464.0472717285156,2.525624990463257,68.2,418.0,169.0,286.0,0.0,0.0,0.0,0.0,0.0,0.0,387.9455871582031,2.134999990463257,71.5,350.0,138.0,365.0,460.8107604980469,3.447499990463257,67.2,536.0,165.0,286.0,408.264404296875,3.463124990463257,67.9,388.0,149.0,243.0,0.0,0.0,0.0,0.0,0.0,0.0,51.117332458496094,0.5256249904632568,75.8,33.0,19.0,365.0,0.0,0.0,0.0,0.0,0.0,0.0,0.0,0.0,0.0,0.0,0.0,0.0,0.0,0.0,0.0,0.0,0.0,0.0
mckenzie2003,2.6,2.6,0.1,23.450000762939453,0.0,23.450000762939453,4,7,463.0,3.45,70.0,0.0,0.0,0.0,0.0,0.0,0.0,0.0,0.0,0.0,0.0,0.0,0.0,0.0,0.0,0.0,0.0,0.0,0.0,504.22216796875,2.791249990463257,69.2,469.0,184.0,286.0,0.0,0.0,0.0,0.0,0.0,0.0,423.8990783691406,2.400624990463257,72.3,402.0,55.0,365.0,463.3130187988281,3.447499990463257,68.6,539.0,70.0,286.0,415.4886779785156,4.025625228881836,69.0,422.0,148.0,251.0,0.0,0.0,0.0,0.0,0.0,0.0,60.588096618652344,0.6193749904632568,76.5,40.0,22.0,365.0,0.0,0.0,0.0,0.0,0.0,0.0,0.0,0.0,0.0,0.0,0.0,0.0,0.0,0.0,0.0,0.0,0.0,0.0
mckenzie2003,2.6,2.6,0.12,28.09000015258789,0.0,28.09000015258789,4,7,463.0,3.45,60.0,0.0,0.0,0.0,0.0,0.0,0.0,0.0,0.0,0.0,0.0,0.0,0.0,0.0,0.0,0.0,0.0,0.0,0.0,524.2802124023438,2.978749990463257,70.2,483.0,190.0,286.0,0.0,0.0,0.0,0.0,0.0,0.0,449.00457763671875,2.588124990463257,73.2,443.0,58.0,365.0,463.3130187988281,3.447499990463257,69.8,541.0,60.0,286.0,415.319091796875,4.025625228881836,70.2,424.0,62.0,255.0,0.0,0.0,0.0,0.0,0.0,0.0,69.3025894165039,0.6974999904632568,77.2,46.0,25.0,365.0,0.0,0.0,0.0,0.0,0.0,0.0,0.0,0.0,0.0,0.0,0.0,0.0,0.0,0.0,0.0,0.0,0.0,0.0
mckenzie2003,2.6,2.6,0.15,35.04999923706055,0.0,35.04999923706055,7,4,528.0,3.06,104.0,0.0,0.0,0.0,0.0,0.0,0.0,0.0,0.0,0.0,0.0,0.0,0.0,0.0,0.0,0.0,0.0,0.0,0.0,528.2672119140625,3.056874990463257,71.6,490.0,104.0,286.0,0.0,0.0,0.0,0.0,0.0,0.0,474.13970947265625,2.806874990463257,74.0,488.0,59.0,365.0,463.3130187988281,3.447499990463257,71.4,543.0,58.0,286.0,415.319091796875,4.025625228881836,71.6,427.0,54.0,255.0,0.0,0.0,0.0,0.0,0.0,0.0,81.13522338867188,0.8381249904632568,77.9,55.0,30.0,365.0,0.0,0.0,0.0,0.0,0.0,0.0,0.0,0.0,0.0,0.0,0.0,0.0,0.0,0.0,0.0,0.0,0.0,0.0
mckenzie2003,2.6,2.6,0.2,45.95000076293945,0.0,45.95000076293945,7,4,528.0,3.06,69.0,0.0,0.0,0.0,0.0,0.0,0.0,0.0,0.0,0.0,0.0,0.0,0.0,0.0,0.0,0.0,0.0,0.0,0.0,528.2672119140625,3.056874990463257,73.7,491.0,69.0,286.0,0.0,0.0,0.0,0.0,0.0,0.0,500.098388671875,3.025624990463257,75.1,522.0,57.0,365.0,463.3130187988281,3.447499990463257,73.5,544.0,55.0,286.0,415.319091796875,4.025625228881836,73.3,430.0,52.0,255.0,0.0,0.0,0.0,0.0,0.0,0.0,98.10873413085938,1.0256249904632568,78.7,69.0,16.0,365.0,0.0,0.0,0.0,0.0,0.0,0.0,0.0,0.0,0.0,0.0,0.0,0.0,0.0,0.0,0.0,0.0,0.0,0.0
mckenzie2003,2.6,2.6,0.3,67.75,0.0,67.75,7,4,528.0,3.06,61.0,0.0,0.0,0.0,0.0,0.0,0.0,0.0,0.0,0.0,0.0,0.0,0.0,0.0,0.0,0.0,0.0,0.0,0.0,528.2672119140625,3.056874990463257,76.1,491.0,61.0,286.0,0.0,0.0,0.0,0.0,0.0,0.0,507.3131408691406,3.088124990463257,76.8,533.0,43.0,365.0,463.3130187988281,3.447499990463257,75.7,544.0,42.0,286.0,414.0634765625,4.025625228881836,76.2,430.0,45.0,267.0,0.0,0.0,0.0,0.0,0.0,0.0,123.80435180664062,1.2912499904632568,80.3,90.0,15.0,365.0,0.0,0.0,0.0,0.0,0.0,0.0,0.0,0.0,0.0,0.0,0.0,0.0,0.0,0.0,0.0,0.0,0.0,0.0
mckenzie2003,2.6,2.6,0.5,67.75,41.400001525878906,109.1500015258789,7,4,528.0,3.06,8.0,0.0,0.0,0.0,0.0,0.0,0.0,0.0,0.0,0.0,0.0,0.0,0.0,0.0,0.0,0.0,0.0,0.0,0.0,528.2672119140625,3.056874990463257,78.0,491.0,8.0,286.0,0.0,0.0,0.0,0.0,0.0,0.0,508.7278747558594,3.134999990463257,77.7,533.0,3.0,365.0,463.3130187988281,3.447499990463257,77.0,544.0,9.0,286.0,412.5228271484375,4.025625228881836,77.4,429.0,25.0,281.0,0.0,0.0,0.0,0.0,0.0,0.0,155.00997924804688,1.6662499904632568,80.3,120.0,2.0,365.0,0.0,0.0,0.0,0.0,0.0,0.0,0.0,0.0,0.0,0.0,0.0,0.0,0.0,0.0,0.0,0.0,0.0,0.0
mckenzie2003,2.6,2.6,1.5,67.75,230.8000030517578,298.54998779296875,7,4,528.0,3.06,0.0,0.0,0.0,0.0,0.0,0.0,0.0,0.0,0.0,0.0,0.0,0.0,0.0,0.0,0.0,0.0,0.0,0.0,0.0,528.2672119140625,3.056874990463257,78.5,491.0,0.0,286.0,0.0,0.0,0.0,0.0,0.0,0.0,508.7278747558594,3.134999990463257,77.8,533.0,0.0,365.0,463.3130187988281,3.447499990463257,77.2,544.0,0.0,286.0,412.5228271484375,4.025625228881836,77.8,429.0,14.0,281.0,0.0,0.0,0.0,0.0,0.0,0.0,191.29722595214844,2.119374990463257,80.3,158.0,0.0,365.0,0.0,0.0,0.0,0.0,0.0,0.0,0.0,0.0,0.0,0.0,0.0,0.0,0.0,0.0,0.0,0.0,0.0,0.0
mckenzie2003,2.5,2.5,0.01,2.369999885559082,0.0,2.369999885559082,4,7,152.0,0.82,55.0,0.0,0.0,0.0,0.0,0.0,0.0,0.0,0.0,0.0,0.0,0.0,0.0,0.0,0.0,0.0,0.0,0.0,0.0,110.86224365234375,0.38499999046325684,63.5,73.0,40.0,286.0,0.0,0.0,0.0,0.0,0.0,0.0,94.45022583007812,0.38499999046325684,64.8,58.0,34.0,365.0,151.81326293945312,0.8224999904632568,63.0,126.0,55.0,286.0,0.0,0.0,0.0,0.0,0.0,0.0,0.0,0.0,0.0,0.0,0.0,0.0,11.18288516998291,0.10374999046325684,63.8,5.0,4.0,365.0,0.0,0.0,0.0,0.0,0.0,0.0,0.0,0.0,0.0,0.0,0.0,0.0,0.0,0.0,0.0,0.0,0.0,0.0
mckenzie2003,2.5,2.5,0.02,4.739999771118164,0.0,4.739999771118164,4,7,250.0,1.57,91.0,0.0,0.0,0.0,0.0,0.0,0.0,0.0,0.0,0.0,0.0,0.0,0.0,0.0,0.0,0.0,0.0,0.0,0.0,186.14927673339844,0.7599999904632568,64.9,136.0,68.0,286.0,0.0,0.0,0.0,0.0,0.0,0.0,158.89138793945312,0.7131249904632568,64.8,111.0,58.0,365.0,250.2855224609375,1.5724999904632568,63.9,233.0,91.0,286.0,0.0,0.0,0.0,0.0,0.0,0.0,0.0,0.0,0.0,0.0,0.0,0.0,17.696489334106445,0.16624999046325684,71.6,10.0,6.0,365.0,0.0,0.0,0.0,0.0,0.0,0.0,0.0,0.0,0.0,0.0,0.0,0.0,0.0,0.0,0.0,0.0,0.0,0.0
mckenzie2003,2.5,2.5,0.03,7.110000133514404,0.0,7.110000133514404,4,7,322.0,2.23,118.0,0.0,0.0,0.0,0.0,0.0,0.0,0.0,0.0,0.0,0.0,0.0,0.0,0.0,0.0,0.0,0.0,0.0,0.0,255.40957641601562,1.1662499904632568,65.7,194.0,93.0,286.0,0.0,0.0,0.0,0.0,0.0,0.0,215.4493865966797,1.0099999904632568,68.2,161.0,79.0,365.0,322.48065185546875,2.228749990463257,65.1,332.0,118.0,286.0,0.0,0.0,0.0,0.0,0.0,0.0,0.0,0.0,0.0,0.0,0.0,0.0,23.98508071899414,0.24437499046325684,72.8,14.0,9.0,365.0,0.0,0.0,0.0,0.0,0.0,0.0,0.0,0.0,0.0,0.0,0.0,0.0,0.0,0.0,0.0,0.0,0.0,0.0
mckenzie2003,2.5,2.5,0.04,9.479999542236328,0.0,9.479999542236328,4,7,372.0,2.7,136.0,0.0,0.0,0.0,0.0,0.0,0.0,0.0,0.0,0.0,0.0,0.0,0.0,0.0,0.0,0.0,0.0,0.0,0.0,316.1240539550781,1.5412499904632568,66.0,248.0,115.0,286.0,0.0,0.0,0.0,0.0,0.0,0.0,264.0945129394531,1.3224999904632568,69.0,206.0,96.0,365.0,372.3474426269531,2.697499990463257,65.4,417.0,136.0,286.0,291.23291015625,2.322499990463257,66.0,246.0,106.0,194.0,0.0,0.0,0.0,0.0,0.0,0.0,30.00370979309082,0.30687499046325684,73.7,18.0,11.0,365.0,0.0,0.0,0.0,0.0,0.0,0.0,0.0,0.0,0.0,0.0,0.0,0.0,0.0,0.0,0.0,0.0,0.0,0.0
mckenzie2003,2.5,2.5,0.05,11.850000381469727,0.0,11.850000381469727,4,7,405.0,2.98,148.0,0.0,0.0,0.0,0.0,0.0,0.0,0.0,0.0,0.0,0.0,0.0,0.0,0.0,0.0,0.0,0.0,0.0,0.0,366.9216613769531,1.8693749904632568,66.5,297.0,134.0,286.0,0.0,0.0,0.0,0.0,0.0,0.0,305.31591796875,1.6037499904632568,69.8,248.0,111.0,365.0,405.4925842285156,2.978749990463257,65.7,480.0,148.0,286.0,342.7172546386719,2.713124990463257,66.5,293.0,125.0,238.0,0.0,0.0,0.0,0.0,0.0,0.0,35.774070739746094,0.36937499046325684,74.3,22.0,13.0,365.0,0.0,0.0,0.0,0.0,0.0,0.0,0.0,0.0,0.0,0.0,0.0,0.0,0.0,0.0,0.0,0.0,0.0,0.0
mckenzie2003,2.5,2.5,0.06,14.170000076293945,0.0,14.170000076293945,4,7,445.0,3.39,162.0,0.0,0.0,0.0,0.0,0.0,0.0,0.0,0.0,0.0,0.0,0.0,0.0,0.0,0.0,0.0,0.0,0.0,0.0,407.5687255859375,2.134999990463257,66.9,343.0,149.0,286.0,0.0,0.0,0.0,0.0,0.0,0.0,339.834228515625,1.8224999904632568,70.4,285.0,124.0,365.0,444.9364318847656,3.384999990463257,66.1,519.0,162.0,286.0,371.0554504394531,3.041249990463257,66.8,330.0,135.0,239.0,0.0,0.0,0.0,0.0,0.0,0.0,41.26594161987305,0.43187499046325684,74.8,26.0,15.0,365.0,0.0,0.0,0.0,0.0,0.0,0.0,0.0,0.0,0.0,0.0,0.0,0.0,0.0,0.0,0.0,0.0,0.0,0.0
mckenzie2003,2.5,2.5,0.08,18.809999465942383,0.0,18.809999465942383,4,7,461.0,3.51,165.0,0.0,0.0,0.0,0.0,0.0,0.0,0.0,0.0,0.0,0.0,0.0,0.0,0.0,0.0,0.0,0.0,0.0,0.0,463.9004211425781,2.525624990463257,68.1,418.0,169.0,286.0,0.0,0.0,0.0,0.0,0.0,0.0,392.111328125,2.197499990463257,71.4,350.0,140.0,365.0,461.1302490234375,3.509999990463257,67.2,533.0,165.0,286.0,407.29168701171875,3.447499990463257,68.1,387.0,149.0,243.0,0.0,0.0,0.0,0.0,0.0,0.0,51.65859603881836,0.5256249904632568,75.7,33.0,19.0,365.0,0.0,0.0,0.0,0.0,0.0,0.0,0.0,0.0,0.0,0.0,0.0,0.0,0.0,0.0,0.0,0.0,0.0,0.0
mckenzie2003,2.5,2.5,0.1,23.450000762939453,0.0,23.450000762939453,4,7,463.0,3.53,69.0,0.0,0.0,0.0,0.0,0.0,0.0,0.0,0.0,0.0,0.0,0.0,0.0,0.0,0.0,0.0,0.0,0.0,0.0,503.1649169921875,2.791249990463257,69.3,468.0,184.0,286.0,0.0,0.0,0.0,0.0,0.0,0.0,427.8759460449219,2.384999990463257,72.4,401.0,56.0,365.0,462.9366760253906,3.525624990463257,68.6,536.0,69.0,286.0,412.9302673339844,4.025625228881836,69.2,418.0,147.0,251.0,0.0,0.0,0.0,0.0,0.0,0.0,61.14496994018555,0.6506249904632568,76.3,40.0,22.0,365.0,0.0,0.0,0.0,0.0,0.0,0.0,0.0,0.0,0.0,0.0,0.0,0.0,0.0,0.0,0.0,0.0,0.0,0.0
mckenzie2003,2.5,2.5,0.12,28.09000015258789,0.0,28.09000015258789,4,7,463.0,3.53,61.0,0.0,0.0,0.0,0.0,0.0,0.0,0.0,0.0,0.0,0.0,0.0,0.0,0.0,0.0,0.0,0.0,0.0,0.0,522.2927856445312,2.947499990463257,70.3,481.0,190.0,286.0,0.0,0.0,0.0,0.0,0.0,0.0,452.6830749511719,2.603749990463257,73.3,443.0,59.0,365.0,462.9366760253906,3.525624990463257,69.9,538.0,61.0,286.0,412.87200927734375,4.025625228881836,70.3,420.0,61.0,254.0,0.0,0.0,0.0,0.0,0.0,0.0,69.93462371826172,0.7443749904632568,77.1,47.0,26.0,365.0,0.0,0.0,0.0,0.0,0.0,0.0,0.0,0.0,0.0,0.0,0.0,0.0,0.0,0.0,0.0,0.0,0.0,0.0
mckenzie2003,2.5,2.5,0.15,35.04999923706055,0.0,35.04999923706055,7,4,525.0,3.04,98.0,0.0,0.0,0.0,0.0,0.0,0.0,0.0,0.0,0.0,0.0,0.0,0.0,0.0,0.0,0.0,0.0,0.0,0.0,524.7597045898438,3.041249990463257,71.7,488.0,98.0,286.0,0.0,0.0,0.0,0.0,0.0,0.0,477.30511474609375,2.791249990463257,74.2,487.0,60.0,365.0,462.9366760253906,3.525624990463257,71.4,541.0,59.0,286.0,412.87200927734375,4.025625228881836,71.8,423.0,54.0,254.0,0.0,0.0,0.0,0.0,0.0,0.0,81.8700942993164,0.8537499904632568,77.8,55.0,30.0,365.0,0.0,0.0,0.0,0.0,0.0,0.0,0.0,0.0,0.0,0.0,0.0,0.0,0.0,0.0,0.0,0.0,0.0,0.0
mckenzie2003,2.5,2.5,0.2,45.95000076293945,0.0,45.95000076293945,7,4,525.0,3.04,69.0,0.0,0.0,0.0,0.0,0.0,0.0,0.0,0.0,0.0,0.0,0.0,0.0,0.0,0.0,0.0,0.0,0.0,0.0,524.7597045898438,3.041249990463257,73.8,489.0,69.0,286.0,0.0,0.0,0.0,0.0,0.0,0.0,502.4322814941406,3.056874990463257,75.0,521.0,58.0,365.0,462.9366760253906,3.525624990463257,73.5,542.0,55.0,286.0,412.87200927734375,4.025625228881836,73.4,427.0,52.0,254.0,0.0,0.0,0.0,0.0,0.0,0.0,98.80315399169922,1.0412499904632568,78.9,69.0,16.0,365.0,0.0,0.0,0.0,0.0,0.0,0.0,0.0,0.0,0.0,0.0,0.0,0.0,0.0,0.0,0.0,0.0,0.0,0.0
mckenzie2003,2.5,2.5,0.3,67.75,0.0,67.75,7,4,525.0,3.04,61.0,0.0,0.0,0.0,0.0,0.0,0.0,0.0,0.0,0.0,0.0,0.0,0.0,0.0,0.0,0.0,0.0,0.0,0.0,524.7597045898438,3.041249990463257,76.2,489.0,61.0,286.0,0.0,0.0,0.0,0.0,0.0,0.0,509.0763854980469,3.119374990463257,76.8,531.0,43.0,365.0,462.9366760253906,3.525624990463257,75.8,542.0,43.0,286.0,411.56298828125,4.025625228881836,76.2,426.0,45.0,266.0,0.0,0.0,0.0,0.0,0.0,0.0,124.61531829833984,1.3381249904632568,80.3,91.0,16.0,365.0,0.0,0.0,0.0,0.0,0.0,0.0,0.0,0.0,0.0,0.0,0.0,0.0,0.0,0.0,0.0,0.0,0.0,0.0
mckenzie2003,2.5,2.5,0.5,67.75,41.400001525878906,109.1500015258789,7,4,525.0,3.04,8.0,0.0,0.0,0.0,0.0,0.0,0.0,0.0,0.0,0.0,0.0,0.0,0.0,0.0,0.0,0.0,0.0,0.0,0.0,524.7597045898438,3.041249990463257,78.0,489.0,8.0,286.0,0.0,0.0,0.0,0.0,0.0,0.0,509.7164001464844,3.134999990463257,77.7,531.0,3.0,365.0,462.9366760253906,3.525624990463257,76.9,542.0,9.0,286.0,410.0357666015625,4.025625228881836,77.4,425.0,24.0,280.0,0.0,0.0,0.0,0.0,0.0,0.0,155.64747619628906,1.6974999904632568,80.3,119.0,2.0,365.0,0.0,0.0,0.0,0.0,0.0,0.0,0.0,0.0,0.0,0.0,0.0,0.0,0.0,0.0,0.0,0.0,0.0,0.0
mckenzie2003,2.5,2.5,1.5,67.75,230.8000030517578,298.54998779296875,7,4,525.0,3.04,0.0,0.0,0.0,0.0,0.0,0.0,0.0,0.0,0.0,0.0,0.0,0.0,0.0,0.0,0.0,0.0,0.0,0.0,0.0,524.7597045898438,3.041249990463257,78.6,489.0,0.0,286.0,0.0,0.0,0.0,0.0,0.0,0.0,509.7164001464844,3.134999990463257,78.1,531.0,0.0,365.0,462.9366760253906,3.525624990463257,77.4,542.0,0.0,286.0,410.0357666015625,4.025625228881836,77.7,425.0,13.0,280.0,0.0,0.0,0.0,0.0,0.0,0.0,191.5737762451172,2.134999990463257,80.3,158.0,0.0,365.0,0.0,0.0,0.0,0.0,0.0,0.0,0.0,0.0,0.0,0.0,0.0,0.0,0.0,0.0,0.0,0.0,0.0,0.0
mckenzie2003,2.4,2.4,0.01,2.369999885559082,0.0,2.369999885559082,4,7,153.0,0.84,56.0,0.0,0.0,0.0,0.0,0.0,0.0,0.0,0.0,0.0,0.0,0.0,0.0,0.0,0.0,0.0,0.0,0.0,0.0,111.20891571044922,0.38499999046325684,63.8,78.0,41.0,286.0,0.0,0.0,0.0,0.0,0.0,0.0,95.2280044555664,0.38499999046325684,65.2,58.0,35.0,365.0,153.0899658203125,0.8381249904632568,62.9,126.0,56.0,286.0,0.0,0.0,0.0,0.0,0.0,0.0,0.0,0.0,0.0,0.0,0.0,0.0,11.219395637512207,0.10374999046325684,64.1,5.0,4.0,365.0,0.0,0.0,0.0,0.0,0.0,0.0,0.0,0.0,0.0,0.0,0.0,0.0,0.0,0.0,0.0,0.0,0.0,0.0
mckenzie2003,2.4,2.4,0.02,4.739999771118164,0.0,4.739999771118164,4,7,253.0,1.57,92.0,0.0,0.0,0.0,0.0,0.0,0.0,0.0,0.0,0.0,0.0,0.0,0.0,0.0,0.0,0.0,0.0,0.0,0.0,187.01571655273438,0.7287499904632568,65.2,143.0,68.0,286.0,0.0,0.0,0.0,0.0,0.0,0.0,159.97705078125,0.6974999904632568,65.0,112.0,58.0,365.0,252.77059936523438,1.5724999904632568,64.8,235.0,92.0,286.0,0.0,0.0,0.0,0.0,0.0,0.0,0.0,0.0,0.0,0.0,0.0,0.0,17.797029495239258,0.16624999046325684,69.4,10.0,6.0,365.0,0.0,0.0,0.0,0.0,0.0,0.0,0.0,0.0,0.0,0.0,0.0,0.0,0.0,0.0,0.0,0.0,0.0,0.0
mckenzie2003,2.4,2.4,0.03,7.110000133514404,0.0,7.110000133514404,4,7,326.0,2.18,119.0,0.0,0.0,0.0,0.0,0.0,0.0,0.0,0.0,0.0,0.0,0.0,0.0,0.0,0.0,0.0,0.0,0.0,0.0,256.87896728515625,1.1037499904632568,65.9,202.0,94.0,286.0,0.0,0.0,0.0,0.0,0.0,0.0,217.08676147460938,1.0256249904632568,68.3,162.0,79.0,365.0,326.3553161621094,2.181874990463257,65.4,334.0,119.0,286.0,0.0,0.0,0.0,0.0,0.0,0.0,0.0,0.0,0.0,0.0,0.0,0.0,24.08839225769043,0.24437499046325684,72.9,14.0,9.0,365.0,0.0,0.0,0.0,0.0,0.0,0.0,0.0,0.0,0.0,0.0,0.0,0.0,0.0,0.0,0.0,0.0,0.0,0.0
mckenzie2003,2.4,2.4,0.04,9.479999542236328,0.0,9.479999542236328,4,7,377.0,2.7,138.0,0.0,0.0,0.0,0.0,0.0,0.0,0.0,0.0,0.0,0.0,0.0,0.0,0.0,0.0,0.0,0.0,0.0,0.0,318.4319763183594,1.4474999904632568,66.3,257.0,116.0,286.0,0.0,0.0,0.0,0.0,0.0,0.0,266.3216247558594,1.3224999904632568,69.1,208.0,97.0,365.0,377.35443115234375,2.697499990463257,65.7,420.0,138.0,286.0,294.9189453125,2.275624990463257,66.3,247.0,108.0,194.0,0.0,0.0,0.0,0.0,0.0,0.0,30.142976760864258,0.29124999046325684,73.7,18.0,11.0,365.0,0.0,0.0,0.0,0.0,0.0,0.0,0.0,0.0,0.0,0.0,0.0,0.0,0.0,0.0,0.0,0.0,0.0,0.0
mckenzie2003,2.4,2.4,0.05,11.850000381469727,0.0,11.850000381469727,4,7,412.0,2.99,150.0,0.0,0.0,0.0,0.0,0.0,0.0,0.0,0.0,0.0,0.0,0.0,0.0,0.0,0.0,0.0,0.0,0.0,0.0,370.3468017578125,1.8537499904632568,66.7,308.0,135.0,286.0,0.0,0.0,0.0,0.0,0.0,0.0,308.08453369140625,1.5724999904632568,70.0,249.0,112.0,365.0,411.6343078613281,2.994374990463257,65.9,484.0,150.0,286.0,347.79412841796875,2.713124990463257,66.7,295.0,127.0,239.0,0.0,0.0,0.0,0.0,0.0,0.0,35.920204162597656,0.35374999046325684,74.5,22.0,13.0,365.0,0.0,0.0,0.0,0.0,0.0,0.0,0.0,0.0,0.0,0.0,0.0,0.0,0.0,0.0,0.0,0.0,0.0,0.0
mckenzie2003,2.4,2.4,0.06,14.170000076293945,0.0,14.170000076293945,4,7,452.0,3.42,165.0,0.0,0.0,0.0,0.0,0.0,0.0,0.0,0.0,0.0,0.0,0.0,0.0,0.0,0.0,0.0,0.0,0.0,0.0,412.23504638671875,2.150624990463257,67.1,353.0,150.0,286.0,0.0,0.0,0.0,0.0,0.0,0.0,343.22918701171875,1.8224999904632568,70.5,287.0,125.0,365.0,452.123046875,3.416249990463257,66.3,524.0,165.0,286.0,377.42425537109375,3.025624990463257,67.1,332.0,138.0,240.0,0.0,0.0,0.0,0.0,0.0,0.0,41.48684310913086,0.41624999046325684,74.9,26.0,15.0,365.0,0.0,0.0,0.0,0.0,0.0,0.0,0.0,0.0,0.0,0.0,0.0,0.0,0.0,0.0,0.0,0.0,0.0,0.0
mckenzie2003,2.4,2.4,0.08,18.809999465942383,0.0,18.809999465942383,4,7,470.0,3.49,168.0,0.0,0.0,0.0,0.0,0.0,0.0,0.0,0.0,0.0,0.0,0.0,0.0,0.0,0.0,0.0,0.0,0.0,0.0,470.7173767089844,2.556874990463257,68.3,430.0,172.0,286.0,0.0,0.0,0.0,0.0,0.0,0.0,396.6910705566406,2.166249990463257,71.6,353.0,141.0,365.0,469.65850830078125,3.494374990463257,67.3,539.0,168.0,286.0,415.0444030761719,3.556874990463257,68.2,391.0,151.0,244.0,0.0,0.0,0.0,0.0,0.0,0.0,51.9145622253418,0.5412499904632568,75.8,33.0,19.0,365.0,0.0,0.0,0.0,0.0,0.0,0.0,0.0,0.0,0.0,0.0,0.0,0.0,0.0,0.0,0.0,0.0,0.0,0.0
mckenzie2003,2.4,2.4,0.1,23.450000762939453,0.0,23.450000762939453,4,7,472.0,3.53,70.0,0.0,0.0,0.0,0.0,0.0,0.0,0.0,0.0,0.0,0.0,0.0,0.0,0.0,0.0,0.0,0.0,0.0,0.0,511.062255859375,2.838124990463257,69.3,482.0,187.0,286.0,0.0,0.0,0.0,0.0,0.0,0.0,433.2809753417969,2.447499990463257,72.4,406.0,56.0,365.0,471.516845703125,3.525624990463257,68.7,541.0,70.0,286.0,422.0180358886719,4.025625228881836,69.3,424.0,151.0,251.0,0.0,0.0,0.0,0.0,0.0,0.0,61.56525802612305,0.6193749904632568,76.6,40.0,22.0,365.0,0.0,0.0,0.0,0.0,0.0,0.0,0.0,0.0,0.0,0.0,0.0,0.0,0.0,0.0,0.0,0.0,0.0,0.0
mckenzie2003,2.4,2.4,0.12,28.09000015258789,0.0,28.09000015258789,4,7,472.0,3.53,61.0,0.0,0.0,0.0,0.0,0.0,0.0,0.0,0.0,0.0,0.0,0.0,0.0,0.0,0.0,0.0,0.0,0.0,0.0,531.6859741210938,2.994374990463257,70.3,495.0,193.0,286.0,0.0,0.0,0.0,0.0,0.0,0.0,458.68109130859375,2.650624990463257,73.3,448.0,59.0,365.0,471.516845703125,3.525624990463257,70.0,544.0,61.0,286.0,421.851318359375,4.025625228881836,70.4,425.0,62.0,255.0,0.0,0.0,0.0,0.0,0.0,0.0,70.41998291015625,0.7287499904632568,77.2,47.0,26.0,365.0,0.0,0.0,0.0,0.0,0.0,0.0,0.0,0.0,0.0,0.0,0.0,0.0,0.0,0.0,0.0,0.0,0.0,0.0
mckenzie2003,2.4,2.4,0.15,35.04999923706055,0.0,35.04999923706055,7,4,534.0,3.03,103.0,0.0,0.0,0.0,0.0,0.0,0.0,0.0,0.0,0.0,0.0,0.0,0.0,0.0,0.0,0.0,0.0,0.0,0.0,534.3436279296875,3.025624990463257,71.6,502.0,103.0,286.0,0.0,0.0,0.0,0.0,0.0,0.0,484.12371826171875,2.822499990463257,74.1,492.0,60.0,365.0,471.516845703125,3.525624990463257,71.5,546.0,59.0,286.0,421.851318359375,4.025625228881836,71.8,428.0,55.0,255.0,0.0,0.0,0.0,0.0,0.0,0.0,82.49976348876953,0.8224999904632568,77.9,56.0,30.0,365.0,0.0,0.0,0.0,0.0,0.0,0.0,0.0,0.0,0.0,0.0,0.0,0.0,0.0,0.0,0.0,0.0,0.0,0.0
mckenzie2003,2.4,2.4,0.2,45.95000076293945,0.0,45.95000076293945,7,4,534.0,3.03,69.0,0.0,0.0,0.0,0.0,0.0,0.0,0.0,0.0,0.0,0.0,0.0,0.0,0.0,0.0,0.0,0.0,0.0,0.0,534.3436279296875,3.025624990463257,73.7,503.0,69.0,286.0,0.0,0.0,0.0,0.0,0.0,0.0,510.47149658203125,3.072499990463257,75.3,527.0,58.0,365.0,471.516845703125,3.525624990463257,73.5,547.0,56.0,286.0,421.851318359375,4.025625228881836,73.4,432.0,53.0,255.0,0.0,0.0,0.0,0.0,0.0,0.0,99.76529693603516,1.0412499904632568,78.8,69.0,16.0,365.0,0.0,0.0,0.0,0.0,0.0,0.0,0.0,0.0,0.0,0.0,0.0,0.0,0.0,0.0,0.0,0.0,0.0,0.0
mckenzie2003,2.4,2.4,0.3,67.75,0.0,67.75,7,4,534.0,3.03,61.0,0.0,0.0,0.0,0.0,0.0,0.0,0.0,0.0,0.0,0.0,0.0,0.0,0.0,0.0,0.0,0.0,0.0,0.0,534.3436279296875,3.025624990463257,76.2,503.0,61.0,286.0,0.0,0.0,0.0,0.0,0.0,0.0,517.5404052734375,3.150624990463257,77.0,537.0,44.0,365.0,471.516845703125,3.525624990463257,76.0,547.0,43.0,286.0,420.69610595703125,4.025625228881836,76.3,432.0,46.0,266.0,0.0,0.0,0.0,0.0,0.0,0.0,125.96439361572266,1.3068749904632568,80.3,91.0,16.0,365.0,0.0,0.0,0.0,0.0,0.0,0.0,0.0,0.0,0.0,0.0,0.0,0.0,0.0,0.0,0.0,0.0,0.0,0.0
mckenzie2003,2.4,2.4,0.5,67.75,41.400001525878906,109.1500015258789,7,4,534.0,3.03,9.0,0.0,0.0,0.0,0.0,0.0,0.0,0.0,0.0,0.0,0.0,0.0,0.0,0.0,0.0,0.0,0.0,0.0,0.0,534.3436279296875,3.025624990463257,77.9,503.0,9.0,286.0,0.0,0.0,0.0,0.0,0.0,0.0,518.3274536132812,3.150624990463257,77.9,537.0,3.0,365.0,471.516845703125,3.525624990463257,77.2,547.0,10.0,286.0,419.0303955078125,4.025625228881836,77.5,430.0,26.0,281.0,0.0,0.0,0.0,0.0,0.0,0.0,157.70651245117188,1.7131249904632568,80.3,120.0,2.0,365.0,0.0,0.0,0.0,0.0,0.0,0.0,0.0,0.0,0.0,0.0,0.0,0.0,0.0,0.0,0.0,0.0,0.0,0.0
mckenzie2003,2.4,2.4,1.5,67.75,230.8000030517578,298.54998779296875,7,4,534.0,3.03,0.0,0.0,0.0,0.0,0.0,0.0,0.0,0.0,0.0,0.0,0.0,0.0,0.0,0.0,0.0,0.0,0.0,0.0,0.0,534.3436279296875,3.025624990463257,78.6,503.0,0.0,286.0,0.0,0.0,0.0,0.0,0.0,0.0,518.3274536132812,3.150624990463257,78.0,537.0,0.0,365.0,471.516845703125,3.525624990463257,77.4,547.0,0.0,286.0,419.0303955078125,4.025625228881836,77.9,430.0,15.0,281.0,0.0,0.0,0.0,0.0,0.0,0.0,194.63467407226562,2.088124990463257,80.3,159.0,0.0,365.0,0.0,0.0,0.0,0.0,0.0,0.0,0.0,0.0,0.0,0.0,0.0,0.0,0.0,0.0,0.0,0.0,0.0,0.0
mckenzie2003,2.3,2.3,0.01,2.369999885559082,0.0,2.369999885559082,4,7,152.0,0.82,56.0,0.0,0.0,0.0,0.0,0.0,0.0,0.0,0.0,0.0,0.0,0.0,0.0,0.0,0.0,0.0,0.0,0.0,0.0,110.92973327636719,0.38499999046325684,63.2,72.0,40.0,286.0,0.0,0.0,0.0,0.0,0.0,0.0,94.72335052490234,0.38499999046325684,63.4,58.0,35.0,365.0,152.43531799316406,0.8224999904632568,62.9,126.0,56.0,286.0,0.0,0.0,0.0,0.0,0.0,0.0,0.0,0.0,0.0,0.0,0.0,0.0,11.191621780395508,0.10374999046325684,63.9,5.0,4.0,365.0,0.0,0.0,0.0,0.0,0.0,0.0,0.0,0.0,0.0,0.0,0.0,0.0,0.0,0.0,0.0,0.0,0.0,0.0
mckenzie2003,2.3,2.3,0.02,4.739999771118164,0.0,4.739999771118164,4,7,252.0,1.56,92.0,0.0,0.0,0.0,0.0,0.0,0.0,0.0,0.0,0.0,0.0,0.0,0.0,0.0,0.0,0.0,0.0,0.0,0.0,186.49351501464844,0.7287499904632568,64.6,135.0,68.0,286.0,0.0,0.0,0.0,0.0,0.0,0.0,159.11093139648438,0.6974999904632568,67.2,112.0,58.0,365.0,251.73330688476562,1.5568749904632568,64.7,235.0,92.0,286.0,0.0,0.0,0.0,0.0,0.0,0.0,0.0,0.0,0.0,0.0,0.0,0.0,17.71683692932129,0.16624999046325684,69.3,10.0,6.0,365.0,0.0,0.0,0.0,0.0,0.0,0.0,0.0,0.0,0.0,0.0,0.0,0.0,0.0,0.0,0.0,0.0,0.0,0.0
mckenzie2003,2.3,2.3,0.03,7.110000133514404,0.0,7.110000133514404,4,7,325.0,2.23,119.0,0.0,0.0,0.0,0.0,0.0,0.0,0.0,0.0,0.0,0.0,0.0,0.0,0.0,0.0,0.0,0.0,0.0,0.0,256.1947326660156,1.1037499904632568,65.8,194.0,94.0,286.0,0.0,0.0,0.0,0.0,0.0,0.0,215.92652893066406,1.0099999904632568,68.4,162.0,79.0,365.0,325.11834716796875,2.228749990463257,65.3,334.0,119.0,286.0,0.0,0.0,0.0,0.0,0.0,0.0,0.0,0.0,0.0,0.0,0.0,0.0,24.007980346679688,0.22874999046325684,73.0,14.0,9.0,365.0,0.0,0.0,0.0,0.0,0.0,0.0,0.0,0.0,0.0,0.0,0.0,0.0,0.0,0.0,0.0,0.0,0.0,0.0
mckenzie2003,2.3,2.3,0.04,9.479999542236328,0.0,9.479999542236328,4,7,376.0,2.68,137.0,0.0,0.0,0.0,0.0,0.0,0.0,0.0,0.0,0.0,0.0,0.0,0.0,0.0,0.0,0.0,0.0,0.0,0.0,317.5626220703125,1.4943749904632568,66.3,248.0,116.0,286.0,0.0,0.0,0.0,0.0,0.0,0.0,264.847412109375,1.2912499904632568,69.2,207.0,97.0,365.0,376.0989990234375,2.681874990463257,65.5,419.0,137.0,286.0,294.0358581542969,2.291249990463257,66.3,247.0,107.0,194.0,0.0,0.0,0.0,0.0,0.0,0.0,30.0407772064209,0.30687499046325684,73.8,18.0,11.0,365.0,0.0,0.0,0.0,0.0,0.0,0.0,0.0,0.0,0.0,0.0,0.0,0.0,0.0,0.0,0.0,0.0,0.0,0.0
mckenzie2003,2.3,2.3,0.05,11.850000381469727,0.0,11.850000381469727,4,7,410.0,3.03,150.0,0.0,0.0,0.0,0.0,0.0,0.0,0.0,0.0,0.0,0.0,0.0,0.0,0.0,0.0,0.0,0.0,0.0,0.0,369.21514892578125,1.8381249904632568,66.7,298.0,135.0,286.0,0.0,0.0,0.0,0.0,0.0,0.0,306.4412536621094,1.5724999904632568,69.9,248.0,112.0,365.0,410.0227355957031,3.025624990463257,65.8,483.0,150.0,286.0,345.65618896484375,2.759999990463257,66.6,295.0,126.0,238.0,0.0,0.0,0.0,0.0,0.0,0.0,35.81979751586914,0.35374999046325684,74.5,22.0,13.0,365.0,0.0,0.0,0.0,0.0,0.0,0.0,0.0,0.0,0.0,0.0,0.0,0.0,0.0,0.0,0.0,0.0,0.0,0.0
mckenzie2003,2.3,2.3,0.06,14.170000076293945,0.0,14.170000076293945,4,7,451.0,3.32,165.0,0.0,0.0,0.0,0.0,0.0,0.0,0.0,0.0,0.0,0.0,0.0,0.0,0.0,0.0,0.0,0.0,0.0,0.0,410.7378845214844,2.103749990463257,67.0,343.0,150.0,286.0,0.0,0.0,0.0,0.0,0.0,0.0,341.39642333984375,1.8224999904632568,70.6,286.0,125.0,365.0,450.7252502441406,3.322499990463257,66.0,523.0,165.0,286.0,375.05572509765625,3.009999990463257,67.0,331.0,137.0,240.0,0.0,0.0,0.0,0.0,0.0,0.0,41.35034942626953,0.41624999046325684,75.0,26.0,15.0,365.0,0.0,0.0,0.0,0.0,0.0,0.0,0.0,0.0,0.0,0.0,0.0,0.0,0.0,0.0,0.0,0.0,0.0,0.0
mckenzie2003,2.3,2.3,0.08,18.809999465942383,0.0,18.809999465942383,4,7,468.0,3.54,167.0,0.0,0.0,0.0,0.0,0.0,0.0,0.0,0.0,0.0,0.0,0.0,0.0,0.0,0.0,0.0,0.0,0.0,0.0,468.6839294433594,2.541249990463257,68.2,419.0,171.0,286.0,0.0,0.0,0.0,0.0,0.0,0.0,394.5518493652344,2.166249990463257,71.6,352.0,141.0,365.0,467.94610595703125,3.541249990463257,67.2,538.0,167.0,286.0,412.6982727050781,3.478749990463257,68.1,390.0,151.0,243.0,0.0,0.0,0.0,0.0,0.0,0.0,51.715328216552734,0.5256249904632568,75.9,33.0,19.0,365.0,0.0,0.0,0.0,0.0,0.0,0.0,0.0,0.0,0.0,0.0,0.0,0.0,0.0,0.0,0.0,0.0,0.0,0.0
mckenzie2003,2.3,2.3,0.1,23.450000762939453,0.0,23.450000762939453,4,7,470.0,3.54,70.0,0.0,0.0,0.0,0.0,0.0,0.0,0.0,0.0,0.0,0.0,0.0,0.0,0.0,0.0,0.0,0.0,0.0,0.0,508.7276916503906,2.822499990463257,69.3,472.0,186.0,286.0,0.0,0.0,0.0,0.0,0.0,0.0,431.0393981933594,2.463124990463257,72.3,405.0,56.0,365.0,469.84771728515625,3.541249990463257,68.7,541.0,70.0,286.0,418.961181640625,4.025625228881836,69.3,423.0,150.0,251.0,0.0,0.0,0.0,0.0,0.0,0.0,61.336666107177734,0.6193749904632568,76.5,40.0,22.0,365.0,0.0,0.0,0.0,0.0,0.0,0.0,0.0,0.0,0.0,0.0,0.0,0.0,0.0,0.0,0.0,0.0,0.0,0.0
mckenzie2003,2.3,2.3,0.12,28.09000015258789,0.0,28.09000015258789,4,7,470.0,3.54,61.0,0.0,0.0,0.0,0.0,0.0,0.0,0.0,0.0,0.0,0.0,0.0,0.0,0.0,0.0,0.0,0.0,0.0,0.0,529.0654296875,3.056874990463257,70.3,485.0,192.0,286.0,0.0,0.0,0.0,0.0,0.0,0.0,456.4192199707031,2.619374990463257,73.2,446.0,59.0,365.0,469.84771728515625,3.541249990463257,69.8,543.0,61.0,286.0,418.7952575683594,4.025625228881836,70.4,424.0,61.0,255.0,0.0,0.0,0.0,0.0,0.0,0.0,70.18950653076172,0.7131249904632568,77.2,46.0,26.0,365.0,0.0,0.0,0.0,0.0,0.0,0.0,0.0,0.0,0.0,0.0,0.0,0.0,0.0,0.0,0.0,0.0,0.0,0.0
mckenzie2003,2.3,2.3,0.15,35.04999923706055,0.0,35.04999923706055,7,4,532.0,3.03,102.0,0.0,0.0,0.0,0.0,0.0,0.0,0.0,0.0,0.0,0.0,0.0,0.0,0.0,0.0,0.0,0.0,0.0,0.0,532.0464477539062,3.025624990463257,71.8,491.0,102.0,286.0,0.0,0.0,0.0,0.0,0.0,0.0,481.8532409667969,2.822499990463257,74.2,491.0,60.0,365.0,469.84771728515625,3.541249990463257,71.4,545.0,60.0,286.0,418.7952575683594,4.025625228881836,71.8,427.0,54.0,255.0,0.0,0.0,0.0,0.0,0.0,0.0,82.17362976074219,0.8381249904632568,77.9,55.0,30.0,365.0,0.0,0.0,0.0,0.0,0.0,0.0,0.0,0.0,0.0,0.0,0.0,0.0,0.0,0.0,0.0,0.0,0.0,0.0
mckenzie2003,2.3,2.3,0.2,45.95000076293945,0.0,45.95000076293945,7,4,532.0,3.03,69.0,0.0,0.0,0.0,0.0,0.0,0.0,0.0,0.0,0.0,0.0,0.0,0.0,0.0,0.0,0.0,0.0,0.0,0.0,532.0464477539062,3.025624990463257,73.9,492.0,69.0,286.0,0.0,0.0,0.0,0.0,0.0,0.0,508.392822265625,3.072499990463257,75.3,526.0,58.0,365.0,469.84771728515625,3.541249990463257,73.6,546.0,55.0,286.0,418.7952575683594,4.025625228881836,73.5,431.0,52.0,255.0,0.0,0.0,0.0,0.0,0.0,0.0,99.34144592285156,1.0256249904632568,78.9,69.0,16.0,365.0,0.0,0.0,0.0,0.0,0.0,0.0,0.0,0.0,0.0,0.0,0.0,0.0,0.0,0.0,0.0,0.0,0.0,0.0
mckenzie2003,2.3,2.3,0.3,67.75,0.0,67.75,7,4,532.0,3.03,61.0,0.0,0.0,0.0,0.0,0.0,0.0,0.0,0.0,0.0,0.0,0.0,0.0,0.0,0.0,0.0,0.0,0.0,0.0,532.0464477539062,3.025624990463257,76.2,492.0,61.0,286.0,0.0,0.0,0.0,0.0,0.0,0.0,514.8939819335938,3.150624990463257,76.8,536.0,43.0,365.0,469.84771728515625,3.541249990463257,75.9,546.0,43.0,286.0,417.4327697753906,4.025625228881836,76.2,430.0,45.0,268.0,0.0,0.0,0.0,0.0,0.0,0.0,125.424560546875,1.3224999904632568,80.4,91.0,16.0,365.0,0.0,0.0,0.0,0.0,0.0,0.0,0.0,0.0,0.0,0.0,0.0,0.0,0.0,0.0,0.0,0.0,0.0,0.0
mckenzie2003,2.3,2.3,0.5,67.75,41.400001525878906,109.1500015258789,7,4,532.0,3.03,8.0,0.0,0.0,0.0,0.0,0.0,0.0,0.0,0.0,0.0,0.0,0.0,0.0,0.0,0.0,0.0,0.0,0.0,0.0,532.0464477539062,3.025624990463257,78.2,492.0,8.0,286.0,0.0,0.0,0.0,0.0,0.0,0.0,515.9111938476562,3.150624990463257,77.8,536.0,2.0,365.0,469.84771728515625,3.541249990463257,77.1,546.0,9.0,286.0,416.0039367675781,4.025625228881836,77.8,429.0,25.0,281.0,0.0,0.0,0.0,0.0,0.0,0.0,157.00076293945312,1.6818749904632568,80.4,120.0,2.0,365.0,0.0,0.0,0.0,0.0,0.0,0.0,0.0,0.0,0.0,0.0,0.0,0.0,0.0,0.0,0.0,0.0,0.0,0.0
mckenzie2003,2.3,2.3,1.5,67.75,230.8000030517578,298.54998779296875,7,4,532.0,3.03,0.0,0.0,0.0,0.0,0.0,0.0,0.0,0.0,0.0,0.0,0.0,0.0,0.0,0.0,0.0,0.0,0.0,0.0,0.0,532.0464477539062,3.025624990463257,78.7,492.0,0.0,286.0,0.0,0.0,0.0,0.0,0.0,0.0,515.9111938476562,3.150624990463257,78.0,536.0,0.0,365.0,469.84771728515625,3.541249990463257,77.4,546.0,0.0,286.0,416.0039367675781,4.025625228881836,77.9,429.0,13.0,281.0,0.0,0.0,0.0,0.0,0.0,0.0,193.66729736328125,2.150624990463257,80.4,159.0,0.0,365.0,0.0,0.0,0.0,0.0,0.0,0.0,0.0,0.0,0.0,0.0,0.0,0.0,0.0,0.0,0.0,0.0,0.0,0.0
mckenzie2003,2.2,2.2,0.01,2.369999885559082,0.0,2.369999885559082,4,7,153.0,0.82,56.0,0.0,0.0,0.0,0.0,0.0,0.0,0.0,0.0,0.0,0.0,0.0,0.0,0.0,0.0,0.0,0.0,0.0,0.0,110.78758239746094,0.38499999046325684,63.3,77.0,40.0,286.0,0.0,0.0,0.0,0.0,0.0,0.0,95.07173156738281,0.38499999046325684,65.2,58.0,35.0,365.0,152.94374084472656,0.8224999904632568,63.1,127.0,56.0,286.0,0.0,0.0,0.0,0.0,0.0,0.0,0.0,0.0,0.0,0.0,0.0,0.0,11.179081916809082,0.10374999046325684,64.1,5.0,4.0,365.0,0.0,0.0,0.0,0.0,0.0,0.0,0.0,0.0,0.0,0.0,0.0,0.0,0.0,0.0,0.0,0.0,0.0,0.0
mckenzie2003,2.2,2.2,0.02,4.739999771118164,0.0,4.739999771118164,4,7,252.0,1.57,92.0,0.0,0.0,0.0,0.0,0.0,0.0,0.0,0.0,0.0,0.0,0.0,0.0,0.0,0.0,0.0,0.0,0.0,0.0,186.17274475097656,0.7287499904632568,65.3,143.0,68.0,286.0,0.0,0.0,0.0,0.0,0.0,0.0,159.7080078125,0.7131249904632568,65.0,112.0,58.0,365.0,252.41250610351562,1.5724999904632568,64.1,234.0,92.0,286.0,0.0,0.0,0.0,0.0,0.0,0.0,0.0,0.0,0.0,0.0,0.0,0.0,17.711301803588867,0.16624999046325684,69.4,10.0,6.0,365.0,0.0,0.0,0.0,0.0,0.0,0.0,0.0,0.0,0.0,0.0,0.0,0.0,0.0,0.0,0.0,0.0,0.0,0.0
mckenzie2003,2.2,2.2,0.03,7.110000133514404,0.0,7.110000133514404,4,7,326.0,2.23,119.0,0.0,0.0,0.0,0.0,0.0,0.0,0.0,0.0,0.0,0.0,0.0,0.0,0.0,0.0,0.0,0.0,0.0,0.0,255.49818420410156,1.1037499904632568,65.7,202.0,93.0,286.0,0.0,0.0,0.0,0.0,0.0,0.0,216.69972229003906,1.0256249904632568,68.3,162.0,79.0,365.0,325.65606689453125,2.228749990463257,65.3,334.0,119.0,286.0,0.0,0.0,0.0,0.0,0.0,0.0,0.0,0.0,0.0,0.0,0.0,0.0,23.968994140625,0.24437499046325684,72.9,14.0,9.0,365.0,0.0,0.0,0.0,0.0,0.0,0.0,0.0,0.0,0.0,0.0,0.0,0.0,0.0,0.0,0.0,0.0,0.0,0.0
mckenzie2003,2.2,2.2,0.04,9.479999542236328,0.0,9.479999542236328,4,7,376.0,2.68,137.0,0.0,0.0,0.0,0.0,0.0,0.0,0.0,0.0,0.0,0.0,0.0,0.0,0.0,0.0,0.0,0.0,0.0,0.0,316.5410461425781,1.4943749904632568,66.2,256.0,116.0,286.0,0.0,0.0,0.0,0.0,0.0,0.0,265.7335205078125,1.3224999904632568,69.2,207.0,97.0,365.0,376.36102294921875,2.681874990463257,65.5,419.0,137.0,286.0,288.7230224609375,2.259999990463257,66.3,245.0,105.0,192.0,0.0,0.0,0.0,0.0,0.0,0.0,29.974092483520508,0.30687499046325684,73.8,18.0,11.0,365.0,0.0,0.0,0.0,0.0,0.0,0.0,0.0,0.0,0.0,0.0,0.0,0.0,0.0,0.0,0.0,0.0,0.0,0.0
mckenzie2003,2.2,2.2,0.05,11.850000381469727,0.0,11.850000381469727,4,7,410.0,3.01,150.0,0.0,0.0,0.0,0.0,0.0,0.0,0.0,0.0,0.0,0.0,0.0,0.0,0.0,0.0,0.0,0.0,0.0,0.0,367.5701904296875,1.8224999904632568,66.7,306.0,134.0,286.0,0.0,0.0,0.0,0.0,0.0,0.0,307.2823486328125,1.5568749904632568,69.9,248.0,112.0,365.0,410.0949401855469,3.009999990463257,65.8,482.0,150.0,286.0,343.0904846191406,2.744374990463257,66.6,293.0,125.0,239.0,0.0,0.0,0.0,0.0,0.0,0.0,35.75126266479492,0.35374999046325684,74.5,22.0,13.0,365.0,0.0,0.0,0.0,0.0,0.0,0.0,0.0,0.0,0.0,0.0,0.0,0.0,0.0,0.0,0.0,0.0,0.0,0.0
mckenzie2003,2.2,2.2,0.06,14.170000076293945,0.0,14.170000076293945,4,7,451.0,3.35,164.0,0.0,0.0,0.0,0.0,0.0,0.0,0.0,0.0,0.0,0.0,0.0,0.0,0.0,0.0,0.0,0.0,0.0,0.0,408.7030944824219,2.150624990463257,67.0,352.0,149.0,286.0,0.0,0.0,0.0,0.0,0.0,0.0,342.17108154296875,1.8068749904632568,70.5,286.0,125.0,365.0,450.544677734375,3.353749990463257,65.9,521.0,164.0,286.0,372.0372619628906,3.009999990463257,67.0,330.0,136.0,240.0,0.0,0.0,0.0,0.0,0.0,0.0,41.232784271240234,0.41624999046325684,75.0,26.0,15.0,365.0,0.0,0.0,0.0,0.0,0.0,0.0,0.0,0.0,0.0,0.0,0.0,0.0,0.0,0.0,0.0,0.0,0.0,0.0
mckenzie2003,2.2,2.2,0.08,18.809999465942383,0.0,18.809999465942383,4,7,468.0,3.54,167.0,0.0,0.0,0.0,0.0,0.0,0.0,0.0,0.0,0.0,0.0,0.0,0.0,0.0,0.0,0.0,0.0,0.0,0.0,465.7508850097656,2.556874990463257,68.1,428.0,170.0,286.0,0.0,0.0,0.0,0.0,0.0,0.0,395.1355895996094,2.181874990463257,71.4,352.0,141.0,365.0,467.71044921875,3.541249990463257,67.2,537.0,167.0,286.0,409.10546875,3.463124990463257,68.0,388.0,149.0,243.0,0.0,0.0,0.0,0.0,0.0,0.0,51.66815948486328,0.5256249904632568,75.8,33.0,19.0,365.0,0.0,0.0,0.0,0.0,0.0,0.0,0.0,0.0,0.0,0.0,0.0,0.0,0.0,0.0,0.0,0.0,0.0,0.0
mckenzie2003,2.2,2.2,0.1,23.450000762939453,0.0,23.450000762939453,4,7,470.0,3.54,72.0,0.0,0.0,0.0,0.0,0.0,0.0,0.0,0.0,0.0,0.0,0.0,0.0,0.0,0.0,0.0,0.0,0.0,0.0,505.4012451171875,2.822499990463257,69.1,479.0,184.0,286.0,0.0,0.0,0.0,0.0,0.0,0.0,431.406005859375,2.431874990463257,72.3,404.0,56.0,365.0,470.07806396484375,3.541249990463257,68.6,540.0,72.0,286.0,415.1197814941406,4.025625228881836,69.1,421.0,148.0,251.0,0.0,0.0,0.0,0.0,0.0,0.0,61.19734191894531,0.6193749904632568,76.5,40.0,22.0,365.0,0.0,0.0,0.0,0.0,0.0,0.0,0.0,0.0,0.0,0.0,0.0,0.0,0.0,0.0,0.0,0.0,0.0,0.0
mckenzie2003,2.2,2.2,0.12,28.09000015258789,0.0,28.09000015258789,4,7,470.0,3.54,61.0,0.0,0.0,0.0,0.0,0.0,0.0,0.0,0.0,0.0,0.0,0.0,0.0,0.0,0.0,0.0,0.0,0.0,0.0,524.8558959960938,3.041249990463257,70.0,493.0,191.0,286.0,0.0,0.0,0.0,0.0,0.0,0.0,456.59765625,2.603749990463257,73.3,445.0,59.0,365.0,470.07806396484375,3.541249990463257,69.8,542.0,61.0,286.0,414.9509582519531,4.025625228881836,70.2,423.0,62.0,255.0,0.0,0.0,0.0,0.0,0.0,0.0,70.00798797607422,0.7131249904632568,77.2,46.0,26.0,365.0,0.0,0.0,0.0,0.0,0.0,0.0,0.0,0.0,0.0,0.0,0.0,0.0,0.0,0.0,0.0,0.0,0.0,0.0
mckenzie2003,2.2,2.2,0.15,35.04999923706055,0.0,35.04999923706055,7,4,528.0,3.04,102.0,0.0,0.0,0.0,0.0,0.0,0.0,0.0,0.0,0.0,0.0,0.0,0.0,0.0,0.0,0.0,0.0,0.0,0.0,528.3707885742188,3.041249990463257,71.6,500.0,102.0,286.0,0.0,0.0,0.0,0.0,0.0,0.0,481.8303527832031,2.822499990463257,74.0,490.0,60.0,365.0,470.07806396484375,3.541249990463257,71.4,545.0,59.0,286.0,414.9509582519531,4.025625228881836,71.4,426.0,54.0,255.0,0.0,0.0,0.0,0.0,0.0,0.0,81.91634368896484,0.8537499904632568,77.9,55.0,30.0,365.0,0.0,0.0,0.0,0.0,0.0,0.0,0.0,0.0,0.0,0.0,0.0,0.0,0.0,0.0,0.0,0.0,0.0,0.0
mckenzie2003,2.2,2.2,0.2,45.95000076293945,0.0,45.95000076293945,7,4,528.0,3.04,69.0,0.0,0.0,0.0,0.0,0.0,0.0,0.0,0.0,0.0,0.0,0.0,0.0,0.0,0.0,0.0,0.0,0.0,0.0,528.3707885742188,3.041249990463257,73.5,501.0,69.0,286.0,0.0,0.0,0.0,0.0,0.0,0.0,507.5986328125,3.041249990463257,75.0,524.0,58.0,365.0,470.07806396484375,3.541249990463257,73.2,546.0,55.0,286.0,414.9509582519531,4.025625228881836,73.3,429.0,52.0,255.0,0.0,0.0,0.0,0.0,0.0,0.0,99.0156021118164,1.0412499904632568,78.8,69.0,16.0,365.0,0.0,0.0,0.0,0.0,0.0,0.0,0.0,0.0,0.0,0.0,0.0,0.0,0.0,0.0,0.0,0.0,0.0,0.0
mckenzie2003,2.2,2.2,0.3,67.75,0.0,67.75,7,4,528.0,3.04,61.0,0.0,0.0,0.0,0.0,0.0,0.0,0.0,0.0,0.0,0.0,0.0,0.0,0.0,0.0,0.0,0.0,0.0,0.0,528.3707885742188,3.041249990463257,76.1,501.0,61.0,286.0,0.0,0.0,0.0,0.0,0.0,0.0,514.5938110351562,3.103749990463257,76.7,535.0,43.0,365.0,470.07806396484375,3.541249990463257,75.7,546.0,43.0,286.0,413.6791076660156,4.025625228881836,76.2,429.0,45.0,267.0,0.0,0.0,0.0,0.0,0.0,0.0,124.8907699584961,1.3381249904632568,80.3,91.0,15.0,365.0,0.0,0.0,0.0,0.0,0.0,0.0,0.0,0.0,0.0,0.0,0.0,0.0,0.0,0.0,0.0,0.0,0.0,0.0
mckenzie2003,2.2,2.2,0.5,67.75,41.400001525878906,109.1500015258789,7,4,528.0,3.04,8.0,0.0,0.0,0.0,0.0,0.0,0.0,0.0,0.0,0.0,0.0,0.0,0.0,0.0,0.0,0.0,0.0,0.0,0.0,528.3707885742188,3.041249990463257,77.9,501.0,8.0,286.0,0.0,0.0,0.0,0.0,0.0,0.0,516.1062622070312,3.134999990463257,77.7,535.0,3.0,365.0,470.07806396484375,3.541249990463257,76.9,546.0,9.0,286.0,412.1169128417969,4.025625228881836,77.6,427.0,25.0,281.0,0.0,0.0,0.0,0.0,0.0,0.0,156.19036865234375,1.6818749904632568,80.3,120.0,2.0,365.0,0.0,0.0,0.0,0.0,0.0,0.0,0.0,0.0,0.0,0.0,0.0,0.0,0.0,0.0,0.0,0.0,0.0,0.0
mckenzie2003,2.2,2.2,1.5,67.75,230.8000030517578,298.54998779296875,7,4,528.0,3.04,0.0,0.0,0.0,0.0,0.0,0.0,0.0,0.0,0.0,0.0,0.0,0.0,0.0,0.0,0.0,0.0,0.0,0.0,0.0,528.3707885742188,3.041249990463257,78.6,501.0,0.0,286.0,0.0,0.0,0.0,0.0,0.0,0.0,516.1062622070312,3.134999990463257,77.8,535.0,0.0,365.0,470.07806396484375,3.541249990463257,77.3,546.0,0.0,286.0,412.1169128417969,4.025625228881836,77.8,427.0,14.0,281.0,0.0,0.0,0.0,0.0,0.0,0.0,192.43955993652344,2.134999990463257,80.3,159.0,0.0,365.0,0.0,0.0,0.0,0.0,0.0,0.0,0.0,0.0,0.0,0.0,0.0,0.0,0.0,0.0,0.0,0.0,0.0,0.0
mckenzie2003,2.1,2.1,0.01,2.369999885559082,0.0,2.369999885559082,4,7,153.0,0.82,56.0,0.0,0.0,0.0,0.0,0.0,0.0,0.0,0.0,0.0,0.0,0.0,0.0,0.0,0.0,0.0,0.0,0.0,0.0,110.53609466552734,0.38499999046325684,63.7,73.0,40.0,286.0,0.0,0.0,0.0,0.0,0.0,0.0,94.87711334228516,0.38499999046325684,65.1,58.0,35.0,365.0,152.6023712158203,0.8224999904632568,63.0,126.0,56.0,286.0,0.0,0.0,0.0,0.0,0.0,0.0,0.0,0.0,0.0,0.0,0.0,0.0,11.145320892333984,0.10374999046325684,69.2,5.0,4.0,365.0,0.0,0.0,0.0,0.0,0.0,0.0,0.0,0.0,0.0,0.0,0.0,0.0,0.0,0.0,0.0,0.0,0.0,0.0
mckenzie2003,2.1,2.1,0.02,4.739999771118164,0.0,4.739999771118164,4,7,252.0,1.57,92.0,0.0,0.0,0.0,0.0,0.0,0.0,0.0,0.0,0.0,0.0,0.0,0.0,0.0,0.0,0.0,0.0,0.0,0.0,185.7613983154297,0.7443749904632568,65.2,136.0,68.0,286.0,0.0,0.0,0.0,0.0,0.0,0.0,159.3303985595703,0.7131249904632568,65.1,112.0,58.0,365.0,251.8899688720703,1.5724999904632568,64.7,235.0,92.0,286.0,0.0,0.0,0.0,0.0,0.0,0.0,0.0,0.0,0.0,0.0,0.0,0.0,17.632875442504883,0.16624999046325684,71.7,10.0,6.0,365.0,0.0,0.0,0.0,0.0,0.0,0.0,0.0,0.0,0.0,0.0,0.0,0.0,0.0,0.0,0.0,0.0,0.0,0.0
mckenzie2003,2.1,2.1,0.03,7.110000133514404,0.0,7.110000133514404,4,7,325.0,2.23,119.0,0.0,0.0,0.0,0.0,0.0,0.0,0.0,0.0,0.0,0.0,0.0,0.0,0.0,0.0,0.0,0.0,0.0,0.0,255.0380096435547,1.1349999904632568,65.7,194.0,93.0,286.0,0.0,0.0,0.0,0.0,0.0,0.0,216.15818786621094,1.0256249904632568,68.2,162.0,79.0,365.0,325.033935546875,2.228749990463257,65.2,334.0,119.0,286.0,0.0,0.0,0.0,0.0,0.0,0.0,0.0,0.0,0.0,0.0,0.0,0.0,23.89301872253418,0.22874999046325684,73.1,14.0,9.0,365.0,0.0,0.0,0.0,0.0,0.0,0.0,0.0,0.0,0.0,0.0,0.0,0.0,0.0,0.0,0.0,0.0,0.0,0.0
mckenzie2003,2.1,2.1,0.04,9.479999542236328,0.0,9.479999542236328,4,7,376.0,2.64,137.0,0.0,0.0,0.0,0.0,0.0,0.0,0.0,0.0,0.0,0.0,0.0,0.0,0.0,0.0,0.0,0.0,0.0,0.0,315.96954345703125,1.4787499904632568,66.3,248.0,115.0,286.0,0.0,0.0,0.0,0.0,0.0,0.0,265.1767883300781,1.3224999904632568,69.2,207.0,97.0,365.0,375.7412109375,2.634999990463257,65.6,419.0,137.0,286.0,290.0357360839844,2.291249990463257,66.3,246.0,106.0,194.0,0.0,0.0,0.0,0.0,0.0,0.0,29.872928619384766,0.29124999046325684,73.8,18.0,11.0,365.0,0.0,0.0,0.0,0.0,0.0,0.0,0.0,0.0,0.0,0.0,0.0,0.0,0.0,0.0,0.0,0.0,0.0,0.0
mckenzie2003,2.1,2.1,0.05,11.850000381469727,0.0,11.850000381469727,4,7,409.0,2.98,149.0,0.0,0.0,0.0,0.0,0.0,0.0,0.0,0.0,0.0,0.0,0.0,0.0,0.0,0.0,0.0,0.0,0.0,0.0,367.0360412597656,1.8537499904632568,66.7,298.0,134.0,286.0,0.0,0.0,0.0,0.0,0.0,0.0,306.76263427734375,1.5724999904632568,69.9,249.0,112.0,365.0,409.4973449707031,2.978749990463257,65.8,482.0,149.0,286.0,342.6014709472656,2.728749990463257,66.7,293.0,125.0,239.0,0.0,0.0,0.0,0.0,0.0,0.0,35.61791229248047,0.35374999046325684,74.5,22.0,13.0,365.0,0.0,0.0,0.0,0.0,0.0,0.0,0.0,0.0,0.0,0.0,0.0,0.0,0.0,0.0,0.0,0.0,0.0,0.0
mckenzie2003,2.1,2.1,0.06,14.170000076293945,0.0,14.170000076293945,4,7,450.0,3.42,164.0,0.0,0.0,0.0,0.0,0.0,0.0,0.0,0.0,0.0,0.0,0.0,0.0,0.0,0.0,0.0,0.0,0.0,0.0,407.9832458496094,2.103749990463257,67.0,342.0,149.0,286.0,0.0,0.0,0.0,0.0,0.0,0.0,341.5234069824219,1.8068749904632568,70.6,286.0,125.0,365.0,449.65740966796875,3.416249990463257,66.1,522.0,164.0,286.0,371.66973876953125,3.009999990463257,67.0,330.0,136.0,240.0,0.0,0.0,0.0,0.0,0.0,0.0,41.100399017333984,0.41624999046325684,75.0,26.0,15.0,365.0,0.0,0.0,0.0,0.0,0.0,0.0,0.0,0.0,0.0,0.0,0.0,0.0,0.0,0.0,0.0,0.0,0.0,0.0
mckenzie2003,2.1,2.1,0.08,18.809999465942383,0.0,18.809999465942383,4,7,467.0,3.53,167.0,0.0,0.0,0.0,0.0,0.0,0.0,0.0,0.0,0.0,0.0,0.0,0.0,0.0,0.0,0.0,0.0,0.0,0.0,464.9977722167969,2.541249990463257,68.1,418.0,170.0,286.0,0.0,0.0,0.0,0.0,0.0,0.0,394.3843078613281,2.166249990463257,71.6,351.0,141.0,365.0,466.7462463378906,3.525624990463257,67.2,537.0,167.0,286.0,408.4913635253906,3.447499990463257,68.0,388.0,149.0,244.0,0.0,0.0,0.0,0.0,0.0,0.0,51.43465042114258,0.5256249904632568,75.8,33.0,19.0,365.0,0.0,0.0,0.0,0.0,0.0,0.0,0.0,0.0,0.0,0.0,0.0,0.0,0.0,0.0,0.0,0.0,0.0,0.0
mckenzie2003,2.1,2.1,0.1,23.450000762939453,0.0,23.450000762939453,4,7,469.0,3.54,70.0,0.0,0.0,0.0,0.0,0.0,0.0,0.0,0.0,0.0,0.0,0.0,0.0,0.0,0.0,0.0,0.0,0.0,0.0,504.79779052734375,2.853749990463257,69.3,470.0,184.0,286.0,0.0,0.0,0.0,0.0,0.0,0.0,430.6641845703125,2.447499990463257,72.3,404.0,56.0,365.0,469.0345153808594,3.541249990463257,68.7,540.0,70.0,286.0,414.8030090332031,4.025625228881836,69.2,421.0,148.0,251.0,0.0,0.0,0.0,0.0,0.0,0.0,60.93741989135742,0.6193749904632568,76.5,40.0,22.0,365.0,0.0,0.0,0.0,0.0,0.0,0.0,0.0,0.0,0.0,0.0,0.0,0.0,0.0,0.0,0.0,0.0,0.0,0.0
mckenzie2003,2.1,2.1,0.12,28.09000015258789,0.0,28.09000015258789,4,7,469.0,3.54,61.0,0.0,0.0,0.0,0.0,0.0,0.0,0.0,0.0,0.0,0.0,0.0,0.0,0.0,0.0,0.0,0.0,0.0,0.0,524.8147583007812,2.994374990463257,70.2,483.0,191.0,286.0,0.0,0.0,0.0,0.0,0.0,0.0,455.830322265625,2.634999990463257,73.2,446.0,59.0,365.0,469.0345153808594,3.541249990463257,69.9,542.0,61.0,286.0,414.63262939453125,4.025625228881836,70.3,423.0,62.0,255.0,0.0,0.0,0.0,0.0,0.0,0.0,69.71703338623047,0.7131249904632568,77.2,46.0,25.0,365.0,0.0,0.0,0.0,0.0,0.0,0.0,0.0,0.0,0.0,0.0,0.0,0.0,0.0,0.0,0.0,0.0,0.0,0.0
mckenzie2003,2.1,2.1,0.15,35.04999923706055,0.0,35.04999923706055,7,4,528.0,3.04,100.0,0.0,0.0,0.0,0.0,0.0,0.0,0.0,0.0,0.0,0.0,0.0,0.0,0.0,0.0,0.0,0.0,0.0,0.0,527.94775390625,3.041249990463257,71.7,490.0,100.0,286.0,0.0,0.0,0.0,0.0,0.0,0.0,480.9734802246094,2.791249990463257,74.2,490.0,60.0,365.0,469.0345153808594,3.541249990463257,71.5,545.0,59.0,286.0,414.63262939453125,4.025625228881836,71.7,426.0,54.0,255.0,0.0,0.0,0.0,0.0,0.0,0.0,81.5844497680664,0.8224999904632568,78.0,55.0,30.0,365.0,0.0,0.0,0.0,0.0,0.0,0.0,0.0,0.0,0.0,0.0,0.0,0.0,0.0,0.0,0.0,0.0,0.0,0.0
mckenzie2003,2.1,2.1,0.2,45.95000076293945,0.0,45.95000076293945,7,4,528.0,3.04,69.0,0.0,0.0,0.0,0.0,0.0,0.0,0.0,0.0,0.0,0.0,0.0,0.0,0.0,0.0,0.0,0.0,0.0,0.0,527.94775390625,3.041249990463257,73.8,491.0,69.0,286.0,0.0,0.0,0.0,0.0,0.0,0.0,506.8216857910156,3.056874990463257,75.2,524.0,58.0,365.0,469.0345153808594,3.541249990463257,73.4,546.0,55.0,286.0,414.63262939453125,4.025625228881836,73.3,429.0,52.0,255.0,0.0,0.0,0.0,0.0,0.0,0.0,98.62604522705078,1.0256249904632568,78.8,69.0,16.0,365.0,0.0,0.0,0.0,0.0,0.0,0.0,0.0,0.0,0.0,0.0,0.0,0.0,0.0,0.0,0.0,0.0,0.0,0.0
mckenzie2003,2.1,2.1,0.3,67.75,0.0,67.75,7,4,528.0,3.04,61.0,0.0,0.0,0.0,0.0,0.0,0.0,0.0,0.0,0.0,0.0,0.0,0.0,0.0,0.0,0.0,0.0,0.0,0.0,527.94775390625,3.041249990463257,76.3,491.0,61.0,286.0,0.0,0.0,0.0,0.0,0.0,0.0,513.893798828125,3.088124990463257,76.8,535.0,43.0,365.0,469.0345153808594,3.541249990463257,75.9,546.0,43.0,286.0,413.36346435546875,4.025625228881836,76.2,429.0,45.0,267.0,0.0,0.0,0.0,0.0,0.0,0.0,124.4323959350586,1.3224999904632568,80.3,90.0,15.0,365.0,0.0,0.0,0.0,0.0,0.0,0.0,0.0,0.0,0.0,0.0,0.0,0.0,0.0,0.0,0.0,0.0,0.0,0.0
mckenzie2003,2.1,2.1,0.5,67.75,41.400001525878906,109.1500015258789,7,4,528.0,3.04,8.0,0.0,0.0,0.0,0.0,0.0,0.0,0.0,0.0,0.0,0.0,0.0,0.0,0.0,0.0,0.0,0.0,0.0,0.0,527.94775390625,3.041249990463257,77.9,491.0,8.0,286.0,0.0,0.0,0.0,0.0,0.0,0.0,515.0194091796875,3.150624990463257,77.8,535.0,3.0,365.0,469.0345153808594,3.541249990463257,77.1,546.0,9.0,286.0,411.8033447265625,4.025625228881836,77.5,427.0,24.0,281.0,0.0,0.0,0.0,0.0,0.0,0.0,155.59927368164062,1.6818749904632568,80.3,119.0,2.0,365.0,0.0,0.0,0.0,0.0,0.0,0.0,0.0,0.0,0.0,0.0,0.0,0.0,0.0,0.0,0.0,0.0,0.0,0.0
mckenzie2003,2.1,2.1,1.5,67.75,230.8000030517578,298.54998779296875,7,4,528.0,3.04,0.0,0.0,0.0,0.0,0.0,0.0,0.0,0.0,0.0,0.0,0.0,0.0,0.0,0.0,0.0,0.0,0.0,0.0,0.0,527.94775390625,3.041249990463257,78.8,491.0,0.0,286.0,0.0,0.0,0.0,0.0,0.0,0.0,515.0194091796875,3.150624990463257,78.1,535.0,0.0,365.0,469.0345153808594,3.541249990463257,77.3,546.0,0.0,286.0,411.8033447265625,4.025625228881836,77.8,427.0,14.0,281.0,0.0,0.0,0.0,0.0,0.0,0.0,191.8231964111328,2.134999990463257,80.3,158.0,0.0,365.0,0.0,0.0,0.0,0.0,0.0,0.0,0.0,0.0,0.0,0.0,0.0,0.0,0.0,0.0,0.0,0.0,0.0,0.0
mckenzie2003,2.0,2.0,0.01,2.369999885559082,0.0,2.369999885559082,4,7,153.0,0.82,56.0,0.0,0.0,0.0,0.0,0.0,0.0,0.0,0.0,0.0,0.0,0.0,0.0,0.0,0.0,0.0,0.0,0.0,0.0,110.91516876220703,0.38499999046325684,63.3,72.0,40.0,286.0,0.0,0.0,0.0,0.0,0.0,0.0,95.21334075927734,0.38499999046325684,65.1,58.0,35.0,365.0,153.11834716796875,0.8224999904632568,63.0,127.0,56.0,286.0,0.0,0.0,0.0,0.0,0.0,0.0,0.0,0.0,0.0,0.0,0.0,0.0,11.179055213928223,0.10374999046325684,64.0,5.0,4.0,365.0,0.0,0.0,0.0,0.0,0.0,0.0,0.0,0.0,0.0,0.0,0.0,0.0,0.0,0.0,0.0,0.0,0.0,0.0
mckenzie2003,2.0,2.0,0.02,4.739999771118164,0.0,4.739999771118164,4,7,253.0,1.57,92.0,0.0,0.0,0.0,0.0,0.0,0.0,0.0,0.0,0.0,0.0,0.0,0.0,0.0,0.0,0.0,0.0,0.0,0.0,186.5435028076172,0.7287499904632568,65.2,136.0,68.0,286.0,0.0,0.0,0.0,0.0,0.0,0.0,160.0228729248047,0.7287499904632568,65.0,112.0,58.0,365.0,253.0017852783203,1.5724999904632568,64.1,234.0,92.0,286.0,0.0,0.0,0.0,0.0,0.0,0.0,0.0,0.0,0.0,0.0,0.0,0.0,17.729976654052734,0.16624999046325684,69.3,10.0,6.0,365.0,0.0,0.0,0.0,0.0,0.0,0.0,0.0,0.0,0.0,0.0,0.0,0.0,0.0,0.0,0.0,0.0,0.0,0.0
mckenzie2003,2.0,2.0,0.03,7.110000133514404,0.0,7.110000133514404,4,7,327.0,2.2,119.0,0.0,0.0,0.0,0.0,0.0,0.0,0.0,0.0,0.0,0.0,0.0,0.0,0.0,0.0,0.0,0.0,0.0,0.0,256.1463317871094,1.1193749904632568,65.8,194.0,93.0,286.0,0.0,0.0,0.0,0.0,0.0,0.0,217.09913635253906,1.0412499904632568,68.2,162.0,79.0,365.0,326.5815124511719,2.197499990463257,65.3,333.0,119.0,286.0,0.0,0.0,0.0,0.0,0.0,0.0,0.0,0.0,0.0,0.0,0.0,0.0,24.02750015258789,0.22874999046325684,73.1,14.0,9.0,365.0,0.0,0.0,0.0,0.0,0.0,0.0,0.0,0.0,0.0,0.0,0.0,0.0,0.0,0.0,0.0,0.0,0.0,0.0
mckenzie2003,2.0,2.0,0.04,9.479999542236328,0.0,9.479999542236328,4,7,377.0,2.65,138.0,0.0,0.0,0.0,0.0,0.0,0.0,0.0,0.0,0.0,0.0,0.0,0.0,0.0,0.0,0.0,0.0,0.0,0.0,317.2346496582031,1.4943749904632568,66.2,248.0,116.0,286.0,0.0,0.0,0.0,0.0,0.0,0.0,266.3609313964844,1.3068749904632568,69.2,207.0,97.0,365.0,377.2933654785156,2.650624990463257,65.6,418.0,138.0,286.0,285.5082702636719,2.291249990463257,66.3,244.0,104.0,190.0,0.0,0.0,0.0,0.0,0.0,0.0,30.07330894470215,0.30687499046325684,73.8,18.0,11.0,365.0,0.0,0.0,0.0,0.0,0.0,0.0,0.0,0.0,0.0,0.0,0.0,0.0,0.0,0.0,0.0,0.0,0.0,0.0
mckenzie2003,2.0,2.0,0.05,11.850000381469727,0.0,11.850000381469727,4,7,411.0,2.95,150.0,0.0,0.0,0.0,0.0,0.0,0.0,0.0,0.0,0.0,0.0,0.0,0.0,0.0,0.0,0.0,0.0,0.0,0.0,368.3414001464844,1.8849999904632568,66.7,297.0,134.0,286.0,0.0,0.0,0.0,0.0,0.0,0.0,308.06298828125,1.6037499904632568,69.9,248.0,112.0,365.0,411.0804138183594,2.947499990463257,65.8,481.0,150.0,286.0,343.5828857421875,2.713124990463257,66.7,293.0,125.0,239.0,0.0,0.0,0.0,0.0,0.0,0.0,35.8191032409668,0.35374999046325684,74.5,22.0,13.0,365.0,0.0,0.0,0.0,0.0,0.0,0.0,0.0,0.0,0.0,0.0,0.0,0.0,0.0,0.0,0.0,0.0,0.0,0.0
mckenzie2003,2.0,2.0,0.06,14.170000076293945,0.0,14.170000076293945,4,7,452.0,3.42,165.0,0.0,0.0,0.0,0.0,0.0,0.0,0.0,0.0,0.0,0.0,0.0,0.0,0.0,0.0,0.0,0.0,0.0,0.0,409.5219421386719,2.119374990463257,67.1,342.0,149.0,286.0,0.0,0.0,0.0,0.0,0.0,0.0,342.9516906738281,1.8381249904632568,70.5,286.0,125.0,365.0,451.6202697753906,3.416249990463257,66.2,521.0,165.0,286.0,372.4873046875,2.963124990463257,67.0,329.0,136.0,240.0,0.0,0.0,0.0,0.0,0.0,0.0,41.37065505981445,0.43187499046325684,75.0,26.0,15.0,365.0,0.0,0.0,0.0,0.0,0.0,0.0,0.0,0.0,0.0,0.0,0.0,0.0,0.0,0.0,0.0,0.0,0.0,0.0
mckenzie2003,2.0,2.0,0.08,18.809999465942383,0.0,18.809999465942383,4,7,468.0,3.54,167.0,0.0,0.0,0.0,0.0,0.0,0.0,0.0,0.0,0.0,0.0,0.0,0.0,0.0,0.0,0.0,0.0,0.0,0.0,466.4230041503906,2.509999990463257,68.2,417.0,170.0,286.0,0.0,0.0,0.0,0.0,0.0,0.0,396.01531982421875,2.150624990463257,71.5,351.0,141.0,365.0,468.132080078125,3.541249990463257,67.2,536.0,167.0,286.0,409.4585266113281,3.478749990463257,68.0,387.0,149.0,244.0,0.0,0.0,0.0,0.0,0.0,0.0,51.7595100402832,0.5412499904632568,75.8,33.0,19.0,365.0,0.0,0.0,0.0,0.0,0.0,0.0,0.0,0.0,0.0,0.0,0.0,0.0,0.0,0.0,0.0,0.0,0.0,0.0
mckenzie2003,2.0,2.0,0.1,23.450000762939453,0.0,23.450000762939453,4,7,471.0,3.54,71.0,0.0,0.0,0.0,0.0,0.0,0.0,0.0,0.0,0.0,0.0,0.0,0.0,0.0,0.0,0.0,0.0,0.0,0.0,506.00341796875,2.822499990463257,69.3,469.0,185.0,286.0,0.0,0.0,0.0,0.0,0.0,0.0,432.31170654296875,2.416249990463257,72.5,403.0,56.0,365.0,470.525390625,3.541249990463257,68.6,540.0,71.0,286.0,415.40924072265625,4.025625228881836,69.2,421.0,148.0,251.0,0.0,0.0,0.0,0.0,0.0,0.0,61.29705810546875,0.6193749904632568,76.4,40.0,22.0,365.0,0.0,0.0,0.0,0.0,0.0,0.0,0.0,0.0,0.0,0.0,0.0,0.0,0.0,0.0,0.0,0.0,0.0,0.0
mckenzie2003,2.0,2.0,0.12,28.09000015258789,0.0,28.09000015258789,4,7,471.0,3.54,63.0,0.0,0.0,0.0,0.0,0.0,0.0,0.0,0.0,0.0,0.0,0.0,0.0,0.0,0.0,0.0,0.0,0.0,0.0,525.646728515625,2.978749990463257,70.2,482.0,191.0,286.0,0.0,0.0,0.0,0.0,0.0,0.0,457.3958435058594,2.666249990463257,73.3,445.0,59.0,365.0,470.525390625,3.541249990463257,69.8,542.0,63.0,286.0,415.2400817871094,4.025625228881836,70.2,422.0,62.0,255.0,0.0,0.0,0.0,0.0,0.0,0.0,70.12024688720703,0.7443749904632568,77.2,46.0,26.0,365.0,0.0,0.0,0.0,0.0,0.0,0.0,0.0,0.0,0.0,0.0,0.0,0.0,0.0,0.0,0.0,0.0,0.0,0.0
mckenzie2003,2.0,2.0,0.15,35.04999923706055,0.0,35.04999923706055,7,4,529.0,3.06,100.0,0.0,0.0,0.0,0.0,0.0,0.0,0.0,0.0,0.0,0.0,0.0,0.0,0.0,0.0,0.0,0.0,0.0,0.0,528.75048828125,3.056874990463257,71.7,490.0,100.0,286.0,0.0,0.0,0.0,0.0,0.0,0.0,482.63677978515625,2.806874990463257,74.3,489.0,60.0,365.0,470.525390625,3.541249990463257,71.5,544.0,59.0,286.0,415.2400817871094,4.025625228881836,71.6,425.0,54.0,255.0,0.0,0.0,0.0,0.0,0.0,0.0,82.12722778320312,0.8537499904632568,77.8,55.0,30.0,365.0,0.0,0.0,0.0,0.0,0.0,0.0,0.0,0.0,0.0,0.0,0.0,0.0,0.0,0.0,0.0,0.0,0.0,0.0
mckenzie2003,2.0,2.0,0.2,45.95000076293945,0.0,45.95000076293945,7,4,529.0,3.06,69.0,0.0,0.0,0.0,0.0,0.0,0.0,0.0,0.0,0.0,0.0,0.0,0.0,0.0,0.0,0.0,0.0,0.0,0.0,528.75048828125,3.056874990463257,73.7,491.0,69.0,286.0,0.0,0.0,0.0,0.0,0.0,0.0,508.5200500488281,3.088124990463257,75.0,524.0,58.0,365.0,470.525390625,3.541249990463257,73.3,546.0,55.0,286.0,415.2400817871094,4.025625228881836,73.3,429.0,52.0,255.0,0.0,0.0,0.0,0.0,0.0,0.0,99.1962890625,1.0412499904632568,78.8,69.0,16.0,365.0,0.0,0.0,0.0,0.0,0.0,0.0,0.0,0.0,0.0,0.0,0.0,0.0,0.0,0.0,0.0,0.0,0.0,0.0
mckenzie2003,2.0,2.0,0.3,67.75,0.0,67.75,7,4,529.0,3.06,61.0,0.0,0.0,0.0,0.0,0.0,0.0,0.0,0.0,0.0,0.0,0.0,0.0,0.0,0.0,0.0,0.0,0.0,0.0,528.75048828125,3.056874990463257,76.2,491.0,61.0,286.0,0.0,0.0,0.0,0.0,0.0,0.0,515.1026611328125,3.103749990463257,76.8,534.0,43.0,365.0,470.525390625,3.541249990463257,75.7,546.0,44.0,286.0,413.9663391113281,4.025625228881836,76.2,428.0,45.0,267.0,0.0,0.0,0.0,0.0,0.0,0.0,125.14742279052734,1.3224999904632568,80.3,90.0,15.0,365.0,0.0,0.0,0.0,0.0,0.0,0.0,0.0,0.0,0.0,0.0,0.0,0.0,0.0,0.0,0.0,0.0,0.0,0.0
mckenzie2003,2.0,2.0,0.5,67.75,41.400001525878906,109.1500015258789,7,4,529.0,3.06,8.0,0.0,0.0,0.0,0.0,0.0,0.0,0.0,0.0,0.0,0.0,0.0,0.0,0.0,0.0,0.0,0.0,0.0,0.0,528.75048828125,3.056874990463257,77.9,491.0,8.0,286.0,0.0,0.0,0.0,0.0,0.0,0.0,516.585693359375,3.119374990463257,77.8,534.0,3.0,365.0,470.525390625,3.541249990463257,77.0,546.0,9.0,286.0,412.4012145996094,4.025625228881836,77.6,427.0,25.0,281.0,0.0,0.0,0.0,0.0,0.0,0.0,156.44752502441406,1.7131249904632568,80.3,120.0,2.0,365.0,0.0,0.0,0.0,0.0,0.0,0.0,0.0,0.0,0.0,0.0,0.0,0.0,0.0,0.0,0.0,0.0,0.0,0.0
mckenzie2003,2.0,2.0,1.5,67.75,230.8000030517578,298.54998779296875,7,4,529.0,3.06,0.0,0.0,0.0,0.0,0.0,0.0,0.0,0.0,0.0,0.0,0.0,0.0,0.0,0.0,0.0,0.0,0.0,0.0,0.0,528.75048828125,3.056874990463257,78.7,491.0,0.0,286.0,0.0,0.0,0.0,0.0,0.0,0.0,516.585693359375,3.119374990463257,77.9,534.0,0.0,365.0,470.525390625,3.541249990463257,77.3,546.0,0.0,286.0,412.4012145996094,4.025625228881836,77.8,427.0,14.0,281.0,0.0,0.0,0.0,0.0,0.0,0.0,192.77781677246094,2.103749990463257,80.3,158.0,0.0,365.0,0.0,0.0,0.0,0.0,0.0,0.0,0.0,0.0,0.0,0.0,0.0,0.0,0.0,0.0,0.0,0.0,0.0,0.0
