mode,source_csv,resolution_m,ka_bp,n_cells,area_m2,mean_elevation_m,sd_elevation_m,elevation_m_mean_sd,min_elevation_m,max_elevation_m,mean_soil_depth_m,sd_soil_depth_m,soil_depth_m_mean_sd,min_soil_depth_m,max_soil_depth_m,mean_slope,sd_slope,slope_mean_sd,min_slope,max_slope,mean_npp,sd_npp,npp_mean_sd,min_npp,max_npp,mean_eemt,sd_eemt,eemt_mean_sd,min_eemt,max_eemt,relief_m,dominant_vegetation_code,vegetation_class_richness,vegetation_min_code,vegetation_max_code,vegetation_class_counts,vegetation_nonvegetated_cell_count,vegetation_unclassified_cell_count,vegetation_unclassified_fraction,case,geomorph_dynamic,biome4_variant,reich_lai_sapwood_agb_mean_kg_m2,reich_lai_sapwood_agb_median_kg_m2,reich_lai_sapwood_agb_p05_kg_m2,reich_lai_sapwood_agb_p95_kg_m2,reich_lai_sapwood_agb_max_kg_m2,legacy_0010_agb_mean_kg_m2,legacy_0010_agb_median_kg_m2,legacy_0010_agb_p95_kg_m2,reich_lai_sapwood_to_legacy_ratio_mean,reich_lai_sapwood_to_legacy_ratio_median,reich_lai_sapwood_pft00_count,reich_lai_sapwood_pft00_agb_sum_kg_m2_cells,reich_lai_sapwood_pft01_count,reich_lai_sapwood_pft01_agb_sum_kg_m2_cells,reich_lai_sapwood_pft02_count,reich_lai_sapwood_pft02_agb_sum_kg_m2_cells,reich_lai_sapwood_pft03_count,reich_lai_sapwood_pft03_agb_sum_kg_m2_cells,reich_lai_sapwood_pft04_count,reich_lai_sapwood_pft04_agb_sum_kg_m2_cells,reich_lai_sapwood_pft05_count,reich_lai_sapwood_pft05_agb_sum_kg_m2_cells,reich_lai_sapwood_pft06_count,reich_lai_sapwood_pft06_agb_sum_kg_m2_cells,reich_lai_sapwood_pft07_count,reich_lai_sapwood_pft07_agb_sum_kg_m2_cells,reich_lai_sapwood_pft08_count,reich_lai_sapwood_pft08_agb_sum_kg_m2_cells,reich_lai_sapwood_pft09_count,reich_lai_sapwood_pft09_agb_sum_kg_m2_cells,reich_lai_sapwood_pft10_count,reich_lai_sapwood_pft10_agb_sum_kg_m2_cells,reich_lai_sapwood_pft11_count,reich_lai_sapwood_pft11_agb_sum_kg_m2_cells,reich_lai_sapwood_pft12_count,reich_lai_sapwood_pft12_agb_sum_kg_m2_cells,reich_lai_sapwood_pft13_count,reich_lai_sapwood_pft13_agb_sum_kg_m2_cells,geomorph_accepted_substeps_to_next,geomorph_rejected_substeps_to_next,geomorph_rejected_fluvial_trials_to_next,geomorph_min_dt_kyr_to_next,geomorph_max_dt_kyr_to_next,geomorph_fluvial_tolerance_m,geomorph_max_accepted_fluvial_change_m_to_next
static,model_static/summary_timeseries.csv,20,21.0,298,119200.0,1163.0774822875155,14.20121742195375,1163 ± 14.2,1136.41357421875,1211.7552490234375,1.940387676626244,0.0022496970965876,1.94 ± 0.00225,1.940000057220459,1.9574874639511108,0.3721090606572333,0.227557946985991,0.3721 ± 0.2276,0.0274833136904463,1.5032500055566438,270.0,0.0,270 ± 0,270.0,270.0,54.4341240953279,0.0033940222320541,54.43 ± 0.003394,54.42782974243164,54.43901824951172,75.3416748046875,0,1,0,0,0:298,0,0,0.0,model_static,False,mckenzie2003,2.7843738290287505,2.7760167121887207,2.7760167121887207,2.7988646030426025,2.7988646030426025,2.7,2.7,2.7,1.0312495663069443,1.0281543378476743,0,0.0,0,0.0,0,0.0,0,0.0,0,0.0,0,0.0,298,829.7434010505676,0,0.0,0,0.0,0,0.0,0,0.0,0,0.0,0,0.0,0,0.0,,,,,,,
static,model_static/summary_timeseries.csv,20,20.9,298,119200.0,1163.0774822875155,14.20121742195375,1163 ± 14.2,1136.41357421875,1211.7552490234375,1.940387676626244,0.0022496970965876,1.94 ± 0.00225,1.940000057220459,1.9574874639511108,0.3721090606572333,0.227557946985991,0.3721 ± 0.2276,0.0274833136904463,1.5032500055566438,284.0,0.0,284 ± 0,284.0,284.0,54.69596354593367,0.0016147713757334,54.7 ± 0.001615,54.69206619262695,54.69884490966797,75.3416748046875,0,1,0,0,0:298,0,0,0.0,model_static,False,mckenzie2003,2.867254934054893,2.867408275604248,2.867408275604248,2.867408275604248,2.867408275604248,2.84,2.84,2.84,1.0095968077658075,1.0096508012691014,0,0.0,0,0.0,0,0.0,0,0.0,0,0.0,0,0.0,298,854.4419703483582,0,0.0,0,0.0,0,0.0,0,0.0,0,0.0,0,0.0,0,0.0,,,,,,,
static,model_static/summary_timeseries.csv,20,20.8,298,119200.0,1163.0774822875155,14.20121742195375,1163 ± 14.2,1136.41357421875,1211.7552490234375,1.940387676626244,0.0022496970965876,1.94 ± 0.00225,1.940000057220459,1.9574874639511108,0.3721090606572333,0.227557946985991,0.3721 ± 0.2276,0.0274833136904463,1.5032500055566438,285.8489932885906,0.3580554210156793,285.8 ± 0.3581,285.0,286.0,54.80182807717547,0.0186462158953981,54.8 ± 0.01865,54.7552375793457,54.8132438659668,75.3416748046875,0,1,0,0,0:298,0,0,0.0,model_static,False,mckenzie2003,2.8436019172604454,2.833136320114136,2.833136320114136,2.867408275604248,2.867408275604248,2.858489932885906,2.86,2.86,0.994797625215549,0.9906071049350126,0,0.0,0,0.0,0,0.0,0,0.0,0,0.0,0,0.0,298,847.3933713436127,0,0.0,0,0.0,0,0.0,0,0.0,0,0.0,0,0.0,0,0.0,,,,,,,
static,model_static/summary_timeseries.csv,20,20.7,298,119200.0,1163.0774822875155,14.20121742195375,1163 ± 14.2,1136.41357421875,1211.7552490234375,1.940387676626244,0.0022496970965876,1.94 ± 0.00225,1.940000057220459,1.9574874639511108,0.3721090606572333,0.227557946985991,0.3721 ± 0.2276,0.0274833136904463,1.5032500055566438,282.3288590604027,0.4697986577181208,282.3 ± 0.4698,282.0,283.0,55.82393170043126,0.0204174134320504,55.82 ± 0.02042,55.8046760559082,55.85511016845703,75.3416748046875,0,1,0,0,0:298,0,0,0.0,model_static,False,mckenzie2003,2.8500423335389,2.844560384750366,2.833136320114136,2.867408275604248,2.867408275604248,2.823288590604027,2.82,2.83,1.0094728807978084,1.0087093562944562,0,0.0,0,0.0,0,0.0,0,0.0,0,0.0,0,0.0,298,849.3126153945923,0,0.0,0,0.0,0,0.0,0,0.0,0,0.0,0,0.0,0,0.0,,,,,,,
static,model_static/summary_timeseries.csv,20,20.6,298,119200.0,1163.0774822875155,14.20121742195375,1163 ± 14.2,1136.41357421875,1211.7552490234375,1.940387676626244,0.0022496970965876,1.94 ± 0.00225,1.940000057220459,1.9574874639511108,0.3721090606572333,0.227557946985991,0.3721 ± 0.2276,0.0274833136904463,1.5032500055566438,285.0,0.0,285 ± 0,285.0,285.0,55.60274312320172,0.0013309327213762,55.6 ± 0.001331,55.59366226196289,55.604713439941406,75.3416748046875,0,1,0,0,0:298,0,0,0.0,model_static,False,mckenzie2003,2.842298554894108,2.844560384750366,2.833136320114136,2.867408275604248,2.867408275604248,2.8500000000000005,2.85,2.85,0.9972977385593362,0.998091363070304,0,0.0,0,0.0,0,0.0,0,0.0,0,0.0,0,0.0,298,847.0049693584442,0,0.0,0,0.0,0,0.0,0,0.0,0,0.0,0,0.0,0,0.0,,,,,,,
static,model_static/summary_timeseries.csv,20,20.5,298,119200.0,1163.0774822875155,14.20121742195375,1163 ± 14.2,1136.41357421875,1211.7552490234375,1.940387676626244,0.0022496970965876,1.94 ± 0.00225,1.940000057220459,1.9574874639511108,0.3721090606572333,0.227557946985991,0.3721 ± 0.2276,0.0274833136904463,1.5032500055566438,287.98993288590606,0.0998286898029766,288 ± 0.09983,287.0,288.0,53.000161715001866,0.0051318571289294,53 ± 0.005132,52.950984954833984,53.0036506652832,75.3416748046875,0,1,0,0,0:298,0,0,0.0,model_static,False,mckenzie2003,2.89025616645813,2.89025616645813,2.89025616645813,2.89025616645813,2.89025616645813,2.87989932885906,2.88,2.88,1.0035963708769742,1.0035611689090729,0,0.0,0,0.0,0,0.0,0,0.0,0,0.0,0,0.0,298,861.2963376045227,0,0.0,0,0.0,0,0.0,0,0.0,0,0.0,0,0.0,0,0.0,,,,,,,
static,model_static/summary_timeseries.csv,20,20.4,298,119200.0,1163.0774822875155,14.20121742195375,1163 ± 14.2,1136.41357421875,1211.7552490234375,1.940387676626244,0.0022496970965876,1.94 ± 0.00225,1.940000057220459,1.9574874639511108,0.3721090606572333,0.227557946985991,0.3721 ± 0.2276,0.0274833136904463,1.5032500055566438,281.0,0.0,281 ± 0,281.0,281.0,52.76498423326736,0.0029857690889273,52.76 ± 0.002986,52.76165390014648,52.771034240722656,75.3416748046875,0,1,0,0,0:298,0,0,0.0,model_static,False,mckenzie2003,2.834094825206987,2.844560384750366,2.810288667678833,2.844560384750366,2.844560384750366,2.81,2.81,2.81,1.008574670892166,1.0122990693061802,0,0.0,0,0.0,0,0.0,0,0.0,0,0.0,0,0.0,298,844.5602579116821,0,0.0,0,0.0,0,0.0,0,0.0,0,0.0,0,0.0,0,0.0,,,,,,,
static,model_static/summary_timeseries.csv,20,20.3,298,119200.0,1163.0774822875155,14.20121742195375,1163 ± 14.2,1136.41357421875,1211.7552490234375,1.940387676626244,0.0022496970965876,1.94 ± 0.00225,1.940000057220459,1.9574874639511108,0.3721090606572333,0.227557946985991,0.3721 ± 0.2276,0.0274833136904463,1.5032500055566438,284.0,0.0,284 ± 0,284.0,284.0,54.54056342976205,0.0058339007013942,54.54 ± 0.005834,54.52579498291016,54.5452995300293,75.3416748046875,0,1,0,0,0:298,0,0,0.0,model_static,False,mckenzie2003,2.81442878870356,2.7988646030426025,2.7988646030426025,2.867408275604248,2.867408275604248,2.84,2.84,2.84,0.9909960523604084,0.9855157052966912,0,0.0,0,0.0,0,0.0,0,0.0,0,0.0,0,0.0,298,838.6997790336609,0,0.0,0,0.0,0,0.0,0,0.0,0,0.0,0,0.0,0,0.0,,,,,,,
static,model_static/summary_timeseries.csv,20,20.2,298,119200.0,1163.0774822875155,14.20121742195375,1163 ± 14.2,1136.41357421875,1211.7552490234375,1.940387676626244,0.0022496970965876,1.94 ± 0.00225,1.940000057220459,1.9574874639511108,0.3721090606572333,0.227557946985991,0.3721 ± 0.2276,0.0274833136904463,1.5032500055566438,284.0,0.0,284 ± 0,284.0,284.0,53.613964349631495,0.0015885004012996,53.61 ± 0.001589,53.6090087890625,53.616798400878906,75.3416748046875,0,1,0,0,0:298,0,0,0.0,model_static,False,mckenzie2003,2.8673316048295705,2.867408275604248,2.867408275604248,2.867408275604248,2.867408275604248,2.84,2.84,2.84,1.0096238045174546,1.0096508012691014,0,0.0,0,0.0,0,0.0,0,0.0,0,0.0,0,0.0,298,854.464818239212,0,0.0,0,0.0,0,0.0,0,0.0,0,0.0,0,0.0,0,0.0,,,,,,,
static,model_static/summary_timeseries.csv,20,20.1,298,119200.0,1163.0774822875155,14.20121742195375,1163 ± 14.2,1136.41357421875,1211.7552490234375,1.940387676626244,0.0022496970965876,1.94 ± 0.00225,1.940000057220459,1.9574874639511108,0.3721090606572333,0.227557946985991,0.3721 ± 0.2276,0.0274833136904463,1.5032500055566438,291.0,0.0,291 ± 0,291.0,291.0,57.57706256840853,0.0015332029326696,57.58 ± 0.001533,57.57209777832031,57.57999801635742,75.3416748046875,0,1,0,0,0:298,0,0,0.0,model_static,False,mckenzie2003,2.8901794956834523,2.89025616645813,2.89025616645813,2.89025616645813,2.89025616645813,2.91,2.91,2.91,0.9931888301317704,0.9932151774770204,0,0.0,0,0.0,0,0.0,0,0.0,0,0.0,0,0.0,298,861.2734897136688,0,0.0,0,0.0,0,0.0,0,0.0,0,0.0,0,0.0,0,0.0,,,,,,,
static,model_static/summary_timeseries.csv,20,20.0,298,119200.0,1163.0774822875155,14.20121742195375,1163 ± 14.2,1136.41357421875,1211.7552490234375,1.940387676626244,0.0022496970965876,1.94 ± 0.00225,1.940000057220459,1.9574874639511108,0.3721090606572333,0.227557946985991,0.3721 ± 0.2276,0.0274833136904463,1.5032500055566438,293.0,0.0,293 ± 0,293.0,293.0,56.32850776262731,0.0009296688576866,56.33 ± 0.0009297,56.32661819458008,56.33053588867188,75.3416748046875,0,1,0,0,0:298,0,0,0.0,model_static,False,mckenzie2003,2.891061174789531,2.89025616645813,2.867408275604248,2.901679992675781,2.901679992675781,2.93,2.93,2.93,0.98671029856298,0.9864355516921944,0,0.0,0,0.0,0,0.0,0,0.0,0,0.0,0,0.0,298,861.5362300872803,0,0.0,0,0.0,0,0.0,0,0.0,0,0.0,0,0.0,0,0.0,,,,,,,
static,model_static/summary_timeseries.csv,20,19.9,298,119200.0,1163.0774822875155,14.20121742195375,1163 ± 14.2,1136.41357421875,1211.7552490234375,1.940387676626244,0.0022496970965876,1.94 ± 0.00225,1.940000057220459,1.9574874639511108,0.3721090606572333,0.227557946985991,0.3721 ± 0.2276,0.0274833136904463,1.5032500055566438,294.4127516778523,0.4923288842658124,294.4 ± 0.4923,294.0,295.0,55.160477042998245,0.0238722506929254,55.16 ± 0.02387,55.13188171386719,55.19028854370117,75.3416748046875,0,1,0,0,0:298,0,0,0.0,model_static,False,mckenzie2003,2.868443299459931,2.867408275604248,2.844560384750366,2.901679992675781,2.901679992675781,2.944127516778524,2.94,2.95,0.9742969050945282,0.9720028052895756,0,0.0,0,0.0,0,0.0,0,0.0,0,0.0,0,0.0,298,854.7961032390594,0,0.0,0,0.0,0,0.0,0,0.0,0,0.0,0,0.0,0,0.0,,,,,,,
static,model_static/summary_timeseries.csv,20,19.8,298,119200.0,1163.0774822875155,14.20121742195375,1163 ± 14.2,1136.41357421875,1211.7552490234375,1.940387676626244,0.0022496970965876,1.94 ± 0.00225,1.940000057220459,1.9574874639511108,0.3721090606572333,0.227557946985991,0.3721 ± 0.2276,0.0274833136904463,1.5032500055566438,291.0,0.0,291 ± 0,291.0,291.0,57.560314101660815,0.0012894305028946,57.56 ± 0.001289,57.5544548034668,57.56306076049805,75.3416748046875,0,1,0,0,0:298,0,0,0.0,model_static,False,mckenzie2003,2.887189335471032,2.89025616645813,2.867408275604248,2.89025616645813,2.89025616645813,2.91,2.91,2.91,0.992161283667021,0.9932151774770204,0,0.0,0,0.0,0,0.0,0,0.0,0,0.0,0,0.0,298,860.3824219703674,0,0.0,0,0.0,0,0.0,0,0.0,0,0.0,0,0.0,0,0.0,,,,,,,
static,model_static/summary_timeseries.csv,20,19.7,298,119200.0,1163.0774822875155,14.20121742195375,1163 ± 14.2,1136.41357421875,1211.7552490234375,1.940387676626244,0.0022496970965876,1.94 ± 0.00225,1.940000057220459,1.9574874639511108,0.3721090606572333,0.227557946985991,0.3721 ± 0.2276,0.0274833136904463,1.5032500055566438,286.0,0.0,286 ± 0,286.0,286.0,56.821148776368005,0.0028349193426814,56.82 ± 0.002835,56.814937591552734,56.82730865478516,75.3416748046875,0,1,0,0,0:298,0,0,0.0,model_static,False,mckenzie2003,2.845058714783432,2.844560384750366,2.833136320114136,2.867408275604248,2.867408275604248,2.86,2.86,2.86,0.9947757743998016,0.9946015331294988,0,0.0,0,0.0,0,0.0,0,0.0,0,0.0,0,0.0,298,847.8274970054626,0,0.0,0,0.0,0,0.0,0,0.0,0,0.0,0,0.0,0,0.0,,,,,,,
static,model_static/summary_timeseries.csv,20,19.6,298,119200.0,1163.0774822875155,14.20121742195375,1163 ± 14.2,1136.41357421875,1211.7552490234375,1.940387676626244,0.0022496970965876,1.94 ± 0.00225,1.940000057220459,1.9574874639511108,0.3721090606572333,0.227557946985991,0.3721 ± 0.2276,0.0274833136904463,1.5032500055566438,241.0,0.0,241 ± 0,241.0,241.0,51.529473477562,0.0022374719544815,51.53 ± 0.002237,51.50986862182617,51.53253555297852,75.3416748046875,0,1,0,0,0:298,0,0,0.0,model_static,False,mckenzie2003,2.631262527216201,2.638929605484009,2.616081714630127,2.638929605484009,2.673201322555542,2.41,2.41,2.41,1.091810177268133,1.0949915375452317,0,0.0,0,0.0,0,0.0,0,0.0,0,0.0,0,0.0,298,784.1162331104279,0,0.0,0,0.0,0,0.0,0,0.0,0,0.0,0,0.0,0,0.0,,,,,,,
static,model_static/summary_timeseries.csv,20,19.5,298,119200.0,1163.0774822875155,14.20121742195375,1163 ± 14.2,1136.41357421875,1211.7552490234375,1.940387676626244,0.0022496970965876,1.94 ± 0.00225,1.940000057220459,1.9574874639511108,0.3721090606572333,0.227557946985991,0.3721 ± 0.2276,0.0274833136904463,1.5032500055566438,287.0,0.0,287 ± 0,287.0,287.0,57.01937222320761,0.0031676553954912,57.02 ± 0.003168,57.00796508789063,57.02390670776367,75.3416748046875,0,1,0,0,0:298,0,0,0.0,model_static,False,mckenzie2003,2.8293029093902384,2.833136320114136,2.810288667678833,2.867408275604248,2.867408275604248,2.870000000000001,2.87,2.87,0.9858198290558322,0.9871555122348904,0,0.0,0,0.0,0,0.0,0,0.0,0,0.0,0,0.0,298,843.132266998291,0,0.0,0,0.0,0,0.0,0,0.0,0,0.0,0,0.0,0,0.0,,,,,,,
static,model_static/summary_timeseries.csv,20,19.4,298,119200.0,1163.0774822875155,14.20121742195375,1163 ± 14.2,1136.41357421875,1211.7552490234375,1.940387676626244,0.0022496970965876,1.94 ± 0.00225,1.940000057220459,1.9574874639511108,0.3721090606572333,0.227557946985991,0.3721 ± 0.2276,0.0274833136904463,1.5032500055566438,286.0,0.0,286 ± 0,286.0,286.0,54.69555003531027,0.0009170485059634,54.7 ± 0.000917,54.69089126586914,54.69725799560547,75.3416748046875,0,1,0,0,0:298,0,0,0.0,model_static,False,mckenzie2003,2.851959106106086,2.844560384750366,2.833136320114136,2.867408275604248,2.867408275604248,2.86,2.86,2.86,0.9971884986384918,0.9946015331294988,0,0.0,0,0.0,0,0.0,0,0.0,0,0.0,0,0.0,298,849.8838136196136,0,0.0,0,0.0,0,0.0,0,0.0,0,0.0,0,0.0,0,0.0,,,,,,,
static,model_static/summary_timeseries.csv,20,19.3,298,119200.0,1163.0774822875155,14.20121742195375,1163 ± 14.2,1136.41357421875,1211.7552490234375,1.940387676626244,0.0022496970965876,1.94 ± 0.00225,1.940000057220459,1.9574874639511108,0.3721090606572333,0.227557946985991,0.3721 ± 0.2276,0.0274833136904463,1.5032500055566438,288.0,0.0,288 ± 0,288.0,288.0,57.69513578222902,0.0018022524318158,57.7 ± 0.001802,57.680755615234375,57.70053482055664,75.3416748046875,0,1,0,0,0:298,0,0,0.0,model_static,False,mckenzie2003,2.8278461062668154,2.833136320114136,2.810288667678833,2.833136320114136,2.89025616645813,2.8799999999999994,2.88,2.88,0.981891009120422,0.9837278889285194,0,0.0,0,0.0,0,0.0,0,0.0,0,0.0,0,0.0,298,842.698139667511,0,0.0,0,0.0,0,0.0,0,0.0,0,0.0,0,0.0,0,0.0,,,,,,,
static,model_static/summary_timeseries.csv,20,19.2,298,119200.0,1163.0774822875155,14.20121742195375,1163 ± 14.2,1136.41357421875,1211.7552490234375,1.940387676626244,0.0022496970965876,1.94 ± 0.00225,1.940000057220459,1.9574874639511108,0.3721090606572333,0.227557946985991,0.3721 ± 0.2276,0.0274833136904463,1.5032500055566438,284.0,0.0,284 ± 0,284.0,284.0,56.75148732230167,0.0016461653967957,56.75 ± 0.001646,56.73729705810547,56.75465774536133,75.3416748046875,0,1,0,0,0:298,0,0,0.0,model_static,False,mckenzie2003,2.8108253455002035,2.810288667678833,2.7988646030426025,2.810288667678833,2.867408275604248,2.84,2.84,2.84,0.9897272343310576,0.9895382632671949,0,0.0,0,0.0,0,0.0,0,0.0,0,0.0,0,0.0,298,837.6259529590607,0,0.0,0,0.0,0,0.0,0,0.0,0,0.0,0,0.0,0,0.0,,,,,,,
static,model_static/summary_timeseries.csv,20,19.1,298,119200.0,1163.0774822875155,14.20121742195375,1163 ± 14.2,1136.41357421875,1211.7552490234375,1.940387676626244,0.0022496970965876,1.94 ± 0.00225,1.940000057220459,1.9574874639511108,0.3721090606572333,0.227557946985991,0.3721 ± 0.2276,0.0274833136904463,1.5032500055566438,284.0,0.0,284 ± 0,284.0,284.0,55.58279810655837,0.0073239715591837,55.58 ± 0.007324,55.56858444213867,55.5899658203125,75.3416748046875,0,1,0,0,0:298,0,0,0.0,model_static,False,mckenzie2003,2.82002573685358,2.7988646030426025,2.7988646030426025,2.867408275604248,2.867408275604248,2.84,2.84,2.84,0.9929668087512608,0.9855157052966912,0,0.0,0,0.0,0,0.0,0,0.0,0,0.0,0,0.0,298,840.367669582367,0,0.0,0,0.0,0,0.0,0,0.0,0,0.0,0,0.0,0,0.0,,,,,,,
static,model_static/summary_timeseries.csv,20,19.0,298,119200.0,1163.0774822875155,14.20121742195375,1163 ± 14.2,1136.41357421875,1211.7552490234375,1.940387676626244,0.0022496970965876,1.94 ± 0.00225,1.940000057220459,1.9574874639511108,0.3721090606572333,0.227557946985991,0.3721 ± 0.2276,0.0274833136904463,1.5032500055566438,285.0,0.0,285 ± 0,285.0,285.0,56.96817111328944,0.001144296730716,56.97 ± 0.001144,56.95905303955078,56.97016143798828,75.3416748046875,0,1,0,0,0:298,0,0,0.0,model_static,False,mckenzie2003,2.8096752454770493,2.810288667678833,2.7988646030426025,2.833136320114136,2.833136320114136,2.8500000000000005,2.85,2.85,0.9858509633252804,0.9860661991855554,0,0.0,0,0.0,0,0.0,0,0.0,0,0.0,0,0.0,298,837.2832231521606,0,0.0,0,0.0,0,0.0,0,0.0,0,0.0,0,0.0,0,0.0,,,,,,,
static,model_static/summary_timeseries.csv,20,18.9,298,119200.0,1163.0774822875155,14.20121742195375,1163 ± 14.2,1136.41357421875,1211.7552490234375,1.940387676626244,0.0022496970965876,1.94 ± 0.00225,1.940000057220459,1.9574874639511108,0.3721090606572333,0.227557946985991,0.3721 ± 0.2276,0.0274833136904463,1.5032500055566438,279.99328859060404,0.0816478191986338,280 ± 0.08165,279.0,280.0,55.13119012717433,0.0041141589267473,55.13 ± 0.004114,55.08603286743164,55.136417388916016,75.3416748046875,0,1,0,0,0:298,0,0,0.0,model_static,False,mckenzie2003,2.8173422653403057,2.810288667678833,2.7988646030426025,2.833136320114136,2.833136320114136,2.7999328859060406,2.8000000000000003,2.8000000000000003,1.0062177116694062,1.0036745241710117,0,0.0,0,0.0,0,0.0,0,0.0,0,0.0,0,0.0,298,839.5679950714111,0,0.0,0,0.0,0,0.0,0,0.0,0,0.0,0,0.0,0,0.0,,,,,,,
static,model_static/summary_timeseries.csv,20,18.8,298,119200.0,1163.0774822875155,14.20121742195375,1163 ± 14.2,1136.41357421875,1211.7552490234375,1.940387676626244,0.0022496970965876,1.94 ± 0.00225,1.940000057220459,1.9574874639511108,0.3721090606572333,0.227557946985991,0.3721 ± 0.2276,0.0274833136904463,1.5032500055566438,282.0,0.0,282 ± 0,282.0,282.0,56.31886758740316,0.0019980284849167,56.32 ± 0.001998,56.31134414672852,56.32077407836914,75.3416748046875,0,1,0,0,0:298,0,0,0.0,model_static,False,mckenzie2003,2.8213291568244063,2.810288667678833,2.810288667678833,2.844560384750366,2.844560384750366,2.82,2.82,2.82,1.0004713322072365,0.996556265134338,0,0.0,0,0.0,0,0.0,0,0.0,0,0.0,0,0.0,298,840.7560887336731,0,0.0,0,0.0,0,0.0,0,0.0,0,0.0,0,0.0,0,0.0,,,,,,,
static,model_static/summary_timeseries.csv,20,18.7,298,119200.0,1163.0774822875155,14.20121742195375,1163 ± 14.2,1136.41357421875,1211.7552490234375,1.940387676626244,0.0022496970965876,1.94 ± 0.00225,1.940000057220459,1.9574874639511108,0.3721090606572333,0.227557946985991,0.3721 ± 0.2276,0.0274833136904463,1.5032500055566438,281.996644295302,0.0578311675825976,282 ± 0.05783,281.0,282.0,57.41669621563598,0.0031983782055243,57.42 ± 0.003198,57.36689758300781,57.419315338134766,75.3416748046875,0,1,0,0,0:298,0,0,0.0,model_static,False,mckenzie2003,2.8429119458934604,2.844560384750366,2.833136320114136,2.844560384750366,2.844560384750366,2.81996644295302,2.82,2.82,1.0081368495251375,1.0087093562944562,0,0.0,0,0.0,0,0.0,0,0.0,0,0.0,0,0.0,298,847.1877598762512,0,0.0,0,0.0,0,0.0,0,0.0,0,0.0,0,0.0,0,0.0,,,,,,,
static,model_static/summary_timeseries.csv,20,18.6,298,119200.0,1163.0774822875155,14.20121742195375,1163 ± 14.2,1136.41357421875,1211.7552490234375,1.940387676626244,0.0022496970965876,1.94 ± 0.00225,1.940000057220459,1.9574874639511108,0.3721090606572333,0.227557946985991,0.3721 ± 0.2276,0.0274833136904463,1.5032500055566438,280.0,0.0,280 ± 0,280.0,280.0,59.29340018201994,0.0057665690378697,59.29 ± 0.005767,59.28556060791016,59.30112075805664,75.3416748046875,0,1,0,0,0:298,0,0,0.0,model_static,False,mckenzie2003,2.82232585849378,2.844560384750366,2.7988646030426025,2.844560384750366,2.844560384750366,2.8000000000000003,2.8000000000000003,2.8000000000000003,1.0079735208906353,1.0159144231251307,0,0.0,0,0.0,0,0.0,0,0.0,0,0.0,0,0.0,298,841.0531058311462,0,0.0,0,0.0,0,0.0,0,0.0,0,0.0,0,0.0,0,0.0,,,,,,,
static,model_static/summary_timeseries.csv,20,18.5,298,119200.0,1163.0774822875155,14.20121742195375,1163 ± 14.2,1136.41357421875,1211.7552490234375,1.940387676626244,0.0022496970965876,1.94 ± 0.00225,1.940000057220459,1.9574874639511108,0.3721090606572333,0.227557946985991,0.3721 ± 0.2276,0.0274833136904463,1.5032500055566438,276.39261744966444,0.4883328658644927,276.4 ± 0.4883,276.0,277.0,58.494966481356016,0.0212503682720993,58.49 ± 0.02125,58.47604370117188,58.523399353027344,75.3416748046875,0,1,0,0,0:298,0,0,0.0,model_static,False,mckenzie2003,2.783338777970948,2.7760167121887207,2.7645928859710693,2.7988646030426025,2.7988646030426025,2.763926174496645,2.76,2.77,1.0070200323544456,1.0058031565901162,0,0.0,0,0.0,0,0.0,0,0.0,0,0.0,0,0.0,298,829.4349558353424,0,0.0,0,0.0,0,0.0,0,0.0,0,0.0,0,0.0,0,0.0,,,,,,,
static,model_static/summary_timeseries.csv,20,18.4,298,119200.0,1163.0774822875155,14.20121742195375,1163 ± 14.2,1136.41357421875,1211.7552490234375,1.940387676626244,0.0022496970965876,1.94 ± 0.00225,1.940000057220459,1.9574874639511108,0.3721090606572333,0.227557946985991,0.3721 ± 0.2276,0.0274833136904463,1.5032500055566438,278.0,0.0,278 ± 0,278.0,278.0,58.78113440699225,0.0010883710879877,58.78 ± 0.001088,58.77857208251953,58.78372573852539,75.3416748046875,0,1,0,0,0:298,0,0,0.0,model_static,False,mckenzie2003,2.829034475672165,2.833136320114136,2.810288667678833,2.833136320114136,2.833136320114136,2.780000000000001,2.78,2.78,1.0176383006014984,1.019113784213718,0,0.0,0,0.0,0,0.0,0,0.0,0,0.0,0,0.0,298,843.0522737503052,0,0.0,0,0.0,0,0.0,0,0.0,0,0.0,0,0.0,0,0.0,,,,,,,
static,model_static/summary_timeseries.csv,20,18.3,298,119200.0,1163.0774822875155,14.20121742195375,1163 ± 14.2,1136.41357421875,1211.7552490234375,1.940387676626244,0.0022496970965876,1.94 ± 0.00225,1.940000057220459,1.9574874639511108,0.3721090606572333,0.227557946985991,0.3721 ± 0.2276,0.0274833136904463,1.5032500055566438,273.0,0.0,273 ± 0,273.0,273.0,57.180363520679855,0.0009517419748452,57.18 ± 0.0009517,57.17869567871094,57.18233871459961,75.3416748046875,0,1,0,0,0:298,0,0,0.0,model_static,False,mckenzie2003,2.800781411612594,2.7988646030426025,2.7760167121887207,2.810288667678833,2.810288667678833,2.73,2.73,2.73,1.0259272570009503,1.0252251293196346,0,0.0,0,0.0,0,0.0,0,0.0,0,0.0,0,0.0,298,834.632860660553,0,0.0,0,0.0,0,0.0,0,0.0,0,0.0,0,0.0,0,0.0,,,,,,,
static,model_static/summary_timeseries.csv,20,18.2,298,119200.0,1163.0774822875155,14.20121742195375,1163 ± 14.2,1136.41357421875,1211.7552490234375,1.940387676626244,0.0022496970965876,1.94 ± 0.00225,1.940000057220459,1.9574874639511108,0.3721090606572333,0.227557946985991,0.3721 ± 0.2276,0.0274833136904463,1.5032500055566438,302.0,0.0,302 ± 0,302.0,302.0,63.71099195544352,0.0013758266757773,63.71 ± 0.001376,63.706241607666016,63.71355438232422,75.3416748046875,2,1,2,2,2:298,0,0,0.0,model_static,False,mckenzie2003,2.924527883529663,2.924527883529663,2.924527883529663,2.924527883529663,2.924527883529663,3.02,3.02,3.02,0.9683867164005509,0.9683867164005509,0,0.0,0,0.0,0,0.0,0,0.0,0,0.0,0,0.0,298,871.5093092918396,0,0.0,0,0.0,0,0.0,0,0.0,0,0.0,0,0.0,0,0.0,,,,,,,
static,model_static/summary_timeseries.csv,20,18.1,298,119200.0,1163.0774822875155,14.20121742195375,1163 ± 14.2,1136.41357421875,1211.7552490234375,1.940387676626244,0.0022496970965876,1.94 ± 0.00225,1.940000057220459,1.9574874639511108,0.3721090606572333,0.227557946985991,0.3721 ± 0.2276,0.0274833136904463,1.5032500055566438,336.0,0.0,336 ± 0,336.0,336.0,68.78065168137519,0.0007729778451279,68.78 ± 0.000773,68.77574920654297,68.78216552734375,75.3416748046875,1,1,1,1,1:298,0,0,0.0,model_static,False,mckenzie2003,2.9888546634840485,2.9930715560913086,2.9702236652374268,3.0159194469451904,3.0159194469451904,3.36,3.36,3.36,0.8895400784178717,0.8907951059795561,0,0.0,0,0.0,0,0.0,0,0.0,0,0.0,0,0.0,298,890.6786897182465,0,0.0,0,0.0,0,0.0,0,0.0,0,0.0,0,0.0,0,0.0,,,,,,,
static,model_static/summary_timeseries.csv,20,18.0,298,119200.0,1163.0774822875155,14.20121742195375,1163 ± 14.2,1136.41357421875,1211.7552490234375,1.940387676626244,0.0022496970965876,1.94 ± 0.00225,1.940000057220459,1.9574874639511108,0.3721090606572333,0.227557946985991,0.3721 ± 0.2276,0.0274833136904463,1.5032500055566438,299.0503355704698,0.2186364581108983,299.1 ± 0.2186,299.0,300.0,63.25986566479574,0.0104190525953637,63.26 ± 0.01042,63.25428771972656,63.304725646972656,75.3416748046875,2,1,2,2,2:298,0,0,0.0,model_static,False,mckenzie2003,2.901603322701166,2.901679992675781,2.901679992675781,2.901679992675781,2.901679992675781,2.9905033557046985,2.99,2.9915,0.970273064763208,0.9704615360119668,0,0.0,0,0.0,0,0.0,0,0.0,0,0.0,0,0.0,298,864.6777901649475,0,0.0,0,0.0,0,0.0,0,0.0,0,0.0,0,0.0,0,0.0,,,,,,,
static,model_static/summary_timeseries.csv,20,17.9,298,119200.0,1163.0774822875155,14.20121742195375,1163 ± 14.2,1136.41357421875,1211.7552490234375,1.940387676626244,0.0022496970965876,1.94 ± 0.00225,1.940000057220459,1.9574874639511108,0.3721090606572333,0.227557946985991,0.3721 ± 0.2276,0.0274833136904463,1.5032500055566438,271.0,0.0,271 ± 0,271.0,271.0,55.254335633860336,0.0014217814449091,55.25 ± 0.001422,55.24360656738281,55.25682067871094,75.3416748046875,0,1,0,0,0:298,0,0,0.0,model_static,False,mckenzie2003,2.772068216496666,2.7760167121887207,2.7645928859710693,2.7760167121887207,2.7988646030426025,2.7100000000000004,2.71,2.71,1.022903400921279,1.024360410401742,0,0.0,0,0.0,0,0.0,0,0.0,0,0.0,0,0.0,298,826.0763285160065,0,0.0,0,0.0,0,0.0,0,0.0,0,0.0,0,0.0,0,0.0,,,,,,,
static,model_static/summary_timeseries.csv,20,17.8,298,119200.0,1163.0774822875155,14.20121742195375,1163 ± 14.2,1136.41357421875,1211.7552490234375,1.940387676626244,0.0022496970965876,1.94 ± 0.00225,1.940000057220459,1.9574874639511108,0.3721090606572333,0.227557946985991,0.3721 ± 0.2276,0.0274833136904463,1.5032500055566438,265.51006711409394,0.4998986429405658,265.5 ± 0.4999,265.0,266.0,57.31804799073495,0.0231078387667143,57.32 ± 0.02311,57.29275131225586,57.342716217041016,75.3416748046875,0,1,0,0,0:298,0,0,0.0,model_static,False,mckenzie2003,2.7750966724933392,2.7760167121887207,2.7645928859710693,2.7760167121887207,2.7760167121887207,2.65510067114094,2.66,2.66,1.0451975600087469,1.0436153053341055,0,0.0,0,0.0,0,0.0,0,0.0,0,0.0,0,0.0,298,826.9788084030151,0,0.0,0,0.0,0,0.0,0,0.0,0,0.0,0,0.0,0,0.0,,,,,,,
static,model_static/summary_timeseries.csv,20,17.7,298,119200.0,1163.0774822875155,14.20121742195375,1163 ± 14.2,1136.41357421875,1211.7552490234375,1.940387676626244,0.0022496970965876,1.94 ± 0.00225,1.940000057220459,1.9574874639511108,0.3721090606572333,0.227557946985991,0.3721 ± 0.2276,0.0274833136904463,1.5032500055566438,272.0,0.0,272 ± 0,272.0,272.0,53.983259930706666,0.0009784776114791,53.98 ± 0.0009785,53.98141479492188,53.98525238037109,75.3416748046875,0,1,0,0,0:298,0,0,0.0,model_static,False,mckenzie2003,2.784258827267077,2.7760167121887207,2.7645928859710693,2.7988646030426025,2.7988646030426025,2.72,2.72,2.72,1.0236245688481898,1.0205943794811472,0,0.0,0,0.0,0,0.0,0,0.0,0,0.0,0,0.0,298,829.709130525589,0,0.0,0,0.0,0,0.0,0,0.0,0,0.0,0,0.0,0,0.0,,,,,,,
static,model_static/summary_timeseries.csv,20,17.6,298,119200.0,1163.0774822875155,14.20121742195375,1163 ± 14.2,1136.41357421875,1211.7552490234375,1.940387676626244,0.0022496970965876,1.94 ± 0.00225,1.940000057220459,1.9574874639511108,0.3721090606572333,0.227557946985991,0.3721 ± 0.2276,0.0274833136904463,1.5032500055566438,273.0,0.0,273 ± 0,273.0,273.0,54.822740170779646,0.0040972443165056,54.82 ± 0.004097,54.81665802001953,54.830074310302734,75.3416748046875,0,1,0,0,0:298,0,0,0.0,model_static,False,mckenzie2003,2.781230358469406,2.7760167121887207,2.7645928859710693,2.7988646030426025,2.7988646030426025,2.73,2.73,2.73,1.0187656990730425,1.016855938530667,0,0.0,0,0.0,0,0.0,0,0.0,0,0.0,0,0.0,298,828.806646823883,0,0.0,0,0.0,0,0.0,0,0.0,0,0.0,0,0.0,0,0.0,,,,,,,
static,model_static/summary_timeseries.csv,20,17.5,298,119200.0,1163.0774822875155,14.20121742195375,1163 ± 14.2,1136.41357421875,1211.7552490234375,1.940387676626244,0.0022496970965876,1.94 ± 0.00225,1.940000057220459,1.9574874639511108,0.3721090606572333,0.227557946985991,0.3721 ± 0.2276,0.0274833136904463,1.5032500055566438,271.0,0.0,271 ± 0,271.0,271.0,56.10722727423546,0.001299934621276,56.11 ± 0.0013,56.10201644897461,56.10929107666016,75.3416748046875,0,1,0,0,0:298,0,0,0.0,model_static,False,mckenzie2003,2.753283942305801,2.7645928859710693,2.7417449951171875,2.7645928859710693,2.7760167121887207,2.7100000000000004,2.71,2.71,1.015971934430185,1.0201449763730883,0,0.0,0,0.0,0,0.0,0,0.0,0,0.0,0,0.0,298,820.4786148071289,0,0.0,0,0.0,0,0.0,0,0.0,0,0.0,0,0.0,0,0.0,,,,,,,
static,model_static/summary_timeseries.csv,20,17.4,298,119200.0,1163.0774822875155,14.20121742195375,1163 ± 14.2,1136.41357421875,1211.7552490234375,1.940387676626244,0.0022496970965876,1.94 ± 0.00225,1.940000057220459,1.9574874639511108,0.3721090606572333,0.227557946985991,0.3721 ± 0.2276,0.0274833136904463,1.5032500055566438,271.7013422818792,0.4576694063706672,271.7 ± 0.4577,271.0,272.0,55.53806504627202,0.0204377159222432,55.54 ± 0.02044,55.505279541015625,55.553070068359375,75.3416748046875,0,1,0,0,0:298,0,0,0.0,model_static,False,mckenzie2003,2.783223773009025,2.7760167121887207,2.7645928859710693,2.7988646030426025,2.7988646030426025,2.717013422818792,2.72,2.72,1.0243677482668043,1.024360410401742,0,0.0,0,0.0,0,0.0,0,0.0,0,0.0,0,0.0,298,829.4006843566895,0,0.0,0,0.0,0,0.0,0,0.0,0,0.0,0,0.0,0,0.0,,,,,,,
static,model_static/summary_timeseries.csv,20,17.3,298,119200.0,1163.0774822875155,14.20121742195375,1163 ± 14.2,1136.41357421875,1211.7552490234375,1.940387676626244,0.0022496970965876,1.94 ± 0.00225,1.940000057220459,1.9574874639511108,0.3721090606572333,0.227557946985991,0.3721 ± 0.2276,0.0274833136904463,1.5032500055566438,268.9865771812081,0.1150766993253842,269 ± 0.1151,268.0,269.0,57.08220029997346,0.0079600472711207,57.08 ± 0.00796,57.0269775390625,57.08854293823242,75.3416748046875,0,1,0,0,0:298,0,0,0.0,model_static,False,mckenzie2003,2.774368374939733,2.7645928859710693,2.7645928859710693,2.7988646030426025,2.7988646030426025,2.689865771812081,2.69,2.69,1.031415820252231,1.0277296973870147,0,0.0,0,0.0,0,0.0,0,0.0,0,0.0,0,0.0,298,826.7617757320404,0,0.0,0,0.0,0,0.0,0,0.0,0,0.0,0,0.0,0,0.0,,,,,,,
static,model_static/summary_timeseries.csv,20,17.2,298,119200.0,1163.0774822875155,14.20121742195375,1163 ± 14.2,1136.41357421875,1211.7552490234375,1.940387676626244,0.0022496970965876,1.94 ± 0.00225,1.940000057220459,1.9574874639511108,0.3721090606572333,0.227557946985991,0.3721 ± 0.2276,0.0274833136904463,1.5032500055566438,276.0,0.0,276 ± 0,276.0,276.0,54.77194167783596,0.0029828013589194,54.77 ± 0.002983,54.767608642578125,54.77589416503906,75.3416748046875,0,1,0,0,0:298,0,0,0.0,model_static,False,mckenzie2003,2.781728714904529,2.7760167121887207,2.7645928859710693,2.7988646030426025,2.7988646030426025,2.7600000000000007,2.76,2.76,1.007872722791496,1.0058031565901162,0,0.0,0,0.0,0,0.0,0,0.0,0,0.0,0,0.0,298,828.9551570415497,0,0.0,0,0.0,0,0.0,0,0.0,0,0.0,0,0.0,0,0.0,,,,,,,
static,model_static/summary_timeseries.csv,20,17.1,298,119200.0,1163.0774822875155,14.20121742195375,1163 ± 14.2,1136.41357421875,1211.7552490234375,1.940387676626244,0.0022496970965876,1.94 ± 0.00225,1.940000057220459,1.9574874639511108,0.3721090606572333,0.227557946985991,0.3721 ± 0.2276,0.0274833136904463,1.5032500055566438,277.62080536912754,0.4851866267633151,277.6 ± 0.4852,277.0,278.0,57.24214154441885,0.0278545933843373,57.24 ± 0.02785,57.20499801635742,57.273250579833984,75.3416748046875,0,1,0,0,0:298,0,0,0.0,model_static,False,mckenzie2003,2.8094451587472187,2.833136320114136,2.7645928859710693,2.833136320114136,2.833136320114136,2.776208053691276,2.78,2.78,1.0119866837832732,1.019113784213718,0,0.0,0,0.0,0,0.0,0,0.0,0,0.0,0,0.0,298,837.2146573066711,0,0.0,0,0.0,0,0.0,0,0.0,0,0.0,0,0.0,0,0.0,,,,,,,
static,model_static/summary_timeseries.csv,20,17.0,298,119200.0,1163.0774822875155,14.20121742195375,1163 ± 14.2,1136.41357421875,1211.7552490234375,1.940387676626244,0.0022496970965876,1.94 ± 0.00225,1.940000057220459,1.9574874639511108,0.3721090606572333,0.227557946985991,0.3721 ± 0.2276,0.0274833136904463,1.5032500055566438,288.86241610738256,0.3444627194772748,288.9 ± 0.3445,288.0,289.0,60.47845096716145,0.0169357302955702,60.48 ± 0.01694,60.43663024902344,60.49953842163086,75.3416748046875,0,1,0,0,0:298,0,0,0.0,model_static,False,mckenzie2003,2.873158578904683,2.89025616645813,2.810288667678833,2.89025616645813,2.89025616645813,2.888624161073825,2.89,2.89,0.9946463218176668,1.0000886389128476,0,0.0,0,0.0,0,0.0,0,0.0,0,0.0,0,0.0,298,856.2012565135956,0,0.0,0,0.0,0,0.0,0,0.0,0,0.0,0,0.0,0,0.0,,,,,,,
static,model_static/summary_timeseries.csv,20,16.9,298,119200.0,1163.0774822875155,14.20121742195375,1163 ± 14.2,1136.41357421875,1211.7552490234375,1.940387676626244,0.0022496970965876,1.94 ± 0.00225,1.940000057220459,1.9574874639511108,0.3721090606572333,0.227557946985991,0.3721 ± 0.2276,0.0274833136904463,1.5032500055566438,286.0,0.0,286 ± 0,286.0,286.0,60.4013625279369,0.0017793262927544,60.4 ± 0.001779,60.39753341674805,60.404911041259766,75.3416748046875,0,1,0,0,0:298,0,0,0.0,model_static,False,mckenzie2003,2.8671015925055383,2.867408275604248,2.867408275604248,2.867408275604248,2.867408275604248,2.86,2.86,2.86,1.002483074302636,1.0025903061553316,0,0.0,0,0.0,0,0.0,0,0.0,0,0.0,0,0.0,298,854.3962745666504,0,0.0,0,0.0,0,0.0,0,0.0,0,0.0,0,0.0,0,0.0,,,,,,,
static,model_static/summary_timeseries.csv,20,16.8,298,119200.0,1163.0774822875155,14.20121742195375,1163 ± 14.2,1136.41357421875,1211.7552490234375,1.940387676626244,0.0022496970965876,1.94 ± 0.00225,1.940000057220459,1.9574874639511108,0.3721090606572333,0.227557946985991,0.3721 ± 0.2276,0.0274833136904463,1.5032500055566438,283.99328859060404,0.0816478191986338,284 ± 0.08165,283.0,284.0,58.58180921669774,0.003807295463676,58.58 ± 0.003807,58.53731536865234,58.58451843261719,75.3416748046875,0,1,0,0,0:298,0,0,0.0,model_static,False,mckenzie2003,2.858246116030136,2.867408275604248,2.844560384750366,2.867408275604248,2.867408275604248,2.83993288590604,2.84,2.84,1.0064483466558596,1.0096508012691014,0,0.0,0,0.0,0,0.0,0,0.0,0,0.0,0,0.0,298,851.7573425769806,0,0.0,0,0.0,0,0.0,0,0.0,0,0.0,0,0.0,0,0.0,,,,,,,
static,model_static/summary_timeseries.csv,20,16.7,298,119200.0,1163.0774822875155,14.20121742195375,1163 ± 14.2,1136.41357421875,1211.7552490234375,1.940387676626244,0.0022496970965876,1.94 ± 0.00225,1.940000057220459,1.9574874639511108,0.3721090606572333,0.227557946985991,0.3721 ± 0.2276,0.0274833136904463,1.5032500055566438,294.8590604026846,0.3479592321292811,294.9 ± 0.348,294.0,295.0,58.16613426464516,0.0194221799181797,58.17 ± 0.01942,58.11684799194336,58.17990493774414,75.3416748046875,0,1,0,0,0:298,0,0,0.0,model_static,False,mckenzie2003,2.864878123238583,2.867408275604248,2.833136320114136,2.901679992675781,2.901679992675781,2.9485906040268453,2.95,2.95,0.97161577671083,0.9720028052895756,0,0.0,0,0.0,0,0.0,0,0.0,0,0.0,0,0.0,298,853.7336807250977,0,0.0,0,0.0,0,0.0,0,0.0,0,0.0,0,0.0,0,0.0,,,,,,,
static,model_static/summary_timeseries.csv,20,16.6,298,119200.0,1163.0774822875155,14.20121742195375,1163 ± 14.2,1136.41357421875,1211.7552490234375,1.940387676626244,0.0022496970965876,1.94 ± 0.00225,1.940000057220459,1.9574874639511108,0.3721090606572333,0.227557946985991,0.3721 ± 0.2276,0.0274833136904463,1.5032500055566438,296.0,0.0,296 ± 0,296.0,296.0,60.01970885103981,0.0026718926800428,60.02 ± 0.002672,60.01148223876953,60.02468490600586,75.3416748046875,0,1,0,0,0:298,0,0,0.0,model_static,False,mckenzie2003,2.854450907483197,2.844560384750366,2.833136320114136,2.867408275604248,2.89025616645813,2.9600000000000004,2.96,2.96,0.9643415227983771,0.9610001299832318,0,0.0,0,0.0,0,0.0,0,0.0,0,0.0,0,0.0,298,850.6263704299927,0,0.0,0,0.0,0,0.0,0,0.0,0,0.0,0,0.0,0,0.0,,,,,,,
static,model_static/summary_timeseries.csv,20,16.5,298,119200.0,1163.0774822875155,14.20121742195375,1163 ± 14.2,1136.41357421875,1211.7552490234375,1.940387676626244,0.0022496970965876,1.94 ± 0.00225,1.940000057220459,1.9574874639511108,0.3721090606572333,0.227557946985991,0.3721 ± 0.2276,0.0274833136904463,1.5032500055566438,295.503355704698,0.4999887391191724,295.5 ± 0.5,295.0,296.0,59.12065390772467,0.0256783767380708,59.12 ± 0.02568,59.08221435546875,59.1507682800293,75.3416748046875,0,1,0,0,0:298,0,0,0.0,model_static,False,mckenzie2003,2.85176740796774,2.844560384750366,2.833136320114136,2.867408275604248,2.901679992675781,2.95503355704698,2.96,2.96,0.9650632659766348,0.9610001299832318,0,0.0,0,0.0,0,0.0,0,0.0,0,0.0,0,0.0,298,849.8266875743866,0,0.0,0,0.0,0,0.0,0,0.0,0,0.0,0,0.0,0,0.0,,,,,,,
static,model_static/summary_timeseries.csv,20,16.4,298,119200.0,1163.0774822875155,14.20121742195375,1163 ± 14.2,1136.41357421875,1211.7552490234375,1.940387676626244,0.0022496970965876,1.94 ± 0.00225,1.940000057220459,1.9574874639511108,0.3721090606572333,0.227557946985991,0.3721 ± 0.2276,0.0274833136904463,1.5032500055566438,300.99328859060404,0.0816478191986338,301 ± 0.08165,300.0,301.0,62.2829808228768,0.0044204313693663,62.28 ± 0.00442,62.23332977294922,62.28668975830078,75.3416748046875,0,1,0,0,0:298,0,0,0.0,model_static,False,mckenzie2003,2.924527883529663,2.924527883529663,2.924527883529663,2.924527883529663,2.924527883529663,3.0099328859060406,3.01,3.01,0.9716256841227188,0.9716039480164992,0,0.0,0,0.0,0,0.0,0,0.0,0,0.0,0,0.0,298,871.5093092918396,0,0.0,0,0.0,0,0.0,0,0.0,0,0.0,0,0.0,0,0.0,,,,,,,
static,model_static/summary_timeseries.csv,20,16.3,298,119200.0,1163.0774822875155,14.20121742195375,1163 ± 14.2,1136.41357421875,1211.7552490234375,1.940387676626244,0.0022496970965876,1.94 ± 0.00225,1.940000057220459,1.9574874639511108,0.3721090606572333,0.227557946985991,0.3721 ± 0.2276,0.0274833136904463,1.5032500055566438,308.0,0.0,308 ± 0,308.0,308.0,61.32671581498729,0.0008911972831162,61.33 ± 0.0008912,61.323951721191406,61.32841873168945,75.3416748046875,0,1,0,0,0:298,0,0,0.0,model_static,False,mckenzie2003,2.940935531718619,2.9359519481658936,2.924527883529663,2.9587998390197754,2.9587998390197754,3.08,3.08,3.08,0.9548491986099412,0.9532311520019134,0,0.0,0,0.0,0,0.0,0,0.0,0,0.0,0,0.0,298,876.3987884521484,0,0.0,0,0.0,0,0.0,0,0.0,0,0.0,0,0.0,0,0.0,,,,,,,
static,model_static/summary_timeseries.csv,20,16.2,298,119200.0,1163.0774822875155,14.20121742195375,1163 ± 14.2,1136.41357421875,1211.7552490234375,1.940387676626244,0.0022496970965876,1.94 ± 0.00225,1.940000057220459,1.9574874639511108,0.3721090606572333,0.227557946985991,0.3721 ± 0.2276,0.0274833136904463,1.5032500055566438,326.2852348993289,0.4515262467827475,326.3 ± 0.4515,326.0,327.0,65.66552588443628,0.0200237351367173,65.67 ± 0.02002,65.64742279052734,65.69857788085938,75.3416748046875,0,1,0,0,0:298,0,0,0.0,model_static,False,mckenzie2003,3.0192545740396386,3.0159194469451904,2.9930715560913086,3.027343273162842,3.027343273162842,3.262852348993289,3.26,3.27,0.9253416837931812,0.9251286647071136,0,0.0,0,0.0,0,0.0,0,0.0,0,0.0,0,0.0,298,899.7378630638123,0,0.0,0,0.0,0,0.0,0,0.0,0,0.0,0,0.0,0,0.0,,,,,,,
static,model_static/summary_timeseries.csv,20,16.1,298,119200.0,1163.0774822875155,14.20121742195375,1163 ± 14.2,1136.41357421875,1211.7552490234375,1.940387676626244,0.0022496970965876,1.94 ± 0.00225,1.940000057220459,1.9574874639511108,0.3721090606572333,0.227557946985991,0.3721 ± 0.2276,0.0274833136904463,1.5032500055566438,328.0,0.0,328 ± 0,328.0,328.0,65.85393004449422,0.0049496347197344,65.85 ± 0.00495,65.84947204589844,65.86392974853516,75.3416748046875,0,1,0,0,0:298,0,0,0.0,model_static,False,mckenzie2003,3.0120475044186485,3.027343273162842,2.9702236652374268,3.027343273162842,3.027343273162842,3.28,3.28,3.28,0.9183071659812952,0.9229705101106224,0,0.0,0,0.0,0,0.0,0,0.0,0,0.0,0,0.0,298,897.5901563167572,0,0.0,0,0.0,0,0.0,0,0.0,0,0.0,0,0.0,0,0.0,,,,,,,
static,model_static/summary_timeseries.csv,20,16.0,298,119200.0,1163.0774822875155,14.20121742195375,1163 ± 14.2,1136.41357421875,1211.7552490234375,1.940387676626244,0.0022496970965876,1.94 ± 0.00225,1.940000057220459,1.9574874639511108,0.3721090606572333,0.227557946985991,0.3721 ± 0.2276,0.0274833136904463,1.5032500055566438,326.0,0.0,326 ± 0,326.0,326.0,67.19709544853876,0.0010201306231294,67.2 ± 0.00102,67.19530487060547,67.1987533569336,75.3416748046875,0,1,0,0,0:298,0,0,0.0,model_static,False,mckenzie2003,2.977814081531243,2.9702236652374268,2.9587998390197754,2.9930715560913086,2.9930715560913086,3.2600000000000007,3.26,3.26,0.9134399023101972,0.9111115537538118,0,0.0,0,0.0,0,0.0,0,0.0,0,0.0,0,0.0,298,887.3885962963104,0,0.0,0,0.0,0,0.0,0,0.0,0,0.0,0,0.0,0,0.0,,,,,,,
static,model_static/summary_timeseries.csv,20,15.9,298,119200.0,1163.0774822875155,14.20121742195375,1163 ± 14.2,1136.41357421875,1211.7552490234375,1.940387676626244,0.0022496970965876,1.94 ± 0.00225,1.940000057220459,1.9574874639511108,0.3721090606572333,0.227557946985991,0.3721 ± 0.2276,0.0274833136904463,1.5032500055566438,326.996644295302,0.0578311675825976,327 ± 0.05783,326.0,327.0,67.41061227273622,0.0027219191474322,67.41 ± 0.002722,67.3674087524414,67.41287994384766,75.3416748046875,2,1,2,2,2:298,0,0,0.0,model_static,False,mckenzie2003,2.9955250216810496,2.9930715560913086,2.9702236652374268,3.0159194469451904,3.0159194469451904,3.26996644295302,3.27,3.27,0.9160720117132348,0.9153124024744064,0,0.0,0,0.0,0,0.0,0,0.0,0,0.0,0,0.0,298,892.6664564609528,0,0.0,0,0.0,0,0.0,0,0.0,0,0.0,0,0.0,0,0.0,,,,,,,
static,model_static/summary_timeseries.csv,20,15.8,298,119200.0,1163.0774822875155,14.20121742195375,1163 ± 14.2,1136.41357421875,1211.7552490234375,1.940387676626244,0.0022496970965876,1.94 ± 0.00225,1.940000057220459,1.9574874639511108,0.3721090606572333,0.227557946985991,0.3721 ± 0.2276,0.0274833136904463,1.5032500055566438,329.0,0.0,329 ± 0,329.0,329.0,68.4260581355767,0.0009905257303873,68.43 ± 0.0009905,68.42400360107422,68.42790222167969,75.3416748046875,2,1,2,2,2:298,0,0,0.0,model_static,False,mckenzie2003,2.981225926604047,2.9702236652374268,2.9702236652374268,2.9930715560913086,3.0159194469451904,3.29,3.29,3.29,0.9061476980559412,0.9028035456648712,0,0.0,0,0.0,0,0.0,0,0.0,0,0.0,0,0.0,298,888.405326128006,0,0.0,0,0.0,0,0.0,0,0.0,0,0.0,0,0.0,0,0.0,,,,,,,
static,model_static/summary_timeseries.csv,20,15.7,298,119200.0,1163.0774822875155,14.20121742195375,1163 ± 14.2,1136.41357421875,1211.7552490234375,1.940387676626244,0.0022496970965876,1.94 ± 0.00225,1.940000057220459,1.9574874639511108,0.3721090606572333,0.227557946985991,0.3721 ± 0.2276,0.0274833136904463,1.5032500055566438,326.16442953020135,0.3706648888134781,326.2 ± 0.3707,326.0,327.0,67.22253917207654,0.0192770117648179,67.22 ± 0.01928,67.2059555053711,67.26531982421875,75.3416748046875,2,1,2,2,2:298,0,0,0.0,model_static,False,mckenzie2003,2.986362839705192,2.9702236652374268,2.9702236652374268,3.027343273162842,3.027343273162842,3.2616442953020144,3.26,3.27,0.9156040750658804,0.9111115537538118,0,0.0,0,0.0,0,0.0,0,0.0,0,0.0,0,0.0,298,889.9361262321472,0,0.0,0,0.0,0,0.0,0,0.0,0,0.0,0,0.0,0,0.0,,,,,,,
static,model_static/summary_timeseries.csv,20,15.6,298,119200.0,1163.0774822875155,14.20121742195375,1163 ± 14.2,1136.41357421875,1211.7552490234375,1.940387676626244,0.0022496970965876,1.94 ± 0.00225,1.940000057220459,1.9574874639511108,0.3721090606572333,0.227557946985991,0.3721 ± 0.2276,0.0274833136904463,1.5032500055566438,329.0,0.0,329 ± 0,329.0,329.0,73.26659877188254,0.0016058314135144,73.27 ± 0.001606,73.26443481445312,73.27167510986328,75.3416748046875,2,1,2,2,2:298,0,0,0.0,model_static,False,mckenzie2003,3.005415550814379,3.0159194469451904,2.9930715560913086,3.0159194469451904,3.0159194469451904,3.29,3.29,3.29,0.913500167420784,0.9166928410167752,0,0.0,0,0.0,0,0.0,0,0.0,0,0.0,0,0.0,298,895.6138341426849,0,0.0,0,0.0,0,0.0,0,0.0,0,0.0,0,0.0,0,0.0,,,,,,,
static,model_static/summary_timeseries.csv,20,15.5,298,119200.0,1163.0774822875155,14.20121742195375,1163 ± 14.2,1136.41357421875,1211.7552490234375,1.940387676626244,0.0022496970965876,1.94 ± 0.00225,1.940000057220459,1.9574874639511108,0.3721090606572333,0.227557946985991,0.3721 ± 0.2276,0.0274833136904463,1.5032500055566438,333.9295302013423,0.2559371136331321,333.9 ± 0.2559,333.0,334.0,72.2953228790488,0.0121139534194899,72.3 ± 0.01211,72.23920440673828,72.30015563964844,75.3416748046875,2,1,2,2,2:298,0,0,0.0,model_static,False,mckenzie2003,2.994528299210056,2.9930715560913086,2.9702236652374268,3.0159194469451904,3.050191164016724,3.3392953020134226,3.34,3.34,0.8967545162736253,0.8961292084105714,0,0.0,0,0.0,0,0.0,0,0.0,0,0.0,0,0.0,298,892.3694331645966,0,0.0,0,0.0,0,0.0,0,0.0,0,0.0,0,0.0,0,0.0,,,,,,,
static,model_static/summary_timeseries.csv,20,15.4,298,119200.0,1163.0774822875155,14.20121742195375,1163 ± 14.2,1136.41357421875,1211.7552490234375,1.940387676626244,0.0022496970965876,1.94 ± 0.00225,1.940000057220459,1.9574874639511108,0.3721090606572333,0.227557946985991,0.3721 ± 0.2276,0.0274833136904463,1.5032500055566438,336.17785234899327,0.3823884032640871,336.2 ± 0.3824,336.0,337.0,75.03854792550106,0.0184146131574769,75.04 ± 0.01841,75.01692199707031,75.07853698730469,75.3416748046875,2,1,2,2,2:298,0,0,0.0,model_static,False,mckenzie2003,3.003843782732151,2.9930715560913086,2.9930715560913086,3.050191164016724,3.050191164016724,3.361778523489933,3.36,3.37,0.8935287726421989,0.8907951059795561,0,0.0,0,0.0,0,0.0,0,0.0,0,0.0,0,0.0,298,895.1454472541809,0,0.0,0,0.0,0,0.0,0,0.0,0,0.0,0,0.0,0,0.0,,,,,,,
static,model_static/summary_timeseries.csv,20,15.3,298,119200.0,1163.0774822875155,14.20121742195375,1163 ± 14.2,1136.41357421875,1211.7552490234375,1.940387676626244,0.0022496970965876,1.94 ± 0.00225,1.940000057220459,1.9574874639511108,0.3721090606572333,0.227557946985991,0.3721 ± 0.2276,0.0274833136904463,1.5032500055566438,342.0,0.0,342 ± 0,342.0,342.0,77.97256229067808,0.0022715230568664,77.97 ± 0.002272,77.95943450927734,77.97502899169922,75.3416748046875,2,1,2,2,2:298,0,0,0.0,model_static,False,mckenzie2003,3.0229347640235957,3.0159194469451904,3.0159194469451904,3.050191164016724,3.061615228652954,3.420000000000001,3.42,3.42,0.883899053808069,0.8818477915044417,0,0.0,0,0.0,0,0.0,0,0.0,0,0.0,0,0.0,298,900.8345596790314,0,0.0,0,0.0,0,0.0,0,0.0,0,0.0,0,0.0,0,0.0,,,,,,,
static,model_static/summary_timeseries.csv,20,15.2,298,119200.0,1163.0774822875155,14.20121742195375,1163 ± 14.2,1136.41357421875,1211.7552490234375,1.940387676626244,0.0022496970965876,1.94 ± 0.00225,1.940000057220459,1.9574874639511108,0.3721090606572333,0.227557946985991,0.3721 ± 0.2276,0.0274833136904463,1.5032500055566438,347.16107382550337,0.3675990318826618,347.2 ± 0.3676,347.0,348.0,76.78568984678128,0.0159220959282266,76.79 ± 0.01592,76.77644348144531,76.82302856445312,75.3416748046875,1,1,1,1,1:298,0,0,0.0,model_static,False,mckenzie2003,3.062113557085895,3.061615228652954,3.050191164016724,3.084463119506836,3.084463119506836,3.4716107382550336,3.47,3.48,0.8820420447775751,0.8823098641651164,0,0.0,0,0.0,0,0.0,0,0.0,0,0.0,0,0.0,298,912.5098400115968,0,0.0,0,0.0,0,0.0,0,0.0,0,0.0,0,0.0,0,0.0,,,,,,,
static,model_static/summary_timeseries.csv,20,15.1,298,119200.0,1163.0774822875155,14.20121742195375,1163 ± 14.2,1136.41357421875,1211.7552490234375,1.940387676626244,0.0022496970965876,1.94 ± 0.00225,1.940000057220459,1.9574874639511108,0.3721090606572333,0.227557946985991,0.3721 ± 0.2276,0.0274833136904463,1.5032500055566438,353.2751677852349,0.4465987854929967,353.3 ± 0.4466,353.0,354.0,76.25813936067108,0.0251586736701978,76.26 ± 0.02516,76.23745727539062,76.30030822753906,75.3416748046875,1,1,1,1,1:298,0,0,0.0,model_static,False,mckenzie2003,3.104320763741564,3.118734836578369,3.061615228652954,3.118734836578369,3.118734836578369,3.532751677852349,3.53,3.54,0.8787357669368562,0.8834942879825408,0,0.0,0,0.0,0,0.0,0,0.0,0,0.0,0,0.0,298,925.087587594986,0,0.0,0,0.0,0,0.0,0,0.0,0,0.0,0,0.0,0,0.0,,,,,,,
static,model_static/summary_timeseries.csv,20,15.0,298,119200.0,1163.0774822875155,14.20121742195375,1163 ± 14.2,1136.41357421875,1211.7552490234375,1.940387676626244,0.0022496970965876,1.94 ± 0.00225,1.940000057220459,1.9574874639511108,0.3721090606572333,0.227557946985991,0.3721 ± 0.2276,0.0274833136904463,1.5032500055566438,350.9865771812081,0.1150766993253842,351 ± 0.1151,350.0,351.0,74.30377210066622,0.0052507687887743,74.3 ± 0.005251,74.258544921875,74.3063735961914,75.3416748046875,1,1,1,1,1:298,0,0,0.0,model_static,False,mckenzie2003,3.073959212175152,3.084463119506836,3.061615228652954,3.086176693439483,3.0958869457244877,3.509865771812081,3.51,3.51,0.8758051822747891,0.878764421511919,0,0.0,0,0.0,0,0.0,0,0.0,0,0.0,0,0.0,298,916.0398452281952,0,0.0,0,0.0,0,0.0,0,0.0,0,0.0,0,0.0,0,0.0,,,,,,,
static,model_static/summary_timeseries.csv,20,14.9,298,119200.0,1163.0774822875155,14.20121742195375,1163 ± 14.2,1136.41357421875,1211.7552490234375,1.940387676626244,0.0022496970965876,1.94 ± 0.00225,1.940000057220459,1.9574874639511108,0.3721090606572333,0.227557946985991,0.3721 ± 0.2276,0.0274833136904463,1.5032500055566438,354.0,0.0,354 ± 0,354.0,354.0,71.38703624034088,0.0010924301651718,71.39 ± 0.001092,71.38465881347656,71.38955688476562,75.3416748046875,1,1,1,1,1:298,0,0,0.0,model_static,False,mckenzie2003,3.113214541601655,3.118734836578369,3.0958869457244877,3.118734836578369,3.118734836578369,3.54,3.54,3.54,0.879439136045665,0.880998541406319,0,0.0,0,0.0,0,0.0,0,0.0,0,0.0,0,0.0,298,927.7379333972932,0,0.0,0,0.0,0,0.0,0,0.0,0,0.0,0,0.0,0,0.0,,,,,,,
static,model_static/summary_timeseries.csv,20,14.8,298,119200.0,1163.0774822875155,14.20121742195375,1163 ± 14.2,1136.41357421875,1211.7552490234375,1.940387676626244,0.0022496970965876,1.94 ± 0.00225,1.940000057220459,1.9574874639511108,0.3721090606572333,0.227557946985991,0.3721 ± 0.2276,0.0274833136904463,1.5032500055566438,353.8993288590604,0.3008927754558375,353.9 ± 0.3009,353.0,354.0,73.96331113776904,0.0142573145331113,73.96 ± 0.01426,73.91561126708984,73.97119903564453,75.3416748046875,1,1,1,1,1:298,0,0,0.0,model_static,False,mckenzie2003,3.0820479497013475,3.084463119506836,3.061615228652954,3.0958869457244877,3.0958869457244877,3.5389932885906035,3.54,3.54,0.8708828584831132,0.8713172653974113,0,0.0,0,0.0,0,0.0,0,0.0,0,0.0,0,0.0,298,918.4502890110016,0,0.0,0,0.0,0,0.0,0,0.0,0,0.0,0,0.0,0,0.0,,,,,,,
static,model_static/summary_timeseries.csv,20,14.7,298,119200.0,1163.0774822875155,14.20121742195375,1163 ± 14.2,1136.41357421875,1211.7552490234375,1.940387676626244,0.0022496970965876,1.94 ± 0.00225,1.940000057220459,1.9574874639511108,0.3721090606572333,0.227557946985991,0.3721 ± 0.2276,0.0274833136904463,1.5032500055566438,359.0,0.0,359 ± 0,359.0,359.0,72.95094847199101,0.0032819815235321,72.95 ± 0.003282,72.94107818603516,72.95409393310547,75.3416748046875,1,1,1,1,1:298,0,0,0.0,model_static,False,mckenzie2003,3.0936635636643275,3.084463119506836,3.084463119506836,3.118734836578369,3.118734836578369,3.5900000000000007,3.59,3.59,0.8617447252546874,0.85918192743923,0,0.0,0,0.0,0,0.0,0,0.0,0,0.0,0,0.0,298,921.9117419719696,0,0.0,0,0.0,0,0.0,0,0.0,0,0.0,0,0.0,0,0.0,,,,,,,
static,model_static/summary_timeseries.csv,20,14.6,298,119200.0,1163.0774822875155,14.20121742195375,1163 ± 14.2,1136.41357421875,1211.7552490234375,1.940387676626244,0.0022496970965876,1.94 ± 0.00225,1.940000057220459,1.9574874639511108,0.3721090606572333,0.227557946985991,0.3721 ± 0.2276,0.0274833136904463,1.5032500055566438,374.996644295302,0.0578311675825976,375 ± 0.05783,374.0,375.0,76.60315299834181,0.002747105692476,76.6 ± 0.002747,76.5606689453125,76.60565185546875,75.3416748046875,1,1,1,1,1:298,0,0,0.0,model_static,False,mckenzie2003,3.1597152692359565,3.1530065536499023,3.1301589012146,3.175854444503784,3.175854444503784,3.74996644295302,3.75,3.75,0.8425982005328989,0.840801747639974,0,0.0,0,0.0,0,0.0,0,0.0,0,0.0,0,0.0,298,941.5951502323152,0,0.0,0,0.0,0,0.0,0,0.0,0,0.0,0,0.0,0,0.0,,,,,,,
static,model_static/summary_timeseries.csv,20,14.5,298,119200.0,1163.0774822875155,14.20121742195375,1163 ± 14.2,1136.41357421875,1211.7552490234375,1.940387676626244,0.0022496970965876,1.94 ± 0.00225,1.940000057220459,1.9574874639511108,0.3721090606572333,0.227557946985991,0.3721 ± 0.2276,0.0274833136904463,1.5032500055566438,385.0,0.0,385 ± 0,385.0,385.0,78.33054635988786,0.0006979201797939,78.33 ± 0.0006979,78.32930755615234,78.33158874511719,75.3416748046875,1,1,1,1,1:298,0,0,0.0,model_static,False,mckenzie2003,3.19329714615073,3.187278509140014,3.175854444503784,3.2101263999938965,3.2101263999938965,3.850000000000001,3.85,3.85,0.8294278301690208,0.8278645478285752,0,0.0,0,0.0,0,0.0,0,0.0,0,0.0,0,0.0,298,951.6025495529176,0,0.0,0,0.0,0,0.0,0,0.0,0,0.0,0,0.0,0,0.0,,,,,,,
static,model_static/summary_timeseries.csv,20,14.4,298,119200.0,1163.0774822875155,14.20121742195375,1163 ± 14.2,1136.41357421875,1211.7552490234375,1.940387676626244,0.0022496970965876,1.94 ± 0.00225,1.940000057220459,1.9574874639511108,0.3721090606572333,0.227557946985991,0.3721 ± 0.2276,0.0274833136904463,1.5032500055566438,395.16442953020135,0.3706648888134781,395.2 ± 0.3707,395.0,396.0,78.1877420412614,0.0192329476004326,78.19 ± 0.01923,78.17488098144531,78.23141479492188,75.3416748046875,1,1,1,1,1:298,0,0,0.0,model_static,False,mckenzie2003,3.2164133219110886,3.221550226211548,3.187278509140014,3.2443981170654297,3.2443981170654297,3.951644295302013,3.95,3.96,0.8139468052479938,0.8155823357497589,0,0.0,0,0.0,0,0.0,0,0.0,0,0.0,0,0.0,298,958.4911699295044,0,0.0,0,0.0,0,0.0,0,0.0,0,0.0,0,0.0,0,0.0,,,,,,,
static,model_static/summary_timeseries.csv,20,14.3,298,119200.0,1163.0774822875155,14.20121742195375,1163 ± 14.2,1136.41357421875,1211.7552490234375,1.940387676626244,0.0022496970965876,1.94 ± 0.00225,1.940000057220459,1.9574874639511108,0.3721090606572333,0.227557946985991,0.3721 ± 0.2276,0.0274833136904463,1.5032500055566438,388.1107382550336,0.3138077339800278,388.1 ± 0.3138,388.0,389.0,78.62382386994842,0.0145247692311419,78.62 ± 0.01452,78.60943603515625,78.66458129882812,75.3416748046875,1,1,1,1,1:298,0,0,0.0,model_static,False,mckenzie2003,3.1636637969305053,3.1530065536499023,3.1530065536499023,3.175854444503784,3.187278509140014,3.881107382550335,3.88,3.89,0.8151442559739098,0.8126305550644078,0,0.0,0,0.0,0,0.0,0,0.0,0,0.0,0,0.0,298,942.7718114852904,0,0.0,0,0.0,0,0.0,0,0.0,0,0.0,0,0.0,0,0.0,,,,,,,
static,model_static/summary_timeseries.csv,20,14.2,298,119200.0,1163.0774822875155,14.20121742195375,1163 ± 14.2,1136.41357421875,1211.7552490234375,1.940387676626244,0.0022496970965876,1.94 ± 0.00225,1.940000057220459,1.9574874639511108,0.3721090606572333,0.227557946985991,0.3721 ± 0.2276,0.0274833136904463,1.5032500055566438,377.0,0.0,377 ± 0,377.0,377.0,74.53836866033157,0.0011419786787783,74.54 ± 0.001142,74.52982330322266,74.54014587402344,75.3416748046875,1,1,1,1,1:298,0,0,0.0,model_static,False,mckenzie2003,3.173401006916225,3.175854444503784,3.1530065536499023,3.187278509140014,3.187278509140014,3.77,3.77,3.77,0.8417509302165054,0.8424017094174494,0,0.0,0,0.0,0,0.0,0,0.0,0,0.0,0,0.0,298,945.6735000610352,0,0.0,0,0.0,0,0.0,0,0.0,0,0.0,0,0.0,0,0.0,,,,,,,
static,model_static/summary_timeseries.csv,20,14.1,298,119200.0,1163.0774822875155,14.20121742195375,1163 ± 14.2,1136.41357421875,1211.7552490234375,1.940387676626244,0.0022496970965876,1.94 ± 0.00225,1.940000057220459,1.9574874639511108,0.3721090606572333,0.227557946985991,0.3721 ± 0.2276,0.0274833136904463,1.5032500055566438,363.4127516778523,0.4923288842658124,363.4 ± 0.4923,363.0,364.0,74.9843937150584,0.0227010068184136,74.98 ± 0.0227,74.95230102539062,75.0160140991211,75.3416748046875,1,1,1,1,1:298,0,0,0.0,model_static,False,mckenzie2003,3.0875299000900065,3.084463119506836,3.061615228652954,3.118734836578369,3.1301589012146,3.6341275167785234,3.63,3.64,0.8495946373818385,0.8497143579908639,0,0.0,0,0.0,0,0.0,0,0.0,0,0.0,0,0.0,298,920.083910226822,0,0.0,0,0.0,0,0.0,0,0.0,0,0.0,0,0.0,0,0.0,,,,,,,
static,model_static/summary_timeseries.csv,20,14.0,298,119200.0,1163.0774822875155,14.20121742195375,1163 ± 14.2,1136.41357421875,1211.7552490234375,1.940387676626244,0.0022496970965876,1.94 ± 0.00225,1.940000057220459,1.9574874639511108,0.3721090606572333,0.227557946985991,0.3721 ± 0.2276,0.0274833136904463,1.5032500055566438,362.5771812080537,0.4940071468343072,362.6 ± 0.494,362.0,363.0,72.92305420229098,0.0266581201239615,72.92 ± 0.02666,72.88883209228516,72.95549774169922,75.3416748046875,1,1,1,1,1:298,0,0,0.0,model_static,False,mckenzie2003,3.111374545417376,3.1301589012146,3.050191164016724,3.1301589012146,3.1301589012146,3.625771812080537,3.63,3.63,0.8581351210070426,0.8623027276073277,0,0.0,0,0.0,0,0.0,0,0.0,0,0.0,0,0.0,298,927.189614534378,0,0.0,0,0.0,0,0.0,0,0.0,0,0.0,0,0.0,0,0.0,,,,,,,
static,model_static/summary_timeseries.csv,20,13.9,298,119200.0,1163.0774822875155,14.20121742195375,1163 ± 14.2,1136.41357421875,1211.7552490234375,1.940387676626244,0.0022496970965876,1.94 ± 0.00225,1.940000057220459,1.9574874639511108,0.3721090606572333,0.227557946985991,0.3721 ± 0.2276,0.0274833136904463,1.5032500055566438,379.0,0.0,379 ± 0,379.0,379.0,75.29663080817102,0.0025257355532865,75.3 ± 0.002526,75.29277038574219,75.30152130126953,75.3416748046875,1,1,1,1,1:298,0,0,0.0,model_static,False,mckenzie2003,3.129353747271852,3.1301589012146,3.0958869457244877,3.1530065536499023,3.1530065536499023,3.79,3.79,3.79,0.8256870045572168,0.825899446230765,0,0.0,0,0.0,0,0.0,0,0.0,0,0.0,0,0.0,298,932.5474166870116,0,0.0,0,0.0,0,0.0,0,0.0,0,0.0,0,0.0,0,0.0,,,,,,,
static,model_static/summary_timeseries.csv,20,13.8,298,119200.0,1163.0774822875155,14.20121742195375,1163 ± 14.2,1136.41357421875,1211.7552490234375,1.940387676626244,0.0022496970965876,1.94 ± 0.00225,1.940000057220459,1.9574874639511108,0.3721090606572333,0.227557946985991,0.3721 ± 0.2276,0.0274833136904463,1.5032500055566438,391.993288590604,0.0816478191986338,392 ± 0.08165,391.0,392.0,76.77992683769072,0.0039098856170786,76.78 ± 0.00391,76.73423767089844,76.78296661376953,75.3416748046875,1,1,1,1,1:298,0,0,0.0,model_static,False,mckenzie2003,3.2174100435820203,3.221550226211548,3.2101263999938965,3.221550226211548,3.221550226211548,3.9199328859060407,3.92,3.92,0.820781824580813,0.8218240372988642,0,0.0,0,0.0,0,0.0,0,0.0,0,0.0,0,0.0,298,958.788192987442,0,0.0,0,0.0,0,0.0,0,0.0,0,0.0,0,0.0,0,0.0,,,,,,,
static,model_static/summary_timeseries.csv,20,13.7,298,119200.0,1163.0774822875155,14.20121742195375,1163 ± 14.2,1136.41357421875,1211.7552490234375,1.940387676626244,0.0022496970965876,1.94 ± 0.00225,1.940000057220459,1.9574874639511108,0.3721090606572333,0.227557946985991,0.3721 ± 0.2276,0.0274833136904463,1.5032500055566438,398.993288590604,0.0816478191986338,399 ± 0.08165,398.0,399.0,80.32285198749312,0.0050281408865477,80.32 ± 0.005028,80.27689361572266,80.32960510253906,75.3416748046875,1,1,1,1,1:298,0,0,0.0,model_static,False,mckenzie2003,3.210049660413857,3.221550226211548,3.187278509140014,3.221550226211548,3.221550226211548,3.989932885906042,3.99,3.99,0.804537194730324,0.8074060717322175,0,0.0,0,0.0,0,0.0,0,0.0,0,0.0,0,0.0,298,956.5947988033296,0,0.0,0,0.0,0,0.0,0,0.0,0,0.0,0,0.0,0,0.0,,,,,,,
static,model_static/summary_timeseries.csv,20,13.6,298,119200.0,1163.0774822875155,14.20121742195375,1163 ± 14.2,1136.41357421875,1211.7552490234375,1.940387676626244,0.0022496970965876,1.94 ± 0.00225,1.940000057220459,1.9574874639511108,0.3721090606572333,0.227557946985991,0.3721 ± 0.2276,0.0274833136904463,1.5032500055566438,403.0,0.0,403 ± 0,403.0,403.0,78.10854659624547,0.0007273310630458,78.11 ± 0.0007273,78.1068344116211,78.10987854003906,75.3416748046875,1,1,1,1,1:298,0,0,0.0,model_static,False,mckenzie2003,3.2353509856550486,3.2443981170654297,3.2101263999938965,3.25582218170166,3.25582218170166,4.03,4.03,4.03,0.8028166217506323,0.8050615675100321,0,0.0,0,0.0,0,0.0,0,0.0,0,0.0,0,0.0,298,964.1345937252044,0,0.0,0,0.0,0,0.0,0,0.0,0,0.0,0,0.0,0,0.0,,,,,,,
static,model_static/summary_timeseries.csv,20,13.5,298,119200.0,1163.0774822875155,14.20121742195375,1163 ± 14.2,1136.41357421875,1211.7552490234375,1.940387676626244,0.0022496970965876,1.94 ± 0.00225,1.940000057220459,1.9574874639511108,0.3721090606572333,0.227557946985991,0.3721 ± 0.2276,0.0274833136904463,1.5032500055566438,398.993288590604,0.0816478191986338,399 ± 0.08165,398.0,399.0,79.8318582829213,0.0041761704056869,79.83 ± 0.004176,79.78620910644531,79.83619689941406,75.3416748046875,1,1,1,1,1:298,0,0,0.0,model_static,False,mckenzie2003,3.210088010602349,3.2101263999938965,3.187278509140014,3.221550226211548,3.221550226211548,3.989932885906042,3.99,3.99,0.8045467821657672,0.8045429573919539,0,0.0,0,0.0,0,0.0,0,0.0,0,0.0,0,0.0,298,956.6062271595,0,0.0,0,0.0,0,0.0,0,0.0,0,0.0,0,0.0,0,0.0,,,,,,,
static,model_static/summary_timeseries.csv,20,13.4,298,119200.0,1163.0774822875155,14.20121742195375,1163 ± 14.2,1136.41357421875,1211.7552490234375,1.940387676626244,0.0022496970965876,1.94 ± 0.00225,1.940000057220459,1.9574874639511108,0.3721090606572333,0.227557946985991,0.3721 ± 0.2276,0.0274833136904463,1.5032500055566438,394.9395973154362,0.2382314006617295,394.9 ± 0.2382,394.0,395.0,76.68013292351026,0.0113649169217546,76.68 ± 0.01136,76.63334655761719,76.68467712402344,75.3416748046875,1,1,1,1,1:298,0,0,0.0,model_static,False,mckenzie2003,3.198012414394609,3.187278509140014,3.187278509140014,3.2101263999938965,3.221550226211548,3.949395973154363,3.95,3.95,0.809747444671916,0.8069059516810163,0,0.0,0,0.0,0,0.0,0,0.0,0,0.0,0,0.0,298,953.0076994895936,0,0.0,0,0.0,0,0.0,0,0.0,0,0.0,0,0.0,0,0.0,,,,,,,
static,model_static/summary_timeseries.csv,20,13.3,298,119200.0,1163.0774822875155,14.20121742195375,1163 ± 14.2,1136.41357421875,1211.7552490234375,1.940387676626244,0.0022496970965876,1.94 ± 0.00225,1.940000057220459,1.9574874639511108,0.3721090606572333,0.227557946985991,0.3721 ± 0.2276,0.0274833136904463,1.5032500055566438,393.8255033557047,0.379535986995938,393.8 ± 0.3795,393.0,394.0,78.32144252085845,0.0169080728719046,78.32 ± 0.01691,78.27758026123047,78.3313217163086,75.3416748046875,1,1,1,1,1:298,0,0,0.0,model_static,False,mckenzie2003,3.205066112063875,3.2101263999938965,3.187278509140014,3.221550226211548,3.221550226211548,3.938255033557047,3.94,3.94,0.8138280138039052,0.8147528933994661,0,0.0,0,0.0,0,0.0,0,0.0,0,0.0,0,0.0,298,955.1097013950348,0,0.0,0,0.0,0,0.0,0,0.0,0,0.0,0,0.0,0,0.0,,,,,,,
static,model_static/summary_timeseries.csv,20,13.2,298,119200.0,1163.0774822875155,14.20121742195375,1163 ± 14.2,1136.41357421875,1211.7552490234375,1.940387676626244,0.0022496970965876,1.94 ± 0.00225,1.940000057220459,1.9574874639511108,0.3721090606572333,0.227557946985991,0.3721 ± 0.2276,0.0274833136904463,1.5032500055566438,390.9697986577181,0.1711409395973154,391 ± 0.1711,390.0,391.0,78.49020024754057,0.009078145090045,78.49 ± 0.009078,78.43960571289062,78.50276184082031,75.3416748046875,1,1,1,1,1:298,0,0,0.0,model_static,False,mckenzie2003,3.18766184861228,3.187278509140014,3.1301589012146,3.221550226211548,3.221550226211548,3.9096979865771817,3.91,3.91,0.8153219857371323,0.8151607440255791,0,0.0,0,0.0,0,0.0,0,0.0,0,0.0,0,0.0,298,949.9232308864594,0,0.0,0,0.0,0,0.0,0,0.0,0,0.0,0,0.0,0,0.0,,,,,,,
static,model_static/summary_timeseries.csv,20,13.1,298,119200.0,1163.0774822875155,14.20121742195375,1163 ± 14.2,1136.41357421875,1211.7552490234375,1.940387676626244,0.0022496970965876,1.94 ± 0.00225,1.940000057220459,1.9574874639511108,0.3721090606572333,0.227557946985991,0.3721 ± 0.2276,0.0274833136904463,1.5032500055566438,396.51006711409394,0.4998986429405658,396.5 ± 0.4999,396.0,397.0,78.48894290796062,0.024315506553272,78.49 ± 0.02432,78.45975494384766,78.5139389038086,75.3416748046875,1,1,1,1,1:298,0,0,0.0,model_static,False,mckenzie2003,3.200044164721598,3.187278509140014,3.187278509140014,3.221550226211548,3.221550226211548,3.9651006711409393,3.97,3.97,0.8070552781546229,0.8048683103888926,0,0.0,0,0.0,0,0.0,0,0.0,0,0.0,0,0.0,298,953.613161087036,0,0.0,0,0.0,0,0.0,0,0.0,0,0.0,0,0.0,0,0.0,,,,,,,
static,model_static/summary_timeseries.csv,20,13.0,298,119200.0,1163.0774822875155,14.20121742195375,1163 ± 14.2,1136.41357421875,1211.7552490234375,1.940387676626244,0.0022496970965876,1.94 ± 0.00225,1.940000057220459,1.9574874639511108,0.3721090606572333,0.227557946985991,0.3721 ± 0.2276,0.0274833136904463,1.5032500055566438,396.0,0.0,396 ± 0,396.0,396.0,83.47464613946492,0.0050462556160124,83.47 ± 0.005046,83.4679183959961,83.48159790039062,75.3416748046875,1,1,1,1,1:298,0,0,0.0,model_static,False,mckenzie2003,3.2172567204340994,3.2443981170654297,3.187278509140014,3.2443981170654297,3.2443981170654297,3.96,3.96,3.96,0.8124385657661866,0.8192924538044014,0,0.0,0,0.0,0,0.0,0,0.0,0,0.0,0,0.0,298,958.7425026893616,0,0.0,0,0.0,0,0.0,0,0.0,0,0.0,0,0.0,0,0.0,,,,,,,
static,model_static/summary_timeseries.csv,20,12.9,298,119200.0,1163.0774822875155,14.20121742195375,1163 ± 14.2,1136.41357421875,1211.7552490234375,1.940387676626244,0.0022496970965876,1.94 ± 0.00225,1.940000057220459,1.9574874639511108,0.3721090606572333,0.227557946985991,0.3721 ± 0.2276,0.0274833136904463,1.5032500055566438,384.0,0.0,384 ± 0,384.0,384.0,66.18049265714299,0.0008791224896329,66.18 ± 0.0008791,66.1787109375,66.18226623535156,75.3416748046875,1,1,1,1,1:298,0,0,0.0,model_static,False,mckenzie2003,3.185361697369774,3.187278509140014,3.175854444503784,3.2101263999938965,3.2101263999938965,3.8400000000000007,3.84,3.84,0.8295212753567122,0.8300204450885456,0,0.0,0,0.0,0,0.0,0,0.0,0,0.0,0,0.0,298,949.2377858161926,0,0.0,0,0.0,0,0.0,0,0.0,0,0.0,0,0.0,0,0.0,,,,,,,
static,model_static/summary_timeseries.csv,20,12.8,298,119200.0,1163.0774822875155,14.20121742195375,1163 ± 14.2,1136.41357421875,1211.7552490234375,1.940387676626244,0.0022496970965876,1.94 ± 0.00225,1.940000057220459,1.9574874639511108,0.3721090606572333,0.227557946985991,0.3721 ± 0.2276,0.0274833136904463,1.5032500055566438,385.0,0.0,385 ± 0,385.0,385.0,65.33120599529087,0.0049114644279703,65.33 ± 0.004911,65.31910705566406,65.33570861816406,75.3416748046875,1,1,1,1,1:298,0,0,0.0,model_static,False,mckenzie2003,3.171752592861252,3.1530065536499023,3.1530065536499023,3.2101263999938965,3.2101263999938965,3.850000000000001,3.85,3.85,0.8238318423016241,0.8189627412077668,0,0.0,0,0.0,0,0.0,0,0.0,0,0.0,0,0.0,298,945.1822726726532,0,0.0,0,0.0,0,0.0,0,0.0,0,0.0,0,0.0,0,0.0,,,,,,,
static,model_static/summary_timeseries.csv,20,12.7,298,119200.0,1163.0774822875155,14.20121742195375,1163 ± 14.2,1136.41357421875,1211.7552490234375,1.940387676626244,0.0022496970965876,1.94 ± 0.00225,1.940000057220459,1.9574874639511108,0.3721090606572333,0.227557946985991,0.3721 ± 0.2276,0.0274833136904463,1.5032500055566438,388.0,0.0,388 ± 0,388.0,388.0,65.84216124259386,0.0018691465159907,65.84 ± 0.001869,65.83586883544922,65.84564208984375,75.3416748046875,1,1,1,1,1:298,0,0,0.0,model_static,False,mckenzie2003,3.221550226211548,3.221550226211548,3.221550226211548,3.221550226211548,3.221550226211548,3.88,3.88,3.88,0.8302964500545225,0.8302964500545227,0,0.0,0,0.0,0,0.0,0,0.0,0,0.0,0,0.0,298,960.0219674110411,0,0.0,0,0.0,0,0.0,0,0.0,0,0.0,0,0.0,0,0.0,,,,,,,
static,model_static/summary_timeseries.csv,20,12.6,298,119200.0,1163.0774822875155,14.20121742195375,1163 ± 14.2,1136.41357421875,1211.7552490234375,1.940387676626244,0.0022496970965876,1.94 ± 0.00225,1.940000057220459,1.9574874639511108,0.3721090606572333,0.227557946985991,0.3721 ± 0.2276,0.0274833136904463,1.5032500055566438,385.0,0.0,385 ± 0,385.0,385.0,63.31710321311183,0.0012098533060114,63.32 ± 0.00121,63.313323974609375,63.319942474365234,75.3416748046875,1,1,1,1,1:298,0,0,0.0,model_static,False,mckenzie2003,3.217563387531562,3.221550226211548,3.2101263999938965,3.221550226211548,3.221550226211548,3.850000000000001,3.85,3.85,0.8357307500081979,0.8367662925224799,0,0.0,0,0.0,0,0.0,0,0.0,0,0.0,0,0.0,298,958.8338894844056,0,0.0,0,0.0,0,0.0,0,0.0,0,0.0,0,0.0,0,0.0,,,,,,,
static,model_static/summary_timeseries.csv,20,12.5,298,119200.0,1163.0774822875155,14.20121742195375,1163 ± 14.2,1136.41357421875,1211.7552490234375,1.940387676626244,0.0022496970965876,1.94 ± 0.00225,1.940000057220459,1.9574874639511108,0.3721090606572333,0.227557946985991,0.3721 ± 0.2276,0.0274833136904463,1.5032500055566438,382.4395973154362,0.4963381062315194,382.4 ± 0.4963,382.0,383.0,63.25805273632075,0.0239553235117202,63.26 ± 0.02396,63.2320442199707,63.292179107666016,75.3416748046875,1,1,1,1,1:298,0,0,0.0,model_static,False,mckenzie2003,3.207826268752949,3.2101263999938965,3.175854444503784,3.2101263999938965,3.2101263999938965,3.824395973154362,3.82,3.83,0.8387821402512352,0.8403472251292922,0,0.0,0,0.0,0,0.0,0,0.0,0,0.0,0,0.0,298,955.9322280883788,0,0.0,0,0.0,0,0.0,0,0.0,0,0.0,0,0.0,0,0.0,,,,,,,
static,model_static/summary_timeseries.csv,20,12.4,298,119200.0,1163.0774822875155,14.20121742195375,1163 ± 14.2,1136.41357421875,1211.7552490234375,1.940387676626244,0.0022496970965876,1.94 ± 0.00225,1.940000057220459,1.9574874639511108,0.3721090606572333,0.227557946985991,0.3721 ± 0.2276,0.0274833136904463,1.5032500055566438,384.0,0.0,384 ± 0,384.0,384.0,64.89962740392492,0.0017009553239246,64.9 ± 0.001701,64.89641571044922,64.90271759033203,75.3416748046875,1,1,1,1,1:298,0,0,0.0,model_static,False,mckenzie2003,3.2092446856850745,3.2101263999938965,3.2101263999938965,3.2101263999938965,3.2101263999938965,3.8400000000000007,3.84,3.84,0.8357408035638216,0.8359704166650772,0,0.0,0,0.0,0,0.0,0,0.0,0,0.0,0,0.0,298,956.3549163341522,0,0.0,0,0.0,0,0.0,0,0.0,0,0.0,0,0.0,0,0.0,,,,,,,
static,model_static/summary_timeseries.csv,20,12.3,298,119200.0,1163.0774822875155,14.20121742195375,1163 ± 14.2,1136.41357421875,1211.7552490234375,1.940387676626244,0.0022496970965876,1.94 ± 0.00225,1.940000057220459,1.9574874639511108,0.3721090606572333,0.227557946985991,0.3721 ± 0.2276,0.0274833136904463,1.5032500055566438,381.0973154362416,0.2963868116342489,381.1 ± 0.2964,381.0,382.0,63.83537301441167,0.0153899164505939,63.84 ± 0.01539,63.82619857788086,63.88530731201172,75.3416748046875,1,1,1,1,1:298,0,0,0.0,model_static,False,mckenzie2003,3.2080179468897363,3.2101263999938965,3.175854444503784,3.2101263999938965,3.2101263999938965,3.810973154362416,3.81,3.82,0.8417861620511111,0.8425528608907865,0,0.0,0,0.0,0,0.0,0,0.0,0,0.0,0,0.0,298,955.9893481731416,0,0.0,0,0.0,0,0.0,0,0.0,0,0.0,0,0.0,0,0.0,,,,,,,
static,model_static/summary_timeseries.csv,20,12.2,298,119200.0,1163.0774822875155,14.20121742195375,1163 ± 14.2,1136.41357421875,1211.7552490234375,1.940387676626244,0.0022496970965876,1.94 ± 0.00225,1.940000057220459,1.9574874639511108,0.3721090606572333,0.227557946985991,0.3721 ± 0.2276,0.0274833136904463,1.5032500055566438,381.9832214765101,0.1284406658322459,382 ± 0.1284,381.0,382.0,61.685513157172494,0.0065546011615249,61.69 ± 0.006555,61.63603591918945,61.69000625610352,75.3416748046875,1,1,1,1,1:298,0,0,0.0,model_static,False,mckenzie2003,3.2101263999938965,3.2101263999938965,3.2101263999938965,3.2101263999938965,3.2101263999938965,3.8198322147651007,3.82,3.82,0.8403842324407267,0.8403472251292922,0,0.0,0,0.0,0,0.0,0,0.0,0,0.0,0,0.0,298,956.6176671981812,0,0.0,0,0.0,0,0.0,0,0.0,0,0.0,0,0.0,0,0.0,,,,,,,
static,model_static/summary_timeseries.csv,20,12.1,298,119200.0,1163.0774822875155,14.20121742195375,1163 ± 14.2,1136.41357421875,1211.7552490234375,1.940387676626244,0.0022496970965876,1.94 ± 0.00225,1.940000057220459,1.9574874639511108,0.3721090606572333,0.227557946985991,0.3721 ± 0.2276,0.0274833136904463,1.5032500055566438,388.6476510067114,0.4777019784521593,388.6 ± 0.4777,388.0,389.0,63.980107646660514,0.0226647812505687,63.98 ± 0.02266,63.944862365722656,63.99946594238281,75.3416748046875,1,1,1,1,1:298,0,0,0.0,model_static,False,mckenzie2003,3.221550226211548,3.221550226211548,3.221550226211548,3.221550226211548,3.221550226211548,3.8864765100671135,3.89,3.89,0.8289140790217546,0.8281620118795753,0,0.0,0,0.0,0,0.0,0,0.0,0,0.0,0,0.0,298,960.0219674110411,0,0.0,0,0.0,0,0.0,0,0.0,0,0.0,0,0.0,0,0.0,,,,,,,
static,model_static/summary_timeseries.csv,20,12.0,298,119200.0,1163.0774822875155,14.20121742195375,1163 ± 14.2,1136.41357421875,1211.7552490234375,1.940387676626244,0.0022496970965876,1.94 ± 0.00225,1.940000057220459,1.9574874639511108,0.3721090606572333,0.227557946985991,0.3721 ± 0.2276,0.0274833136904463,1.5032500055566438,393.0,0.0,393 ± 0,393.0,393.0,67.29708060962241,0.000860029222906,67.3 ± 0.00086,67.29510498046875,67.29889678955078,75.3416748046875,1,1,1,1,1:298,0,0,0.0,model_static,False,mckenzie2003,3.2225853148722807,3.221550226211548,3.2101263999938965,3.2443981170654297,3.2443981170654297,3.93,3.93,3.93,0.8199962633262802,0.8197328819876711,0,0.0,0,0.0,0,0.0,0,0.0,0,0.0,0,0.0,298,960.3304238319396,0,0.0,0,0.0,0,0.0,0,0.0,0,0.0,0,0.0,0,0.0,,,,,,,
static,model_static/summary_timeseries.csv,20,11.9,298,119200.0,1163.0774822875155,14.20121742195375,1163 ± 14.2,1136.41357421875,1211.7552490234375,1.940387676626244,0.0022496970965876,1.94 ± 0.00225,1.940000057220459,1.9574874639511108,0.3721090606572333,0.227557946985991,0.3721 ± 0.2276,0.0274833136904463,1.5032500055566438,407.0,0.0,407 ± 0,407.0,407.0,68.78797198301994,0.0019762295426406,68.79 ± 0.001976,68.7818603515625,68.7920913696289,75.3416748046875,1,1,1,1,1:298,0,0,0.0,model_static,False,mckenzie2003,3.2785934017808644,3.278670072555542,3.278670072555542,3.278670072555542,3.278670072555542,4.07,4.07,4.07,0.8055512043687626,0.805570042396939,0,0.0,0,0.0,0,0.0,0,0.0,0,0.0,0,0.0,298,977.0208337306976,0,0.0,0,0.0,0,0.0,0,0.0,0,0.0,0,0.0,0,0.0,,,,,,,
static,model_static/summary_timeseries.csv,20,11.8,298,119200.0,1163.0774822875155,14.20121742195375,1163 ± 14.2,1136.41357421875,1211.7552490234375,1.940387676626244,0.0022496970965876,1.94 ± 0.00225,1.940000057220459,1.9574874639511108,0.3721090606572333,0.227557946985991,0.3721 ± 0.2276,0.0274833136904463,1.5032500055566438,412.0,0.0,412 ± 0,412.0,412.0,69.69026685881134,0.001505321756287,69.69 ± 0.001505,69.68685150146484,69.6936264038086,75.3416748046875,1,1,1,1,1:298,0,0,0.0,model_static,False,mckenzie2003,3.2967643753794214,3.301517963409424,3.278670072555542,3.301517963409424,3.301517963409424,4.12,4.12,4.12,0.8001855280047138,0.8013393115071417,0,0.0,0,0.0,0,0.0,0,0.0,0,0.0,0,0.0,298,982.4357838630676,0,0.0,0,0.0,0,0.0,0,0.0,0,0.0,0,0.0,0,0.0,,,,,,,
static,model_static/summary_timeseries.csv,20,11.7,298,119200.0,1163.0774822875155,14.20121742195375,1163 ± 14.2,1136.41357421875,1211.7552490234375,1.940387676626244,0.0022496970965876,1.94 ± 0.00225,1.940000057220459,1.9574874639511108,0.3721090606572333,0.227557946985991,0.3721 ± 0.2276,0.0274833136904463,1.5032500055566438,412.0,0.0,412 ± 0,412.0,412.0,70.63084921100796,0.0035552892839691,70.63 ± 0.003555,70.61759948730469,70.63380432128906,75.3416748046875,1,1,1,1,1:298,0,0,0.0,model_static,False,mckenzie2003,3.257240541829358,3.25582218170166,3.2443981170654297,3.301517963409424,3.301517963409424,4.12,4.12,4.12,0.7905923645216889,0.7902481023547718,0,0.0,0,0.0,0,0.0,0,0.0,0,0.0,0,0.0,298,970.6576814651488,0,0.0,0,0.0,0,0.0,0,0.0,0,0.0,0,0.0,0,0.0,,,,,,,
static,model_static/summary_timeseries.csv,20,11.6,298,119200.0,1163.0774822875155,14.20121742195375,1163 ± 14.2,1136.41357421875,1211.7552490234375,1.940387676626244,0.0022496970965876,1.94 ± 0.00225,1.940000057220459,1.9574874639511108,0.3721090606572333,0.227557946985991,0.3721 ± 0.2276,0.0274833136904463,1.5032500055566438,420.0,0.0,420 ± 0,420.0,420.0,69.91844753290982,0.0039616086067572,69.92 ± 0.003962,69.9129638671875,69.92697143554688,75.3416748046875,1,1,1,1,1:298,0,0,0.0,model_static,False,mckenzie2003,3.3288509989744863,3.335789680480957,3.301517963409424,3.335789680480957,3.335789680480957,4.2,4.2,4.2,0.7925835711844015,0.7942356382097516,0,0.0,0,0.0,0,0.0,0,0.0,0,0.0,0,0.0,298,991.997597694397,0,0.0,0,0.0,0,0.0,0,0.0,0,0.0,0,0.0,0,0.0,,,,,,,
static,model_static/summary_timeseries.csv,20,11.5,298,119200.0,1163.0774822875155,14.20121742195375,1163 ± 14.2,1136.41357421875,1211.7552490234375,1.940387676626244,0.0022496970965876,1.94 ± 0.00225,1.940000057220459,1.9574874639511108,0.3721090606572333,0.227557946985991,0.3721 ± 0.2276,0.0274833136904463,1.5032500055566438,427.0,0.0,427 ± 0,427.0,427.0,73.9404312748237,0.0044420673638689,73.94 ± 0.004442,73.92516326904297,73.94540405273438,75.3416748046875,1,1,1,1,1:298,0,0,0.0,model_static,False,mckenzie2003,3.3013262388690205,3.301517963409424,3.25582218170166,3.335789680480957,3.3472135066986084,4.2700000000000005,4.2700000000000005,4.2700000000000005,0.7731443182363045,0.7731892185970547,0,0.0,0,0.0,0,0.0,0,0.0,0,0.0,0,0.0,298,983.795219182968,0,0.0,0,0.0,0,0.0,0,0.0,0,0.0,0,0.0,0,0.0,,,,,,,
static,model_static/summary_timeseries.csv,20,11.4,298,119200.0,1163.0774822875155,14.20121742195375,1163 ± 14.2,1136.41357421875,1211.7552490234375,1.940387676626244,0.0022496970965876,1.94 ± 0.00225,1.940000057220459,1.9574874639511108,0.3721090606572333,0.227557946985991,0.3721 ± 0.2276,0.0274833136904463,1.5032500055566438,434.1140939597315,0.3179253498611278,434.1 ± 0.3179,434.0,435.0,72.29382385663538,0.0141521487418474,72.29 ± 0.01415,72.28083038330078,72.33525085449219,75.3416748046875,1,1,1,1,1:298,0,0,0.0,model_static,False,mckenzie2003,3.3463318363932157,3.3472135066986084,3.335789680480957,3.3700613975524902,3.3700613975524902,4.341140939597316,4.34,4.3500000000000005,0.7708405751641709,0.7712473517738729,0,0.0,0,0.0,0,0.0,0,0.0,0,0.0,0,0.0,298,997.2068872451782,0,0.0,0,0.0,0,0.0,0,0.0,0,0.0,0,0.0,0,0.0,,,,,,,
static,model_static/summary_timeseries.csv,20,11.3,298,119200.0,1163.0774822875155,14.20121742195375,1163 ± 14.2,1136.41357421875,1211.7552490234375,1.940387676626244,0.0022496970965876,1.94 ± 0.00225,1.940000057220459,1.9574874639511108,0.3721090606572333,0.227557946985991,0.3721 ± 0.2276,0.0274833136904463,1.5032500055566438,433.0,0.0,433 ± 0,433.0,433.0,71.60035242170295,0.0036908845765884,71.6 ± 0.003691,71.5866470336914,71.6034164428711,75.3416748046875,1,1,1,1,1:298,0,0,0.0,model_static,False,mckenzie2003,3.315471963594424,3.312941789627075,3.301517963409424,3.3700613975524902,3.3700613975524902,4.329999999999999,4.33,4.33,0.7656979130703057,0.7651135772810798,0,0.0,0,0.0,0,0.0,0,0.0,0,0.0,0,0.0,298,988.0106451511384,0,0.0,0,0.0,0,0.0,0,0.0,0,0.0,0,0.0,0,0.0,,,,,,,
static,model_static/summary_timeseries.csv,20,11.2,298,119200.0,1163.0774822875155,14.20121742195375,1163 ± 14.2,1136.41357421875,1211.7552490234375,1.940387676626244,0.0022496970965876,1.94 ± 0.00225,1.940000057220459,1.9574874639511108,0.3721090606572333,0.227557946985991,0.3721 ± 0.2276,0.0274833136904463,1.5032500055566438,440.7953020134228,0.403480756503243,440.8 ± 0.4035,440.0,441.0,74.51066143880755,0.0166755192293238,74.51 ± 0.01668,74.46138000488281,74.52543640136719,75.3416748046875,1,1,1,1,1:298,0,0,0.0,model_static,False,mckenzie2003,3.343150035646938,3.3472135066986084,3.301517963409424,3.3700613975524902,3.3814854621887207,4.4079530201342285,4.41,4.41,0.7584331623337404,0.7590053303171448,0,0.0,0,0.0,0,0.0,0,0.0,0,0.0,0,0.0,298,996.2587106227876,0,0.0,0,0.0,0,0.0,0,0.0,0,0.0,0,0.0,0,0.0,,,,,,,
static,model_static/summary_timeseries.csv,20,11.1,298,119200.0,1163.0774822875155,14.20121742195375,1163 ± 14.2,1136.41357421875,1211.7552490234375,1.940387676626244,0.0022496970965876,1.94 ± 0.00225,1.940000057220459,1.9574874639511108,0.3721090606572333,0.227557946985991,0.3721 ± 0.2276,0.0274833136904463,1.5032500055566438,438.9261744966443,0.2614867079030625,438.9 ± 0.2615,438.0,439.0,76.63265753112384,0.0130770265932049,76.63 ± 0.01308,76.5846176147461,76.6388168334961,75.3416748046875,1,1,1,1,1:298,0,0,0.0,model_static,False,mckenzie2003,3.3761951235316743,3.3814854621887207,3.3700613975524902,3.3814854621887207,3.3814854621887207,4.389261744966443,4.39,4.39,0.7691947585512019,0.7702700369450389,0,0.0,0,0.0,0,0.0,0,0.0,0,0.0,0,0.0,298,1006.106146812439,0,0.0,0,0.0,0,0.0,0,0.0,0,0.0,0,0.0,0,0.0,,,,,,,
static,model_static/summary_timeseries.csv,20,11.0,298,119200.0,1163.0774822875155,14.20121742195375,1163 ± 14.2,1136.41357421875,1211.7552490234375,1.940387676626244,0.0022496970965876,1.94 ± 0.00225,1.940000057220459,1.9574874639511108,0.3721090606572333,0.227557946985991,0.3721 ± 0.2276,0.0274833136904463,1.5032500055566438,443.0,0.0,443 ± 0,443.0,443.0,75.72748965064952,0.0011880434183616,75.73 ± 0.001188,75.72086334228516,75.73019409179688,75.3416748046875,1,1,1,1,1:298,0,0,0.0,model_static,False,mckenzie2003,3.3854723248705767,3.3814854621887207,3.3700613975524902,3.4043333530426025,3.4043333530426025,4.43,4.43,4.43,0.7642149717540805,0.7633150027514043,0,0.0,0,0.0,0,0.0,0,0.0,0,0.0,0,0.0,298,1008.870752811432,0,0.0,0,0.0,0,0.0,0,0.0,0,0.0,0,0.0,0,0.0,,,,,,,
static,model_static/summary_timeseries.csv,20,10.9,298,119200.0,1163.0774822875155,14.20121742195375,1163 ± 14.2,1136.41357421875,1211.7552490234375,1.940387676626244,0.0022496970965876,1.94 ± 0.00225,1.940000057220459,1.9574874639511108,0.3721090606572333,0.227557946985991,0.3721 ± 0.2276,0.0274833136904463,1.5032500055566438,441.6040268456376,0.4890587034157498,441.6 ± 0.4891,441.0,442.0,74.54286762211947,0.0218500358122533,74.54 ± 0.02185,74.51465606689453,74.56261444091797,75.3416748046875,1,1,1,1,1:298,0,0,0.0,model_static,False,mckenzie2003,3.37450836968902,3.3814854621887207,3.3472135066986084,3.3814854621887207,3.3814854621887207,4.416040268456376,4.42,4.42,0.7641470578519997,0.7650419597712038,0,0.0,0,0.0,0,0.0,0,0.0,0,0.0,0,0.0,298,1005.603494167328,0,0.0,0,0.0,0,0.0,0,0.0,0,0.0,0,0.0,0,0.0,,,,,,,
static,model_static/summary_timeseries.csv,20,10.8,298,119200.0,1163.0774822875155,14.20121742195375,1163 ± 14.2,1136.41357421875,1211.7552490234375,1.940387676626244,0.0022496970965876,1.94 ± 0.00225,1.940000057220459,1.9574874639511108,0.3721090606572333,0.227557946985991,0.3721 ± 0.2276,0.0274833136904463,1.5032500055566438,446.9832214765101,0.1284406658322459,447 ± 0.1284,446.0,447.0,74.78219386875229,0.0084392903306952,74.78 ± 0.008439,74.73194885253906,74.7937240600586,75.3416748046875,1,1,1,1,1:298,0,0,0.0,model_static,False,mckenzie2003,3.389344191391196,3.4043333530426025,3.335789680480957,3.4043333530426025,3.4043333530426025,4.4698322147651,4.47,4.47,0.7582711227345511,0.7615958284211639,0,0.0,0,0.0,0,0.0,0,0.0,0,0.0,0,0.0,298,1010.0245690345764,0,0.0,0,0.0,0,0.0,0,0.0,0,0.0,0,0.0,0,0.0,,,,,,,
static,model_static/summary_timeseries.csv,20,10.7,298,119200.0,1163.0774822875155,14.20121742195375,1163 ± 14.2,1136.41357421875,1211.7552490234375,1.940387676626244,0.0022496970965876,1.94 ± 0.00225,1.940000057220459,1.9574874639511108,0.3721090606572333,0.227557946985991,0.3721 ± 0.2276,0.0274833136904463,1.5032500055566438,441.1845637583893,0.3879432657986113,441.2 ± 0.3879,441.0,442.0,77.49072567728543,0.020820415332142,77.49 ± 0.02082,77.4735107421875,77.5429916381836,75.3416748046875,1,1,1,1,1:298,0,0,0.0,model_static,False,mckenzie2003,3.3686813948138448,3.3700613975524902,3.301517963409424,3.3814854621887207,3.3814854621887207,4.411845637583893,4.41,4.42,0.7635565947018105,0.7641862579484104,0,0.0,0,0.0,0,0.0,0,0.0,0,0.0,0,0.0,298,1003.8670556545258,0,0.0,0,0.0,0,0.0,0,0.0,0,0.0,0,0.0,0,0.0,,,,,,,
static,model_static/summary_timeseries.csv,20,10.6,298,119200.0,1163.0774822875155,14.20121742195375,1163 ± 14.2,1136.41357421875,1211.7552490234375,1.940387676626244,0.0022496970965876,1.94 ± 0.00225,1.940000057220459,1.9574874639511108,0.3721090606572333,0.227557946985991,0.3721 ± 0.2276,0.0274833136904463,1.5032500055566438,441.0,0.0,441 ± 0,441.0,441.0,73.96290178746985,0.001294400997133,73.96 ± 0.001294,73.95745086669922,73.96484375,75.3416748046875,1,1,1,1,1:298,0,0,0.0,model_static,False,mckenzie2003,3.325784139185144,3.335789680480957,3.301517963409424,3.3472135066986084,3.3472135066986084,4.409999999999999,4.41,4.41,0.7541460633072888,0.7564148935330968,0,0.0,0,0.0,0,0.0,0,0.0,0,0.0,0,0.0,298,991.0836734771729,0,0.0,0,0.0,0,0.0,0,0.0,0,0.0,0,0.0,0,0.0,,,,,,,
static,model_static/summary_timeseries.csv,20,10.5,298,119200.0,1163.0774822875155,14.20121742195375,1163 ± 14.2,1136.41357421875,1211.7552490234375,1.940387676626244,0.0022496970965876,1.94 ± 0.00225,1.940000057220459,1.9574874639511108,0.3721090606572333,0.227557946985991,0.3721 ± 0.2276,0.0274833136904463,1.5032500055566438,441.9832214765101,0.1284406658322459,442 ± 0.1284,441.0,442.0,75.98992812393496,0.0060194852373719,75.99 ± 0.006019,75.94123840332031,75.99272155761719,75.3416748046875,1,1,1,1,1:298,0,0,0.0,model_static,False,mckenzie2003,3.3419616166377226,3.3472135066986084,3.312941789627075,3.3700613975524902,3.3700613975524902,4.419832214765101,4.42,4.42,0.7561285091218146,0.757288123687468,0,0.0,0,0.0,0,0.0,0,0.0,0,0.0,0,0.0,298,995.9045617580414,0,0.0,0,0.0,0,0.0,0,0.0,0,0.0,0,0.0,0,0.0,,,,,,,
static,model_static/summary_timeseries.csv,20,10.4,298,119200.0,1163.0774822875155,14.20121742195375,1163 ± 14.2,1136.41357421875,1211.7552490234375,1.940387676626244,0.0022496970965876,1.94 ± 0.00225,1.940000057220459,1.9574874639511108,0.3721090606572333,0.227557946985991,0.3721 ± 0.2276,0.0274833136904463,1.5032500055566438,430.496644295302,0.4999887391191724,430.5 ± 0.5,430.0,431.0,73.93455973887603,0.0220415746419965,73.93 ± 0.02204,73.89900970458984,73.95804595947266,75.3416748046875,1,1,1,1,1:298,0,0,0.0,model_static,False,mckenzie2003,3.3106033818033715,3.312941789627075,3.301517963409424,3.335789680480957,3.3472135066986084,4.30496644295302,4.3,4.3100000000000005,0.7690186012956364,0.7686639883125463,0,0.0,0,0.0,0,0.0,0,0.0,0,0.0,0,0.0,298,986.5598077774048,0,0.0,0,0.0,0,0.0,0,0.0,0,0.0,0,0.0,0,0.0,,,,,,,
static,model_static/summary_timeseries.csv,20,10.3,298,119200.0,1163.0774822875155,14.20121742195375,1163 ± 14.2,1136.41357421875,1211.7552490234375,1.940387676626244,0.0022496970965876,1.94 ± 0.00225,1.940000057220459,1.9574874639511108,0.3721090606572333,0.227557946985991,0.3721 ± 0.2276,0.0274833136904463,1.5032500055566438,436.0,0.0,436 ± 0,436.0,436.0,76.36141012819022,0.0023161286754109,76.36 ± 0.002316,76.35801696777344,76.36761474609375,75.3416748046875,1,1,1,1,1:298,0,0,0.0,model_static,False,mckenzie2003,3.3633143701809365,3.3700613975524902,3.3472135066986084,3.3700613975524902,3.3700613975524902,4.36,4.36,4.36,0.7714023784818661,0.7729498618239656,0,0.0,0,0.0,0,0.0,0,0.0,0,0.0,0,0.0,298,1002.2676823139192,0,0.0,0,0.0,0,0.0,0,0.0,0,0.0,0,0.0,0,0.0,,,,,,,
static,model_static/summary_timeseries.csv,20,10.2,298,119200.0,1163.0774822875155,14.20121742195375,1163 ± 14.2,1136.41357421875,1211.7552490234375,1.940387676626244,0.0022496970965876,1.94 ± 0.00225,1.940000057220459,1.9574874639511108,0.3721090606572333,0.227557946985991,0.3721 ± 0.2276,0.0274833136904463,1.5032500055566438,436.0,0.0,436 ± 0,436.0,436.0,79.27316340504076,0.0013012756647745,79.27 ± 0.001301,79.2620620727539,79.2750473022461,75.3416748046875,1,1,1,1,1:298,0,0,0.0,model_static,False,mckenzie2003,3.34230663472374,3.3472135066986084,3.312941789627075,3.3700613975524902,3.3700613975524902,4.36,4.36,4.36,0.7665840905329678,0.7677095198850019,0,0.0,0,0.0,0,0.0,0,0.0,0,0.0,0,0.0,298,996.0073771476746,0,0.0,0,0.0,0,0.0,0,0.0,0,0.0,0,0.0,0,0.0,,,,,,,
static,model_static/summary_timeseries.csv,20,10.1,298,119200.0,1163.0774822875155,14.20121742195375,1163 ± 14.2,1136.41357421875,1211.7552490234375,1.940387676626244,0.0022496970965876,1.94 ± 0.00225,1.940000057220459,1.9574874639511108,0.3721090606572333,0.227557946985991,0.3721 ± 0.2276,0.0274833136904463,1.5032500055566438,437.0,0.0,437 ± 0,437.0,437.0,76.66134200640172,0.0018487578311766,76.66 ± 0.001849,76.65371704101562,76.66504669189453,75.3416748046875,1,1,1,1,1:298,0,0,0.0,model_static,False,mckenzie2003,3.368144628185554,3.3700613975524902,3.3472135066986084,3.3700613975524902,3.3700613975524902,4.37,4.37,4.37,0.7707424778456645,0.7711810978380984,0,0.0,0,0.0,0,0.0,0,0.0,0,0.0,0,0.0,298,1003.707099199295,0,0.0,0,0.0,0,0.0,0,0.0,0,0.0,0,0.0,0,0.0,,,,,,,
static,model_static/summary_timeseries.csv,20,10.0,298,119200.0,1163.0774822875155,14.20121742195375,1163 ± 14.2,1136.41357421875,1211.7552490234375,1.940387676626244,0.0022496970965876,1.94 ± 0.00225,1.940000057220459,1.9574874639511108,0.3721090606572333,0.227557946985991,0.3721 ± 0.2276,0.0274833136904463,1.5032500055566438,434.9832214765101,0.1284406658322459,435 ± 0.1284,434.0,435.0,73.64363968612363,0.0074032654546276,73.64 ± 0.007403,73.59465789794922,73.65967559814453,75.3416748046875,1,1,1,1,1:298,0,0,0.0,model_static,False,mckenzie2003,3.366457883143585,3.3700613975524902,3.34035917520523,3.3700613975524902,3.3700613975524902,4.349832214765102,4.3500000000000005,4.3500000000000005,0.7739282338032138,0.7747267580580436,0,0.0,0,0.0,0,0.0,0,0.0,0,0.0,0,0.0,298,1003.2044491767884,0,0.0,0,0.0,0,0.0,0,0.0,0,0.0,0,0.0,0,0.0,,,,,,,
static,model_static/summary_timeseries.csv,20,9.9,298,119200.0,1163.0774822875155,14.20121742195375,1163 ± 14.2,1136.41357421875,1211.7552490234375,1.940387676626244,0.0022496970965876,1.94 ± 0.00225,1.940000057220459,1.9574874639511108,0.3721090606572333,0.227557946985991,0.3721 ± 0.2276,0.0274833136904463,1.5032500055566438,439.996644295302,0.0578311675825976,440 ± 0.05783,439.0,440.0,76.54821313947639,0.0035594267991358,76.55 ± 0.003559,76.49720764160156,76.5530014038086,75.3416748046875,1,1,1,1,1:298,0,0,0.0,model_static,False,mckenzie2003,3.3814854621887207,3.3814854621887207,3.3814854621887207,3.3814854621887207,3.3814854621887207,4.399966442953019,4.4,4.4,0.7685252977673948,0.7685194232247092,0,0.0,0,0.0,0,0.0,0,0.0,0,0.0,0,0.0,298,1007.6826677322388,0,0.0,0,0.0,0,0.0,0,0.0,0,0.0,0,0.0,0,0.0,,,,,,,
static,model_static/summary_timeseries.csv,20,9.8,298,119200.0,1163.0774822875155,14.20121742195375,1163 ± 14.2,1136.41357421875,1211.7552490234375,1.940387676626244,0.0022496970965876,1.94 ± 0.00225,1.940000057220459,1.9574874639511108,0.3721090606572333,0.227557946985991,0.3721 ± 0.2276,0.0274833136904463,1.5032500055566438,439.0872483221477,0.2821986045856193,439.1 ± 0.2822,439.0,440.0,74.62531667107703,0.0126307075292932,74.63 ± 0.01263,74.6123275756836,74.66635131835938,75.3416748046875,1,1,1,1,1:298,0,0,0.0,model_static,False,mckenzie2003,3.3509704034600483,3.3472135066986084,3.335789680480957,3.3700613975524902,3.3700613975524902,4.390872483221477,4.39,4.4,0.7631667764133103,0.7624632133709814,0,0.0,0,0.0,0,0.0,0,0.0,0,0.0,0,0.0,298,998.5891802310944,0,0.0,0,0.0,0,0.0,0,0.0,0,0.0,0,0.0,0,0.0,,,,,,,
static,model_static/summary_timeseries.csv,20,9.7,298,119200.0,1163.0774822875155,14.20121742195375,1163 ± 14.2,1136.41357421875,1211.7552490234375,1.940387676626244,0.0022496970965876,1.94 ± 0.00225,1.940000057220459,1.9574874639511108,0.3721090606572333,0.227557946985991,0.3721 ± 0.2276,0.0274833136904463,1.5032500055566438,441.0,0.0,441 ± 0,441.0,441.0,79.14093521937428,0.0010919582203112,79.14 ± 0.001092,79.13109588623047,79.1425552368164,75.3416748046875,1,1,1,1,1:298,0,0,0.0,model_static,False,mckenzie2003,3.3664195641575243,3.3700613975524902,3.3472135066986084,3.3814854621887207,3.3814854621887207,4.409999999999999,4.41,4.41,0.7633604453871937,0.7641862579484104,0,0.0,0,0.0,0,0.0,0,0.0,0,0.0,0,0.0,298,1003.1930301189424,0,0.0,0,0.0,0,0.0,0,0.0,0,0.0,0,0.0,0,0.0,,,,,,,
static,model_static/summary_timeseries.csv,20,9.6,298,119200.0,1163.0774822875155,14.20121742195375,1163 ± 14.2,1136.41357421875,1211.7552490234375,1.940387676626244,0.0022496970965876,1.94 ± 0.00225,1.940000057220459,1.9574874639511108,0.3721090606572333,0.227557946985991,0.3721 ± 0.2276,0.0274833136904463,1.5032500055566438,444.9463087248322,0.2254074580368679,444.9 ± 0.2254,444.0,445.0,79.91225604882976,0.0113791254715911,79.91 ± 0.01138,79.86445617675781,79.91793823242188,75.3416748046875,1,1,1,1,1:298,0,0,0.0,model_static,False,mckenzie2003,3.371978211722918,3.3700613975524902,3.3472135066986084,3.3814854621887207,3.4043333530426025,4.449463087248322,4.45,4.45,0.7578397251382994,0.7573171679893236,0,0.0,0,0.0,0,0.0,0,0.0,0,0.0,0,0.0,298,1004.8495070934296,0,0.0,0,0.0,0,0.0,0,0.0,0,0.0,0,0.0,0,0.0,,,,,,,
static,model_static/summary_timeseries.csv,20,9.5,298,119200.0,1163.0774822875155,14.20121742195375,1163 ± 14.2,1136.41357421875,1211.7552490234375,1.940387676626244,0.0022496970965876,1.94 ± 0.00225,1.940000057220459,1.9574874639511108,0.3721090606572333,0.227557946985991,0.3721 ± 0.2276,0.0274833136904463,1.5032500055566438,435.0,0.0,435 ± 0,435.0,435.0,79.97820860587511,0.0033902787413215,79.98 ± 0.00339,79.9708251953125,79.9865951538086,75.3416748046875,1,1,1,1,1:298,0,0,0.0,model_static,False,mckenzie2003,3.363659397867702,3.3700613975524902,3.335789680480957,3.3700613975524902,3.3700613975524902,4.3500000000000005,4.3500000000000005,4.3500000000000005,0.773255033992575,0.7747267580580436,0,0.0,0,0.0,0,0.0,0,0.0,0,0.0,0,0.0,298,1002.3705005645752,0,0.0,0,0.0,0,0.0,0,0.0,0,0.0,0,0.0,0,0.0,,,,,,,
static,model_static/summary_timeseries.csv,20,9.4,298,119200.0,1163.0774822875155,14.20121742195375,1163 ± 14.2,1136.41357421875,1211.7552490234375,1.940387676626244,0.0022496970965876,1.94 ± 0.00225,1.940000057220459,1.9574874639511108,0.3721090606572333,0.227557946985991,0.3721 ± 0.2276,0.0274833136904463,1.5032500055566438,442.9530201342282,0.2115957418850261,443 ± 0.2116,442.0,443.0,77.52709648593161,0.0114143972012665,77.53 ± 0.01141,77.47755432128906,77.53577423095703,75.3416748046875,1,1,1,1,1:298,0,0,0.0,model_static,False,mckenzie2003,3.3653078407249195,3.3700613975524902,3.3472135066986084,3.3814854621887207,3.3814854621887207,4.429530201342282,4.43,4.43,0.7597442625159406,0.7607362071224584,0,0.0,0,0.0,0,0.0,0,0.0,0,0.0,0,0.0,298,1002.861736536026,0,0.0,0,0.0,0,0.0,0,0.0,0,0.0,0,0.0,0,0.0,,,,,,,
static,model_static/summary_timeseries.csv,20,9.3,298,119200.0,1163.0774822875155,14.20121742195375,1163 ± 14.2,1136.41357421875,1211.7552490234375,1.940387676626244,0.0022496970965876,1.94 ± 0.00225,1.940000057220459,1.9574874639511108,0.3721090606572333,0.227557946985991,0.3721 ± 0.2276,0.0274833136904463,1.5032500055566438,444.9127516778523,0.2821986045856193,444.9 ± 0.2822,444.0,445.0,76.39460127145652,0.0159322166345408,76.39 ± 0.01593,76.34508514404297,76.40739440917969,75.3416748046875,1,1,1,1,1:298,0,0,0.0,model_static,False,mckenzie2003,3.3695631451254724,3.3472135066986084,3.335789680480957,3.4043333530426025,3.4043333530426025,4.449127516778524,4.45,4.45,0.7573551820891902,0.7521828104940693,0,0.0,0,0.0,0,0.0,0,0.0,0,0.0,0,0.0,298,1004.1298172473907,0,0.0,0,0.0,0,0.0,0,0.0,0,0.0,0,0.0,0,0.0,,,,,,,
static,model_static/summary_timeseries.csv,20,9.2,298,119200.0,1163.0774822875155,14.20121742195375,1163 ± 14.2,1136.41357421875,1211.7552490234375,1.940387676626244,0.0022496970965876,1.94 ± 0.00225,1.940000057220459,1.9574874639511108,0.3721090606572333,0.227557946985991,0.3721 ± 0.2276,0.0274833136904463,1.5032500055566438,448.993288590604,0.0816478191986338,449 ± 0.08165,448.0,449.0,77.03323041672675,0.0037122810626761,77.03 ± 0.003712,76.98917388916016,77.03558349609375,75.3416748046875,1,1,1,1,1:298,0,0,0.0,model_static,False,mckenzie2003,3.370981491652111,3.3700613975524902,3.3472135066986084,3.3814854621887207,3.4043333530426025,4.4899328859060414,4.49,4.49,0.7507865177131474,0.7505704671609109,0,0.0,0,0.0,0,0.0,0,0.0,0,0.0,0,0.0,298,1004.5524845123292,0,0.0,0,0.0,0,0.0,0,0.0,0,0.0,0,0.0,0,0.0,,,,,,,
static,model_static/summary_timeseries.csv,20,9.1,298,119200.0,1163.0774822875155,14.20121742195375,1163 ± 14.2,1136.41357421875,1211.7552490234375,1.940387676626244,0.0022496970965876,1.94 ± 0.00225,1.940000057220459,1.9574874639511108,0.3721090606572333,0.227557946985991,0.3721 ± 0.2276,0.0274833136904463,1.5032500055566438,448.9060402684564,0.291772686164888,448.9 ± 0.2918,448.0,449.0,78.04057698601844,0.0142529980611312,78.04 ± 0.01425,77.99512481689453,78.04731750488281,75.3416748046875,1,1,1,1,1:298,0,0,0.0,model_static,False,mckenzie2003,3.37642513345552,3.3814854621887207,3.3700613975524902,3.3814854621887207,3.4043333530426025,4.489060402684564,4.49,4.49,0.752145522571517,0.7531148022692028,0,0.0,0,0.0,0,0.0,0,0.0,0,0.0,0,0.0,298,1006.1746897697448,0,0.0,0,0.0,0,0.0,0,0.0,0,0.0,0,0.0,0,0.0,,,,,,,
static,model_static/summary_timeseries.csv,20,9.0,298,119200.0,1163.0774822875155,14.20121742195375,1163 ± 14.2,1136.41357421875,1211.7552490234375,1.940387676626244,0.0022496970965876,1.94 ± 0.00225,1.940000057220459,1.9574874639511108,0.3721090606572333,0.227557946985991,0.3721 ± 0.2276,0.0274833136904463,1.5032500055566438,444.1711409395973,0.3766320729718374,444.2 ± 0.3766,444.0,445.0,79.33253432920316,0.0187289044399235,79.33 ± 0.01873,79.32159423828125,79.37466430664062,75.3416748046875,1,1,1,1,1:298,0,0,0.0,model_static,False,mckenzie2003,3.362854345532872,3.3700613975524902,3.3472135066986084,3.3700613975524902,3.3700613975524902,4.441711409395974,4.44,4.45,0.7571096965773655,0.7590228372865968,0,0.0,0,0.0,0,0.0,0,0.0,0,0.0,0,0.0,298,1002.1305949687958,0,0.0,0,0.0,0,0.0,0,0.0,0,0.0,0,0.0,0,0.0,,,,,,,
static,model_static/summary_timeseries.csv,20,8.9,298,119200.0,1163.0774822875155,14.20121742195375,1163 ± 14.2,1136.41357421875,1211.7552490234375,1.940387676626244,0.0022496970965876,1.94 ± 0.00225,1.940000057220459,1.9574874639511108,0.3721090606572333,0.227557946985991,0.3721 ± 0.2276,0.0274833136904463,1.5032500055566438,433.0,0.0,433 ± 0,433.0,433.0,74.91018466821453,0.0008053697016993,74.91 ± 0.0008054,74.908447265625,74.91165924072266,75.3416748046875,1,1,1,1,1:298,0,0,0.0,model_static,False,mckenzie2003,3.342498309660278,3.3472135066986084,3.312941789627075,3.3700613975524902,3.3700613975524902,4.329999999999999,4.33,4.33,0.7719395634319349,0.7730285234869765,0,0.0,0,0.0,0,0.0,0,0.0,0,0.0,0,0.0,298,996.0644962787628,0,0.0,0,0.0,0,0.0,0,0.0,0,0.0,0,0.0,0,0.0,,,,,,,
static,model_static/summary_timeseries.csv,20,8.8,298,119200.0,1163.0774822875155,14.20121742195375,1163 ± 14.2,1136.41357421875,1211.7552490234375,1.940387676626244,0.0022496970965876,1.94 ± 0.00225,1.940000057220459,1.9574874639511108,0.3721090606572333,0.227557946985991,0.3721 ± 0.2276,0.0274833136904463,1.5032500055566438,431.0,0.0,431 ± 0,431.0,431.0,74.98565420368374,0.0032708904536383,74.99 ± 0.003271,74.98193359375,74.99689483642578,75.3416748046875,1,1,1,1,1:298,0,0,0.0,model_static,False,mckenzie2003,3.341999930023347,3.3472135066986084,3.301517963409424,3.3472135066986084,3.3472135066986084,4.310000000000002,4.3100000000000005,4.3100000000000005,0.775406016246716,0.7766156628071016,0,0.0,0,0.0,0,0.0,0,0.0,0,0.0,0,0.0,298,995.9159791469574,0,0.0,0,0.0,0,0.0,0,0.0,0,0.0,0,0.0,0,0.0,,,,,,,
static,model_static/summary_timeseries.csv,20,8.7,298,119200.0,1163.0774822875155,14.20121742195375,1163 ± 14.2,1136.41357421875,1211.7552490234375,1.940387676626244,0.0022496970965876,1.94 ± 0.00225,1.940000057220459,1.9574874639511108,0.3721090606572333,0.227557946985991,0.3721 ± 0.2276,0.0274833136904463,1.5032500055566438,443.0,0.0,443 ± 0,443.0,443.0,77.45202106757452,0.0028831373885861,77.45 ± 0.002883,77.44325256347656,77.45556640625,75.3416748046875,1,1,1,1,1:298,0,0,0.0,model_static,False,mckenzie2003,3.3573724007446493,3.3472135066986084,3.335789680480957,3.3814854621887207,3.3814854621887207,4.43,4.43,4.43,0.7578718737572572,0.7555786696836588,0,0.0,0,0.0,0,0.0,0,0.0,0,0.0,0,0.0,298,1000.4969754219056,0,0.0,0,0.0,0,0.0,0,0.0,0,0.0,0,0.0,0,0.0,,,,,,,
static,model_static/summary_timeseries.csv,20,8.6,298,119200.0,1163.0774822875155,14.20121742195375,1163 ± 14.2,1136.41357421875,1211.7552490234375,1.940387676626244,0.0022496970965876,1.94 ± 0.00225,1.940000057220459,1.9574874639511108,0.3721090606572333,0.227557946985991,0.3721 ± 0.2276,0.0274833136904463,1.5032500055566438,439.1946308724832,0.395916273926245,439.2 ± 0.3959,439.0,440.0,78.4162046701316,0.0177818220313583,78.42 ± 0.01778,78.40589904785156,78.45327758789062,75.3416748046875,1,1,1,1,1:298,0,0,0.0,model_static,False,mckenzie2003,3.371556526862535,3.3700613975524902,3.3472135066986084,3.3814854621887207,3.3814854621887207,4.391946308724833,4.39,4.4,0.7676675969940568,0.767667744317196,0,0.0,0,0.0,0,0.0,0,0.0,0,0.0,0,0.0,298,1004.7238450050354,0,0.0,0,0.0,0,0.0,0,0.0,0,0.0,0,0.0,0,0.0,,,,,,,
static,model_static/summary_timeseries.csv,20,8.5,298,119200.0,1163.0774822875155,14.20121742195375,1163 ± 14.2,1136.41357421875,1211.7552490234375,1.940387676626244,0.0022496970965876,1.94 ± 0.00225,1.940000057220459,1.9574874639511108,0.3721090606572333,0.227557946985991,0.3721 ± 0.2276,0.0274833136904463,1.5032500055566438,441.0,0.0,441 ± 0,441.0,441.0,79.60997833661585,0.0012274157585483,79.61 ± 0.001227,79.60508728027344,79.6119384765625,75.3416748046875,1,1,1,1,1:298,0,0,0.0,model_static,False,mckenzie2003,3.3470985385395537,3.3472135066986084,3.335789680480957,3.3700613975524902,3.3700613975524902,4.409999999999999,4.41,4.41,0.7589792604398081,0.7590053303171448,0,0.0,0,0.0,0,0.0,0,0.0,0,0.0,0,0.0,298,997.435364484787,0,0.0,0,0.0,0,0.0,0,0.0,0,0.0,0,0.0,0,0.0,,,,,,,
static,model_static/summary_timeseries.csv,20,8.4,298,119200.0,1163.0774822875155,14.20121742195375,1163 ± 14.2,1136.41357421875,1211.7552490234375,1.940387676626244,0.0022496970965876,1.94 ± 0.00225,1.940000057220459,1.9574874639511108,0.3721090606572333,0.227557946985991,0.3721 ± 0.2276,0.0274833136904463,1.5032500055566438,446.993288590604,0.0816478191986338,447 ± 0.08165,446.0,447.0,80.4969180830373,0.0037859178842233,80.5 ± 0.003786,80.45159149169922,80.49887084960938,75.3416748046875,1,1,1,1,1:298,0,0,0.0,model_static,False,mckenzie2003,3.384053901537953,3.3814854621887207,3.3700613975524902,3.4043333530426025,3.4043333530426025,4.469932885906039,4.47,4.47,0.7570703065810467,0.7564844434426669,0,0.0,0,0.0,0,0.0,0,0.0,0,0.0,0,0.0,298,1008.44806265831,0,0.0,0,0.0,0,0.0,0,0.0,0,0.0,0,0.0,0,0.0,,,,,,,
static,model_static/summary_timeseries.csv,20,8.3,298,119200.0,1163.0774822875155,14.20121742195375,1163 ± 14.2,1136.41357421875,1211.7552490234375,1.940387676626244,0.0022496970965876,1.94 ± 0.00225,1.940000057220459,1.9574874639511108,0.3721090606572333,0.227557946985991,0.3721 ± 0.2276,0.0274833136904463,1.5032500055566438,441.0,0.0,441 ± 0,441.0,441.0,78.58250726789436,0.0053527491238957,78.58 ± 0.005353,78.57156372070312,78.58753967285156,75.3416748046875,1,1,1,1,1:298,0,0,0.0,model_static,False,mckenzie2003,3.341923314452971,3.335789680480957,3.312941789627075,3.3814854621887207,3.3814854621887207,4.409999999999999,4.41,4.41,0.757805740238769,0.7564148935330968,0,0.0,0,0.0,0,0.0,0,0.0,0,0.0,0,0.0,298,995.8931477069856,0,0.0,0,0.0,0,0.0,0,0.0,0,0.0,0,0.0,0,0.0,,,,,,,
static,model_static/summary_timeseries.csv,20,8.2,298,119200.0,1163.0774822875155,14.20121742195375,1163 ± 14.2,1136.41357421875,1211.7552490234375,1.940387676626244,0.0022496970965876,1.94 ± 0.00225,1.940000057220459,1.9574874639511108,0.3721090606572333,0.227557946985991,0.3721 ± 0.2276,0.0274833136904463,1.5032500055566438,441.0,0.0,441 ± 0,441.0,441.0,79.9455695952345,0.0014769074731337,79.95 ± 0.001477,79.93186950683594,79.94735717773438,75.3416748046875,1,1,1,1,1:298,0,0,0.0,model_static,False,mckenzie2003,3.33575130469047,3.335789680480957,3.312941789627075,3.3472135066986084,3.3814854621887207,4.409999999999999,4.41,4.41,0.7564061915397892,0.7564148935330968,0,0.0,0,0.0,0,0.0,0,0.0,0,0.0,0,0.0,298,994.05388879776,0,0.0,0,0.0,0,0.0,0,0.0,0,0.0,0,0.0,0,0.0,,,,,,,
static,model_static/summary_timeseries.csv,20,8.1,298,119200.0,1163.0774822875155,14.20121742195375,1163 ± 14.2,1136.41357421875,1211.7552490234375,1.940387676626244,0.0022496970965876,1.94 ± 0.00225,1.940000057220459,1.9574874639511108,0.3721090606572333,0.227557946985991,0.3721 ± 0.2276,0.0274833136904463,1.5032500055566438,440.0771812080537,0.2668787537011219,440.1 ± 0.2669,440.0,441.0,79.61607819115555,0.0141710065076526,79.62 ± 0.01417,79.6046142578125,79.6697006225586,75.3416748046875,1,1,1,1,1:298,0,0,0.0,model_static,False,mckenzie2003,3.3561840585414195,3.3700613975524902,3.335789680480957,3.3814854621887207,3.3814854621887207,4.400771812080537,4.4,4.41,0.7626363213084297,0.7659230448982932,0,0.0,0,0.0,0,0.0,0,0.0,0,0.0,0,0.0,298,1000.142849445343,0,0.0,0,0.0,0,0.0,0,0.0,0,0.0,0,0.0,0,0.0,,,,,,,
static,model_static/summary_timeseries.csv,20,8.0,298,119200.0,1163.0774822875155,14.20121742195375,1163 ± 14.2,1136.41357421875,1211.7552490234375,1.940387676626244,0.0022496970965876,1.94 ± 0.00225,1.940000057220459,1.9574874639511108,0.3721090606572333,0.227557946985991,0.3721 ± 0.2276,0.0274833136904463,1.5032500055566438,449.755033557047,0.4300673026166542,449.8 ± 0.4301,449.0,450.0,80.58612613549968,0.0192336859296991,80.59 ± 0.01923,80.5390853881836,80.59869384765625,75.3416748046875,1,1,1,1,1:298,0,0,0.0,model_static,False,mckenzie2003,3.352925500613731,3.3472135066986084,3.335789680480957,3.3700613975524902,3.4043333530426025,4.49755033557047,4.5,4.5,0.745499595660691,0.7438252237108018,0,0.0,0,0.0,0,0.0,0,0.0,0,0.0,0,0.0,298,999.1717991828918,0,0.0,0,0.0,0,0.0,0,0.0,0,0.0,0,0.0,0,0.0,,,,,,,
static,model_static/summary_timeseries.csv,20,7.9,298,119200.0,1163.0774822875155,14.20121742195375,1163 ± 14.2,1136.41357421875,1211.7552490234375,1.940387676626244,0.0022496970965876,1.94 ± 0.00225,1.940000057220459,1.9574874639511108,0.3721090606572333,0.227557946985991,0.3721 ± 0.2276,0.0274833136904463,1.5032500055566438,449.9395973154362,0.2382314006617295,449.9 ± 0.2382,449.0,450.0,82.71262185525575,0.0106065087006453,82.71 ± 0.01061,82.67036437988281,82.71693420410156,75.3416748046875,1,1,1,1,1:298,0,0,0.0,model_static,False,mckenzie2003,3.353730544947938,3.3472135066986084,3.335789680480957,3.3700613975524902,3.3814854621887207,4.499395973154363,4.5,4.5,0.745373101703497,0.7438252237108018,0,0.0,0,0.0,0,0.0,0,0.0,0,0.0,0,0.0,298,999.4117023944856,0,0.0,0,0.0,0,0.0,0,0.0,0,0.0,0,0.0,0,0.0,,,,,,,
static,model_static/summary_timeseries.csv,20,7.8,298,119200.0,1163.0774822875155,14.20121742195375,1163 ± 14.2,1136.41357421875,1211.7552490234375,1.940387676626244,0.0022496970965876,1.94 ± 0.00225,1.940000057220459,1.9574874639511108,0.3721090606572333,0.227557946985991,0.3721 ± 0.2276,0.0274833136904463,1.5032500055566438,447.38926174496646,0.487582853340971,447.4 ± 0.4876,447.0,448.0,83.20938796485031,0.0219751582091117,83.21 ± 0.02198,83.18128204345703,83.23809814453125,75.3416748046875,1,1,1,1,1:298,0,0,0.0,model_static,False,mckenzie2003,3.334332902159467,3.335789680480957,3.312941789627075,3.3472135066986084,3.3814854621887207,4.473892617449664,4.47,4.48,0.745285784888651,0.7462616734856727,0,0.0,0,0.0,0,0.0,0,0.0,0,0.0,0,0.0,298,993.6312048435212,0,0.0,0,0.0,0,0.0,0,0.0,0,0.0,0,0.0,0,0.0,,,,,,,
static,model_static/summary_timeseries.csv,20,7.7,298,119200.0,1163.0774822875155,14.20121742195375,1163 ± 14.2,1136.41357421875,1211.7552490234375,1.940387676626244,0.0022496970965876,1.94 ± 0.00225,1.940000057220459,1.9574874639511108,0.3721090606572333,0.227557946985991,0.3721 ± 0.2276,0.0274833136904463,1.5032500055566438,448.0,0.0,448 ± 0,448.0,448.0,80.75469776127963,0.0008358740491309,80.75 ± 0.0008359,80.7529067993164,80.7567138671875,75.3416748046875,1,1,1,1,1:298,0,0,0.0,model_static,False,mckenzie2003,3.389765890652701,3.3814854621887207,3.3700613975524902,3.4043333530426025,3.4043333530426025,4.480000000000001,4.48,4.48,0.7566441720206922,0.7547958620956965,0,0.0,0,0.0,0,0.0,0,0.0,0,0.0,0,0.0,298,1010.150235414505,0,0.0,0,0.0,0,0.0,0,0.0,0,0.0,0,0.0,0,0.0,,,,,,,
static,model_static/summary_timeseries.csv,20,7.6,298,119200.0,1163.0774822875155,14.20121742195375,1163 ± 14.2,1136.41357421875,1211.7552490234375,1.940387676626244,0.0022496970965876,1.94 ± 0.00225,1.940000057220459,1.9574874639511108,0.3721090606572333,0.227557946985991,0.3721 ± 0.2276,0.0274833136904463,1.5032500055566438,447.4127516778523,0.4923288842658124,447.4 ± 0.4923,447.0,448.0,83.05100603551672,0.0223798913500398,83.05 ± 0.02238,83.02347564697266,83.07910919189453,75.3416748046875,1,1,1,1,1:298,0,0,0.0,model_static,False,mckenzie2003,3.345450113283708,3.3472135066986084,3.335789680480957,3.3700613975524902,3.3700613975524902,4.474127516778523,4.47,4.48,0.7477322923442552,0.7471458720309393,0,0.0,0,0.0,0,0.0,0,0.0,0,0.0,0,0.0,298,996.9441337585448,0,0.0,0,0.0,0,0.0,0,0.0,0,0.0,0,0.0,0,0.0,,,,,,,
static,model_static/summary_timeseries.csv,20,7.5,298,119200.0,1163.0774822875155,14.20121742195375,1163 ± 14.2,1136.41357421875,1211.7552490234375,1.940387676626244,0.0022496970965876,1.94 ± 0.00225,1.940000057220459,1.9574874639511108,0.3721090606572333,0.227557946985991,0.3721 ± 0.2276,0.0274833136904463,1.5032500055566438,446.0,0.0,446 ± 0,446.0,446.0,81.24094762098069,0.0018121760863538,81.24 ± 0.001812,81.23857116699219,81.24626159667969,75.3416748046875,1,1,1,1,1:298,0,0,0.0,model_static,False,mckenzie2003,3.3936761025614386,3.4043333530426025,3.3700613975524902,3.4043333530426025,3.4043333530426025,4.46,4.46,4.46,0.7609139243411297,0.7633034423862337,0,0.0,0,0.0,0,0.0,0,0.0,0,0.0,0,0.0,298,1011.3154785633088,0,0.0,0,0.0,0,0.0,0,0.0,0,0.0,0,0.0,0,0.0,,,,,,,
static,model_static/summary_timeseries.csv,20,7.4,298,119200.0,1163.0774822875155,14.20121742195375,1163 ± 14.2,1136.41357421875,1211.7552490234375,1.940387676626244,0.0022496970965876,1.94 ± 0.00225,1.940000057220459,1.9574874639511108,0.3721090606572333,0.227557946985991,0.3721 ± 0.2276,0.0274833136904463,1.5032500055566438,449.993288590604,0.0816478191986338,450 ± 0.08165,449.0,450.0,82.13017756826926,0.0050115042975958,82.13 ± 0.005012,82.08234405517578,82.13590240478516,75.3416748046875,1,1,1,1,1:298,0,0,0.0,model_static,False,mckenzie2003,3.3798753255165663,3.3814854621887207,3.3700613975524902,3.4043333530426025,3.4043333530426025,4.49993288590604,4.5,4.5,0.7510945998607605,0.7514412138197157,0,0.0,0,0.0,0,0.0,0,0.0,0,0.0,0,0.0,298,1007.2028470039368,0,0.0,0,0.0,0,0.0,0,0.0,0,0.0,0,0.0,0,0.0,,,,,,,
static,model_static/summary_timeseries.csv,20,7.3,298,119200.0,1163.0774822875155,14.20121742195375,1163 ± 14.2,1136.41357421875,1211.7552490234375,1.940387676626244,0.0022496970965876,1.94 ± 0.00225,1.940000057220459,1.9574874639511108,0.3721090606572333,0.227557946985991,0.3721 ± 0.2276,0.0274833136904463,1.5032500055566438,452.0,0.0,452 ± 0,452.0,452.0,83.91374698101274,0.0012522319085839,83.91 ± 0.001252,83.90216827392578,83.915283203125,75.3416748046875,1,1,1,1,1:298,0,0,0.0,model_static,False,mckenzie2003,3.3863540303787127,3.3814854621887207,3.3700613975524902,3.4043333530426025,3.415757179260254,4.5200000000000005,4.5200000000000005,4.5200000000000005,0.7491933695528126,0.7481162526966195,0,0.0,0,0.0,0,0.0,0,0.0,0,0.0,0,0.0,298,1009.1335010528564,0,0.0,0,0.0,0,0.0,0,0.0,0,0.0,0,0.0,0,0.0,,,,,,,
static,model_static/summary_timeseries.csv,20,7.2,298,119200.0,1163.0774822875155,14.20121742195375,1163 ± 14.2,1136.41357421875,1211.7552490234375,1.940387676626244,0.0022496970965876,1.94 ± 0.00225,1.940000057220459,1.9574874639511108,0.3721090606572333,0.227557946985991,0.3721 ± 0.2276,0.0274833136904463,1.5032500055566438,452.9060402684564,0.291772686164888,452.9 ± 0.2918,452.0,453.0,82.71526024325583,0.0139393826295206,82.72 ± 0.01394,82.67170715332031,82.7263412475586,75.3416748046875,1,1,1,1,1:298,0,0,0.0,model_static,False,mckenzie2003,3.394481092491406,3.4043333530426025,3.3700613975524902,3.415757179260254,3.415757179260254,4.529060402684564,4.53,4.53,0.7494887462499568,0.7515084664553207,0,0.0,0,0.0,0,0.0,0,0.0,0,0.0,0,0.0,298,1011.555365562439,0,0.0,0,0.0,0,0.0,0,0.0,0,0.0,0,0.0,0,0.0,,,,,,,
static,model_static/summary_timeseries.csv,20,7.1,298,119200.0,1163.0774822875155,14.20121742195375,1163 ± 14.2,1136.41357421875,1211.7552490234375,1.940387676626244,0.0022496970965876,1.94 ± 0.00225,1.940000057220459,1.9574874639511108,0.3721090606572333,0.227557946985991,0.3721 ± 0.2276,0.0274833136904463,1.5032500055566438,453.9295302013423,0.2559371136331321,453.9 ± 0.2559,453.0,454.0,84.63129343122444,0.0115677805840196,84.63 ± 0.01157,84.5783462524414,84.63653564453125,75.3416748046875,1,1,1,1,1:298,0,0,0.0,model_static,False,mckenzie2003,3.3800670060535407,3.3814854621887207,3.3472135066986084,3.4043333530426025,3.415757179260254,4.539295302013423,4.54,4.54,0.7446231038789657,0.7448205863851808,0,0.0,0,0.0,0,0.0,0,0.0,0,0.0,0,0.0,298,1007.2599678039552,0,0.0,0,0.0,0,0.0,0,0.0,0,0.0,0,0.0,0,0.0,,,,,,,
static,model_static/summary_timeseries.csv,20,7.0,298,119200.0,1163.0774822875155,14.20121742195375,1163 ± 14.2,1136.41357421875,1211.7552490234375,1.940387676626244,0.0022496970965876,1.94 ± 0.00225,1.940000057220459,1.9574874639511108,0.3721090606572333,0.227557946985991,0.3721 ± 0.2276,0.0274833136904463,1.5032500055566438,454.0,0.0,454 ± 0,454.0,454.0,83.50216746490274,0.0014913894007288,83.5 ± 0.001491,83.49939727783203,83.50592041015625,75.3416748046875,1,1,1,1,1:298,0,0,0.0,model_static,False,mckenzie2003,3.4118470041543847,3.415757179260254,3.4043333530426025,3.415757179260254,3.415757179260254,4.54,4.54,4.54,0.7515081506947985,0.7523694227445493,0,0.0,0,0.0,0,0.0,0,0.0,0,0.0,0,0.0,298,1016.7304072380066,0,0.0,0,0.0,0,0.0,0,0.0,0,0.0,0,0.0,0,0.0,,,,,,,
static,model_static/summary_timeseries.csv,20,6.9,298,119200.0,1163.0774822875155,14.20121742195375,1163 ± 14.2,1136.41357421875,1211.7552490234375,1.940387676626244,0.0022496970965876,1.94 ± 0.00225,1.940000057220459,1.9574874639511108,0.3721090606572333,0.227557946985991,0.3721 ± 0.2276,0.0274833136904463,1.5032500055566438,451.48993288590606,0.4998986429405658,451.5 ± 0.4999,451.0,452.0,83.2379207483074,0.025892351669852,83.24 ± 0.02589,83.2056884765625,83.2660903930664,75.3416748046875,1,1,1,1,1:298,0,0,0.0,model_static,False,mckenzie2003,3.3648478392786627,3.3472135066986084,3.335789680480957,3.415757179260254,3.415757179260254,4.514899328859061,4.51,4.5200000000000005,0.7452804248073215,0.7405339616589841,0,0.0,0,0.0,0,0.0,0,0.0,0,0.0,0,0.0,298,1002.7246561050416,0,0.0,0,0.0,0,0.0,0,0.0,0,0.0,0,0.0,0,0.0,,,,,,,
static,model_static/summary_timeseries.csv,20,6.8,298,119200.0,1163.0774822875155,14.20121742195375,1163 ± 14.2,1136.41357421875,1211.7552490234375,1.940387676626244,0.0022496970965876,1.94 ± 0.00225,1.940000057220459,1.9574874639511108,0.3721090606572333,0.227557946985991,0.3721 ± 0.2276,0.0274833136904463,1.5032500055566438,451.9060402684564,0.291772686164888,451.9 ± 0.2918,451.0,452.0,81.31530690033163,0.0148351535785229,81.32 ± 0.01484,81.25785827636719,81.32194519042969,75.3416748046875,1,1,1,1,1:298,0,0,0.0,model_static,False,mckenzie2003,3.346868534216145,3.3472135066986084,3.335789680480957,3.3700613975524902,3.415757179260254,4.519060402684564,4.5200000000000005,4.5200000000000005,0.7406126727393814,0.7405339616589841,0,0.0,0,0.0,0,0.0,0,0.0,0,0.0,0,0.0,298,997.3668231964112,0,0.0,0,0.0,0,0.0,0,0.0,0,0.0,0,0.0,0,0.0,,,,,,,
static,model_static/summary_timeseries.csv,20,6.7,298,119200.0,1163.0774822875155,14.20121742195375,1163 ± 14.2,1136.41357421875,1211.7552490234375,1.940387676626244,0.0022496970965876,1.94 ± 0.00225,1.940000057220459,1.9574874639511108,0.3721090606572333,0.227557946985991,0.3721 ± 0.2276,0.0274833136904463,1.5032500055566438,457.4026845637584,0.490438279367654,457.4 ± 0.4904,457.0,458.0,84.70242831851012,0.0232453703295616,84.7 ± 0.02325,84.67717742919922,84.73922729492188,75.3416748046875,1,1,1,1,1:298,0,0,0.0,model_static,False,mckenzie2003,3.41127197214421,3.415757179260254,3.3700613975524902,3.438605070114136,3.438605070114136,4.574026845637584,4.57,4.58,0.7457924731998045,0.745798510755514,0,0.0,0,0.0,0,0.0,0,0.0,0,0.0,0,0.0,298,1016.5590476989746,0,0.0,0,0.0,0,0.0,0,0.0,0,0.0,0,0.0,0,0.0,,,,,,,
static,model_static/summary_timeseries.csv,20,6.6,298,119200.0,1163.0774822875155,14.20121742195375,1163 ± 14.2,1136.41357421875,1211.7552490234375,1.940387676626244,0.0022496970965876,1.94 ± 0.00225,1.940000057220459,1.9574874639511108,0.3721090606572333,0.227557946985991,0.3721 ± 0.2276,0.0274833136904463,1.5032500055566438,455.993288590604,0.0816478191986338,456 ± 0.08165,455.0,456.0,85.37118279373885,0.0038311868378713,85.37 ± 0.003831,85.3265151977539,85.37567138671875,75.3416748046875,1,1,1,1,1:298,0,0,0.0,model_static,False,mckenzie2003,3.403796619216868,3.4043333530426025,3.3814854621887207,3.415757179260254,3.415757179260254,4.559932885906042,4.5600000000000005,4.5600000000000005,0.7464575282462903,0.7465643318075882,0,0.0,0,0.0,0,0.0,0,0.0,0,0.0,0,0.0,298,1014.3313925266266,0,0.0,0,0.0,0,0.0,0,0.0,0,0.0,0,0.0,0,0.0,,,,,,,
static,model_static/summary_timeseries.csv,20,6.5,298,119200.0,1163.0774822875155,14.20121742195375,1163 ± 14.2,1136.41357421875,1211.7552490234375,1.940387676626244,0.0022496970965876,1.94 ± 0.00225,1.940000057220459,1.9574874639511108,0.3721090606572333,0.227557946985991,0.3721 ± 0.2276,0.0274833136904463,1.5032500055566438,458.9597315436242,0.1965881679983464,459 ± 0.1966,458.0,459.0,83.82574680507584,0.0095980697955675,83.83 ± 0.009598,83.77886962890625,83.83132934570312,75.3416748046875,1,1,1,1,1:298,0,0,0.0,model_static,False,mckenzie2003,3.4384517285647807,3.438605070114136,3.438605070114136,3.438605070114136,3.438605070114136,4.589597315436242,4.59,4.59,0.7491838178969755,0.7491514313974152,0,0.0,0,0.0,0,0.0,0,0.0,0,0.0,0,0.0,298,1024.6586151123047,0,0.0,0,0.0,0,0.0,0,0.0,0,0.0,0,0.0,0,0.0,,,,,,,
static,model_static/summary_timeseries.csv,20,6.4,298,119200.0,1163.0774822875155,14.20121742195375,1163 ± 14.2,1136.41357421875,1211.7552490234375,1.940387676626244,0.0022496970965876,1.94 ± 0.00225,1.940000057220459,1.9574874639511108,0.3721090606572333,0.227557946985991,0.3721 ± 0.2276,0.0274833136904463,1.5032500055566438,454.0,0.0,454 ± 0,454.0,454.0,85.7628501021622,0.0012303763693341,85.76 ± 0.00123,85.75776672363281,85.76551818847656,75.3416748046875,1,1,1,1,1:298,0,0,0.0,model_static,False,mckenzie2003,3.411310312731954,3.415757179260254,3.4043333530426025,3.415757179260254,3.415757179260254,4.54,4.54,4.54,0.7513899367251,0.7523694227445493,0,0.0,0,0.0,0,0.0,0,0.0,0,0.0,0,0.0,298,1016.5704731941224,0,0.0,0,0.0,0,0.0,0,0.0,0,0.0,0,0.0,0,0.0,,,,,,,
static,model_static/summary_timeseries.csv,20,6.3,298,119200.0,1163.0774822875155,14.20121742195375,1163 ± 14.2,1136.41357421875,1211.7552490234375,1.940387676626244,0.0022496970965876,1.94 ± 0.00225,1.940000057220459,1.9574874639511108,0.3721090606572333,0.227557946985991,0.3721 ± 0.2276,0.0274833136904463,1.5032500055566438,458.71140939597313,0.4531071256273355,458.7 ± 0.4531,458.0,459.0,80.37077357144963,0.0215238183405245,80.37 ± 0.02152,80.33354187011719,80.38719940185547,75.3416748046875,1,1,1,1,1:298,0,0,0.0,model_static,False,mckenzie2003,3.438528399339458,3.438605070114136,3.438605070114136,3.438605070114136,3.438605070114136,4.587114093959731,4.59,4.59,0.749606739228478,0.7491514313974152,0,0.0,0,0.0,0,0.0,0,0.0,0,0.0,0,0.0,298,1024.6814630031586,0,0.0,0,0.0,0,0.0,0,0.0,0,0.0,0,0.0,0,0.0,,,,,,,
static,model_static/summary_timeseries.csv,20,6.2,298,119200.0,1163.0774822875155,14.20121742195375,1163 ± 14.2,1136.41357421875,1211.7552490234375,1.940387676626244,0.0022496970965876,1.94 ± 0.00225,1.940000057220459,1.9574874639511108,0.3721090606572333,0.227557946985991,0.3721 ± 0.2276,0.0274833136904463,1.5032500055566438,460.0,0.0,460 ± 0,460.0,460.0,83.20734743463913,0.0030501338788804,83.21 ± 0.00305,83.1997299194336,83.21295166015625,75.3416748046875,1,1,1,1,1:298,0,0,0.0,model_static,False,mckenzie2003,3.4323180665905846,3.438605070114136,3.415757179260254,3.438605070114136,3.438605070114136,4.6000000000000005,4.6000000000000005,4.6000000000000005,0.7461561014327357,0.7475228413291598,0,0.0,0,0.0,0,0.0,0,0.0,0,0.0,0,0.0,298,1022.830783843994,0,0.0,0,0.0,0,0.0,0,0.0,0,0.0,0,0.0,0,0.0,,,,,,,
static,model_static/summary_timeseries.csv,20,6.1,298,119200.0,1163.0774822875155,14.20121742195375,1163 ± 14.2,1136.41357421875,1211.7552490234375,1.940387676626244,0.0022496970965876,1.94 ± 0.00225,1.940000057220459,1.9574874639511108,0.3721090606572333,0.227557946985991,0.3721 ± 0.2276,0.0274833136904463,1.5032500055566438,463.6677852348993,0.4710075529646813,463.7 ± 0.471,463.0,464.0,87.34761247058843,0.022550060380535,87.35 ± 0.02255,87.30596923828125,87.36478424072266,75.3416748046875,1,1,1,1,1:298,0,0,0.0,model_static,False,mckenzie2003,3.4177123332183634,3.415757179260254,3.4043333530426025,3.4614529609680176,3.4614529609680176,4.636677852348994,4.64,4.64,0.7371049651378151,0.7361545644957445,0,0.0,0,0.0,0,0.0,0,0.0,0,0.0,0,0.0,298,1018.4782752990724,0,0.0,0,0.0,0,0.0,0,0.0,0,0.0,0,0.0,0,0.0,,,,,,,
static,model_static/summary_timeseries.csv,20,6.0,298,119200.0,1163.0774822875155,14.20121742195375,1163 ± 14.2,1136.41357421875,1211.7552490234375,1.940387676626244,0.0022496970965876,1.94 ± 0.00225,1.940000057220459,1.9574874639511108,0.3721090606572333,0.227557946985991,0.3721 ± 0.2276,0.0274833136904463,1.5032500055566438,468.0,0.0,468 ± 0,468.0,468.0,87.13208760511155,0.0020010799624726,87.13 ± 0.002001,87.12744903564453,87.13597106933594,75.3416748046875,1,1,1,1,1:298,0,0,0.0,model_static,False,mckenzie2003,3.4612996194186625,3.4614529609680176,3.4614529609680176,3.4614529609680176,3.4614529609680176,4.68,4.68,4.68,0.7395939357732187,0.7396267010615423,0,0.0,0,0.0,0,0.0,0,0.0,0,0.0,0,0.0,298,1031.4672865867617,0,0.0,0,0.0,0,0.0,0,0.0,0,0.0,0,0.0,0,0.0,,,,,,,
static,model_static/summary_timeseries.csv,20,5.9,298,119200.0,1163.0774822875155,14.20121742195375,1163 ± 14.2,1136.41357421875,1211.7552490234375,1.940387676626244,0.0022496970965876,1.94 ± 0.00225,1.940000057220459,1.9574874639511108,0.3721090606572333,0.227557946985991,0.3721 ± 0.2276,0.0274833136904463,1.5032500055566438,463.0,0.0,463 ± 0,463.0,463.0,88.37474277675553,0.0009324344024903,88.37 ± 0.0009324,88.3652114868164,88.3763656616211,75.3416748046875,1,1,1,1,1:298,0,0,0.0,model_static,False,mckenzie2003,3.433468134611245,3.438605070114136,3.4043333530426025,3.4614529609680176,3.4614529609680176,4.63,4.63,4.63,0.7415697914927096,0.7426792808021891,0,0.0,0,0.0,0,0.0,0,0.0,0,0.0,0,0.0,298,1023.173504114151,0,0.0,0,0.0,0,0.0,0,0.0,0,0.0,0,0.0,0,0.0,,,,,,,
static,model_static/summary_timeseries.csv,20,5.8,298,119200.0,1163.0774822875155,14.20121742195375,1163 ± 14.2,1136.41357421875,1211.7552490234375,1.940387676626244,0.0022496970965876,1.94 ± 0.00225,1.940000057220459,1.9574874639511108,0.3721090606572333,0.227557946985991,0.3721 ± 0.2276,0.0274833136904463,1.5032500055566438,464.741610738255,0.4377490732826943,464.7 ± 0.4377,464.0,465.0,85.87685017937781,0.0222277108536877,85.88 ± 0.02223,85.83222198486328,85.8917236328125,75.3416748046875,1,1,1,1,1:298,0,0,0.0,model_static,False,mckenzie2003,3.4188240638515293,3.415757179260254,3.4043333530426025,3.4614529609680176,3.4614529609680176,4.64741610738255,4.65,4.65,0.7356426743850046,0.7345714364000545,0,0.0,0,0.0,0,0.0,0,0.0,0,0.0,0,0.0,298,1018.8095710277556,0,0.0,0,0.0,0,0.0,0,0.0,0,0.0,0,0.0,0,0.0,,,,,,,
static,model_static/summary_timeseries.csv,20,5.7,298,119200.0,1163.0774822875155,14.20121742195375,1163 ± 14.2,1136.41357421875,1211.7552490234375,1.940387676626244,0.0022496970965876,1.94 ± 0.00225,1.940000057220459,1.9574874639511108,0.3721090606572333,0.227557946985991,0.3721 ± 0.2276,0.0274833136904463,1.5032500055566438,469.97986577181206,0.1404593928621231,470 ± 0.1405,469.0,470.0,87.56116518878297,0.0071446652823572,87.56 ± 0.007145,87.51127624511719,87.56586456298828,75.3416748046875,1,1,1,1,1:298,0,0,0.0,model_static,False,mckenzie2003,3.472877025604248,3.472877025604248,3.472877025604248,3.472877025604248,3.472877025604248,4.69979865771812,4.7,4.7,0.7389417269459214,0.7389100054477123,0,0.0,0,0.0,0,0.0,0,0.0,0,0.0,0,0.0,298,1034.917353630066,0,0.0,0,0.0,0,0.0,0,0.0,0,0.0,0,0.0,0,0.0,,,,,,,
static,model_static/summary_timeseries.csv,20,5.6,298,119200.0,1163.0774822875155,14.20121742195375,1163 ± 14.2,1136.41357421875,1211.7552490234375,1.940387676626244,0.0022496970965876,1.94 ± 0.00225,1.940000057220459,1.9574874639511108,0.3721090606572333,0.227557946985991,0.3721 ± 0.2276,0.0274833136904463,1.5032500055566438,469.0,0.0,469 ± 0,469.0,469.0,88.56743178911657,0.003556488929556,88.57 ± 0.003556,88.56169891357422,88.57598876953125,75.3416748046875,1,1,1,1,1:298,0,0,0.0,model_static,False,mckenzie2003,3.467050024327016,3.472877025604248,3.438605070114136,3.472877025604248,3.472877025604248,4.69,4.69,4.69,0.7392430755494702,0.740485506525426,0,0.0,0,0.0,0,0.0,0,0.0,0,0.0,0,0.0,298,1033.180907249451,0,0.0,0,0.0,0,0.0,0,0.0,0,0.0,0,0.0,0,0.0,,,,,,,
static,model_static/summary_timeseries.csv,20,5.5,298,119200.0,1163.0774822875155,14.20121742195375,1163 ± 14.2,1136.41357421875,1211.7552490234375,1.940387676626244,0.0022496970965876,1.94 ± 0.00225,1.940000057220459,1.9574874639511108,0.3721090606572333,0.227557946985991,0.3721 ± 0.2276,0.0274833136904463,1.5032500055566438,467.0,0.0,467 ± 0,467.0,467.0,89.79195821365253,0.0063412405363916,89.79 ± 0.006341,89.78297424316406,89.8067626953125,75.3416748046875,1,1,1,1,1:298,0,0,0.0,model_static,False,mckenzie2003,3.444623735127033,3.4614529609680176,3.3700613975524902,3.4614529609680176,3.4614529609680176,4.670000000000001,4.67,4.67,0.7376067955304139,0.7412104841473272,0,0.0,0,0.0,0,0.0,0,0.0,0,0.0,0,0.0,298,1026.4978730678558,0,0.0,0,0.0,0,0.0,0,0.0,0,0.0,0,0.0,0,0.0,,,,,,,
static,model_static/summary_timeseries.csv,20,5.4,298,119200.0,1163.0774822875155,14.20121742195375,1163 ± 14.2,1136.41357421875,1211.7552490234375,1.940387676626244,0.0022496970965876,1.94 ± 0.00225,1.940000057220459,1.9574874639511108,0.3721090606572333,0.227557946985991,0.3721 ± 0.2276,0.0274833136904463,1.5032500055566438,469.0771812080537,0.2668787537011219,469.1 ± 0.2669,469.0,470.0,91.29284836941918,0.0124139623640297,91.29 ± 0.01241,91.27752685546876,91.33512115478516,75.3416748046875,1,1,1,1,1:298,0,0,0.0,model_static,False,mckenzie2003,3.419015730787444,3.415757179260254,3.4043333530426025,3.4614529609680176,3.4614529609680176,4.690771812080537,4.69,4.7,0.7288808228357155,0.7283064348102887,0,0.0,0,0.0,0,0.0,0,0.0,0,0.0,0,0.0,298,1018.8666877746582,0,0.0,0,0.0,0,0.0,0,0.0,0,0.0,0,0.0,0,0.0,,,,,,,
static,model_static/summary_timeseries.csv,20,5.3,298,119200.0,1163.0774822875155,14.20121742195375,1163 ± 14.2,1136.41357421875,1211.7552490234375,1.940387676626244,0.0022496970965876,1.94 ± 0.00225,1.940000057220459,1.9574874639511108,0.3721090606572333,0.227557946985991,0.3721 ± 0.2276,0.0274833136904463,1.5032500055566438,470.993288590604,0.0816478191986338,471 ± 0.08165,470.0,471.0,87.07168195071637,0.0036965982181138,87.07 ± 0.003697,87.02774047851562,87.07374572753906,75.3416748046875,1,1,1,1,1:298,0,0,0.0,model_static,False,mckenzie2003,3.4479972524130904,3.438605070114136,3.415757179260254,3.472877025604248,3.472877025604248,4.70993288590604,4.71,4.71,0.7320691857564282,0.7300647707248696,0,0.0,0,0.0,0,0.0,0,0.0,0,0.0,0,0.0,298,1027.503181219101,0,0.0,0,0.0,0,0.0,0,0.0,0,0.0,0,0.0,0,0.0,,,,,,,
static,model_static/summary_timeseries.csv,20,5.2,298,119200.0,1163.0774822875155,14.20121742195375,1163 ± 14.2,1136.41357421875,1211.7552490234375,1.940387676626244,0.0022496970965876,1.94 ± 0.00225,1.940000057220459,1.9574874639511108,0.3721090606572333,0.227557946985991,0.3721 ± 0.2276,0.0274833136904463,1.5032500055566438,468.0,0.0,468 ± 0,468.0,468.0,87.7682098286264,0.003199039133508,87.77 ± 0.003199,87.76180267333984,87.77323913574219,75.3416748046875,1,1,1,1,1:298,0,0,0.0,model_static,False,mckenzie2003,3.4521757972320453,3.4614529609680176,3.438605070114136,3.4614529609680176,3.4614529609680176,4.68,4.68,4.68,0.7376444011179585,0.7396267010615423,0,0.0,0,0.0,0,0.0,0,0.0,0,0.0,0,0.0,298,1028.7483875751495,0,0.0,0,0.0,0,0.0,0,0.0,0,0.0,0,0.0,0,0.0,,,,,,,
static,model_static/summary_timeseries.csv,20,5.1,298,119200.0,1163.0774822875155,14.20121742195375,1163 ± 14.2,1136.41357421875,1211.7552490234375,1.940387676626244,0.0022496970965876,1.94 ± 0.00225,1.940000057220459,1.9574874639511108,0.3721090606572333,0.227557946985991,0.3721 ± 0.2276,0.0274833136904463,1.5032500055566438,465.993288590604,0.0816478191986338,466 ± 0.08165,465.0,466.0,88.70547280535602,0.0040784329159597,88.71 ± 0.004078,88.6589126586914,88.70918273925781,75.3416748046875,1,1,1,1,1:298,0,0,0.0,model_static,False,mckenzie2003,3.450565710963819,3.4614529609680176,3.438605070114136,3.4614529609680176,3.4614529609680176,4.65993288590604,4.66,4.66,0.7404753242618501,0.7428010645854115,0,0.0,0,0.0,0,0.0,0,0.0,0,0.0,0,0.0,298,1028.268581867218,0,0.0,0,0.0,0,0.0,0,0.0,0,0.0,0,0.0,0,0.0,,,,,,,
static,model_static/summary_timeseries.csv,20,5.0,298,119200.0,1163.0774822875155,14.20121742195375,1163 ± 14.2,1136.41357421875,1211.7552490234375,1.940387676626244,0.0022496970965876,1.94 ± 0.00225,1.940000057220459,1.9574874639511108,0.3721090606572333,0.227557946985991,0.3721 ± 0.2276,0.0274833136904463,1.5032500055566438,472.244966442953,0.4300673026166542,472.2 ± 0.4301,472.0,473.0,92.98010476643609,0.021256196681647,92.98 ± 0.02126,92.9577865600586,93.0195083618164,75.3416748046875,1,1,1,1,1:298,0,0,0.0,model_static,False,mckenzie2003,3.446387175745612,3.438605070114136,3.415757179260254,3.472877025604248,3.472877025604248,4.72244966442953,4.72,4.73,0.7297892350393743,0.7285180233292661,0,0.0,0,0.0,0,0.0,0,0.0,0,0.0,0,0.0,298,1027.0233783721924,0,0.0,0,0.0,0,0.0,0,0.0,0,0.0,0,0.0,0,0.0,,,,,,,
static,model_static/summary_timeseries.csv,20,4.9,298,119200.0,1163.0774822875155,14.20121742195375,1163 ± 14.2,1136.41357421875,1211.7552490234375,1.940387676626244,0.0022496970965876,1.94 ± 0.00225,1.940000057220459,1.9574874639511108,0.3721090606572333,0.227557946985991,0.3721 ± 0.2276,0.0274833136904463,1.5032500055566438,476.9597315436242,0.1965881679983464,477 ± 0.1966,476.0,477.0,87.29223138693995,0.0091345323180889,87.29 ± 0.009135,87.2479248046875,87.29761505126953,75.3416748046875,1,1,1,1,1:298,0,0,0.0,model_static,False,mckenzie2003,3.493731257099433,3.495724678039551,3.472877025604248,3.495724678039551,3.495724678039551,4.769597315436242,4.7700000000000005,4.7700000000000005,0.7324999775843242,0.7328563266330295,0,0.0,0,0.0,0,0.0,0,0.0,0,0.0,0,0.0,298,1041.131914615631,0,0.0,0,0.0,0,0.0,0,0.0,0,0.0,0,0.0,0,0.0,,,,,,,
static,model_static/summary_timeseries.csv,20,4.8,298,119200.0,1163.0774822875155,14.20121742195375,1163 ± 14.2,1136.41357421875,1211.7552490234375,1.940387676626244,0.0022496970965876,1.94 ± 0.00225,1.940000057220459,1.9574874639511108,0.3721090606572333,0.227557946985991,0.3721 ± 0.2276,0.0274833136904463,1.5032500055566438,487.2919463087249,10.080481617199704,487.3 ± 10.08,482.0,508.0,89.87251898746362,0.9298271488725256,89.87 ± 0.9298,89.40149688720703,91.78510284423828,75.3416748046875,1,1,1,1,1:298,0,0,0.0,model_static,False,mckenzie2003,3.43869871661167,3.472877025604248,3.262324094772339,3.495724678039551,3.495724678039551,4.872919463087249,4.83,5.08,0.7063183325066954,0.7205139057270223,0,0.0,0,0.0,0,0.0,0,0.0,57,185.9524734020233,0,0.0,241,838.7797441482544,0,0.0,0,0.0,0,0.0,0,0.0,0,0.0,0,0.0,0,0.0,,,,,,,
static,model_static/summary_timeseries.csv,20,4.7,298,119200.0,1163.0774822875155,14.20121742195375,1163 ± 14.2,1136.41357421875,1211.7552490234375,1.940387676626244,0.0022496970965876,1.94 ± 0.00225,1.940000057220459,1.9574874639511108,0.3721090606572333,0.227557946985991,0.3721 ± 0.2276,0.0274833136904463,1.5032500055566438,503.1577181208054,12.68587800797784,503.2 ± 12.69,486.0,513.0,92.27454097158956,1.1757867044530208,92.27 ± 1.176,90.71720123291016,93.18937683105467,75.3416748046875,1,1,1,1,1:298,0,0,0.0,model_static,False,mckenzie2003,3.3436815258640573,3.262324094772339,3.262324094772339,3.507148742675781,3.507148742675781,5.031577181208054,5.13,5.13,0.6655009548422264,0.6359306227626391,0,0.0,0,0.0,0,0.0,0,0.0,186,606.792281627655,0,0.0,112,389.624813079834,0,0.0,0,0.0,0,0.0,0,0.0,0,0.0,0,0.0,0,0.0,,,,,,,
static,model_static/summary_timeseries.csv,20,4.6,298,119200.0,1163.0774822875155,14.20121742195375,1163 ± 14.2,1136.41357421875,1211.7552490234375,1.940387676626244,0.0022496970965876,1.94 ± 0.00225,1.940000057220459,1.9574874639511108,0.3721090606572333,0.227557946985991,0.3721 ± 0.2276,0.0274833136904463,1.5032500055566438,486.5335570469799,7.223229777685484,486.5 ± 7.223,483.0,507.0,90.11003192159151,0.7194197104749019,90.11 ± 0.7194,89.80440521240234,92.14892578125,75.3416748046875,1,1,1,1,1:298,0,0,0.0,model_static,False,mckenzie2003,3.46746324852809,3.495724678039551,3.262324094772339,3.507148742675781,3.507148742675781,4.865335570469799,4.84,5.07,0.7130519694408031,0.7222571648842048,0,0.0,0,0.0,0,0.0,0,0.0,33,107.65669512748718,0,0.0,265,925.6473529338836,0,0.0,0,0.0,0,0.0,0,0.0,0,0.0,0,0.0,0,0.0,,,,,,,
static,model_static/summary_timeseries.csv,20,4.5,298,119200.0,1163.0774822875155,14.20121742195375,1163 ± 14.2,1136.41357421875,1211.7552490234375,1.940387676626244,0.0022496970965876,1.94 ± 0.00225,1.940000057220459,1.9574874639511108,0.3721090606572333,0.227557946985991,0.3721 ± 0.2276,0.0274833136904463,1.5032500055566438,496.4295302013423,10.499763521502622,496.4 ± 10.5,486.0,507.0,90.17651116287948,1.099002483364788,90.18 ± 1.099,89.0748291015625,91.28455352783205,75.3416748046875,1,1,1,1,1:298,0,0,0.0,model_static,False,mckenzie2003,3.3821077570819216,3.495724678039551,3.262324094772339,3.507148742675781,3.507148742675781,4.964295302013422,4.86,5.07,0.682098410389339,0.7192849131768623,0,0.0,0,0.0,0,0.0,0,0.0,148,482.82396602630615,0,0.0,150,525.0441455841064,0,0.0,0,0.0,0,0.0,0,0.0,0,0.0,0,0.0,0,0.0,,,,,,,
static,model_static/summary_timeseries.csv,20,4.4,298,119200.0,1163.0774822875155,14.20121742195375,1163 ± 14.2,1136.41357421875,1211.7552490234375,1.940387676626244,0.0022496970965876,1.94 ± 0.00225,1.940000057220459,1.9574874639511108,0.3721090606572333,0.227557946985991,0.3721 ± 0.2276,0.0274833136904463,1.5032500055566438,484.0,0.0,484 ± 0,484.0,484.0,90.06550843923684,0.0020210949446824,90.07 ± 0.002021,90.058349609375,90.06940460205078,75.3416748046875,1,1,1,1,1:298,0,0,0.0,model_static,False,mckenzie2003,3.5069953995263017,3.507148742675781,3.507148742675781,3.507148742675781,3.507148742675781,4.840000000000001,4.84,4.84,0.7245858263484095,0.7246175088173102,0,0.0,0,0.0,0,0.0,0,0.0,0,0.0,0,0.0,298,1045.084629058838,0,0.0,0,0.0,0,0.0,0,0.0,0,0.0,0,0.0,0,0.0,,,,,,,
static,model_static/summary_timeseries.csv,20,4.3,298,119200.0,1163.0774822875155,14.20121742195375,1163 ± 14.2,1136.41357421875,1211.7552490234375,1.940387676626244,0.0022496970965876,1.94 ± 0.00225,1.940000057220459,1.9574874639511108,0.3721090606572333,0.227557946985991,0.3721 ± 0.2276,0.0274833136904463,1.5032500055566438,507.493288590604,1.2349585993946597,507.5 ± 1.235,488.0,508.0,92.4621468102372,0.1262183919345604,92.46 ± 0.1262,90.32465362548828,92.4926528930664,75.3416748046875,2,1,2,2,2:298,0,0,0.0,model_static,False,mckenzie2003,3.2632223247681686,3.262324094772339,3.262324094772339,3.262324094772339,3.529996633529663,5.07493288590604,5.08,5.08,0.6430189800084652,0.6421897824354997,0,0.0,0,0.0,0,0.0,0,0.0,297,968.9102561473846,0,0.0,1,3.529996633529663,0,0.0,0,0.0,0,0.0,0,0.0,0,0.0,0,0.0,0,0.0,,,,,,,
static,model_static/summary_timeseries.csv,20,4.2,298,119200.0,1163.0774822875155,14.20121742195375,1163 ± 14.2,1136.41357421875,1211.7552490234375,1.940387676626244,0.0022496970965876,1.94 ± 0.00225,1.940000057220459,1.9574874639511108,0.3721090606572333,0.227557946985991,0.3721 ± 0.2276,0.0274833136904463,1.5032500055566438,488.8053691275168,3.931763359966928,488.8 ± 3.932,488.0,508.0,87.80756280886247,0.4229765260744517,87.81 ± 0.423,87.71839904785156,89.87338256835938,75.3416748046875,1,2,1,2,1:287; 2:11,0,0,0.0,model_static,False,mckenzie2003,3.503692019705805,3.507148742675781,3.495724678039551,3.529996633529663,3.529996633529663,4.888053691275167,4.88,4.88,0.7169098404627053,0.7186780210401191,0,0.0,0,0.0,0,0.0,0,0.0,12,39.14788913726807,0,0.0,286,1004.9523327350616,0,0.0,0,0.0,0,0.0,0,0.0,0,0.0,0,0.0,0,0.0,,,,,,,
static,model_static/summary_timeseries.csv,20,4.1,298,119200.0,1163.0774822875155,14.20121742195375,1163 ± 14.2,1136.41357421875,1211.7552490234375,1.940387676626244,0.0022496970965876,1.94 ± 0.00225,1.940000057220459,1.9574874639511108,0.3721090606572333,0.227557946985991,0.3721 ± 0.2276,0.0274833136904463,1.5032500055566438,488.0,0.0,488 ± 0,488.0,488.0,87.5911746185098,0.0039984099884102,87.59 ± 0.003998,87.58134460449219,87.5955581665039,75.3416748046875,2,1,2,2,2:298,0,0,0.0,model_static,False,mckenzie2003,3.5101388476839,3.507148742675781,3.495724678039551,3.529996633529663,3.529996633529663,4.88,4.88,4.88,0.7192907474762091,0.7186780210401191,0,0.0,0,0.0,0,0.0,0,0.0,0,0.0,0,0.0,298,1046.0213766098022,0,0.0,0,0.0,0,0.0,0,0.0,0,0.0,0,0.0,0,0.0,,,,,,,
static,model_static/summary_timeseries.csv,20,4.0,298,119200.0,1163.0774822875155,14.20121742195375,1163 ± 14.2,1136.41357421875,1211.7552490234375,1.940387676626244,0.0022496970965876,1.94 ± 0.00225,1.940000057220459,1.9574874639511108,0.3721090606572333,0.227557946985991,0.3721 ± 0.2276,0.0274833136904463,1.5032500055566438,495.78859060402687,1.7278620921752248,495.8 ± 1.728,495.0,516.0,88.70308925961488,0.1803676235390358,88.7 ± 0.1804,88.65570831298828,90.88046264648438,75.3416748046875,1,1,1,1,1:298,0,0,0.0,model_static,False,mckenzie2003,3.5375539096409843,3.5414204597473145,3.529996633529663,3.5414204597473145,3.5414204597473145,4.957885906040269,4.96,4.96,0.7135437372718657,0.7139960604329263,0,0.0,0,0.0,0,0.0,0,0.0,2,6.524648189544678,0,0.0,296,1047.6664168834686,0,0.0,0,0.0,0,0.0,0,0.0,0,0.0,0,0.0,0,0.0,,,,,,,
static,model_static/summary_timeseries.csv,20,3.9,298,119200.0,1163.0774822875155,14.20121742195375,1163 ± 14.2,1136.41357421875,1211.7552490234375,1.940387676626244,0.0022496970965876,1.94 ± 0.00225,1.940000057220459,1.9574874639511108,0.3721090606572333,0.227557946985991,0.3721 ± 0.2276,0.0274833136904463,1.5032500055566438,506.3959731543624,9.043384464704602,506.4 ± 9.043,497.0,516.0,86.91951454725842,1.055260584356216,86.92 ± 1.055,85.87812042236328,88.04283905029297,75.3416748046875,2,1,2,2,2:298,0,0,0.0,model_static,False,mckenzie2003,3.4045510948104347,3.507148742675781,3.262324094772339,3.5414204597473145,3.5414204597473145,5.063959731543624,4.98,5.16,0.6729948256724498,0.7042467354770644,0,0.0,0,0.0,0,0.0,0,0.0,140,456.7253732681274,0,0.0,158,557.8308529853821,0,0.0,0,0.0,0,0.0,0,0.0,0,0.0,0,0.0,0,0.0,,,,,,,
static,model_static/summary_timeseries.csv,20,3.8,298,119200.0,1163.0774822875155,14.20121742195375,1163 ± 14.2,1136.41357421875,1211.7552490234375,1.940387676626244,0.0022496970965876,1.94 ± 0.00225,1.940000057220459,1.9574874639511108,0.3721090606572333,0.227557946985991,0.3721 ± 0.2276,0.0274833136904463,1.5032500055566438,499.738255033557,8.723489829617566,499.7 ± 8.723,494.0,513.0,88.00802169390172,0.9819606625276308,88.01 ± 0.982,87.36089324951172,89.50199127197266,75.3416748046875,2,1,2,2,2:298,0,0,0.0,model_static,False,mckenzie2003,3.4438264313960234,3.507148742675781,3.2840006351470947,3.529996633529663,3.529996633529663,4.997382550335571,4.94,5.13,0.6896959578307806,0.7099491381934779,0,0.0,0,0.0,0,0.0,0,0.0,90,295.516704082489,0,0.0,208,730.743572473526,0,0.0,0,0.0,0,0.0,0,0.0,0,0.0,0,0.0,0,0.0,,,,,,,
static,model_static/summary_timeseries.csv,20,3.7,298,119200.0,1163.0774822875155,14.20121742195375,1163 ± 14.2,1136.41357421875,1211.7552490234375,1.940387676626244,0.0022496970965876,1.94 ± 0.00225,1.940000057220459,1.9574874639511108,0.3721090606572333,0.227557946985991,0.3721 ± 0.2276,0.0274833136904463,1.5032500055566438,507.3154362416107,8.917660065919984,507.3 ± 8.918,496.0,515.0,89.65878577520384,1.0464977421740465,89.66 ± 1.046,88.3980712890625,90.56243896484376,75.3416748046875,2,1,2,2,2:298,0,0,0.0,model_static,False,mckenzie2003,3.3852303436138484,3.2840006351470947,3.262324094772339,3.5414204597473145,3.5414204597473145,5.073154362416108,5.15,5.15,0.6679190486508757,0.6376700262421543,0,0.0,0,0.0,0,0.0,0,0.0,171,560.7404000759125,0,0.0,127,448.0582423210144,0,0.0,0,0.0,0,0.0,0,0.0,0,0.0,0,0.0,0,0.0,,,,,,,
static,model_static/summary_timeseries.csv,20,3.6,298,119200.0,1163.0774822875155,14.20121742195375,1163 ± 14.2,1136.41357421875,1211.7552490234375,1.940387676626244,0.0022496970965876,1.94 ± 0.00225,1.940000057220459,1.9574874639511108,0.3721090606572333,0.227557946985991,0.3721 ± 0.2276,0.0274833136904463,1.5032500055566438,515.3221476510067,5.544534108006142,515.3 ± 5.545,497.0,517.0,90.28965001458288,0.6002357482478337,90.29 ± 0.6002,88.30565643310547,90.4745101928711,75.3416748046875,2,2,1,2,1:4; 2:294,0,0,0.0,model_static,False,mckenzie2003,3.3045651432651804,3.2840006351470947,3.2840006351470947,3.529996633529663,3.529996633529663,5.153221476510068,5.17,5.17,0.6414859327517526,0.635203217629999,0,0.0,0,0.0,0,0.0,0,0.0,273,896.5104968547821,0,0.0,25,88.24991583824158,0,0.0,0,0.0,0,0.0,0,0.0,0,0.0,0,0.0,0,0.0,,,,,,,
static,model_static/summary_timeseries.csv,20,3.5,298,119200.0,1163.0774822875155,14.20121742195375,1163 ± 14.2,1136.41357421875,1211.7552490234375,1.940387676626244,0.0022496970965876,1.94 ± 0.00225,1.940000057220459,1.9574874639511108,0.3721090606572333,0.227557946985991,0.3721 ± 0.2276,0.0274833136904463,1.5032500055566438,505.8053691275168,8.002665539445472,505.8 ± 8.003,501.0,520.0,89.7344804290157,0.937151903442208,89.73 ± 0.9372,89.17033386230469,91.34087371826172,75.3416748046875,2,1,2,2,2:298,0,0,0.0,model_static,False,mckenzie2003,3.4725777126798696,3.5414204597473145,3.2840006351470947,3.5642683506011963,3.5642683506011963,5.058053691275167,5.01,5.19,0.6870685396839603,0.706870351246969,0,0.0,0,0.0,0,0.0,0,0.0,79,259.15425515174866,0,0.0,219,775.6739032268524,0,0.0,0,0.0,0,0.0,0,0.0,0,0.0,0,0.0,0,0.0,,,,,,,
static,model_static/summary_timeseries.csv,20,3.4,298,119200.0,1163.0774822875155,14.20121742195375,1163 ± 14.2,1136.41357421875,1211.7552490234375,1.940387676626244,0.0022496970965876,1.94 ± 0.00225,1.940000057220459,1.9574874639511108,0.3721090606572333,0.227557946985991,0.3721 ± 0.2276,0.0274833136904463,1.5032500055566438,506.7046979865772,9.030524935654954,506.7 ± 9.031,501.0,521.0,87.11625535696145,0.9958461700135788,87.12 ± 0.9958,86.48561096191406,88.69674682617188,75.3416748046875,2,1,2,2,2:298,0,0,0.0,model_static,False,mckenzie2003,3.4602643547442136,3.529996633529663,3.262324094772339,3.5414204597473145,3.5414204597473145,5.067046979865771,5.01,5.21,0.6835232209981572,0.7045901464131065,0,0.0,0,0.0,0,0.0,0,0.0,85,278.01287388801575,0,0.0,213,753.1459038257599,0,0.0,0,0.0,0,0.0,0,0.0,0,0.0,0,0.0,0,0.0,,,,,,,
static,model_static/summary_timeseries.csv,20,3.3,298,119200.0,1163.0774822875155,14.20121742195375,1163 ± 14.2,1136.41357421875,1211.7552490234375,1.940387676626244,0.0022496970965876,1.94 ± 0.00225,1.940000057220459,1.9574874639511108,0.3721090606572333,0.227557946985991,0.3721 ± 0.2276,0.0274833136904463,1.5032500055566438,517.0,0.0,517 ± 0,517.0,517.0,90.2385550377353,0.0020150887961697,90.24 ± 0.002015,90.2323760986328,90.24227142333984,75.3416748046875,2,1,2,2,2:298,0,0,0.0,model_static,False,mckenzie2003,3.283927895078723,3.2840006351470947,3.2840006351470947,3.2840006351470947,3.2840006351470947,5.170000000000001,5.17,5.17,0.6351891479842792,0.635203217629999,0,0.0,0,0.0,0,0.0,0,0.0,298,978.6105127334596,0,0.0,0,0.0,0,0.0,0,0.0,0,0.0,0,0.0,0,0.0,0,0.0,0,0.0,,,,,,,
static,model_static/summary_timeseries.csv,20,3.2,298,119200.0,1163.0774822875155,14.20121742195375,1163 ± 14.2,1136.41357421875,1211.7552490234375,1.940387676626244,0.0022496970965876,1.94 ± 0.00225,1.940000057220459,1.9574874639511108,0.3721090606572333,0.227557946985991,0.3721 ± 0.2276,0.0274833136904463,1.5032500055566438,523.3657718120805,0.4816459213653296,523.4 ± 0.4816,523.0,524.0,90.04486977494003,0.0227359884337867,90.04 ± 0.02274,90.024169921875,90.0767593383789,75.3416748046875,2,1,2,2,2:298,0,0,0.0,model_static,False,mckenzie2003,3.294766165266101,3.2948389053344727,3.2948389053344727,3.2948389053344727,3.2948389053344727,5.233657718120806,5.23,5.24,0.6295346545190399,0.6299883184195932,0,0.0,0,0.0,0,0.0,0,0.0,298,981.840317249298,0,0.0,0,0.0,0,0.0,0,0.0,0,0.0,0,0.0,0,0.0,0,0.0,0,0.0,,,,,,,
static,model_static/summary_timeseries.csv,20,3.1,298,119200.0,1163.0774822875155,14.20121742195375,1163 ± 14.2,1136.41357421875,1211.7552490234375,1.940387676626244,0.0022496970965876,1.94 ± 0.00225,1.940000057220459,1.9574874639511108,0.3721090606572333,0.227557946985991,0.3721 ± 0.2276,0.0274833136904463,1.5032500055566438,508.7315436241611,7.431233624889899,508.7 ± 7.431,505.0,524.0,89.81255317534377,0.8530153548586648,89.81 ± 0.853,89.38265991210938,91.57159423828124,75.3416748046875,2,1,2,2,2:298,0,0,0.0,model_static,False,mckenzie2003,3.4818575014203987,3.507148742675781,3.262324094772339,3.5642683506011963,3.5642683506011963,5.087315436241611,5.05,5.24,0.6848355238120578,0.6944848995397587,0,0.0,0,0.0,0,0.0,0,0.0,57,187.0471386909485,0,0.0,241,850.5463967323303,0,0.0,0,0.0,0,0.0,0,0.0,0,0.0,0,0.0,0,0.0,,,,,,,
static,model_static/summary_timeseries.csv,20,3.0,298,119200.0,1163.0774822875155,14.20121742195375,1163 ± 14.2,1136.41357421875,1211.7552490234375,1.940387676626244,0.0022496970965876,1.94 ± 0.00225,1.940000057220459,1.9574874639511108,0.3721090606572333,0.227557946985991,0.3721 ± 0.2276,0.0274833136904463,1.5032500055566438,528.0,0.0,528 ± 0,528.0,528.0,90.99328487831474,0.0015508843617576,90.99 ± 0.001551,90.9882583618164,91.000244140625,75.3416748046875,2,1,2,2,2:298,0,0,0.0,model_static,False,mckenzie2003,3.304186004120232,3.3165154457092285,3.2840006351470947,3.3165154457092285,3.3165154457092285,5.28,5.28,5.28,0.6257928038106498,0.6281279253237175,0,0.0,0,0.0,0,0.0,0,0.0,298,984.647429227829,0,0.0,0,0.0,0,0.0,0,0.0,0,0.0,0,0.0,0,0.0,0,0.0,0,0.0,,,,,,,
static,model_static/summary_timeseries.csv,20,2.9,298,119200.0,1163.0774822875155,14.20121742195375,1163 ± 14.2,1136.41357421875,1211.7552490234375,1.940387676626244,0.0022496970965876,1.94 ± 0.00225,1.940000057220459,1.9574874639511108,0.3721090606572333,0.227557946985991,0.3721 ± 0.2276,0.0274833136904463,1.5032500055566438,530.6979865771812,0.4591310436640824,530.7 ± 0.4591,530.0,531.0,93.20744203401092,0.0203424497228036,93.21 ± 0.02034,93.1706085205078,93.22184753417967,75.3416748046875,2,1,2,2,2:298,0,0,0.0,model_static,False,mckenzie2003,3.286328317334988,3.2840006351470947,3.262324094772339,3.3165154457092285,3.3165154457092285,5.306979865771813,5.3100000000000005,5.3100000000000005,0.6192451285100747,0.619039312420685,0,0.0,0,0.0,0,0.0,0,0.0,298,979.3258385658264,0,0.0,0,0.0,0,0.0,0,0.0,0,0.0,0,0.0,0,0.0,0,0.0,0,0.0,,,,,,,
static,model_static/summary_timeseries.csv,20,2.8,298,119200.0,1163.0774822875155,14.20121742195375,1163 ± 14.2,1136.41357421875,1211.7552490234375,1.940387676626244,0.0022496970965876,1.94 ± 0.00225,1.940000057220459,1.9574874639511108,0.3721090606572333,0.227557946985991,0.3721 ± 0.2276,0.0274833136904463,1.5032500055566438,522.2013422818792,7.659691291527409,522.2 ± 7.66,509.0,527.0,94.55717475942318,0.9496785648713452,94.56 ± 0.9497,92.99827575683594,95.1542510986328,75.3416748046875,2,1,2,2,2:298,0,0,0.0,model_static,False,mckenzie2003,3.3516676089907653,3.262324094772339,3.262324094772339,3.587116241455078,3.587116241455078,5.222013422818793,5.2700000000000005,5.2700000000000005,0.6423510703586806,0.6190368301275785,0,0.0,0,0.0,0,0.0,0,0.0,214,699.5354931354523,0,0.0,84,299.2614543437958,0,0.0,0,0.0,0,0.0,0,0.0,0,0.0,0,0.0,0,0.0,,,,,,,
static,model_static/summary_timeseries.csv,20,2.7,298,119200.0,1163.0774822875155,14.20121742195375,1163 ± 14.2,1136.41357421875,1211.7552490234375,1.940387676626244,0.0022496970965876,1.94 ± 0.00225,1.940000057220459,1.9574874639511108,0.3721090606572333,0.227557946985991,0.3721 ± 0.2276,0.0274833136904463,1.5032500055566438,531.98322147651,0.1284406658322459,532 ± 0.1284,531.0,532.0,90.22590145648726,0.0061654393455918,90.23 ± 0.006165,90.17833709716795,90.22809600830078,75.3416748046875,2,1,2,2,2:298,0,0,0.0,model_static,False,mckenzie2003,3.2978212481377107,3.2948389053344727,3.2840006351470947,3.3165154457092285,3.3165154457092285,5.319832214765101,5.32,5.32,0.619910717274444,0.6193306213034723,0,0.0,0,0.0,0,0.0,0,0.0,298,982.7507319450378,0,0.0,0,0.0,0,0.0,0,0.0,0,0.0,0,0.0,0,0.0,0,0.0,0,0.0,,,,,,,
static,model_static/summary_timeseries.csv,20,2.6,298,119200.0,1163.0774822875155,14.20121742195375,1163 ± 14.2,1136.41357421875,1211.7552490234375,1.940387676626244,0.0022496970965876,1.94 ± 0.00225,1.940000057220459,1.9574874639511108,0.3721090606572333,0.227557946985991,0.3721 ± 0.2276,0.0274833136904463,1.5032500055566438,526.0234899328859,5.800611970280758,526 ± 5.801,509.0,528.0,90.41516469148982,0.6587300299018796,90.42 ± 0.6587,88.48091888427734,90.6488800048828,75.3416748046875,2,1,2,2,2:298,0,0,0.0,model_static,False,mckenzie2003,3.3366766151965863,3.3165154457092285,3.2948389053344727,3.5642683506011963,3.5642683506011963,5.260234899328859,5.28,5.28,0.6345611301405368,0.6281279253237175,0,0.0,0,0.0,0,0.0,0,0.0,267,884.1114871501923,0,0.0,31,110.2181441783905,0,0.0,0,0.0,0,0.0,0,0.0,0,0.0,0,0.0,0,0.0,,,,,,,
static,model_static/summary_timeseries.csv,20,2.5,298,119200.0,1163.0774822875155,14.20121742195375,1163 ± 14.2,1136.41357421875,1211.7552490234375,1.940387676626244,0.0022496970965876,1.94 ± 0.00225,1.940000057220459,1.9574874639511108,0.3721090606572333,0.227557946985991,0.3721 ± 0.2276,0.0274833136904463,1.5032500055566438,524.993288590604,0.0816478191986338,525 ± 0.08165,524.0,525.0,89.7391061462812,0.0041543804924304,89.74 ± 0.004154,89.69290161132812,89.74321746826172,75.3416748046875,2,1,2,2,2:298,0,0,0.0,model_static,False,mckenzie2003,3.2942206147533133,3.2948389053344727,3.2948389053344727,3.2948389053344727,3.2948389053344727,5.24993288590604,5.25,5.25,0.6274785521349758,0.627588362920852,0,0.0,0,0.0,0,0.0,0,0.0,298,981.6777431964874,0,0.0,0,0.0,0,0.0,0,0.0,0,0.0,0,0.0,0,0.0,0,0.0,0,0.0,,,,,,,
static,model_static/summary_timeseries.csv,20,2.4,298,119200.0,1163.0774822875155,14.20121742195375,1163 ± 14.2,1136.41357421875,1211.7552490234375,1.940387676626244,0.0022496970965876,1.94 ± 0.00225,1.940000057220459,1.9574874639511108,0.3721090606572333,0.227557946985991,0.3721 ± 0.2276,0.0274833136904463,1.5032500055566438,531.006711409396,6.402072487733326,531 ± 6.402,518.0,535.0,90.11816426731596,0.7648085821507495,90.12 ± 0.7648,88.56069946289062,90.53460693359376,75.3416748046875,2,1,2,2,2:298,0,0,0.0,model_static,False,mckenzie2003,3.33616362722128,3.2840006351470947,3.262324094772339,3.5985403060913086,3.5985403060913086,5.31006711409396,5.34,5.3500000000000005,0.6286623126489098,0.6138318944200176,0,0.0,0,0.0,0,0.0,0,0.0,240,785.4614231586456,0,0.0,58,208.7153377532959,0,0.0,0,0.0,0,0.0,0,0.0,0,0.0,0,0.0,0,0.0,,,,,,,
static,model_static/summary_timeseries.csv,20,2.3,298,119200.0,1163.0774822875155,14.20121742195375,1163 ± 14.2,1136.41357421875,1211.7552490234375,1.940387676626244,0.0022496970965876,1.94 ± 0.00225,1.940000057220459,1.9574874639511108,0.3721090606572333,0.227557946985991,0.3721 ± 0.2276,0.0274833136904463,1.5032500055566438,531.9463087248322,0.9252986813215618,531.9 ± 0.9253,516.0,532.0,90.03221816504562,0.1205369446341416,90.03 ± 0.1205,87.9549789428711,90.04061889648438,75.3416748046875,2,1,2,2,2:298,0,0,0.0,model_static,False,mckenzie2003,3.2869454134230645,3.2840006351470947,3.262324094772339,3.3165154457092285,3.587116241455078,5.319463087248323,5.32,5.32,0.617917041940418,0.6172933524712584,0,0.0,0,0.0,0,0.0,0,0.0,297,975.9226169586182,0,0.0,1,3.587116241455078,0,0.0,0,0.0,0,0.0,0,0.0,0,0.0,0,0.0,0,0.0,,,,,,,
static,model_static/summary_timeseries.csv,20,2.2,298,119200.0,1163.0774822875155,14.20121742195375,1163 ± 14.2,1136.41357421875,1211.7552490234375,1.940387676626244,0.0022496970965876,1.94 ± 0.00225,1.940000057220459,1.9574874639511108,0.3721090606572333,0.227557946985991,0.3721 ± 0.2276,0.0274833136904463,1.5032500055566438,528.01677852349,1.0312501492902886,528 ± 1.031,516.0,529.0,92.7346575436176,0.1419977789525604,92.73 ± 0.142,91.01448059082033,92.78736114501952,75.3416748046875,2,1,2,2,2:298,0,0,0.0,model_static,False,mckenzie2003,3.298457796941668,3.2948389053344727,3.280749154090881,3.3165154457092285,3.5414204597473145,5.2801677852349,5.28,5.29,0.6246970510240618,0.6240225199497107,0,0.0,0,0.0,0,0.0,0,0.0,296,975.8575825691224,0,0.0,2,7.082840919494629,0,0.0,0,0.0,0,0.0,0,0.0,0,0.0,0,0.0,0,0.0,,,,,,,
static,model_static/summary_timeseries.csv,20,2.1,298,119200.0,1163.0774822875155,14.20121742195375,1163 ± 14.2,1136.41357421875,1211.7552490234375,1.940387676626244,0.0022496970965876,1.94 ± 0.00225,1.940000057220459,1.9574874639511108,0.3721090606572333,0.227557946985991,0.3721 ± 0.2276,0.0274833136904463,1.5032500055566438,527.9127516778524,1.0614216495822395,527.9 ± 1.061,515.0,528.0,88.6422809370412,0.1611087279029477,88.64 ± 0.1611,86.68181610107422,88.65716552734375,75.3416748046875,2,1,2,2,2:298,0,0,0.0,model_static,False,mckenzie2003,3.3011324637688246,3.2948389053344727,3.2840006351470947,3.3165154457092285,3.5985403060913086,5.279127516778524,5.28,5.28,0.6253299446325506,0.6240225199497107,0,0.0,0,0.0,0,0.0,0,0.0,296,976.5403935909272,0,0.0,2,7.197080612182617,0,0.0,0,0.0,0,0.0,0,0.0,0,0.0,0,0.0,0,0.0,,,,,,,
static,model_static/summary_timeseries.csv,20,2.0,298,119200.0,1163.0774822875155,14.20121742195375,1163 ± 14.2,1136.41357421875,1211.7552490234375,1.940387676626244,0.0022496970965876,1.94 ± 0.00225,1.940000057220459,1.9574874639511108,0.3721090606572333,0.227557946985991,0.3721 ± 0.2276,0.0274833136904463,1.5032500055566438,528.993288590604,0.0816478191986338,529 ± 0.08165,528.0,529.0,87.48803209138397,0.0045193851614356,87.49 ± 0.004519,87.4423828125,87.496337890625,75.3416748046875,2,1,2,2,2:298,0,0,0.0,model_static,False,mckenzie2003,3.307968487675558,3.3165154457092285,3.2840006351470947,3.3165154457092285,3.3165154457092285,5.28993288590604,5.29,5.29,0.6253327207657907,0.626940537941253,0,0.0,0,0.0,0,0.0,0,0.0,298,985.7746093273164,0,0.0,0,0.0,0,0.0,0,0.0,0,0.0,0,0.0,0,0.0,0,0.0,0,0.0,,,,,,,
static,model_static/summary_timeseries.csv,20,1.9,298,119200.0,1163.0774822875155,14.20121742195375,1163 ± 14.2,1136.41357421875,1211.7552490234375,1.940387676626244,0.0022496970965876,1.94 ± 0.00225,1.940000057220459,1.9574874639511108,0.3721090606572333,0.227557946985991,0.3721 ± 0.2276,0.0274833136904463,1.5032500055566438,539.0,0.0,539 ± 0,539.0,539.0,89.5982863919047,0.0012417489459656,89.6 ± 0.001242,89.59554290771484,89.60157775878906,75.3416748046875,2,1,2,2,2:298,0,0,0.0,model_static,False,mckenzie2003,3.3251715138454565,3.3273537158966064,3.3165154457092285,3.3273537158966064,3.3273537158966064,5.39,5.39,5.39,0.6169149376336653,0.617319798867645,0,0.0,0,0.0,0,0.0,0,0.0,298,990.901111125946,0,0.0,0,0.0,0,0.0,0,0.0,0,0.0,0,0.0,0,0.0,0,0.0,0,0.0,,,,,,,
static,model_static/summary_timeseries.csv,20,1.8,298,119200.0,1163.0774822875155,14.20121742195375,1163 ± 14.2,1136.41357421875,1211.7552490234375,1.940387676626244,0.0022496970965876,1.94 ± 0.00225,1.940000057220459,1.9574874639511108,0.3721090606572333,0.227557946985991,0.3721 ± 0.2276,0.0274833136904463,1.5032500055566438,541.996644295302,0.0578311675825976,542 ± 0.05783,541.0,542.0,89.68571047174851,0.0028558831022614,89.69 ± 0.002856,89.6388931274414,89.6877212524414,75.3416748046875,2,1,2,2,2:298,0,0,0.0,model_static,False,mckenzie2003,3.3158607850938835,3.3165154457092285,3.2948389053344727,3.3273537158966064,3.3273537158966064,5.4199664429530205,5.42,5.42,0.6117862033688416,0.6119032187655403,0,0.0,0,0.0,0,0.0,0,0.0,298,988.1265139579772,0,0.0,0,0.0,0,0.0,0,0.0,0,0.0,0,0.0,0,0.0,0,0.0,0,0.0,,,,,,,
static,model_static/summary_timeseries.csv,20,1.7,298,119200.0,1163.0774822875155,14.20121742195375,1163 ± 14.2,1136.41357421875,1211.7552490234375,1.940387676626244,0.0022496970965876,1.94 ± 0.00225,1.940000057220459,1.9574874639511108,0.3721090606572333,0.227557946985991,0.3721 ± 0.2276,0.0274833136904463,1.5032500055566438,538.996644295302,0.0578311675825976,539 ± 0.05783,538.0,539.0,89.69812677370622,0.0030785506846227,89.7 ± 0.003079,89.65201568603516,89.70134735107422,75.3416748046875,2,1,2,2,2:298,0,0,0.0,model_static,False,mckenzie2003,3.326153504768474,3.3273537158966064,3.3165154457092285,3.3273537158966064,3.3273537158966064,5.389966442953019,5.39,5.39,0.6171009380140261,0.617319798867645,0,0.0,0,0.0,0,0.0,0,0.0,298,991.1937444210052,0,0.0,0,0.0,0,0.0,0,0.0,0,0.0,0,0.0,0,0.0,0,0.0,0,0.0,,,,,,,
static,model_static/summary_timeseries.csv,20,1.6,298,119200.0,1163.0774822875155,14.20121742195375,1163 ± 14.2,1136.41357421875,1211.7552490234375,1.940387676626244,0.0022496970965876,1.94 ± 0.00225,1.940000057220459,1.9574874639511108,0.3721090606572333,0.227557946985991,0.3721 ± 0.2276,0.0274833136904463,1.5032500055566438,539.3053691275168,0.4605635933032701,539.3 ± 0.4606,539.0,540.0,88.68921904595906,0.0217683058584805,88.69 ± 0.02177,88.67144775390625,88.7232437133789,75.3416748046875,2,1,2,2,2:298,0,0,0.0,model_static,False,mckenzie2003,3.3272809758282347,3.3273537158966064,3.3273537158966064,3.3273537158966064,3.3273537158966064,5.393053691275167,5.39,5.4,0.6169572101443289,0.617319798867645,0,0.0,0,0.0,0,0.0,0,0.0,298,991.529730796814,0,0.0,0,0.0,0,0.0,0,0.0,0,0.0,0,0.0,0,0.0,0,0.0,0,0.0,,,,,,,
static,model_static/summary_timeseries.csv,20,1.5,298,119200.0,1163.0774822875155,14.20121742195375,1163 ± 14.2,1136.41357421875,1211.7552490234375,1.940387676626244,0.0022496970965876,1.94 ± 0.00225,1.940000057220459,1.9574874639511108,0.3721090606572333,0.227557946985991,0.3721 ± 0.2276,0.0274833136904463,1.5032500055566438,536.0,0.0,536 ± 0,536.0,536.0,88.10578378254935,0.0017708054925309,88.11 ± 0.001771,88.1004638671875,88.10924530029297,75.3416748046875,2,1,2,2,2:298,0,0,0.0,model_static,False,mckenzie2003,3.3273537158966064,3.3273537158966064,3.3273537158966064,3.3273537158966064,3.3273537158966064,5.36,5.36,5.36,0.6207749469956355,0.6207749469956355,0,0.0,0,0.0,0,0.0,0,0.0,298,991.5514073371888,0,0.0,0,0.0,0,0.0,0,0.0,0,0.0,0,0.0,0,0.0,0,0.0,0,0.0,,,,,,,
static,model_static/summary_timeseries.csv,20,1.4,298,119200.0,1163.0774822875155,14.20121742195375,1163 ± 14.2,1136.41357421875,1211.7552490234375,1.940387676626244,0.0022496970965876,1.94 ± 0.00225,1.940000057220459,1.9574874639511108,0.3721090606572333,0.227557946985991,0.3721 ± 0.2276,0.0274833136904463,1.5032500055566438,538.0,0.0,538 ± 0,538.0,538.0,87.6593901102975,0.0040574816863106,87.66 ± 0.004057,87.65099334716797,87.666259765625,75.3416748046875,2,1,2,2,2:298,0,0,0.0,model_static,False,mckenzie2003,3.305313475179992,3.2948389053344727,3.262324094772339,3.3273537158966064,3.3273537158966064,5.380000000000001,5.38,5.38,0.6143705344200731,0.6124235883521325,0,0.0,0,0.0,0,0.0,0,0.0,298,984.9834156036376,0,0.0,0,0.0,0,0.0,0,0.0,0,0.0,0,0.0,0,0.0,0,0.0,0,0.0,,,,,,,
static,model_static/summary_timeseries.csv,20,1.3,298,119200.0,1163.0774822875155,14.20121742195375,1163 ± 14.2,1136.41357421875,1211.7552490234375,1.940387676626244,0.0022496970965876,1.94 ± 0.00225,1.940000057220459,1.9574874639511108,0.3721090606572333,0.227557946985991,0.3721 ± 0.2276,0.0274833136904463,1.5032500055566438,535.9865771812081,0.1150766993253842,536 ± 0.1151,535.0,536.0,90.48271002545452,0.0055537913482285,90.48 ± 0.005554,90.4322509765625,90.48673248291016,75.3416748046875,2,1,2,2,2:298,0,0,0.0,model_static,False,mckenzie2003,3.3256443242898723,3.3273537158966064,3.3165154457092285,3.3273537158966064,3.3273537158966064,5.35986577181208,5.36,5.36,0.6204714913623793,0.6207749469956355,0,0.0,0,0.0,0,0.0,0,0.0,298,991.042008638382,0,0.0,0,0.0,0,0.0,0,0.0,0,0.0,0,0.0,0,0.0,0,0.0,0,0.0,,,,,,,
static,model_static/summary_timeseries.csv,20,1.2,298,119200.0,1163.0774822875155,14.20121742195375,1163 ± 14.2,1136.41357421875,1211.7552490234375,1.940387676626244,0.0022496970965876,1.94 ± 0.00225,1.940000057220459,1.9574874639511108,0.3721090606572333,0.227557946985991,0.3721 ± 0.2276,0.0274833136904463,1.5032500055566438,544.0,0.0,544 ± 0,544.0,544.0,90.7913251787224,0.0033511703760595,90.79 ± 0.003351,90.78722381591795,90.7985382080078,75.3416748046875,2,1,2,2,2:298,0,0,0.0,model_static,False,mckenzie2003,3.3285902970589247,3.3273537158966064,3.2948389053344727,3.3490302562713623,3.3490302562713623,5.44,5.44,5.44,0.6118732163711259,0.6116459036574644,0,0.0,0,0.0,0,0.0,0,0.0,298,991.9199085235596,0,0.0,0,0.0,0,0.0,0,0.0,0,0.0,0,0.0,0,0.0,0,0.0,0,0.0,,,,,,,
static,model_static/summary_timeseries.csv,20,1.1,298,119200.0,1163.0774822875155,14.20121742195375,1163 ± 14.2,1136.41357421875,1211.7552490234375,1.940387676626244,0.0022496970965876,1.94 ± 0.00225,1.940000057220459,1.9574874639511108,0.3721090606572333,0.227557946985991,0.3721 ± 0.2276,0.0274833136904463,1.5032500055566438,542.993288590604,0.0816478191986338,543 ± 0.08165,542.0,543.0,90.5101775611007,0.0046714796422462,90.51 ± 0.004671,90.45374298095705,90.51238250732422,75.3416748046875,2,1,2,2,2:298,0,0,0.0,model_static,False,mckenzie2003,3.2948752753686583,3.2948389053344727,3.2840006351470947,3.3165154457092285,3.3490302562713623,5.42993288590604,5.43,5.43,0.6067986639629984,0.606784328790879,0,0.0,0,0.0,0,0.0,0,0.0,298,981.8728320598602,0,0.0,0,0.0,0,0.0,0,0.0,0,0.0,0,0.0,0,0.0,0,0.0,0,0.0,,,,,,,
static,model_static/summary_timeseries.csv,20,1.0,298,119200.0,1163.0774822875155,14.20121742195375,1163 ± 14.2,1136.41357421875,1211.7552490234375,1.940387676626244,0.0022496970965876,1.94 ± 0.00225,1.940000057220459,1.9574874639511108,0.3721090606572333,0.227557946985991,0.3721 ± 0.2276,0.0274833136904463,1.5032500055566438,546.996644295302,0.0578311675825976,547 ± 0.05783,546.0,547.0,89.8959820382547,0.0032018487060001,89.9 ± 0.003202,89.85053253173828,89.89881134033203,75.3416748046875,2,1,2,2,2:298,0,0,0.0,model_static,False,mckenzie2003,3.3076775274020718,3.3165154457092285,3.2948389053344727,3.3273537158966064,3.3273537158966064,5.46996644295302,5.47,5.47,0.6046979361612427,0.606309953511742,0,0.0,0,0.0,0,0.0,0,0.0,298,985.6879031658171,0,0.0,0,0.0,0,0.0,0,0.0,0,0.0,0,0.0,0,0.0,0,0.0,0,0.0,,,,,,,
static,model_static/summary_timeseries.csv,20,0.9,298,119200.0,1163.0774822875155,14.20121742195375,1163 ± 14.2,1136.41357421875,1211.7552490234375,1.940387676626244,0.0022496970965876,1.94 ± 0.00225,1.940000057220459,1.9574874639511108,0.3721090606572333,0.227557946985991,0.3721 ± 0.2276,0.0274833136904463,1.5032500055566438,546.0,0.0,546 ± 0,546.0,546.0,91.09030409947336,0.00181357839959,91.09 ± 0.001814,91.08050537109376,91.09243774414062,75.3416748046875,2,1,2,2,2:298,0,0,0.0,model_static,False,mckenzie2003,3.3179702470766617,3.3165154457092285,3.2948389053344727,3.3490302562713623,3.3490302562713623,5.46,5.46,5.46,0.6076868584389491,0.6074204113020565,0,0.0,0,0.0,0,0.0,0,0.0,298,988.7551336288452,0,0.0,0,0.0,0,0.0,0,0.0,0,0.0,0,0.0,0,0.0,0,0.0,0,0.0,,,,,,,
static,model_static/summary_timeseries.csv,20,0.8,298,119200.0,1163.0774822875155,14.20121742195375,1163 ± 14.2,1136.41357421875,1211.7552490234375,1.940387676626244,0.0022496970965876,1.94 ± 0.00225,1.940000057220459,1.9574874639511108,0.3721090606572333,0.227557946985991,0.3721 ± 0.2276,0.0274833136904463,1.5032500055566438,546.8087248322148,0.3933051969831636,546.8 ± 0.3933,546.0,547.0,88.35896178379954,0.0184763047190423,88.36 ± 0.01848,88.32038879394531,88.37102508544922,75.3416748046875,2,1,2,2,2:298,0,0,0.0,model_static,False,mckenzie2003,3.348011895314159,3.3490302562713623,3.3490302562713623,3.3490302562713623,3.3490302562713623,5.4680872483221465,5.47,5.47,0.6122821325795582,0.6122541601958615,0,0.0,0,0.0,0,0.0,0,0.0,298,997.7075448036194,0,0.0,0,0.0,0,0.0,0,0.0,0,0.0,0,0.0,0,0.0,0,0.0,0,0.0,,,,,,,
static,model_static/summary_timeseries.csv,20,0.7,298,119200.0,1163.0774822875155,14.20121742195375,1163 ± 14.2,1136.41357421875,1211.7552490234375,1.940387676626244,0.0022496970965876,1.94 ± 0.00225,1.940000057220459,1.9574874639511108,0.3721090606572333,0.227557946985991,0.3721 ± 0.2276,0.0274833136904463,1.5032500055566438,544.0973154362416,0.2963868116342489,544.1 ± 0.2964,544.0,545.0,90.01922085141176,0.0133617938878907,90.02 ± 0.01336,90.01060485839844,90.05976104736328,75.3416748046875,2,1,2,2,2:298,0,0,0.0,model_static,False,mckenzie2003,3.311023570547168,3.3165154457092285,3.2948389053344727,3.3273537158966064,3.3273537158966064,5.440973154362416,5.44,5.45,0.6085348229458357,0.6096535745789022,0,0.0,0,0.0,0,0.0,0,0.0,298,986.685024023056,0,0.0,0,0.0,0,0.0,0,0.0,0,0.0,0,0.0,0,0.0,0,0.0,0,0.0,,,,,,,
static,model_static/summary_timeseries.csv,20,0.6,298,119200.0,1163.0774822875155,14.20121742195375,1163 ± 14.2,1136.41357421875,1211.7552490234375,1.940387676626244,0.0022496970965876,1.94 ± 0.00225,1.940000057220459,1.9574874639511108,0.3721090606572333,0.227557946985991,0.3721 ± 0.2276,0.0274833136904463,1.5032500055566438,542.6275167785235,0.4834661013918052,542.6 ± 0.4835,542.0,543.0,90.77909228945738,0.0211929293018339,90.78 ± 0.02119,90.74942779541016,90.79683685302734,75.3416748046875,2,1,2,2,2:298,0,0,0.0,model_static,False,mckenzie2003,3.316188115401556,3.3165154457092285,3.2948389053344727,3.3490302562713623,3.3490302562713623,5.426275167785236,5.43,5.43,0.6111337038215872,0.6107763251766535,0,0.0,0,0.0,0,0.0,0,0.0,298,988.2240583896636,0,0.0,0,0.0,0,0.0,0,0.0,0,0.0,0,0.0,0,0.0,0,0.0,0,0.0,,,,,,,
static,model_static/summary_timeseries.csv,20,0.5,298,119200.0,1163.0774822875155,14.20121742195375,1163 ± 14.2,1136.41357421875,1211.7552490234375,1.940387676626244,0.0022496970965876,1.94 ± 0.00225,1.940000057220459,1.9574874639511108,0.3721090606572333,0.227557946985991,0.3721 ± 0.2276,0.0274833136904463,1.5032500055566438,553.0335570469799,0.1800860116107213,553 ± 0.1801,553.0,554.0,89.86954511092013,0.0086272561253593,89.87 ± 0.008627,89.8576889038086,89.91280364990234,75.3416748046875,2,1,2,2,2:298,0,0,0.0,model_static,False,mckenzie2003,3.3252442539138283,3.3165154457092285,3.3165154457092285,3.35986852645874,3.35986852645874,5.530335570469799,5.53,5.53,0.6012733084072484,0.5997315453362076,0,0.0,0,0.0,0,0.0,0,0.0,298,990.9227876663208,0,0.0,0,0.0,0,0.0,0,0.0,0,0.0,0,0.0,0,0.0,0,0.0,0,0.0,,,,,,,
static,model_static/summary_timeseries.csv,20,0.4,298,119200.0,1163.0774822875155,14.20121742195375,1163 ± 14.2,1136.41357421875,1211.7552490234375,1.940387676626244,0.0022496970965876,1.94 ± 0.00225,1.940000057220459,1.9574874639511108,0.3721090606572333,0.227557946985991,0.3721 ± 0.2276,0.0274833136904463,1.5032500055566438,546.0973154362416,0.2963868116342489,546.1 ± 0.2964,546.0,547.0,83.57117935795112,0.0152840523601155,83.57 ± 0.01528,83.56153106689453,83.6166000366211,75.3416748046875,2,1,2,2,2:298,0,0,0.0,model_static,False,mckenzie2003,3.329317697742641,3.3490302562713623,3.2948389053344727,3.3490302562713623,3.3490302562713623,5.460973154362416,5.46,5.47,0.6096570814224185,0.6133755048116049,0,0.0,0,0.0,0,0.0,0,0.0,298,992.1366739273072,0,0.0,0,0.0,0,0.0,0,0.0,0,0.0,0,0.0,0,0.0,0,0.0,0,0.0,,,,,,,
static,model_static/summary_timeseries.csv,20,0.3,298,119200.0,1163.0774822875155,14.20121742195375,1163 ± 14.2,1136.41357421875,1211.7552490234375,1.940387676626244,0.0022496970965876,1.94 ± 0.00225,1.940000057220459,1.9574874639511108,0.3721090606572333,0.227557946985991,0.3721 ± 0.2276,0.0274833136904463,1.5032500055566438,535.2248322147651,3.012243607185402,535.2 ± 3.012,523.0,536.0,81.5695244961937,0.4098517801914296,81.57 ± 0.4099,79.90178680419922,81.67343139648438,75.3416748046875,2,1,2,2,2:298,0,0,0.0,model_static,False,mckenzie2003,3.2969153191419256,3.2840006351470947,3.262324094772339,3.5414204597473145,3.5642683506011963,5.352248322147651,5.36,5.36,0.6160730320341463,0.6126866856617713,0,0.0,0,0.0,0,0.0,0,0.0,281,922.2080736160278,0,0.0,17,60.27269148826599,0,0.0,0,0.0,0,0.0,0,0.0,0,0.0,0,0.0,0,0.0,,,,,,,
static,model_static/summary_timeseries.csv,20,0.2,298,119200.0,1163.0774822875155,14.20121742195375,1163 ± 14.2,1136.41357421875,1211.7552490234375,1.940387676626244,0.0022496970965876,1.94 ± 0.00225,1.940000057220459,1.9574874639511108,0.3721090606572333,0.227557946985991,0.3721 ± 0.2276,0.0274833136904463,1.5032500055566438,537.4429530201343,4.876161090896206,537.4 ± 4.876,522.0,539.0,83.59371262108719,0.5518572160762228,83.59 ± 0.5519,81.84465789794922,83.77188873291016,75.3416748046875,2,1,2,2,2:298,0,0,0.0,model_static,False,mckenzie2003,3.308193807633931,3.2840006351470947,3.262324094772339,3.5642683506011963,3.5642683506011963,5.374429530201342,5.39,5.39,0.6157354376201095,0.6092765556859174,0,0.0,0,0.0,0,0.0,0,0.0,271,889.6065092086792,0,0.0,27,96.2352454662323,0,0.0,0,0.0,0,0.0,0,0.0,0,0.0,0,0.0,0,0.0,,,,,,,
static,model_static/summary_timeseries.csv,20,0.1,298,119200.0,1163.0774822875155,14.20121742195375,1163 ± 14.2,1136.41357421875,1211.7552490234375,1.940387676626244,0.0022496970965876,1.94 ± 0.00225,1.940000057220459,1.9574874639511108,0.3721090606572333,0.227557946985991,0.3721 ± 0.2276,0.0274833136904463,1.5032500055566438,558.989932885906,0.0998286898029766,559 ± 0.09983,558.0,559.0,84.24952505738943,0.0056017867235764,84.25 ± 0.005602,84.20401000976562,84.25670623779297,75.3416748046875,2,1,2,2,2:298,0,0,0.0,model_static,False,mckenzie2003,3.3574681898091465,3.35986852645874,3.3273537158966064,3.381545305252075,3.381545305252075,5.58989932885906,5.59,5.59,0.6006311547094974,0.6010498258423507,0,0.0,0,0.0,0,0.0,0,0.0,298,1000.5255205631256,0,0.0,0,0.0,0,0.0,0,0.0,0,0.0,0,0.0,0,0.0,0,0.0,0,0.0,,,,,,,
static,model_static/summary_timeseries.csv,20,0.0,298,119200.0,1163.0774822875155,14.20121742195375,1163 ± 14.2,1136.41357421875,1211.7552490234375,1.940387676626244,0.0022496970965876,1.94 ± 0.00225,1.940000057220459,1.9574874639511108,0.3721090606572333,0.227557946985991,0.3721 ± 0.2276,0.0274833136904463,1.5032500055566438,614.9798657718121,0.1404593928621231,615 ± 0.1405,614.0,615.0,93.32085805291295,0.0061648481198098,93.32 ± 0.006165,93.27745056152344,93.3244400024414,75.3416748046875,1,1,1,1,1:298,0,0,0.0,model_static,False,mckenzie2003,3.483490511074962,3.479089736938477,3.4465749263763428,3.5007662773132324,3.5007662773132324,6.1497986577181205,6.15,6.15,0.5664395792447215,0.5657056482826791,0,0.0,0,0.0,0,0.0,0,0.0,298,1038.0801723003387,0,0.0,0,0.0,0,0.0,0,0.0,0,0.0,0,0.0,0,0.0,0,0.0,0,0.0,,,,,,,
dynamic,model_dynamic/summary_timeseries.csv,20,21.0,298,119200.0,1163.0774822875155,14.20121742195375,1163 ± 14.2,1136.41357421875,1211.7552490234375,1.940387676626244,0.0022496970965876,1.94 ± 0.00225,1.940000057220459,1.9574874639511108,0.3721090606572333,0.227557946985991,0.3721 ± 0.2276,0.0274833136904463,1.5032500055566438,270.0,0.0,270 ± 0,270.0,270.0,54.4341240953279,0.0033940222320541,54.43 ± 0.003394,54.42782974243164,54.43901824951172,75.3416748046875,0,1,0,0,0:298,0,0,0.0,model_dynamic,True,mckenzie2003,2.7843738290287505,2.7760167121887207,2.7760167121887207,2.7988646030426025,2.7988646030426025,2.7,2.7,2.7,1.0312495663069443,1.0281543378476743,0,0.0,0,0.0,0,0.0,0,0.0,0,0.0,0,0.0,298,829.7434010505676,0,0.0,0,0.0,0,0.0,0,0.0,0,0.0,0,0.0,0,0.0,16.0,18.0,18.0,0.00625,0.0062500000000013,0.025,0.0184963292449345
dynamic,model_dynamic/summary_timeseries.csv,20,20.9,298,119200.0,1163.0682832638308,14.193535939257504,1163 ± 14.19,1136.4250722375946,1211.637473426419,1.9237793734529265,0.0536624776754122,1.924 ± 0.05366,1.6457388006821358,2.07114991927033,0.3712648497426136,0.2264065378693034,0.3713 ± 0.2264,0.0329845666587459,1.4938138674786785,284.0,0.0,284 ± 0,284.0,284.0,54.69596736063093,0.0016136981672871,54.7 ± 0.001614,54.69206619262695,54.69884490966797,75.21240118882451,0,1,0,0,0:298,0,0,0.0,model_dynamic,True,mckenzie2003,2.867254934054893,2.867408275604248,2.867408275604248,2.867408275604248,2.867408275604248,2.84,2.84,2.84,1.0095968077658075,1.0096508012691014,0,0.0,0,0.0,0,0.0,0,0.0,0,0.0,0,0.0,298,854.4419703483582,0,0.0,0,0.0,0,0.0,0,0.0,0,0.0,0,0.0,0,0.0,16.0,18.0,18.0,0.0062499999999998,0.0062499999999998,0.025,0.0179861263760873
dynamic,model_dynamic/summary_timeseries.csv,20,20.8,298,119200.0,1163.059339844434,14.186278609154114,1163 ± 14.19,1136.4365661560814,1211.525230539778,1.9075129189304656,0.1058252850545062,1.908 ± 0.1058,1.3616988621134916,2.192534801096298,0.3704452524226722,0.2252863428079439,0.3704 ± 0.2253,0.0384913936262065,1.484572702599385,285.8489932885906,0.3580554210156793,285.8 ± 0.3581,285.0,286.0,54.80182042217895,0.0186469004302483,54.8 ± 0.01865,54.7552375793457,54.8132438659668,75.0886643836966,0,1,0,0,0:298,0,0,0.0,model_dynamic,True,mckenzie2003,2.8436019172604454,2.833136320114136,2.833136320114136,2.867408275604248,2.867408275604248,2.858489932885906,2.86,2.86,0.994797625215549,0.9906071049350126,0,0.0,0,0.0,0,0.0,0,0.0,0,0.0,0,0.0,298,847.3933713436127,0,0.0,0,0.0,0,0.0,0,0.0,0,0.0,0,0.0,0,0.0,16.0,18.0,18.0,0.00625,0.0062500000000013,0.025,0.0175389309306582
dynamic,model_dynamic/summary_timeseries.csv,20,20.7,298,119200.0,1163.0496743782485,14.180597766105375,1163 ± 14.18,1136.4480965464315,1211.4187073755504,1.890559713382708,0.1577712172337008,1.891 ± 0.1578,1.08729922663787,2.305640524357739,0.3696876166420516,0.2242069011401631,0.3697 ± 0.2242,0.0386000059457574,1.475563921256482,282.3255033557047,0.4685626117496773,282.3 ± 0.4686,282.0,283.0,55.82378935333866,0.0203493287201584,55.82 ± 0.02035,55.8046760559082,55.85511016845703,74.97061082911887,0,1,0,0,0:298,0,0,0.0,model_dynamic,True,mckenzie2003,2.8500039977515303,2.844560384750366,2.833136320114136,2.867408275604248,2.867408275604248,2.8232550335570465,2.82,2.83,1.0094712474329248,1.0087093562944562,0,0.0,0,0.0,0,0.0,0,0.0,0,0.0,0,0.0,298,849.301191329956,0,0.0,0,0.0,0,0.0,0,0.0,0,0.0,0,0.0,0,0.0,16.0,18.0,18.0,0.0062499999999998,0.0062499999999998,0.025,0.0168333537040799
dynamic,model_dynamic/summary_timeseries.csv,20,20.6,298,119200.0,1163.0405134659284,14.175051919434436,1163 ± 14.18,1136.4597284972274,1211.315864549067,1.8741779664733955,0.2084836986987959,1.874 ± 0.2085,0.8274807494538456,2.4136646718861474,0.3689375008917331,0.2231417109859732,0.3689 ± 0.2231,0.0387028259182315,1.4666426102447054,285.0,0.0,285 ± 0,285.0,285.0,55.60274070381318,0.00134288853391,55.6 ± 0.001343,55.59366226196289,55.604713439941406,74.85613605183971,0,1,0,0,0:298,0,0,0.0,model_dynamic,True,mckenzie2003,2.842298554894108,2.844560384750366,2.833136320114136,2.867408275604248,2.867408275604248,2.8500000000000005,2.85,2.85,0.9972977385593362,0.998091363070304,0,0.0,0,0.0,0,0.0,0,0.0,0,0.0,0,0.0,298,847.0049693584442,0,0.0,0,0.0,0,0.0,0,0.0,0,0.0,0,0.0,0,0.0,16.0,18.0,18.0,0.00625,0.0062500000000013,0.025,0.0165205175918808
dynamic,model_dynamic/summary_timeseries.csv,20,20.5,298,119200.0,1163.0316881289675,14.16994545834592,1163 ± 14.17,1136.471375757947,1211.218518836886,1.8581847710910089,0.2579485107742291,1.858 ± 0.2579,0.5771526040139233,2.5154589161510077,0.3682151722223754,0.2220983808831324,0.3682 ± 0.2221,0.0387984032452382,1.4579760368969858,287.98993288590606,0.0998286898029766,288 ± 0.09983,287.0,288.0,53.00016642576896,0.0051203044183204,53 ± 0.00512,52.9512939453125,53.0036506652832,74.74714307893896,0,1,0,0,0:298,0,0,0.0,model_dynamic,True,mckenzie2003,2.89025616645813,2.89025616645813,2.89025616645813,2.89025616645813,2.89025616645813,2.87989932885906,2.88,2.88,1.0035963708769742,1.0035611689090729,0,0.0,0,0.0,0,0.0,0,0.0,0,0.0,0,0.0,298,861.2963376045227,0,0.0,0,0.0,0,0.0,0,0.0,0,0.0,0,0.0,0,0.0,16.0,18.0,18.0,0.00625,0.0062500000000013,0.025,0.0169483038043328
dynamic,model_dynamic/summary_timeseries.csv,20,20.4,298,119200.0,1163.022533388887,14.165570037488177,1163 ± 14.17,1136.482885962156,1211.129998130623,1.8418703134194911,0.3054281285056715,1.842 ± 0.3054,0.3256029800113235,2.608301731601465,0.3675884996779089,0.2211116990450223,0.3676 ± 0.2211,0.038883950509052,1.4498608718733952,281.0,0.0,281 ± 0,281.0,281.0,52.76510288571351,0.0030543682587013,52.77 ± 0.003054,52.76165390014648,52.771034240722656,74.6471121684674,0,1,0,0,0:298,0,0,0.0,model_dynamic,True,mckenzie2003,2.833519796397062,2.844560384750366,2.810288667678833,2.844560384750366,2.844560384750366,2.81,2.81,2.81,1.0083700343050044,1.0122990693061802,0,0.0,0,0.0,0,0.0,0,0.0,0,0.0,0,0.0,298,844.3888993263245,0,0.0,0,0.0,0,0.0,0,0.0,0,0.0,0,0.0,0,0.0,16.0,18.0,18.0,0.0062499999999998,0.0062499999999998,0.025,0.0166341162456005
dynamic,model_dynamic/summary_timeseries.csv,20,20.3,298,119200.0,1163.0135177939767,14.161574529416487,1163 ± 14.16,1136.4944044561569,1211.0461151394193,1.8257758757316769,0.3517715726182869,1.826 ± 0.3518,0.0880495540238497,2.696168352190976,0.3669997065016399,0.2201548949010041,0.367 ± 0.2202,0.0389634713035403,1.441975425212782,283.93959731543623,1.0409610164867569,283.9 ± 1.041,266.0,284.0,54.537685688710056,0.0502305947679223,54.54 ± 0.05023,53.67789840698242,54.5452995300293,74.5517106832624,0,1,0,0,0:298,0,0,0.0,model_dynamic,True,mckenzie2003,2.81577052526026,2.7988646030426025,2.7988646030426025,2.867408275604248,3.221550226211548,2.8393959731543625,2.84,2.84,0.9917260801669878,0.9855157052966912,0,0.0,0,0.0,0,0.0,0,0.0,0,0.0,0,0.0,297,835.8780663013458,1,3.221550226211548,0,0.0,0,0.0,0,0.0,0,0.0,0,0.0,0,0.0,11.0,12.0,12.0,0.00625,0.0125,0.025,0.0245990484570095
dynamic,model_dynamic/summary_timeseries.csv,20,20.2,298,119200.0,1163.005527190657,14.157489676263982,1163 ± 14.16,1136.5060639927474,1210.963380500213,1.8109058405138625,0.3941994445093087,1.811 ± 0.3942,0.0,2.7794549687921704,0.3663938847833216,0.2192258823318089,0.3664 ± 0.2192,0.038535237987688,1.4340383061691675,283.0469798657718,16.424051593457715,283 ± 16.42,0.0,284.0,53.63816809174198,0.4170425977285364,53.64 ± 0.417,53.6090087890625,60.82529830932617,74.4573165074653,0,2,0,4,0:297; 4:1,1,0,0.0,model_dynamic,True,mckenzie2003,2.85770942940808,2.867408275604248,2.867408275604248,2.867408275604248,2.867408275604248,2.830469798657718,2.84,2.84,1.0096237136193007,1.0096508012691014,1,0.0,0,0.0,0,0.0,0,0.0,0,0.0,0,0.0,297,851.5974099636078,0,0.0,0,0.0,0,0.0,0,0.0,0,0.0,0,0.0,0,0.0,8.0,9.0,9.0,0.0124999999999997,0.0124999999999997,0.025,0.0233467691342081
dynamic,model_dynamic/summary_timeseries.csv,20,20.1,298,119200.0,1162.9975463036762,14.154205123574004,1163 ± 14.15,1136.5176946435915,1210.885719708038,1.796159452254446,0.434549956974765,1.796 ± 0.4345,0.0,2.8538932466002174,0.3658497882205179,0.2183664809935844,0.3658 ± 0.2184,0.0373451056752009,1.4263870956002074,290.0234899328859,16.828869766535902,290 ± 16.83,0.0,291.0,57.60162440562408,0.4230938162514522,57.6 ± 0.4231,57.572410583496094,64.8930435180664,74.36802506444656,0,2,0,4,0:297; 4:1,1,0,0.0,model_dynamic,True,mckenzie2003,2.8804806494872843,2.89025616645813,2.89025616645813,2.89025616645813,2.89025616645813,2.900234899328859,2.91,2.91,0.9931887414201708,0.9932151774770204,1,0.0,0,0.0,0,0.0,0,0.0,0,0.0,0,0.0,297,858.3832335472107,0,0.0,0,0.0,0,0.0,0,0.0,0,0.0,0,0.0,0,0.0,8.0,9.0,9.0,0.0125,0.0125000000000014,0.025,0.0215323796154344
dynamic,model_dynamic/summary_timeseries.csv,20,20.0,298,119200.0,1162.991119059779,14.150206909926698,1163 ± 14.15,1136.5296217562611,1210.8064546040482,1.7832493942252308,0.4726912702231067,1.783 ± 0.4727,0.0,2.9354081501554106,0.3652387410295044,0.2174706530978939,0.3652 ± 0.2175,0.0360927598908801,1.4184207265544413,291.8859060402685,17.011654197681864,291.9 ± 17.01,0.0,293.0,56.34726688205796,0.4323202998937878,56.35 ± 0.4323,55.43478012084961,63.692501068115234,74.27683284778709,0,2,0,4,0:297; 4:1,1,0,0.0,model_dynamic,True,mckenzie2003,2.8836241136461296,2.89025616645813,2.867408275604248,2.901679992675781,3.221550226211548,2.9188590604026845,2.93,2.93,0.9880136852496532,0.9864355516921944,1,0.0,0,0.0,0,0.0,0,0.0,0,0.0,0,0.0,295,852.8768854141235,2,6.443100452423096,0,0.0,0,0.0,0,0.0,0,0.0,0,0.0,0,0.0,8.0,9.0,9.0,0.0125,0.0125000000000014,0.025,0.0218692679943021
dynamic,model_dynamic/summary_timeseries.csv,20,19.9,298,119200.0,1162.984703556839,14.14640636706887,1163 ± 14.15,1136.541494697048,1210.732512181719,1.7704753017719737,0.509152959742171,1.77 ± 0.5092,0.0,3.0162982082816563,0.3646792141812423,0.2166182014371532,0.3647 ± 0.2166,0.0348882926611219,1.4111737010490693,291.38926174496646,29.4081921220008,291.4 ± 29.41,0.0,295.0,55.2340986648662,0.7192865045378463,55.23 ± 0.7193,55.13207244873047,62.36030578613281,74.19101748467097,0,2,0,4,0:295; 4:3,3,0,0.0,model_dynamic,True,mckenzie2003,2.838886736223362,2.867408275604248,2.844560384750366,2.901679992675781,2.901679992675781,2.913892617449665,2.94,2.95,0.9742496251381484,0.9720028052895756,3,0.0,0,0.0,0,0.0,0,0.0,0,0.0,0,0.0,295,845.9882473945618,0,0.0,0,0.0,0,0.0,0,0.0,0,0.0,0,0.0,0,0.0,8.0,9.0,9.0,0.0124999999999997,0.0124999999999997,0.025,0.0220057916929578
dynamic,model_dynamic/summary_timeseries.csv,20,19.8,298,119200.0,1162.9788062462007,14.143085792432805,1163 ± 14.14,1136.5533153701692,1210.6633506655762,1.7584142112887928,0.5421588967448153,1.758 ± 0.5422,0.0,3.09313012132836,0.3641553690582116,0.2158077577808687,0.3642 ± 0.2158,0.0337291628690081,1.4046390442720535,286.76174496644296,33.609985926835385,286.8 ± 33.61,0.0,291.0,57.65728878814902,0.8449011497773722,57.66 ± 0.8449,56.71173858642578,64.95704650878906,74.11003529540699,0,3,0,4,0:294; 3:1; 4:3,3,0,0.0,model_dynamic,True,mckenzie2003,2.8472736033817267,2.89025616645813,2.867408275604248,2.89025616645813,3.221550226211548,2.8676174496644293,2.91,2.91,0.9961887621282088,0.9932151774770204,3,0.0,0,0.0,0,0.0,0,0.0,0,0.0,0,0.0,292,842.7324385643005,2,5.677696704864502,0,0.0,0,0.0,1,0.0773985385894775,0,0.0,0,0.0,0,0.0,8.0,9.0,9.0,0.0125,0.0125000000000014,0.025,0.0204861949894258
dynamic,model_dynamic/summary_timeseries.csv,20,19.7,298,119200.0,1162.9743687020584,14.139145988273327,1163 ± 14.14,1136.5653291631418,1210.594663401072,1.7481789870000048,0.5718247580987842,1.748 ± 0.5718,0.0,3.170853650152531,0.363604286132462,0.2149914357306374,0.3636 ± 0.215,0.0325428920815496,1.3979590505948152,280.2953020134228,38.17954815594352,280.3 ± 38.18,0.0,286.0,56.96916129605082,1.0204283268542071,56.97 ± 1.02,55.999019622802734,64.23521423339844,74.02933423793024,0,2,0,4,0:293; 4:5,5,0,0.0,model_dynamic,True,mckenzie2003,2.7906991747401704,2.844560384750366,2.833136320114136,2.867408275604248,3.2101263999938965,2.802953020134228,2.86,2.86,0.9957183983953284,0.9946015331294988,5,0.0,0,0.0,0,0.0,0,0.0,0,0.0,0,0.0,290,825.0367422103882,3,6.591611862182617,0,0.0,0,0.0,0,0.0,0,0.0,0,0.0,0,0.0,8.0,9.0,9.0,0.0124999999999997,0.0124999999999997,0.025,0.019669978905223
dynamic,model_dynamic/summary_timeseries.csv,20,19.6,298,119200.0,1162.9705364023057,14.135118603248564,1163 ± 14.14,1136.5773155982088,1210.5299964203634,1.7387576431768614,0.5989289253079543,1.739 ± 0.5989,0.0,3.2455053364194977,0.3630672545527975,0.214212558930097,0.3631 ± 0.2142,0.0313946244681613,1.3915381448785398,235.1208053691275,36.57389554850551,235.1 ± 36.57,0.0,241.0,51.66853139224469,0.9504150235290952,51.67 ± 0.9504,50.361663818359375,57.770355224609375,73.95268082215466,0,2,0,4,0:291; 4:7,7,0,0.0,model_dynamic,True,mckenzie2003,2.570002618252031,2.638929605484009,2.616081714630127,2.638929605484009,2.9930715560913086,2.351208053691275,2.41,2.41,1.0932412256184667,1.0949915375452317,7,0.0,0,0.0,0,0.0,0,0.0,0,0.0,0,0.0,289,760.3544425964355,2,5.506337642669678,0,0.0,0,0.0,0,0.0,0,0.0,0,0.0,0,0.0,8.0,9.0,9.0,0.0125,0.0125000000000014,0.025,0.0202025701089517
dynamic,model_dynamic/summary_timeseries.csv,20,19.5,298,119200.0,1162.9662318904157,14.132115332936214,1163 ± 14.13,1136.5889452785834,1210.4739160055456,1.7287888085071466,0.6245745113340581,1.729 ± 0.6246,0.0,3.3115610394684025,0.3626432648361826,0.2135367476359798,0.3626 ± 0.2135,0.0303761448108953,1.3859478594333574,278.0402684563758,49.120708627169805,278 ± 49.12,0.0,287.0,57.23841649253897,1.3289889655319518,57.24 ± 1.329,55.83869934082031,64.74151611328125,73.88497072696214,0,2,0,4,0:289; 4:9,9,0,0.0,model_dynamic,True,mckenzie2003,2.748530302271747,2.833136320114136,2.810288667678833,2.867408275604248,3.221550226211548,2.780402684563759,2.87,2.87,0.9887246205204564,0.9871555122348904,9,0.0,0,0.0,0,0.0,0,0.0,0,0.0,0,0.0,285,806.3129160404205,4,12.74911403656006,0,0.0,0,0.0,0,0.0,0,0.0,0,0.0,0,0.0,8.0,9.0,9.0,0.0125,0.0125000000000014,0.025,0.0181757951606375
dynamic,model_dynamic/summary_timeseries.csv,20,19.4,298,119200.0,1162.9639686812027,14.12746405294864,1163 ± 14.13,1136.6009986389472,1210.4146336578074,1.7213876400702095,0.6473173086488793,1.721 ± 0.6473,0.0,3.383014830344957,0.3620955704811215,0.2127900490065177,0.3621 ± 0.2128,0.0292685258947075,1.379793820543599,273.4731543624161,58.28690567590181,273.5 ± 58.29,0.0,286.0,55.01748988772399,1.5258431735578406,55.02 ± 1.526,53.82028579711914,62.22837829589844,73.81363501886017,0,3,0,4,0:285; 3:1; 4:12,12,0,0.0,model_dynamic,True,mckenzie2003,2.7290399305572444,2.844560384750366,2.833136320114136,2.867408275604248,3.2443981170654297,2.7347315436241613,2.86,2.86,1.0006802506223995,0.9946015331294988,12,0.0,0,0.0,0,0.0,0,0.0,0,0.0,0,0.0,284,809.8657610416412,1,3.2443981170654297,0,0.0,0,0.0,1,0.1437401473522186,0,0.0,0,0.0,0,0.0,8.0,9.0,9.0,0.0124999999999997,0.0124999999999997,0.025,0.0163900539489901
dynamic,model_dynamic/summary_timeseries.csv,20,19.3,298,119200.0,1162.962215972329,14.123003116871931,1163 ± 14.12,1136.612918843499,1210.3601170308536,1.714589336199268,0.6677008406714936,1.715 ± 0.6677,0.0,3.4502691492423643,0.3615779546469722,0.2120924132714131,0.3616 ± 0.2121,0.0282265129711377,1.3740435993926907,274.2248322147651,60.811843607626514,274.2 ± 60.81,0.0,288.0,58.04206685571862,1.608653168496879,58.04 ± 1.609,56.77338790893555,65.35397338867188,73.74719818735457,0,3,0,4,0:284; 3:1; 4:13,13,0,0.0,model_dynamic,True,mckenzie2003,2.69787446179446,2.833136320114136,2.631503939628601,2.844560384750366,3.2443981170654297,2.7422483221476504,2.88,2.88,0.9870682538441726,0.9837278889285194,13,0.0,0,0.0,0,0.0,0,0.0,0,0.0,0,0.0,281,794.1007120609283,3,9.733194351196287,0,0.0,0,0.0,1,0.1326832026243209,0,0.0,0,0.0,0,0.0,8.0,9.0,9.0,0.0125,0.0125000000000014,0.025,0.0154196853285222
dynamic,model_dynamic/summary_timeseries.csv,20,19.2,298,119200.0,1162.961304160427,14.117978149934448,1163 ± 14.12,1136.6250725168456,1210.3054684059327,1.7089729099681836,0.6872741561452287,1.709 ± 0.6873,0.0,3.519346510889257,0.3610182051104426,0.211370982307977,0.361 ± 0.2114,0.0271537388112596,1.3680912344188565,268.4026845637584,64.02043711684608,268.4 ± 64.02,0.0,284.0,57.156115743137846,1.7098425034942804,57.16 ± 1.71,55.90913009643555,64.42186737060547,73.6803958890871,0,3,0,4,0:282; 3:1; 4:15,15,0,0.0,model_dynamic,True,mckenzie2003,2.6613854873900444,2.810288667678833,0.065788757801056,2.810288667678833,3.2443981170654297,2.684026845637584,2.84,2.84,0.9937131995383643,0.9895382632671949,15,0.0,0,0.0,0,0.0,0,0.0,0,0.0,0,0.0,279,784.2076210975647,3,8.807855606079102,0,0.0,0,0.0,1,0.0773985385894775,0,0.0,0,0.0,0,0.0,8.0,9.0,9.0,0.0124999999999997,0.0124999999999997,0.025,0.0140616521408596
dynamic,model_dynamic/summary_timeseries.csv,20,19.1,298,119200.0,1162.9608840147712,14.113074693410034,1163 ± 14.11,1136.6371862569536,1210.2540010538444,1.703959956981638,0.7052783556326907,1.704 ± 0.7053,0.0,3.5862557361083174,0.3604642041169077,0.2106882930235801,0.3605 ± 0.2107,0.0261237563329025,1.362373994605991,267.4463087248322,65.98214220833796,267.4 ± 65.98,0.0,284.0,56.01490610877939,1.746701150422912,56.01 ± 1.747,54.63343811035156,63.09620666503906,73.61681479689082,0,2,0,4,0:281; 4:17,17,0,0.0,model_dynamic,True,mckenzie2003,2.6592855741513657,2.7988646030426025,0.0,2.867408275604248,3.187278509140014,2.674463087248322,2.84,2.84,0.9944818598369392,0.9855157052966912,17,0.0,0,0.0,0,0.0,0,0.0,0,0.0,0,0.0,279,787.1206984519958,2,5.346402645111084,0,0.0,0,0.0,0,0.0,0,0.0,0,0.0,0,0.0,8.0,9.0,9.0,0.0125,0.0125000000000014,0.025,0.0131552934066014
dynamic,model_dynamic/summary_timeseries.csv,20,19.0,298,119200.0,1162.9608976452892,14.10799332466275,1163 ± 14.11,1136.6492421846958,1210.2055821660772,1.6994108637806162,0.7222567864316742,1.699 ± 0.7223,0.0,3.6506862564839935,0.3599155739589868,0.2100467979831432,0.3599 ± 0.21,0.0251401859402012,1.3568956900959683,267.2751677852349,68.32682602882407,267.3 ± 68.33,0.0,285.0,57.4403819141772,1.8126881607906973,57.44 ± 1.813,56.949520111083984,64.46963500976562,73.55633998138137,0,2,0,4,0:280; 4:18,18,0,0.0,model_dynamic,True,mckenzie2003,2.635211015307663,2.810288667678833,0.0,2.833136320114136,2.833136320114136,2.672751677852349,2.85,2.85,0.9859761244939896,0.9860661991855554,18,0.0,0,0.0,0,0.0,0,0.0,0,0.0,0,0.0,279,783.9562819004059,1,1.336600661277771,0,0.0,0,0.0,0,0.0,0,0.0,0,0.0,0,0.0,7.0,8.0,8.0,0.0125,0.025,0.025,0.024994699785637
dynamic,model_dynamic/summary_timeseries.csv,20,18.9,298,119200.0,1162.961174326131,14.102962653432966,1163 ± 14.1,1136.661426311931,1210.1582835879744,1.6953325983226777,0.738866565195616,1.695 ± 0.7389,0.0,3.707216095210222,0.3593652450718984,0.2094064920225867,0.3594 ± 0.2094,0.0241594186496334,1.351393109899042,262.0838926174497,68.40063833360655,262.1 ± 68.4,0.0,280.0,55.6115260156209,1.8523548528594491,55.61 ± 1.852,54.33456802368164,62.70753479003906,73.49685727604333,0,2,0,4,0:279; 4:19,19,0,0.0,model_dynamic,True,mckenzie2003,2.638814498914168,2.810288667678833,0.0,2.833136320114136,3.2101263999938965,2.620838926174497,2.8000000000000003,2.8000000000000003,1.006905124022788,1.0036745241710117,19,0.0,0,0.0,0,0.0,0,0.0,0,0.0,0,0.0,278,783.1565942764282,1,3.2101263999938965,0,0.0,0,0.0,0,0.0,0,0.0,0,0.0,0,0.0,8.0,9.0,9.0,0.0124999999999997,0.0124999999999997,0.025,0.0128892697535356
dynamic,model_dynamic/summary_timeseries.csv,20,18.8,298,119200.0,1162.9615484431995,14.098236896806329,1163 ± 14.1,1136.6735044227596,1210.1142811358295,1.691268825457282,0.7544720814973773,1.691 ± 0.7545,0.0,3.752768641370269,0.3588377615413884,0.2088032292184834,0.3588 ± 0.2088,0.0232381103380819,1.3461919657447714,265.36241610738256,65.54661385190707,265.4 ± 65.55,0.0,282.0,56.747963898933975,1.739134021244703,56.75 ± 1.739,55.34422302246094,63.80343246459961,73.44077671306991,0,2,0,4,0:281; 4:17,17,0,0.0,model_dynamic,True,mckenzie2003,2.65848055061878,2.810288667678833,0.0,2.844560384750366,3.2101263999938965,2.6536241610738256,2.82,2.82,1.0021167494126726,0.996556265134338,17,0.0,0,0.0,0,0.0,0,0.0,0,0.0,0,0.0,278,784.2418718338013,3,7.985332250595093,0,0.0,0,0.0,0,0.0,0,0.0,0,0.0,0,0.0,7.0,7.0,7.0,0.0125,0.025,0.025,0.0249847139887621
dynamic,model_dynamic/summary_timeseries.csv,20,18.7,298,119200.0,1162.9619038024068,14.093680720828726,1163 ± 14.09,1136.6856939922704,1210.071238502177,1.6872993450962357,0.7700676476240718,1.687 ± 0.7701,0.0,3.7994634223283152,0.3583102632022293,0.2081983389696085,0.3583 ± 0.2082,0.0223269095453887,1.3409720675782455,264.8120805369128,67.0670173818963,264.8 ± 67.07,0.0,282.0,57.86743196064994,1.816945403667284,57.87 ± 1.817,56.47814178466797,65.08467102050781,73.3855445099066,0,3,0,4,0:280; 3:1; 4:17,17,0,0.0,model_dynamic,True,mckenzie2003,2.675371644230897,2.844560384750366,0.0,2.844560384750366,3.221550226211548,2.648120805369127,2.82,2.82,1.0134974263487515,1.0087093562944562,17,0.0,0,0.0,0,0.0,0,0.0,0,0.0,0,0.0,277,787.474839925766,3,9.653226852416992,0,0.0,0,0.0,1,0.1326832026243209,0,0.0,0,0.0,0,0.0,4.0,4.0,4.0,0.0249999999999994,0.0249999999999994,0.025,0.0244532213576333
dynamic,model_dynamic/summary_timeseries.csv,20,18.6,298,119200.0,1162.962555244072,14.089008559871074,1163 ± 14.09,1136.697990450912,1210.029137841998,1.683801062955916,0.7854932176615684,1.684 ± 0.7855,0.0,3.847446029517416,0.3577782282598223,0.2075904038492413,0.3578 ± 0.2076,0.0214298810104707,1.33573869302197,262.9161073825503,66.68298492724558,262.9 ± 66.68,0.0,280.0,59.76809401800168,1.9097130424386437,59.77 ± 1.91,58.41339874267578,67.2930908203125,73.33114739108623,0,2,0,4,0:280; 4:18,18,0,0.0,model_dynamic,True,mckenzie2003,2.6564487570884245,2.833136320114136,0.0,2.844560384750366,3.2101263999938965,2.629161073825504,2.8000000000000003,2.8000000000000003,1.0105108845011446,1.0159144231251307,18,0.0,0,0.0,0,0.0,0,0.0,0,0.0,0,0.0,277,782.0484702587128,3,9.573259353637695,0,0.0,0,0.0,0,0.0,0,0.0,0,0.0,0,0.0,4.0,4.0,4.0,0.025,0.0250000000000014,0.025,0.0235399794611554
dynamic,model_dynamic/summary_timeseries.csv,20,18.5,298,119200.0,1162.9635569840289,14.084100223672571,1163 ± 14.08,1136.7104492107485,1209.9877341198992,1.680906850706365,0.8008425734001478,1.681 ± 0.8008,0.0,3.898088677249403,0.3572294717991713,0.2069701588597436,0.3572 ± 0.207,0.0205409783584907,1.3304344228250142,259.1543624161074,65.95129633055544,259.2 ± 65.95,0.0,277.0,58.99392211197207,1.9743101744519815,58.99 ± 1.974,57.69345474243164,66.75037384033203,73.27728490915092,0,2,0,4,0:280; 4:18,18,0,0.0,model_dynamic,True,mckenzie2003,2.615314896474749,2.7760167121887207,0.0,2.7988646030426025,3.1530065536499023,2.591543624161074,2.76,2.77,1.0094289470728752,1.0058031565901162,18,0.0,0,0.0,0,0.0,0,0.0,0,0.0,0,0.0,276,767.8599345684052,4,11.503904581069946,0,0.0,0,0.0,0,0.0,0,0.0,0,0.0,0,0.0,4.0,4.0,4.0,0.025,0.0250000000000014,0.025,0.0237260981043466
dynamic,model_dynamic/summary_timeseries.csv,20,18.4,298,119200.0,1162.964520988883,14.079328365902317,1163 ± 14.08,1136.722878115169,1209.94843886716,1.677989580401508,0.8159630885355145,1.678 ± 0.816,0.0,3.9477016696535134,0.356711927022105,0.2063728637547405,0.3567 ± 0.2064,0.0197040412191105,1.3253160574194636,260.11073825503354,67.84455549410899,260.1 ± 67.84,0.0,278.0,59.30888344937523,2.0463058939148864,59.31 ± 2.046,57.93432235717773,67.28700256347656,73.225560751991,0,3,0,4,0:279; 3:1; 4:18,18,0,0.0,model_dynamic,True,mckenzie2003,2.6496967401905547,2.833136320114136,0.0,2.833136320114136,3.175854444503784,2.601107382550336,2.78,2.78,1.0190567319665795,1.019113784213718,18,0.0,0,0.0,0,0.0,0,0.0,0,0.0,0,0.0,277,783.2365398406982,2,6.328860998153687,0,0.0,0,0.0,1,0.0442277379333972,0,0.0,0,0.0,0,0.0,4.0,4.0,4.0,0.0249999999999994,0.0249999999999994,0.025,0.0234630897656386
dynamic,model_dynamic/summary_timeseries.csv,20,18.3,298,119200.0,1162.9657136565747,14.074490452481871,1163 ± 14.07,1136.7353578500151,1209.910419286318,1.6754270126577495,0.8308046542692521,1.675 ± 0.8308,0.0,3.997609852022062,0.3562017051080757,0.2057803106374067,0.3562 ± 0.2058,0.0189043538413619,1.3202583914535224,255.0,66.89784860255976,255 ± 66.9,0.0,273.0,57.69665394213376,1.955584899699966,57.7 ± 1.956,56.37739562988281,65.14232635498047,73.17506143630294,0,2,0,4,0:279; 4:19,19,0,0.0,model_dynamic,True,mckenzie2003,2.6189951300621037,2.7988646030426025,0.0,2.810288667678833,3.175854444503784,2.5499999999999994,2.73,2.73,1.0273081577594638,1.0252251293196346,19,0.0,0,0.0,0,0.0,0,0.0,0,0.0,0,0.0,276,772.8979024887085,3,7.562646269798279,0,0.0,0,0.0,0,0.0,0,0.0,0,0.0,0,0.0,4.0,4.0,4.0,0.025,0.0250000000000014,0.025,0.023975929606848
dynamic,model_dynamic/summary_timeseries.csv,20,18.2,298,119200.0,1162.9668971819478,14.069929140273926,1163 ± 14.07,1136.747742298123,1209.8745260772837,1.6727783479909668,0.8452865736518415,1.673 ± 0.8453,0.0,4.044803075291009,0.3557200614323098,0.2052165539074781,0.3557 ± 0.2052,0.0181727034724362,1.3154356606686166,280.48993288590606,77.20808782004455,280.5 ± 77.21,0.0,302.0,64.41998129723056,2.5848862737346137,64.42 ± 2.585,62.82265090942383,73.95361328125,73.1267837791604,2,4,1,4,1:3; 2:274; 3:1; 4:20,20,0,0.0,model_dynamic,True,mckenzie2003,2.7166303048822904,2.924527883529663,0.0,2.924527883529663,3.278670072555542,2.80489932885906,3.02,3.02,0.9690400629241804,0.9683867164005509,20,0.0,0,0.0,0,0.0,0,0.0,0,0.0,0,0.0,276,806.2329330444336,1,3.278670072555542,0,0.0,0,0.0,1,0.0442277379333972,0,0.0,0,0.0,0,0.0,5.0,5.0,5.0,0.0124999999999997,0.0249999999999994,0.025,0.0213878478073774
dynamic,model_dynamic/summary_timeseries.csv,20,18.1,298,119200.0,1162.9688408322045,14.064787309181732,1163 ± 14.06,1136.7606651127712,1209.8373841025098,1.6717941857781238,0.8596758360865778,1.672 ± 0.8597,0.0,4.103505721060521,0.3551523943133256,0.2045835815810133,0.3552 ± 0.2046,0.0174054450131908,1.3101483353424692,311.8456375838926,85.80774709101212,311.8 ± 85.81,0.0,336.0,69.60290496621356,3.0405022575766463,69.6 ± 3.041,67.48441314697266,80.7918701171875,73.07671898973854,1,3,1,4,1:277; 3:2; 4:19,19,0,0.0,model_dynamic,True,mckenzie2003,2.782136855971993,2.9930715560913086,0.0,3.0159194469451904,3.4043333530426025,3.118456375838926,3.36,3.36,0.8937860650705723,0.8907951059795561,19,0.0,0,0.0,0,0.0,0,0.0,0,0.0,0,0.0,273,815.5206065177917,4,13.434550285339355,0,0.0,0,0.0,2,0.1216262765228748,0,0.0,0,0.0,0,0.0,4.0,4.0,4.0,0.025,0.0250000000000014,0.025,0.0243025683542156
dynamic,model_dynamic/summary_timeseries.csv,20,18.0,298,119200.0,1162.9713572281662,14.059227555621726,1163 ± 14.06,1136.774027561664,1209.8001383799317,1.672262817200542,0.8736979416633875,1.672 ± 0.8737,0.0,4.173157289906477,0.354534175740917,0.2039051851614043,0.3545 ± 0.2039,0.0166219461778353,1.304570564011647,280.2718120805369,68.43418881472759,280.3 ± 68.43,0.0,300.0,63.87581693406073,2.3034233279726704,63.88 ± 2.303,62.424415588378906,73.06453704833984,73.02611081826763,2,3,1,4,1:11; 2:272; 4:15,15,0,0.0,model_dynamic,True,mckenzie2003,2.725644026426661,2.901679992675781,0.9516139447689071,2.901679992675781,3.278670072555542,2.8027181208053698,2.99,2.99,0.9725976269314754,0.9704615360119668,15,0.0,0,0.0,0,0.0,0,0.0,0,0.0,0,0.0,273,791.7359523773193,10,20.505967497825623,0,0.0,0,0.0,0,0.0,0,0.0,0,0.0,0,0.0,7.0,7.0,7.0,0.0125,0.025,0.025,0.0212341838317751
dynamic,model_dynamic/summary_timeseries.csv,20,17.9,298,119200.0,1162.9728419449452,14.05499543838542,1163 ± 14.05,1136.7869839473078,1209.7654374754784,1.6707851513051457,0.8884627550079498,1.671 ± 0.8885,0.0,4.230329496079979,0.3540152288408775,0.2032963665473699,0.354 ± 0.2033,0.0153357175578736,1.2994936605518832,251.35906040268455,69.23194602779131,251.4 ± 69.23,0.0,271.0,55.80127725025152,1.986501645821691,55.8 ± 1.987,54.41249847412109,63.029563903808594,72.97845352817058,0,3,0,4,0:277; 3:6; 4:15,15,0,0.0,model_dynamic,True,mckenzie2003,2.5789905673005435,2.7760167121887207,0.0563903611153365,2.7760167121887207,3.175854444503784,2.513590604026846,2.71,2.71,1.040061516510378,1.024360410401742,15,0.0,0,0.0,0,0.0,0,0.0,0,0.0,0,0.0,272,753.8313505649567,5,14.17710566520691,0,0.0,0,0.0,6,0.5307328253984451,0,0.0,0,0.0,0,0.0,6.0,6.0,6.0,0.0124999999999997,0.0249999999999994,0.025,0.024205731161337
dynamic,model_dynamic/summary_timeseries.csv,20,17.8,298,119200.0,1162.973705047454,14.051528779141004,1163 ± 14.05,1136.7993343404958,1209.7338646820565,1.6678924258767704,0.9020608869236348,1.668 ± 0.9021,0.0,4.273913935872483,0.3536071874528355,0.2027910265310127,0.3536 ± 0.2028,0.014187655464286,1.2951375548746364,245.58053691275168,69.34527383851454,245.6 ± 69.35,0.0,266.0,57.90085430273274,2.119617892960397,57.9 ± 2.12,56.1883659362793,65.50069427490234,72.9345303415605,0,3,0,4,0:276; 3:1; 4:21,21,0,0.0,model_dynamic,True,mckenzie2003,2.573215278878108,2.7760167121887207,0.0,2.7760167121887207,3.1530065536499023,2.4558053691275163,2.65,2.66,1.0502007575439132,1.0436153053341055,21,0.0,0,0.0,0,0.0,0,0.0,0,0.0,0,0.0,272,754.5624709129333,4,12.189340591430664,0,0.0,0,0.0,1,0.0663416013121604,0,0.0,0,0.0,0,0.0,5.0,5.0,5.0,0.0125,0.025,0.025,0.0238654746477825
dynamic,model_dynamic/summary_timeseries.csv,20,17.7,298,119200.0,1162.9750569258429,14.04791321338071,1163 ± 14.05,1136.8118698860333,1209.7025345508605,1.6657899958551443,0.9156579539164712,1.666 ± 0.9157,0.0,4.320259351367392,0.3531772574751762,0.2022651777275242,0.3532 ± 0.2023,0.0130733403973359,1.2902036255440088,250.54026845637583,72.52049043417892,250.5 ± 72.52,0.0,272.0,54.582182263367926,2.09774605481078,54.58 ± 2.098,53.0090446472168,61.88998031616211,72.89066466482723,0,3,0,4,0:275; 3:1; 4:22,22,0,0.0,model_dynamic,True,mckenzie2003,2.57071486325472,2.7760167121887207,0.0,2.7988646030426025,3.175854444503784,2.5054026845637583,2.72,2.72,1.0290993504335737,1.0205943794811472,22,0.0,0,0.0,0,0.0,0,0.0,0,0.0,0,0.0,271,754.5167760848999,4,11.41251301765442,0,0.0,0,0.0,1,0.1437401473522186,0,0.0,0,0.0,0,0.0,7.0,8.0,8.0,0.0124999999999997,0.0249999999999994,0.025,0.0245219836246106
dynamic,model_dynamic/summary_timeseries.csv,20,17.6,298,119200.0,1162.9761402603997,14.044832654873604,1163 ± 14.04,1136.8241745417524,1209.6734284389604,1.6631829926637065,0.9288066142379324,1.663 ± 0.9288,0.0,4.362167476853084,0.3528005582855605,0.201784186958159,0.3528 ± 0.2018,0.0120829617522712,1.2854028036142826,250.53691275167785,74.31693633829714,250.5 ± 74.32,0.0,273.0,55.411475687219,1.9903367929411204,55.41 ± 1.99,53.93829727172852,62.15884017944336,72.84925389720797,0,3,0,4,0:274; 3:1; 4:23,23,0,0.0,model_dynamic,True,mckenzie2003,2.5592179725934194,2.7760167121887207,0.0,2.7988646030426025,3.187278509140014,2.5053691275167784,2.73,2.73,1.0246712720597972,1.016855938530667,23,0.0,0,0.0,0,0.0,0,0.0,0,0.0,0,0.0,270,751.0553295612335,4,11.481056928634644,0,0.0,0,0.0,1,0.110569342970848,0,0.0,0,0.0,0,0.0,6.0,6.0,6.0,0.0125,0.025,0.025,0.0243936645388326
dynamic,model_dynamic/summary_timeseries.csv,20,17.5,298,119200.0,1162.9771693109838,14.04178556589721,1163 ± 14.04,1136.8365640478848,1209.6448572938164,1.6606609297163093,0.9418127292899424,1.661 ± 0.9418,0.0,4.409234469552556,0.3523965867750514,0.2013097904642941,0.3524 ± 0.2013,0.0110915046496709,1.2806005305879165,247.9731543624161,75.06220653419098,248 ± 75.06,0.0,271.0,56.74641198279873,2.132411562242777,56.75 ± 2.132,55.17792510986328,63.84993362426758,72.80829324593151,0,3,0,4,0:273; 3:1; 4:24,24,0,0.0,model_dynamic,True,mckenzie2003,2.523872827073472,2.7417449951171875,0.0,2.7645928859710693,3.1530065536499023,2.4797315436241614,2.71,2.71,1.0209567653374862,1.0117140203384456,24,0.0,0,0.0,0,0.0,0,0.0,0,0.0,0,0.0,270,743.2870690822601,3,8.716464042663574,0,0.0,0,0.0,1,0.110569342970848,0,0.0,0,0.0,0,0.0,6.0,6.0,6.0,0.0125,0.025,0.025,0.023477388064213
dynamic,model_dynamic/summary_timeseries.csv,20,17.4,298,119200.0,1162.9781732618312,14.038970303669768,1163 ± 14.04,1136.8490773213675,1209.616759247069,1.6583523302133083,0.9548093588964366,1.658 ± 0.9548,0.0,4.4705305794005,0.351984782065912,0.2008248787044922,0.352 ± 0.2008,0.0100752462773678,1.2757780875290228,247.7046979865772,76.66999827603391,247.7 ± 76.67,0.0,272.0,56.19777717846352,2.13026576417724,56.2 ± 2.13,54.63411331176758,63.19436264038086,72.76768192570148,0,3,0,4,0:272; 3:1; 4:25,25,0,0.0,model_dynamic,True,mckenzie2003,2.540134331986508,2.7760167121887207,0.0,2.7988646030426025,3.175854444503784,2.477046979865772,2.72,2.72,1.0272536089683468,1.024360410401742,25,0.0,0,0.0,0,0.0,0,0.0,0,0.0,0,0.0,270,751.4665851593018,2,5.449218034744263,0,0.0,0,0.0,1,0.0442277379333972,0,0.0,0,0.0,0,0.0,5.0,5.0,5.0,0.0124999999999997,0.0249999999999994,0.025,0.0234941119554754
dynamic,model_dynamic/summary_timeseries.csv,20,17.3,298,119200.0,1162.979364604935,14.036348122129736,1163 ± 14.04,1136.8615748880975,1209.589543150486,1.6562562431601502,0.9674949014513898,1.656 ± 0.9675,0.0,4.531068533642657,0.3515846587405232,0.2003495862215265,0.3516 ± 0.2003,0.0090815314325825,1.27104068852574,244.93959731543623,76.20655683427661,244.9 ± 76.21,0.0,269.0,57.73530757827247,2.0881693690106498,57.74 ± 2.088,55.90015411376953,64.39260864257812,72.72796826238823,0,2,0,4,0:272; 4:26,26,0,0.0,model_dynamic,True,mckenzie2003,2.527603657053621,2.7645928859710693,0.0,2.7988646030426025,3.1530065536499023,2.449395973154363,2.69,2.69,1.031944753939295,1.0277296973870147,26,0.0,0,0.0,0,0.0,0,0.0,0,0.0,0,0.0,270,748.8276741504669,2,4.398215651512146,0,0.0,0,0.0,0,0.0,0,0.0,0,0.0,0,0.0,6.0,7.0,7.0,0.0125,0.025,0.025,0.0229410919384926
dynamic,model_dynamic/summary_timeseries.csv,20,17.2,298,119200.0,1162.9807773860814,14.033631466564843,1163 ± 14.03,1136.8742146091192,1209.5625758661863,1.6545980117548078,0.9800646230747356,1.655 ± 0.9801,0.0,4.592902869520535,0.3511770337920843,0.1998604614755039,0.3512 ± 0.1999,0.0080677789810116,1.2662609237768612,250.74496644295303,79.13874948022729,250.7 ± 79.14,0.0,276.0,55.43087785195984,2.1190041121046868,55.43 ± 2.119,53.86979675292969,62.21635437011719,72.68836125706707,0,3,0,4,0:271; 3:1; 4:26,26,0,0.0,model_dynamic,True,mckenzie2003,2.5321148733464662,2.7760167121887207,0.0,2.7988646030426025,3.2101263999938965,2.5074496644295308,2.76,2.76,1.0130239684879183,1.0058031565901162,26,0.0,0,0.0,0,0.0,0,0.0,0,0.0,0,0.0,268,745.4233283996582,3,9.03633451461792,0,0.0,0,0.0,1,0.110569342970848,0,0.0,0,0.0,0,0.0,6.0,6.0,6.0,0.0124999999999997,0.0249999999999994,0.025,0.024241523947866
dynamic,model_dynamic/summary_timeseries.csv,20,17.1,298,119200.0,1162.9819330330986,14.031318292916817,1163 ± 14.03,1136.886697379921,1209.5373322457344,1.6525068261098776,0.9924856970876288,1.653 ± 0.9925,0.0,4.65217521514432,0.3508071454495368,0.199399096104536,0.3508 ± 0.1994,0.0071105527551154,1.2616752906954485,252.13422818791943,79.6391322075192,252.1 ± 79.64,0.0,278.0,57.893803090857176,2.08060982126068,57.89 ± 2.081,56.36588287353516,64.60591888427734,72.65063486581334,0,3,0,4,0:271; 3:1; 4:26,26,0,0.0,model_dynamic,True,mckenzie2003,2.557267769746132,2.833136320114136,0.0,2.833136320114136,3.2101263999938965,2.521342281879195,2.78,2.78,1.0167928243185758,1.019113784213718,26,0.0,0,0.0,0,0.0,0,0.0,0,0.0,0,0.0,268,753.1573262214661,3,8.842127561569214,0,0.0,0,0.0,1,0.0663416013121604,0,0.0,0,0.0,0,0.0,6.0,6.0,6.0,0.0125,0.025,0.025,0.0237666936747299
dynamic,model_dynamic/summary_timeseries.csv,20,17.0,298,119200.0,1162.9834707866262,14.02883215268407,1163 ± 14.03,1136.8994012582543,1209.5125209184823,1.6511226433144512,1.0050382235487347,1.651 ± 1.005,0.0,4.713742613273381,0.3504147299550214,0.1989178880772728,0.3504 ± 0.1989,0.0061143909296643,1.2569824557266769,262.2852348993289,82.8943039111734,262.3 ± 82.89,0.0,289.0,61.16283862222761,2.1731409366522376,61.16 ± 2.173,59.5312614440918,68.1806640625,72.613119660228,0,3,0,4,0:271; 3:1; 4:26,26,0,0.0,model_dynamic,True,mckenzie2003,2.6117831657221853,2.89025616645813,0.0,2.89025616645813,3.2443981170654297,2.6228523489932885,2.89,2.89,0.9963476759660904,1.0000886389128476,26,0.0,0,0.0,0,0.0,0,0.0,0,0.0,0,0.0,268,769.5506916046143,3,8.716464042663574,0,0.0,0,0.0,1,0.0442277379333972,0,0.0,0,0.0,0,0.0,7.0,7.0,7.0,0.0125,0.025,0.025,0.0228711051142841
dynamic,model_dynamic/summary_timeseries.csv,20,16.9,298,119200.0,1162.9854190994656,14.026079164972556,1163 ± 14.03,1136.912396219566,1209.488019927806,1.650627202378899,1.0177014746037412,1.651 ± 1.018,0.0,4.778446247826837,0.3499926023824247,0.1984114234013555,0.35 ± 0.1984,0.0050602540592865,1.252147208653689,259.6476510067114,81.97982243472194,259.6 ± 81.98,0.0,286.0,61.06395713754949,2.104022629633934,61.06 ± 2.104,59.37617874145508,67.81876373291016,72.57562370823985,0,3,0,4,0:271; 3:2; 4:25,25,0,0.0,model_dynamic,True,mckenzie2003,2.606171424981932,2.867408275604248,0.0,2.867408275604248,3.2443981170654297,2.596476510067114,2.86,2.86,1.0082130686940145,1.0025903061553316,25,0.0,0,0.0,0,0.0,0,0.0,0,0.0,0,0.0,268,767.7000138759613,3,8.762159824371338,0,0.0,0,0.0,2,0.1769109442830085,0,0.0,0,0.0,0,0.0,7.0,8.0,8.0,0.0124999999999997,0.0249999999999994,0.025,0.023069550738805
dynamic,model_dynamic/summary_timeseries.csv,20,16.8,298,119200.0,1162.987445857642,14.02334615954778,1163 ± 14.02,1136.9254175880385,1209.4636146848047,1.6502429020885516,1.0302234392661251,1.65 ± 1.03,0.0,4.842726879208051,0.3495777796325308,0.1979112087074878,0.3496 ± 0.1979,0.004036004943412,1.2473610316114363,257.93288590604027,80.43056653170574,257.9 ± 80.43,0.0,284.0,59.22598610948396,2.049304543621447,59.23 ± 2.049,57.51093673706055,65.81560516357422,72.53819709676645,0,3,0,4,0:272; 3:2; 4:24,24,0,0.0,model_dynamic,True,mckenzie2003,2.601567479763055,2.867408275604248,0.0,2.867408275604248,3.2443981170654297,2.579328859060403,2.84,2.84,1.0153897361933482,1.0096508012691014,24,0.0,0,0.0,0,0.0,0,0.0,0,0.0,0,0.0,266,759.9431583881378,6,15.113868832588196,0,0.0,0,0.0,2,0.2100817486643791,0,0.0,0,0.0,0,0.0,7.0,7.0,7.0,0.0125,0.025,0.025,0.024260868267111
dynamic,model_dynamic/summary_timeseries.csv,20,16.7,298,119200.0,1162.989283532631,14.020895135293326,1163 ± 14.02,1136.9383178579772,1209.439681223187,1.649474433566195,1.0425939557681485,1.649 ± 1.043,0.0,4.904905006163069,0.3491921297329791,0.1974363546949449,0.3492 ± 0.1974,0.0030861042024687,1.242718137294775,266.93959731543623,84.68419249717297,266.9 ± 84.68,0.0,295.0,58.84143035683856,2.0874549904906354,58.84 ± 2.087,57.24044418334961,65.47730255126953,72.50136336520995,0,3,0,4,0:271; 3:3; 4:24,24,0,0.0,model_dynamic,True,mckenzie2003,2.6003284239328948,2.867408275604248,0.0,2.901679992675781,3.25582218170166,2.6693959731543626,2.95,2.95,0.9811637237970958,0.9720028052895756,24,0.0,0,0.0,0,0.0,0,0.0,0,0.0,0,0.0,265,758.7207944393158,6,15.856424808502195,0,0.0,0,0.0,3,0.3206510841846466,0,0.0,0,0.0,0,0.0,8.0,9.0,9.0,0.0124999999999997,0.0124999999999997,0.025,0.0142638755617026
dynamic,model_dynamic/summary_timeseries.csv,20,16.6,298,119200.0,1162.9910241707798,14.018712727217755,1163 ± 14.02,1136.9512088436722,1209.4161994220722,1.6486501819137651,1.0549119869896548,1.649 ± 1.055,0.0,4.966556347044748,0.3488214017372065,0.1969689056466054,0.3488 ± 0.197,0.0022134565645559,1.238136531492355,267.79194630872485,84.53090258707189,267.8 ± 84.53,0.0,296.0,60.72449324435036,2.1566641037148355,60.72 ± 2.157,59.02142333984375,67.46451568603516,72.46499057839992,0,3,0,4,0:272; 3:1; 4:25,25,0,0.0,model_dynamic,True,mckenzie2003,2.589119564716848,2.844560384750366,0.0,2.87083545923233,3.25582218170166,2.6779194630872487,2.96,2.96,0.970242029188046,0.9610001299832318,25,0.0,0,0.0,0,0.0,0,0.0,0,0.0,0,0.0,264,753.0316741466522,8,18.41538679599762,0,0.0,0,0.0,1,0.110569342970848,0,0.0,0,0.0,0,0.0,7.0,8.0,8.0,0.0125,0.025,0.025,0.0238151060777437
dynamic,model_dynamic/summary_timeseries.csv,20,16.5,298,119200.0,1162.9927808200264,14.01653100889914,1163 ± 14.02,1136.96427695948,1209.3927817318088,1.6481667350141591,1.0669663144027883,1.648 ± 1.067,0.0,5.029738986769796,0.3484555454723145,0.1964851784315408,0.3485 ± 0.1965,0.0015140830098993,1.2334967092797482,267.4496644295302,83.63470717862192,267.4 ± 83.63,0.0,296.0,59.8439671561222,2.181663317140042,59.84 ± 2.182,58.117774963378906,66.54609680175781,72.42850477232878,0,2,0,4,0:273; 4:25,25,0,0.0,model_dynamic,True,mckenzie2003,2.586716731122676,2.844560384750366,0.0,2.867408275604248,3.221550226211548,2.674496644295302,2.95,2.96,0.9673266975350956,0.9610001299832318,25,0.0,0,0.0,0,0.0,0,0.0,0,0.0,0,0.0,264,752.3348078727722,9,18.50677800178528,0,0.0,0,0.0,0,0.0,0,0.0,0,0.0,0,0.0,8.0,9.0,9.0,0.0125,0.0125000000000014,0.025,0.016556248131461
dynamic,model_dynamic/summary_timeseries.csv,20,16.4,298,119200.0,1162.9945314574964,14.014456739694138,1163 ± 14.01,1136.977298720557,1209.3695318797186,1.6476248022062008,1.0788244946120362,1.648 ± 1.079,0.0,5.091795531752791,0.3481099839979398,0.1960180665581731,0.3481 ± 0.196,0.0013589246748298,1.2289437606934148,271.741610738255,86.2459240166517,271.7 ± 86.25,0.0,301.0,63.04117607270311,2.275532409458076,63.04 ± 2.276,61.32963943481445,70.07056427001953,72.3922331591616,0,3,0,4,0:272; 3:1; 4:25,25,0,0.0,model_dynamic,True,mckenzie2003,2.6457000400296,2.924527883529663,0.0,2.924527883529663,3.312941789627075,2.717416107382551,3.01,3.01,0.9769933680545508,0.9716039480164992,25,0.0,0,0.0,0,0.0,0,0.0,0,0.0,0,0.0,263,768.3397340774536,9,19.94619464874268,0,0.0,0,0.0,1,0.1326832026243209,0,0.0,0,0.0,0,0.0,8.0,9.0,9.0,0.0124999999999997,0.0124999999999997,0.025,0.0158579867955733
dynamic,model_dynamic/summary_timeseries.csv,20,16.3,298,119200.0,1162.99668665648,14.011924834747909,1163 ± 14.01,1136.990618922135,1209.346112731555,1.6480100464277994,1.0905107232141946,1.648 ± 1.091,0.0,5.156844067930771,0.347730684027445,0.1955317428460769,0.3477 ± 0.1955,0.0019485568321383,1.2242571328904834,279.2986577181208,86.18970841767857,279.3 ± 86.19,0.0,308.0,62.05543524466905,2.269899559493899,62.06 ± 2.27,60.28366088867188,69.36958312988281,72.35549380942007,0,3,0,4,0:273; 3:2; 4:23,23,0,0.0,model_dynamic,True,mckenzie2003,2.679665268417573,2.9359519481658936,0.0,2.9587998390197754,3.335789680480957,2.792986577181208,3.08,3.08,0.9651080859562822,0.9532311520019134,23,0.0,0,0.0,0,0.0,0,0.0,0,0.0,0,0.0,261,766.9917392730713,12,31.41582751274109,0,0.0,0,0.0,2,0.1326832026243209,0,0.0,0,0.0,0,0.0,8.0,9.0,9.0,0.0125,0.0125000000000014,0.025,0.0160322994078194
dynamic,model_dynamic/summary_timeseries.csv,20,16.2,298,119200.0,1162.998739838128,14.009537813828828,1163 ± 14.01,1137.0038911532736,1209.3224289490497,1.648164136271412,1.1023111977457205,1.648 ± 1.102,0.0,5.220762267493144,0.3473702179142275,0.1950561438789566,0.3474 ± 0.1951,0.0028323506394344,1.219645190322458,295.86241610738256,91.17391300670587,295.9 ± 91.17,0.0,327.0,66.35354371038859,2.15251225307514,66.35 ± 2.153,64.46773529052734,73.31690979003906,72.31853779577614,0,3,0,4,0:273; 3:2; 4:23,23,0,0.0,model_dynamic,True,mckenzie2003,2.7505843666125864,3.0159194469451904,0.0,3.027343273162842,3.4043333530426025,2.958624161073826,3.26,3.27,0.9340462525313956,0.9251286647071136,23,0.0,0,0.0,0,0.0,0,0.0,0,0.0,0,0.0,261,787.1321153640747,12,32.3982857465744,0,0.0,0,0.0,2,0.143740139901638,0,0.0,0,0.0,0,0.0,8.0,9.0,9.0,0.0124999999999997,0.0124999999999997,0.025,0.0147609321263704
dynamic,model_dynamic/summary_timeseries.csv,20,16.1,298,119200.0,1163.0014278738608,14.006761628062105,1163 ± 14.01,1137.0175703798595,1209.2983719636636,1.649663699125011,1.1140214038573173,1.65 ± 1.114,0.0,5.288733837781927,0.3469679358004604,0.1945496926310259,0.347 ± 0.1945,0.0039223677301233,1.214857605123891,298.5738255033557,88.99217362163054,298.6 ± 88.99,0.0,328.0,66.51640068924667,2.128316595913029,66.52 ± 2.128,64.72135925292969,73.61505889892578,72.28080158380408,0,3,0,4,0:275; 3:2; 4:21,21,0,0.0,model_dynamic,True,mckenzie2003,2.7600952090207964,3.027343273162842,0.0,3.027343273162842,3.415757179260254,2.985738255033558,3.28,3.28,0.9272805467270424,0.9229705101106224,21,0.0,0,0.0,0,0.0,0,0.0,0,0.0,0,0.0,260,783.0766112804413,15,39.32119166851044,0,0.0,0,0.0,2,0.1105693392455577,0,0.0,0,0.0,0,0.0,8.0,9.0,9.0,0.0125,0.0125000000000014,0.025,0.014486057200203
dynamic,model_dynamic/summary_timeseries.csv,20,16.0,298,119200.0,1163.0040618354385,14.004124480092525,1163 ± 14,1137.031288739111,1209.2735583705155,1.651155850159402,1.12583178063457,1.651 ± 1.126,0.0,5.356684871187475,0.3465768687892932,0.1940489811913271,0.3466 ± 0.194,0.0050564676720671,1.21007948069036,296.8322147651007,89.11597169909184,296.8 ± 89.12,0.0,326.0,67.84796058091541,2.1374217740020307,67.85 ± 2.137,66.07637023925781,75.04060363769531,72.24226963140472,0,3,0,4,0:274; 3:3; 4:21,21,0,0.0,model_dynamic,True,mckenzie2003,2.7285354042038223,2.9702236652374268,0.0,2.9930715560913086,3.4043333530426025,2.968322147651007,3.26,3.26,0.9244659422104192,0.9111115537538118,21,0.0,0,0.0,0,0.0,0,0.0,0,0.0,0,0.0,261,776.6906445026398,13,36.21388113498688,0,0.0,0,0.0,3,0.1990248151123523,0,0.0,0,0.0,0,0.0,8.0,9.0,9.0,0.0124999999999999,0.0124999999999999,0.025,0.0139598943455907
dynamic,model_dynamic/summary_timeseries.csv,20,15.9,298,119200.0,1163.0070533314015,14.001319829954982,1163 ± 14,1137.045156725571,1209.248453811991,1.6532730645418598,1.1375198634674957,1.653 ± 1.138,0.0,5.425672458190737,0.3461750288542658,0.1935448799841531,0.3462 ± 0.1935,0.006246909331274,1.2052737280495955,298.6442953020134,87.78237839902327,298.6 ± 87.78,0.0,327.0,68.0373509042215,2.1450952107651484,68.04 ± 2.145,66.18814849853516,75.34506225585938,72.20329708642066,2,4,1,4,1:15; 2:260; 3:5; 4:18,18,0,0.0,model_dynamic,True,mckenzie2003,2.7547346250647866,2.9930715560913086,0.0,3.0159194469451904,3.4043333530426025,2.986442953020134,3.27,3.27,0.9319476137152662,0.9153124024744064,18,0.0,0,0.0,0,0.0,0,0.0,0,0.0,0,0.0,261,781.5343947410583,14,38.97847390174866,0,0.0,0,0.0,5,0.3980496264994144,0,0.0,0,0.0,0,0.0,8.0,9.0,9.0,0.0124999999999999,0.0124999999999999,0.025,0.013682753848033
dynamic,model_dynamic/summary_timeseries.csv,20,15.8,298,119200.0,1163.0099569309202,13.998692506530784,1163 ± 14,1137.059078656318,1209.2229977445986,1.6553442626927606,1.149446941011777,1.655 ± 1.149,0.0,5.494637810041862,0.3457826548354385,0.1930437617824531,0.3458 ± 0.193,0.0074520640336791,1.2004718038460982,301.6140939597315,85.78380466989196,301.6 ± 85.78,0.0,329.0,69.03809610149204,2.148044957441505,69.04 ± 2.148,66.62477111816406,76.51022338867188,72.16391908828064,2,4,1,4,1:17; 2:260; 3:2; 4:19,19,0,0.0,model_dynamic,True,mckenzie2003,2.752768272921543,2.9702236652374268,0.0,2.9930715560913086,3.415757179260254,3.016140939597315,3.29,3.29,0.9171145470154044,0.9028035456648712,19,0.0,0,0.0,0,0.0,0,0.0,0,0.0,0,0.0,261,777.6388304233551,16,42.53131783008576,0,0.0,0,0.0,2,0.154797077178955,0,0.0,0,0.0,0,0.0,8.0,9.0,9.0,0.0125,0.0125000000000014,0.025,0.0132506537618067
dynamic,model_dynamic/summary_timeseries.csv,20,15.7,298,119200.0,1163.0130286269518,13.99602339024216,1163 ± 14,1137.0731196398174,1209.1973710161187,1.657794499558677,1.1613097196798376,1.658 ± 1.161,0.0,5.564348696840874,0.3453856410151065,0.1925393644790212,0.3454 ± 0.1925,0.0086936904413785,1.1956468016735309,299.6073825503356,84.21259976346039,299.6 ± 84.21,0.0,327.0,67.82949859823957,2.177609988733185,67.83 ± 2.178,65.65045928955078,75.5079345703125,72.12425137630134,2,4,1,4,1:18; 2:259; 3:5; 4:16,16,0,0.0,model_dynamic,True,mckenzie2003,2.765046808668631,2.9702236652374268,0.0,3.027343273162842,3.4043333530426025,2.9960738255033563,3.26,3.27,0.9308299800981372,0.9111115537538118,16,0.0,0,0.0,0,0.0,0,0.0,0,0.0,0,0.0,261,779.0211203098297,16,44.56477904319763,0,0.0,0,0.0,5,0.3980496302247047,0,0.0,0,0.0,0,0.0,8.0,9.0,9.0,0.0124999999999999,0.0124999999999999,0.025,0.0132601512211053
dynamic,model_dynamic/summary_timeseries.csv,20,15.6,298,119200.0,1163.015912696007,13.993509533231345,1163 ± 13.99,1137.0870891602071,1209.171574550491,1.659842394508352,1.173397318190399,1.66 ± 1.173,0.0,5.632627292686404,0.3450065759348457,0.1920515342429685,0.345 ± 0.1921,0.0099037805819794,1.1908734505235918,302.68791946308727,82.96655703115715,302.7 ± 82.97,0.0,329.0,73.88895226805002,2.233120543003696,73.89 ± 2.233,71.61837768554688,81.86506652832031,72.08448539028382,2,4,1,4,1:20; 2:259; 3:1; 4:18,18,0,0.0,model_dynamic,True,mckenzie2003,2.7869374072616733,2.9930715560913086,0.0,3.0159194469451904,3.4043333530426025,3.026879194630872,3.29,3.29,0.922342468364352,0.9166928410167752,18,0.0,0,0.0,0,0.0,0,0.0,0,0.0,0,0.0,260,780.9175038337708,19,49.54561579227448,0,0.0,0,0.0,1,0.0442277379333972,0,0.0,0,0.0,0,0.0,8.0,9.0,9.0,0.0124999999999999,0.0124999999999999,0.025,0.0130503771755042
dynamic,model_dynamic/summary_timeseries.csv,20,15.5,298,119200.0,1163.0197232595035,13.990657704648576,1163 ± 13.99,1137.1016286267266,1209.1459159253675,1.6641278203591208,1.1846766134922349,1.664 ± 1.185,0.0,5.706490791218853,0.3445730161042201,0.191521557532939,0.3446 ± 0.1915,0.0112335450253873,1.1859105995306178,309.8288590604027,80.32894352071757,309.8 ± 80.33,0.0,334.0,72.82918704756155,2.1312994408159907,72.83 ± 2.131,70.38153076171875,81.03343963623047,72.04428729864094,2,4,1,4,1:21; 2:259; 3:5; 4:13,13,0,0.0,model_dynamic,True,mckenzie2003,2.8100191383378816,2.9930715560913086,0.0773985385894775,3.0159194469451904,3.415757179260254,3.0982885906040267,3.34,3.34,0.914353436190468,0.8961292084105714,13,0.0,0,0.0,0,0.0,0,0.0,0,0.0,0,0.0,260,778.2214524745941,20,58.81042885780335,0,0.0,0,0.0,5,0.3538218922913074,0,0.0,0,0.0,0,0.0,6.0,6.0,6.0,0.0124999999999999,0.0249999999999999,0.025,0.0246059596608288
dynamic,model_dynamic/summary_timeseries.csv,20,15.4,298,119200.0,1163.0231628850936,13.98803264742205,1163 ± 13.99,1137.1161199329244,1209.1196179442657,1.6677097181524458,1.1966702271142242,1.668 ± 1.197,0.0,5.779231070056152,0.3441567637411684,0.1910016007441888,0.3442 ± 0.191,0.0125520761998537,1.1809607205030643,312.5402684563758,79.48791678842875,312.5 ± 79.49,0.0,337.0,75.59723737575864,2.1879462239576544,75.6 ± 2.188,73.36956787109375,84.1152572631836,72.00349801134121,2,4,1,4,1:22; 2:259; 3:3; 4:14,14,0,0.0,model_dynamic,True,mckenzie2003,2.824361478722336,2.9930715560913086,0.099512405693531,3.050191164016724,3.438605070114136,3.1254026845637584,3.36,3.37,0.9100963200918788,0.8907951059795561,14,0.0,0,0.0,0,0.0,0,0.0,0,0.0,0,0.0,260,780.5633573532104,21,60.78676915168762,0,0.0,0,0.0,3,0.3095941543579101,0,0.0,0,0.0,0,0.0,8.0,9.0,9.0,0.0124999999999999,0.0124999999999999,0.025,0.0131427681559809
dynamic,model_dynamic/summary_timeseries.csv,20,15.3,298,119200.0,1163.027191286139,13.98516148009574,1163 ± 13.99,1137.1309013984985,1209.0933537442036,1.6725515071359678,1.208030235743256,1.673 ± 1.208,0.0,5.85430603978828,0.343715868918539,0.1904661585806916,0.3437 ± 0.1905,0.0139099087344781,1.1759301391933348,320.53691275167785,74.4401046100925,320.5 ± 74.44,0.0,342.0,78.4520004067645,2.0801692022514184,78.45 ± 2.08,76.02115631103516,87.18826293945312,71.96245234570506,2,4,1,4,1:25; 2:259; 3:7; 4:7,7,0,0.0,model_dynamic,True,mckenzie2003,2.869840898632303,3.0159194469451904,1.448555225133896,3.050191164016724,3.4614529609680176,3.2053691275167795,3.42,3.42,0.9053094535476156,0.8851880915680824,7,0.0,0,0.0,0,0.0,0,0.0,0,0.0,0,0.0,260,785.5670349597931,24,69.11482000350952,0,0.0,0,0.0,7,0.5307328291237354,0,0.0,0,0.0,0,0.0,8.0,9.0,9.0,0.0125,0.0125000000000014,0.025,0.0136089736916001
dynamic,model_dynamic/summary_timeseries.csv,20,15.2,298,119200.0,1163.0318051512504,13.98205579617159,1163 ± 13.98,1137.145990528709,1209.0669367229095,1.6785955026219528,1.218895150654724,1.679 ± 1.219,0.0,5.931952768635425,0.3432494340178614,0.1899128740897486,0.3432 ± 0.1899,0.0153079269157133,1.1708094619751488,330.744966442953,59.57750063611139,330.7 ± 59.58,0.0,348.0,77.11991938648607,1.7481403996289293,77.12 ± 1.748,74.79598999023438,85.99893188476562,71.9209461942005,1,3,1,4,1:291; 3:3; 4:4,4,0,0.0,model_dynamic,True,mckenzie2003,2.956437904712738,3.061615228652954,2.1745463609695435,3.084463119506836,3.472877025604248,3.3074496644295306,3.47,3.48,0.8997530843128146,0.8823098641651164,4,0.0,0,0.0,0,0.0,0,0.0,0,0.0,0,0.0,261,798.5903367996216,30,82.21807706356049,0,0.0,0,0.0,3,0.2100817412137985,0,0.0,0,0.0,0,0.0,8.0,9.0,9.0,0.0124999999999999,0.0124999999999999,0.025,0.0137344986144085
dynamic,model_dynamic/summary_timeseries.csv,20,15.1,298,119200.0,1163.0356815000275,13.979401146310073,1163 ± 13.98,1137.161022077781,1209.039529078733,1.683337899787877,1.2310528119580273,1.683 ± 1.231,0.0,6.008273222618895,0.3428114141551217,0.1893703968649611,0.3428 ± 0.1894,0.016683903473107,1.1656832654967846,336.43624161073825,60.81574351843455,336.4 ± 60.82,0.0,354.0,76.5996104246818,1.7415793380862172,76.6 ± 1.742,74.23929595947266,85.2586669921875,71.87850700095214,1,3,1,4,1:291; 3:3; 4:4,4,0,0.0,model_dynamic,True,mckenzie2003,2.991550607544264,3.118734836578369,1.9626324117183689,3.118734836578369,3.495724678039551,3.364362416107382,3.53,3.54,0.8946745116120491,0.8834942879825408,4,0.0,0,0.0,0,0.0,0,0.0,0,0.0,0,0.0,262,812.7331647872925,29,78.51672065258026,0,0.0,0,0.0,3,0.232195608317852,0,0.0,0,0.0,0,0.0,8.0,9.0,9.0,0.0124999999999999,0.0124999999999999,0.025,0.0138377492252083
dynamic,model_dynamic/summary_timeseries.csv,20,15.0,298,119200.0,1163.039409241539,13.976837599920302,1163 ± 13.98,1137.1760459920092,1209.0114397850018,1.6878051007426895,1.2434570167593066,1.688 ± 1.243,0.0,6.08385655859375,0.3423851494233014,0.1888360406524763,0.3424 ± 0.1888,0.018050151433156,1.1605458514896585,333.7986577181208,61.50822282189876,333.8 ± 61.51,0.0,351.0,74.70123370381809,1.88887573339268,74.7 ± 1.889,72.26512145996094,84.0738525390625,71.83539379299259,1,3,1,4,1:291; 3:3; 4:4,4,0,0.0,model_dynamic,True,mckenzie2003,2.954714071893152,3.061615228652954,1.869527357816696,3.0958869457244877,3.472877025604248,3.337986577181208,3.51,3.51,0.8894301034709139,0.878764421511919,4,0.0,0,0.0,0,0.0,0,0.0,0,0.0,0,0.0,263,807.3068089485168,28,72.99895966053009,0,0.0,0,0.0,3,0.1990248151123523,0,0.0,0,0.0,0,0.0,8.0,9.0,9.0,0.0124999999999999,0.0124999999999999,0.025,0.0139064869894944
dynamic,model_dynamic/summary_timeseries.csv,20,14.9,298,119200.0,1163.0426235842758,13.974571204566804,1163 ± 13.97,1137.1909265694956,1208.9829420913009,1.691361741185365,1.2562649554285985,1.691 ± 1.256,0.0,6.157286766152751,0.3419872216097609,0.1883175851234504,0.342 ± 0.1883,0.0193865196544949,1.155463360653559,334.63758389261744,67.90495872663335,334.6 ± 67.9,0.0,354.0,71.85662980047648,2.0259893988788487,71.86 ± 2.026,69.6802978515625,81.13541412353516,71.7920155218053,1,3,1,4,1:289; 3:4; 4:5,5,0,0.0,model_dynamic,True,mckenzie2003,2.96811782604946,3.118734836578369,1.7204449057579043,3.118734836578369,3.495724678039551,3.3463758389261744,3.54,3.54,0.892065973494245,0.880998541406319,5,0.0,0,0.0,0,0.0,0,0.0,0,0.0,0,0.0,264,820.6042513847351,25,63.574209690094,0,0.0,0,0.0,4,0.3206510879099369,0,0.0,0,0.0,0,0.0,8.0,9.0,9.0,0.0124999999999999,0.0124999999999999,0.025,0.0131552412534759
dynamic,model_dynamic/summary_timeseries.csv,20,14.8,298,119200.0,1163.045289339109,13.97258354419403,1163 ± 13.97,1137.2055787494862,1208.954259595181,1.6938309942768934,1.2694463002899803,1.694 ± 1.269,0.0,6.227697583635453,0.3416220289039133,0.1878240203196438,0.3416 ± 0.1878,0.0206796788233094,1.1504752802321856,330.76174496644296,78.52281513218914,330.8 ± 78.52,0.0,354.0,74.5652192903045,2.3172750439533703,74.57 ± 2.317,72.60933685302734,84.0327377319336,71.74868084569471,1,3,1,4,1:284; 3:7; 4:7,7,0,0.0,model_dynamic,True,mckenzie2003,2.9040002203327697,3.084463119506836,1.2120797753334047,3.0958869457244877,3.495724678039551,3.3076174496644293,3.54,3.54,0.8861788486594694,0.8713172653974113,7,0.0,0,0.0,0,0.0,0,0.0,0,0.0,0,0.0,264,812.596086025238,20,52.28736066818237,0,0.0,0,0.0,7,0.5086189657449722,0,0.0,0,0.0,0,0.0,8.0,9.0,9.0,0.0125,0.0125000000000014,0.025,0.0131058088519662
dynamic,model_dynamic/summary_timeseries.csv,20,14.7,298,119200.0,1163.0488875205574,13.970185403411795,1163 ± 13.97,1137.2205030004286,1208.9257725617476,1.6980314290213203,1.2813487202575766,1.698 ± 1.281,0.0,6.300118750579899,0.3412257872448462,0.1873170262146304,0.3412 ± 0.1873,0.022008201475636,1.145426863116122,338.2852348993289,71.31673267314629,338.3 ± 71.32,0.0,359.0,73.4872002313601,2.1849110941659178,73.49 ± 2.185,71.55728149414062,83.3693618774414,71.70526956131903,1,3,1,4,1:288; 3:4; 4:6,6,0,0.0,model_dynamic,True,mckenzie2003,2.93994754306572,3.084463119506836,1.6170582830905915,3.118734836578369,3.495724678039551,3.3828523489932887,3.59,3.59,0.8743526250781825,0.85918192743923,6,0.0,0,0.0,0,0.0,0,0.0,0,0.0,0,0.0,264,815.5777337551117,24,60.26126766204834,0,0.0,0,0.0,4,0.2653664164245128,0,0.0,0,0.0,0,0.0,8.0,9.0,9.0,0.0124999999999999,0.0124999999999999,0.025,0.012910168920956
dynamic,model_dynamic/summary_timeseries.csv,20,14.6,298,119200.0,1163.0522167983138,13.968009084130845,1163 ± 13.97,1137.2353717751969,1208.8971722041297,1.7016459651152809,1.2937228224909358,1.702 ± 1.294,0.0,6.371234440326871,0.3408389793628269,0.1868145404917019,0.3408 ± 0.1868,0.023317948826572,1.1404161938774042,352.6174496644296,75.53567958349275,352.6 ± 75.54,0.0,375.0,77.17615808576545,2.2260177326103148,77.18 ± 2.226,74.97000885009766,86.99269104003906,71.66180042893302,1,3,1,4,1:288; 3:4; 4:6,6,0,0.0,model_dynamic,True,mckenzie2003,2.9913502315421834,3.1530065536499023,1.5599386751651765,3.175854444503784,3.5414204597473145,3.526174496644296,3.75,3.75,0.8537352219609884,0.840801747639974,6,0.0,0,0.0,0,0.0,0,0.0,0,0.0,0,0.0,265,835.3411138057709,23,55.77166104316712,0,0.0,0,0.0,4,0.3095941506326198,0,0.0,0,0.0,0,0.0,8.0,9.0,9.0,0.0124999999999999,0.0124999999999999,0.025,0.0135582430126854
dynamic,model_dynamic/summary_timeseries.csv,20,14.5,298,119200.0,1163.0566505472314,13.96527980496777,1163 ± 13.97,1137.250633435047,1208.8687518246677,1.707322202145705,1.3047842142343689,1.707 ± 1.305,0.0,6.445403537160098,0.3404093692660191,0.1862932808830555,0.3404 ± 0.1863,0.0246746788418133,1.1353093256406674,366.4295302013423,65.96055919697731,366.4 ± 65.96,0.0,385.0,78.72922085755623,1.8904422998674024,78.73 ± 1.89,76.61713409423828,88.71234130859375,71.6181183896208,1,3,1,4,1:291; 3:3; 4:4,4,0,0.0,model_dynamic,True,mckenzie2003,3.0702110808217684,3.187278509140014,2.1979655504226687,3.2101263999938965,3.587116241455078,3.664295302013424,3.85,3.85,0.843382688710767,0.8278645478285752,4,0.0,0,0.0,0,0.0,0,0.0,0,0.0,0,0.0,264,841.4986419677734,27,73.15889370441437,0,0.0,0,0.0,3,0.2653664126992225,0,0.0,0,0.0,0,0.0,8.0,9.0,9.0,0.0124999999999999,0.0124999999999999,0.025,0.0138891144598854
dynamic,model_dynamic/summary_timeseries.csv,20,14.4,298,119200.0,1163.0611780361482,13.962517520617546,1163 ± 13.96,1137.2661057499874,1208.8401295928354,1.7132804042742544,1.3156937013592866,1.713 ± 1.316,0.0,6.52080180690347,0.3399788428858983,0.1857665565478634,0.34 ± 0.1858,0.0260465189165017,1.1301515921838383,379.3255033557047,57.12694642020496,379.3 ± 57.13,0.0,396.0,78.4877108631518,1.7299161525266915,78.49 ± 1.73,76.15110778808594,89.49408721923828,71.57402384284796,1,3,1,4,1:294; 3:1; 4:3,3,0,0.0,model_dynamic,True,mckenzie2003,3.1245111502556995,3.221550226211548,2.519549357891083,3.2443981170654297,3.587116241455078,3.793255033557047,3.95,3.96,0.8291265046481138,0.8155823357497589,3,0.0,0,0.0,0,0.0,0,0.0,0,0.0,0,0.0,264,847.8617627620697,30,83.13199067115784,0,0.0,0,0.0,1,0.110569342970848,0,0.0,0,0.0,0,0.0,8.0,9.0,9.0,0.0124999999999999,0.0124999999999999,0.025,0.0141541398306613
dynamic,model_dynamic/summary_timeseries.csv,20,14.3,298,119200.0,1163.0656851780473,13.959788300556353,1163 ± 13.96,1137.2816082682284,1208.8110949126171,1.7189969387927422,1.3271600069191816,1.719 ± 1.327,0.0,6.59570351243149,0.3395587688601336,0.1852437809334234,0.3396 ± 0.1852,0.0257618867902396,1.1249816930029388,373.6812080536913,52.69357775664544,373.7 ± 52.69,0.0,389.0,78.89609519907292,1.6470912763588883,78.9 ± 1.647,76.31208038330078,89.74553680419922,71.52948664438873,1,2,1,4,1:295; 4:3,3,0,0.0,model_dynamic,True,mckenzie2003,3.08614971293699,3.1530065536499023,2.5389700651168825,3.187278509140014,3.587116241455078,3.7368120805369127,3.88,3.89,0.8279750535316984,0.8164150242940319,3,0.0,0,0.0,0,0.0,0,0.0,0,0.0,0,0.0,265,837.3859946727753,30,82.28661978244781,0,0.0,0,0.0,0,0.0,0,0.0,0,0.0,0,0.0,8.0,9.0,9.0,0.0125,0.0125000000000014,0.025,0.0142918853401375
dynamic,model_dynamic/summary_timeseries.csv,20,14.2,298,119200.0,1163.0701849028906,13.956908052494455,1163 ± 13.96,1137.297193983938,1208.7818338449272,1.724747080732148,1.3385475786982608,1.725 ± 1.339,0.0,6.670566335877958,0.3391337547914473,0.184730068580242,0.3391 ± 0.1847,0.0248701554149603,1.1198025866957466,365.0704697986577,44.5728993465214,365.1 ± 44.57,0.0,377.0,74.72016796649703,1.3477942506402851,74.72 ± 1.348,72.30770111083984,84.67147827148438,71.48463986098909,1,2,1,4,1:296; 4:2,2,0,0.0,model_dynamic,True,mckenzie2003,3.114594571142389,3.175854444503784,2.702332282066345,3.187278509140014,3.5642683506011963,3.6507046979865767,3.77,3.77,0.8551161600129745,0.8424017094174494,2,0.0,0,0.0,0,0.0,0,0.0,0,0.0,0,0.0,265,840.104898929596,31,88.04428327083588,0,0.0,0,0.0,0,0.0,0,0.0,0,0.0,0,0.0,8.0,9.0,9.0,0.0124999999999999,0.0124999999999999,0.025,0.0143600572711721
dynamic,model_dynamic/summary_timeseries.csv,20,14.1,298,119200.0,1163.073365816836,13.954759271522615,1163 ± 13.95,1137.312425522499,1208.7520240427837,1.728031901491338,1.3515478305846584,1.728 ± 1.352,0.0,6.740666327321503,0.338766160748899,0.1842440886077481,0.3388 ± 0.1842,0.0242166728055577,1.1147291371628434,347.83557046979865,57.59342987070556,347.8 ± 57.59,0.0,364.0,75.33198252940338,1.77940073679391,75.33 ± 1.779,72.8095932006836,84.99976348876953,71.43959852028433,1,3,1,4,1:293; 3:2; 4:3,3,0,0.0,model_dynamic,True,mckenzie2003,2.990527891135156,3.084463119506836,2.18425681591034,3.118734836578369,3.507148742675781,3.4783557046979863,3.63,3.64,0.8623175919475279,0.8497143579908639,3,0.0,0,0.0,0,0.0,0,0.0,0,0.0,0,0.0,265,817.6683125495911,28,73.38737273216248,0,0.0,0,0.0,2,0.1216262765228748,0,0.0,0,0.0,0,0.0,8.0,9.0,9.0,0.0124999999999999,0.0124999999999999,0.025,0.0137746694175375
dynamic,model_dynamic/summary_timeseries.csv,20,14.0,298,119200.0,1163.077034902745,13.952312717933212,1163 ± 13.95,1137.327729837491,1208.7224267520503,1.7321670968989755,1.3633874817928386,1.732 ± 1.363,0.0,6.809164583491563,0.3383833374347187,0.1837570631747358,0.3384 ± 0.1838,0.0239293784689389,1.1096687320563554,346.7986577181208,57.622001282108606,346.8 ± 57.62,0.0,363.0,73.29344743050184,1.723818413030567,73.29 ± 1.724,70.81810760498047,82.65878295898438,71.39469691455929,1,3,1,4,1:293; 3:1; 4:4,4,0,0.0,model_dynamic,True,mckenzie2003,3.005672866291048,3.1301589012146,2.1893976092338563,3.1301589012146,3.507148742675781,3.4679865771812084,3.62,3.63,0.869559106685388,0.8623027276073277,4,0.0,0,0.0,0,0.0,0,0.0,0,0.0,0,0.0,266,826.8760194778442,27,68.71498227119446,0,0.0,0,0.0,1,0.099512405693531,0,0.0,0,0.0,0,0.0,8.0,9.0,9.0,0.0124999999999999,0.0124999999999999,0.025,0.0127529216567817
dynamic,model_dynamic/summary_timeseries.csv,20,13.9,298,119200.0,1163.0803712486231,13.950239125009317,1163 ± 13.95,1137.3428698878165,1208.692899728066,1.7355192438586795,1.3752913350918936,1.736 ± 1.375,0.0,6.8739584643935325,0.3380155360632596,0.1832862277659672,0.338 ± 0.1833,0.0233635621209163,1.1046852932207984,360.0536912751678,68.1197903848741,360.1 ± 68.12,0.0,379.0,75.77693524456664,2.0297118673580674,75.78 ± 2.03,73.91963195800781,85.48515319824219,71.35002984024982,1,3,1,4,1:291; 3:3; 4:4,4,0,0.0,model_dynamic,True,mckenzie2003,3.0009031974829283,3.1301589012146,1.7701390504837038,3.1530065536499023,3.587116241455078,3.6005369127516778,3.79,3.79,0.8385933937320295,0.825899446230765,4,0.0,0,0.0,0,0.0,0,0.0,0,0.0,0,0.0,266,831.6169316768646,25,62.40896862745285,0,0.0,0,0.0,3,0.243252545595169,0,0.0,0,0.0,0,0.0,8.0,9.0,9.0,0.0124999999999999,0.0124999999999999,0.025,0.0135803938276165
dynamic,model_dynamic/summary_timeseries.csv,20,13.8,298,119200.0,1163.0848693635426,13.947413835005888,1163 ± 13.95,1137.3582852462137,1208.6635838342495,1.7407472125676189,1.385843977728167,1.741 ± 1.386,0.0,6.939228736537592,0.3376145931861399,0.1828086718851301,0.3376 ± 0.1828,0.0229146878695537,1.0996564176729735,374.7248322147651,62.69719057109945,374.7 ± 62.7,0.0,392.0,77.19806307594249,1.8637321453766664,77.2 ± 1.864,75.24784088134766,87.55211639404297,71.30529858803607,1,3,1,4,1:293; 3:1; 4:4,4,0,0.0,model_dynamic,True,mckenzie2003,3.0990960476232456,3.221550226211548,2.227667808532715,3.221550226211548,3.5985403060913086,3.747248322147652,3.92,3.92,0.829899498866506,0.8218240372988642,4,0.0,0,0.0,0,0.0,0,0.0,0,0.0,0,0.0,268,860.2681601047516,25,63.16294968128204,0,0.0,0,0.0,1,0.099512405693531,0,0.0,0,0.0,0,0.0,8.0,9.0,9.0,0.0125,0.0125000000000014,0.025,0.0134975391375947
dynamic,model_dynamic/summary_timeseries.csv,20,13.7,298,119200.0,1163.0896967467568,13.944454842191242,1163 ± 13.94,1137.3738987365823,1208.6342755000558,1.7465547102604673,1.3963053486947932,1.747 ± 1.396,0.0,7.0042640783179895,0.3372027402670373,0.1823275145795833,0.3372 ± 0.1823,0.0228467236355642,1.0945869836410198,383.68791946308727,57.00865283758185,383.7 ± 57.01,0.0,399.0,80.63515454490712,1.6389316796870963,80.64 ± 1.639,78.04296875,91.17700958251952,71.26037676347323,1,3,1,4,1:294; 3:2; 4:2,2,0,0.0,model_dynamic,True,mckenzie2003,3.120205281464845,3.221550226211548,2.48870462179184,3.221550226211548,3.632812023162842,3.836879194630874,3.99,3.99,0.8196239863665629,0.8074060717322175,2,0.0,0,0.0,0,0.0,0,0.0,0,0.0,0,0.0,268,859.2628536224365,26,70.33718156814575,0,0.0,0,0.0,2,0.2211386859416961,0,0.0,0,0.0,0,0.0,8.0,9.0,9.0,0.0124999999999999,0.0124999999999999,0.025,0.0141299676238784
dynamic,model_dynamic/summary_timeseries.csv,20,13.6,298,119200.0,1163.095384063315,13.941204565830471,1163 ± 13.94,1137.3899012699048,1208.6052420448875,1.7539736783115936,1.4061005703440097,1.754 ± 1.406,0.0,7.071065314459267,0.3367594688472954,0.1818333878541113,0.3368 ± 0.1818,0.022609347155747,1.0894437029126376,391.6912751677853,43.653901065537305,391.7 ± 43.65,0.0,403.0,78.22681247787988,1.1965306174943604,78.23 ± 1.197,75.76608276367188,89.04541778564453,71.2153407749829,1,3,1,4,1:296; 3:1; 4:1,1,0,0.0,model_dynamic,True,mckenzie2003,3.1860430964687527,3.2443981170654297,2.934238338470459,3.25582218170166,3.655659914016724,3.916912751677853,4.03,4.03,0.8166520845423652,0.8050615675100321,1,0.0,0,0.0,0,0.0,0,0.0,0,0.0,0,0.0,268,865.9230065345764,28,83.4404376745224,0,0.0,0,0.0,1,0.0773985385894775,0,0.0,0,0.0,0,0.0,8.0,9.0,9.0,0.0124999999999999,0.0124999999999999,0.025,0.0143538737472742
dynamic,model_dynamic/summary_timeseries.csv,20,13.5,298,119200.0,1163.0999102546104,13.938527253306487,1163 ± 13.94,1137.4057364323935,1208.5755109459103,1.759298969382387,1.4175100376743672,1.759 ± 1.418,0.0,7.1341707263774445,0.3363620899690331,0.1813568974756799,0.3364 ± 0.1814,0.0224104733408892,1.0843384846201918,386.26174496644296,47.979147592120704,386.3 ± 47.98,0.0,399.0,80.06490489780502,1.4539982640330744,80.06 ± 1.454,77.4549331665039,91.13233184814452,71.16977451351681,1,3,1,4,1:296; 3:1; 4:1,1,0,0.0,model_dynamic,True,mckenzie2003,3.139047666346567,3.2101263999938965,2.7131850481033326,3.221550226211548,3.5985403060913086,3.862617449664431,3.99,3.99,0.8149421398188218,0.8045429573919539,1,0.0,0,0.0,0,0.0,0,0.0,0,0.0,0,0.0,270,864.9519803524017,26,70.43999648094177,0,0.0,0,0.0,1,0.0442277379333972,0,0.0,0,0.0,0,0.0,8.0,9.0,9.0,0.0124999999999999,0.0124999999999999,0.025,0.0139283025801212
dynamic,model_dynamic/summary_timeseries.csv,20,13.4,298,119200.0,1163.10524110471,13.935503291596364,1163 ± 13.94,1137.4217815387426,1208.5479700096178,1.766010224106913,1.4278874170697482,1.766 ± 1.428,0.0,7.19728898727318,0.33593954057729,0.1808766608393451,0.3359 ± 0.1809,0.0225605815018512,1.079201553736774,383.9563758389262,42.974568446631096,384 ± 42.97,0.0,395.0,76.8293893033226,1.2232278304980206,76.83 ± 1.223,74.35965728759766,87.90145874023438,71.12618847087515,1,3,1,4,1:296; 3:1; 4:1,1,0,0.0,model_dynamic,True,mckenzie2003,3.1432967676262327,3.187278509140014,2.8085750579833983,3.2101263999938965,3.6213881969451904,3.839563758389262,3.95,3.95,0.8222388009643721,0.8126902278465561,1,0.0,0,0.0,0,0.0,0,0.0,0,0.0,0,0.0,271,864.8491747379303,25,71.75374960899353,0,0.0,0,0.0,1,0.099512405693531,0,0.0,0,0.0,0,0.0,8.0,9.0,9.0,0.0124999999999999,0.0124999999999999,0.025,0.0143890947338295
dynamic,model_dynamic/summary_timeseries.csv,20,13.3,298,119200.0,1163.1093988508585,13.933062412122723,1163 ± 13.93,1137.4375545624823,1208.518968690484,1.7705795828159812,1.439512888036751,1.771 ± 1.44,0.0,7.256134639803035,0.3355678232704104,0.1804194441757534,0.3356 ± 0.1804,0.0224853400589934,1.0741394965647213,380.6744966442953,49.7204070757691,380.7 ± 49.72,0.0,394.0,78.6055991665629,1.5579118176162448,78.61 ± 1.558,76.68464660644531,89.62161254882812,71.0814141280016,1,3,1,4,1:296; 3:1; 4:1,1,0,0.0,model_dynamic,True,mckenzie2003,3.1240969036874557,3.2101263999938965,2.542397248744965,3.221550226211548,3.6213881969451904,3.806744966442953,3.94,3.94,0.8224954039094095,0.8147528933994661,1,0.0,0,0.0,0,0.0,0,0.0,0,0.0,0,0.0,271,866.7912418842316,25,64.14540767669678,0,0.0,0,0.0,1,0.0442277379333972,0,0.0,0,0.0,0,0.0,8.0,9.0,9.0,0.0125,0.0125000000000014,0.025,0.0140992680394653
dynamic,model_dynamic/summary_timeseries.csv,20,13.2,298,119200.0,1163.1143562279085,13.93024687025402,1163 ± 13.93,1137.453536632854,1208.489850477901,1.776539877279347,1.4500242023909575,1.777 ± 1.45,0.0,7.31497734566212,0.335169174369395,0.1799561014477794,0.3352 ± 0.18,0.0224985300009449,1.069055019655915,379.244966442953,44.992509348580406,379.2 ± 44.99,0.0,391.0,78.70600309947993,1.3352391920655922,78.71 ± 1.335,76.67939758300781,89.71707916259766,71.03631384504683,1,3,1,4,1:296; 3:1; 4:1,1,0,0.0,model_dynamic,True,mckenzie2003,3.119803340705549,3.187278509140014,2.7268937468528747,3.221550226211548,3.5985403060913086,3.7924496644295296,3.91,3.91,0.82495071703684,0.8151607440255791,1,0.0,0,0.0,0,0.0,0,0.0,0,0.0,0,0.0,272,864.8149003982544,24,64.84226739406586,0,0.0,0,0.0,1,0.0442277379333972,0,0.0,0,0.0,0,0.0,8.0,9.0,9.0,0.0124999999999999,0.0124999999999999,0.025,0.0140484742059445
dynamic,model_dynamic/summary_timeseries.csv,20,13.1,298,119200.0,1163.119253359608,13.9275010291382,1163 ± 13.93,1137.4695701960036,1208.46038223664,1.7823511960476943,1.460743323847646,1.782 ± 1.461,0.0,7.37243365069024,0.3347769749343919,0.1794982446962904,0.3348 ± 0.1795,0.0228281209345749,1.0639764327381522,384.9765100671141,45.05935070334398,385 ± 45.06,0.0,397.0,78.68925296860253,1.3001501238888258,78.69 ± 1.3,76.4604263305664,89.49887084960938,70.99081204063646,1,3,1,4,1:296; 3:1; 4:1,1,0,0.0,model_dynamic,True,mckenzie2003,3.134976740601479,3.187278509140014,2.7691623449325564,3.221550226211548,3.6213881969451904,3.849765100671141,3.96,3.97,0.8197837704152943,0.8081054566167389,1,0.0,0,0.0,0,0.0,0,0.0,0,0.0,0,0.0,273,871.7606501579285,23,62.35184919834137,0,0.0,0,0.0,1,0.110569342970848,0,0.0,0,0.0,0,0.0,8.0,9.0,9.0,0.0124999999999999,0.0124999999999999,0.025,0.023726987718616
dynamic,model_dynamic/summary_timeseries.csv,20,13.0,298,119200.0,1163.123892429783,13.924863394721076,1163 ± 13.92,1137.4856560388116,1208.4305748333425,1.787856437948054,1.4714709505882948,1.788 ± 1.471,0.0,7.428343166201304,0.3343962108662613,0.1790424401155932,0.3344 ± 0.179,0.0232140089290018,1.0589084636893866,384.6241610738255,44.97545587326061,384.6 ± 44.98,0.0,396.0,83.67200252353744,1.3073321288354671,83.67 ± 1.307,81.30875396728516,94.52283477783205,70.94491879453085,1,3,1,4,1:296; 3:1; 4:1,1,0,0.0,model_dynamic,True,mckenzie2003,3.1514658534636832,3.2101263999938965,2.822854804992676,3.2443981170654297,3.6213881969451904,3.846241610738255,3.96,3.96,0.8221950999332364,0.8192924538044014,1,0.0,0,0.0,0,0.0,0,0.0,0,0.0,0,0.0,273,876.6158180236816,23,62.45466470718384,0,0.0,0,0.0,1,0.0663416013121604,0,0.0,0,0.0,0,0.0,8.0,9.0,9.0,0.0124999999999999,0.0124999999999999,0.025,0.0222587532740664
dynamic,model_dynamic/summary_timeseries.csv,20,12.9,298,119200.0,1163.130197702707,13.921623163037404,1163 ± 13.92,1137.5022960682604,1208.401285042875,1.796351479577957,1.4806294369357746,1.796 ± 1.481,0.0117700300134414,7.487909145888955,0.3339606576275483,0.1785675974015997,0.334 ± 0.1786,0.0234365483471488,1.0537515862565765,377.7248322147651,24.73628941926402,377.7 ± 24.74,132.0,384.0,66.1711602691036,0.6843682438374644,66.17 ± 0.6844,63.87222290039063,74.75143432617188,70.8989889746149,1,1,1,1,1:298,0,0,0.0,model_dynamic,True,mckenzie2003,3.1696825383493565,3.187278509140014,2.9587998390197754,3.2101263999938965,3.5985403060913086,3.7772483221476505,3.84,3.84,0.840690580351866,0.8300204450885456,0,0.0,0,0.0,0,0.0,0,0.0,0,0.0,0,0.0,274,871.3036861419678,24,73.26171028614044,0,0.0,0,0.0,0,0.0,0,0.0,0,0.0,0,0.0,10.0,11.0,11.0,0.0062499999999999,0.0124999999999999,0.025,0.0209954417659514
dynamic,model_dynamic/summary_timeseries.csv,20,12.8,298,119200.0,1163.1309817441245,13.921006641400822,1163 ± 13.92,1137.517219558972,1208.3713957490895,1.7951228643170645,1.494648912010345,1.795 ± 1.495,0.0,7.527550057759242,0.3337500145126495,0.1781999630366012,0.3338 ± 0.1782,0.0240631854984864,1.049102964707467,365.9597315436242,73.25247130949279,366 ± 73.25,0.0,385.0,65.78176279516028,1.95468419987438,65.78 ± 1.955,63.35334777832031,74.9356918334961,70.85417619011741,1,3,1,4,1:289; 3:2; 4:7,7,0,0.0,model_dynamic,True,mckenzie2003,3.028400680850316,3.1530065536499023,2.0705885946750646,3.2101263999938965,3.5985403060913086,3.659597315436242,3.85,3.85,0.8303353272784121,0.8189627412077668,7,0.0,0,0.0,0,0.0,0,0.0,0,0.0,0,0.0,273,864.506430387497,16,37.81323236227036,0,0.0,0,0.0,2,0.1437401436269283,0,0.0,0,0.0,0,0.0,6.0,6.0,6.0,0.00625,0.025,0.025,0.0238317253409364
dynamic,model_dynamic/summary_timeseries.csv,20,12.7,298,119200.0,1163.1331765743437,13.919506737430812,1163 ± 13.92,1137.5320833828089,1208.3423110266676,1.7957500524823298,1.506331467020029,1.796 ± 1.506,0.0,7.577497910118198,0.3334985872160169,0.1778431678204958,0.3335 ± 0.1778,0.0249849464126696,1.0445317522032402,364.33557046979865,85.14240820143036,364.3 ± 85.14,0.0,388.0,66.40976793173975,2.140272649802073,66.41 ± 2.14,63.9433708190918,75.04341888427734,70.81022764385875,1,3,1,4,1:285; 3:1; 4:12,12,0,0.0,model_dynamic,True,mckenzie2003,3.032091958873324,3.221550226211548,1.1863758981227874,3.221550226211548,3.6213881969451904,3.643355704697986,3.88,3.88,0.8333138861537396,0.8302964500545227,12,0.0,0,0.0,0,0.0,0,0.0,0,0.0,0,0.0,272,874.6851584911346,13,28.83401751518249,0,0.0,0,0.0,1,0.0442277379333972,0,0.0,0,0.0,0,0.0,7.0,7.0,7.0,0.0062499999999999,0.0249999999999999,0.025,0.0230978644841026
dynamic,model_dynamic/summary_timeseries.csv,20,12.6,298,119200.0,1163.1358976277372,13.917782994004853,1163 ± 13.92,1137.547035769236,1208.3139942804487,1.79719882237005,1.5172215862494234,1.797 ± 1.517,0.0,7.634509520914711,0.3332355781795482,0.1774875850137826,0.3332 ± 0.1775,0.0259838999019245,1.0412064658828004,359.3489932885906,89.4327332365187,359.3 ± 89.43,0.0,385.0,63.95004824183931,2.237415645906653,63.95 ± 2.237,61.87510681152344,72.3748779296875,70.76695851121258,1,3,1,4,1:283; 3:2; 4:13,13,0,0.0,model_dynamic,True,mckenzie2003,3.005472478475547,3.221550226211548,0.7820442389696848,3.221550226211548,3.5985403060913086,3.5934899328859067,3.85,3.85,0.8384322546487137,0.8367662925224799,13,0.0,0,0.0,0,0.0,0,0.0,0,0.0,0,0.0,272,873.1657860279083,11,22.288101613521576,0,0.0,0,0.0,2,0.1769109442830085,0,0.0,0,0.0,0,0.0,8.0,9.0,9.0,0.0062499999999999,0.0249999999999999,0.025,0.0239129466838778
dynamic,model_dynamic/summary_timeseries.csv,20,12.5,298,119200.0,1163.1382069153003,13.916436313321537,1163 ± 13.92,1137.5617608788618,1208.286861355072,1.797911201785487,1.527914027517314,1.798 ± 1.528,0.0,7.688807753929904,0.3330061249100993,0.1771552370738119,0.333 ± 0.1772,0.0264961289559224,1.0409409010636304,353.5436241610738,96.51139538528312,353.5 ± 96.51,0.0,383.0,63.94251375390379,2.380955353763508,63.94 ± 2.381,61.75691604614258,72.41339874267578,70.72510047621017,1,3,1,4,1:279; 3:5; 4:14,14,0,0.0,model_dynamic,True,mckenzie2003,2.9675305342214218,3.2101263999938965,0.0773985385894775,3.2101263999938965,3.5985403060913086,3.535436241610738,3.82,3.83,0.8457541696181035,0.8403472251292922,14,0.0,0,0.0,0,0.0,0,0.0,0,0.0,0,0.0,271,867.3510177135468,8,16.541861057281494,0,0.0,0,0.0,5,0.4312204271554947,0,0.0,0,0.0,0,0.0,7.0,7.0,7.0,0.0062499999999999,0.0249999999999999,0.025,0.0230295123838329
dynamic,model_dynamic/summary_timeseries.csv,20,12.4,298,119200.0,1163.1407491863272,13.915037603862734,1163 ± 13.92,1137.5765054078322,1208.2604751592878,1.79895525721651,1.538270448252991,1.799 ± 1.538,0.0,7.74262211837105,0.3327738595408296,0.1768288957925333,0.3328 ± 0.1768,0.0273485767223305,1.040715570046528,353.02013422818794,100.65770089255602,353 ± 100.7,0.0,384.0,65.62825844271872,2.4294310003558337,65.63 ± 2.429,63.58436584472656,73.93630981445312,70.6839697514556,1,3,1,4,1:277; 3:7; 4:14,14,0,0.0,model_dynamic,True,mckenzie2003,2.955833331350512,3.2101263999938965,0.0442277379333972,3.2101263999938965,3.587116241455078,3.530201342281879,3.84,3.84,0.8433799617248086,0.8359704166650772,14,0.0,0,0.0,0,0.0,0,0.0,0,0.0,0,0.0,269,862.2102484703064,8,18.152636110782623,0,0.0,0,0.0,7,0.4754481613636017,0,0.0,0,0.0,0,0.0,7.0,8.0,8.0,0.0062499999999999,0.0249999999999999,0.025,0.0211044810906072
dynamic,model_dynamic/summary_timeseries.csv,20,12.3,298,119200.0,1163.1440888234968,13.913383218396511,1163 ± 13.91,1137.5914487668658,1208.2333358382796,1.80117483719232,1.5482273674286204,1.801 ± 1.548,0.0,7.797267132128825,0.3325113454478562,0.1765004168052868,0.3325 ± 0.1765,0.0283344398379649,1.0404023989959903,350.1308724832215,100.62342409409442,350.1 ± 100.6,0.0,382.0,64.53456099081359,2.3157110888411294,64.53 ± 2.316,62.509395599365234,72.43656921386719,70.64188707141375,1,3,1,4,1:276; 3:8; 4:14,14,0,0.0,model_dynamic,True,mckenzie2003,2.9517141969862,3.2101263999938965,0.0442277379333972,3.2101263999938965,3.5985403060913086,3.5013087248322146,3.81,3.82,0.8530493743636336,0.8425528608907865,14,0.0,0,0.0,0,0.0,0,0.0,0,0.0,0,0.0,269,861.5248093605042,7,17.45577609539032,0,0.0,0,0.0,8,0.6302452459931374,0,0.0,0,0.0,0,0.0,9.0,9.0,9.0,0.00625,0.025,0.025,0.0204658079287971
dynamic,model_dynamic/summary_timeseries.csv,20,12.2,298,119200.0,1163.1471915743543,13.912168419758308,1163 ± 13.91,1137.6063147208804,1208.207030806023,1.802970133007099,1.5581199428647436,1.803 ± 1.558,0.0,7.8497042269577,0.3322628059393447,0.1761758017411638,0.3323 ± 0.1762,0.0289143168707463,1.040207377340306,350.68120805369125,101.22260528834158,350.7 ± 101.2,0.0,382.0,62.3721134262597,2.2973987206278266,62.37 ± 2.297,60.292999267578125,70.16310119628906,70.60071608514295,1,3,1,4,1:276; 3:6; 4:16,16,0,0.0,model_dynamic,True,mckenzie2003,2.954303611569957,3.2101263999938965,0.0,3.2101263999938965,3.5985403060913086,3.5068120805369127,3.82,3.82,0.8493310749578449,0.8403472251292922,16,0.0,0,0.0,0,0.0,0,0.0,0,0.0,0,0.0,268,859.3199920654297,8,20.620206832885746,0,0.0,0,0.0,6,0.4422773495316505,0,0.0,0,0.0,0,0.0,7.0,7.0,7.0,0.0062499999999999,0.0249999999999999,0.025,0.0209231457614183
dynamic,model_dynamic/summary_timeseries.csv,20,12.1,298,119200.0,1163.15013723552,13.911048941678745,1163 ± 13.91,1137.6209879308124,1208.1816431525613,1.8042721226536325,1.5677984090558466,1.804 ± 1.568,0.0,7.898412865515553,0.3320327820789375,0.1758733665151423,0.332 ± 0.1759,0.0295811164071264,1.0402117956446426,355.76174496644296,105.21601435851866,355.8 ± 105.2,0.0,389.0,64.6676736870068,2.2875256487809974,64.67 ± 2.288,62.54031753540039,72.29613494873047,70.5606552217489,1,3,1,4,1:275; 3:3; 4:20,20,0,0.0,model_dynamic,True,mckenzie2003,2.955286530327777,3.221550226211548,0.0,3.221550226211548,3.6213881969451904,3.5576174496644297,3.89,3.89,0.8332427563644417,0.8281620118795753,20,0.0,0,0.0,0,0.0,0,0.0,0,0.0,0,0.0,268,862.1873717308044,7,18.26687562465668,0,0.0,0,0.0,3,0.2211386822164058,0,0.0,0,0.0,0,0.0,7.0,7.0,7.0,0.0062499999999999,0.0249999999999999,0.025,0.0215251004113278
dynamic,model_dynamic/summary_timeseries.csv,20,12.0,298,119200.0,1163.153640978772,13.909688928313578,1163 ± 13.91,1137.6359287625598,1208.1564169555018,1.8065640911034644,1.5771180132052969,1.807 ± 1.577,0.0,7.949596443012873,0.3317756337274658,0.1755629959348037,0.3318 ± 0.1756,0.0303015437465334,1.0400743245827762,361.2718120805369,102.75031610887991,361.3 ± 102.8,0.0,393.0,67.97728270972335,2.2747091591518185,67.98 ± 2.275,65.84282684326172,75.81855773925781,70.52048819294191,1,3,1,4,1:277; 3:2; 4:19,19,0,0.0,model_dynamic,True,mckenzie2003,2.9697476132154064,3.221550226211548,0.0,3.2443981170654297,3.632812023162842,3.61271812080537,3.93,3.93,0.8249246884221509,0.8197328819876711,19,0.0,0,0.0,0,0.0,0,0.0,0,0.0,0,0.0,268,862.0845656394958,9,22.75648295879364,0,0.0,0,0.0,2,0.143740139901638,0,0.0,0,0.0,0,0.0,7.0,7.0,7.0,0.0062499999999999,0.0249999999999999,0.025,0.0219947707094664
dynamic,model_dynamic/summary_timeseries.csv,20,11.9,298,119200.0,1163.1577740250443,13.908075338931804,1163 ± 13.91,1137.6512452142206,1208.1312861321626,1.810113396054356,1.5861253171121328,1.81 ± 1.586,0.0,8.00422617414527,0.3314881593258316,0.1752388950226725,0.3315 ± 0.1752,0.0310884442065807,1.0397310543541567,375.738255033557,103.22802647200072,375.7 ± 103.2,0.0,407.0,69.44671277551844,2.280308546009997,69.45 ± 2.28,67.25174713134766,77.59362030029297,70.480040917942,1,3,1,4,1:278; 3:7; 4:13,13,0,0.0,model_dynamic,True,mckenzie2003,3.037251519151782,3.278670072555542,0.063024521805346,3.278670072555542,3.689931631088257,3.757382550335572,4.07,4.07,0.8152738477871639,0.805570042396939,13,0.0,0,0.0,0,0.0,0,0.0,0,0.0,0,0.0,268,876.5815742015839,10,27.98864567279816,0,0.0,0,0.0,7,0.5307328328490257,0,0.0,0,0.0,0,0.0,8.0,8.0,8.0,0.0062499999999999,0.0249999999999999,0.025,0.0228501690679381
dynamic,model_dynamic/summary_timeseries.csv,20,11.8,298,119200.0,1163.162010762894,13.906048500082496,1163 ± 13.91,1137.6667554753674,1208.1063052787315,1.814042281571486,1.5950606699866106,1.814 ± 1.595,0.0,8.059693579905737,0.3311813732847922,0.1749069849809466,0.3312 ± 0.1749,0.0319640569427565,1.0393068479361762,384.3993288590604,93.58830090702398,384.4 ± 93.59,0.0,412.0,70.29036907221646,2.104598627532688,70.29 ± 2.105,68.10614013671875,78.35234832763672,70.43954980336412,1,3,1,4,1:284; 3:3; 4:11,11,0,0.0,model_dynamic,True,mckenzie2003,3.083905509791818,3.301517963409424,1.17438078224659,3.301517963409424,3.689931631088257,3.843993288590605,4.12,4.12,0.8054992473135422,0.8013393115071417,11,0.0,0,0.0,0,0.0,0,0.0,0,0.0,0,0.0,269,884.3270075321198,15,34.48886650800705,0,0.0,0,0.0,3,0.1879678778350353,0,0.0,0,0.0,0,0.0,8.0,8.0,8.0,0.00625,0.025,0.025,0.0232486872367519
dynamic,model_dynamic/summary_timeseries.csv,20,11.7,298,119200.0,1163.166294557187,13.90407033755402,1163 ± 13.9,1137.6823974152712,1208.0815053839217,1.8181279101574703,1.6040497729707195,1.818 ± 1.604,0.0,8.115327268588409,0.3308753974989997,0.1745742138632693,0.3309 ± 0.1746,0.032822699568235,1.0388419488821066,386.12080536912754,89.43183169407159,386.1 ± 89.43,0.0,412.0,71.20882152070935,2.112273024194343,71.21 ± 2.112,69.07941436767578,79.84127044677734,70.39910796865047,1,3,1,4,1:285; 3:5; 4:8,8,0,0.0,model_dynamic,True,mckenzie2003,3.0658371647407345,3.2443981170654297,1.5222396552562714,3.301517963409424,3.689931631088257,3.861208053691275,4.12,4.12,0.797976742106878,0.7902481023547718,8,0.0,0,0.0,0,0.0,0,0.0,0,0.0,0,0.0,269,873.8055396080017,16,39.51539826393128,0,0.0,0,0.0,5,0.2985372208058834,0,0.0,0,0.0,0,0.0,7.0,7.0,7.0,0.0062499999999999,0.0249999999999999,0.025,0.0240149147780854
dynamic,model_dynamic/summary_timeseries.csv,20,11.6,298,119200.0,1163.1707558852745,13.90203700690022,1163 ± 13.9,1137.6981690373548,1208.0568659796966,1.822555256799332,1.612901710379584,1.823 ± 1.613,0.0,8.17129716651194,0.3305654437975126,0.1742424264392281,0.3306 ± 0.1742,0.0336111601657522,1.0383345977418943,396.7751677852349,82.12202281777562,396.8 ± 82.12,0.0,420.0,70.41870603625406,1.925678055552736,70.42 ± 1.926,68.30928039550781,78.8049545288086,70.3586969423418,1,3,1,4,1:289; 3:1; 4:8,8,0,0.0,model_dynamic,True,mckenzie2003,3.1584033656040296,3.335789680480957,1.8700985550880436,3.335789680480957,3.724203586578369,3.967751677852349,4.2,4.2,0.7975650954157484,0.7942356382097516,8,0.0,0,0.0,0,0.0,0,0.0,0,0.0,0,0.0,269,893.1234200000763,20,48.00338441133499,0,0.0,0,0.0,1,0.0773985385894775,0,0.0,0,0.0,0,0.0,8.0,9.0,9.0,0.0062499999999999,0.0249999999999999,0.025,0.0235028108563742
dynamic,model_dynamic/summary_timeseries.csv,20,11.5,298,119200.0,1163.1750903398952,13.900160161159102,1163 ± 13.9,1137.7139041967894,1208.0323008008652,1.8265919775304524,1.621900663484972,1.827 ± 1.622,0.0,8.226319092986952,0.3302666251357583,0.1739109459302628,0.3303 ± 0.1739,0.0344897700315077,1.0378820312324684,403.8691275167785,82.61875520315779,403.9 ± 82.62,0.0,427.0,74.4157044583519,1.8353956715466024,74.42 ± 1.835,72.2858657836914,82.42607879638672,70.31839660407582,1,3,1,4,1:289; 3:1; 4:8,8,0,0.0,model_dynamic,True,mckenzie2003,3.137278147416827,3.301517963409424,1.9420692920684812,3.335789680480957,3.747051477432251,4.0386912751677855,4.2700000000000005,4.2700000000000005,0.7788220184117796,0.7731892185970547,8,0.0,0,0.0,0,0.0,0,0.0,0,0.0,0,0.0,269,885.286607503891,20,49.52276802062988,0,0.0,0,0.0,1,0.099512405693531,0,0.0,0,0.0,0,0.0,8.0,9.0,9.0,0.0124999999999999,0.0124999999999999,0.025,0.0246306413540064
dynamic,model_dynamic/summary_timeseries.csv,20,11.4,298,119200.0,1163.1804016098024,13.897831659801874,1163 ± 13.9,1137.7301035324472,1208.0080404024184,1.832474029956135,1.630178662008118,1.832 ± 1.63,0.0,8.283693420308557,0.3299302904948557,0.1735652187342313,0.3299 ± 0.1736,0.0354743692095936,1.037204539875561,414.003355704698,76.18427405245994,414 ± 76.18,0.0,435.0,72.65777608372221,1.6263004318212129,72.66 ± 1.626,70.16860961914062,80.9250717163086,70.2779368699712,1,3,1,4,1:290; 3:3; 4:5,5,0,0.0,model_dynamic,True,mckenzie2003,3.212562536633255,3.3472135066986084,2.571528327465058,3.3700613975524902,3.747051477432251,4.14003355704698,4.34,4.3500000000000005,0.7790615490990037,0.7712473517738729,5,0.0,0,0.0,0,0.0,0,0.0,0,0.0,0,0.0,270,901.1315789222716,20,56.057259917259216,0,0.0,0,0.0,3,0.154797077178955,0,0.0,0,0.0,0,0.0,8.0,9.0,9.0,0.0062499999999999,0.0249999999999999,0.025,0.0246432684928813
dynamic,model_dynamic/summary_timeseries.csv,20,11.3,298,119200.0,1163.1849958228277,13.89593203689466,1163 ± 13.9,1137.7461769608235,1207.9834975834026,1.8370723335245132,1.639211216540417,1.837 ± 1.639,0.0,8.339249845288334,0.329624518236855,0.1732337365460534,0.3296 ± 0.1732,0.0363373324022693,1.036620024378927,412.6577181208054,76.72947963108741,412.7 ± 76.73,0.0,433.0,71.96640373076369,1.6385902871325682,71.97 ± 1.639,69.1404037475586,80.19674682617188,70.23732062257886,1,3,1,4,1:290; 3:1; 4:7,7,0,0.0,model_dynamic,True,mckenzie2003,3.182632555372563,3.301517963409424,2.456717693805695,3.3700613975524902,3.747051477432251,4.126577181208053,4.33,4.33,0.7735052811596577,0.7651135772810798,7,0.0,0,0.0,0,0.0,0,0.0,0,0.0,0,0.0,270,893.2947821617126,20,55.06337773799896,0,0.0,0,0.0,1,0.0663416013121604,0,0.0,0,0.0,0,0.0,8.0,8.0,8.0,0.00625,0.025,0.025,0.0242545584541646
dynamic,model_dynamic/summary_timeseries.csv,20,11.2,298,119200.0,1163.189469015493,13.894024498215153,1163 ± 13.89,1137.762202113211,1207.9589303803102,1.841389161648076,1.6482838221713727,1.841 ± 1.648,0.0,8.393641714368602,0.3293223423770106,0.1729115169647366,0.3293 ± 0.1729,0.0374552451571063,1.0360879313856792,419.5268456375839,79.19600790805993,419.5 ± 79.2,0.0,441.0,74.90920331814145,1.7084956254552082,74.91 ± 1.708,72.06718444824219,83.24633026123047,70.19672826709916,1,3,1,4,1:290; 3:1; 4:7,7,0,0.0,model_dynamic,True,mckenzie2003,3.2016876396541827,3.335789680480957,2.3533310890197754,3.3700613975524902,3.792747259140015,4.195268456375839,4.41,4.41,0.7644842280977522,0.7581340182911266,7,0.0,0,0.0,0,0.0,0,0.0,0,0.0,0,0.0,270,900.6175103187561,20,53.44117856025696,0,0.0,0,0.0,1,0.0442277379333972,0,0.0,0,0.0,0,0.0,8.0,9.0,9.0,0.0124999999999999,0.0124999999999999,0.025,0.024278007357328
dynamic,model_dynamic/summary_timeseries.csv,20,11.1,298,119200.0,1163.1947263281186,13.8918128429666,1163 ± 13.89,1137.7785797072247,1207.9345651341605,1.8471833442877512,1.6566280776632654,1.847 ± 1.657,0.0,8.449593315873413,0.3289944007357335,0.1725777714500778,0.329 ± 0.1726,0.038386141934317,1.035392588366902,420.0771812080537,73.2819604057743,420.1 ± 73.28,0.0,439.0,76.94557919598266,1.5790497008723767,76.95 ± 1.579,74.21884155273438,85.54534149169922,70.15598542693579,1,3,1,4,1:291; 3:3; 4:4,4,0,0.0,model_dynamic,True,mckenzie2003,3.255802390771924,3.3814854621887207,2.7371754169464118,3.3814854621887207,3.7013556957244873,4.200771812080537,4.39,4.39,0.7785219462203156,0.7702700369450389,4,0.0,0,0.0,0,0.0,0,0.0,0,0.0,0,0.0,270,909.9051723480223,21,60.14702916145325,0,0.0,0,0.0,3,0.1769109405577182,0,0.0,0,0.0,0,0.0,8.0,9.0,9.0,0.0124999999999999,0.0124999999999999,0.025,0.0235562424171521
dynamic,model_dynamic/summary_timeseries.csv,20,11.0,298,119200.0,1163.20050549125,13.88939504015869,1163 ± 13.89,1137.7952328968809,1207.910292844001,1.853868045931316,1.6646930364432866,1.854 ± 1.665,0.0,8.506391066733094,0.3286467039771652,0.1722394136571326,0.3286 ± 0.1722,0.0393961691003488,1.034577093059326,427.6543624161074,61.80043111773941,427.7 ± 61.8,0.0,443.0,75.93533366158505,1.3686631476914166,75.94 ± 1.369,73.27483367919922,84.48174285888672,70.11505994712024,1,3,1,4,1:294; 3:2; 4:2,2,0,0.0,model_dynamic,True,mckenzie2003,3.2990545659707298,3.3814854621887207,3.0136345744133,3.4043333530426025,3.781323194503784,4.276543624161073,4.43,4.43,0.7735811107196584,0.7633150027514043,2,0.0,0,0.0,0,0.0,0,0.0,0,0.0,0,0.0,270,912.7383198738098,24,70.29148530960083,0,0.0,0,0.0,2,0.0884554758667945,0,0.0,0,0.0,0,0.0,8.0,9.0,9.0,0.0124999999999999,0.0124999999999999,0.025,0.0238155769258808
dynamic,model_dynamic/summary_timeseries.csv,20,10.9,298,119200.0,1163.2056478866937,13.887221934689467,1163 ± 13.89,1137.811829480897,1207.8856033290076,1.8594946723913108,1.6734016096305775,1.859 ± 1.673,0.0,8.56173752693843,0.3283200070321436,0.1719115303572945,0.3283 ± 0.1719,0.0405007427679826,1.0338044365444916,426.4429530201342,61.09277602593321,426.4 ± 61.09,0.0,442.0,74.7475528845051,1.3274583697180973,74.75 ± 1.327,72.78096771240234,83.1650619506836,70.07377384811093,1,3,1,4,1:294; 3:1; 4:3,3,0,0.0,model_dynamic,True,mckenzie2003,3.2912007018848755,3.3700613975524902,3.01934654712677,3.3814854621887207,3.792747259140015,4.264429530201343,4.41,4.42,0.7737010087830433,0.7650419597712038,3,0.0,0,0.0,0,0.0,0,0.0,0,0.0,0,0.0,270,909.939442396164,24,70.79413902759552,0,0.0,0,0.0,1,0.0442277379333972,0,0.0,0,0.0,0,0.0,8.0,9.0,9.0,0.0124999999999999,0.0124999999999999,0.025,0.0241171625423166
dynamic,model_dynamic/summary_timeseries.csv,20,10.8,298,119200.0,1163.2104611584718,13.885149273776278,1163 ± 13.89,1137.8283328141251,1207.8606319879157,1.8644790299952108,1.6822169929238222,1.864 ± 1.682,0.0,8.615568423316969,0.3280080847469537,0.1715919973798631,0.328 ± 0.1716,0.0416304658998681,1.0330963247593816,430.755033557047,64.32935173618284,430.8 ± 64.33,0.0,447.0,75.03880840019892,1.4430176186731118,75.04 ± 1.443,73.07357025146484,83.49646759033203,70.03229917379053,1,2,1,4,1:294; 4:4,4,0,0.0,model_dynamic,True,mckenzie2003,3.2981060319298865,3.4043333530426025,2.8468451738357547,3.4043333530426025,3.815594911575317,4.30755033557047,4.47,4.47,0.767087948803549,0.7615958284211639,4,0.0,0,0.0,0,0.0,0,0.0,0,0.0,0,0.0,270,914.291974067688,24,68.54362344741821,0,0.0,0,0.0,0,0.0,0,0.0,0,0.0,0,0.0,8.0,9.0,9.0,0.0125,0.0125000000000014,0.025,0.0239915951125836
dynamic,model_dynamic/summary_timeseries.csv,20,10.7,298,119200.0,1163.2153209662763,13.882985722862388,1163 ± 13.88,1137.8448968825485,1207.8356125279292,1.8696095264908985,1.6907710676106291,1.87 ± 1.691,0.0,8.669064743162972,0.3276965499773522,0.1712704195737937,0.3277 ± 0.1713,0.0427541469773679,1.0323762515865011,425.5469798657718,62.61691996078562,425.5 ± 62.62,0.0,442.0,77.74250196930547,1.3891726387683851,77.74 ± 1.389,75.78296661376953,85.98420715332031,69.99071564538099,1,2,1,4,1:294; 4:4,4,0,0.0,model_dynamic,True,mckenzie2003,3.2748747708013397,3.3700613975524902,2.8519859671592718,3.3814854621887207,3.792747259140015,4.255469798657718,4.41,4.42,0.7708851205777454,0.7641862579484104,4,0.0,0,0.0,0,0.0,0,0.0,0,0.0,0,0.0,271,911.1389575004578,23,64.77372419834137,0,0.0,0,0.0,0,0.0,0,0.0,0,0.0,0,0.0,8.0,9.0,9.0,0.0124999999999999,0.0124999999999999,0.025,0.0231129011818236
dynamic,model_dynamic/summary_timeseries.csv,20,10.6,298,119200.0,1163.220913990709,13.880553151960113,1163 ± 13.88,1137.8617929203274,1207.8108154479637,1.876096147672728,1.6986800783937877,1.876 ± 1.699,0.0,8.723760167421316,0.3273600668250499,0.1709396436903113,0.3274 ± 0.1709,0.0438224831511256,1.031510724721267,427.3523489932886,57.729989512497774,427.4 ± 57.73,0.0,441.0,74.13007690122464,1.2324856377322488,74.13 ± 1.232,71.41964721679688,82.76898193359375,69.94902252763632,1,3,1,4,1:294; 3:2; 4:2,2,0,0.0,model_dynamic,True,mckenzie2003,3.257379078375013,3.312941789627075,2.9702236652374268,3.3472135066986084,3.7584753036499023,4.273523489932886,4.41,4.41,0.765836816214384,0.7564148935330968,2,0.0,0,0.0,0,0.0,0,0.0,0,0.0,0,0.0,272,903.3592596054076,22,67.20702254772186,0,0.0,0,0.0,2,0.1326832026243209,0,0.0,0,0.0,0,0.0,8.0,9.0,9.0,0.0124999999999999,0.0124999999999999,0.025,0.0241684986917266
dynamic,model_dynamic/summary_timeseries.csv,20,10.5,298,119200.0,1163.225287963916,13.878703882199,1163 ± 13.88,1137.878337577234,1207.7874688044396,1.8803653894361765,1.707702049098685,1.88 ± 1.708,0.0,8.775252549629878,0.3270726176987168,0.1706362209602133,0.3271 ± 0.1706,0.0441752540925713,1.0308399927548622,426.2818791946309,63.123409599146704,426.3 ± 63.12,0.0,442.0,76.26235286021392,1.390055820639289,76.26 ± 1.39,73.53885650634766,84.38431549072266,69.90913122720553,1,2,1,4,1:294; 4:4,4,0,0.0,model_dynamic,True,mckenzie2003,3.2485000171117333,3.335789680480957,2.832565259933472,3.3700613975524902,3.7584753036499023,4.26281879194631,4.42,4.42,0.7634691738524191,0.757288123687468,4,0.0,0,0.0,0,0.0,0,0.0,0,0.0,0,0.0,273,910.7619597911836,21,57.2910453081131,0,0.0,0,0.0,0,0.0,0,0.0,0,0.0,0,0.0,8.0,9.0,9.0,0.0124999999999999,0.0124999999999999,0.025,0.0234714072162747
dynamic,model_dynamic/summary_timeseries.csv,20,10.4,298,119200.0,1163.2305373822971,13.876429623539282,1163 ± 13.88,1137.8951487215882,1207.76387226392,1.8861060486754488,1.7157407389826476,1.886 ± 1.716,0.0,8.827642285201403,0.3267573626510665,0.1703211043319064,0.3268 ± 0.1703,0.0442309804119217,1.03005882811631,416.83557046979865,57.86454162692986,416.8 ± 57.86,0.0,431.0,74.13556223107665,1.2461299693208847,74.14 ± 1.246,72.11659240722656,82.43489837646484,69.86872354233196,1,2,1,4,1:294; 4:4,4,0,0.0,model_dynamic,True,mckenzie2003,3.2360411082338167,3.301517963409424,2.9702236652374268,3.335789680480957,3.747051477432251,4.168355704697987,4.3,4.3100000000000005,0.7780250809128949,0.7686639883125463,4,0.0,0,0.0,0,0.0,0,0.0,0,0.0,0,0.0,273,902.6966848373412,21,61.64356541633606,0,0.0,0,0.0,0,0.0,0,0.0,0,0.0,0,0.0,8.0,9.0,9.0,0.0124999999999999,0.0124999999999999,0.025,0.0240747750543979
dynamic,model_dynamic/summary_timeseries.csv,20,10.3,298,119200.0,1163.235205079336,13.87443695089702,1163 ± 13.87,1137.9117646521313,1207.7394445384116,1.890663891709041,1.7243237687819084,1.891 ± 1.724,0.0,8.878008206128582,0.3264727499909502,0.1700226979317116,0.3265 ± 0.17,0.0442854070668985,1.0293978804469543,421.255033557047,61.35977677768171,421.3 ± 61.36,0.0,436.0,76.62599125804518,1.3717942032977526,76.63 ± 1.372,74.5101318359375,84.90442657470703,69.8276798862803,1,2,1,4,1:294; 4:4,4,0,0.0,model_dynamic,True,mckenzie2003,3.271922882771332,3.3700613975524902,2.833136320114136,3.3700613975524902,3.7584753036499023,4.212550335570469,4.36,4.36,0.7779115396515839,0.7729498618239656,4,0.0,0,0.0,0,0.0,0,0.0,0,0.0,0,0.0,274,919.7297389507294,20,55.30328011512756,0,0.0,0,0.0,0,0.0,0,0.0,0,0.0,0,0.0,8.0,9.0,9.0,0.0125,0.0125000000000014,0.025,0.0232663591320197
dynamic,model_dynamic/summary_timeseries.csv,20,10.2,298,119200.0,1163.2406089052674,13.872100063857769,1163 ± 13.87,1137.9286898297753,1207.715004925995,1.8965884499162429,1.7321352493282125,1.897 ± 1.732,0.0,8.92949371476425,0.32616035045814,0.1697124205267727,0.3262 ± 0.1697,0.0443418254327364,1.0286022073424053,422.7181208053692,57.566078814052254,422.7 ± 57.57,0.0,436.0,79.48140839442311,1.2439044508432058,79.48 ± 1.244,77.50086975097656,88.23599243164062,69.7863150962196,1,3,1,4,1:294; 3:2; 4:2,2,0,0.0,model_dynamic,True,mckenzie2003,3.264823492616415,3.335789680480957,2.930811154842377,3.3700613975524902,3.781323194503784,4.227181208053692,4.36,4.36,0.7826224473464801,0.7677095198850019,2,0.0,0,0.0,0,0.0,0,0.0,0,0.0,0,0.0,275,916.9537346363068,19,55.897324562072754,0,0.0,0,0.0,2,0.0663416013121604,0,0.0,0,0.0,0,0.0,8.0,9.0,9.0,0.0124999999999999,0.0124999999999999,0.025,0.022373446964345
dynamic,model_dynamic/summary_timeseries.csv,20,10.1,298,119200.0,1163.2466531412504,13.869578865731787,1163 ± 13.87,1137.9459861286148,1207.690582959581,1.903759415666632,1.739584978730113,1.904 ± 1.74,0.0,8.982155480375766,0.3258262077447237,0.1693961229442096,0.3258 ± 0.1694,0.0444005355496321,1.027659243380848,426.6275167785235,47.010053699896666,426.6 ± 47.01,0.0,437.0,76.77723550476483,1.0670253727703518,76.78 ± 1.067,74.29100036621094,85.39314270019531,69.7445968309662,1,2,1,4,1:296; 4:2,2,0,0.0,model_dynamic,True,mckenzie2003,3.308993179526105,3.3700613975524902,3.050191164016724,3.3700613975524902,3.724203586578369,4.266275167785235,4.37,4.37,0.776756740924403,0.7711810978380984,2,0.0,0,0.0,0,0.0,0,0.0,0,0.0,0,0.0,278,933.4841601848602,18,52.59580731391907,0,0.0,0,0.0,0,0.0,0,0.0,0,0.0,0,0.0,8.0,9.0,9.0,0.0124999999999999,0.0124999999999999,0.025,0.0230814729200426
dynamic,model_dynamic/summary_timeseries.csv,20,10.0,298,119200.0,1163.2517167160347,13.867460996524,1163 ± 13.87,1137.9630265759492,1207.6650702869963,1.909096769128361,1.747986086457259,1.909 ± 1.748,0.0,9.032296647138022,0.3255283597983718,0.1690986312402397,0.3255 ± 0.1691,0.0444578320929356,1.026839747874788,423.7348993288591,49.67255386569329,423.7 ± 49.67,0.0,435.0,73.81392871933495,1.1494132823563634,73.81 ± 1.149,71.73540496826172,82.39282989501953,69.70204371104728,1,2,1,4,1:296; 4:2,2,0,0.0,model_dynamic,True,mckenzie2003,3.29722422901416,3.3700613975524902,3.050191164016724,3.3700613975524902,3.747051477432251,4.237348993288591,4.3500000000000005,4.3500000000000005,0.7791295066237217,0.7747267580580436,2,0.0,0,0.0,0,0.0,0,0.0,0,0.0,0,0.0,278,933.5869777202606,18,48.985842525959015,0,0.0,0,0.0,0,0.0,0,0.0,0,0.0,0,0.0,8.0,9.0,9.0,0.0124999999999999,0.0124999999999999,0.025,0.0239758536071559
dynamic,model_dynamic/summary_timeseries.csv,20,9.9,298,119200.0,1163.2558067967004,13.865641015430588,1163 ± 13.87,1137.9797547175058,1207.6392942394114,1.912825034955532,1.756477666112496,1.913 ± 1.756,0.0,9.079982248602263,0.3252700915633521,0.1688151632591944,0.3253 ± 0.1688,0.0445132923970943,1.0261928464635368,425.8590604026846,60.86920956397135,425.9 ± 60.87,0.0,440.0,76.81987972387532,1.3316889345689704,76.82 ± 1.332,74.86422729492188,85.31328582763672,69.65953952190557,1,3,1,4,1:294; 3:1; 4:3,3,0,0.0,model_dynamic,True,mckenzie2003,3.284838321562481,3.3814854621887207,2.899966418743133,3.3814854621887207,3.724203586578369,4.258590604026844,4.4,4.4,0.781068768122235,0.7685194232247092,3,0.0,0,0.0,0,0.0,0,0.0,0,0.0,0,0.0,278,937.4254522323608,16,41.42319679260254,0,0.0,0,0.0,1,0.0331708006560802,0,0.0,0,0.0,0,0.0,8.0,9.0,9.0,0.0124999999999999,0.0124999999999999,0.025,0.0230012261531573
dynamic,model_dynamic/summary_timeseries.csv,20,9.8,298,119200.0,1163.261007909683,13.863307635777918,1163 ± 13.86,1137.9968590203855,1207.613794471701,1.918466701975832,1.7638312640110492,1.918 ± 1.764,0.0,9.129088067012413,0.3249696846926752,0.1685156700367484,0.325 ± 0.1685,0.0445705757294666,1.0253866314997695,426.5302013422819,56.71760460184775,426.5 ± 56.72,0.0,440.0,74.82536886842459,1.1965455936177565,74.83 ± 1.197,72.9775390625,83.76292419433594,69.61693545131584,1,3,1,4,1:294; 3:2; 4:2,2,0,0.0,model_dynamic,True,mckenzie2003,3.274366508519289,3.3472135066986084,3.0159194469451904,3.3700613975524902,3.781323194503784,4.265302013422819,4.39,4.4,0.769469801097189,0.7624632133709814,2,0.0,0,0.0,0,0.0,0,0.0,0,0.0,0,0.0,278,929.3715465068816,16,46.30121755599976,0,0.0,0,0.0,2,0.0884554758667945,0,0.0,0,0.0,0,0.0,8.0,9.0,9.0,0.0125,0.0125000000000014,0.025,0.0235581717659164
dynamic,model_dynamic/summary_timeseries.csv,20,9.7,298,119200.0,1163.2654408195797,13.861368824648162,1163 ± 13.86,1138.0137830354358,1207.5881358662448,1.9227719574703444,1.7719164158146548,1.923 ± 1.772,0.0,9.176343925732764,0.3247018181121088,0.1682354856292371,0.3247 ± 0.1682,0.0446264391460212,1.024693920274136,427.5335570469799,59.12346779743553,427.5 ± 59.12,0.0,441.0,79.36741213190476,1.2469455993656189,79.37 ± 1.247,77.48863983154297,87.86392974853516,69.57435283080895,1,2,1,4,1:294; 4:4,4,0,0.0,model_dynamic,True,mckenzie2003,3.2828101491768087,3.3700613975524902,2.953659045696259,3.3814854621887207,3.792747259140015,4.2753355704698,4.41,4.41,0.7693238207734917,0.7641862579484104,4,0.0,0,0.0,0,0.0,0,0.0,0,0.0,0,0.0,277,930.730997800827,17,47.546426653862,0,0.0,0,0.0,0,0.0,0,0.0,0,0.0,0,0.0,8.0,9.0,9.0,0.0124999999999999,0.0124999999999999,0.025,0.0221729714480344
dynamic,model_dynamic/summary_timeseries.csv,20,9.6,298,119200.0,1163.2712140156773,13.858846024286676,1163 ± 13.86,1138.0312605626316,1207.5628476582035,1.9295400211599527,1.778749064140546,1.93 ± 1.779,0.0,9.22581984380514,0.3243838668795902,0.1679327563825723,0.3244 ± 0.1679,0.0446857427189318,1.0237565279062286,434.5872483221477,47.77078350684442,434.6 ± 47.77,0.0,445.0,79.99225782868047,1.0588913467911305,79.99 ± 1.059,77.4349594116211,88.8553237915039,69.53158709557192,1,3,1,4,1:296; 3:1; 4:1,1,0,0.0,model_dynamic,True,mckenzie2003,3.3215239656676583,3.3700613975524902,3.187278509140014,3.4043333530426025,3.792747259140015,4.345872483221477,4.45,4.45,0.7659361477150368,0.7573171679893236,1,0.0,0,0.0,0,0.0,0,0.0,0,0.0,0,0.0,277,933.0272176265717,19,56.74269640445709,0,0.0,0,0.0,1,0.0442277379333972,0,0.0,0,0.0,0,0.0,8.0,9.0,9.0,0.0124999999999999,0.0124999999999999,0.025,0.0218980905268998
dynamic,model_dynamic/summary_timeseries.csv,20,9.5,298,119200.0,1163.2768181695633,13.856462324600717,1163 ± 13.86,1138.0488676476991,1207.5373418191302,1.93607466292704,1.785978940047182,1.936 ± 1.786,0.0,9.274919136054828,0.3240736865372755,0.1676360214547101,0.3241 ± 0.1676,0.0443432505663831,1.02276969348595,426.241610738255,42.61449654197885,426.2 ± 42.61,0.0,435.0,80.03539217238458,0.9681181832812878,80.04 ± 0.9681,77.43931579589844,89.05467987060547,69.48847417143111,1,3,1,4,1:296; 3:1; 4:1,1,0,0.0,model_dynamic,True,mckenzie2003,3.3199868090200746,3.3700613975524902,3.221550226211548,3.3700613975524902,3.724203586578369,4.262416107382551,4.3500000000000005,4.3500000000000005,0.7813622475864048,0.7747267580580436,1,0.0,0,0.0,0,0.0,0,0.0,0,0.0,0,0.0,279,936.5914726257324,17,52.68719792366028,0,0.0,0,0.0,1,0.0773985385894775,0,0.0,0,0.0,0,0.0,8.0,9.0,9.0,0.0124999999999999,0.0124999999999999,0.025,0.0218786730088516
dynamic,model_dynamic/summary_timeseries.csv,20,9.4,298,119200.0,1163.2824073660836,13.854050217112876,1163 ± 13.85,1138.06651544745,1207.5115360578573,1.9425107528040144,1.7932378699630296,1.943 ± 1.793,0.0,9.323290321653426,0.3237641759123001,0.1673430239441869,0.3238 ± 0.1673,0.0436185491721476,1.0217681852842189,434.88926174496646,38.49628874457882,434.9 ± 38.5,0.0,443.0,77.56331455307519,0.9103352801530156,77.56 ± 0.9103,75.05652618408203,86.19078826904297,69.44502061040725,1,2,1,4,1:297; 4:1,1,0,0.0,model_dynamic,True,mckenzie2003,3.331879416168136,3.3700613975524902,3.312941789627075,3.3814854621887207,3.792747259140015,4.348892617449664,4.43,4.43,0.7674723681319172,0.7607362071224584,1,0.0,0,0.0,0,0.0,0,0.0,0,0.0,0,0.0,279,937.493970155716,18,55.40609586238861,0,0.0,0,0.0,0,0.0,0,0.0,0,0.0,0,0.0,8.0,9.0,9.0,0.0124999999999999,0.0124999999999999,0.025,0.0223934352816241
dynamic,model_dynamic/summary_timeseries.csv,20,9.3,298,119200.0,1163.2871064363994,13.851998154518997,1163 ± 13.85,1138.0839192523058,1207.4852831855858,1.947383281498472,1.8012352934375293,1.947 ± 1.801,0.0,9.36952733767616,0.3234871647444303,0.1670650936182753,0.3235 ± 0.1671,0.0428858770017391,1.020888321283848,435.1174496644296,46.56102617636836,435.1 ± 46.56,0.0,445.0,76.47937958992567,1.0467369733977523,76.48 ± 1.047,74.3670654296875,85.30284118652344,69.40136393327998,1,3,1,4,1:296; 3:1; 4:1,1,0,0.0,model_dynamic,True,mckenzie2003,3.322827410040386,3.3472135066986084,3.2409709334373478,3.4043333530426025,3.792747259140015,4.351174496644296,4.45,4.45,0.7649259608606339,0.7615958248172794,1,0.0,0,0.0,0,0.0,0,0.0,0,0.0,0,0.0,278,935.9974541664124,18,54.16088628768921,0,0.0,0,0.0,1,0.0442277379333972,0,0.0,0,0.0,0,0.0,8.0,9.0,9.0,0.0125,0.0125000000000014,0.025,0.023202008162828
dynamic,model_dynamic/summary_timeseries.csv,20,9.2,298,119200.0,1163.2916945342165,13.84997969645974,1163 ± 13.85,1138.1012285099578,1207.458951359127,1.951945595825597,1.8091502533522668,1.952 ± 1.809,0.0,9.414621596706908,0.3232158202248618,0.166795257924418,0.3232 ± 0.1668,0.0421591836583561,1.0200734243995155,437.8657718120805,50.451007229237504,437.9 ± 50.45,0.0,449.0,77.17397541327765,1.1045930231665997,77.17 ± 1.105,74.82244873046875,85.85862731933594,69.35772284916925,1,2,1,4,1:296; 4:2,2,0,0.0,model_dynamic,True,mckenzie2003,3.3112549989815525,3.3700613975524902,3.1530065536499023,3.3814854621887207,3.7584753036499023,4.378657718120807,4.49,4.49,0.7575764254181853,0.7505704671609109,2,0.0,0,0.0,0,0.0,0,0.0,0,0.0,0,0.0,278,936.3744270801544,18,50.37956261634827,0,0.0,0,0.0,0,0.0,0,0.0,0,0.0,0,0.0,8.0,9.0,9.0,0.0124999999999999,0.0124999999999999,0.025,0.0229740794885295
dynamic,model_dynamic/summary_timeseries.csv,20,9.1,298,119200.0,1163.2966072961049,13.847796389797136,1163 ± 13.85,1138.1186541694756,1207.4327600006125,1.957049462300363,1.816600617250974,1.957 ± 1.817,0.0,9.459604625911169,0.3229312405117244,0.1665244123174277,0.3229 ± 0.1665,0.0414509360431709,1.0192295206405153,437.8557046979866,49.94193928624704,437.9 ± 49.94,0.0,449.0,78.18272594477506,1.1070567446299897,78.18 ± 1.107,76.35533905029297,87.15314483642578,69.31410583113689,1,2,1,4,1:296; 4:2,2,0,0.0,model_dynamic,True,mckenzie2003,3.3162002823496826,3.3700613975524902,3.167286503314972,3.3814854621887207,3.781323194503784,4.378557046979866,4.49,4.49,0.7587920247901836,0.7531148022692028,2,0.0,0,0.0,0,0.0,0,0.0,0,0.0,0,0.0,278,937.76815366745,18,50.45953047275543,0,0.0,0,0.0,0,0.0,0,0.0,0,0.0,0,0.0,8.0,9.0,9.0,0.0124999999999999,0.0124999999999999,0.025,0.022604599624397
dynamic,model_dynamic/summary_timeseries.csv,20,9.0,298,119200.0,1163.3018808430345,13.845458191051309,1163 ± 13.85,1138.1362377597566,1207.4066768478997,1.962737233900391,1.8237370988461865,1.963 ± 1.824,0.0,9.50458015386984,0.3226317802524339,0.1662543189162166,0.3226 ± 0.1663,0.040763234138192,1.0183321757861497,434.1241610738255,46.74134187636878,434.1 ± 46.74,0.0,445.0,79.43131765583217,1.0053612950919684,79.43 ± 1.005,77.58804321289062,88.2214126586914,69.27043908814312,1,2,1,4,1:296; 4:2,2,0,0.0,model_dynamic,True,mckenzie2003,3.313248396319831,3.3700613975524902,3.216409468650818,3.3700613975524902,3.781323194503784,4.341241610738256,4.44,4.45,0.7648164267748182,0.7590228372865968,2,0.0,0,0.0,0,0.0,0,0.0,0,0.0,0,0.0,278,934.478040933609,18,52.86998116970062,0,0.0,0,0.0,0,0.0,0,0.0,0,0.0,0,0.0,8.0,9.0,9.0,0.0124999999999999,0.0124999999999999,0.025,0.0221869294984439
dynamic,model_dynamic/summary_timeseries.csv,20,8.9,298,119200.0,1163.30753311466,13.842956710959845,1163 ± 13.84,1138.1540082370627,1207.380727725921,1.969026591989619,1.8305639380492245,1.969 ± 1.831,0.0,9.549634099247116,0.3223228094270349,0.1659891315036634,0.3223 ± 0.166,0.0400987821569867,1.0173682545580605,424.5939597315436,41.64583292187548,424.6 ± 41.65,0.0,433.0,74.93454314878323,0.8701730901597845,74.93 ± 0.8702,72.55037689208984,83.57976531982422,69.22671948885818,1,3,1,4,1:296; 3:1; 4:1,1,0,0.0,model_dynamic,True,mckenzie2003,3.3074140747471543,3.335789680480957,3.301517963409424,3.3700613975524902,3.724203586578369,4.245939597315434,4.33,4.33,0.7816393648237884,0.7730285234869765,1,0.0,0,0.0,0,0.0,0,0.0,0,0.0,0,0.0,278,928.823204278946,18,56.71984839439392,0,0.0,0,0.0,1,0.0663416013121604,0,0.0,0,0.0,0,0.0,8.0,9.0,9.0,0.0124999999999999,0.0124999999999999,0.025,0.023166769483799
dynamic,model_dynamic/summary_timeseries.csv,20,8.8,298,119200.0,1163.3120081533775,13.840920569618714,1163 ± 13.84,1138.171291819495,1207.354424322465,1.9729810016876956,1.8383877954068717,1.973 ± 1.838,0.0,9.591506477590332,0.3220636842475565,0.1657554643591909,0.3221 ± 0.1658,0.039426442050487,1.0166497019309113,419.82214765100673,51.56176897225956,419.8 ± 51.56,0.0,431.0,75.14755937717105,1.092589255518759,75.15 ± 1.093,73.2413101196289,83.65111541748047,69.18313250297001,1,3,1,4,1:295; 3:1; 4:2,2,0,0.0,model_dynamic,True,mckenzie2003,3.2766654005636706,3.3472135066986084,3.061615228652954,3.3472135066986084,3.7013556957244873,4.198221476510068,4.3100000000000005,4.3100000000000005,0.783574849220822,0.7766156628071016,2,0.0,0,0.0,0,0.0,0,0.0,0,0.0,0,0.0,278,928.5832951068878,17,47.763481855392456,0,0.0,0,0.0,1,0.099512405693531,0,0.0,0,0.0,0,0.0,8.0,9.0,9.0,0.0125,0.0125000000000014,0.025,0.0220554390972976
dynamic,model_dynamic/summary_timeseries.csv,20,8.7,298,119200.0,1163.3167756246237,13.8387178989675,1163 ± 13.84,1138.188608219566,1207.3283314896246,1.977418013836084,1.845612603433281,1.977 ± 1.846,0.0,9.633027013355113,0.321793815184476,0.1655153150877975,0.3218 ± 0.1655,0.0387736485476113,1.015937958498144,430.63422818791946,55.64017701472389,430.6 ± 55.64,0.0,443.0,77.66190176842197,1.188681009960588,77.66 ± 1.189,75.79200744628906,86.18030548095703,69.13972327005854,1,3,1,4,1:295; 3:1; 4:2,2,0,0.0,model_dynamic,True,mckenzie2003,3.281881465607841,3.3472135066986084,2.9845036149024966,3.3717750072479244,3.7584753036499023,4.3063422818791945,4.43,4.43,0.7645586877529703,0.7607362071224584,2,0.0,0,0.0,0,0.0,0,0.0,0,0.0,0,0.0,279,936.0773959159852,16,41.8458822965622,0,0.0,0,0.0,1,0.0773985385894775,0,0.0,0,0.0,0,0.0,8.0,9.0,9.0,0.0124999999999999,0.0124999999999999,0.025,0.0200037057761713
dynamic,model_dynamic/summary_timeseries.csv,20,8.6,298,119200.0,1163.3223340530296,13.836215234213576,1163 ± 13.84,1138.2062638055943,1207.3025470030498,1.9832548896349853,1.852131162529748,1.983 ± 1.852,0.0,9.67542303908792,0.3214950912419853,0.1652640771473453,0.3215 ± 0.1653,0.038155014391934,1.0150952557534456,429.03691275167785,47.57214916002636,429 ± 47.57,0.0,440.0,78.5380313796485,1.0119144007751095,78.54 ± 1.012,76.56483459472656,86.90135955810547,69.09628319745525,1,2,1,4,1:296; 4:2,2,0,0.0,model_dynamic,True,mckenzie2003,3.314628521468016,3.3700613975524902,3.2101263999938965,3.3814854621887207,3.747051477432251,4.290369127516779,4.39,4.4,0.7739114516416072,0.767667744317196,2,0.0,0,0.0,0,0.0,0,0.0,0,0.0,0,0.0,279,940.1557528972626,17,47.603546500206,0,0.0,0,0.0,0,0.0,0,0.0,0,0.0,0,0.0,8.0,9.0,9.0,0.0124999999999999,0.0124999999999999,0.025,0.019996637404301
dynamic,model_dynamic/summary_timeseries.csv,20,8.5,298,119200.0,1163.3278616262494,13.833770541689248,1163 ± 13.83,1138.2240771514444,1207.2768722161854,1.9891323452747376,1.8587852175928772,1.989 ± 1.859,0.0,9.717690184587362,0.3211996962249149,0.1650152104953569,0.3212 ± 0.165,0.0375600259925197,1.0142018673600224,430.87919463087246,50.07181590819999,430.9 ± 50.07,0.0,441.0,79.69764914288616,1.016236677075573,79.7 ± 1.016,77.37007904052734,88.29522705078125,69.05279506474108,1,3,1,4,1:295; 3:1; 4:2,2,0,0.0,model_dynamic,True,mckenzie2003,3.296603488317072,3.3472135066986084,3.312941789627075,3.3700613975524902,3.792747259140015,4.308791946308725,4.41,4.41,0.7677562643584306,0.7590053303171448,2,0.0,0,0.0,0,0.0,0,0.0,0,0.0,0,0.0,279,933.5755577087402,16,48.74594020843506,0,0.0,0,0.0,1,0.0663416013121604,0,0.0,0,0.0,0,0.0,8.0,9.0,9.0,0.0124999999999999,0.0124999999999999,0.025,0.0192507964964098
dynamic,model_dynamic/summary_timeseries.csv,20,8.4,298,119200.0,1163.3336586207597,13.831233344860255,1163 ± 13.83,1138.2420643706391,1207.2512668619677,1.9954817248158183,1.86523468134166,1.995 ± 1.865,0.0,9.759914669316796,0.3208960129140263,0.1647653970688686,0.3209 ± 0.1648,0.036991914499656,1.0132453270773567,437.4563758389262,49.18305530512856,437.5 ± 49.18,0.0,447.0,80.5480016413951,1.0290642523971685,80.55 ± 1.029,77.97950744628906,89.45651245117188,69.00920249132832,1,3,1,4,1:295; 3:2; 4:1,1,0,0.0,model_dynamic,True,mckenzie2003,3.338460839372253,3.3814854621887207,3.335789680480957,3.4043333530426025,3.792747259140015,4.374563758389262,4.47,4.47,0.7660781087795384,0.7564844434426669,1,0.0,0,0.0,0,0.0,0,0.0,0,0.0,0,0.0,279,943.6971852779388,16,51.05357551574707,0,0.0,0,0.0,2,0.1105693392455577,0,0.0,0,0.0,0,0.0,8.0,9.0,9.0,0.0124999999999999,0.0124999999999999,0.025,0.0189484817175723
dynamic,model_dynamic/summary_timeseries.csv,20,8.3,298,119200.0,1163.3396168543889,13.828669370273792,1163 ± 13.83,1138.2602024244554,1207.2256011417508,2.002108404969194,1.87163841004629,2.002 ± 1.872,0.0,9.801935294297866,0.3205870659927327,0.1645163503103014,0.3206 ± 0.1645,0.0364473500765495,1.0122357942124205,432.8959731543624,43.28948037689171,432.9 ± 43.29,0.0,441.0,78.6156826915357,0.962061534254422,78.62 ± 0.9621,76.37142181396484,87.4361343383789,68.96539871729533,1,3,1,4,1:296; 3:1; 4:1,1,0,0.0,model_dynamic,True,mckenzie2003,3.3124347989191145,3.335789680480957,3.3112282156944275,3.3814854621887207,3.792747259140015,4.328959731543625,4.41,4.41,0.7675023743151537,0.7564148935330968,1,0.0,0,0.0,0,0.0,0,0.0,0,0.0,0,0.0,279,932.3075122833252,17,54.720659255981445,0,0.0,0,0.0,1,0.0773985385894775,0,0.0,0,0.0,0,0.0,8.0,9.0,9.0,0.0125,0.0125000000000014,0.025,0.019330451343497
dynamic,model_dynamic/summary_timeseries.csv,20,8.2,298,119200.0,1163.344920252836,13.82635105057336,1163 ± 13.83,1138.2781347092275,1207.1995960824763,2.007537934776105,1.8785948609698069,2.008 ± 1.879,0.0,9.842317221763626,0.3203030211766127,0.1642807609995566,0.3203 ± 0.1643,0.0359072963407563,1.0113228147328053,431.88926174496646,48.69034280024444,431.9 ± 48.69,0.0,441.0,80.02397061034337,1.0189128598616957,80.02 ± 1.019,77.87371826171875,88.72589874267578,68.9214613732488,1,3,1,4,1:295; 3:1; 4:2,2,0,0.0,model_dynamic,True,mckenzie2003,3.294338039728819,3.335789680480957,3.301517963409424,3.3472135066986084,3.781323194503784,4.318892617449665,4.41,4.41,0.765173552588148,0.7564148935330968,2,0.0,0,0.0,0,0.0,0,0.0,0,0.0,0,0.0,280,933.5184473991394,15,48.09477603435517,0,0.0,0,0.0,1,0.099512405693531,0,0.0,0,0.0,0,0.0,8.0,9.0,9.0,0.0124999999999999,0.0124999999999999,0.025,0.0135921904793312
dynamic,model_dynamic/summary_timeseries.csv,20,8.1,298,119200.0,1163.3506802307747,13.823849223663569,1163 ± 13.82,1138.2962702874288,1207.1737580599522,2.013793203726885,1.8850272196131768,2.014 ± 1.885,0.0,9.882856377263774,0.3200015096530114,0.1640389063199141,0.32 ± 0.164,0.0354000960967011,1.01034008938028,432.0,43.516794567109066,432 ± 43.52,0.0,441.0,79.66359408589817,0.936239278514833,79.66 ± 0.9362,77.55945587158203,88.07029724121094,68.87748777252341,1,2,1,4,1:296; 4:2,2,0,0.0,model_dynamic,True,mckenzie2003,3.321452222414465,3.3586374521255493,3.301517963409424,3.3814854621887207,3.792747259140015,4.319999999999999,4.4,4.41,0.7699618503438714,0.7659230448982932,2,0.0,0,0.0,0,0.0,0,0.0,0,0.0,0,0.0,280,938.9219701290132,16,50.87079215049744,0,0.0,0,0.0,0,0.0,0,0.0,0,0.0,0,0.0,8.0,9.0,9.0,0.0124999999999999,0.0124999999999999,0.025,0.0138226482675227
dynamic,model_dynamic/summary_timeseries.csv,20,8.0,298,119200.0,1163.3562593189306,13.821431113558598,1163 ± 13.82,1138.3144073816864,1207.147767762503,2.0196951359987056,1.8916538815144377,2.02 ± 1.892,0.0,9.922649548256326,0.3197075040155449,0.1638038246951794,0.3197 ± 0.1638,0.0349107395982527,1.009368416209445,441.3859060402685,45.09775440492587,441.4 ± 45.1,0.0,450.0,80.63504524999017,0.970188538254818,80.64 ± 0.9702,78.47875213623047,89.14903259277344,68.83336038081666,1,2,1,4,1:296; 4:2,2,0,0.0,model_dynamic,True,mckenzie2003,3.318500350785736,3.3472135066986084,3.335789680480957,3.3700613975524902,3.792747259140015,4.413859060402684,4.5,4.5,0.7529582735550567,0.7438252237108018,2,0.0,0,0.0,0,0.0,0,0.0,0,0.0,0,0.0,280,938.1337037086488,16,50.77940082550049,0,0.0,0,0.0,0,0.0,0,0.0,0,0.0,0,0.0,8.0,9.0,9.0,0.0124999999999999,0.0124999999999999,0.025,0.0136308013980909
dynamic,model_dynamic/summary_timeseries.csv,20,7.9,298,119200.0,1163.3620907674103,13.81893359724444,1163 ± 13.82,1138.3327002020746,1207.121874644659,2.0260459563369926,1.898026492392103,2.026 ± 1.898,0.0,9.96237288629415,0.3194043921531105,0.1635669249842076,0.3194 ± 0.1636,0.0344527435498229,1.0083455864234154,442.0771812080537,43.53056570323517,442.1 ± 43.53,0.0,450.0,82.74093113329586,0.9454443765308262,82.74 ± 0.9454,80.26310729980469,91.39147186279295,68.78917444258468,1,2,1,4,1:296; 4:2,2,0,0.0,model_dynamic,True,mckenzie2003,3.325285708744254,3.3472135066986084,3.335789680480957,3.3700613975524902,3.815594911575317,4.420771812080537,4.5,4.5,0.753375020329101,0.7438252237108018,2,0.0,0,0.0,0,0.0,0,0.0,0,0.0,0,0.0,280,938.5906610488892,16,52.3444801568985,0,0.0,0,0.0,0,0.0,0,0.0,0,0.0,0,0.0,8.0,9.0,9.0,0.0125,0.0125000000000005,0.025,0.0138456120904613
dynamic,model_dynamic/summary_timeseries.csv,20,7.8,298,119200.0,1163.3684646892018,13.816245573712616,1163 ± 13.82,1138.351290448583,1207.096162866626,2.0333863215547354,1.9039534814442232,2.033 ± 1.904,0.0,10.00256086058882,0.3190837964246371,0.1633231494312388,0.3191 ± 0.1633,0.0340355432208202,1.0072122085887396,440.6677852348993,40.27773173377948,440.7 ± 40.28,0.0,448.0,83.21208167876173,0.8650696344275454,83.21 ± 0.8651,80.81891632080078,91.95006561279295,68.74487241804286,1,3,1,4,1:296; 3:1; 4:1,1,0,0.0,model_dynamic,True,mckenzie2003,3.319411830614077,3.335789680480957,3.312941789627075,3.3814854621887207,3.815594911575317,4.406677852348993,4.47,4.48,0.7551458718752744,0.7462616734856727,1,0.0,0,0.0,0,0.0,0,0.0,0,0.0,0,0.0,280,933.56414437294,16,55.543182611465454,0,0.0,0,0.0,1,0.0773985385894775,0,0.0,0,0.0,0,0.0,8.0,9.0,9.0,0.0124999999999999,0.0124999999999999,0.025,0.0139675527875027
dynamic,model_dynamic/summary_timeseries.csv,20,7.7,298,119200.0,1163.3748617277,13.813521613659551,1163 ± 13.81,1138.3699793646044,1207.0702713828236,2.040745451854044,1.9099053310441936,2.041 ± 1.91,0.0,10.042400280115174,0.3187634034256225,0.1630809320409387,0.3188 ± 0.1631,0.0336439532145559,1.0060448669084328,442.0973154362416,34.71021830150429,442.1 ± 34.71,0.0,448.0,80.75866980840696,0.8162889428707302,80.76 ± 0.8163,78.97477722167969,89.45838165283203,68.70029201821922,1,2,1,4,1:297; 4:1,1,0,0.0,model_dynamic,True,mckenzie2003,3.377536908892177,3.3814854621887207,3.366634213924408,3.4043333530426025,3.792747259140015,4.420973154362417,4.48,4.48,0.7648988863398507,0.7547958620956965,1,0.0,0,0.0,0,0.0,0,0.0,0,0.0,0,0.0,280,948.8151156902312,17,57.69088315963745,0,0.0,0,0.0,0,0.0,0,0.0,0,0.0,0,0.0,8.0,9.0,9.0,0.0125,0.0125000000000005,0.025,0.0141325721597006
dynamic,model_dynamic/summary_timeseries.csv,20,7.6,298,119200.0,1163.380464127108,13.811054043985417,1163 ± 13.81,1138.388410140087,1207.043761909583,2.046619944577918,1.9165338394055944,2.047 ± 1.917,0.0,10.080779570121283,0.31846748983836,0.1628526512657625,0.3185 ± 0.1629,0.0332524584953586,1.0049841599533784,440.4194630872484,41.91884805824841,440.4 ± 41.92,0.0,448.0,83.08308423445528,0.9211196541653373,83.08 ± 0.9211,81.0817642211914,91.72320556640624,68.65535176949606,1,3,1,4,1:296; 3:1; 4:1,1,0,0.0,model_dynamic,True,mckenzie2003,3.3261180154279173,3.3472135066986084,3.335789680480957,3.3700613975524902,3.792747259140015,4.404194630872484,4.47,4.48,0.7578138328878355,0.7471458720309393,1,0.0,0,0.0,0,0.0,0,0.0,0,0.0,0,0.0,280,936.4886598587036,16,54.59499633312225,0,0.0,0,0.0,1,0.099512405693531,0,0.0,0,0.0,0,0.0,8.0,9.0,9.0,0.0124999999999999,0.0124999999999999,0.025,0.013876994691671
dynamic,model_dynamic/summary_timeseries.csv,20,7.5,298,119200.0,1163.386776982367,13.808338911532218,1163 ± 13.81,1138.4071579420977,1207.0175326449366,2.053773351314526,1.922433876640229,2.054 ± 1.922,0.0,10.119669711136783,0.318148555979186,0.162614259890993,0.3181 ± 0.1626,0.0329085673615648,1.0038095981487332,440.1476510067114,34.62403553550784,440.1 ± 34.62,0.0,446.0,81.25522695451775,0.8214660185233478,81.26 ± 0.8215,79.44132995605469,90.11034393310548,68.61037470283895,1,2,1,4,1:297; 4:1,1,0,0.0,model_dynamic,True,mckenzie2003,3.379568688421441,3.4043333530426025,3.3700613975524902,3.4043333530426025,3.792747259140015,4.4014765100671145,4.46,4.46,0.7687165107775495,0.7633034423862337,1,0.0,0,0.0,0,0.0,0,0.0,0,0.0,0,0.0,281,952.9962778091432,16,54.11519134044647,0,0.0,0,0.0,0,0.0,0,0.0,0,0.0,0,0.0,8.0,9.0,9.0,0.0124999999999999,0.0124999999999999,0.025,0.0140805736814008
dynamic,model_dynamic/summary_timeseries.csv,20,7.4,298,119200.0,1163.392448691595,13.805813103169426,1163 ± 13.81,1138.4257226189393,1206.9908593357482,2.059732731748312,1.9289137553555424,2.06 ± 1.929,0.0,10.157222668594445,0.3178512864636052,0.1623882901865126,0.3179 ± 0.1624,0.0325740357734597,1.0027121035719773,443.6275167785235,37.69239924636936,443.6 ± 37.69,0.0,450.0,82.17463056833152,0.8886511634490374,82.17 ± 0.8887,80.3082046508789,90.63778686523438,68.56513671680887,1,2,1,4,1:297; 4:1,1,0,0.0,model_dynamic,True,mckenzie2003,3.359059229393133,3.3814854621887207,3.3700613975524902,3.4043333530426025,3.815594911575317,4.436275167785235,4.5,4.5,0.7577980581353893,0.7514412138197157,1,0.0,0,0.0,0,0.0,0,0.0,0,0.0,0,0.0,282,952.322253704071,15,48.6773966550827,0,0.0,0,0.0,0,0.0,0,0.0,0,0.0,0,0.0,8.0,9.0,9.0,0.0125,0.0125000000000005,0.025,0.0136941502443892
dynamic,model_dynamic/summary_timeseries.csv,20,7.3,298,119200.0,1163.398435802125,13.80314756522338,1163 ± 13.8,1138.4444303288476,1206.9642880486492,2.066224536130352,1.935031200448789,2.066 ± 1.935,0.0,10.194646328813835,0.3175426922979955,0.1621572181583275,0.3175 ± 0.1622,0.0322768622892337,1.0015688835260246,445.996644295302,36.1599261226516,446 ± 36.16,0.0,452.0,83.95060200019171,0.8122588057382656,83.95 ± 0.8123,82.1059799194336,92.09429931640624,68.51985771980162,1,2,1,4,1:297; 4:1,1,0,0.0,model_dynamic,True,mckenzie2003,3.3671096803357936,3.3814854621887207,3.3700613975524902,3.4043333530426025,3.827018976211548,4.459966442953021,4.5200000000000005,4.5200000000000005,0.7556787407755212,0.7481162526966195,1,0.0,0,0.0,0,0.0,0,0.0,0,0.0,0,0.0,283,957.2802503108978,14,46.1184344291687,0,0.0,0,0.0,0,0.0,0,0.0,0,0.0,0,0.0,8.0,9.0,9.0,0.0124999999999999,0.0124999999999999,0.025,0.0140369529356859
dynamic,model_dynamic/summary_timeseries.csv,20,7.2,298,119200.0,1163.4049247677815,13.80030662288678,1163 ± 13.8,1138.4634022193925,1206.937896014314,2.073588238133532,1.9407340570037963,2.074 ± 1.941,0.0,10.232360288707168,0.317216417082361,0.1619195870420207,0.3172 ± 0.1619,0.0320252617637202,1.0003310617364738,447.5268456375839,33.36197073603836,447.5 ± 33.36,0.0,453.0,82.72362410782168,0.7385763442525192,82.72 ± 0.7386,80.5511703491211,91.0517807006836,68.4744937949215,1,2,1,4,1:297; 4:1,1,0,0.0,model_dynamic,True,mckenzie2003,3.381447074397298,3.4043333530426025,3.3700613975524902,3.415757179260254,3.827018976211548,4.475268456375839,4.53,4.53,0.7564595499081677,0.7515084664553207,1,0.0,0,0.0,0,0.0,0,0.0,0,0.0,0,0.0,283,959.8163554668428,14,47.854872703552246,0,0.0,0,0.0,0,0.0,0,0.0,0,0.0,0,0.0,8.0,9.0,9.0,0.0125,0.0125000000000005,0.025,0.0140361785366846
dynamic,model_dynamic/summary_timeseries.csv,20,7.1,298,119200.0,1163.4109783683627,13.797611782601743,1163 ± 13.8,1138.4822561923118,1206.911156547802,2.080092681610624,1.94691091747652,2.08 ± 1.947,0.0,10.269037707144747,0.3169037117109055,0.1616895861117321,0.3169 ± 0.1617,0.0317907789460379,0.9991346522162404,448.255033557047,35.180580053750354,448.3 ± 35.18,0.0,454.0,84.66665785104637,0.8080651922666956,84.67 ± 0.8081,82.58645629882812,93.21929168701172,68.42890035549021,1,2,1,4,1:297; 4:1,1,0,0.0,model_dynamic,True,mckenzie2003,3.361321010045557,3.3814854621887207,3.3472135066986084,3.4043333530426025,3.827018976211548,4.482550335570469,4.54,4.54,0.750653156496071,0.7448205863851808,1,0.0,0,0.0,0,0.0,0,0.0,0,0.0,0,0.0,284,958.6853852272034,13,42.98827576637268,0,0.0,0,0.0,0,0.0,0,0.0,0,0.0,0,0.0,8.0,9.0,9.0,0.0124999999999999,0.0124999999999999,0.025,0.0144242284534739
dynamic,model_dynamic/summary_timeseries.csv,20,7.0,298,119200.0,1163.4176070676278,13.794761878049854,1163 ± 13.79,1138.5013934616347,1206.8846395653477,2.087632033642472,1.952539346169593,2.088 ± 1.953,0.0,10.306036740374063,0.316572737202103,0.161448644842798,0.3166 ± 0.1614,0.0316054933999734,0.997837298813373,449.12080536912754,32.02534917772806,449.1 ± 32.03,0.0,454.0,83.51699050800913,0.6913028782560908,83.52 ± 0.6913,81.46018981933594,92.14097595214844,68.38324610371274,1,2,1,4,1:297; 4:1,1,0,0.0,model_dynamic,True,mckenzie2003,3.3969345544808665,3.415757179260254,3.3814854621887207,3.415757179260254,3.827018976211548,4.491208053691276,4.54,4.54,0.7571411245523555,0.7523694227445493,1,0.0,0,0.0,0,0.0,0,0.0,0,0.0,0,0.0,285,971.2288665771484,12,41.05763065814972,0,0.0,0,0.0,0,0.0,0,0.0,0,0.0,0,0.0,8.0,9.0,9.0,0.0124999999999999,0.0124999999999999,0.025,0.0141033549549991
dynamic,model_dynamic/summary_timeseries.csv,20,6.9,298,119200.0,1163.4238260968991,13.791992547204492,1163 ± 13.79,1138.5204274857144,1206.8577457174144,2.094356362633021,1.9585884924700687,2.094 ± 1.959,0.0,10.342065745513615,0.3162539393962484,0.1612167117165447,0.3163 ± 0.1612,0.0314387791317674,0.9965774284235182,446.4295302013423,33.307849213697004,446.4 ± 33.31,0.0,452.0,83.2867961345903,0.7366152287974395,83.29 ± 0.7366,81.46185302734375,91.56623840332033,68.33731823170001,1,2,1,4,1:297; 4:1,1,0,0.0,model_dynamic,True,mckenzie2003,3.346140185058517,3.3472135066986084,3.335789680480957,3.415757179260254,3.815594911575317,4.464295302013422,4.51,4.5200000000000005,0.750220214274864,0.7405339616589841,1,0.0,0,0.0,0,0.0,0,0.0,0,0.0,0,0.0,287,964.6372499465942,10,32.51252520084381,0,0.0,0,0.0,0,0.0,0,0.0,0,0.0,0,0.0,8.0,9.0,9.0,0.0125,0.0125000000000005,0.025,0.0138713839194399
dynamic,model_dynamic/summary_timeseries.csv,20,6.8,298,119200.0,1163.42989982025,13.789260407996508,1163 ± 13.79,1138.539454602869,1206.8307599640448,2.100857436690486,1.964594009289935,2.101 ± 1.965,0.0,10.377450212580603,0.3159431726768706,0.1609900066768196,0.3159 ± 0.161,0.0313022510468211,0.9953252931348704,446.9194630872484,33.49617162909344,446.9 ± 33.5,0.0,452.0,81.35766514515717,0.7261811816523416,81.36 ± 0.7262,79.49871826171875,89.55026245117188,68.29130536117577,1,2,1,4,1:297; 4:1,1,0,0.0,model_dynamic,True,mckenzie2003,3.3285059028823905,3.3472135066986084,3.335789680480957,3.3700613975524902,3.827018976211548,4.469194630872484,4.5200000000000005,4.5200000000000005,0.745475019062171,0.7405339616589841,1,0.0,0,0.0,0,0.0,0,0.0,0,0.0,0,0.0,287,959.3822340965272,10,32.51252496242523,0,0.0,0,0.0,0,0.0,0,0.0,0,0.0,0,0.0,8.0,9.0,9.0,0.0124999999999999,0.0124999999999999,0.025,0.0142016254627748
dynamic,model_dynamic/summary_timeseries.csv,20,6.7,298,119200.0,1163.4354047893396,13.786708328447544,1163 ± 13.79,1138.5582742721597,1206.803564724773,2.106281069626062,1.9710280697971505,2.106 ± 1.971,0.0,10.411526523019752,0.3156528232818947,0.1607776883379256,0.3157 ± 0.1608,0.031184202135516,0.9941670134834226,451.744966442953,37.5918837381881,451.7 ± 37.59,0.0,458.0,84.7700439299513,0.8593192043665039,84.77 ± 0.8593,82.9081802368164,93.25067901611328,68.24529045261329,1,2,1,4,1:297; 4:1,1,0,0.0,model_dynamic,True,mckenzie2003,3.3834405041381017,3.415757179260254,3.3700613975524902,3.438605070114136,3.8498668670654297,4.517449664429529,4.57,4.58,0.7493085655662065,0.745798510755514,1,0.0,0,0.0,0,0.0,0,0.0,0,0.0,0,0.0,287,977.6719663143158,10,30.5933039188385,0,0.0,0,0.0,0,0.0,0,0.0,0,0.0,0,0.0,8.0,9.0,9.0,0.0125,0.0125000000000005,0.025,0.0144063674187556
dynamic,model_dynamic/summary_timeseries.csv,20,6.6,298,119200.0,1163.4418637193803,13.783847080346929,1163 ± 13.78,1138.5775640949576,1206.7768947847037,2.113487510967317,1.9765260932750213,2.113 ± 1.977,0.0,10.446535558822523,0.3153320071512948,0.1605497447079782,0.3153 ± 0.1605,0.0311302670604251,0.9928392657644596,451.5302013422819,31.650685085830517,451.5 ± 31.65,0.0,456.0,85.39881973778641,0.6558101008450197,85.4 ± 0.6558,83.56458282470703,93.79591369628906,68.19933068974615,1,2,1,4,1:297; 4:1,1,0,0.0,model_dynamic,True,mckenzie2003,3.3861240156544934,3.4043333530426025,3.3700613975524902,3.415757179260254,3.827018976211548,4.51530201342282,4.5600000000000005,4.5600000000000005,0.7505625763181197,0.7465643318075882,1,0.0,0,0.0,0,0.0,0,0.0,0,0.0,0,0.0,288,979.1228170394896,9,29.94213962554932,0,0.0,0,0.0,0,0.0,0,0.0,0,0.0,0,0.0,8.0,9.0,9.0,0.0124999999999999,0.0124999999999999,0.025,0.0146027025360206
dynamic,model_dynamic/summary_timeseries.csv,20,6.5,298,119200.0,1163.448435970795,13.780934747343512,1163 ± 13.78,1138.5969791263033,1206.7502122788876,2.120822635746245,1.9819941209613343,2.121 ± 1.982,0.0,10.48133148367585,0.3150029100608664,0.1603186019745081,0.315 ± 0.1603,0.0311148270712665,0.9914707634733916,454.6476510067114,31.4640523207352,454.6 ± 31.46,0.0,459.0,83.84693015181779,0.6402584717719224,83.85 ± 0.6403,81.95321655273438,92.316162109375,68.15323315258433,1,2,1,4,1:297; 4:1,1,0,0.0,model_dynamic,True,mckenzie2003,3.4210474771141204,3.438605070114136,3.415757179260254,3.438605070114136,3.8498668670654297,4.546476510067115,4.59,4.59,0.7530948815143564,0.7491514313974152,1,0.0,0,0.0,0,0.0,0,0.0,0,0.0,0,0.0,288,989.0273554325104,9,30.44479274749756,0,0.0,0,0.0,0,0.0,0,0.0,0,0.0,0,0.0,8.0,9.0,9.0,0.0124999999999999,0.0124999999999999,0.025,0.0141457019733288
dynamic,model_dynamic/summary_timeseries.csv,20,6.4,298,119200.0,1163.4547419024564,13.778033455834777,1163 ± 13.78,1138.616237716786,1206.7231145652745,2.127414991739619,1.987760502834212,2.127 ± 1.988,0.0,10.51503871590423,0.3146738319809131,0.1600892860903463,0.3147 ± 0.1601,0.0311170527957793,0.990161668249851,449.51006711409394,32.711801833438145,449.5 ± 32.71,0.0,454.0,85.81050639824579,0.696954263224874,85.81 ± 0.697,84.0664291381836,94.10441589355467,68.10687684848835,1,2,1,4,1:297; 4:1,1,0,0.0,model_dynamic,True,mckenzie2003,3.3888074603656797,3.415757179260254,3.3814854621887207,3.415757179260254,3.827018976211548,4.495100671140939,4.54,4.54,0.7544103750466223,0.7523694227445493,1,0.0,0,0.0,0,0.0,0,0.0,0,0.0,0,0.0,289,984.4806349277496,8,25.38398826122284,0,0.0,0,0.0,0,0.0,0,0.0,0,0.0,0,0.0,8.0,9.0,9.0,0.0125,0.0125000000000005,0.025,0.0147035561495709
dynamic,model_dynamic/summary_timeseries.csv,20,6.3,298,119200.0,1163.4615222464524,13.774994884298415,1163 ± 13.77,1138.63577602099,1206.6963381365351,2.1349334603929,1.9929836342623908,2.135 ± 1.993,0.0,10.549018206070304,0.3143319854492256,0.1598534698374597,0.3143 ± 0.1599,0.0311711876668742,0.9887586895892734,454.7248322147651,30.66584551822576,454.7 ± 30.67,0.0,459.0,80.3989917063873,0.587922518706438,80.4 ± 0.5879,78.16004943847656,88.40789794921875,68.06056211554528,1,2,1,4,1:297; 4:1,1,0,0.0,model_dynamic,True,mckenzie2003,3.4185556781371966,3.438605070114136,3.438605070114136,3.438605070114136,3.8498668670654297,4.5472483221476505,4.59,4.59,0.7522794700549187,0.7491514313974152,1,0.0,0,0.0,0,0.0,0,0.0,0,0.0,0,0.0,290,995.618967294693,7,23.11062479019165,0,0.0,0,0.0,0,0.0,0,0.0,0,0.0,0,0.0,8.0,9.0,9.0,0.0124999999999999,0.0124999999999999,0.025,0.0149555152117862
dynamic,model_dynamic/summary_timeseries.csv,20,6.2,298,119200.0,1163.4667166072652,13.772457403053409,1163 ± 13.77,1138.65466059083,1206.6687678910646,2.1395043952974,1.99952513726678,2.14 ± 2,0.0,10.580407140733088,0.3140415977429176,0.1596475730167795,0.314 ± 0.1596,0.031211821558743,0.9876113908841212,454.1006711409396,43.232669253988206,454.1 ± 43.23,0.0,460.0,83.29834491294503,0.8752116845162821,83.3 ± 0.8752,81.473388671875,91.58865356445312,68.01410730023463,1,3,1,4,1:296; 3:1; 4:1,1,0,0.0,model_dynamic,True,mckenzie2003,3.395850057794944,3.438605070114136,3.415757179260254,3.438605070114136,3.8498668670654297,4.541006711409397,4.6000000000000005,4.6000000000000005,0.7491946213094842,0.7475228413291598,1,0.0,0,0.0,0,0.0,0,0.0,0,0.0,0,0.0,290,994.1110062599182,6,17.752798557281494,0,0.0,0,0.0,1,0.099512405693531,0,0.0,0,0.0,0,0.0,8.0,9.0,9.0,0.0125,0.0125000000000005,0.025,0.0137158113067124
dynamic,model_dynamic/summary_timeseries.csv,20,6.1,298,119200.0,1163.47286685733,13.769589995013291,1163 ± 13.77,1138.6739376001508,1206.6417195008153,2.145761487506337,2.005090944764004,2.146 ± 2.005,0.0,10.61243043462751,0.3137211356734262,0.1594281495462367,0.3137 ± 0.1594,0.0313124269781079,0.9863290844677683,459.0671140939597,34.1319320327607,459.1 ± 34.13,0.0,464.0,87.40337855703879,0.7100750112362191,87.4 ± 0.7101,85.634765625,95.6073989868164,67.96778190066448,1,2,1,4,1:297; 4:1,1,0,0.0,model_dynamic,True,mckenzie2003,3.394021081444401,3.415757179260254,3.4043333530426025,3.4614529609680176,3.872714757919312,4.590671140939598,4.64,4.64,0.7397925991221967,0.7361545644957445,1,0.0,0,0.0,0,0.0,0,0.0,0,0.0,0,0.0,290,990.078367471695,7,21.33991479873657,0,0.0,0,0.0,0,0.0,0,0.0,0,0.0,0,0.0,8.0,9.0,9.0,0.0124999999999999,0.0124999999999999,0.025,0.0152644897621416
dynamic,model_dynamic/summary_timeseries.csv,20,6.0,298,119200.0,1163.4799749432964,13.766455082443578,1163 ± 13.77,1138.6937911511045,1206.6153612844796,2.153878209848438,2.009890098392294,2.154 ± 2.01,0.0,10.645560904203968,0.3133712335415813,0.1591929736679846,0.3134 ± 0.1592,0.0314835545511091,0.9848525789671052,464.4496644295302,29.895553358746305,464.4 ± 29.9,0.0,468.0,87.13988512794444,0.5353371217945244,87.14 ± 0.5353,85.29106140136719,95.20303344726562,67.92157013337533,1,2,1,4,1:297; 4:1,1,0,0.0,model_dynamic,True,mckenzie2003,3.4478822434508563,3.4614529609680176,3.4614529609680176,3.4614529609680176,3.884138584136963,4.644496644295302,4.68,4.68,0.7428729722986153,0.7396267010615423,1,0.0,0,0.0,0,0.0,0,0.0,0,0.0,0,0.0,290,1002.81605219841,7,24.65285634994507,0,0.0,0,0.0,0,0.0,0,0.0,0,0.0,0,0.0,8.0,9.0,9.0,0.0124999999999999,0.0124999999999999,0.025,0.0151007303141647
dynamic,model_dynamic/summary_timeseries.csv,20,5.9,298,119200.0,1163.4867053533208,13.76343322782586,1163 ± 13.76,1138.7136553775404,1206.5886693193506,2.1613660566233164,2.0150557063828503,2.161 ± 2.015,0.0,10.678162861194286,0.3130308206565814,0.1589630117069366,0.313 ± 0.159,0.0316814634757711,0.9833671238255765,459.4362416107383,30.11305813826069,459.4 ± 30.11,0.0,463.0,88.39927481324881,0.561369592523239,88.4 ± 0.5614,86.5228042602539,96.59613800048828,67.87501394181027,1,2,1,4,1:297; 4:1,1,0,0.0,model_dynamic,True,mckenzie2003,3.4157188626743804,3.438605070114136,3.4043333530426025,3.4614529609680176,3.8498668670654297,4.594362416107383,4.63,4.63,0.7439203245720353,0.7426792808021891,1,0.0,0,0.0,0,0.0,0,0.0,0,0.0,0,0.0,291,997.7209718227386,6,20.163249254226685,0,0.0,0,0.0,0,0.0,0,0.0,0,0.0,0,0.0,8.0,9.0,9.0,0.0125,0.0125000000000005,0.025,0.0156495087471113
dynamic,model_dynamic/summary_timeseries.csv,20,5.8,298,119200.0,1163.4937511942658,13.76032912460206,1163 ± 13.76,1138.7337170026683,1206.5620030965192,2.169413591100253,2.01991240863988,2.169 ± 2.02,0.0,10.710738448857322,0.3126790949815045,0.1587283367632652,0.3127 ± 0.1587,0.0319200116507325,0.9818150292973666,461.5402684563758,29.224197980080444,461.5 ± 29.22,0.0,465.0,85.90416602320319,0.5144923446670381,85.9 ± 0.5145,83.4354019165039,93.83169555664062,67.82828609385069,1,2,1,4,1:297; 4:1,1,0,0.0,model_dynamic,True,mckenzie2003,3.40084477879057,3.415757179260254,3.4043333530426025,3.4614529609680176,3.872714757919312,4.615402684563758,4.65,4.65,0.737210179825059,0.7345714364000545,1,0.0,0,0.0,0,0.0,0,0.0,0,0.0,0,0.0,293,1000.1428570747375,4,13.308887004852297,0,0.0,0,0.0,0,0.0,0,0.0,0,0.0,0,0.0,8.0,9.0,9.0,0.0124999999999999,0.0124999999999999,0.025,0.0145624908558084
dynamic,model_dynamic/summary_timeseries.csv,20,5.7,298,119200.0,1163.5000302639812,13.757430133354465,1164 ± 13.76,1138.753482963044,1206.5345391988935,2.175962588043137,2.0254781702747677,2.176 ± 2.025,0.0,10.742300917525425,0.3123490501475849,0.1585062873402066,0.3123 ± 0.1585,0.0321632793280349,0.9803552318030896,466.4362416107383,31.30373439730142,466.4 ± 31.3,0.0,470.0,87.60722998804694,0.5743662874542586,87.61 ± 0.5744,85.79096984863281,95.519287109375,67.78105623584952,1,2,1,4,1:297; 4:1,1,0,0.0,model_dynamic,True,mckenzie2003,3.4504124974244395,3.472877025604248,3.472877025604248,3.472877025604248,3.884138584136963,4.664362416107384,4.7,4.7,0.7400743955793212,0.7389100054477123,1,0.0,0,0.0,0,0.0,0,0.0,0,0.0,0,0.0,293,1016.1935186386108,4,12.02940559387207,0,0.0,0,0.0,0,0.0,0,0.0,0,0.0,0,0.0,8.0,9.0,9.0,0.0125,0.0125000000000005,0.025,0.0161983209515991
dynamic,model_dynamic/summary_timeseries.csv,20,5.6,298,119200.0,1163.50680375958,13.75435069659121,1164 ± 13.75,1138.7735106953346,1206.5073225928322,2.183389005674654,2.030516477439734,2.183 ± 2.031,0.0132202995790465,10.773976407755503,0.3120033119099411,0.1582764979534216,0.312 ± 0.1583,0.032451818419043,0.978811023909427,466.4295302013423,20.971938756718007,466.4 ± 20.97,173.0,469.0,88.59338458272434,0.4692798327790397,88.59 ± 0.4693,86.7164077758789,95.95063018798828,67.73381189749762,1,1,1,1,1:298,0,0,0.0,model_dynamic,True,mckenzie2003,3.452482583138767,3.472877025604248,3.438605070114136,3.472877025604248,3.884138584136963,4.664295302013423,4.69,4.69,0.7404211480063941,0.740485506525426,0,0.0,0,0.0,0,0.0,0,0.0,0,0.0,0,0.0,293,1014.594160079956,5,14.245649695396423,0,0.0,0,0.0,0,0.0,0,0.0,0,0.0,0,0.0,8.0,9.0,9.0,0.0124999999999999,0.0124999999999999,0.025,0.0161166588453676
dynamic,model_dynamic/summary_timeseries.csv,20,5.5,298,119200.0,1163.513752800594,13.751219020056476,1164 ± 13.75,1138.7936991927477,1206.4801643579171,2.1911131688656416,2.035485558584023,2.191 ± 2.035,0.0185806978028318,10.805520995606075,0.3116521635706392,0.158046532337833,0.3117 ± 0.158,0.0327770576769145,0.9772112383187516,464.7818791946309,18.11269921846809,464.8 ± 18.11,219.0,467.0,89.80658417260086,0.4183197983133768,89.81 ± 0.4183,87.44343566894531,96.26592254638672,67.68646516516947,1,1,1,1,1:298,0,0,0.0,model_dynamic,True,mckenzie2003,3.433506478799269,3.4614529609680176,3.3700613975524902,3.4614529609680176,3.884138584136963,4.647818791946309,4.67,4.67,0.7391082091426012,0.7412104841473272,0,0.0,0,0.0,0,0.0,0,0.0,0,0.0,0,0.0,293,1008.093909740448,5,15.091020941734314,0,0.0,0,0.0,0,0.0,0,0.0,0,0.0,0,0.0,8.0,9.0,9.0,0.0124999999999999,0.0124999999999999,0.025,0.0160024597479985
dynamic,model_dynamic/summary_timeseries.csv,20,5.4,298,119200.0,1163.5209011072402,13.74797981799334,1164 ± 13.75,1138.8140776474484,1206.4530384077889,2.1992303321886717,2.040265361652469,2.199 ± 2.04,0.0389414704543355,10.836984256713247,0.3112865377825965,0.1578064284279355,0.3113 ± 0.1578,0.0331393416211041,0.9755456269137974,467.4697986577181,12.247479974724325,467.5 ± 12.25,338.0,470.0,91.28303753129588,0.1671963962240648,91.28 ± 0.1672,89.5081787109375,92.5132064819336,67.63896076034052,1,1,1,1,1:298,0,0,0.0,model_dynamic,True,mckenzie2003,3.416715612347494,3.415757179260254,3.4043333530426025,3.4614529609680176,3.884138584136963,4.674697986577181,4.69,4.7,0.731369672221659,0.7283064348102887,0,0.0,0,0.0,0,0.0,0,0.0,0,0.0,0,0.0,293,1001.1595861911774,5,17.021666288375854,0,0.0,0,0.0,0,0.0,0,0.0,0,0.0,0,0.0,8.0,9.0,9.0,0.0125,0.0125000000000005,0.025,0.0165973294941187
dynamic,model_dynamic/summary_timeseries.csv,20,5.3,298,119200.0,1163.5282027348555,13.744677546750545,1164 ± 13.74,1138.8347013802654,1206.4259486440271,2.2077350456280573,2.044900573244281,2.208 ± 2.045,0.0406286054420611,10.868457775772589,0.3109119506577754,0.1575597129162263,0.3109 ± 0.1576,0.0335392625705371,0.973801222116087,469.6140939597315,10.81178526836147,469.6 ± 10.81,347.0,471.0,87.06190139975324,0.183947495997239,87.06 ± 0.1839,85.2027816772461,88.21952819824219,67.59124726376172,1,1,1,1,1:298,0,0,0.0,model_dynamic,True,mckenzie2003,3.444585404140037,3.438605070114136,3.415757179260254,3.472877025604248,3.884138584136963,4.696140939597315,4.71,4.71,0.7338497686835795,0.7300647707248696,0,0.0,0,0.0,0,0.0,0,0.0,0,0.0,0,0.0,294,1012.914813041687,4,13.571637392044067,0,0.0,0,0.0,0,0.0,0,0.0,0,0.0,0,0.0,8.0,9.0,9.0,0.0124999999999999,0.0124999999999999,0.025,0.0174171136596436
dynamic,model_dynamic/summary_timeseries.csv,20,5.2,298,119200.0,1163.5342513128355,13.741707282933756,1164 ± 13.74,1138.8548012410813,1206.3976556733426,2.213814277552153,2.0507208313146914,2.214 ± 2.051,0.0242763067288719,10.898086892729316,0.3105691663900398,0.1573317958563981,0.3106 ± 0.1573,0.0339265744843174,0.9722146240677284,466.0536912751678,16.797365259560152,466.1 ± 16.8,265.0,468.0,87.79523962136084,0.360887239145578,87.8 ± 0.3609,85.8854751586914,92.82151794433594,67.54285443226127,1,1,1,1,1:298,0,0,0.0,model_dynamic,True,mckenzie2003,3.4425536234106797,3.4614529609680176,3.438605070114136,3.4614529609680176,3.827018976211548,4.660536912751677,4.68,4.68,0.7389985259557911,0.7396267010615423,0,0.0,0,0.0,0,0.0,0,0.0,0,0.0,0,0.0,294,1014.4913144111632,4,11.389665365219116,0,0.0,0,0.0,0,0.0,0,0.0,0,0.0,0,0.0,8.0,9.0,9.0,0.0125,0.0125000000000005,0.025,0.0164098718758437
dynamic,model_dynamic/summary_timeseries.csv,20,5.1,298,119200.0,1163.5405068059342,13.738630423353891,1164 ± 13.74,1138.8750244004316,1206.3695228696631,2.2202907765642754,2.05617130783874,2.22 ± 2.056,0.0295396690558038,10.927510237080318,0.3102233752177448,0.1571028546847629,0.3102 ± 0.1571,0.0343458551406905,0.970591911127332,464.2751677852349,14.642202066208728,464.3 ± 14.64,295.0,466.0,88.7196523423163,0.2576599838479348,88.72 ± 0.2577,86.8481216430664,92.3215103149414,67.49449846923176,1,1,1,1,1:298,0,0,0.0,model_dynamic,True,mckenzie2003,3.442745297547155,3.4500290155410767,3.438605070114136,3.4614529609680176,3.872714757919312,4.642751677852349,4.66,4.66,0.7419163933432219,0.7428010645854115,0,0.0,0,0.0,0,0.0,0,0.0,0,0.0,0,0.0,294,1013.794453382492,4,12.14364528656006,0,0.0,0,0.0,0,0.0,0,0.0,0,0.0,0,0.0,8.0,9.0,9.0,0.0124999999999999,0.0124999999999999,0.025,0.0164373462793783
dynamic,model_dynamic/summary_timeseries.csv,20,5.0,298,119200.0,1163.5471149410391,13.73553197099241,1164 ± 13.74,1138.8954051893113,1206.341567746046,2.227272764101979,2.061428354965438,2.227 ± 2.061,0.0399411315882152,10.95682345757198,0.3098658831088681,0.1568684908920143,0.3099 ± 0.1569,0.0347971686895993,0.9689244709220672,470.83892617449663,11.625918229792646,470.8 ± 11.63,347.0,473.0,92.97313336878015,0.1355808931087252,92.97 ± 0.1356,91.11553192138672,93.8808364868164,67.44616255673463,1,1,1,1,1:298,0,0,0.0,model_dynamic,True,mckenzie2003,3.4438187051939484,3.438605070114136,3.415757179260254,3.472877025604248,3.8498668670654297,4.708389261744967,4.72,4.73,0.7318080806041125,0.7285180233292661,0,0.0,0,0.0,0,0.0,0,0.0,0,0.0,0,0.0,294,1013.0290548801422,4,13.22891926765442,0,0.0,0,0.0,0,0.0,0,0.0,0,0.0,0,0.0,8.0,9.0,9.0,0.0124999999999999,0.0124999999999999,0.025,0.0164498200640116
dynamic,model_dynamic/summary_timeseries.csv,20,4.9,298,119200.0,1163.5548843373444,13.732082500545342,1164 ± 13.73,1138.9163954039702,1206.3144904391045,2.2364068529033263,2.065669148918474,2.236 ± 2.066,0.0561401753851007,10.98708606660871,0.3094772078718277,0.1566197962970136,0.3095 ± 0.1566,0.035305814658604,0.9670751873076164,476.0872483221477,6.868303704989588,476.1 ± 6.868,400.0,477.0,87.26616276990647,0.223667176406162,87.27 ± 0.2237,85.08344268798828,87.40432739257812,67.39809503513425,1,1,1,1,1:298,0,0,0.0,model_dynamic,True,mckenzie2003,3.49595470956508,3.495724678039551,3.472877025604248,3.495724678039551,3.9069864749908447,4.760872483221477,4.7700000000000005,4.7700000000000005,0.734566185414508,0.7328563266330295,0,0.0,0,0.0,0,0.0,0,0.0,0,0.0,0,0.0,294,1026.8405697345734,4,14.953933715820312,0,0.0,0,0.0,0,0.0,0,0.0,0,0.0,0,0.0,8.0,9.0,9.0,0.0125,0.0125000000000005,0.025,0.0176248355784638
dynamic,model_dynamic/summary_timeseries.csv,20,4.8,298,119200.0,1163.560780742287,13.729226058045615,1164 ± 13.73,1138.9366604477325,1206.2857924881148,2.2420972904620995,2.071627928632281,2.242 ± 2.072,0.037155318503018,11.015089845231657,0.3091388693895194,0.1563957343630146,0.3091 ± 0.1564,0.0357890954581629,0.9654339777975236,485.8489932885906,17.21890297875858,485.8 ± 17.22,341.0,508.0,89.88384612934702,0.9497353880090128,89.88 ± 0.9497,87.63462829589844,91.78467559814452,67.34913204038253,1,1,1,1,1:298,0,0,0.0,model_dynamic,True,mckenzie2003,3.433545263021584,3.472877025604248,3.262324094772339,3.495724678039551,3.918410539627075,4.858489932885906,4.82,5.08,0.7078073200271002,0.7205139057270223,0,0.0,0,0.0,0,0.0,0,0.0,58,189.21479749679563,0,0.0,236,821.1526093482971,4,12.829081535339355,0,0.0,0,0.0,0,0.0,0,0.0,0,0.0,0,0.0,8.0,9.0,9.0,0.0124999999999999,0.0124999999999999,0.025,0.016466558733401
dynamic,model_dynamic/summary_timeseries.csv,20,4.7,298,119200.0,1163.5674175192191,13.725938519278309,1164 ± 13.73,1138.957512592085,1206.257606342618,2.249128427080312,2.0767056441084413,2.249 ± 2.077,0.0437721630110412,11.043321884074766,0.3087784693890273,0.1561584654821965,0.3088 ± 0.1562,0.0363103568146462,0.963700618163952,500.2315436241611,18.140671747284543,500.2 ± 18.14,369.0,513.0,92.107307485286,1.2272255343080978,92.11 ± 1.227,88.97736358642578,93.18937683105467,67.30009375053305,1,1,1,1,1:298,0,0,0.0,model_dynamic,True,mckenzie2003,3.355687631856675,3.262324094772339,3.262324094772339,3.507148742675781,3.941258430480957,5.002315436241611,5.13,5.13,0.672361853256723,0.6359306227626391,0,0.0,0,0.0,0,0.0,0,0.0,167,544.8081238269806,0,0.0,127,441.51233768463135,4,13.674452781677246,0,0.0,0,0.0,0,0.0,0,0.0,0,0.0,0,0.0,8.0,9.0,9.0,0.0125,0.0125000000000005,0.025,0.0167678599998131
dynamic,model_dynamic/summary_timeseries.csv,20,4.6,298,119200.0,1163.5746523859625,13.722434595054198,1164 ± 13.72,1138.9785870069288,1206.2295838410869,2.257209072969757,2.0813123068033854,2.257 ± 2.081,0.0484892818996884,11.071197894414505,0.3083988023764209,0.1559135893813958,0.3084 ± 0.1559,0.0368621618167619,0.9618103768595272,485.1812080536913,11.949588570196973,485.2 ± 11.95,381.0,507.0,90.06321974888743,0.7267829598461927,90.06 ± 0.7268,87.55509185791016,92.14892578125,67.25099683415783,1,1,1,1,1:298,0,0,0.0,model_dynamic,True,mckenzie2003,3.468509514859859,3.495724678039551,3.262324094772339,3.507148742675781,3.941258430480957,4.851812080536913,4.84,5.07,0.7155816049543253,0.7222571648842048,0,0.0,0,0.0,0,0.0,0,0.0,30,97.86972284317017,0,0.0,264,921.523310661316,4,14.222801923751833,0,0.0,0,0.0,0,0.0,0,0.0,0,0.0,0,0.0,8.0,9.0,9.0,0.0124999999999999,0.0124999999999999,0.025,0.0170225286696853
dynamic,model_dynamic/summary_timeseries.csv,20,4.5,298,119200.0,1163.5812064097256,13.719243308852336,1164 ± 13.72,1138.9995541033477,1206.2012418401316,2.2640063706690867,2.086574764894103,2.264 ± 2.087,0.0451927345721921,11.098709241299147,0.3080377850232522,0.155681989944189,0.308 ± 0.1557,0.0374253156309189,0.960041964808258,495.4194630872484,15.411641106349428,495.4 ± 15.41,374.0,507.0,90.17229666485882,1.1320738092240936,90.17 ± 1.132,86.84952545166016,91.28487396240234,67.20168773678415,1,1,1,1,1:298,0,0,0.0,model_dynamic,True,mckenzie2003,3.380464640239741,3.262324094772339,3.262324094772339,3.507148742675781,3.941258430480957,4.954194630872483,5.07,5.07,0.6836201828588833,0.6434564289491792,0,0.0,0,0.0,0,0.0,0,0.0,150,489.3486142158508,0,0.0,144,504.0126776695252,4,14.017170906066896,0,0.0,0,0.0,0,0.0,0,0.0,0,0.0,0,0.0,8.0,9.0,9.0,0.0124999999999999,0.0124999999999999,0.025,0.0170944071839146
dynamic,model_dynamic/summary_timeseries.csv,20,4.4,298,119200.0,1163.5874940082008,13.71615466163449,1164 ± 13.72,1139.0201879873205,1206.172600207796,2.270577749491027,2.091855929427055,2.271 ± 2.092,0.0374815957912722,11.126154795863616,0.3076796866894534,0.1554513548375808,0.3077 ± 0.1555,0.0377008461378344,0.9582234566401576,482.5771812080537,12.588841979704982,482.6 ± 12.59,344.0,484.0,90.06360321556961,0.1394450505030066,90.06 ± 0.1394,88.3214340209961,91.63150787353516,67.15241222047553,1,1,1,1,1:298,0,0,0.0,model_dynamic,True,mckenzie2003,3.503123525805121,3.507148742675781,3.507148742675781,3.507148742675781,3.9069864749908447,4.825771812080537,4.84,4.84,0.7262868266090048,0.7246175088173102,0,0.0,0,0.0,0,0.0,0,0.0,0,0.0,0,0.0,294,1030.8047070503235,4,13.12610363960266,0,0.0,0,0.0,0,0.0,0,0.0,0,0.0,0,0.0,8.0,9.0,9.0,0.0125,0.0125000000000005,0.025,0.0161270862133688
dynamic,model_dynamic/summary_timeseries.csv,20,4.3,298,119200.0,1163.5939062992538,13.7127991952043,1164 ± 13.71,1139.0409857324466,1206.1443612609971,2.2772050459077016,2.096963937706726,2.277 ± 2.097,0.0463754724597058,11.152896305131836,0.3073116758214163,0.1552161536844566,0.3073 ± 0.1552,0.0375359201096894,0.9564274741659524,506.0704697986577,12.273111349425482,506.1 ± 12.27,380.0,508.0,92.41270815446072,0.4319931791236419,92.41 ± 0.432,88.36526489257812,92.49222564697266,67.10337552855049,2,2,1,2,1:8; 2:290,0,0,0.0,model_dynamic,True,mckenzie2003,3.2668152447514887,3.262324094772339,3.262324094772339,3.262324094772339,3.941258430480957,5.060704697986577,5.08,5.08,0.6461517915472436,0.6421897824354997,0,0.0,0,0.0,0,0.0,0,0.0,293,955.8609597682952,0,0.0,1,3.529996633529663,4,14.119986534118652,0,0.0,0,0.0,0,0.0,0,0.0,0,0.0,0,0.0,8.0,9.0,9.0,0.0124999999999999,0.0124999999999999,0.025,0.0166652076413749
dynamic,model_dynamic/summary_timeseries.csv,20,4.2,298,119200.0,1163.6007583241897,13.709349058130751,1164 ± 13.71,1139.0620939268267,1206.1155345893396,2.284729636745878,2.1016671199782246,2.285 ± 2.102,0.0416216898515064,11.17984839610204,0.3069363529382397,0.1549795784674635,0.3069 ± 0.155,0.0373752199425986,0.954546791107696,487.5335570469799,11.957441931649052,487.5 ± 11.96,364.0,508.0,87.7948704149899,0.4504276718327307,87.79 ± 0.4504,85.96221923828125,89.87338256835938,67.05344066251291,1,2,1,2,1:289; 2:9,0,0,0.0,model_dynamic,True,mckenzie2003,3.5014302338529752,3.507148742675781,3.459168291091919,3.529996633529663,3.918410539627075,4.875335570469798,4.88,4.88,0.7186706754561789,0.7186780210401191,0,0.0,0,0.0,0,0.0,0,0.0,12,39.14788913726807,0,0.0,282,990.6495633125304,4,13.628757238388062,0,0.0,0,0.0,0,0.0,0,0.0,0,0.0,0,0.0,8.0,9.0,9.0,0.0125,0.0125000000000005,0.025,0.0166050495611395
dynamic,model_dynamic/summary_timeseries.csv,20,4.1,298,119200.0,1163.6065191125415,13.706292703938672,1164 ± 13.71,1139.0826320052226,1206.0874898655948,2.290058188237232,2.1073012300145906,2.29 ± 2.107,0.0305078812354526,11.2051120441555,0.3065911659256845,0.1547608179101234,0.3066 ± 0.1548,0.0372099776875783,0.9528357040838348,486.3456375838926,15.016031626283306,486.3 ± 15.02,313.0,488.0,87.60251177077325,0.2369564466204361,87.6 ± 0.237,85.85688018798828,90.95140838623048,67.00485786037211,2,2,1,2,1:6; 2:292,0,0,0.0,model_dynamic,True,mckenzie2003,3.506075307826868,3.507148742675781,3.495724678039551,3.529996633529663,3.9069864749908447,4.863456375838926,4.88,4.88,0.7212541484761682,0.7186780210401191,0,0.0,0,0.0,0,0.0,0,0.0,0,0.0,0,0.0,294,1032.4725897312164,4,12.337852001190186,0,0.0,0,0.0,0,0.0,0,0.0,0,0.0,0,0.0,8.0,9.0,9.0,0.0124999999999999,0.0124999999999999,0.025,0.0160409752768702
dynamic,model_dynamic/summary_timeseries.csv,20,4.0,298,119200.0,1163.6124452653742,13.703223059836036,1164 ± 13.7,1139.1031825373634,1206.058851096088,2.2955266453566194,2.112676692542799,2.296 ± 2.113,0.031472321887216,11.22994363649878,0.3062472500072738,0.1545412712110167,0.3062 ± 0.1545,0.0370458428673356,0.9511365279399364,493.97986577181206,15.25486820686526,494 ± 15.25,322.0,516.0,88.70543058766614,0.2663303559025533,88.71 ± 0.2663,86.89904022216797,91.86223602294922,66.95566855872471,1,1,1,1,1:298,0,0,0.0,model_dynamic,True,mckenzie2003,3.532356819050424,3.5414204597473145,3.529996633529663,3.5414204597473145,3.97553014755249,4.9397986577181205,4.96,4.96,0.715475804210891,0.7139960604329263,0,0.0,0,0.0,0,0.0,0,0.0,1,3.262324094772339,0,0.0,293,1036.8022532463074,4,12.577754735946655,0,0.0,0,0.0,0,0.0,0,0.0,0,0.0,0,0.0,8.0,9.0,9.0,0.0125,0.0125000000000001,0.025,0.0158147570854465
dynamic,model_dynamic/summary_timeseries.csv,20,3.9,298,119200.0,1163.6186808649536,13.700095544318389,1164 ± 13.7,1139.1239177629848,1206.0318543890764,2.301539539746891,2.117718585811846,2.302 ± 2.118,0.0360522592211759,11.254668690294006,0.305896817401376,0.1543197608119869,0.3059 ± 0.1543,0.0368838826406524,0.9493934859111012,504.13422818791946,16.740080792553506,504.1 ± 16.74,347.0,516.0,86.82756805419922,1.0571868634914845,86.83 ± 1.057,84.12346649169922,88.04283905029297,66.90793662609167,2,2,1,2,1:8; 2:290,0,0,0.0,model_dynamic,True,mckenzie2003,3.4130462480071406,3.507148742675781,3.262324094772339,3.5414204597473145,3.97553014755249,5.041342281879195,4.98,5.16,0.6781668747376655,0.7056637309206804,0,0.0,0,0.0,0,0.0,0,0.0,127,414.31516003608704,0,0.0,167,589.6236701011658,4,13.148951768875122,0,0.0,0,0.0,0,0.0,0,0.0,0,0.0,0,0.0,8.0,9.0,9.0,0.0125,0.0125000000000001,0.025,0.0164700612243755
dynamic,model_dynamic/summary_timeseries.csv,20,3.8,298,119200.0,1163.6243791957672,13.69714678286453,1164 ± 13.7,1139.1443033784508,1206.0030215885663,2.3065716071797264,2.1231540011641306,2.307 ± 2.123,0.0256613207643773,11.27824905670604,0.3055673125271358,0.1541139413553409,0.3056 ± 0.1541,0.0367203109528178,0.9478033586766454,498.18791946308727,20.94042977178527,498.2 ± 20.94,285.0,513.0,88.08615434889825,1.0491626312621982,88.09 ± 1.049,85.57966613769531,92.0183563232422,66.85871821011574,2,2,1,2,1:9; 2:289,0,0,0.0,model_dynamic,True,mckenzie2003,3.429928766801053,3.507148742675781,3.2840006351470947,3.529996633529663,3.97553014755249,4.9818791946308725,4.94,5.13,0.6895409539804271,0.7099491381934779,0,0.0,0,0.0,0,0.0,0,0.0,97,318.4613554477692,0,0.0,197,692.1763601303101,4,11.481056928634644,0,0.0,0,0.0,0,0.0,0,0.0,0,0.0,0,0.0,8.0,9.0,9.0,0.0124999999999999,0.0124999999999999,0.025,0.0156610281120976
dynamic,model_dynamic/summary_timeseries.csv,20,3.7,298,119200.0,1163.63046765812,13.694264740440705,1164 ± 13.69,1139.16490886858,1205.9754119005966,2.312324663244075,2.1281752935233094,2.312 ± 2.128,0.0326381848951843,11.302396750551724,0.3052332038886277,0.1539065702338191,0.3052 ± 0.1539,0.0365591492735111,0.9461566244112428,505.46308724832215,18.34549978280718,505.5 ± 18.35,328.0,515.0,89.64737012722348,1.0602453915768413,89.65 ± 1.06,86.65753173828125,91.35027313232422,66.81050303201641,2,2,1,2,1:9; 2:289,0,0,0.0,model_dynamic,True,mckenzie2003,3.382945367153859,3.2840006351470947,3.262324094772339,3.5414204597473145,3.941258430480957,5.05463087248322,5.15,5.15,0.6704551211464014,0.6376700262421543,0,0.0,0,0.0,0,0.0,0,0.0,168,550.9317512512207,0,0.0,126,444.58536529541016,4,12.600602865219116,0,0.0,0,0.0,0,0.0,0,0.0,0,0.0,0,0.0,8.0,9.0,9.0,0.0125,0.0125000000000001,0.025,0.015719635674558
dynamic,model_dynamic/summary_timeseries.csv,20,3.6,298,119200.0,1163.636983637123,13.691195586827616,1164 ± 13.69,1139.1856865911082,1205.9469513095016,2.3187746995706218,2.132868565371401,2.319 ± 2.133,0.0417743936682814,11.326406148572747,0.3048821466497139,0.1536915055083984,0.3049 ± 0.1537,0.0363999814464929,0.9443645688473016,513.9664429530201,14.636956126970286,514 ± 14.64,370.0,517.0,90.27217442557316,0.6588663833825703,90.27 ± 0.6589,86.5055160522461,90.4745101928711,66.76126471839348,2,2,1,2,1:14; 2:284,0,0,0.0,model_dynamic,True,mckenzie2003,3.304087230823184,3.2840006351470947,3.2840006351470947,3.529996633529663,3.97553014755249,5.139664429530202,5.17,5.17,0.6436792502161278,0.635203217629999,0,0.0,0,0.0,0,0.0,0,0.0,272,893.226496219635,0,0.0,22,77.65992593765259,4,13.73157262802124,0,0.0,0,0.0,0,0.0,0,0.0,0,0.0,0,0.0,8.0,9.0,9.0,0.0125,0.0125000000000001,0.025,0.0165098990151467
dynamic,model_dynamic/summary_timeseries.csv,20,3.5,298,119200.0,1163.6435089823551,13.68802205354606,1164 ± 13.69,1139.2064743131075,1205.919727939975,2.3252907505944185,2.1374932161720817,2.325 ± 2.137,0.0372466937750826,11.35002427155352,0.3045322456276725,0.1534780374602761,0.3045 ± 0.1535,0.0362401438711839,0.9425713877425984,504.0738255033557,16.186453014927338,504.1 ± 16.19,353.0,520.0,89.71442167550926,0.936312941811069,89.71 ± 0.9363,87.36080169677734,91.34087371826172,66.7132536268673,2,2,1,2,1:8; 2:290,0,0,0.0,model_dynamic,True,mckenzie2003,3.470044047240443,3.529996633529663,3.262324094772339,3.5642683506011963,3.952682256698608,5.040738255033556,5.01,5.19,0.6893407210941933,0.7057302488300377,0,0.0,0,0.0,0,0.0,0,0.0,76,249.2372236251831,0,0.0,218,771.7897663116455,4,13.046136140823364,0,0.0,0,0.0,0,0.0,0,0.0,0,0.0,0,0.0,8.0,9.0,9.0,0.0125,0.0125000000000001,0.025,0.0156769215503777
dynamic,model_dynamic/summary_timeseries.csv,20,3.4,298,119200.0,1163.649972091377,13.684993273024004,1164 ± 13.68,1139.210385799408,1205.8926205807672,2.3316110141422985,2.142172218036513,2.332 ± 2.142,0.0391399830812728,11.37331280230927,0.3041853799972762,0.1532680234780668,0.3042 ± 0.1533,0.0360811961085084,0.9408389954994651,504.98993288590606,15.886021228277846,505 ± 15.89,362.0,521.0,87.08178165615006,0.9932421101146208,87.08 ± 0.9932,84.72718811035156,88.6963119506836,66.68223478135928,2,2,1,2,1:9; 2:289,0,0,0.0,model_dynamic,True,mckenzie2003,3.460303883424541,3.529996633529663,3.262324094772339,3.5414204597473145,3.9869539737701416,5.04989932885906,5.01,5.21,0.6862829578132266,0.7045901464131065,0,0.0,0,0.0,0,0.0,0,0.0,81,264.8985478878021,0,0.0,213,752.7460677623749,4,13.525941610336304,0,0.0,0,0.0,0,0.0,0,0.0,0,0.0,0,0.0,8.0,9.0,9.0,0.0125,0.0125000000000001,0.025,0.0161785464654791
dynamic,model_dynamic/summary_timeseries.csv,20,3.3,298,119200.0,1163.6557097783916,13.681989348619052,1164 ± 13.68,1139.210385799408,1205.8649360207587,2.3365261589157185,2.147398217045485,2.337 ± 2.147,0.0295509012198545,11.395262873662304,0.3038547722048291,0.1530654082165892,0.3039 ± 0.1531,0.0359253161967491,0.9391778622287366,514.9865771812081,18.33157930167795,515 ± 18.33,315.0,517.0,90.2296833575972,0.2375339109094408,90.23 ± 0.2375,86.4416275024414,91.74036407470705,66.65455022135075,2,2,1,2,1:5; 2:293,0,0,0.0,model_dynamic,True,mckenzie2003,3.280636172166606,3.2840006351470947,3.2840006351470947,3.2840006351470947,4.009801864624023,5.149865771812082,5.17,5.17,0.6377111908352725,0.635203217629999,0,0.0,0,0.0,0,0.0,0,0.0,294,965.4745101928712,0,0.0,0,0.0,4,12.15506911277771,0,0.0,0,0.0,0,0.0,0,0.0,0,0.0,0,0.0,8.0,9.0,9.0,0.0124999999999999,0.0124999999999999,0.025,0.0153916065115887
dynamic,model_dynamic/summary_timeseries.csv,20,3.2,298,119200.0,1163.662425744971,13.678849883740924,1164 ± 13.68,1139.210385799408,1205.8376673824694,2.3431370899278003,2.151736835734147,2.343 ± 2.152,0.0366205265208116,11.41773169773771,0.3034984885074828,0.1528476244907665,0.3035 ± 0.1528,0.0357715861303039,0.9372883165130704,521.6476510067114,15.472643465953468,521.6 ± 15.47,355.0,524.0,90.01885208027475,0.2705320321789617,90.02 ± 0.2705,86.19340515136719,90.07611846923828,66.6272815830614,2,2,1,2,1:5; 2:293,0,0,0.0,model_dynamic,True,mckenzie2003,3.294853849699033,3.2948389053344727,3.2948389053344727,3.2948389053344727,4.009801864624023,5.216476510067115,5.23,5.24,0.6322597809870067,0.6299883184195932,0,0.0,0,0.0,0,0.0,0,0.0,294,968.6717998981476,0,0.0,0,0.0,4,13.194647312164308,0,0.0,0,0.0,0,0.0,0,0.0,0,0.0,0,0.0,8.0,9.0,9.0,0.0125,0.0125000000000001,0.025,0.0156604010614915
dynamic,model_dynamic/summary_timeseries.csv,20,3.1,298,119200.0,1163.6690895677284,13.675682677166762,1164 ± 13.68,1139.210385799408,1205.8103603439713,2.34957073925302,2.156163300461993,2.35 ± 2.156,0.0407464068703207,11.439805696126417,0.3031416706088434,0.1526309692856479,0.3031 ± 0.1526,0.0356184755916439,0.9353979464459232,506.5536912751678,14.459343712723465,506.6 ± 14.46,371.0,524.0,89.7247589674572,0.799940063480852,89.72 ± 0.7999,87.63204956054688,91.57159423828124,66.59997454456334,2,2,1,2,1:8; 2:290,0,0,0.0,model_dynamic,True,mckenzie2003,3.490870068537309,3.507148742675781,3.262324094772339,3.5642683506011963,4.009801864624023,5.065536912751678,5.05,5.24,0.6898819424605099,0.6944848995397587,0,0.0,0,0.0,0,0.0,0,0.0,46,151.0857057571411,0,0.0,248,875.6333615779877,4,13.560213088989258,0,0.0,0,0.0,0,0.0,0,0.0,0,0.0,0,0.0,8.0,9.0,9.0,0.0125,0.0125000000000001,0.025,0.015938211547886
dynamic,model_dynamic/summary_timeseries.csv,20,3.0,298,119200.0,1163.6756098938135,13.672716194946466,1164 ± 13.67,1139.210385799408,1205.7838152376803,2.35578958738681,2.16068091226905,2.356 ± 2.161,0.0420463725533932,11.461158192841618,0.3027922477611276,0.1524231107503421,0.3028 ± 0.1524,0.0354652636561798,0.9335353055131606,526.3926174496644,14.273345854206342,526.4 ± 14.27,378.0,528.0,90.95354830338653,0.3535502832656489,90.95 ± 0.3536,87.00272369384766,90.99468994140624,66.57342943827234,2,2,1,2,1:8; 2:290,0,0,0.0,model_dynamic,True,mckenzie2003,3.3064430816061545,3.3165154457092285,3.2840006351470947,3.3165154457092285,4.009801864624023,5.263926174496644,5.28,5.28,0.6287688778966629,0.6281279253237175,0,0.0,0,0.0,0,0.0,0,0.0,294,971.5656180381776,0,0.0,0,0.0,4,13.754420280456545,0,0.0,0,0.0,0,0.0,0,0.0,0,0.0,0,0.0,8.0,9.0,9.0,0.0125,0.0125000000000001,0.025,0.0156219542293906
dynamic,model_dynamic/summary_timeseries.csv,20,2.9,298,119200.0,1163.6822497581163,13.66957974253302,1164 ± 13.67,1139.210385799408,1205.756631131158,2.362310514934715,2.165025205203277,2.362 ± 2.165,0.0440195821993346,11.482788477735978,0.3024357001054593,0.1522100715265421,0.3024 ± 0.1522,0.0353145627409314,0.9315886655719584,529.1375838926175,13.563591101120611,529.1 ± 13.56,386.0,531.0,93.16134533466108,0.3927867240530608,93.16 ± 0.3928,89.05059814453125,93.22184753417967,66.54624533175001,2,2,1,2,1:8; 2:290,0,0,0.0,model_dynamic,True,mckenzie2003,3.289553606270144,3.2840006351470947,3.262324094772339,3.3165154457092285,4.032649993896484,5.291375838926175,5.3100000000000005,5.3100000000000005,0.6223074528180751,0.6196227613485085,0,0.0,0,0.0,0,0.0,0,0.0,294,966.189836025238,0,0.0,0,0.0,4,14.09713864326477,0,0.0,0,0.0,0,0.0,0,0.0,0,0.0,0,0.0,8.0,9.0,9.0,0.0125,0.0125000000000001,0.025,0.0156049880744305
dynamic,model_dynamic/summary_timeseries.csv,20,2.8,298,119200.0,1163.689432369595,13.666287620900745,1164 ± 13.67,1139.210385799408,1205.7298779040968,2.369832462149782,2.168894454279401,2.37 ± 2.169,0.0499552175856349,11.504599279335356,0.3020651354339718,0.1519922635011939,0.3021 ± 0.152,0.0351666854729681,0.9295509709674676,520.8523489932886,13.586104151884552,520.9 ± 13.59,405.0,527.0,94.50422353552491,1.0216227099134734,94.5 ± 1.022,90.8068389892578,95.1542510986328,66.51949210468888,2,2,1,2,1:5; 2:293,0,0,0.0,model_dynamic,True,mckenzie2003,3.355823744863472,3.262324094772339,3.262324094772339,3.587116241455078,4.032649993896484,5.208523489932887,5.2700000000000005,5.2700000000000005,0.6453015067335826,0.6190368301275785,0,0.0,0,0.0,0,0.0,0,0.0,210,686.1285338401794,0,0.0,84,299.4099655151367,4,14.496976613998411,0,0.0,0,0.0,0,0.0,0,0.0,0,0.0,0,0.0,8.0,9.0,9.0,0.0124999999999999,0.0124999999999999,0.025,0.0150982461756864
dynamic,model_dynamic/summary_timeseries.csv,20,2.7,298,119200.0,1163.6968855570185,13.662787227177786,1164 ± 13.66,1139.210385799408,1205.702624496636,2.377828025583272,2.1725453823679715,2.378 ± 2.173,0.0601467941541772,11.526282054002888,0.301680530287428,0.1517665048042759,0.3017 ± 0.1518,0.0350186698262438,0.9273949131065076,531.2046979865772,7.675576497776398,531.2 ± 7.676,447.0,532.0,90.18405852861852,0.4126960580514492,90.18 ± 0.4127,85.9620361328125,90.2282943725586,66.492238697228,2,2,1,2,1:6; 2:292,0,0,0.0,model_dynamic,True,mckenzie2003,3.303051944547052,3.2948389053344727,3.2840006351470947,3.3165154457092285,4.009801864624023,5.312046979865772,5.32,5.32,0.6221548002960758,0.6193306213034723,0,0.0,0,0.0,0,0.0,0,0.0,295,972.508552312851,0,0.0,0,0.0,3,11.80092716217041,0,0.0,0,0.0,0,0.0,0,0.0,0,0.0,0,0.0,8.0,9.0,9.0,0.0125,0.0125000000000001,0.025,0.0159997768837968
dynamic,model_dynamic/summary_timeseries.csv,20,2.6,298,119200.0,1163.7031659858576,13.659827513345038,1164 ± 13.66,1139.210385799408,1205.6749896925476,2.3835863674539626,2.1774468653755914,2.384 ± 2.177,0.0480710199176861,11.546762002666002,0.3013286567966111,0.1515634317840721,0.3013 ± 0.1516,0.0348698602095422,0.9254430639280664,525.0503355704698,12.697334308629925,525.1 ± 12.7,398.0,528.0,90.3987574481324,0.725089787659295,90.4 ± 0.7251,86.2918930053711,90.6488800048828,66.46460389313961,2,2,1,2,1:7; 2:291,0,0,0.0,model_dynamic,True,mckenzie2003,3.3353594557550927,3.3165154457092285,3.2948389053344727,3.5414204597473145,3.655659914016724,5.250503355704699,5.28,5.28,0.635910420780327,0.6281279253237175,0,0.0,0,0.0,0,0.0,0,0.0,267,884.1873550415039,0,0.0,28,99.31970810890198,3,10.430054664611816,0,0.0,0,0.0,0,0.0,0,0.0,0,0.0,0,0.0,8.0,9.0,9.0,0.0125,0.0125000000000001,0.025,0.0157999855536662
dynamic,model_dynamic/summary_timeseries.csv,20,2.5,298,119200.0,1163.709578605666,13.656831644138885,1164 ± 13.66,1139.210385799408,1205.647574220487,2.389542409897362,2.182147998067472,2.39 ± 2.182,0.0434158361978818,11.567025362706245,0.3009752700792497,0.1513596182774733,0.301 ± 0.1514,0.034718600016436,0.9234716380735458,523.7818791946308,12.159016615632682,523.8 ± 12.16,386.0,525.0,89.70809252950168,0.3211473219297429,89.71 ± 0.3211,85.55294799804688,89.74279022216797,66.4371884210791,2,2,1,2,1:5; 2:293,0,0,0.0,model_dynamic,True,mckenzie2003,3.295506722175035,3.2948389053344727,3.2948389053344727,3.2948389053344727,3.632812023162842,5.237818791946308,5.25,5.25,0.6296667815499168,0.627588362920852,0,0.0,0,0.0,0,0.0,0,0.0,295,971.8365795612336,0,0.0,0,0.0,3,10.22442364692688,0,0.0,0,0.0,0,0.0,0,0.0,0,0.0,0,0.0,8.0,9.0,9.0,0.0125,0.0125000000000001,0.025,0.0192929128210878
dynamic,model_dynamic/summary_timeseries.csv,20,2.4,298,119200.0,1163.715399361574,13.654526162568958,1164 ± 13.65,1139.210385799408,1205.6201155490105,2.3947047653787528,2.18710084572862,2.395 ± 2.187,0.0406093643773444,11.586760674490291,0.3006401862909114,0.1511747409990778,0.3006 ± 0.1512,0.034571382198364,0.9215345622717966,529.1241610738255,14.793251458882631,529.1 ± 14.79,380.0,535.0,90.03006974802722,0.8409876106254461,90.03 ± 0.841,86.37547302246094,90.53460693359376,66.40972974960255,2,2,1,2,1:5; 2:293,0,0,0.0,model_dynamic,True,mckenzie2003,3.346870419163032,3.2840006351470947,3.262324094772339,3.5985403060913086,3.689931631088257,5.291241610738256,5.34,5.3500000000000005,0.6334452646739402,0.6138318944200176,0,0.0,0,0.0,0,0.0,0,0.0,227,742.6935470104218,0,0.0,68,244.70074081420896,3,9.97309708595276,0,0.0,0,0.0,0,0.0,0,0.0,0,0.0,0,0.0,8.0,9.0,9.0,0.0125,0.0125000000000001,0.025,0.0180621430658263
dynamic,model_dynamic/summary_timeseries.csv,20,2.3,298,119200.0,1163.7212805851982,13.652228723128646,1164 ± 13.65,1139.210385799408,1205.5930727709083,2.40000311435071,2.191896746832899,2.4 ± 2.192,0.0440445396675185,11.605982745947008,0.3003050903403567,0.1509923608426218,0.3003 ± 0.151,0.0344257529624931,0.91957582070257,530.6812080536913,12.257680069583204,530.7 ± 12.26,392.0,532.0,89.99285007963245,0.3761548084432855,89.99 ± 0.3762,85.44373321533203,90.04061889648438,66.38268697150056,2,2,1,2,1:5; 2:293,0,0,0.0,model_dynamic,True,mckenzie2003,3.289046189929015,3.2840006351470947,3.262324094772339,3.3165154457092285,3.781323194503784,5.306812080536914,5.32,5.32,0.6202757717157806,0.6172933524712584,0,0.0,0,0.0,0,0.0,0,0.0,293,962.645716905594,0,0.0,2,7.174232482910156,3,10.315815210342407,0,0.0,0,0.0,0,0.0,0,0.0,0,0.0,0,0.0,8.0,9.0,9.0,0.0124999999999999,0.0124999999999999,0.025,0.0170444084997406
dynamic,model_dynamic/summary_timeseries.csv,20,2.2,298,119200.0,1163.7271608794454,13.650038223901085,1164 ± 13.65,1139.210385799408,1205.5660523886693,2.405241266981277,2.196757341638061,2.405 ± 2.197,0.0418930118882545,11.6251601176542,0.2999724423374386,0.1508153797549728,0.3 ± 0.1508,0.034280200457584,0.9176276249626648,526.6442953020135,13.80670677678712,526.6 ± 13.81,384.0,529.0,92.72261016640888,0.1964680518081795,92.72 ± 0.1965,90.80626678466795,92.78736114501952,66.35566658926132,2,2,1,2,1:5; 2:293,0,0,0.0,model_dynamic,True,mckenzie2003,3.296082570248802,3.2948389053344727,3.262324094772339,3.3165154457092285,3.5414204597473145,5.266442953020134,5.28,5.29,0.6263825510994239,0.6240225199497107,0,0.0,0,0.0,0,0.0,0,0.0,294,969.083654165268,0,0.0,1,3.5414204597473145,3,9.607531309127808,0,0.0,0,0.0,0,0.0,0,0.0,0,0.0,0,0.0,8.0,9.0,9.0,0.0125,0.0125000000000001,0.025,0.0155345608515922
dynamic,model_dynamic/summary_timeseries.csv,20,2.1,298,119200.0,1163.7338260237111,13.64752360400814,1164 ± 13.65,1139.210385799408,1205.538547540939,2.4118633483876883,2.200798569359616,2.412 ± 2.201,0.0532489040857795,11.644619520757464,0.2996177747779277,0.1506262132449125,0.2996 ± 0.1506,0.034014660815904,0.915574272599474,527.0671140939597,8.99266250450157,527.1 ± 8.993,422.0,528.0,88.60862140527507,0.4154559109676233,88.61 ± 0.4155,84.29508209228516,88.65716552734375,66.32816174153072,2,2,1,2,1:4; 2:294,0,0,0.0,model_dynamic,True,mckenzie2003,3.303825364816909,3.2948389053344727,3.2840006351470947,3.3165154457092285,3.952682256698608,5.270671140939597,5.28,5.28,0.6272121312600994,0.6240225199497107,0,0.0,0,0.0,0,0.0,0,0.0,294,969.7231121063232,0,0.0,1,3.5985403060913086,3,11.218306303024292,0,0.0,0,0.0,0,0.0,0,0.0,0,0.0,0,0.0,8.0,9.0,9.0,0.0125,0.0125000000000001,0.025,0.0158167759776478
dynamic,model_dynamic/summary_timeseries.csv,20,2.0,298,119200.0,1163.7392972179675,13.645481274675456,1164 ± 13.65,1139.210385799408,1205.5104967088312,2.4163103355355635,2.205909575614681,2.416 ± 2.206,0.0392448970663132,11.662918069563712,0.2992981083672528,0.1504615798815127,0.2993 ± 0.1505,0.0336633039429872,0.9136718543215232,527.5704697986578,14.118746181549575,527.6 ± 14.12,374.0,529.0,87.47034144561563,0.1855882547538689,87.47 ± 0.1856,84.8940658569336,87.49568939208984,66.30011090942321,2,2,1,2,1:4; 2:294,0,0,0.0,model_dynamic,True,mckenzie2003,3.307609134872488,3.3165154457092285,3.2840006351470947,3.3165154457092285,3.3165154457092285,5.275704697986576,5.29,5.29,0.6274660277299817,0.626940537941253,0,0.0,0,0.0,0,0.0,0,0.0,295,976.1285345554352,0,0.0,0,0.0,3,9.538987636566162,0,0.0,0,0.0,0,0.0,0,0.0,0,0.0,0,0.0,8.0,9.0,9.0,0.0125,0.0125000000000001,0.025,0.023414927696974
dynamic,model_dynamic/summary_timeseries.csv,20,1.9,298,119200.0,1163.7444999548115,13.643504971731865,1164 ± 13.64,1139.210385799408,1205.483683453169,2.4202999985129137,2.2110093948040763,2.42 ± 2.211,0.033766249259203,11.68068325447599,0.2989945368367676,0.1503070178629967,0.299 ± 0.1503,0.0333071855016792,0.9118227241612256,537.3087248322148,16.939845933571586,537.3 ± 16.94,349.0,539.0,89.59132764163434,0.1558197173580148,89.59 ± 0.1558,86.97400665283203,90.20002746582033,66.27329765376112,2,2,1,2,1:5; 2:293,0,0,0.0,model_dynamic,True,mckenzie2003,3.321311828274055,3.3273537158966064,3.3165154457092285,3.3273537158966064,3.3273537158966064,5.373087248322147,5.39,5.39,0.6186832673794855,0.617319798867645,0,0.0,0,0.0,0,0.0,0,0.0,295,980.8973734378816,0,0.0,0,0.0,3,8.853551387786865,0,0.0,0,0.0,0,0.0,0,0.0,0,0.0,0,0.0,8.0,9.0,9.0,0.0124999999999999,0.0124999999999999,0.025,0.0228550874736016
dynamic,model_dynamic/summary_timeseries.csv,20,1.8,298,119200.0,1163.7504078395552,13.641327317307208,1164 ± 13.64,1139.210385799408,1205.457426098565,2.425452006859268,2.2154180135817545,2.425 ± 2.215,0.0423492094194803,11.698602162626308,0.2986784948890109,0.1501460065218842,0.2987 ± 0.1501,0.0329554580368754,0.909892658821471,540.6476510067114,13.53915566396106,540.6 ± 13.54,389.0,542.0,89.65879870421135,0.2854443276018407,89.66 ± 0.2854,85.66407775878906,89.68750762939453,66.2470402991571,2,2,1,2,1:5; 2:293,0,0,0.0,model_dynamic,True,mckenzie2003,3.3163998391004217,3.3165154457092285,3.2948389053344727,3.3273537158966064,3.655659914016724,5.406476510067114,5.42,5.42,0.6139381921428577,0.6119032187655403,0,0.0,0,0.0,0,0.0,0,0.0,295,978.1769676208496,0,0.0,0,0.0,3,10.11018443107605,0,0.0,0,0.0,0,0.0,0,0.0,0,0.0,0,0.0,8.0,9.0,9.0,0.0125,0.0125000000000001,0.025,0.0228153836995736
dynamic,model_dynamic/summary_timeseries.csv,20,1.7,298,119200.0,1163.7562008932573,13.639221537393926,1164 ± 13.64,1139.210385799408,1205.431284982091,2.430452231598317,2.2198930571829294,2.43 ± 2.22,0.0420935825409474,11.71624918591698,0.2983679419565305,0.1499905476605384,0.2984 ± 0.15,0.0326002099285912,0.9079615490818634,537.5268456375838,14.614083172157926,537.5 ± 14.61,388.0,539.0,89.68032370957752,0.1785910064653016,89.68 ± 0.1786,87.55229187011719,89.7009048461914,66.22089918268307,2,2,1,2,1:5; 2:293,0,0,0.0,model_dynamic,True,mckenzie2003,3.325124739800524,3.3273537158966064,3.3165154457092285,3.3273537158966064,3.3273537158966064,5.375268456375839,5.39,5.39,0.6191487518972507,0.617319798867645,0,0.0,0,0.0,0,0.0,0,0.0,295,981.2225215435028,0,0.0,0,0.0,3,9.664650917053224,0,0.0,0,0.0,0,0.0,0,0.0,0,0.0,0,0.0,8.0,9.0,9.0,0.0124999999999999,0.0124999999999999,0.025,0.0228003513451669
dynamic,model_dynamic/summary_timeseries.csv,20,1.6,298,119200.0,1163.7620386186206,13.637064831918574,1164 ± 13.64,1139.210385799408,1205.405255829757,2.43549337780664,2.2242425022998416,2.435 ± 2.224,0.0426139506038915,11.733628586833616,0.2980573375650677,0.1498355418569124,0.2981 ± 0.1498,0.0322397938219313,0.9060293330592136,537.996644295302,12.979978987311885,538 ± 12.98,393.0,540.0,88.66246485870157,0.2779044035113999,88.66 ± 0.2779,84.73735809326172,88.72322845458984,66.19487003034897,2,2,1,2,1:4; 2:294,0,0,0.0,model_dynamic,True,mckenzie2003,3.327593947416984,3.3273537158966064,3.3273537158966064,3.3273537158966064,3.667083740234375,5.3799664429530205,5.39,5.4,0.6189847098156199,0.617319798867645,0,0.0,0,0.0,0,0.0,0,0.0,295,981.5585079193116,0,0.0,0,0.0,3,10.064488410949709,0,0.0,0,0.0,0,0.0,0,0.0,0,0.0,0,0.0,8.0,9.0,9.0,0.0125,0.0125000000000001,0.025,0.0230520858370721
dynamic,model_dynamic/summary_timeseries.csv,20,1.5,298,119200.0,1163.767551952298,13.635113795370266,1164 ± 13.64,1139.210385799408,1205.3791688691892,2.4399712006919354,2.228868228939901,2.44 ± 2.229,0.0393234208598124,11.750533715493512,0.2977600099749247,0.1496912135141912,0.2978 ± 0.1497,0.0318691948654474,0.9041393336782249,534.4765100671141,15.113256500455368,534.5 ± 15.11,379.0,536.0,88.09525557652415,0.1055987329052707,88.1 ± 0.1056,86.82103729248047,88.10924530029297,66.16878306978128,2,2,1,2,1:4; 2:294,0,0,0.0,model_dynamic,True,mckenzie2003,3.324793501988353,3.3273537158966064,3.3273537158966064,3.3273537158966064,3.3273537158966064,5.344765100671141,5.36,5.36,0.6225677231674441,0.6207749469956355,0,0.0,0,0.0,0,0.0,0,0.0,295,981.5693461894988,0,0.0,0,0.0,3,9.219117403030396,0,0.0,0,0.0,0,0.0,0,0.0,0,0.0,0,0.0,8.0,9.0,9.0,0.0125,0.0125000000000001,0.025,0.0231827531821606
dynamic,model_dynamic/summary_timeseries.csv,20,1.4,298,119200.0,1163.772985114011,13.633140716710964,1164 ± 13.63,1139.210385799408,1205.3531832089368,2.444270337954117,2.23340404308148,2.444 ± 2.233,0.0376713211672432,11.767059917606446,0.2974666772968161,0.149548958270802,0.2975 ± 0.1495,0.0314880237297289,0.9022767966149584,536.261744966443,15.68198897344166,536.3 ± 15.68,367.0,538.0,87.63011187354991,0.2999792116481022,87.63 ± 0.3,83.93932342529297,87.666259765625,66.14279740952884,2,2,1,2,1:6; 2:292,0,0,0.0,model_dynamic,True,mckenzie2003,3.3083402430451154,3.2948389053344727,3.2840006351470947,3.3273537158966064,4.066921710968018,5.36261744966443,5.38,5.38,0.6175372943122939,0.6124235883521325,0,0.0,0,0.0,0,0.0,0,0.0,294,972.5193858146667,0,0.0,0,0.0,4,13.36600661277771,0,0.0,0,0.0,0,0.0,0,0.0,0,0.0,0,0.0,8.0,9.0,9.0,0.0124999999999999,0.0124999999999999,0.025,0.0232907270452635
dynamic,model_dynamic/summary_timeseries.csv,20,1.3,298,119200.0,1163.7781248426306,13.631371709478408,1164 ± 13.63,1139.210385799408,1205.3273534672312,2.448165610274974,2.2380812503005902,2.448 ± 2.238,0.0359940599500749,11.78323692559328,0.297187882593646,0.1494171854277082,0.2972 ± 0.1494,0.0310954010484281,0.9004398249320886,534.0604026845638,17.41719746753421,534.1 ± 17.42,361.0,536.0,90.4664987653694,0.2254877791516117,90.47 ± 0.2255,86.64583587646484,90.48641967773438,66.11696766782325,2,2,1,2,1:4; 2:294,0,0,0.0,model_dynamic,True,mckenzie2003,3.323501668520422,3.3273537158966064,3.3165154457092285,3.3273537158966064,4.066921710968018,5.340604026845638,5.36,5.36,0.6229311742108123,0.6207749469956355,0,0.0,0,0.0,0,0.0,0,0.0,294,977.7000789642334,0,0.0,0,0.0,4,12.703418254852297,0,0.0,0,0.0,0,0.0,0,0.0,0,0.0,0,0.0,8.0,9.0,9.0,0.0125,0.0125000000000001,0.025,0.0225291428131565
dynamic,model_dynamic/summary_timeseries.csv,20,1.2,298,119200.0,1163.7841616603523,13.629223680132531,1164 ± 13.63,1139.210385799408,1205.3021631308732,2.453559473427376,2.241992475086636,2.454 ± 2.242,0.0461116632920049,11.799687741686256,0.2968811572879767,0.1492692142987979,0.2969 ± 0.1493,0.0307035755062602,0.8984945675884022,542.5939597315436,12.5039415433368,542.6 ± 12.5,408.0,544.0,90.74522568875511,0.4030017891588682,90.75 ± 0.403,86.45805358886719,90.79800415039062,66.09177733146521,2,2,1,2,1:4; 2:294,0,0,0.0,model_dynamic,True,mckenzie2003,3.3322539689556865,3.3273537158966064,3.2948389053344727,3.3490302562713623,4.066921710968018,5.425939597315436,5.44,5.44,0.6146728679135379,0.6116459036574644,0,0.0,0,0.0,0,0.0,0,0.0,294,978.4804344177246,0,0.0,0,0.0,4,14.531248331069946,0,0.0,0,0.0,0,0.0,0,0.0,0,0.0,0,0.0,8.0,9.0,9.0,0.0124999999999999,0.0124999999999999,0.025,0.0224296839113215
dynamic,model_dynamic/summary_timeseries.csv,20,1.1,298,119200.0,1163.7900865439165,13.627168181893651,1164 ± 13.63,1139.210385799408,1205.2770542939609,2.4588254098372277,2.2459909618695155,2.459 ± 2.246,0.047667954183859,11.815938418523627,0.2965793444262609,0.1491256134029168,0.2966 ± 0.1491,0.0303022599777787,0.8965336817794264,541.5302013422819,12.97005174397313,541.5 ± 12.97,412.0,543.0,90.4650328975396,0.3913625551808703,90.47 ± 0.3914,86.79248809814453,90.51238250732422,66.06666849455291,2,2,1,2,1:4; 2:294,0,0,0.0,model_dynamic,True,mckenzie2003,3.297745695850193,3.2948389053344727,3.2840006351470947,3.3165154457092285,4.066921710968018,5.415302013422819,5.43,5.43,0.6095490394257432,0.606784328790879,0,0.0,0,0.0,0,0.0,0,0.0,294,968.368328332901,0,0.0,0,0.0,4,14.359889030456545,0,0.0,0,0.0,0,0.0,0,0.0,0,0.0,0,0.0,8.0,9.0,9.0,0.0125,0.0125000000000001,0.025,0.0224787196335355
dynamic,model_dynamic/summary_timeseries.csv,20,1.0,298,119200.0,1163.7959467823753,13.625114762084618,1164 ± 13.63,1139.210385799408,1205.251862336423,2.463935533430645,2.2499748584836565,2.464 ± 2.25,0.0467165991350793,11.83188326784308,0.2962803163604622,0.1489837800665173,0.2963 ± 0.149,0.0298882520343424,0.8945833679947629,545.6006711409397,12.504157679792488,545.6 ± 12.5,409.0,547.0,89.85013731374036,0.3991820556037973,89.85 ± 0.3992,85.88780975341797,89.89881134033203,66.04147653701511,2,2,1,2,1:7; 2:291,0,0,0.0,model_dynamic,True,mckenzie2003,3.3124922537963664,3.3165154457092285,3.2948389053344727,3.3165154457092285,4.066921710968018,5.456006711409396,5.47,5.47,0.6076781311909598,0.606309953511742,0,0.0,0,0.0,0,0.0,0,0.0,294,972.4543561935424,0,0.0,0,0.0,4,14.668335437774658,0,0.0,0,0.0,0,0.0,0,0.0,0,0.0,0,0.0,8.0,9.0,9.0,0.0124999999999999,0.0124999999999999,0.025,0.0225891090779137
dynamic,model_dynamic/summary_timeseries.csv,20,0.9,298,119200.0,1163.8016542353266,13.623166047391576,1164 ± 13.62,1139.210385799408,1205.2266469064944,2.4687383501646223,2.2540841501652165,2.469 ± 2.254,0.0446946878466445,11.847482500069344,0.29598747313811,0.14884577581403,0.296 ± 0.1488,0.0294593659005092,0.8926529975593076,544.6543624161073,12.24791439975894,544.7 ± 12.25,406.0,546.0,91.0494748825995,0.3609266501173551,91.05 ± 0.3609,87.34236907958984,91.09213256835938,66.0162611070864,2,2,1,2,1:4; 2:294,0,0,0.0,model_dynamic,True,mckenzie2003,3.320903558059027,3.3165154457092285,3.2948389053344727,3.3490302562713623,4.066921710968018,5.446543624161074,5.46,5.46,0.610243615971605,0.6074204113020565,0,0.0,0,0.0,0,0.0,0,0.0,294,974.90380525589,0,0.0,0,0.0,4,14.725455045700071,0,0.0,0,0.0,0,0.0,0,0.0,0,0.0,0,0.0,8.0,9.0,9.0,0.0124999999999999,0.0124999999999999,0.025,0.0222677444717951
dynamic,model_dynamic/summary_timeseries.csv,20,0.8,298,119200.0,1163.8075738244022,13.621142763248208,1164 ± 13.62,1139.210385799408,1205.201658129125,2.4739920739315413,2.2579082932128545,2.474 ± 2.258,0.0494754578730256,11.86304053967401,0.2956903932175386,0.1487065922673774,0.2957 ± 0.1487,0.0290235918300494,0.8906770607411354,545.5604026845638,11.180852033134078,545.6 ± 11.18,423.0,547.0,88.3105281599416,0.4199566017633105,88.31 ± 0.42,84.37751007080078,88.37081146240234,65.99127232971705,2,2,1,2,1:4; 2:294,0,0,0.0,model_dynamic,True,mckenzie2003,3.353919664485342,3.3490302562713623,3.3490302562713623,3.3490302562713623,4.101193428039551,5.455604026845637,5.47,5.47,0.6152624944795999,0.6122541601958615,0,0.0,0,0.0,0,0.0,0,0.0,294,984.3656151294708,0,0.0,0,0.0,4,15.102444887161257,0,0.0,0,0.0,0,0.0,0,0.0,0,0.0,0,0.0,8.0,9.0,9.0,0.0125,0.0125000000000001,0.025,0.0229354026231987
dynamic,model_dynamic/summary_timeseries.csv,20,0.7,298,119200.0,1163.8128310491472,13.619390330437072,1164 ± 13.62,1139.210385799408,1205.1762820667616,2.4779809883328645,2.2622977350400246,2.478 ± 2.262,0.040211493008191,11.877900126949784,0.295413888157456,0.148580688614021,0.2954 ± 0.1486,0.0285614952406981,0.8887998401891338,542.6140939597316,13.377911877139638,542.6 ± 13.38,389.0,545.0,89.98436278784835,0.3264531367504105,89.98 ± 0.3265,86.10771179199219,90.05976104736328,65.96589626735363,2,2,1,2,1:4; 2:294,0,0,0.0,model_dynamic,True,mckenzie2003,3.31363153937679,3.3165154457092285,3.2948389053344727,3.3273537158966064,4.044073581695557,5.426140939597315,5.44,5.45,0.6112164605450506,0.6096535745789022,0,0.0,0,0.0,0,0.0,0,0.0,294,973.1480054855348,0,0.0,0,0.0,4,14.31419324874878,0,0.0,0,0.0,0,0.0,0,0.0,0,0.0,0,0.0,8.0,9.0,9.0,0.0124999999999999,0.0124999999999999,0.025,0.0224928230081695
dynamic,model_dynamic/summary_timeseries.csv,20,0.6,298,119200.0,1163.8185839558366,13.617339260187885,1164 ± 13.62,1139.210385799408,1205.1513654269256,2.482825406561523,2.2661767355857534,2.483 ± 2.266,0.0463607881423657,11.89279328470466,0.2951256021908882,0.1484380366055787,0.2951 ± 0.1484,0.0280948689337355,0.8868656581783421,541.2315436241611,11.972146574043387,541.2 ± 11.97,406.0,543.0,90.73063247475848,0.3943892239122321,90.73 ± 0.3944,86.86044311523438,90.79683685302734,65.94097962751766,2,2,1,2,1:5; 2:293,0,0,0.0,model_dynamic,True,mckenzie2003,3.3203108174688865,3.3165154457092285,3.2948389053344727,3.3490302562713623,4.066921710968018,5.412315436241612,5.43,5.43,0.6140048979324072,0.6119032187655403,0,0.0,0,0.0,0,0.0,0,0.0,294,974.5786571502686,0,0.0,0,0.0,4,14.873966455459597,0,0.0,0,0.0,0,0.0,0,0.0,0,0.0,0,0.0,8.0,9.0,9.0,0.0124999999999999,0.0124999999999999,0.025,0.0222510274557512
dynamic,model_dynamic/summary_timeseries.csv,20,0.5,298,119200.0,1163.8244171580038,13.615268907523166,1164 ± 13.62,1139.210385799408,1205.1266771881171,2.4878662446631044,2.2700155606019887,2.488 ± 2.27,0.0487679528589667,11.90757891476317,0.2948357904698714,0.148290704405786,0.2948 ± 0.1483,0.0276193110738178,0.8849017767242274,551.6946308724832,11.655170153485445,551.7 ± 11.66,423.0,553.0,89.81843600177125,0.4274897023520413,89.82 ± 0.4275,85.76838684082031,89.87264251708984,65.91629138870917,2,2,1,2,1:5; 2:293,0,0,0.0,model_dynamic,True,mckenzie2003,3.3298574542039194,3.3165154457092285,3.3165154457092285,3.35986852645874,4.112617492675781,5.516946308724832,5.53,5.53,0.6040741410431418,0.5997315453362076,0,0.0,0,0.0,0,0.0,0,0.0,294,977.3207395076752,0,0.0,0,0.0,4,14.976781845092772,0,0.0,0,0.0,0,0.0,0,0.0,0,0.0,0,0.0,8.0,9.0,9.0,0.0124999999999999,0.0124999999999999,0.025,0.0224541196967269
dynamic,model_dynamic/summary_timeseries.csv,20,0.4,298,119200.0,1163.830044057811,13.613277738663118,1164 ± 13.61,1139.210385799408,1205.1017863395664,2.492479406026264,2.273981824935558,2.492 ± 2.274,0.0456741631578896,11.9220001804553,0.2945494755440054,0.1481487607997378,0.2945 ± 0.1481,0.0271262963338413,0.8829692221042043,544.7818791946308,11.691622387526898,544.8 ± 11.69,412.0,547.0,83.52797873068175,0.3653203435279939,83.53 ± 0.3653,79.8790054321289,83.61614227294922,65.89140054015843,2,2,1,2,1:4; 2:294,0,0,0.0,model_dynamic,True,mckenzie2003,3.334745790334356,3.3490302562713623,3.2948389053344727,3.3490302562713623,4.066921710968018,5.447818791946308,5.46,5.47,0.6126081644897577,0.6133755048116049,0,0.0,0,0.0,0,0.0,0,0.0,294,978.9031269550323,0,0.0,0,0.0,4,14.851118564605711,0,0.0,0,0.0,0,0.0,0,0.0,0,0.0,0,0.0,8.0,9.0,9.0,0.0125,0.0125,0.025,0.024119090045867
dynamic,model_dynamic/summary_timeseries.csv,20,0.3,298,119200.0,1163.8339814850635,13.61208205099206,1164 ± 13.61,1139.210385799408,1205.07647928671,2.4942341019785816,2.279174083878784,2.494 ± 2.279,0.0247834760804739,11.93515887190622,0.2943247699111815,0.1480440691063821,0.2943 ± 0.148,0.0265848667778349,0.8813016795625659,533.1006711409397,21.88752363390472,533.1 ± 21.89,293.0,536.0,81.60207041798022,0.4767051159163681,81.6 ± 0.4767,78.02831268310547,84.56248474121094,65.86609348730212,2,2,1,2,1:5; 2:293,0,0,0.0,model_dynamic,True,mckenzie2003,3.285068875991258,3.2840006351470947,3.262324094772339,3.3273537158966064,4.044073581695557,5.331006711409396,5.36,5.36,0.6169170217889655,0.6126866856617713,0,0.0,0,0.0,0,0.0,0,0.0,282,924.9609990119934,0,0.0,12,42.49704551696777,4,11.492480516433716,0,0.0,0,0.0,0,0.0,0,0.0,0,0.0,0,0.0,8.0,9.0,9.0,0.0124999999999999,0.0124999999999999,0.025,0.0246200595233915
dynamic,model_dynamic/summary_timeseries.csv,20,0.2,298,119200.0,1163.8374750883847,13.61120584843568,1164 ± 13.61,1139.210385799408,1205.0515706049175,2.495334930416387,2.284522174856161,2.495 ± 2.285,0.0177741756850726,11.947764377411447,0.2941114807830545,0.1479518269042819,0.2941 ± 0.148,0.0260277163111585,0.8797438588746582,534.0201342281879,30.85590450683634,534 ± 30.86,232.0,539.0,83.63341220113254,0.6858824261246538,83.63 ± 0.6859,81.77999114990234,87.88555908203125,65.84118480550978,2,2,1,2,1:6; 2:292,0,0,0.0,model_dynamic,True,mckenzie2003,3.2908853008443075,3.2840006351470947,3.262324094772339,3.5642683506011963,3.5642683506011963,5.34020134228188,5.39,5.39,0.6170376991364636,0.6092765556859174,0,0.0,0,0.0,0,0.0,0,0.0,268,879.7761838436127,0,0.0,26,92.64812922477722,4,8.259506583213806,0,0.0,0,0.0,0,0.0,0,0.0,0,0.0,0,0.0,8.0,9.0,9.0,0.0125,0.0125,0.025,0.0239577647411923
dynamic,model_dynamic/summary_timeseries.csv,20,0.1,298,119200.0,1163.8414030146737,13.610118195220798,1164 ± 13.61,1139.210385799408,1205.0272199519002,2.4973013595680653,2.289327415730661,2.497 ± 2.289,0.0127859196476791,11.960514909875473,0.2938812522934433,0.1478524061235668,0.2939 ± 0.1479,0.0255008065309028,0.8780903630029858,555.4194630872483,31.558859843331685,555.4 ± 31.56,189.0,559.0,84.28331984449554,0.3507970202658599,84.28 ± 0.3508,84.20401000976562,89.02609252929688,65.81683415249222,2,2,1,2,1:8; 2:290,0,0,0.0,model_dynamic,True,mckenzie2003,3.340414039640619,3.35986852645874,3.3273537158966064,3.381545305252075,3.381545305252075,5.554194630872484,5.59,5.59,0.6020379953162414,0.6010498258423507,0,0.0,0,0.0,0,0.0,0,0.0,294,986.9668221473694,0,0.0,0,0.0,4,8.476561665534973,0,0.0,0,0.0,0,0.0,0,0.0,0,0.0,0,0.0,8.0,9.0,9.0,0.0125,0.0125,0.025,0.0238011587234455
dynamic,model_dynamic/summary_timeseries.csv,20,0.0,298,119200.0,1163.8455025199175,13.609062264942738,1164 ± 13.61,1139.210385799408,1205.0032204617112,2.4996032969955184,2.293954096754127,2.5 ± 2.294,0.0126120337022173,11.973138022000072,0.2936514528317875,0.1477607450254361,0.2937 ± 0.1478,0.0249927270178167,0.8764429726472516,611.2348993288591,33.25574871064101,611.2 ± 33.26,207.0,615.0,93.34519623109958,0.2830980395882952,93.35 ± 0.2831,92.93589782714844,97.44450378417967,65.79283466230322,1,1,1,1,1:298,0,0,0.0,model_dynamic,True,mckenzie2003,3.467422243732734,3.479089736938477,3.4465749263763428,3.5007662773132324,3.5007662773132324,6.11234899328859,6.15,6.15,0.5678736001358076,0.5657056482826791,0,0.0,0,0.0,0,0.0,0,0.0,294,1023.9470479488372,0,0.0,0,0.0,4,9.344780683517456,0,0.0,0,0.0,0,0.0,0,0.0,0,0.0,0,0.0,,,,,,,
